rate_type,item_code,description,specification,unit,material_rate_usd,labor_rate_usd,expense_rate_usd,total_rate_usd,source_price_candidates,source_pages,source_note,material_formula,labor_formula,expense_formula,total_formula,source_sheet,source_row,source_file,source_sha256
복합일위대가,44822B4F067B863B02B72E9E748F6,a mold for concrete,,M2,5.0,15.0,0.0,20.0,,,,=일위대가!F6,=일위대가!H6,=일위대가!J6,=E4+F4+G4,일위대가목록,4,data/unpacked/L2025-00085-1/붙임2. 현지입찰(신규입찰) 서류 및 계약서류(안)/IKHCC Section 4 - IKHCC BLANK BOQ 250903_최종/1 Architectural & summery/BILL No1 -Architectural Works-01. HOSPITAL(BLANK BILL).xlsx,47d79c95e2c3273f84778935276c94526e369cc1b1bc057f6b03c998f44e253f
복합일위대가,44822B4F947183A3D2A5CC3AF9726,"PVC water stop, 300 mm wid",,M,1.5,0.25,0.0,1.75,,,,=일위대가!F10,=일위대가!H10,=일위대가!J10,=E5+F5+G5,일위대가목록,5,data/unpacked/L2025-00085-1/붙임2. 현지입찰(신규입찰) 서류 및 계약서류(안)/IKHCC Section 4 - IKHCC BLANK BOQ 250903_최종/1 Architectural & summery/BILL No1 -Architectural Works-01. HOSPITAL(BLANK BILL).xlsx,47d79c95e2c3273f84778935276c94526e369cc1b1bc057f6b03c998f44e253f
복합일위대가,4482294B6B783411C23D19F244E22,"Concrete Curbs, 200mm thick",,M,7.94,9.51,0.22,17.669999999999998,,,,=일위대가!F16,=일위대가!H16,=일위대가!J16,=E6+F6+G6,일위대가목록,6,data/unpacked/L2025-00085-1/붙임2. 현지입찰(신규입찰) 서류 및 계약서류(안)/IKHCC Section 4 - IKHCC BLANK BOQ 250903_최종/1 Architectural & summery/BILL No1 -Architectural Works-01. HOSPITAL(BLANK BILL).xlsx,47d79c95e2c3273f84778935276c94526e369cc1b1bc057f6b03c998f44e253f
복합일위대가,4482294B6B783411C23D2A6157EE3,"Concrete Curbs, 100mm thick",,M,6.94,6.51,0.22,13.67,,,,=일위대가!F22,=일위대가!H22,=일위대가!J22,=E7+F7+G7,일위대가목록,7,data/unpacked/L2025-00085-1/붙임2. 현지입찰(신규입찰) 서류 및 계약서류(안)/IKHCC Section 4 - IKHCC BLANK BOQ 250903_최종/1 Architectural & summery/BILL No1 -Architectural Works-01. HOSPITAL(BLANK BILL).xlsx,47d79c95e2c3273f84778935276c94526e369cc1b1bc057f6b03c998f44e253f
복합일위대가,4482224D7C7851A6F27977E396BAC,Supply & Fixing of Limestone(thickness: 50mm) cladding with pattern including fixing accessories,,M2,20.0,10.0,5.0,35.0,,,,=일위대가!F26,=일위대가!H26,=일위대가!J26,=E8+F8+G8,일위대가목록,8,data/unpacked/L2025-00085-1/붙임2. 현지입찰(신규입찰) 서류 및 계약서류(안)/IKHCC Section 4 - IKHCC BLANK BOQ 250903_최종/1 Architectural & summery/BILL No1 -Architectural Works-01. HOSPITAL(BLANK BILL).xlsx,47d79c95e2c3273f84778935276c94526e369cc1b1bc057f6b03c998f44e253f
복합일위대가,4482224D7C7851A6F27977E3968D8,Supply & Fixing of GRANITE(thickness: 30mm) cladding with pattern including fixing accessories,,M2,60.0,5.0,2.0,67.0,,,,=일위대가!F30,=일위대가!H30,=일위대가!J30,=E9+F9+G9,일위대가목록,9,data/unpacked/L2025-00085-1/붙임2. 현지입찰(신규입찰) 서류 및 계약서류(안)/IKHCC Section 4 - IKHCC BLANK BOQ 250903_최종/1 Architectural & summery/BILL No1 -Architectural Works-01. HOSPITAL(BLANK BILL).xlsx,47d79c95e2c3273f84778935276c94526e369cc1b1bc057f6b03c998f44e253f
복합일위대가,4482224D7C7851A6F27977E3969FE,Supply & Fixing of Marble(thickness: 30mm) cladding with pattern including fixing accessories;,,M2,65.26,27.74,0.0,93.0,,,,=일위대가!F35,=일위대가!H35,=일위대가!J35,=E10+F10+G10,일위대가목록,10,data/unpacked/L2025-00085-1/붙임2. 현지입찰(신규입찰) 서류 및 계약서류(안)/IKHCC Section 4 - IKHCC BLANK BOQ 250903_최종/1 Architectural & summery/BILL No1 -Architectural Works-01. HOSPITAL(BLANK BILL).xlsx,47d79c95e2c3273f84778935276c94526e369cc1b1bc057f6b03c998f44e253f
복합일위대가,4482224D7C7A0028821FB2B683454,GRANITE,"Floor, 30mm",M2,60.0,5.0,2.0,67.0,,,,=일위대가!F39,=일위대가!H39,=일위대가!J39,=E11+F11+G11,일위대가목록,11,data/unpacked/L2025-00085-1/붙임2. 현지입찰(신규입찰) 서류 및 계약서류(안)/IKHCC Section 4 - IKHCC BLANK BOQ 250903_최종/1 Architectural & summery/BILL No1 -Architectural Works-01. HOSPITAL(BLANK BILL).xlsx,47d79c95e2c3273f84778935276c94526e369cc1b1bc057f6b03c998f44e253f
복합일위대가,4482204849760A9E127F495A4C95F,"Supply & Fixing of LLimestone Capping 675*30mm, PLYWOOD 1PLY",,M,47.44,34.64,0.68,82.76,,,,=일위대가!F46,=일위대가!H46,=일위대가!J46,=E12+F12+G12,일위대가목록,12,data/unpacked/L2025-00085-1/붙임2. 현지입찰(신규입찰) 서류 및 계약서류(안)/IKHCC Section 4 - IKHCC BLANK BOQ 250903_최종/1 Architectural & summery/BILL No1 -Architectural Works-01. HOSPITAL(BLANK BILL).xlsx,47d79c95e2c3273f84778935276c94526e369cc1b1bc057f6b03c998f44e253f
복합일위대가,4482204849760A9E127F495A4C950,"Supply & Fixing of Mable Capping 340*60mm, Mortar 30mm",,M,31.69,10.61,0.09,42.39,,,,=일위대가!F51,=일위대가!H51,=일위대가!J51,=E13+F13+G13,일위대가목록,13,data/unpacked/L2025-00085-1/붙임2. 현지입찰(신규입찰) 서류 및 계약서류(안)/IKHCC Section 4 - IKHCC BLANK BOQ 250903_최종/1 Architectural & summery/BILL No1 -Architectural Works-01. HOSPITAL(BLANK BILL).xlsx,47d79c95e2c3273f84778935276c94526e369cc1b1bc057f6b03c998f44e253f
복합일위대가,44822048037FF7135292CF3DC6268,Material separator,"GRANITE, 100*30mm, Mortar 30mm",M,6.21,3.62,0.23,10.06,,,,=일위대가!F57,=일위대가!H57,=일위대가!J57,=E14+F14+G14,일위대가목록,14,data/unpacked/L2025-00085-1/붙임2. 현지입찰(신규입찰) 서류 및 계약서류(안)/IKHCC Section 4 - IKHCC BLANK BOQ 250903_최종/1 Architectural & summery/BILL No1 -Architectural Works-01. HOSPITAL(BLANK BILL).xlsx,47d79c95e2c3273f84778935276c94526e369cc1b1bc057f6b03c998f44e253f
복합일위대가,448224420B78C77B626AE4A7825D9,PRECAST UNIT PAVER(T:80+20),,M2,6.4,1.8,0.5,8.700000000000001,,,,=일위대가!F69,=일위대가!H69,=일위대가!J69,=E15+F15+G15,일위대가목록,15,data/unpacked/L2025-00085-1/붙임2. 현지입찰(신규입찰) 서류 및 계약서류(안)/IKHCC Section 4 - IKHCC BLANK BOQ 250903_최종/1 Architectural & summery/BILL No1 -Architectural Works-01. HOSPITAL(BLANK BILL).xlsx,47d79c95e2c3273f84778935276c94526e369cc1b1bc057f6b03c998f44e253f
복합일위대가,4482224D47745562E22E70D7BC09A,THK3 TILE ADHESIVE,,M2,2.0,3.0,0.0,5.0,,,,=일위대가!F73,=일위대가!H73,=일위대가!J73,=E16+F16+G16,일위대가목록,16,data/unpacked/L2025-00085-1/붙임2. 현지입찰(신규입찰) 서류 및 계약서류(안)/IKHCC Section 4 - IKHCC BLANK BOQ 250903_최종/1 Architectural & summery/BILL No1 -Architectural Works-01. HOSPITAL(BLANK BILL).xlsx,47d79c95e2c3273f84778935276c94526e369cc1b1bc057f6b03c998f44e253f
복합일위대가,4482204864700D277296005B1854F,"Size, Thk 9mm Porcelain tiles",,M2,20.0,3.0,0.0,23.0,,,,=일위대가!F77,=일위대가!H77,=일위대가!J77,=E17+F17+G17,일위대가목록,17,data/unpacked/L2025-00085-1/붙임2. 현지입찰(신규입찰) 서류 및 계약서류(안)/IKHCC Section 4 - IKHCC BLANK BOQ 250903_최종/1 Architectural & summery/BILL No1 -Architectural Works-01. HOSPITAL(BLANK BILL).xlsx,47d79c95e2c3273f84778935276c94526e369cc1b1bc057f6b03c998f44e253f
복합일위대가,4482204864700D277296005B0E574,"Size, Thk 9mm Porcelain tiles (Non-Slip)",,M2,25.0,3.0,0.0,28.0,,,,=일위대가!F81,=일위대가!H81,=일위대가!J81,=E18+F18+G18,일위대가목록,18,data/unpacked/L2025-00085-1/붙임2. 현지입찰(신규입찰) 서류 및 계약서류(안)/IKHCC Section 4 - IKHCC BLANK BOQ 250903_최종/1 Architectural & summery/BILL No1 -Architectural Works-01. HOSPITAL(BLANK BILL).xlsx,47d79c95e2c3273f84778935276c94526e369cc1b1bc057f6b03c998f44e253f
복합일위대가,4482204864700D277296005B0ED4A,"Size, Thk 25mm Terrazzo tiles",,M2,9.0,3.0,0.0,12.0,,,,=일위대가!F85,=일위대가!H85,=일위대가!J85,=E19+F19+G19,일위대가목록,19,data/unpacked/L2025-00085-1/붙임2. 현지입찰(신규입찰) 서류 및 계약서류(안)/IKHCC Section 4 - IKHCC BLANK BOQ 250903_최종/1 Architectural & summery/BILL No1 -Architectural Works-01. HOSPITAL(BLANK BILL).xlsx,47d79c95e2c3273f84778935276c94526e369cc1b1bc057f6b03c998f44e253f
복합일위대가,4482204864700D277296005B0ECA3,"Size, ThK 7mm Ceramic tiles(Toilet & Shower, Staff)",,M2,20.0,3.0,0.0,23.0,,,,=일위대가!F89,=일위대가!H89,=일위대가!J89,=E20+F20+G20,일위대가목록,20,data/unpacked/L2025-00085-1/붙임2. 현지입찰(신규입찰) 서류 및 계약서류(안)/IKHCC Section 4 - IKHCC BLANK BOQ 250903_최종/1 Architectural & summery/BILL No1 -Architectural Works-01. HOSPITAL(BLANK BILL).xlsx,47d79c95e2c3273f84778935276c94526e369cc1b1bc057f6b03c998f44e253f
복합일위대가,4482204849760A9E127F495D0F384,"DRY WALL DW6(W75), 1-Sided Drywall System,(ON 50*45*0.8 DRY WALL D6(W100), General DrSTUD @450+52*40*0.8 R",(T12.5 General Gypsum Board) 2LAYER+Glass Wool Nature 24K 50mm,M2,44.0,10.0,0.19,54.19,,,,=일위대가!F94,=일위대가!H94,=일위대가!J94,=E21+F21+G21,일위대가목록,21,data/unpacked/L2025-00085-1/붙임2. 현지입찰(신규입찰) 서류 및 계약서류(안)/IKHCC Section 4 - IKHCC BLANK BOQ 250903_최종/1 Architectural & summery/BILL No1 -Architectural Works-01. HOSPITAL(BLANK BILL).xlsx,47d79c95e2c3273f84778935276c94526e369cc1b1bc057f6b03c998f44e253f
복합일위대가,4482204849760A9E127F4949DD94E,GLASS BACK,THK50 INSULATION+THK0.8 COLOR STEEL SHEET,M2,9.0,0.0,0.0,9.0,,,,=일위대가!F99,=일위대가!H99,=일위대가!J99,=E22+F22+G22,일위대가목록,22,data/unpacked/L2025-00085-1/붙임2. 현지입찰(신규입찰) 서류 및 계약서류(안)/IKHCC Section 4 - IKHCC BLANK BOQ 250903_최종/1 Architectural & summery/BILL No1 -Architectural Works-01. HOSPITAL(BLANK BILL).xlsx,47d79c95e2c3273f84778935276c94526e369cc1b1bc057f6b03c998f44e253f
복합일위대가,4482204849760A9E127F4949C332C,Holding door,,M2,33.36,0.0,0.0,33.36,,,,=일위대가!F103,=일위대가!H103,=일위대가!J103,=E23+F23+G23,일위대가목록,23,data/unpacked/L2025-00085-1/붙임2. 현지입찰(신규입찰) 서류 및 계약서류(안)/IKHCC Section 4 - IKHCC BLANK BOQ 250903_최종/1 Architectural & summery/BILL No1 -Architectural Works-01. HOSPITAL(BLANK BILL).xlsx,47d79c95e2c3273f84778935276c94526e369cc1b1bc057f6b03c998f44e253f
복합일위대가,44822048387C4468A2D648548B59A,"High density Insulation board on Wall,Thk 50mm",,M2,4.0,0.0,0.0,4.0,,,,=일위대가!F107,=일위대가!H107,=일위대가!J107,=E24+F24+G24,일위대가목록,24,data/unpacked/L2025-00085-1/붙임2. 현지입찰(신규입찰) 서류 및 계약서류(안)/IKHCC Section 4 - IKHCC BLANK BOQ 250903_최종/1 Architectural & summery/BILL No1 -Architectural Works-01. HOSPITAL(BLANK BILL).xlsx,47d79c95e2c3273f84778935276c94526e369cc1b1bc057f6b03c998f44e253f
복합일위대가,44822048387C4468A2D648548B6A1,"High density Insulation board on Slab,Thk 50mm",,M2,4.0,0.0,0.0,4.0,,,,=일위대가!F111,=일위대가!H111,=일위대가!J111,=E25+F25+G25,일위대가목록,25,data/unpacked/L2025-00085-1/붙임2. 현지입찰(신규입찰) 서류 및 계약서류(안)/IKHCC Section 4 - IKHCC BLANK BOQ 250903_최종/1 Architectural & summery/BILL No1 -Architectural Works-01. HOSPITAL(BLANK BILL).xlsx,47d79c95e2c3273f84778935276c94526e369cc1b1bc057f6b03c998f44e253f
복합일위대가,44822048387C4468A2D648548B748,"High density Insulation board on Slab,Thk 100mm",,M2,8.0,0.0,0.0,8.0,,,,=일위대가!F115,=일위대가!H115,=일위대가!J115,=E26+F26+G26,일위대가목록,26,data/unpacked/L2025-00085-1/붙임2. 현지입찰(신규입찰) 서류 및 계약서류(안)/IKHCC Section 4 - IKHCC BLANK BOQ 250903_최종/1 Architectural & summery/BILL No1 -Architectural Works-01. HOSPITAL(BLANK BILL).xlsx,47d79c95e2c3273f84778935276c94526e369cc1b1bc057f6b03c998f44e253f
복합일위대가,44822048387C4468A2D648548B019,"High density Insulation board under Slab,Thk 50mm",,M2,4.0,0.0,0.0,4.0,,,,=일위대가!F119,=일위대가!H119,=일위대가!J119,=E27+F27+G27,일위대가목록,27,data/unpacked/L2025-00085-1/붙임2. 현지입찰(신규입찰) 서류 및 계약서류(안)/IKHCC Section 4 - IKHCC BLANK BOQ 250903_최종/1 Architectural & summery/BILL No1 -Architectural Works-01. HOSPITAL(BLANK BILL).xlsx,47d79c95e2c3273f84778935276c94526e369cc1b1bc057f6b03c998f44e253f
복합일위대가,44822048387C4468A2D648548B13F,"High density Insulation board under Slab,Thk 100mm",,M2,8.0,0.0,0.0,8.0,,,,=일위대가!F123,=일위대가!H123,=일위대가!J123,=E28+F28+G28,일위대가목록,28,data/unpacked/L2025-00085-1/붙임2. 현지입찰(신규입찰) 서류 및 계약서류(안)/IKHCC Section 4 - IKHCC BLANK BOQ 250903_최종/1 Architectural & summery/BILL No1 -Architectural Works-01. HOSPITAL(BLANK BILL).xlsx,47d79c95e2c3273f84778935276c94526e369cc1b1bc057f6b03c998f44e253f
복합일위대가,44822048387C4468A2D64854B09DA,"EXPANDED POLYSTYRENE,Thk 20mm",,M2,5.38,1.28,0.0,6.66,,,,=일위대가!F128,=일위대가!H128,=일위대가!J128,=E29+F29+G29,일위대가목록,29,data/unpacked/L2025-00085-1/붙임2. 현지입찰(신규입찰) 서류 및 계약서류(안)/IKHCC Section 4 - IKHCC BLANK BOQ 250903_최종/1 Architectural & summery/BILL No1 -Architectural Works-01. HOSPITAL(BLANK BILL).xlsx,47d79c95e2c3273f84778935276c94526e369cc1b1bc057f6b03c998f44e253f
복합일위대가,44822048387E72678210683B19F6B,THK0.1 PE FILM 2Layers,,M2,1.0,0.0,0.0,1.0,,,,=일위대가!F132,=일위대가!H132,=일위대가!J132,=E30+F30+G30,일위대가목록,30,data/unpacked/L2025-00085-1/붙임2. 현지입찰(신규입찰) 서류 및 계약서류(안)/IKHCC Section 4 - IKHCC BLANK BOQ 250903_최종/1 Architectural & summery/BILL No1 -Architectural Works-01. HOSPITAL(BLANK BILL).xlsx,47d79c95e2c3273f84778935276c94526e369cc1b1bc057f6b03c998f44e253f
복합일위대가,44822048387E72678210683B2A4AF,0.1mm thick polyethylene sheet(2Layers) under blinding beds.,,M2,1.0,0.0,0.0,1.0,,,,=일위대가!F136,=일위대가!H136,=일위대가!J136,=E31+F31+G31,일위대가목록,31,data/unpacked/L2025-00085-1/붙임2. 현지입찰(신규입찰) 서류 및 계약서류(안)/IKHCC Section 4 - IKHCC BLANK BOQ 250903_최종/1 Architectural & summery/BILL No1 -Architectural Works-01. HOSPITAL(BLANK BILL).xlsx,47d79c95e2c3273f84778935276c94526e369cc1b1bc057f6b03c998f44e253f
복합일위대가,44822048BC7207B6A2FCD230E04C9,EXT. INSUL. FIN. SYS.,50mm,M2,54.46,0.0,0.0,54.46,,,,=일위대가!F141,=일위대가!H141,=일위대가!J141,=E32+F32+G32,일위대가목록,32,data/unpacked/L2025-00085-1/붙임2. 현지입찰(신규입찰) 서류 및 계약서류(안)/IKHCC Section 4 - IKHCC BLANK BOQ 250903_최종/1 Architectural & summery/BILL No1 -Architectural Works-01. HOSPITAL(BLANK BILL).xlsx,47d79c95e2c3273f84778935276c94526e369cc1b1bc057f6b03c998f44e253f
복합일위대가,44822048BC7207B6A2FCD230E079E,EXT. INSUL. FIN. SYS.,150mm,M2,62.46,0.0,0.0,62.46,,,,=일위대가!F147,=일위대가!H147,=일위대가!J147,=E33+F33+G33,일위대가목록,33,data/unpacked/L2025-00085-1/붙임2. 현지입찰(신규입찰) 서류 및 계약서류(안)/IKHCC Section 4 - IKHCC BLANK BOQ 250903_최종/1 Architectural & summery/BILL No1 -Architectural Works-01. HOSPITAL(BLANK BILL).xlsx,47d79c95e2c3273f84778935276c94526e369cc1b1bc057f6b03c998f44e253f
복합일위대가,44822048BC7207B6A2FCD230D7F25,FIRE STRIP,W=200,M,0.79,0.4,0.0,1.19,,,,=일위대가!F151,=일위대가!H151,=일위대가!J151,=E34+F34+G34,일위대가목록,34,data/unpacked/L2025-00085-1/붙임2. 현지입찰(신규입찰) 서류 및 계약서류(안)/IKHCC Section 4 - IKHCC BLANK BOQ 250903_최종/1 Architectural & summery/BILL No1 -Architectural Works-01. HOSPITAL(BLANK BILL).xlsx,47d79c95e2c3273f84778935276c94526e369cc1b1bc057f6b03c998f44e253f
복합일위대가,44822048A37E48FFE2C3E6452A42C,"Thick50 Glass Wool W/ Glass Cloth,Wall",Wall,M2,4.0,0.0,0.0,4.0,,,,=일위대가!F155,=일위대가!H155,=일위대가!J155,=E35+F35+G35,일위대가목록,35,data/unpacked/L2025-00085-1/붙임2. 현지입찰(신규입찰) 서류 및 계약서류(안)/IKHCC Section 4 - IKHCC BLANK BOQ 250903_최종/1 Architectural & summery/BILL No1 -Architectural Works-01. HOSPITAL(BLANK BILL).xlsx,47d79c95e2c3273f84778935276c94526e369cc1b1bc057f6b03c998f44e253f
복합일위대가,44822048A37E48FFE2C3E6452A7E0,Thick50 Glass Wool W/ Glass Cloth,Ceiling,M2,4.0,0.0,0.0,4.0,,,,=일위대가!F159,=일위대가!H159,=일위대가!J159,=E36+F36+G36,일위대가목록,36,data/unpacked/L2025-00085-1/붙임2. 현지입찰(신규입찰) 서류 및 계약서류(안)/IKHCC Section 4 - IKHCC BLANK BOQ 250903_최종/1 Architectural & summery/BILL No1 -Architectural Works-01. HOSPITAL(BLANK BILL).xlsx,47d79c95e2c3273f84778935276c94526e369cc1b1bc057f6b03c998f44e253f
복합일위대가,448227450276D253F2E49D1ED6B64,Caulking,Antibacterial Caulking,M,0.21,0.3,0.0,0.51,,,,=일위대가!F163,=일위대가!H163,=일위대가!J163,=E37+F37+G37,일위대가목록,37,data/unpacked/L2025-00085-1/붙임2. 현지입찰(신규입찰) 서류 및 계약서류(안)/IKHCC Section 4 - IKHCC BLANK BOQ 250903_최종/1 Architectural & summery/BILL No1 -Architectural Works-01. HOSPITAL(BLANK BILL).xlsx,47d79c95e2c3273f84778935276c94526e369cc1b1bc057f6b03c998f44e253f
복합일위대가,4482274502742434921703B609301,Caulking,"Size 10mm * 10mm, Around The door & window",M,0.21,0.3,0.0,0.51,,,,=일위대가!F167,=일위대가!H167,=일위대가!J167,=E38+F38+G38,일위대가목록,38,data/unpacked/L2025-00085-1/붙임2. 현지입찰(신규입찰) 서류 및 계약서류(안)/IKHCC Section 4 - IKHCC BLANK BOQ 250903_최종/1 Architectural & summery/BILL No1 -Architectural Works-01. HOSPITAL(BLANK BILL).xlsx,47d79c95e2c3273f84778935276c94526e369cc1b1bc057f6b03c998f44e253f
복합일위대가,4482274502731FF3C29CCC201CB4B,"Expansion joint, On Roof @3000x3000",,M,0.0,0.38,0.0,0.38,,,,=일위대가!F171,=일위대가!H171,=일위대가!J171,=E39+F39+G39,일위대가목록,39,data/unpacked/L2025-00085-1/붙임2. 현지입찰(신규입찰) 서류 및 계약서류(안)/IKHCC Section 4 - IKHCC BLANK BOQ 250903_최종/1 Architectural & summery/BILL No1 -Architectural Works-01. HOSPITAL(BLANK BILL).xlsx,47d79c95e2c3273f84778935276c94526e369cc1b1bc057f6b03c998f44e253f
복합일위대가,448227451C7D1C0DC28CEFFB045AB,Waterproof Mortar,"Less Than 20mm, Trench",M2,1.4,0.0,0.0,1.4,,,,=일위대가!F175,=일위대가!H175,=일위대가!J175,=E40+F40+G40,일위대가목록,40,data/unpacked/L2025-00085-1/붙임2. 현지입찰(신규입찰) 서류 및 계약서류(안)/IKHCC Section 4 - IKHCC BLANK BOQ 250903_최종/1 Architectural & summery/BILL No1 -Architectural Works-01. HOSPITAL(BLANK BILL).xlsx,47d79c95e2c3273f84778935276c94526e369cc1b1bc057f6b03c998f44e253f
복합일위대가,44822745FA7C21D7222D3828CFB51,LIQUID WATERPROOFING,FLOOR,M2,1.37,3.18,0.0,4.550000000000001,,,,=일위대가!F182,=일위대가!H182,=일위대가!J182,=E41+F41+G41,일위대가목록,41,data/unpacked/L2025-00085-1/붙임2. 현지입찰(신규입찰) 서류 및 계약서류(안)/IKHCC Section 4 - IKHCC BLANK BOQ 250903_최종/1 Architectural & summery/BILL No1 -Architectural Works-01. HOSPITAL(BLANK BILL).xlsx,47d79c95e2c3273f84778935276c94526e369cc1b1bc057f6b03c998f44e253f
복합일위대가,44822745FA7C21D7222D3828CFA4A,LIQUID WATERPROOFING,WALL,M2,1.92,3.62,0.0,5.54,,,,=일위대가!F189,=일위대가!H189,=일위대가!J189,=E42+F42+G42,일위대가목록,42,data/unpacked/L2025-00085-1/붙임2. 현지입찰(신규입찰) 서류 및 계약서류(안)/IKHCC Section 4 - IKHCC BLANK BOQ 250903_최종/1 Architectural & summery/BILL No1 -Architectural Works-01. HOSPITAL(BLANK BILL).xlsx,47d79c95e2c3273f84778935276c94526e369cc1b1bc057f6b03c998f44e253f
복합일위대가,44822745FA7C21D7222D381E61813,ELASTIC WATERPROOFING,FLOOR,M2,3.75,0.0,0.0,3.75,,,,=일위대가!F193,=일위대가!H193,=일위대가!J193,=E43+F43+G43,일위대가목록,43,data/unpacked/L2025-00085-1/붙임2. 현지입찰(신규입찰) 서류 및 계약서류(안)/IKHCC Section 4 - IKHCC BLANK BOQ 250903_최종/1 Architectural & summery/BILL No1 -Architectural Works-01. HOSPITAL(BLANK BILL).xlsx,47d79c95e2c3273f84778935276c94526e369cc1b1bc057f6b03c998f44e253f
복합일위대가,44822745FA7C21D7222D381E6193A,ELASTIC WATERPROOFING,WALL,M2,3.75,0.0,0.0,3.75,,,,=일위대가!F197,=일위대가!H197,=일위대가!J197,=E44+F44+G44,일위대가목록,44,data/unpacked/L2025-00085-1/붙임2. 현지입찰(신규입찰) 서류 및 계약서류(안)/IKHCC Section 4 - IKHCC BLANK BOQ 250903_최종/1 Architectural & summery/BILL No1 -Architectural Works-01. HOSPITAL(BLANK BILL).xlsx,47d79c95e2c3273f84778935276c94526e369cc1b1bc057f6b03c998f44e253f
복합일위대가,44822745FA7C21D7222D380DF265B,Multi-layer composite waterproofin,FLOOR,M2,2.0,0.0,0.0,2.0,,,,=일위대가!F201,=일위대가!H201,=일위대가!J201,=E45+F45+G45,일위대가목록,45,data/unpacked/L2025-00085-1/붙임2. 현지입찰(신규입찰) 서류 및 계약서류(안)/IKHCC Section 4 - IKHCC BLANK BOQ 250903_최종/1 Architectural & summery/BILL No1 -Architectural Works-01. HOSPITAL(BLANK BILL).xlsx,47d79c95e2c3273f84778935276c94526e369cc1b1bc057f6b03c998f44e253f
복합일위대가,44822745FA7C21D7222D380DF2762,Multi-layer composite waterproofin,WALL,M2,5.75,0.0,0.0,5.75,,,,=일위대가!F206,=일위대가!H206,=일위대가!J206,=E46+F46+G46,일위대가목록,46,data/unpacked/L2025-00085-1/붙임2. 현지입찰(신규입찰) 서류 및 계약서류(안)/IKHCC Section 4 - IKHCC BLANK BOQ 250903_최종/1 Architectural & summery/BILL No1 -Architectural Works-01. HOSPITAL(BLANK BILL).xlsx,47d79c95e2c3273f84778935276c94526e369cc1b1bc057f6b03c998f44e253f
복합일위대가,44822745FA7C21D7222D3870E361A,Corner Reinforcement Waterproofing,W:300,M,0.6,0.0,0.0,0.6,,,,=일위대가!F210,=일위대가!H210,=일위대가!J210,=E47+F47+G47,일위대가목록,47,data/unpacked/L2025-00085-1/붙임2. 현지입찰(신규입찰) 서류 및 계약서류(안)/IKHCC Section 4 - IKHCC BLANK BOQ 250903_최종/1 Architectural & summery/BILL No1 -Architectural Works-01. HOSPITAL(BLANK BILL).xlsx,47d79c95e2c3273f84778935276c94526e369cc1b1bc057f6b03c998f44e253f
복합일위대가,44822745FA7C21D7222D3870FDCBC,Drain Reinforcement Waterproofing,,EA,0.21,0.0,0.0,0.21,,,,=일위대가!F214,=일위대가!H214,=일위대가!J214,=E48+F48+G48,일위대가목록,48,data/unpacked/L2025-00085-1/붙임2. 현지입찰(신규입찰) 서류 및 계약서류(안)/IKHCC Section 4 - IKHCC BLANK BOQ 250903_최종/1 Architectural & summery/BILL No1 -Architectural Works-01. HOSPITAL(BLANK BILL).xlsx,47d79c95e2c3273f84778935276c94526e369cc1b1bc057f6b03c998f44e253f
복합일위대가,448224421470A2F9A241EAE1B4AAA,"Roof Drain in roof area, Diameter 125mm",,ea,105.65,13.76,0.0,119.41000000000001,,,,=일위대가!F220,=일위대가!H220,=일위대가!J220,=E49+F49+G49,일위대가목록,49,data/unpacked/L2025-00085-1/붙임2. 현지입찰(신규입찰) 서류 및 계약서류(안)/IKHCC Section 4 - IKHCC BLANK BOQ 250903_최종/1 Architectural & summery/BILL No1 -Architectural Works-01. HOSPITAL(BLANK BILL).xlsx,47d79c95e2c3273f84778935276c94526e369cc1b1bc057f6b03c998f44e253f
복합일위대가,448224421470A2F9A241EAE1B4983,SST Downspout Diameter 125mm,,m,16.57,7.23,0.13,23.93,,,,=일위대가!F226,=일위대가!H226,=일위대가!J226,=E50+F50+G50,일위대가목록,50,data/unpacked/L2025-00085-1/붙임2. 현지입찰(신규입찰) 서류 및 계약서류(안)/IKHCC Section 4 - IKHCC BLANK BOQ 250903_최종/1 Architectural & summery/BILL No1 -Architectural Works-01. HOSPITAL(BLANK BILL).xlsx,47d79c95e2c3273f84778935276c94526e369cc1b1bc057f6b03c998f44e253f
복합일위대가,448224421470A2F9A241EAE1B48FC,"Floor Drain in Wet Areas, Diameter 100mm",,ea,35.0,0.0,0.0,35.0,,,,=일위대가!F230,=일위대가!H230,=일위대가!J230,=E51+F51+G51,일위대가목록,51,data/unpacked/L2025-00085-1/붙임2. 현지입찰(신규입찰) 서류 및 계약서류(안)/IKHCC Section 4 - IKHCC BLANK BOQ 250903_최종/1 Architectural & summery/BILL No1 -Architectural Works-01. HOSPITAL(BLANK BILL).xlsx,47d79c95e2c3273f84778935276c94526e369cc1b1bc057f6b03c998f44e253f
복합일위대가,4482204864700D2772960003098B7,Thick 9.5 suspended Gypsum Board 2Ply with Vinyl Paint on M-Bar System,,M2,16.0,0.0,0.0,16.0,,,,=일위대가!F234,=일위대가!H234,=일위대가!J234,=E52+F52+G52,일위대가목록,52,data/unpacked/L2025-00085-1/붙임2. 현지입찰(신규입찰) 서류 및 계약서류(안)/IKHCC Section 4 - IKHCC BLANK BOQ 250903_최종/1 Architectural & summery/BILL No1 -Architectural Works-01. HOSPITAL(BLANK BILL).xlsx,47d79c95e2c3273f84778935276c94526e369cc1b1bc057f6b03c998f44e253f
복합일위대가,4482204864700D277296000309B0B,Thick 9.5 suspended Gypsum Board 2Ply with Anti-bacterial Paint on M-Bar System,,M2,13.0,0.0,0.0,13.0,,,,=일위대가!F238,=일위대가!H238,=일위대가!J238,=E53+F53+G53,일위대가목록,53,data/unpacked/L2025-00085-1/붙임2. 현지입찰(신규입찰) 서류 및 계약서류(안)/IKHCC Section 4 - IKHCC BLANK BOQ 250903_최종/1 Architectural & summery/BILL No1 -Architectural Works-01. HOSPITAL(BLANK BILL).xlsx,47d79c95e2c3273f84778935276c94526e369cc1b1bc057f6b03c998f44e253f
복합일위대가,4482254042708488C255237AA3726,"Steel Frame, Thicknes of 1.2mm with Enamel Paint",60*200,M,5.91,11.64,0.43,17.98,,,,=일위대가!F249,=일위대가!H249,=일위대가!J249,=E54+F54+G54,일위대가목록,54,data/unpacked/L2025-00085-1/붙임2. 현지입찰(신규입찰) 서류 및 계약서류(안)/IKHCC Section 4 - IKHCC BLANK BOQ 250903_최종/1 Architectural & summery/BILL No1 -Architectural Works-01. HOSPITAL(BLANK BILL).xlsx,47d79c95e2c3273f84778935276c94526e369cc1b1bc057f6b03c998f44e253f
복합일위대가,4482254042708488C255237AA30F6,"Steel Frame, Thicknes of 1.2mm with Enamel Paint",300*300,M,7.69,15.19,0.56,23.439999999999998,,,,=일위대가!F260,=일위대가!H260,=일위대가!J260,=E55+F55+G55,일위대가목록,55,data/unpacked/L2025-00085-1/붙임2. 현지입찰(신규입찰) 서류 및 계약서류(안)/IKHCC Section 4 - IKHCC BLANK BOQ 250903_최종/1 Architectural & summery/BILL No1 -Architectural Works-01. HOSPITAL(BLANK BILL).xlsx,47d79c95e2c3273f84778935276c94526e369cc1b1bc057f6b03c998f44e253f
복합일위대가,4482254042708488C255237AA319D,"Steel Frame, Thicknes of 1.6mm with Enamel Paint",500*300,M,14.97,32.37,1.23,48.56999999999999,,,,=일위대가!F271,=일위대가!H271,=일위대가!J271,=E56+F56+G56,일위대가목록,56,data/unpacked/L2025-00085-1/붙임2. 현지입찰(신규입찰) 서류 및 계약서류(안)/IKHCC Section 4 - IKHCC BLANK BOQ 250903_최종/1 Architectural & summery/BILL No1 -Architectural Works-01. HOSPITAL(BLANK BILL).xlsx,47d79c95e2c3273f84778935276c94526e369cc1b1bc057f6b03c998f44e253f
복합일위대가,44822048E975DE1D9278198E7A89C,"AL moulding W-type,15*15*15*15*1.0mm",,M,2.23,2.57,0.0,4.8,,,,=일위대가!F277,=일위대가!H277,=일위대가!J277,=E57+F57+G57,일위대가목록,57,data/unpacked/L2025-00085-1/붙임2. 현지입찰(신규입찰) 서류 및 계약서류(안)/IKHCC Section 4 - IKHCC BLANK BOQ 250903_최종/1 Architectural & summery/BILL No1 -Architectural Works-01. HOSPITAL(BLANK BILL).xlsx,47d79c95e2c3273f84778935276c94526e369cc1b1bc057f6b03c998f44e253f
복합일위대가,44822048E975DE1D9278198E7AB50,"AL moulding Round-type, 50*50*1.3mm",,M,2.4,2.57,0.0,4.97,,,,=일위대가!F283,=일위대가!H283,=일위대가!J283,=E58+F58+G58,일위대가목록,58,data/unpacked/L2025-00085-1/붙임2. 현지입찰(신규입찰) 서류 및 계약서류(안)/IKHCC Section 4 - IKHCC BLANK BOQ 250903_최종/1 Architectural & summery/BILL No1 -Architectural Works-01. HOSPITAL(BLANK BILL).xlsx,47d79c95e2c3273f84778935276c94526e369cc1b1bc057f6b03c998f44e253f
복합일위대가,4482284B7870782B32642A2276CCE,Tile Corner Guard,Stainless Steel 1.2t*30*30(Caulking 5*5),M,4.13,6.57,0.17,10.87,,,,=일위대가!F293,=일위대가!H293,=일위대가!J293,=E59+F59+G59,일위대가목록,59,data/unpacked/L2025-00085-1/붙임2. 현지입찰(신규입찰) 서류 및 계약서류(안)/IKHCC Section 4 - IKHCC BLANK BOQ 250903_최종/1 Architectural & summery/BILL No1 -Architectural Works-01. HOSPITAL(BLANK BILL).xlsx,47d79c95e2c3273f84778935276c94526e369cc1b1bc057f6b03c998f44e253f
복합일위대가,44822540B573CE783226E40F9A622,"Supply and SST Cat Ladder in Roof, 400mm x 5000mm high",,EA,114.4,53.05,2.15,169.6,,,,=일위대가!F297,=일위대가!H297,=일위대가!J297,=E60+F60+G60,일위대가목록,60,data/unpacked/L2025-00085-1/붙임2. 현지입찰(신규입찰) 서류 및 계약서류(안)/IKHCC Section 4 - IKHCC BLANK BOQ 250903_최종/1 Architectural & summery/BILL No1 -Architectural Works-01. HOSPITAL(BLANK BILL).xlsx,47d79c95e2c3273f84778935276c94526e369cc1b1bc057f6b03c998f44e253f
복합일위대가,44822540B573CE783226E40F9A474,Supply and fixed of SST Ladder in E.V pit,400mm x 3.15m high,EA,72.08,33.43,1.36,106.86999999999999,,,,=일위대가!F301,=일위대가!H301,=일위대가!J301,=E61+F61+G61,일위대가목록,61,data/unpacked/L2025-00085-1/붙임2. 현지입찰(신규입찰) 서류 및 계약서류(안)/IKHCC Section 4 - IKHCC BLANK BOQ 250903_최종/1 Architectural & summery/BILL No1 -Architectural Works-01. HOSPITAL(BLANK BILL).xlsx,47d79c95e2c3273f84778935276c94526e369cc1b1bc057f6b03c998f44e253f
복합일위대가,44822540A47860F2421589785981A,HR-1,,M,80.13,38.64,0.3,119.07,,,,=일위대가!F312,=일위대가!H312,=일위대가!J312,=E62+F62+G62,일위대가목록,62,data/unpacked/L2025-00085-1/붙임2. 현지입찰(신규입찰) 서류 및 계약서류(안)/IKHCC Section 4 - IKHCC BLANK BOQ 250903_최종/1 Architectural & summery/BILL No1 -Architectural Works-01. HOSPITAL(BLANK BILL).xlsx,47d79c95e2c3273f84778935276c94526e369cc1b1bc057f6b03c998f44e253f
복합일위대가,44822540A47860F24215897859BEE,HR-2,,M,58.34,115.97,5.15,179.46,,,,=일위대가!F318,=일위대가!H318,=일위대가!J318,=E63+F63+G63,일위대가목록,63,data/unpacked/L2025-00085-1/붙임2. 현지입찰(신규입찰) 서류 및 계약서류(안)/IKHCC Section 4 - IKHCC BLANK BOQ 250903_최종/1 Architectural & summery/BILL No1 -Architectural Works-01. HOSPITAL(BLANK BILL).xlsx,47d79c95e2c3273f84778935276c94526e369cc1b1bc057f6b03c998f44e253f
복합일위대가,44822540A47860F24215897859AC7,HR-3,,M,44.72,90.18,3.97,138.87,,,,=일위대가!F324,=일위대가!H324,=일위대가!J324,=E64+F64+G64,일위대가목록,64,data/unpacked/L2025-00085-1/붙임2. 현지입찰(신규입찰) 서류 및 계약서류(안)/IKHCC Section 4 - IKHCC BLANK BOQ 250903_최종/1 Architectural & summery/BILL No1 -Architectural Works-01. HOSPITAL(BLANK BILL).xlsx,47d79c95e2c3273f84778935276c94526e369cc1b1bc057f6b03c998f44e253f
복합일위대가,44822540A47860F24215897859D9C,HR-4,,M,16.95,19.13,0.9,36.98,,,,=일위대가!F333,=일위대가!H333,=일위대가!J333,=E65+F65+G65,일위대가목록,65,data/unpacked/L2025-00085-1/붙임2. 현지입찰(신규입찰) 서류 및 계약서류(안)/IKHCC Section 4 - IKHCC BLANK BOQ 250903_최종/1 Architectural & summery/BILL No1 -Architectural Works-01. HOSPITAL(BLANK BILL).xlsx,47d79c95e2c3273f84778935276c94526e369cc1b1bc057f6b03c998f44e253f
복합일위대가,44822540A47860F24215897859CF5,HR-5,,M,17.29,9.06,0.22,26.57,,,,=일위대가!F342,=일위대가!H342,=일위대가!J342,=E66+F66+G66,일위대가목록,66,data/unpacked/L2025-00085-1/붙임2. 현지입찰(신규입찰) 서류 및 계약서류(안)/IKHCC Section 4 - IKHCC BLANK BOQ 250903_최종/1 Architectural & summery/BILL No1 -Architectural Works-01. HOSPITAL(BLANK BILL).xlsx,47d79c95e2c3273f84778935276c94526e369cc1b1bc057f6b03c998f44e253f
복합일위대가,44822540A47860F24215897859F49,HR-6,,M,58.34,115.97,5.15,179.46,,,,=일위대가!F348,=일위대가!H348,=일위대가!J348,=E67+F67+G67,일위대가목록,67,data/unpacked/L2025-00085-1/붙임2. 현지입찰(신규입찰) 서류 및 계약서류(안)/IKHCC Section 4 - IKHCC BLANK BOQ 250903_최종/1 Architectural & summery/BILL No1 -Architectural Works-01. HOSPITAL(BLANK BILL).xlsx,47d79c95e2c3273f84778935276c94526e369cc1b1bc057f6b03c998f44e253f
복합일위대가,44822540D17E8D4602588173AE071,"Supply and fixed of Wiremesh On Floor, #8-150*150",,M2,6.0,0.0,0.0,6.0,,,,=일위대가!F352,=일위대가!H352,=일위대가!J352,=E68+F68+G68,일위대가목록,68,data/unpacked/L2025-00085-1/붙임2. 현지입찰(신규입찰) 서류 및 계약서류(안)/IKHCC Section 4 - IKHCC BLANK BOQ 250903_최종/1 Architectural & summery/BILL No1 -Architectural Works-01. HOSPITAL(BLANK BILL).xlsx,47d79c95e2c3273f84778935276c94526e369cc1b1bc057f6b03c998f44e253f
복합일위대가,44822540E277AD1B92F0277963016,Supply and fixed of Steel cover,T4.5 STL CHECKERED PL 1000*1000,EA,53.85,105.12,4.39,163.35999999999999,,,,=일위대가!F365,=일위대가!H365,=일위대가!J365,=E69+F69+G69,일위대가목록,69,data/unpacked/L2025-00085-1/붙임2. 현지입찰(신규입찰) 서류 및 계약서류(안)/IKHCC Section 4 - IKHCC BLANK BOQ 250903_최종/1 Architectural & summery/BILL No1 -Architectural Works-01. HOSPITAL(BLANK BILL).xlsx,47d79c95e2c3273f84778935276c94526e369cc1b1bc057f6b03c998f44e253f
복합일위대가,44822540E2707C9F62530C63082EE,Open Trench,"TWO SIDE, L-25*25*3t Galvanized",M,2.92,5.08,0.26,8.26,,,,=일위대가!F375,=일위대가!H375,=일위대가!J375,=E70+F70+G70,일위대가목록,70,data/unpacked/L2025-00085-1/붙임2. 현지입찰(신규입찰) 서류 및 계약서류(안)/IKHCC Section 4 - IKHCC BLANK BOQ 250903_최종/1 Architectural & summery/BILL No1 -Architectural Works-01. HOSPITAL(BLANK BILL).xlsx,47d79c95e2c3273f84778935276c94526e369cc1b1bc057f6b03c998f44e253f
복합일위대가,4482254042708488C255237DA7814,"P.V.D.F coated Aluminum Sheet, Thicknes of 0.7mm",,M2,159.67,0.0,0.0,159.67,,,,=일위대가!F379,=일위대가!H379,=일위대가!J379,=E71+F71+G71,일위대가목록,71,data/unpacked/L2025-00085-1/붙임2. 현지입찰(신규입찰) 서류 및 계약서류(안)/IKHCC Section 4 - IKHCC BLANK BOQ 250903_최종/1 Architectural & summery/BILL No1 -Architectural Works-01. HOSPITAL(BLANK BILL).xlsx,47d79c95e2c3273f84778935276c94526e369cc1b1bc057f6b03c998f44e253f
복합일위대가,4482254042708488C255237DA793B,AL SHEET FLASHING,100*400,M,113.37,0.0,0.0,113.37,,,,=일위대가!F383,=일위대가!H383,=일위대가!J383,=E72+F72+G72,일위대가목록,72,data/unpacked/L2025-00085-1/붙임2. 현지입찰(신규입찰) 서류 및 계약서류(안)/IKHCC Section 4 - IKHCC BLANK BOQ 250903_최종/1 Architectural & summery/BILL No1 -Architectural Works-01. HOSPITAL(BLANK BILL).xlsx,47d79c95e2c3273f84778935276c94526e369cc1b1bc057f6b03c998f44e253f
복합일위대가,4482254042708488C255237DA7AC2,AL SHEET FLASHING,100*300,M,86.23,0.0,0.0,86.23,,,,=일위대가!F387,=일위대가!H387,=일위대가!J387,=E73+F73+G73,일위대가목록,73,data/unpacked/L2025-00085-1/붙임2. 현지입찰(신규입찰) 서류 및 계약서류(안)/IKHCC Section 4 - IKHCC BLANK BOQ 250903_최종/1 Architectural & summery/BILL No1 -Architectural Works-01. HOSPITAL(BLANK BILL).xlsx,47d79c95e2c3273f84778935276c94526e369cc1b1bc057f6b03c998f44e253f
복합일위대가,4482254042708488C255237DA7BE9,AL SHEET FLASHING,100*520,M,132.53,0.0,0.0,132.53,,,,=일위대가!F391,=일위대가!H391,=일위대가!J391,=E74+F74+G74,일위대가목록,74,data/unpacked/L2025-00085-1/붙임2. 현지입찰(신규입찰) 서류 및 계약서류(안)/IKHCC Section 4 - IKHCC BLANK BOQ 250903_최종/1 Architectural & summery/BILL No1 -Architectural Works-01. HOSPITAL(BLANK BILL).xlsx,47d79c95e2c3273f84778935276c94526e369cc1b1bc057f6b03c998f44e253f
복합일위대가,4482254042708488C255237DA7C8F,AL SHEET FLASHING,100*650,M,143.71,0.0,0.0,143.71,,,,=일위대가!F395,=일위대가!H395,=일위대가!J395,=E75+F75+G75,일위대가목록,75,data/unpacked/L2025-00085-1/붙임2. 현지입찰(신규입찰) 서류 및 계약서류(안)/IKHCC Section 4 - IKHCC BLANK BOQ 250903_최종/1 Architectural & summery/BILL No1 -Architectural Works-01. HOSPITAL(BLANK BILL).xlsx,47d79c95e2c3273f84778935276c94526e369cc1b1bc057f6b03c998f44e253f
복합일위대가,4482254042708488C255237DA7D96,AL MOULDING,W=50,M,19.17,0.0,0.0,19.17,,,,=일위대가!F399,=일위대가!H399,=일위대가!J399,=E76+F76+G76,일위대가목록,76,data/unpacked/L2025-00085-1/붙임2. 현지입찰(신규입찰) 서류 및 계약서류(안)/IKHCC Section 4 - IKHCC BLANK BOQ 250903_최종/1 Architectural & summery/BILL No1 -Architectural Works-01. HOSPITAL(BLANK BILL).xlsx,47d79c95e2c3273f84778935276c94526e369cc1b1bc057f6b03c998f44e253f
복합일위대가,4482254042750415127D43074ABFE,"Supply and fixed of Parapet Ring(for cleaning), SST, D100*19t",,no,8.05,4.39,0.18,12.620000000000001,,,,=일위대가!F406,=일위대가!H406,=일위대가!J406,=E77+F77+G77,일위대가목록,77,data/unpacked/L2025-00085-1/붙임2. 현지입찰(신규입찰) 서류 및 계약서류(안)/IKHCC Section 4 - IKHCC BLANK BOQ 250903_최종/1 Architectural & summery/BILL No1 -Architectural Works-01. HOSPITAL(BLANK BILL).xlsx,47d79c95e2c3273f84778935276c94526e369cc1b1bc057f6b03c998f44e253f
복합일위대가,448225404275053C32FA817ED1475,Supply and fixed of Elevator hook,Ø100*22t STL,EA,0.78,1.74,0.07,2.59,,,,=일위대가!F416,=일위대가!H416,=일위대가!J416,=E78+F78+G78,일위대가목록,78,data/unpacked/L2025-00085-1/붙임2. 현지입찰(신규입찰) 서류 및 계약서류(안)/IKHCC Section 4 - IKHCC BLANK BOQ 250903_최종/1 Architectural & summery/BILL No1 -Architectural Works-01. HOSPITAL(BLANK BILL).xlsx,47d79c95e2c3273f84778935276c94526e369cc1b1bc057f6b03c998f44e253f
복합일위대가,448220480378444AE2DDFBB1E17A4,Stainless steel material separator,"FLOOR, W45*H20*1.5t",M,5.26,5.85,0.29,11.399999999999999,,,,=일위대가!F426,=일위대가!H426,=일위대가!J426,=E79+F79+G79,일위대가목록,79,data/unpacked/L2025-00085-1/붙임2. 현지입찰(신규입찰) 서류 및 계약서류(안)/IKHCC Section 4 - IKHCC BLANK BOQ 250903_최종/1 Architectural & summery/BILL No1 -Architectural Works-01. HOSPITAL(BLANK BILL).xlsx,47d79c95e2c3273f84778935276c94526e369cc1b1bc057f6b03c998f44e253f
복합일위대가,448220480378444AE2DDFBB1E169E,Stainless steel material separator,"FLOOR, W20*H20*2.0t",M,3.89,4.22,0.21,8.32,,,,=일위대가!F436,=일위대가!H436,=일위대가!J436,=E80+F80+G80,일위대가목록,80,data/unpacked/L2025-00085-1/붙임2. 현지입찰(신규입찰) 서류 및 계약서류(안)/IKHCC Section 4 - IKHCC BLANK BOQ 250903_최종/1 Architectural & summery/BILL No1 -Architectural Works-01. HOSPITAL(BLANK BILL).xlsx,47d79c95e2c3273f84778935276c94526e369cc1b1bc057f6b03c998f44e253f
복합일위대가,44822048FB7FB9F1222D3F8F96C2D,Curtain box(type-ㄷ),"150mm x 150mm x Thick 1.2mm, Stl plate frame,with Paint",M,6.17,12.27,0.48,18.919999999999998,,,,=일위대가!F447,=일위대가!H447,=일위대가!J447,=E81+F81+G81,일위대가목록,81,data/unpacked/L2025-00085-1/붙임2. 현지입찰(신규입찰) 서류 및 계약서류(안)/IKHCC Section 4 - IKHCC BLANK BOQ 250903_최종/1 Architectural & summery/BILL No1 -Architectural Works-01. HOSPITAL(BLANK BILL).xlsx,47d79c95e2c3273f84778935276c94526e369cc1b1bc057f6b03c998f44e253f
복합일위대가,4482284BC0735B256231C4073E69B,"Mortar, W/Plastering 20mm thick on concrete Ceiling",,M2,1.05,0.0,0.0,1.05,,,,=일위대가!F451,=일위대가!H451,=일위대가!J451,=E82+F82+G82,일위대가목록,82,data/unpacked/L2025-00085-1/붙임2. 현지입찰(신규입찰) 서류 및 계약서류(안)/IKHCC Section 4 - IKHCC BLANK BOQ 250903_최종/1 Architectural & summery/BILL No1 -Architectural Works-01. HOSPITAL(BLANK BILL).xlsx,47d79c95e2c3273f84778935276c94526e369cc1b1bc057f6b03c998f44e253f
복합일위대가,4482284BC0735B256231C550138F1,"Mortar, W/Plastering 9mm thick on concrete walls",,M2,0.63,0.0,0.0,0.63,,,,=일위대가!F455,=일위대가!H455,=일위대가!J455,=E83+F83+G83,일위대가목록,83,data/unpacked/L2025-00085-1/붙임2. 현지입찰(신규입찰) 서류 및 계약서류(안)/IKHCC Section 4 - IKHCC BLANK BOQ 250903_최종/1 Architectural & summery/BILL No1 -Architectural Works-01. HOSPITAL(BLANK BILL).xlsx,47d79c95e2c3273f84778935276c94526e369cc1b1bc057f6b03c998f44e253f
복합일위대가,4482284BC0735B256231C547A6415,"Mortar, W/Plastering 20mm thick on concrete walls",,M2,14.0,0.0,0.0,14.0,,,,=일위대가!F459,=일위대가!H459,=일위대가!J459,=E84+F84+G84,일위대가목록,84,data/unpacked/L2025-00085-1/붙임2. 현지입찰(신규입찰) 서류 및 계약서류(안)/IKHCC Section 4 - IKHCC BLANK BOQ 250903_최종/1 Architectural & summery/BILL No1 -Architectural Works-01. HOSPITAL(BLANK BILL).xlsx,47d79c95e2c3273f84778935276c94526e369cc1b1bc057f6b03c998f44e253f
복합일위대가,4482284BC0735979B2D256C17F168,20mm thick on concrete to receive receive tile finish,,M2,1.4,0.0,0.0,1.4,,,,=일위대가!F463,=일위대가!H463,=일위대가!J463,=E85+F85+G85,일위대가목록,85,data/unpacked/L2025-00085-1/붙임2. 현지입찰(신규입찰) 서류 및 계약서류(안)/IKHCC Section 4 - IKHCC BLANK BOQ 250903_최종/1 Architectural & summery/BILL No1 -Architectural Works-01. HOSPITAL(BLANK BILL).xlsx,47d79c95e2c3273f84778935276c94526e369cc1b1bc057f6b03c998f44e253f
복합일위대가,4482284BC0735979B2D250AFDAC78,50mm thick on concrete to receive receive tile finish,,M2,3.5,0.0,0.0,3.5,,,,=일위대가!F467,=일위대가!H467,=일위대가!J467,=E86+F86+G86,일위대가목록,86,data/unpacked/L2025-00085-1/붙임2. 현지입찰(신규입찰) 서류 및 계약서류(안)/IKHCC Section 4 - IKHCC BLANK BOQ 250903_최종/1 Architectural & summery/BILL No1 -Architectural Works-01. HOSPITAL(BLANK BILL).xlsx,47d79c95e2c3273f84778935276c94526e369cc1b1bc057f6b03c998f44e253f
복합일위대가,4482284BC0735979B2D250AFDAC7D,55mm thick on concrete to receive receive tile finish,,M2,3.85,0.0,0.0,3.85,,,,=일위대가!F471,=일위대가!H471,=일위대가!J471,=E87+F87+G87,일위대가목록,87,data/unpacked/L2025-00085-1/붙임2. 현지입찰(신규입찰) 서류 및 계약서류(안)/IKHCC Section 4 - IKHCC BLANK BOQ 250903_최종/1 Architectural & summery/BILL No1 -Architectural Works-01. HOSPITAL(BLANK BILL).xlsx,47d79c95e2c3273f84778935276c94526e369cc1b1bc057f6b03c998f44e253f
복합일위대가,4482284BC0735979B2D250AFDAC7B,"Mortar, W/Plastering 60mm thick on concrete floors",,M2,4.2,0.0,0.0,4.2,,,,=일위대가!F475,=일위대가!H475,=일위대가!J475,=E88+F88+G88,일위대가목록,88,data/unpacked/L2025-00085-1/붙임2. 현지입찰(신규입찰) 서류 및 계약서류(안)/IKHCC Section 4 - IKHCC BLANK BOQ 250903_최종/1 Architectural & summery/BILL No1 -Architectural Works-01. HOSPITAL(BLANK BILL).xlsx,47d79c95e2c3273f84778935276c94526e369cc1b1bc057f6b03c998f44e253f
복합일위대가,4482284BC0735979B2D250AFDAC7A,"Mortar, W/Plastering 15mm thick on concrete ceiling",,M2,1.05,0.0,0.0,1.05,,,,=일위대가!F479,=일위대가!H479,=일위대가!J479,=E89+F89+G89,일위대가목록,89,data/unpacked/L2025-00085-1/붙임2. 현지입찰(신규입찰) 서류 및 계약서류(안)/IKHCC Section 4 - IKHCC BLANK BOQ 250903_최종/1 Architectural & summery/BILL No1 -Architectural Works-01. HOSPITAL(BLANK BILL).xlsx,47d79c95e2c3273f84778935276c94526e369cc1b1bc057f6b03c998f44e253f
복합일위대가,4482284BC0735979B2D256C143E89,"Resin Mortar, W/Plastering 5mm thick on concrete floors",,M2,7.15,0.0,0.0,7.15,,,,=일위대가!F483,=일위대가!H483,=일위대가!J483,=E90+F90+G90,일위대가목록,90,data/unpacked/L2025-00085-1/붙임2. 현지입찰(신규입찰) 서류 및 계약서류(안)/IKHCC Section 4 - IKHCC BLANK BOQ 250903_최종/1 Architectural & summery/BILL No1 -Architectural Works-01. HOSPITAL(BLANK BILL).xlsx,47d79c95e2c3273f84778935276c94526e369cc1b1bc057f6b03c998f44e253f
복합일위대가,4482284BC070874912CC359D94171,CONCRETE SURFACE TREATMENT,WALL,M2,3.0,0.0,0.0,3.0,,,,=일위대가!F487,=일위대가!H487,=일위대가!J487,=E91+F91+G91,일위대가목록,91,data/unpacked/L2025-00085-1/붙임2. 현지입찰(신규입찰) 서류 및 계약서류(안)/IKHCC Section 4 - IKHCC BLANK BOQ 250903_최종/1 Architectural & summery/BILL No1 -Architectural Works-01. HOSPITAL(BLANK BILL).xlsx,47d79c95e2c3273f84778935276c94526e369cc1b1bc057f6b03c998f44e253f
복합일위대가,4482284BC070874912CC359D94218,CONCRETE SURFACE TREATMENT,CEILING,M2,3.0,0.0,0.0,3.0,,,,=일위대가!F491,=일위대가!H491,=일위대가!J491,=E92+F92+G92,일위대가목록,92,data/unpacked/L2025-00085-1/붙임2. 현지입찰(신규입찰) 서류 및 계약서류(안)/IKHCC Section 4 - IKHCC BLANK BOQ 250903_최종/1 Architectural & summery/BILL No1 -Architectural Works-01. HOSPITAL(BLANK BILL).xlsx,47d79c95e2c3273f84778935276c94526e369cc1b1bc057f6b03c998f44e253f
복합일위대가,4482284BC0762C32527F32009D274,Steel Troweled,Floor,M2,3.0,0.0,0.0,3.0,,,,=일위대가!F495,=일위대가!H495,=일위대가!J495,=E93+F93+G93,일위대가목록,93,data/unpacked/L2025-00085-1/붙임2. 현지입찰(신규입찰) 서류 및 계약서류(안)/IKHCC Section 4 - IKHCC BLANK BOQ 250903_최종/1 Architectural & summery/BILL No1 -Architectural Works-01. HOSPITAL(BLANK BILL).xlsx,47d79c95e2c3273f84778935276c94526e369cc1b1bc057f6b03c998f44e253f
복합일위대가,44822343DD798A2812ACA2BC9896B,Mortar Infill,Around The door & window,M,0.54,1.33,0.03,1.9000000000000001,,,,=일위대가!F503,=일위대가!H503,=일위대가!J503,=E94+F94+G94,일위대가목록,94,data/unpacked/L2025-00085-1/붙임2. 현지입찰(신규입찰) 서류 및 계약서류(안)/IKHCC Section 4 - IKHCC BLANK BOQ 250903_최종/1 Architectural & summery/BILL No1 -Architectural Works-01. HOSPITAL(BLANK BILL).xlsx,47d79c95e2c3273f84778935276c94526e369cc1b1bc057f6b03c998f44e253f
복합일위대가,44822343DD798A292213C43685E09,Urethane Foam Filling,Around The door & window,M,0.39,0.8,0.0,1.19,,,,=일위대가!F508,=일위대가!H508,=일위대가!J508,=E95+F95+G95,일위대가목록,95,data/unpacked/L2025-00085-1/붙임2. 현지입찰(신규입찰) 서류 및 계약서류(안)/IKHCC Section 4 - IKHCC BLANK BOQ 250903_최종/1 Architectural & summery/BILL No1 -Architectural Works-01. HOSPITAL(BLANK BILL).xlsx,47d79c95e2c3273f84778935276c94526e369cc1b1bc057f6b03c998f44e253f
복합일위대가,453125479B7D7FE4C224A493677E6,AD01/01. HOSPITAL/60*150 AL,0.900 x 1.800 = 1.620,EA,299.7,0.0,0.0,299.7,,,,=일위대가!F512,=일위대가!H512,=일위대가!J512,=E96+F96+G96,일위대가목록,96,data/unpacked/L2025-00085-1/붙임2. 현지입찰(신규입찰) 서류 및 계약서류(안)/IKHCC Section 4 - IKHCC BLANK BOQ 250903_최종/1 Architectural & summery/BILL No1 -Architectural Works-01. HOSPITAL(BLANK BILL).xlsx,47d79c95e2c3273f84778935276c94526e369cc1b1bc057f6b03c998f44e253f
복합일위대가,453125479B7D7FE4C224BA0035DEF,AG01/01. HOSPITAL/AL.Louver,2.475 x 1.800 = 4.455,EA,824.18,0.0,0.0,824.18,,,,=일위대가!F516,=일위대가!H516,=일위대가!J516,=E97+F97+G97,일위대가목록,97,data/unpacked/L2025-00085-1/붙임2. 현지입찰(신규입찰) 서류 및 계약서류(안)/IKHCC Section 4 - IKHCC BLANK BOQ 250903_최종/1 Architectural & summery/BILL No1 -Architectural Works-01. HOSPITAL(BLANK BILL).xlsx,47d79c95e2c3273f84778935276c94526e369cc1b1bc057f6b03c998f44e253f
복합일위대가,453125479B7D7FE4C224BA0035DED,AG02/01. HOSPITAL/AL.Louver,2.475 x 1.800 = 4.455,EA,824.18,0.0,0.0,824.18,,,,=일위대가!F520,=일위대가!H520,=일위대가!J520,=E98+F98+G98,일위대가목록,98,data/unpacked/L2025-00085-1/붙임2. 현지입찰(신규입찰) 서류 및 계약서류(안)/IKHCC Section 4 - IKHCC BLANK BOQ 250903_최종/1 Architectural & summery/BILL No1 -Architectural Works-01. HOSPITAL(BLANK BILL).xlsx,47d79c95e2c3273f84778935276c94526e369cc1b1bc057f6b03c998f44e253f
복합일위대가,453125479B7D7FE4C224A493677E4,AG02A/01. HOSPITAL/AL.Louver,1.420 x 2.400 = 3.408,EA,630.48,0.0,0.0,630.48,,,,=일위대가!F524,=일위대가!H524,=일위대가!J524,=E99+F99+G99,일위대가목록,99,data/unpacked/L2025-00085-1/붙임2. 현지입찰(신규입찰) 서류 및 계약서류(안)/IKHCC Section 4 - IKHCC BLANK BOQ 250903_최종/1 Architectural & summery/BILL No1 -Architectural Works-01. HOSPITAL(BLANK BILL).xlsx,47d79c95e2c3273f84778935276c94526e369cc1b1bc057f6b03c998f44e253f
복합일위대가,453125479B7D7FE4C224BA0035DEB,AG03/01. HOSPITAL/AL.Louver,2.450 x 0.550 = 1.347,EA,249.2,0.0,0.0,249.2,,,,=일위대가!F528,=일위대가!H528,=일위대가!J528,=E100+F100+G100,일위대가목록,100,data/unpacked/L2025-00085-1/붙임2. 현지입찰(신규입찰) 서류 및 계약서류(안)/IKHCC Section 4 - IKHCC BLANK BOQ 250903_최종/1 Architectural & summery/BILL No1 -Architectural Works-01. HOSPITAL(BLANK BILL).xlsx,47d79c95e2c3273f84778935276c94526e369cc1b1bc057f6b03c998f44e253f
복합일위대가,453125479B7D7FE4C224BA0035DE9,ASD01/01. HOSPITAL/45*150 ST [AUTO],3.000 x 2.300 = 6.900,EA,3097.65,528.99,238.29,3864.9300000000003,,,,=일위대가!F532,=일위대가!H532,=일위대가!J532,=E101+F101+G101,일위대가목록,101,data/unpacked/L2025-00085-1/붙임2. 현지입찰(신규입찰) 서류 및 계약서류(안)/IKHCC Section 4 - IKHCC BLANK BOQ 250903_최종/1 Architectural & summery/BILL No1 -Architectural Works-01. HOSPITAL(BLANK BILL).xlsx,47d79c95e2c3273f84778935276c94526e369cc1b1bc057f6b03c998f44e253f
복합일위대가,453125479B7D7FE4C224BA0035DE7,ASD01A/01. HOSPITAL/45*150 ST [AUTO],3.000 x 2.300 = 6.900,EA,3097.65,528.99,238.29,3864.9300000000003,,,,=일위대가!F536,=일위대가!H536,=일위대가!J536,=E102+F102+G102,일위대가목록,102,data/unpacked/L2025-00085-1/붙임2. 현지입찰(신규입찰) 서류 및 계약서류(안)/IKHCC Section 4 - IKHCC BLANK BOQ 250903_최종/1 Architectural & summery/BILL No1 -Architectural Works-01. HOSPITAL(BLANK BILL).xlsx,47d79c95e2c3273f84778935276c94526e369cc1b1bc057f6b03c998f44e253f
복합일위대가,453125479B7D7FE4C224BA0035CC6,ASD02/01. HOSPITAL/45*150 ST [AUTO],2.600 x 2.700 = 7.020,EA,3044.7,519.95,234.21,3798.8599999999997,,,,=일위대가!F540,=일위대가!H540,=일위대가!J540,=E103+F103+G103,일위대가목록,103,data/unpacked/L2025-00085-1/붙임2. 현지입찰(신규입찰) 서류 및 계약서류(안)/IKHCC Section 4 - IKHCC BLANK BOQ 250903_최종/1 Architectural & summery/BILL No1 -Architectural Works-01. HOSPITAL(BLANK BILL).xlsx,47d79c95e2c3273f84778935276c94526e369cc1b1bc057f6b03c998f44e253f
복합일위대가,453125479B7D7FE4C224BA0035CC4,ASD03/01. HOSPITAL/45*150 ST [AUTO],3.000 x 2.700 = 8.100,EA,3309.45,565.16,254.58,4129.19,,,,=일위대가!F544,=일위대가!H544,=일위대가!J544,=E104+F104+G104,일위대가목록,104,data/unpacked/L2025-00085-1/붙임2. 현지입찰(신규입찰) 서류 및 계약서류(안)/IKHCC Section 4 - IKHCC BLANK BOQ 250903_최종/1 Architectural & summery/BILL No1 -Architectural Works-01. HOSPITAL(BLANK BILL).xlsx,47d79c95e2c3273f84778935276c94526e369cc1b1bc057f6b03c998f44e253f
복합일위대가,453125479B7D7FE4C224BA0035CC2,ASD04/01. HOSPITAL/45*150 ST [AUTO],2.150 x 2.700 = 5.805,EA,2462.24,420.48,189.41,3072.1299999999997,,,,=일위대가!F548,=일위대가!H548,=일위대가!J548,=E105+F105+G105,일위대가목록,105,data/unpacked/L2025-00085-1/붙임2. 현지입찰(신규입찰) 서류 및 계약서류(안)/IKHCC Section 4 - IKHCC BLANK BOQ 250903_최종/1 Architectural & summery/BILL No1 -Architectural Works-01. HOSPITAL(BLANK BILL).xlsx,47d79c95e2c3273f84778935276c94526e369cc1b1bc057f6b03c998f44e253f
복합일위대가,453125479B7D7FE4C224BA0035CC0,ASD05/01. HOSPITAL/EGI [AUTO],3.000 x 2.400 = 7.200,EA,2118.05,361.7,162.93,2642.68,,,,=일위대가!F552,=일위대가!H552,=일위대가!J552,=E106+F106+G106,일위대가목록,106,data/unpacked/L2025-00085-1/붙임2. 현지입찰(신규입찰) 서류 및 계약서류(안)/IKHCC Section 4 - IKHCC BLANK BOQ 250903_최종/1 Architectural & summery/BILL No1 -Architectural Works-01. HOSPITAL(BLANK BILL).xlsx,47d79c95e2c3273f84778935276c94526e369cc1b1bc057f6b03c998f44e253f
복합일위대가,453125479B7D7FE4C224BA0035CCE,ASD06/01. HOSPITAL/45*150 ST [AUTO],3.800 x 2.700 = 10.260,EA,3786.02,646.54,291.24,4723.799999999999,,,,=일위대가!F556,=일위대가!H556,=일위대가!J556,=E107+F107+G107,일위대가목록,107,data/unpacked/L2025-00085-1/붙임2. 현지입찰(신규입찰) 서류 및 계약서류(안)/IKHCC Section 4 - IKHCC BLANK BOQ 250903_최종/1 Architectural & summery/BILL No1 -Architectural Works-01. HOSPITAL(BLANK BILL).xlsx,47d79c95e2c3273f84778935276c94526e369cc1b1bc057f6b03c998f44e253f
복합일위대가,453125479B7D7FE4C224BA0035F9D,ASD07/01. HOSPITAL/EGI [AUTO],2.600 x 2.400 = 6.240,EA,1720.92,293.88,132.38,2147.1800000000003,,,,=일위대가!F560,=일위대가!H560,=일위대가!J560,=E108+F108+G108,일위대가목록,108,data/unpacked/L2025-00085-1/붙임2. 현지입찰(신규입찰) 서류 및 계약서류(안)/IKHCC Section 4 - IKHCC BLANK BOQ 250903_최종/1 Architectural & summery/BILL No1 -Architectural Works-01. HOSPITAL(BLANK BILL).xlsx,47d79c95e2c3273f84778935276c94526e369cc1b1bc057f6b03c998f44e253f
복합일위대가,453125479B7D7FE4C224BA0035F99,AW01/01. HOSPITAL/60*150 AL,1.650 x 0.450 = 0.742,EA,137.27,0.0,0.0,137.27,,,,=일위대가!F564,=일위대가!H564,=일위대가!J564,=E109+F109+G109,일위대가목록,109,data/unpacked/L2025-00085-1/붙임2. 현지입찰(신규입찰) 서류 및 계약서류(안)/IKHCC Section 4 - IKHCC BLANK BOQ 250903_최종/1 Architectural & summery/BILL No1 -Architectural Works-01. HOSPITAL(BLANK BILL).xlsx,47d79c95e2c3273f84778935276c94526e369cc1b1bc057f6b03c998f44e253f
복합일위대가,453125479B7D7FE4C224BA0035F9B,AW02/01. HOSPITAL/60*150 AL,1.650 x 1.800 = 2.970,EA,549.45,0.0,0.0,549.45,,,,=일위대가!F568,=일위대가!H568,=일위대가!J568,=E110+F110+G110,일위대가목록,110,data/unpacked/L2025-00085-1/붙임2. 현지입찰(신규입찰) 서류 및 계약서류(안)/IKHCC Section 4 - IKHCC BLANK BOQ 250903_최종/1 Architectural & summery/BILL No1 -Architectural Works-01. HOSPITAL(BLANK BILL).xlsx,47d79c95e2c3273f84778935276c94526e369cc1b1bc057f6b03c998f44e253f
복합일위대가,453125479B7D7FE4C224BA0035F95,AW03/01. HOSPITAL/60*150 AL,0.825 x 1.800 = 1.485,EA,274.73,0.0,0.0,274.73,,,,=일위대가!F572,=일위대가!H572,=일위대가!J572,=E111+F111+G111,일위대가목록,111,data/unpacked/L2025-00085-1/붙임2. 현지입찰(신규입찰) 서류 및 계약서류(안)/IKHCC Section 4 - IKHCC BLANK BOQ 250903_최종/1 Architectural & summery/BILL No1 -Architectural Works-01. HOSPITAL(BLANK BILL).xlsx,47d79c95e2c3273f84778935276c94526e369cc1b1bc057f6b03c998f44e253f
복합일위대가,453125479B7D7FE4C224BA0035EF4,AW04/01. HOSPITAL/60*150 AL,1.250 x 0.550 = 0.687,EA,127.1,0.0,0.0,127.1,,,,=일위대가!F576,=일위대가!H576,=일위대가!J576,=E112+F112+G112,일위대가목록,112,data/unpacked/L2025-00085-1/붙임2. 현지입찰(신규입찰) 서류 및 계약서류(안)/IKHCC Section 4 - IKHCC BLANK BOQ 250903_최종/1 Architectural & summery/BILL No1 -Architectural Works-01. HOSPITAL(BLANK BILL).xlsx,47d79c95e2c3273f84778935276c94526e369cc1b1bc057f6b03c998f44e253f
복합일위대가,453125479B7D7FE4C224BA0035EF6,AW05/01. HOSPITAL/60*150 AL,0.825 x 2.700 = 2.227,EA,412.0,0.0,0.0,412.0,,,,=일위대가!F580,=일위대가!H580,=일위대가!J580,=E113+F113+G113,일위대가목록,113,data/unpacked/L2025-00085-1/붙임2. 현지입찰(신규입찰) 서류 및 계약서류(안)/IKHCC Section 4 - IKHCC BLANK BOQ 250903_최종/1 Architectural & summery/BILL No1 -Architectural Works-01. HOSPITAL(BLANK BILL).xlsx,47d79c95e2c3273f84778935276c94526e369cc1b1bc057f6b03c998f44e253f
복합일위대가,453125479B7D7FE4C224BA0035EF0,AW06/01. HOSPITAL/60*150 AL,8.775 x 3.600 = 31.590,EA,5844.15,0.0,0.0,5844.15,,,,=일위대가!F584,=일위대가!H584,=일위대가!J584,=E114+F114+G114,일위대가목록,114,data/unpacked/L2025-00085-1/붙임2. 현지입찰(신규입찰) 서류 및 계약서류(안)/IKHCC Section 4 - IKHCC BLANK BOQ 250903_최종/1 Architectural & summery/BILL No1 -Architectural Works-01. HOSPITAL(BLANK BILL).xlsx,47d79c95e2c3273f84778935276c94526e369cc1b1bc057f6b03c998f44e253f
복합일위대가,453125479B7D7FE4C224BA0035EF2,AW07/01. HOSPITAL/60*150 AL,5.330 x 2.700 = 14.391,EA,2662.34,0.0,0.0,2662.34,,,,=일위대가!F588,=일위대가!H588,=일위대가!J588,=E115+F115+G115,일위대가목록,115,data/unpacked/L2025-00085-1/붙임2. 현지입찰(신규입찰) 서류 및 계약서류(안)/IKHCC Section 4 - IKHCC BLANK BOQ 250903_최종/1 Architectural & summery/BILL No1 -Architectural Works-01. HOSPITAL(BLANK BILL).xlsx,47d79c95e2c3273f84778935276c94526e369cc1b1bc057f6b03c998f44e253f
복합일위대가,453125479B7D7FE4C224BA0035EFC,AW08/01. HOSPITAL/60*150 AL,1.650 x 1.800 = 2.970,EA,549.45,0.0,0.0,549.45,,,,=일위대가!F592,=일위대가!H592,=일위대가!J592,=E116+F116+G116,일위대가목록,116,data/unpacked/L2025-00085-1/붙임2. 현지입찰(신규입찰) 서류 및 계약서류(안)/IKHCC Section 4 - IKHCC BLANK BOQ 250903_최종/1 Architectural & summery/BILL No1 -Architectural Works-01. HOSPITAL(BLANK BILL).xlsx,47d79c95e2c3273f84778935276c94526e369cc1b1bc057f6b03c998f44e253f
복합일위대가,453125479B7D7FE4C224BA0035972,AW09/01. HOSPITAL/60*150 AL,4.125 x 1.800 = 7.425,EA,1373.63,0.0,0.0,1373.63,,,,=일위대가!F596,=일위대가!H596,=일위대가!J596,=E117+F117+G117,일위대가목록,117,data/unpacked/L2025-00085-1/붙임2. 현지입찰(신규입찰) 서류 및 계약서류(안)/IKHCC Section 4 - IKHCC BLANK BOQ 250903_최종/1 Architectural & summery/BILL No1 -Architectural Works-01. HOSPITAL(BLANK BILL).xlsx,47d79c95e2c3273f84778935276c94526e369cc1b1bc057f6b03c998f44e253f
복합일위대가,453125479B7D7FE4C224BA0035970,AW10/01. HOSPITAL/60*150 AL,1.520 x 1.200 = 1.824,EA,337.44,0.0,0.0,337.44,,,,=일위대가!F600,=일위대가!H600,=일위대가!J600,=E118+F118+G118,일위대가목록,118,data/unpacked/L2025-00085-1/붙임2. 현지입찰(신규입찰) 서류 및 계약서류(안)/IKHCC Section 4 - IKHCC BLANK BOQ 250903_최종/1 Architectural & summery/BILL No1 -Architectural Works-01. HOSPITAL(BLANK BILL).xlsx,47d79c95e2c3273f84778935276c94526e369cc1b1bc057f6b03c998f44e253f
복합일위대가,453125479B7D7FE4C224BA0035976,AW11/01. HOSPITAL/60*150 AL,7.660 x 3.600 = 27.576,EA,5101.56,0.0,0.0,5101.56,,,,=일위대가!F604,=일위대가!H604,=일위대가!J604,=E119+F119+G119,일위대가목록,119,data/unpacked/L2025-00085-1/붙임2. 현지입찰(신규입찰) 서류 및 계약서류(안)/IKHCC Section 4 - IKHCC BLANK BOQ 250903_최종/1 Architectural & summery/BILL No1 -Architectural Works-01. HOSPITAL(BLANK BILL).xlsx,47d79c95e2c3273f84778935276c94526e369cc1b1bc057f6b03c998f44e253f
복합일위대가,453125479B7D7FE4C224BA0035974,AW12/01. HOSPITAL/60*150 AL,2.370 x 1.200 = 2.844,EA,526.14,0.0,0.0,526.14,,,,=일위대가!F608,=일위대가!H608,=일위대가!J608,=E120+F120+G120,일위대가목록,120,data/unpacked/L2025-00085-1/붙임2. 현지입찰(신규입찰) 서류 및 계약서류(안)/IKHCC Section 4 - IKHCC BLANK BOQ 250903_최종/1 Architectural & summery/BILL No1 -Architectural Works-01. HOSPITAL(BLANK BILL).xlsx,47d79c95e2c3273f84778935276c94526e369cc1b1bc057f6b03c998f44e253f
복합일위대가,453125479B7D7FE4C224BA003597A,AW13/01. HOSPITAL/60*150 AL,0.825 x 1.200 = 0.990,EA,183.15,0.0,0.0,183.15,,,,=일위대가!F612,=일위대가!H612,=일위대가!J612,=E121+F121+G121,일위대가목록,121,data/unpacked/L2025-00085-1/붙임2. 현지입찰(신규입찰) 서류 및 계약서류(안)/IKHCC Section 4 - IKHCC BLANK BOQ 250903_최종/1 Architectural & summery/BILL No1 -Architectural Works-01. HOSPITAL(BLANK BILL).xlsx,47d79c95e2c3273f84778935276c94526e369cc1b1bc057f6b03c998f44e253f
복합일위대가,453125479B7D7FE4C224BA003586D,AW13A/01. HOSPITAL/60*150 AL,0.825 x 1.500 = 1.237,EA,228.85,0.0,0.0,228.85,,,,=일위대가!F616,=일위대가!H616,=일위대가!J616,=E122+F122+G122,일위대가목록,122,data/unpacked/L2025-00085-1/붙임2. 현지입찰(신규입찰) 서류 및 계약서류(안)/IKHCC Section 4 - IKHCC BLANK BOQ 250903_최종/1 Architectural & summery/BILL No1 -Architectural Works-01. HOSPITAL(BLANK BILL).xlsx,47d79c95e2c3273f84778935276c94526e369cc1b1bc057f6b03c998f44e253f
복합일위대가,453125479B7D7FE4C224BA003586F,AW14/01. HOSPITAL/60*150 AL,1.650 x 2.700 = 4.455,EA,824.18,0.0,0.0,824.18,,,,=일위대가!F620,=일위대가!H620,=일위대가!J620,=E123+F123+G123,일위대가목록,123,data/unpacked/L2025-00085-1/붙임2. 현지입찰(신규입찰) 서류 및 계약서류(안)/IKHCC Section 4 - IKHCC BLANK BOQ 250903_최종/1 Architectural & summery/BILL No1 -Architectural Works-01. HOSPITAL(BLANK BILL).xlsx,47d79c95e2c3273f84778935276c94526e369cc1b1bc057f6b03c998f44e253f
복합일위대가,453125479B7D7FE4C224BA0035869,AW15/01. HOSPITAL/60*150 AL,2.370 x 1.200 = 2.844,EA,526.14,0.0,0.0,526.14,,,,=일위대가!F624,=일위대가!H624,=일위대가!J624,=E124+F124+G124,일위대가목록,124,data/unpacked/L2025-00085-1/붙임2. 현지입찰(신규입찰) 서류 및 계약서류(안)/IKHCC Section 4 - IKHCC BLANK BOQ 250903_최종/1 Architectural & summery/BILL No1 -Architectural Works-01. HOSPITAL(BLANK BILL).xlsx,47d79c95e2c3273f84778935276c94526e369cc1b1bc057f6b03c998f44e253f
복합일위대가,453125479B7D7FE4C224BA003586B,AW16/01. HOSPITAL/60*150 AL,2.370 x 1.200 = 2.844,EA,526.14,0.0,0.0,526.14,,,,=일위대가!F628,=일위대가!H628,=일위대가!J628,=E125+F125+G125,일위대가목록,125,data/unpacked/L2025-00085-1/붙임2. 현지입찰(신규입찰) 서류 및 계약서류(안)/IKHCC Section 4 - IKHCC BLANK BOQ 250903_최종/1 Architectural & summery/BILL No1 -Architectural Works-01. HOSPITAL(BLANK BILL).xlsx,47d79c95e2c3273f84778935276c94526e369cc1b1bc057f6b03c998f44e253f
복합일위대가,453125479B7D7FE4C224BA0035865,AW16A/01. HOSPITAL/60*150 AL,1.770 x 1.200 = 2.124,EA,392.94,0.0,0.0,392.94,,,,=일위대가!F632,=일위대가!H632,=일위대가!J632,=E126+F126+G126,일위대가목록,126,data/unpacked/L2025-00085-1/붙임2. 현지입찰(신규입찰) 서류 및 계약서류(안)/IKHCC Section 4 - IKHCC BLANK BOQ 250903_최종/1 Architectural & summery/BILL No1 -Architectural Works-01. HOSPITAL(BLANK BILL).xlsx,47d79c95e2c3273f84778935276c94526e369cc1b1bc057f6b03c998f44e253f
복합일위대가,453125479B7D7FE4C224BA0035B20,AW17/01. HOSPITAL/60*150 AL,2.735 x 2.700 = 7.384,EA,1366.04,0.0,0.0,1366.04,,,,=일위대가!F636,=일위대가!H636,=일위대가!J636,=E127+F127+G127,일위대가목록,127,data/unpacked/L2025-00085-1/붙임2. 현지입찰(신규입찰) 서류 및 계약서류(안)/IKHCC Section 4 - IKHCC BLANK BOQ 250903_최종/1 Architectural & summery/BILL No1 -Architectural Works-01. HOSPITAL(BLANK BILL).xlsx,47d79c95e2c3273f84778935276c94526e369cc1b1bc057f6b03c998f44e253f
복합일위대가,453125479B7D7FE4C224BA0035B22,AW17A/01. HOSPITAL/60*150 AL,2.735 x 2.400 = 6.564,EA,1214.34,0.0,0.0,1214.34,,,,=일위대가!F640,=일위대가!H640,=일위대가!J640,=E128+F128+G128,일위대가목록,128,data/unpacked/L2025-00085-1/붙임2. 현지입찰(신규입찰) 서류 및 계약서류(안)/IKHCC Section 4 - IKHCC BLANK BOQ 250903_최종/1 Architectural & summery/BILL No1 -Architectural Works-01. HOSPITAL(BLANK BILL).xlsx,47d79c95e2c3273f84778935276c94526e369cc1b1bc057f6b03c998f44e253f
복합일위대가,453125479B7D7FE4C224BA0035B24,AW17B/01. HOSPITAL/60*150 AL,2.945 x 2.700 = 7.951,EA,1470.94,0.0,0.0,1470.94,,,,=일위대가!F644,=일위대가!H644,=일위대가!J644,=E129+F129+G129,일위대가목록,129,data/unpacked/L2025-00085-1/붙임2. 현지입찰(신규입찰) 서류 및 계약서류(안)/IKHCC Section 4 - IKHCC BLANK BOQ 250903_최종/1 Architectural & summery/BILL No1 -Architectural Works-01. HOSPITAL(BLANK BILL).xlsx,47d79c95e2c3273f84778935276c94526e369cc1b1bc057f6b03c998f44e253f
복합일위대가,453125479B7D7FE4C224BA0035B26,AW18/01. HOSPITAL/60*150 AL,0.760 x 1.800 = 1.368,EA,253.08,0.0,0.0,253.08,,,,=일위대가!F648,=일위대가!H648,=일위대가!J648,=E130+F130+G130,일위대가목록,130,data/unpacked/L2025-00085-1/붙임2. 현지입찰(신규입찰) 서류 및 계약서류(안)/IKHCC Section 4 - IKHCC BLANK BOQ 250903_최종/1 Architectural & summery/BILL No1 -Architectural Works-01. HOSPITAL(BLANK BILL).xlsx,47d79c95e2c3273f84778935276c94526e369cc1b1bc057f6b03c998f44e253f
복합일위대가,453125479B7D7FE4C224BA0035B28,AW18A/01. HOSPITAL/60*150 AL,0.760 x 2.700 = 2.052,EA,379.62,0.0,0.0,379.62,,,,=일위대가!F652,=일위대가!H652,=일위대가!J652,=E131+F131+G131,일위대가목록,131,data/unpacked/L2025-00085-1/붙임2. 현지입찰(신규입찰) 서류 및 계약서류(안)/IKHCC Section 4 - IKHCC BLANK BOQ 250903_최종/1 Architectural & summery/BILL No1 -Architectural Works-01. HOSPITAL(BLANK BILL).xlsx,47d79c95e2c3273f84778935276c94526e369cc1b1bc057f6b03c998f44e253f
복합일위대가,453125479B7D7FE4C224BA0035A1D,AW20/01. HOSPITAL/60*150 AL,2.370 x 1.500 = 3.555,EA,657.68,0.0,0.0,657.68,,,,=일위대가!F656,=일위대가!H656,=일위대가!J656,=E132+F132+G132,일위대가목록,132,data/unpacked/L2025-00085-1/붙임2. 현지입찰(신규입찰) 서류 및 계약서류(안)/IKHCC Section 4 - IKHCC BLANK BOQ 250903_최종/1 Architectural & summery/BILL No1 -Architectural Works-01. HOSPITAL(BLANK BILL).xlsx,47d79c95e2c3273f84778935276c94526e369cc1b1bc057f6b03c998f44e253f
복합일위대가,453125479B7D7FE4C224BA0035A13,AW21/01. HOSPITAL/60*150 AL,0.760 x 1.500 = 1.140,EA,210.9,0.0,0.0,210.9,,,,=일위대가!F660,=일위대가!H660,=일위대가!J660,=E133+F133+G133,일위대가목록,133,data/unpacked/L2025-00085-1/붙임2. 현지입찰(신규입찰) 서류 및 계약서류(안)/IKHCC Section 4 - IKHCC BLANK BOQ 250903_최종/1 Architectural & summery/BILL No1 -Architectural Works-01. HOSPITAL(BLANK BILL).xlsx,47d79c95e2c3273f84778935276c94526e369cc1b1bc057f6b03c998f44e253f
복합일위대가,453125479B7D7FE4C224BA0035599,AW21A/01. HOSPITAL/60*150 AL,0.760 x 2.400 = 1.824,EA,337.44,0.0,0.0,337.44,,,,=일위대가!F664,=일위대가!H664,=일위대가!J664,=E134+F134+G134,일위대가목록,134,data/unpacked/L2025-00085-1/붙임2. 현지입찰(신규입찰) 서류 및 계약서류(안)/IKHCC Section 4 - IKHCC BLANK BOQ 250903_최종/1 Architectural & summery/BILL No1 -Architectural Works-01. HOSPITAL(BLANK BILL).xlsx,47d79c95e2c3273f84778935276c94526e369cc1b1bc057f6b03c998f44e253f
복합일위대가,453125479B7D7FE4C224BA003559B,AW22/01. HOSPITAL/60*150 AL,0.760 x 0.450 = 0.342,EA,63.27,0.0,0.0,63.27,,,,=일위대가!F668,=일위대가!H668,=일위대가!J668,=E135+F135+G135,일위대가목록,135,data/unpacked/L2025-00085-1/붙임2. 현지입찰(신규입찰) 서류 및 계약서류(안)/IKHCC Section 4 - IKHCC BLANK BOQ 250903_최종/1 Architectural & summery/BILL No1 -Architectural Works-01. HOSPITAL(BLANK BILL).xlsx,47d79c95e2c3273f84778935276c94526e369cc1b1bc057f6b03c998f44e253f
복합일위대가,453125479B7D7FE4C224BA003559D,AW22A/01. HOSPITAL/60*150 AL,0.825 x 0.550 = 0.453,EA,83.81,0.0,0.0,83.81,,,,=일위대가!F672,=일위대가!H672,=일위대가!J672,=E136+F136+G136,일위대가목록,136,data/unpacked/L2025-00085-1/붙임2. 현지입찰(신규입찰) 서류 및 계약서류(안)/IKHCC Section 4 - IKHCC BLANK BOQ 250903_최종/1 Architectural & summery/BILL No1 -Architectural Works-01. HOSPITAL(BLANK BILL).xlsx,47d79c95e2c3273f84778935276c94526e369cc1b1bc057f6b03c998f44e253f
복합일위대가,453125479B7D7FE4C224BA003559F,AW23/01. HOSPITAL/60*150 AL,2.100 x 2.400 = 5.040,EA,932.4,0.0,0.0,932.4,,,,=일위대가!F676,=일위대가!H676,=일위대가!J676,=E137+F137+G137,일위대가목록,137,data/unpacked/L2025-00085-1/붙임2. 현지입찰(신규입찰) 서류 및 계약서류(안)/IKHCC Section 4 - IKHCC BLANK BOQ 250903_최종/1 Architectural & summery/BILL No1 -Architectural Works-01. HOSPITAL(BLANK BILL).xlsx,47d79c95e2c3273f84778935276c94526e369cc1b1bc057f6b03c998f44e253f
복합일위대가,453125479B7D7FE4C224BA0035591,AW23A/01. HOSPITAL/60*150 AL,2.100 x 2.700 = 5.670,EA,1048.95,0.0,0.0,1048.95,,,,=일위대가!F680,=일위대가!H680,=일위대가!J680,=E138+F138+G138,일위대가목록,138,data/unpacked/L2025-00085-1/붙임2. 현지입찰(신규입찰) 서류 및 계약서류(안)/IKHCC Section 4 - IKHCC BLANK BOQ 250903_최종/1 Architectural & summery/BILL No1 -Architectural Works-01. HOSPITAL(BLANK BILL).xlsx,47d79c95e2c3273f84778935276c94526e369cc1b1bc057f6b03c998f44e253f
복합일위대가,453125479B7D7FE4C224BA00354F0,AW24/01. HOSPITAL/60*150 AL,7.660 x 4.440 = 34.010,EA,6291.85,0.0,0.0,6291.85,,,,=일위대가!F684,=일위대가!H684,=일위대가!J684,=E139+F139+G139,일위대가목록,139,data/unpacked/L2025-00085-1/붙임2. 현지입찰(신규입찰) 서류 및 계약서류(안)/IKHCC Section 4 - IKHCC BLANK BOQ 250903_최종/1 Architectural & summery/BILL No1 -Architectural Works-01. HOSPITAL(BLANK BILL).xlsx,47d79c95e2c3273f84778935276c94526e369cc1b1bc057f6b03c998f44e253f
복합일위대가,453125479B7D7FE4C224BA00354F2,AW25/01. HOSPITAL/60*150 AL,1.650 x 2.400 = 3.960,EA,732.6,0.0,0.0,732.6,,,,=일위대가!F688,=일위대가!H688,=일위대가!J688,=E140+F140+G140,일위대가목록,140,data/unpacked/L2025-00085-1/붙임2. 현지입찰(신규입찰) 서류 및 계약서류(안)/IKHCC Section 4 - IKHCC BLANK BOQ 250903_최종/1 Architectural & summery/BILL No1 -Architectural Works-01. HOSPITAL(BLANK BILL).xlsx,47d79c95e2c3273f84778935276c94526e369cc1b1bc057f6b03c998f44e253f
복합일위대가,453125479B7D7FE4C224BA00354F4,AW26/01. HOSPITAL/60*150 AL,4.450 x 0.900 = 4.005,EA,740.93,0.0,0.0,740.93,,,,=일위대가!F692,=일위대가!H692,=일위대가!J692,=E141+F141+G141,일위대가목록,141,data/unpacked/L2025-00085-1/붙임2. 현지입찰(신규입찰) 서류 및 계약서류(안)/IKHCC Section 4 - IKHCC BLANK BOQ 250903_최종/1 Architectural & summery/BILL No1 -Architectural Works-01. HOSPITAL(BLANK BILL).xlsx,47d79c95e2c3273f84778935276c94526e369cc1b1bc057f6b03c998f44e253f
복합일위대가,453125479B7D7FE4C224BA00354F6,AW27/01. HOSPITAL/60*150 AL,2.250 x 0.900 = 2.025,EA,374.63,0.0,0.0,374.63,,,,=일위대가!F696,=일위대가!H696,=일위대가!J696,=E142+F142+G142,일위대가목록,142,data/unpacked/L2025-00085-1/붙임2. 현지입찰(신규입찰) 서류 및 계약서류(안)/IKHCC Section 4 - IKHCC BLANK BOQ 250903_최종/1 Architectural & summery/BILL No1 -Architectural Works-01. HOSPITAL(BLANK BILL).xlsx,47d79c95e2c3273f84778935276c94526e369cc1b1bc057f6b03c998f44e253f
복합일위대가,453125479B7D7FE4C224BA002B665,AW29/01. HOSPITAL/60*150 AL,3.350 x 1.750 = 5.862,EA,1084.47,0.0,0.0,1084.47,,,,=일위대가!F700,=일위대가!H700,=일위대가!J700,=E143+F143+G143,일위대가목록,143,data/unpacked/L2025-00085-1/붙임2. 현지입찰(신규입찰) 서류 및 계약서류(안)/IKHCC Section 4 - IKHCC BLANK BOQ 250903_최종/1 Architectural & summery/BILL No1 -Architectural Works-01. HOSPITAL(BLANK BILL).xlsx,47d79c95e2c3273f84778935276c94526e369cc1b1bc057f6b03c998f44e253f
복합일위대가,453125479B7D7FE4C224BA002B667,AW30/01. HOSPITAL/60*150 AL,6.085 x 2.100 = 12.778,EA,2363.93,0.0,0.0,2363.93,,,,=일위대가!F704,=일위대가!H704,=일위대가!J704,=E144+F144+G144,일위대가목록,144,data/unpacked/L2025-00085-1/붙임2. 현지입찰(신규입찰) 서류 및 계약서류(안)/IKHCC Section 4 - IKHCC BLANK BOQ 250903_최종/1 Architectural & summery/BILL No1 -Architectural Works-01. HOSPITAL(BLANK BILL).xlsx,47d79c95e2c3273f84778935276c94526e369cc1b1bc057f6b03c998f44e253f
복합일위대가,453125479B7D7FE4C224BA002B661,AW31/01. HOSPITAL/60*150 AL,1.200 x 1.500 = 1.800,EA,333.0,0.0,0.0,333.0,,,,=일위대가!F708,=일위대가!H708,=일위대가!J708,=E145+F145+G145,일위대가목록,145,data/unpacked/L2025-00085-1/붙임2. 현지입찰(신규입찰) 서류 및 계약서류(안)/IKHCC Section 4 - IKHCC BLANK BOQ 250903_최종/1 Architectural & summery/BILL No1 -Architectural Works-01. HOSPITAL(BLANK BILL).xlsx,47d79c95e2c3273f84778935276c94526e369cc1b1bc057f6b03c998f44e253f
복합일위대가,453125479B7D7FE4C224BA002B663,AW32/01. HOSPITAL/60*150 AL,3.250 x 0.450 = 1.462,EA,270.47,0.0,0.0,270.47,,,,=일위대가!F712,=일위대가!H712,=일위대가!J712,=E146+F146+G146,일위대가목록,146,data/unpacked/L2025-00085-1/붙임2. 현지입찰(신규입찰) 서류 및 계약서류(안)/IKHCC Section 4 - IKHCC BLANK BOQ 250903_최종/1 Architectural & summery/BILL No1 -Architectural Works-01. HOSPITAL(BLANK BILL).xlsx,47d79c95e2c3273f84778935276c94526e369cc1b1bc057f6b03c998f44e253f
복합일위대가,453125479B7D7FE4C224BA002B66D,CAW01/01. HOSPITAL/60*150 AL,0.825 x 7.200 = 5.940,EA,1098.9,0.0,0.0,1098.9,,,,=일위대가!F716,=일위대가!H716,=일위대가!J716,=E147+F147+G147,일위대가목록,147,data/unpacked/L2025-00085-1/붙임2. 현지입찰(신규입찰) 서류 및 계약서류(안)/IKHCC Section 4 - IKHCC BLANK BOQ 250903_최종/1 Architectural & summery/BILL No1 -Architectural Works-01. HOSPITAL(BLANK BILL).xlsx,47d79c95e2c3273f84778935276c94526e369cc1b1bc057f6b03c998f44e253f
복합일위대가,453125479B7D7FE4C224BA002B70A,CAW02/01. HOSPITAL/60*150 AL,0.825 x 9.240 = 7.623,EA,1410.26,0.0,0.0,1410.26,,,,=일위대가!F720,=일위대가!H720,=일위대가!J720,=E148+F148+G148,일위대가목록,148,data/unpacked/L2025-00085-1/붙임2. 현지입찰(신규입찰) 서류 및 계약서류(안)/IKHCC Section 4 - IKHCC BLANK BOQ 250903_최종/1 Architectural & summery/BILL No1 -Architectural Works-01. HOSPITAL(BLANK BILL).xlsx,47d79c95e2c3273f84778935276c94526e369cc1b1bc057f6b03c998f44e253f
복합일위대가,453125479B7D7FE4C224BA002B708,CAW03/01. HOSPITAL/60*150 AL,0.825 x 11.850 = 9.776,EA,1808.56,0.0,0.0,1808.56,,,,=일위대가!F724,=일위대가!H724,=일위대가!J724,=E149+F149+G149,일위대가목록,149,data/unpacked/L2025-00085-1/붙임2. 현지입찰(신규입찰) 서류 및 계약서류(안)/IKHCC Section 4 - IKHCC BLANK BOQ 250903_최종/1 Architectural & summery/BILL No1 -Architectural Works-01. HOSPITAL(BLANK BILL).xlsx,47d79c95e2c3273f84778935276c94526e369cc1b1bc057f6b03c998f44e253f
복합일위대가,453125479B7D7FE4C224BA002B70E,CAW04/01. HOSPITAL/60*150 AL,0.825 x 9.300 = 7.672,EA,1419.32,0.0,0.0,1419.32,,,,=일위대가!F728,=일위대가!H728,=일위대가!J728,=E150+F150+G150,일위대가목록,150,data/unpacked/L2025-00085-1/붙임2. 현지입찰(신규입찰) 서류 및 계약서류(안)/IKHCC Section 4 - IKHCC BLANK BOQ 250903_최종/1 Architectural & summery/BILL No1 -Architectural Works-01. HOSPITAL(BLANK BILL).xlsx,47d79c95e2c3273f84778935276c94526e369cc1b1bc057f6b03c998f44e253f
복합일위대가,453125479B7D7FE4C224BA002B70C,CAW05/01. HOSPITAL/60*150 AL HIDDEN,12.100 x 7.200 = 59.740,EA,11051.9,0.0,0.0,11051.9,,,,=일위대가!F732,=일위대가!H732,=일위대가!J732,=E151+F151+G151,일위대가목록,151,data/unpacked/L2025-00085-1/붙임2. 현지입찰(신규입찰) 서류 및 계약서류(안)/IKHCC Section 4 - IKHCC BLANK BOQ 250903_최종/1 Architectural & summery/BILL No1 -Architectural Works-01. HOSPITAL(BLANK BILL).xlsx,47d79c95e2c3273f84778935276c94526e369cc1b1bc057f6b03c998f44e253f
복합일위대가,453125479B7D7FE4C224BA002B702,FSD01/01. HOSPITAL/STL SINGLE DOOR,1.050 x 2.200 = 2.310,EA,392.55,37.47,0.97,430.99,,,,=일위대가!F737,=일위대가!H737,=일위대가!J737,=E152+F152+G152,일위대가목록,152,data/unpacked/L2025-00085-1/붙임2. 현지입찰(신규입찰) 서류 및 계약서류(안)/IKHCC Section 4 - IKHCC BLANK BOQ 250903_최종/1 Architectural & summery/BILL No1 -Architectural Works-01. HOSPITAL(BLANK BILL).xlsx,47d79c95e2c3273f84778935276c94526e369cc1b1bc057f6b03c998f44e253f
복합일위대가,453125479B7D7FE4C224BA002B4B6,FSD02/01. HOSPITAL/STL DOUBLE DOOR,1.800 x 2.200 = 3.960,EA,646.81,48.6,1.26,696.67,,,,=일위대가!F742,=일위대가!H742,=일위대가!J742,=E153+F153+G153,일위대가목록,153,data/unpacked/L2025-00085-1/붙임2. 현지입찰(신규입찰) 서류 및 계약서류(안)/IKHCC Section 4 - IKHCC BLANK BOQ 250903_최종/1 Architectural & summery/BILL No1 -Architectural Works-01. HOSPITAL(BLANK BILL).xlsx,47d79c95e2c3273f84778935276c94526e369cc1b1bc057f6b03c998f44e253f
복합일위대가,453125479B7D7FE4C224BA002B4B4,FSD03/01. HOSPITAL/STL SINGLE DOOR,0.750 x 1.900 = 1.425,EA,242.16,37.47,0.97,280.6,,,,=일위대가!F747,=일위대가!H747,=일위대가!J747,=E154+F154+G154,일위대가목록,154,data/unpacked/L2025-00085-1/붙임2. 현지입찰(신규입찰) 서류 및 계약서류(안)/IKHCC Section 4 - IKHCC BLANK BOQ 250903_최종/1 Architectural & summery/BILL No1 -Architectural Works-01. HOSPITAL(BLANK BILL).xlsx,47d79c95e2c3273f84778935276c94526e369cc1b1bc057f6b03c998f44e253f
복합일위대가,453125479B7D7FE4C224BA002B4B2,FSST01/01. HOSPITAL/SHUTTER,12.750 x 2.700 = 34.425,EA,9879.94,0.0,0.0,9879.94,,,,=일위대가!F759,=일위대가!H759,=일위대가!J759,=E155+F155+G155,일위대가목록,155,data/unpacked/L2025-00085-1/붙임2. 현지입찰(신규입찰) 서류 및 계약서류(안)/IKHCC Section 4 - IKHCC BLANK BOQ 250903_최종/1 Architectural & summery/BILL No1 -Architectural Works-01. HOSPITAL(BLANK BILL).xlsx,47d79c95e2c3273f84778935276c94526e369cc1b1bc057f6b03c998f44e253f
복합일위대가,453125479B7D7FE4C224BA002B4B1,FSST02/01. HOSPITAL/SHUTTER,3.050 x 2.700 = 8.235,EA,3212.67,0.0,0.0,3212.67,,,,=일위대가!F771,=일위대가!H771,=일위대가!J771,=E156+F156+G156,일위대가목록,156,data/unpacked/L2025-00085-1/붙임2. 현지입찰(신규입찰) 서류 및 계약서류(안)/IKHCC Section 4 - IKHCC BLANK BOQ 250903_최종/1 Architectural & summery/BILL No1 -Architectural Works-01. HOSPITAL(BLANK BILL).xlsx,47d79c95e2c3273f84778935276c94526e369cc1b1bc057f6b03c998f44e253f
복합일위대가,453125479B7D7FE4C224BA002B4B0,LASD01/01. HOSPITAL/LEAD SHIELDING DOOR,3.000 x 2.400 = 7.200,EA,3971.34,678.19,305.49,4955.02,,,,=일위대가!F775,=일위대가!H775,=일위대가!J775,=E157+F157+G157,일위대가목록,157,data/unpacked/L2025-00085-1/붙임2. 현지입찰(신규입찰) 서류 및 계약서류(안)/IKHCC Section 4 - IKHCC BLANK BOQ 250903_최종/1 Architectural & summery/BILL No1 -Architectural Works-01. HOSPITAL(BLANK BILL).xlsx,47d79c95e2c3273f84778935276c94526e369cc1b1bc057f6b03c998f44e253f
복합일위대가,453125479B7D7FE4C224BA002B4BE,LSD01/01. HOSPITAL/STL SINGLE DOOR,1.000 x 2.200 = 2.200,EA,373.86,37.47,0.97,412.30000000000007,,,,=일위대가!F780,=일위대가!H780,=일위대가!J780,=E158+F158+G158,일위대가목록,158,data/unpacked/L2025-00085-1/붙임2. 현지입찰(신규입찰) 서류 및 계약서류(안)/IKHCC Section 4 - IKHCC BLANK BOQ 250903_최종/1 Architectural & summery/BILL No1 -Architectural Works-01. HOSPITAL(BLANK BILL).xlsx,47d79c95e2c3273f84778935276c94526e369cc1b1bc057f6b03c998f44e253f
복합일위대가,453125479B7D7FE4C224BA002B55C,LSD02/01. HOSPITAL/STL SINGLE DOOR,1.200 x 2.200 = 2.640,EA,448.63,37.47,0.97,487.07000000000005,,,,=일위대가!F785,=일위대가!H785,=일위대가!J785,=E159+F159+G159,일위대가목록,159,data/unpacked/L2025-00085-1/붙임2. 현지입찰(신규입찰) 서류 및 계약서류(안)/IKHCC Section 4 - IKHCC BLANK BOQ 250903_최종/1 Architectural & summery/BILL No1 -Architectural Works-01. HOSPITAL(BLANK BILL).xlsx,47d79c95e2c3273f84778935276c94526e369cc1b1bc057f6b03c998f44e253f
복합일위대가,453125479B7D7FE4C224BA002B55E,LSW01/01. HOSPITAL/LEADSHIELDINGWINDOW,1.850 x 0.850 = 1.572,EA,247.18,38.16,0.0,285.34000000000003,,,,=일위대가!F791,=일위대가!H791,=일위대가!J791,=E160+F160+G160,일위대가목록,160,data/unpacked/L2025-00085-1/붙임2. 현지입찰(신규입찰) 서류 및 계약서류(안)/IKHCC Section 4 - IKHCC BLANK BOQ 250903_최종/1 Architectural & summery/BILL No1 -Architectural Works-01. HOSPITAL(BLANK BILL).xlsx,47d79c95e2c3273f84778935276c94526e369cc1b1bc057f6b03c998f44e253f
복합일위대가,453125479B7D7FE4C224BA002B558,SD01/01. HOSPITAL/STL SINGLE DOOR,1.000 x 2.200 = 2.200,EA,241.06,37.47,0.97,279.5,,,,=일위대가!F796,=일위대가!H796,=일위대가!J796,=E161+F161+G161,일위대가목록,161,data/unpacked/L2025-00085-1/붙임2. 현지입찰(신규입찰) 서류 및 계약서류(안)/IKHCC Section 4 - IKHCC BLANK BOQ 250903_최종/1 Architectural & summery/BILL No1 -Architectural Works-01. HOSPITAL(BLANK BILL).xlsx,47d79c95e2c3273f84778935276c94526e369cc1b1bc057f6b03c998f44e253f
복합일위대가,453125479B7D7FE4C224BA002B55A,SD02/01. HOSPITAL/STL SINGLE DOOR,0.900 x 2.200 = 1.980,EA,216.95,37.47,0.97,255.39,,,,=일위대가!F801,=일위대가!H801,=일위대가!J801,=E162+F162+G162,일위대가목록,162,data/unpacked/L2025-00085-1/붙임2. 현지입찰(신규입찰) 서류 및 계약서류(안)/IKHCC Section 4 - IKHCC BLANK BOQ 250903_최종/1 Architectural & summery/BILL No1 -Architectural Works-01. HOSPITAL(BLANK BILL).xlsx,47d79c95e2c3273f84778935276c94526e369cc1b1bc057f6b03c998f44e253f
복합일위대가,453125479B7D7FE4C224BA002B554,SD03/01. HOSPITAL/STL DOUBLE DOOR,1.500 x 2.200 = 3.300,EA,341.15,48.6,1.26,391.01,,,,=일위대가!F806,=일위대가!H806,=일위대가!J806,=E163+F163+G163,일위대가목록,163,data/unpacked/L2025-00085-1/붙임2. 현지입찰(신규입찰) 서류 및 계약서류(안)/IKHCC Section 4 - IKHCC BLANK BOQ 250903_최종/1 Architectural & summery/BILL No1 -Architectural Works-01. HOSPITAL(BLANK BILL).xlsx,47d79c95e2c3273f84778935276c94526e369cc1b1bc057f6b03c998f44e253f
복합일위대가,453125479B7D7FE4C224BA002B288,SD04/01. HOSPITAL/STL DOUBLE DOOR,1.800 x 2.200 = 3.960,EA,409.38,48.6,1.26,459.24,,,,=일위대가!F811,=일위대가!H811,=일위대가!J811,=E164+F164+G164,일위대가목록,164,data/unpacked/L2025-00085-1/붙임2. 현지입찰(신규입찰) 서류 및 계약서류(안)/IKHCC Section 4 - IKHCC BLANK BOQ 250903_최종/1 Architectural & summery/BILL No1 -Architectural Works-01. HOSPITAL(BLANK BILL).xlsx,47d79c95e2c3273f84778935276c94526e369cc1b1bc057f6b03c998f44e253f
복합일위대가,453125479B7D7FE4C224BA002B28A,SD05/01. HOSPITAL/STL SINGLE DOOR,1.100 x 2.100 = 2.310,EA,253.11,37.47,0.97,291.55000000000007,,,,=일위대가!F816,=일위대가!H816,=일위대가!J816,=E165+F165+G165,일위대가목록,165,data/unpacked/L2025-00085-1/붙임2. 현지입찰(신규입찰) 서류 및 계약서류(안)/IKHCC Section 4 - IKHCC BLANK BOQ 250903_최종/1 Architectural & summery/BILL No1 -Architectural Works-01. HOSPITAL(BLANK BILL).xlsx,47d79c95e2c3273f84778935276c94526e369cc1b1bc057f6b03c998f44e253f
복합일위대가,453125479B7D7FE4C224BA002B28C,SSD01/01. HOSPITAL/60*150 ST,11.300 x 3.250 = 29.825,EA,3767.3,586.98,0.0,4354.280000000001,,,,=일위대가!F822,=일위대가!H822,=일위대가!J822,=E166+F166+G166,일위대가목록,166,data/unpacked/L2025-00085-1/붙임2. 현지입찰(신규입찰) 서류 및 계약서류(안)/IKHCC Section 4 - IKHCC BLANK BOQ 250903_최종/1 Architectural & summery/BILL No1 -Architectural Works-01. HOSPITAL(BLANK BILL).xlsx,47d79c95e2c3273f84778935276c94526e369cc1b1bc057f6b03c998f44e253f
복합일위대가,453125479B7D7FE4C224BA002B28E,SSD01A/01. HOSPITAL/60*150 ST,5.980 x 2.700 = 9.246,EA,1283.82,198.38,0.0,1482.1999999999998,,,,=일위대가!F828,=일위대가!H828,=일위대가!J828,=E167+F167+G167,일위대가목록,167,data/unpacked/L2025-00085-1/붙임2. 현지입찰(신규입찰) 서류 및 계약서류(안)/IKHCC Section 4 - IKHCC BLANK BOQ 250903_최종/1 Architectural & summery/BILL No1 -Architectural Works-01. HOSPITAL(BLANK BILL).xlsx,47d79c95e2c3273f84778935276c94526e369cc1b1bc057f6b03c998f44e253f
복합일위대가,453125479B7D7FE4C224BA002B280,SSD02/01. HOSPITAL/60*150 ST,8.050 x 2.700 = 21.735,EA,3074.34,479.85,0.0,3554.19,,,,=일위대가!F834,=일위대가!H834,=일위대가!J834,=E168+F168+G168,일위대가목록,168,data/unpacked/L2025-00085-1/붙임2. 현지입찰(신규입찰) 서류 및 계약서류(안)/IKHCC Section 4 - IKHCC BLANK BOQ 250903_최종/1 Architectural & summery/BILL No1 -Architectural Works-01. HOSPITAL(BLANK BILL).xlsx,47d79c95e2c3273f84778935276c94526e369cc1b1bc057f6b03c998f44e253f
복합일위대가,453125479B7D7FE4C224BA002B391,SSD02A/01. HOSPITAL/60*150 ST,1.800 x 2.700 = 4.860,EA,418.81,62.86,0.0,481.67,,,,=일위대가!F840,=일위대가!H840,=일위대가!J840,=E169+F169+G169,일위대가목록,169,data/unpacked/L2025-00085-1/붙임2. 현지입찰(신규입찰) 서류 및 계약서류(안)/IKHCC Section 4 - IKHCC BLANK BOQ 250903_최종/1 Architectural & summery/BILL No1 -Architectural Works-01. HOSPITAL(BLANK BILL).xlsx,47d79c95e2c3273f84778935276c94526e369cc1b1bc057f6b03c998f44e253f
복합일위대가,453125479B7D7FE4C224BA002B393,SSD03/01. HOSPITAL/60*150 ST,2.065 x 2.700 = 5.575,EA,747.81,114.51,0.0,862.3199999999999,,,,=일위대가!F846,=일위대가!H846,=일위대가!J846,=E170+F170+G170,일위대가목록,170,data/unpacked/L2025-00085-1/붙임2. 현지입찰(신규입찰) 서류 및 계약서류(안)/IKHCC Section 4 - IKHCC BLANK BOQ 250903_최종/1 Architectural & summery/BILL No1 -Architectural Works-01. HOSPITAL(BLANK BILL).xlsx,47d79c95e2c3273f84778935276c94526e369cc1b1bc057f6b03c998f44e253f
복합일위대가,453125479B7D7FE4C224BA002B395,SSD03A/01. HOSPITAL/60*150 ST,5.010 x 2.700 = 13.527,EA,1613.88,250.53,0.0,1864.41,,,,=일위대가!F852,=일위대가!H852,=일위대가!J852,=E171+F171+G171,일위대가목록,171,data/unpacked/L2025-00085-1/붙임2. 현지입찰(신규입찰) 서류 및 계약서류(안)/IKHCC Section 4 - IKHCC BLANK BOQ 250903_최종/1 Architectural & summery/BILL No1 -Architectural Works-01. HOSPITAL(BLANK BILL).xlsx,47d79c95e2c3273f84778935276c94526e369cc1b1bc057f6b03c998f44e253f
복합일위대가,453125479B7D7FE4C224BA002B397,SSD04/01. HOSPITAL/60*150 ST,1.800 x 2.700 = 4.860,EA,418.81,62.86,0.0,481.67,,,,=일위대가!F858,=일위대가!H858,=일위대가!J858,=E172+F172+G172,일위대가목록,172,data/unpacked/L2025-00085-1/붙임2. 현지입찰(신규입찰) 서류 및 계약서류(안)/IKHCC Section 4 - IKHCC BLANK BOQ 250903_최종/1 Architectural & summery/BILL No1 -Architectural Works-01. HOSPITAL(BLANK BILL).xlsx,47d79c95e2c3273f84778935276c94526e369cc1b1bc057f6b03c998f44e253f
복합일위대가,453125479B7D7FE4C224BA002B399,SSD05/01. HOSPITAL/60*260 ST,1.000 x 2.200 = 2.200,EA,241.55,35.75,0.0,277.3,,,,=일위대가!F864,=일위대가!H864,=일위대가!J864,=E173+F173+G173,일위대가목록,173,data/unpacked/L2025-00085-1/붙임2. 현지입찰(신규입찰) 서류 및 계약서류(안)/IKHCC Section 4 - IKHCC BLANK BOQ 250903_최종/1 Architectural & summery/BILL No1 -Architectural Works-01. HOSPITAL(BLANK BILL).xlsx,47d79c95e2c3273f84778935276c94526e369cc1b1bc057f6b03c998f44e253f
복합일위대가,453125479B7D7FE4C224BA002B0DD,SSD06/01. HOSPITAL/60*260 ST,0.900 x 2.200 = 1.980,EA,237.07,35.09,0.0,272.15999999999997,,,,=일위대가!F870,=일위대가!H870,=일위대가!J870,=E174+F174+G174,일위대가목록,174,data/unpacked/L2025-00085-1/붙임2. 현지입찰(신규입찰) 서류 및 계약서류(안)/IKHCC Section 4 - IKHCC BLANK BOQ 250903_최종/1 Architectural & summery/BILL No1 -Architectural Works-01. HOSPITAL(BLANK BILL).xlsx,47d79c95e2c3273f84778935276c94526e369cc1b1bc057f6b03c998f44e253f
복합일위대가,453125479B7D7FE4C224BA002B0DF,SSD07/01. HOSPITAL/60*260 ST,2.240 x 2.200 = 4.928,EA,1323.78,226.07,101.83,1651.6799999999998,,,,=일위대가!F874,=일위대가!H874,=일위대가!J874,=E175+F175+G175,일위대가목록,175,data/unpacked/L2025-00085-1/붙임2. 현지입찰(신규입찰) 서류 및 계약서류(안)/IKHCC Section 4 - IKHCC BLANK BOQ 250903_최종/1 Architectural & summery/BILL No1 -Architectural Works-01. HOSPITAL(BLANK BILL).xlsx,47d79c95e2c3273f84778935276c94526e369cc1b1bc057f6b03c998f44e253f
복합일위대가,453125479B7D7FE4C224A493677E2,SSW01/01. HOSPITAL/50*145 ST,3.840 x 1.350 = 5.184,EA,644.06,98.48,0.0,742.54,,,,=일위대가!F880,=일위대가!H880,=일위대가!J880,=E176+F176+G176,일위대가목록,176,data/unpacked/L2025-00085-1/붙임2. 현지입찰(신규입찰) 서류 및 계약서류(안)/IKHCC Section 4 - IKHCC BLANK BOQ 250903_최종/1 Architectural & summery/BILL No1 -Architectural Works-01. HOSPITAL(BLANK BILL).xlsx,47d79c95e2c3273f84778935276c94526e369cc1b1bc057f6b03c998f44e253f
복합일위대가,453125479B7D7FE4C224A493677E0,SSW02/01. HOSPITAL/50*145 ST,2.100 x 1.350 = 2.835,EA,400.15,60.89,0.0,461.03999999999996,,,,=일위대가!F886,=일위대가!H886,=일위대가!J886,=E177+F177+G177,일위대가목록,177,data/unpacked/L2025-00085-1/붙임2. 현지입찰(신규입찰) 서류 및 계약서류(안)/IKHCC Section 4 - IKHCC BLANK BOQ 250903_최종/1 Architectural & summery/BILL No1 -Architectural Works-01. HOSPITAL(BLANK BILL).xlsx,47d79c95e2c3273f84778935276c94526e369cc1b1bc057f6b03c998f44e253f
복합일위대가,453125479B7D7FE4C224A493677EE,SSW03/01. HOSPITAL/50*145 ST,2.100 x 0.400 = 0.840,EA,266.65,39.85,0.0,306.5,,,,=일위대가!F892,=일위대가!H892,=일위대가!J892,=E178+F178+G178,일위대가목록,178,data/unpacked/L2025-00085-1/붙임2. 현지입찰(신규입찰) 서류 및 계약서류(안)/IKHCC Section 4 - IKHCC BLANK BOQ 250903_최종/1 Architectural & summery/BILL No1 -Architectural Works-01. HOSPITAL(BLANK BILL).xlsx,47d79c95e2c3273f84778935276c94526e369cc1b1bc057f6b03c998f44e253f
복합일위대가,453125479B7D7FE4C224BA002B0D9,WD01/01. HOSPITAL/WOOD SINGLE DOOR,1.000 x 2.200 = 2.200,EA,350.0,0.0,0.0,350.0,,,,=일위대가!F896,=일위대가!H896,=일위대가!J896,=E179+F179+G179,일위대가목록,179,data/unpacked/L2025-00085-1/붙임2. 현지입찰(신규입찰) 서류 및 계약서류(안)/IKHCC Section 4 - IKHCC BLANK BOQ 250903_최종/1 Architectural & summery/BILL No1 -Architectural Works-01. HOSPITAL(BLANK BILL).xlsx,47d79c95e2c3273f84778935276c94526e369cc1b1bc057f6b03c998f44e253f
복합일위대가,453125479B7D7FE4C224BA002B0DB,WD02/01. HOSPITAL/WOOD SINGLE DOOR,0.900 x 2.200 = 1.980,EA,350.0,0.0,0.0,350.0,,,,=일위대가!F900,=일위대가!H900,=일위대가!J900,=E180+F180+G180,일위대가목록,180,data/unpacked/L2025-00085-1/붙임2. 현지입찰(신규입찰) 서류 및 계약서류(안)/IKHCC Section 4 - IKHCC BLANK BOQ 250903_최종/1 Architectural & summery/BILL No1 -Architectural Works-01. HOSPITAL(BLANK BILL).xlsx,47d79c95e2c3273f84778935276c94526e369cc1b1bc057f6b03c998f44e253f
복합일위대가,453125479B7D7FE4C224BA002B0D5,WD03/01. HOSPITAL/WOOD SINGLE DOOR,0.750 x 2.200 = 1.650,EA,350.0,0.0,0.0,350.0,,,,=일위대가!F904,=일위대가!H904,=일위대가!J904,=E181+F181+G181,일위대가목록,181,data/unpacked/L2025-00085-1/붙임2. 현지입찰(신규입찰) 서류 및 계약서류(안)/IKHCC Section 4 - IKHCC BLANK BOQ 250903_최종/1 Architectural & summery/BILL No1 -Architectural Works-01. HOSPITAL(BLANK BILL).xlsx,47d79c95e2c3273f84778935276c94526e369cc1b1bc057f6b03c998f44e253f
복합일위대가,453125479B7D7FE4C224BA002B1E3,WD04/01. HOSPITAL/WOOD DOUBLE DOOR,1.800 x 2.200 = 3.960,EA,430.0,0.0,0.0,430.0,,,,=일위대가!F908,=일위대가!H908,=일위대가!J908,=E182+F182+G182,일위대가목록,182,data/unpacked/L2025-00085-1/붙임2. 현지입찰(신규입찰) 서류 및 계약서류(안)/IKHCC Section 4 - IKHCC BLANK BOQ 250903_최종/1 Architectural & summery/BILL No1 -Architectural Works-01. HOSPITAL(BLANK BILL).xlsx,47d79c95e2c3273f84778935276c94526e369cc1b1bc057f6b03c998f44e253f
복합일위대가,453125479B7D7FE4C224BA002B1E1,WD06/01. HOSPITAL/WOOD SINGLE DOOR,1.100 x 2.200 = 2.420,EA,350.0,0.0,0.0,350.0,,,,=일위대가!F912,=일위대가!H912,=일위대가!J912,=E183+F183+G183,일위대가목록,183,data/unpacked/L2025-00085-1/붙임2. 현지입찰(신규입찰) 서류 및 계약서류(안)/IKHCC Section 4 - IKHCC BLANK BOQ 250903_최종/1 Architectural & summery/BILL No1 -Architectural Works-01. HOSPITAL(BLANK BILL).xlsx,47d79c95e2c3273f84778935276c94526e369cc1b1bc057f6b03c998f44e253f
복합일위대가,448223432376421D520C7F991B009,BACKPAINTERD GLASS,,M2,60.53,25.49,0.11,86.13,,,,=일위대가!F925,=일위대가!H925,=일위대가!J925,=E184+F184+G184,일위대가목록,184,data/unpacked/L2025-00085-1/붙임2. 현지입찰(신규입찰) 서류 및 계약서류(안)/IKHCC Section 4 - IKHCC BLANK BOQ 250903_최종/1 Architectural & summery/BILL No1 -Architectural Works-01. HOSPITAL(BLANK BILL).xlsx,47d79c95e2c3273f84778935276c94526e369cc1b1bc057f6b03c998f44e253f
복합일위대가,448227450275CD2FB281D8393CD64,Caulking around Pain glazing,"5*5, silicone",M,0.32,0.0,0.0,0.32,,,,=일위대가!F929,=일위대가!H929,=일위대가!J929,=E185+F185+G185,일위대가목록,185,data/unpacked/L2025-00085-1/붙임2. 현지입찰(신규입찰) 서류 및 계약서류(안)/IKHCC Section 4 - IKHCC BLANK BOQ 250903_최종/1 Architectural & summery/BILL No1 -Architectural Works-01. HOSPITAL(BLANK BILL).xlsx,47d79c95e2c3273f84778935276c94526e369cc1b1bc057f6b03c998f44e253f
복합일위대가,448227450275C8AE02615B1D5192C,Structural Silicone,"5*16, silicone",M,1.66,0.0,0.0,1.66,,,,=일위대가!F933,=일위대가!H933,=일위대가!J933,=E186+F186+G186,일위대가목록,186,data/unpacked/L2025-00085-1/붙임2. 현지입찰(신규입찰) 서류 및 계약서류(안)/IKHCC Section 4 - IKHCC BLANK BOQ 250903_최종/1 Architectural & summery/BILL No1 -Architectural Works-01. HOSPITAL(BLANK BILL).xlsx,47d79c95e2c3273f84778935276c94526e369cc1b1bc057f6b03c998f44e253f
복합일위대가,448227450275C8AE02615B1D51A33,Norton Thermalbond,,M,1.39,0.0,0.0,1.39,,,,=일위대가!F937,=일위대가!H937,=일위대가!J937,=E187+F187+G187,일위대가목록,187,data/unpacked/L2025-00085-1/붙임2. 현지입찰(신규입찰) 서류 및 계약서류(안)/IKHCC Section 4 - IKHCC BLANK BOQ 250903_최종/1 Architectural & summery/BILL No1 -Architectural Works-01. HOSPITAL(BLANK BILL).xlsx,47d79c95e2c3273f84778935276c94526e369cc1b1bc057f6b03c998f44e253f
복합일위대가,448227450275C8AE02615B1D51BD9,Weather Caulking,,M,1.02,0.0,0.0,1.02,,,,=일위대가!F942,=일위대가!H942,=일위대가!J942,=E188+F188+G188,일위대가목록,188,data/unpacked/L2025-00085-1/붙임2. 현지입찰(신규입찰) 서류 및 계약서류(안)/IKHCC Section 4 - IKHCC BLANK BOQ 250903_최종/1 Architectural & summery/BILL No1 -Architectural Works-01. HOSPITAL(BLANK BILL).xlsx,47d79c95e2c3273f84778935276c94526e369cc1b1bc057f6b03c998f44e253f
복합일위대가,44822343C377C36F323EA2A4272DE,Window glass installation / Pan glass,Glass thickness less than 5mm,M2,0.0,10.11,0.0,10.11,,,,=일위대가!F947,=일위대가!H947,=일위대가!J947,=E189+F189+G189,일위대가목록,189,data/unpacked/L2025-00085-1/붙임2. 현지입찰(신규입찰) 서류 및 계약서류(안)/IKHCC Section 4 - IKHCC BLANK BOQ 250903_최종/1 Architectural & summery/BILL No1 -Architectural Works-01. HOSPITAL(BLANK BILL).xlsx,47d79c95e2c3273f84778935276c94526e369cc1b1bc057f6b03c998f44e253f
복합일위대가,44822343C377C36F323EA2A427137,Window glass installation / Pan glass,Glass thickness less than 12mm,M2,0.0,10.11,0.0,10.11,,,,=일위대가!F952,=일위대가!H952,=일위대가!J952,=E190+F190+G190,일위대가목록,190,data/unpacked/L2025-00085-1/붙임2. 현지입찰(신규입찰) 서류 및 계약서류(안)/IKHCC Section 4 - IKHCC BLANK BOQ 250903_최종/1 Architectural & summery/BILL No1 -Architectural Works-01. HOSPITAL(BLANK BILL).xlsx,47d79c95e2c3273f84778935276c94526e369cc1b1bc057f6b03c998f44e253f
복합일위대가,448223433D7911ED22A70309B9BA2,Window Glass Installation / Double Glazing,Glass thickness less than 24mm,M2,0.0,10.26,0.0,10.26,,,,=일위대가!F957,=일위대가!H957,=일위대가!J957,=E191+F191+G191,일위대가목록,191,data/unpacked/L2025-00085-1/붙임2. 현지입찰(신규입찰) 서류 및 계약서류(안)/IKHCC Section 4 - IKHCC BLANK BOQ 250903_최종/1 Architectural & summery/BILL No1 -Architectural Works-01. HOSPITAL(BLANK BILL).xlsx,47d79c95e2c3273f84778935276c94526e369cc1b1bc057f6b03c998f44e253f
복합일위대가,448223433D703D80122AB3ECE4AAB,Caulking around double glazing,"5*5, silicone",M,0.32,0.0,0.0,0.32,,,,=일위대가!F961,=일위대가!H961,=일위대가!J961,=E192+F192+G192,일위대가목록,192,data/unpacked/L2025-00085-1/붙임2. 현지입찰(신규입찰) 서류 및 계약서류(안)/IKHCC Section 4 - IKHCC BLANK BOQ 250903_최종/1 Architectural & summery/BILL No1 -Architectural Works-01. HOSPITAL(BLANK BILL).xlsx,47d79c95e2c3273f84778935276c94526e369cc1b1bc057f6b03c998f44e253f
복합일위대가,448223432376421D520C7F991B12F,Moisture-Proof Mirror,5mm,M2,39.44,18.78,0.11,58.33,,,,=일위대가!F973,=일위대가!H973,=일위대가!J973,=E193+F193+G193,일위대가목록,193,data/unpacked/L2025-00085-1/붙임2. 현지입찰(신규입찰) 서류 및 계약서류(안)/IKHCC Section 4 - IKHCC BLANK BOQ 250903_최종/1 Architectural & summery/BILL No1 -Architectural Works-01. HOSPITAL(BLANK BILL).xlsx,47d79c95e2c3273f84778935276c94526e369cc1b1bc057f6b03c998f44e253f
복합일위대가,4482214ED37A290E2245BBE3D5C8D,Painting on Concrete surfaces including Anti-bacterial Paint as per drawing and as specified.,,M2,3.0,0.0,0.0,3.0,,,,=일위대가!F977,=일위대가!H977,=일위대가!J977,=E194+F194+G194,일위대가목록,194,data/unpacked/L2025-00085-1/붙임2. 현지입찰(신규입찰) 서류 및 계약서류(안)/IKHCC Section 4 - IKHCC BLANK BOQ 250903_최종/1 Architectural & summery/BILL No1 -Architectural Works-01. HOSPITAL(BLANK BILL).xlsx,47d79c95e2c3273f84778935276c94526e369cc1b1bc057f6b03c998f44e253f
복합일위대가,4482214ED37A290E2245BBE3D5D93,Painting on Concrete Surface Treatment surfaces including Emulsion Paint as per drawing and as specified.,,M2,2.0,0.0,0.0,2.0,,,,=일위대가!F981,=일위대가!H981,=일위대가!J981,=E195+F195+G195,일위대가목록,195,data/unpacked/L2025-00085-1/붙임2. 현지입찰(신규입찰) 서류 및 계약서류(안)/IKHCC Section 4 - IKHCC BLANK BOQ 250903_최종/1 Architectural & summery/BILL No1 -Architectural Works-01. HOSPITAL(BLANK BILL).xlsx,47d79c95e2c3273f84778935276c94526e369cc1b1bc057f6b03c998f44e253f
복합일위대가,4482214ED37A290E22AE6206AEC6C,Painting on plastered surfaces including Epoxy paint as per drawing and as specified. (Plastering measured seperately),,M2,4.25,0.0,0.0,4.25,,,,=일위대가!F985,=일위대가!H985,=일위대가!J985,=E196+F196+G196,일위대가목록,196,data/unpacked/L2025-00085-1/붙임2. 현지입찰(신규입찰) 서류 및 계약서류(안)/IKHCC Section 4 - IKHCC BLANK BOQ 250903_최종/1 Architectural & summery/BILL No1 -Architectural Works-01. HOSPITAL(BLANK BILL).xlsx,47d79c95e2c3273f84778935276c94526e369cc1b1bc057f6b03c998f44e253f
복합일위대가,4482214ED37A290E22AE6206AE8F1,Painting on plastered surfaces including Anti-bacterial Paint as per drawing and as specified. (Plastering measured sepe,,M2,3.0,0.0,0.0,3.0,,,,=일위대가!F989,=일위대가!H989,=일위대가!J989,=E197+F197+G197,일위대가목록,197,data/unpacked/L2025-00085-1/붙임2. 현지입찰(신규입찰) 서류 및 계약서류(안)/IKHCC Section 4 - IKHCC BLANK BOQ 250903_최종/1 Architectural & summery/BILL No1 -Architectural Works-01. HOSPITAL(BLANK BILL).xlsx,47d79c95e2c3273f84778935276c94526e369cc1b1bc057f6b03c998f44e253f
복합일위대가,4482214ED37A290E22AE6206AEABE,Painting on Concrete Surface Treatment surfaces including Emulsion Paint as per drawing and as specified. (Plastering me,,M2,2.0,0.0,0.0,2.0,,,,=일위대가!F993,=일위대가!H993,=일위대가!J993,=E198+F198+G198,일위대가목록,198,data/unpacked/L2025-00085-1/붙임2. 현지입찰(신규입찰) 서류 및 계약서류(안)/IKHCC Section 4 - IKHCC BLANK BOQ 250903_최종/1 Architectural & summery/BILL No1 -Architectural Works-01. HOSPITAL(BLANK BILL).xlsx,47d79c95e2c3273f84778935276c94526e369cc1b1bc057f6b03c998f44e253f
복합일위대가,4482214ED37A290E22AE6206AE53D,Painting on gypsum board surfaces including Emulsion Paint as per drawing and as specified.,,M2,2.0,0.0,0.0,2.0,,,,=일위대가!F997,=일위대가!H997,=일위대가!J997,=E199+F199+G199,일위대가목록,199,data/unpacked/L2025-00085-1/붙임2. 현지입찰(신규입찰) 서류 및 계약서류(안)/IKHCC Section 4 - IKHCC BLANK BOQ 250903_최종/1 Architectural & summery/BILL No1 -Architectural Works-01. HOSPITAL(BLANK BILL).xlsx,47d79c95e2c3273f84778935276c94526e369cc1b1bc057f6b03c998f44e253f
복합일위대가,4482214ED37A290E22AE62069C542,Painting on gypsum board surfaces including Anti-bacterial Paint as per drawing and as specified.,,M2,3.0,0.0,0.0,3.0,,,,=일위대가!F1001,=일위대가!H1001,=일위대가!J1001,=E200+F200+G200,일위대가목록,200,data/unpacked/L2025-00085-1/붙임2. 현지입찰(신규입찰) 서류 및 계약서류(안)/IKHCC Section 4 - IKHCC BLANK BOQ 250903_최종/1 Architectural & summery/BILL No1 -Architectural Works-01. HOSPITAL(BLANK BILL).xlsx,47d79c95e2c3273f84778935276c94526e369cc1b1bc057f6b03c998f44e253f
복합일위대가,4482214E4D7E26CCE26EA35651C33,Steel Trowelled with Epoxy coating,Floor,M2,20.0,0.0,0.0,20.0,,,,=일위대가!F1005,=일위대가!H1005,=일위대가!J1005,=E201+F201+G201,일위대가목록,201,data/unpacked/L2025-00085-1/붙임2. 현지입찰(신규입찰) 서류 및 계약서류(안)/IKHCC Section 4 - IKHCC BLANK BOQ 250903_최종/1 Architectural & summery/BILL No1 -Architectural Works-01. HOSPITAL(BLANK BILL).xlsx,47d79c95e2c3273f84778935276c94526e369cc1b1bc057f6b03c998f44e253f
복합일위대가,4482214E4D7E26CCE26EA35647549,Steel Trowelled with Epoxy coating,CEILING,M2,4.25,0.0,0.0,4.25,,,,=일위대가!F1009,=일위대가!H1009,=일위대가!J1009,=E202+F202+G202,일위대가목록,202,data/unpacked/L2025-00085-1/붙임2. 현지입찰(신규입찰) 서류 및 계약서류(안)/IKHCC Section 4 - IKHCC BLANK BOQ 250903_최종/1 Architectural & summery/BILL No1 -Architectural Works-01. HOSPITAL(BLANK BILL).xlsx,47d79c95e2c3273f84778935276c94526e369cc1b1bc057f6b03c998f44e253f
복합일위대가,4482214E4D7E26CCE26EA5352E73C,Steel Trowelled with Epoxy coating(Raised access flooring under),Floor,M2,4.25,0.0,0.0,4.25,,,,=일위대가!F1013,=일위대가!H1013,=일위대가!J1013,=E203+F203+G203,일위대가목록,203,data/unpacked/L2025-00085-1/붙임2. 현지입찰(신규입찰) 서류 및 계약서류(안)/IKHCC Section 4 - IKHCC BLANK BOQ 250903_최종/1 Architectural & summery/BILL No1 -Architectural Works-01. HOSPITAL(BLANK BILL).xlsx,47d79c95e2c3273f84778935276c94526e369cc1b1bc057f6b03c998f44e253f
복합일위대가,448220486474E5E5829F2A85CA533,Supplying and laying of 100mm (h) Acrylic Paint skirting.,,M2,5.0,0.0,0.0,5.0,,,,=일위대가!F1017,=일위대가!H1017,=일위대가!J1017,=E204+F204+G204,일위대가목록,204,data/unpacked/L2025-00085-1/붙임2. 현지입찰(신규입찰) 서류 및 계약서류(안)/IKHCC Section 4 - IKHCC BLANK BOQ 250903_최종/1 Architectural & summery/BILL No1 -Architectural Works-01. HOSPITAL(BLANK BILL).xlsx,47d79c95e2c3273f84778935276c94526e369cc1b1bc057f6b03c998f44e253f
복합일위대가,448220486474E5E5829F2A85CA6DA,Supplying and laying of 100mm (h) 15T Marble skirting.,,M2,4.24,3.12,0.03,7.390000000000001,,,,=일위대가!F1022,=일위대가!H1022,=일위대가!J1022,=E205+F205+G205,일위대가목록,205,data/unpacked/L2025-00085-1/붙임2. 현지입찰(신규입찰) 서류 및 계약서류(안)/IKHCC Section 4 - IKHCC BLANK BOQ 250903_최종/1 Architectural & summery/BILL No1 -Architectural Works-01. HOSPITAL(BLANK BILL).xlsx,47d79c95e2c3273f84778935276c94526e369cc1b1bc057f6b03c998f44e253f
복합일위대가,448225404275053C32FA817EC0E2A,INTERIOR FURNITURE (3840*950*1050),,EA,524.57,463.1,10.91,998.58,,,,=일위대가!F1032,=일위대가!H1032,=일위대가!J1032,=E206+F206+G206,일위대가목록,206,data/unpacked/L2025-00085-1/붙임2. 현지입찰(신규입찰) 서류 및 계약서류(안)/IKHCC Section 4 - IKHCC BLANK BOQ 250903_최종/1 Architectural & summery/BILL No1 -Architectural Works-01. HOSPITAL(BLANK BILL).xlsx,47d79c95e2c3273f84778935276c94526e369cc1b1bc057f6b03c998f44e253f
복합일위대가,448225404275053C32FA817EC0F31,INTERIOR FURNITURE (2400*950*1050),,EA,341.56,305.3,7.19,654.0500000000001,,,,=일위대가!F1042,=일위대가!H1042,=일위대가!J1042,=E207+F207+G207,일위대가목록,207,data/unpacked/L2025-00085-1/붙임2. 현지입찰(신규입찰) 서류 및 계약서류(안)/IKHCC Section 4 - IKHCC BLANK BOQ 250903_최종/1 Architectural & summery/BILL No1 -Architectural Works-01. HOSPITAL(BLANK BILL).xlsx,47d79c95e2c3273f84778935276c94526e369cc1b1bc057f6b03c998f44e253f
복합일위대가,448225404275053C32FA817EC0C7D,INTERIOR FURNITURE (6400*1600*1050),,EA,938.97,877.52,20.37,1836.86,,,,=일위대가!F1051,=일위대가!H1051,=일위대가!J1051,=E208+F208+G208,일위대가목록,208,data/unpacked/L2025-00085-1/붙임2. 현지입찰(신규입찰) 서류 및 계약서류(안)/IKHCC Section 4 - IKHCC BLANK BOQ 250903_최종/1 Architectural & summery/BILL No1 -Architectural Works-01. HOSPITAL(BLANK BILL).xlsx,47d79c95e2c3273f84778935276c94526e369cc1b1bc057f6b03c998f44e253f
복합일위대가,448225404275053C32FA817EC0D04,INTERIOR FURNITURE (4700*800*1050),,EA,699.2,655.62,15.21,1370.0300000000002,,,,=일위대가!F1060,=일위대가!H1060,=일위대가!J1060,=E209+F209+G209,일위대가목록,209,data/unpacked/L2025-00085-1/붙임2. 현지입찰(신규입찰) 서류 및 계약서류(안)/IKHCC Section 4 - IKHCC BLANK BOQ 250903_최종/1 Architectural & summery/BILL No1 -Architectural Works-01. HOSPITAL(BLANK BILL).xlsx,47d79c95e2c3273f84778935276c94526e369cc1b1bc057f6b03c998f44e253f
복합일위대가,448225404275053C32FA817EC0B56,INTERIOR FURNITURE (3600*800*1050),,EA,531.8,471.06,11.19,1014.05,,,,=일위대가!F1069,=일위대가!H1069,=일위대가!J1069,=E210+F210+G210,일위대가목록,210,data/unpacked/L2025-00085-1/붙임2. 현지입찰(신규입찰) 서류 및 계약서류(안)/IKHCC Section 4 - IKHCC BLANK BOQ 250903_최종/1 Architectural & summery/BILL No1 -Architectural Works-01. HOSPITAL(BLANK BILL).xlsx,47d79c95e2c3273f84778935276c94526e369cc1b1bc057f6b03c998f44e253f
복합일위대가,448225404275053C32FA817EC09A9,Disinfection and Preparation(1600-650-850),,EA,798.35,0.0,0.0,798.35,,,,=일위대가!F1073,=일위대가!H1073,=일위대가!J1073,=E211+F211+G211,일위대가목록,211,data/unpacked/L2025-00085-1/붙임2. 현지입찰(신규입찰) 서류 및 계약서류(안)/IKHCC Section 4 - IKHCC BLANK BOQ 250903_최종/1 Architectural & summery/BILL No1 -Architectural Works-01. HOSPITAL(BLANK BILL).xlsx,47d79c95e2c3273f84778935276c94526e369cc1b1bc057f6b03c998f44e253f
복합일위대가,448220489177BDAF02D618D746141,HR-1,"Double row install,H:150mm x Thk1.2mm steel plate,Vinyl cover, wall side",m,50.51,6.03,3.34,59.879999999999995,,,,=일위대가!F1077,=일위대가!H1077,=일위대가!J1077,=E212+F212+G212,일위대가목록,212,data/unpacked/L2025-00085-1/붙임2. 현지입찰(신규입찰) 서류 및 계약서류(안)/IKHCC Section 4 - IKHCC BLANK BOQ 250903_최종/1 Architectural & summery/BILL No1 -Architectural Works-01. HOSPITAL(BLANK BILL).xlsx,47d79c95e2c3273f84778935276c94526e369cc1b1bc057f6b03c998f44e253f
복합일위대가,448220489177BDAF02D618D746268,HR-1+BG-2,"Double row install,H:150mm x Thk1.2mm steel plate,Vinyl cover, wall side, Bumper railing",m,87.17,8.75,5.54,101.46000000000001,,,,=일위대가!F1081,=일위대가!H1081,=일위대가!J1081,=E213+F213+G213,일위대가목록,213,data/unpacked/L2025-00085-1/붙임2. 현지입찰(신규입찰) 서류 및 계약서류(안)/IKHCC Section 4 - IKHCC BLANK BOQ 250903_최종/1 Architectural & summery/BILL No1 -Architectural Works-01. HOSPITAL(BLANK BILL).xlsx,47d79c95e2c3273f84778935276c94526e369cc1b1bc057f6b03c998f44e253f
복합일위대가,448220489177BDAF02D618D74630F,BG-1+BG-2,Bumper railings  including necessary bracing and fixing to concrete or masonry; wall side,m,73.32,5.43,4.4,83.15,,,,=일위대가!F1085,=일위대가!H1085,=일위대가!J1085,=E214+F214+G214,일위대가목록,214,data/unpacked/L2025-00085-1/붙임2. 현지입찰(신규입찰) 서류 및 계약서류(안)/IKHCC Section 4 - IKHCC BLANK BOQ 250903_최종/1 Architectural & summery/BILL No1 -Architectural Works-01. HOSPITAL(BLANK BILL).xlsx,47d79c95e2c3273f84778935276c94526e369cc1b1bc057f6b03c998f44e253f
복합일위대가,448220489177BDAF02D618D746415,BG-3,"Bed stopper,H:150mm x Thk1.2mm steel plate,Vinyl cover",no,36.66,2.72,2.2,41.58,,,,=일위대가!F1089,=일위대가!H1089,=일위대가!J1089,=E215+F215+G215,일위대가목록,215,data/unpacked/L2025-00085-1/붙임2. 현지입찰(신규입찰) 서류 및 계약서류(안)/IKHCC Section 4 - IKHCC BLANK BOQ 250903_최종/1 Architectural & summery/BILL No1 -Architectural Works-01. HOSPITAL(BLANK BILL).xlsx,47d79c95e2c3273f84778935276c94526e369cc1b1bc057f6b03c998f44e253f
복합일위대가,448220489177BDAF02D618D74653C,CG-1,"Conner guard,,H:1200mm,Self-tapping screws + Continuous aluminum retainer,Vinyl cover",no,26.4,1.51,1.55,29.46,,,,=일위대가!F1093,=일위대가!H1093,=일위대가!J1093,=E216+F216+G216,일위대가목록,216,data/unpacked/L2025-00085-1/붙임2. 현지입찰(신규입찰) 서류 및 계약서류(안)/IKHCC Section 4 - IKHCC BLANK BOQ 250903_최종/1 Architectural & summery/BILL No1 -Architectural Works-01. HOSPITAL(BLANK BILL).xlsx,47d79c95e2c3273f84778935276c94526e369cc1b1bc057f6b03c998f44e253f
복합일위대가,448220489177BDAF02D618D7466C3,Cubical curtains rail tracks,,m,50.0,0.0,0.0,50.0,,,,=일위대가!F1097,=일위대가!H1097,=일위대가!J1097,=E217+F217+G217,일위대가목록,217,data/unpacked/L2025-00085-1/붙임2. 현지입찰(신규입찰) 서류 및 계약서류(안)/IKHCC Section 4 - IKHCC BLANK BOQ 250903_최종/1 Architectural & summery/BILL No1 -Architectural Works-01. HOSPITAL(BLANK BILL).xlsx,47d79c95e2c3273f84778935276c94526e369cc1b1bc057f6b03c998f44e253f
복합일위대가,44822540B573CE783226E40F9A7C8,"Supply and SST Cat Ladder in Roof, 400mm x 6000mm high",,개,137.28,63.66,2.58,203.52,,,,=일위대가!F1101,=일위대가!H1101,=일위대가!J1101,=E218+F218+G218,일위대가목록,218,data/unpacked/L2025-00085-1/붙임2. 현지입찰(신규입찰) 서류 및 계약서류(안)/IKHCC Section 4 - IKHCC BLANK BOQ 250903_최종/1 Architectural & summery/BILL No1 -Architectural Works-01. HOSPITAL(BLANK BILL).xlsx,47d79c95e2c3273f84778935276c94526e369cc1b1bc057f6b03c998f44e253f
복합일위대가,44822540E2707C9F62530C63081C7,COVER Trench,GALVANIZED FLAT STEEL (25X5X3),M,21.04,10.18,0.48,31.7,,,,=일위대가!F1115,=일위대가!H1115,=일위대가!J1115,=E219+F219+G219,일위대가목록,219,data/unpacked/L2025-00085-1/붙임2. 현지입찰(신규입찰) 서류 및 계약서류(안)/IKHCC Section 4 - IKHCC BLANK BOQ 250903_최종/1 Architectural & summery/BILL No1 -Architectural Works-01. HOSPITAL(BLANK BILL).xlsx,47d79c95e2c3273f84778935276c94526e369cc1b1bc057f6b03c998f44e253f
복합일위대가,448225404275053C32FA817E9BAEB,THK 0.7 CORRUGATED STEEL SHEET,,M2,81.5,33.99,0.96,116.45,,,,=일위대가!F1129,=일위대가!H1129,=일위대가!J1129,=E220+F220+G220,일위대가목록,220,data/unpacked/L2025-00085-1/붙임2. 현지입찰(신규입찰) 서류 및 계약서류(안)/IKHCC Section 4 - IKHCC BLANK BOQ 250903_최종/1 Architectural & summery/BILL No1 -Architectural Works-01. HOSPITAL(BLANK BILL).xlsx,47d79c95e2c3273f84778935276c94526e369cc1b1bc057f6b03c998f44e253f
복합일위대가,44822343A07821ACA271311F5DED0,AG01/02. MEP BUILDING/AL.Louver,1.900 x 2.900 = 5.510,EA,1019.35,0.0,0.0,1019.35,,,,=일위대가!F1133,=일위대가!H1133,=일위대가!J1133,=E221+F221+G221,일위대가목록,221,data/unpacked/L2025-00085-1/붙임2. 현지입찰(신규입찰) 서류 및 계약서류(안)/IKHCC Section 4 - IKHCC BLANK BOQ 250903_최종/1 Architectural & summery/BILL No1 -Architectural Works-01. HOSPITAL(BLANK BILL).xlsx,47d79c95e2c3273f84778935276c94526e369cc1b1bc057f6b03c998f44e253f
복합일위대가,44822343A07821ACA271311F5DEDE,AG02/02. MEP BUILDING/AL.Louver,1.500 x 0.700 = 1.050,EA,194.25,0.0,0.0,194.25,,,,=일위대가!F1137,=일위대가!H1137,=일위대가!J1137,=E222+F222+G222,일위대가목록,222,data/unpacked/L2025-00085-1/붙임2. 현지입찰(신규입찰) 서류 및 계약서류(안)/IKHCC Section 4 - IKHCC BLANK BOQ 250903_최종/1 Architectural & summery/BILL No1 -Architectural Works-01. HOSPITAL(BLANK BILL).xlsx,47d79c95e2c3273f84778935276c94526e369cc1b1bc057f6b03c998f44e253f
복합일위대가,44822343A07821ACA271311F5DFFF,FSD01/02. MEP BUILDING/STL DOUBLE DOOR,2.400 x 2.400 = 5.760,EA,1279.71,64.58,1.46,1345.75,,,,=일위대가!F1147,=일위대가!H1147,=일위대가!J1147,=E223+F223+G223,일위대가목록,223,data/unpacked/L2025-00085-1/붙임2. 현지입찰(신규입찰) 서류 및 계약서류(안)/IKHCC Section 4 - IKHCC BLANK BOQ 250903_최종/1 Architectural & summery/BILL No1 -Architectural Works-01. HOSPITAL(BLANK BILL).xlsx,47d79c95e2c3273f84778935276c94526e369cc1b1bc057f6b03c998f44e253f
복합일위대가,44822343A07821ACA271311F5DFF9,FSD02/02. MEP BUILDING/STL DOUBLE DOOR,2.100 x 2.300 = 4.830,EA,1127.81,64.58,1.46,1193.85,,,,=일위대가!F1157,=일위대가!H1157,=일위대가!J1157,=E224+F224+G224,일위대가목록,224,data/unpacked/L2025-00085-1/붙임2. 현지입찰(신규입찰) 서류 및 계약서류(안)/IKHCC Section 4 - IKHCC BLANK BOQ 250903_최종/1 Architectural & summery/BILL No1 -Architectural Works-01. HOSPITAL(BLANK BILL).xlsx,47d79c95e2c3273f84778935276c94526e369cc1b1bc057f6b03c998f44e253f
복합일위대가,44822343A07821ACA271311F5DFF7,FSD03/02. MEP BUILDING/STL DOUBLE DOOR,1.700 x 2.000 = 3.400,EA,894.24,64.58,1.46,960.2800000000001,,,,=일위대가!F1167,=일위대가!H1167,=일위대가!J1167,=E225+F225+G225,일위대가목록,225,data/unpacked/L2025-00085-1/붙임2. 현지입찰(신규입찰) 서류 및 계약서류(안)/IKHCC Section 4 - IKHCC BLANK BOQ 250903_최종/1 Architectural & summery/BILL No1 -Architectural Works-01. HOSPITAL(BLANK BILL).xlsx,47d79c95e2c3273f84778935276c94526e369cc1b1bc057f6b03c998f44e253f
복합일위대가,44822343A07821ACA271311F5DFFD,SD01/02. MEP BUILDING/STL DOUBLE DOOR,1.800 x 2.400 = 4.320,EA,1044.51,64.58,1.46,1110.55,,,,=일위대가!F1177,=일위대가!H1177,=일위대가!J1177,=E226+F226+G226,일위대가목록,226,data/unpacked/L2025-00085-1/붙임2. 현지입찰(신규입찰) 서류 및 계약서류(안)/IKHCC Section 4 - IKHCC BLANK BOQ 250903_최종/1 Architectural & summery/BILL No1 -Architectural Works-01. HOSPITAL(BLANK BILL).xlsx,47d79c95e2c3273f84778935276c94526e369cc1b1bc057f6b03c998f44e253f
복합일위대가,44822343A07821ACA271311F5DFFB,SD02/02. MEP BUILDING/STL SINGLE DOOR,1.000 x 2.200 = 2.200,EA,543.32,45.46,1.07,589.8500000000001,,,,=일위대가!F1187,=일위대가!H1187,=일위대가!J1187,=E227+F227+G227,일위대가목록,227,data/unpacked/L2025-00085-1/붙임2. 현지입찰(신규입찰) 서류 및 계약서류(안)/IKHCC Section 4 - IKHCC BLANK BOQ 250903_최종/1 Architectural & summery/BILL No1 -Architectural Works-01. HOSPITAL(BLANK BILL).xlsx,47d79c95e2c3273f84778935276c94526e369cc1b1bc057f6b03c998f44e253f
복합일위대가,4482214ED37A290E22AE6206AED73,Painting on plastered surfaces including Emulsion Paint as per drawing and as specified. (Plastering measured seperately,,M2,2.0,0.0,0.0,2.0,,,,=일위대가!F1191,=일위대가!H1191,=일위대가!J1191,=E228+F228+G228,일위대가목록,228,data/unpacked/L2025-00085-1/붙임2. 현지입찰(신규입찰) 서류 및 계약서류(안)/IKHCC Section 4 - IKHCC BLANK BOQ 250903_최종/1 Architectural & summery/BILL No1 -Architectural Works-01. HOSPITAL(BLANK BILL).xlsx,47d79c95e2c3273f84778935276c94526e369cc1b1bc057f6b03c998f44e253f
복합일위대가,44822540B573CE783226E40F9A36D,Supply and SST Cat Ladder,400mm x 3.4m high,EA,77.8,36.08,1.47,115.35,,,,=일위대가!F1195,=일위대가!H1195,=일위대가!J1195,=E229+F229+G229,일위대가목록,229,data/unpacked/L2025-00085-1/붙임2. 현지입찰(신규입찰) 서류 및 계약서류(안)/IKHCC Section 4 - IKHCC BLANK BOQ 250903_최종/1 Architectural & summery/BILL No1 -Architectural Works-01. HOSPITAL(BLANK BILL).xlsx,47d79c95e2c3273f84778935276c94526e369cc1b1bc057f6b03c998f44e253f
복합일위대가,44822540E277AD1B92F027796313D,Supply and fixed of Steel cover,T2.3 GALVANIZED IRON PLATE 1200*1200,EA,77.55,151.38,6.33,235.26000000000002,,,,=일위대가!F1199,=일위대가!H1199,=일위대가!J1199,=E230+F230+G230,일위대가목록,230,data/unpacked/L2025-00085-1/붙임2. 현지입찰(신규입찰) 서류 및 계약서류(안)/IKHCC Section 4 - IKHCC BLANK BOQ 250903_최종/1 Architectural & summery/BILL No1 -Architectural Works-01. HOSPITAL(BLANK BILL).xlsx,47d79c95e2c3273f84778935276c94526e369cc1b1bc057f6b03c998f44e253f
복합일위대가,4482214E4D7E26CCE26EA35624855,Steel Trowelled with TAR Epoxy coating,CEILING,M2,4.25,0.0,0.0,4.25,,,,=일위대가!F1203,=일위대가!H1203,=일위대가!J1203,=E231+F231+G231,일위대가목록,231,data/unpacked/L2025-00085-1/붙임2. 현지입찰(신규입찰) 서류 및 계약서류(안)/IKHCC Section 4 - IKHCC BLANK BOQ 250903_최종/1 Architectural & summery/BILL No1 -Architectural Works-01. HOSPITAL(BLANK BILL).xlsx,47d79c95e2c3273f84778935276c94526e369cc1b1bc057f6b03c998f44e253f
복합일위대가,44822540B573CE783226E40FA4DAC,Supply and SST Cat Ladder,400mm x 4.0m high,EA,91.52,42.44,1.72,135.67999999999998,,,,=일위대가!F1207,=일위대가!H1207,=일위대가!J1207,=E232+F232+G232,일위대가목록,232,data/unpacked/L2025-00085-1/붙임2. 현지입찰(신규입찰) 서류 및 계약서류(안)/IKHCC Section 4 - IKHCC BLANK BOQ 250903_최종/1 Architectural & summery/BILL No1 -Architectural Works-01. HOSPITAL(BLANK BILL).xlsx,47d79c95e2c3273f84778935276c94526e369cc1b1bc057f6b03c998f44e253f
복합일위대가,44822540C77556C9128B854DD2C29,"Expansion joint, On Floor",,M,23.38,13.54,0.53,37.45,,,,=일위대가!F1222,=일위대가!H1222,=일위대가!J1222,=E233+F233+G233,일위대가목록,233,data/unpacked/L2025-00085-1/붙임2. 현지입찰(신규입찰) 서류 및 계약서류(안)/IKHCC Section 4 - IKHCC BLANK BOQ 250903_최종/1 Architectural & summery/BILL No1 -Architectural Works-01. HOSPITAL(BLANK BILL).xlsx,47d79c95e2c3273f84778935276c94526e369cc1b1bc057f6b03c998f44e253f
복합일위대가,44822540C77556C9128B854DD2FFE,"Expansion joint, On Wall",,M,30.11,18.34,0.73,49.18,,,,=일위대가!F1238,=일위대가!H1238,=일위대가!J1238,=E234+F234+G234,일위대가목록,234,data/unpacked/L2025-00085-1/붙임2. 현지입찰(신규입찰) 서류 및 계약서류(안)/IKHCC Section 4 - IKHCC BLANK BOQ 250903_최종/1 Architectural & summery/BILL No1 -Architectural Works-01. HOSPITAL(BLANK BILL).xlsx,47d79c95e2c3273f84778935276c94526e369cc1b1bc057f6b03c998f44e253f
복합일위대가,44822540C77556C9128B854DD2ED7,"Expansion joint, On PARAPET",,M,109.51,18.04,0.43,127.98000000000002,,,,=일위대가!F1250,=일위대가!H1250,=일위대가!J1250,=E235+F235+G235,일위대가목록,235,data/unpacked/L2025-00085-1/붙임2. 현지입찰(신규입찰) 서류 및 계약서류(안)/IKHCC Section 4 - IKHCC BLANK BOQ 250903_최종/1 Architectural & summery/BILL No1 -Architectural Works-01. HOSPITAL(BLANK BILL).xlsx,47d79c95e2c3273f84778935276c94526e369cc1b1bc057f6b03c998f44e253f
복합일위대가,44822540C77556C9128B854DD2955,"Expansion joint, On CEILING",,M,25.26,13.93,0.61,39.8,,,,=일위대가!F1265,=일위대가!H1265,=일위대가!J1265,=E236+F236+G236,일위대가목록,236,data/unpacked/L2025-00085-1/붙임2. 현지입찰(신규입찰) 서류 및 계약서류(안)/IKHCC Section 4 - IKHCC BLANK BOQ 250903_최종/1 Architectural & summery/BILL No1 -Architectural Works-01. HOSPITAL(BLANK BILL).xlsx,47d79c95e2c3273f84778935276c94526e369cc1b1bc057f6b03c998f44e253f
복합일위대가,453125479B7D7FE4C224BA0035A1B,AW19/01. HOSPITAL/60*150 AL,3.200 x 2.400 = 7.680,EA,1420.8,0.0,0.0,1420.8,,,,=일위대가!F1269,=일위대가!H1269,=일위대가!J1269,=E237+F237+G237,일위대가목록,237,data/unpacked/L2025-00085-1/붙임2. 현지입찰(신규입찰) 서류 및 계약서류(안)/IKHCC Section 4 - IKHCC BLANK BOQ 250903_최종/1 Architectural & summery/BILL No1 -Architectural Works-01. HOSPITAL(BLANK BILL).xlsx,47d79c95e2c3273f84778935276c94526e369cc1b1bc057f6b03c998f44e253f
복합일위대가,453125479B7D7FE4C224BA0035A19,AW19A/01. HOSPITAL/60*150 AL,3.200 x 2.400 = 7.680,EA,1420.8,0.0,0.0,1420.8,,,,=일위대가!F1273,=일위대가!H1273,=일위대가!J1273,=E238+F238+G238,일위대가목록,238,data/unpacked/L2025-00085-1/붙임2. 현지입찰(신규입찰) 서류 및 계약서류(안)/IKHCC Section 4 - IKHCC BLANK BOQ 250903_최종/1 Architectural & summery/BILL No1 -Architectural Works-01. HOSPITAL(BLANK BILL).xlsx,47d79c95e2c3273f84778935276c94526e369cc1b1bc057f6b03c998f44e253f
복합일위대가,453125479B7D7FE4C224BA0035A1F,AW19B/01. HOSPITAL/60*150 AL,3.200 x 2.400 = 7.680,EA,1420.8,0.0,0.0,1420.8,,,,=일위대가!F1277,=일위대가!H1277,=일위대가!J1277,=E239+F239+G239,일위대가목록,239,data/unpacked/L2025-00085-1/붙임2. 현지입찰(신규입찰) 서류 및 계약서류(안)/IKHCC Section 4 - IKHCC BLANK BOQ 250903_최종/1 Architectural & summery/BILL No1 -Architectural Works-01. HOSPITAL(BLANK BILL).xlsx,47d79c95e2c3273f84778935276c94526e369cc1b1bc057f6b03c998f44e253f
복합일위대가,4482204849760A9E127F495A4C958,석고판 설치(나사고정) - 바탕용,"벽, 2겹 붙임",M2,0.0,4.33,0.04,4.37,,,,=일위대가!F1283,=일위대가!H1283,=일위대가!J1283,=E240+F240+G240,일위대가목록,240,data/unpacked/L2025-00085-1/붙임2. 현지입찰(신규입찰) 서류 및 계약서류(안)/IKHCC Section 4 - IKHCC BLANK BOQ 250903_최종/1 Architectural & summery/BILL No1 -Architectural Works-01. HOSPITAL(BLANK BILL).xlsx,47d79c95e2c3273f84778935276c94526e369cc1b1bc057f6b03c998f44e253f
복합일위대가,448226472C79915F02BD06AAE8588,30X30 THK1.6 @450 STL PIPE,,M2,3.6,3.62,0.16,7.380000000000001,,,,=일위대가!F1289,=일위대가!H1289,=일위대가!J1289,=E241+F241+G241,일위대가목록,241,data/unpacked/L2025-00085-1/붙임2. 현지입찰(신규입찰) 서류 및 계약서류(안)/IKHCC Section 4 - IKHCC BLANK BOQ 250903_최종/1 Architectural & summery/BILL No1 -Architectural Works-01. HOSPITAL(BLANK BILL).xlsx,47d79c95e2c3273f84778935276c94526e369cc1b1bc057f6b03c998f44e253f
복합일위대가,4482254042735867E26912B595FF2,잡철물 제작 및 설치,"규격철물 설치, 경량철재",kg,0.03,1.18,0.05,1.26,,,,=일위대가!F1298,=일위대가!H1298,=일위대가!J1298,=E242+F242+G242,일위대가목록,242,data/unpacked/L2025-00085-1/붙임2. 현지입찰(신규입찰) 서류 및 계약서류(안)/IKHCC Section 4 - IKHCC BLANK BOQ 250903_최종/1 Architectural & summery/BILL No1 -Architectural Works-01. HOSPITAL(BLANK BILL).xlsx,47d79c95e2c3273f84778935276c94526e369cc1b1bc057f6b03c998f44e253f
복합일위대가,4482224D7C7A0028821F232E069B7,습식공법 - 화강석,"바닥, 자재 별도",M2,0.0,31.19,0.25,31.44,,,,=일위대가!F1304,=일위대가!H1304,=일위대가!J1304,=E243+F243+G243,일위대가목록,243,data/unpacked/L2025-00085-1/붙임2. 현지입찰(신규입찰) 서류 및 계약서류(안)/IKHCC Section 4 - IKHCC BLANK BOQ 250903_최종/1 Architectural & summery/BILL No1 -Architectural Works-01. HOSPITAL(BLANK BILL).xlsx,47d79c95e2c3273f84778935276c94526e369cc1b1bc057f6b03c998f44e253f
복합일위대가,439D2A438075650262F4653EA8C281ACA2BB855,굴삭기(무한궤도),0.6㎥,HR,11.18,15.28,17.89,44.35,,,,=일위대가!F1311,=일위대가!H1311,=일위대가!J1311,=E244+F244+G244,일위대가목록,244,data/unpacked/L2025-00085-1/붙임2. 현지입찰(신규입찰) 서류 및 계약서류(안)/IKHCC Section 4 - IKHCC BLANK BOQ 250903_최종/1 Architectural & summery/BILL No1 -Architectural Works-01. HOSPITAL(BLANK BILL).xlsx,47d79c95e2c3273f84778935276c94526e369cc1b1bc057f6b03c998f44e253f
복합일위대가,439D2A438075647E522B581865348A146822AFB,플레이트 콤팩터,1.5ton,HR,1.17,10.12,0.48,11.77,,,,=일위대가!F1318,=일위대가!H1318,=일위대가!J1318,=E245+F245+G245,일위대가목록,245,data/unpacked/L2025-00085-1/붙임2. 현지입찰(신규입찰) 서류 및 계약서류(안)/IKHCC Section 4 - IKHCC BLANK BOQ 250903_최종/1 Architectural & summery/BILL No1 -Architectural Works-01. HOSPITAL(BLANK BILL).xlsx,47d79c95e2c3273f84778935276c94526e369cc1b1bc057f6b03c998f44e253f
복합일위대가,44822745CD78423802EFDE40178D1,방수층보호재 붙임,"발포 PE시트, 수직부",M2,0.0,1.28,0.0,1.28,,,,=일위대가!F1323,=일위대가!H1323,=일위대가!J1323,=E246+F246+G246,일위대가목록,246,data/unpacked/L2025-00085-1/붙임2. 현지입찰(신규입찰) 서류 및 계약서류(안)/IKHCC Section 4 - IKHCC BLANK BOQ 250903_최종/1 Architectural & summery/BILL No1 -Architectural Works-01. HOSPITAL(BLANK BILL).xlsx,47d79c95e2c3273f84778935276c94526e369cc1b1bc057f6b03c998f44e253f
복합일위대가,44822048387F1B9E12FCF71415AC0,암면 공간넣기,"펠트, 밀도60kg/㎥, 50mm",M2,3.92,1.97,0.0,5.89,,,,=일위대가!F1329,=일위대가!H1329,=일위대가!J1329,=E247+F247+G247,일위대가목록,247,data/unpacked/L2025-00085-1/붙임2. 현지입찰(신규입찰) 서류 및 계약서류(안)/IKHCC Section 4 - IKHCC BLANK BOQ 250903_최종/1 Architectural & summery/BILL No1 -Architectural Works-01. HOSPITAL(BLANK BILL).xlsx,47d79c95e2c3273f84778935276c94526e369cc1b1bc057f6b03c998f44e253f
복합일위대가,44822048387C4468A2D648539CA03,단열재 공간넣기,50mm 이하,M2,0.0,1.97,0.0,1.97,,,,=일위대가!F1334,=일위대가!H1334,=일위대가!J1334,=E248+F248+G248,일위대가목록,248,data/unpacked/L2025-00085-1/붙임2. 현지입찰(신규입찰) 서류 및 계약서류(안)/IKHCC Section 4 - IKHCC BLANK BOQ 250903_최종/1 Architectural & summery/BILL No1 -Architectural Works-01. HOSPITAL(BLANK BILL).xlsx,47d79c95e2c3273f84778935276c94526e369cc1b1bc057f6b03c998f44e253f
복합일위대가,4482274502731FF3C29CCC2002402,줄눈 설치,,M,0.0,0.38,0.0,0.38,,,,=일위대가!F1339,=일위대가!H1339,=일위대가!J1339,=E249+F249+G249,일위대가목록,249,data/unpacked/L2025-00085-1/붙임2. 현지입찰(신규입찰) 서류 및 계약서류(안)/IKHCC Section 4 - IKHCC BLANK BOQ 250903_최종/1 Architectural & summery/BILL No1 -Architectural Works-01. HOSPITAL(BLANK BILL).xlsx,47d79c95e2c3273f84778935276c94526e369cc1b1bc057f6b03c998f44e253f
복합일위대가,44822442147374AA428F1E668ADC3,루프드레인 설치,,개소,0.0,13.76,0.0,13.76,,,,=일위대가!F1344,=일위대가!H1344,=일위대가!J1344,=E250+F250+G250,일위대가목록,250,data/unpacked/L2025-00085-1/붙임2. 현지입찰(신규입찰) 서류 및 계약서류(안)/IKHCC Section 4 - IKHCC BLANK BOQ 250903_최종/1 Architectural & summery/BILL No1 -Architectural Works-01. HOSPITAL(BLANK BILL).xlsx,47d79c95e2c3273f84778935276c94526e369cc1b1bc057f6b03c998f44e253f
복합일위대가,448224420B7AF576E21CC3C75E5E0,금속 선홈통 설치,150mm 이하 기준,M,0.0,7.23,0.13,7.36,,,,=일위대가!F1350,=일위대가!H1350,=일위대가!J1350,=E251+F251+G251,일위대가목록,251,data/unpacked/L2025-00085-1/붙임2. 현지입찰(신규입찰) 서류 및 계약서류(안)/IKHCC Section 4 - IKHCC BLANK BOQ 250903_최종/1 Architectural & summery/BILL No1 -Architectural Works-01. HOSPITAL(BLANK BILL).xlsx,47d79c95e2c3273f84778935276c94526e369cc1b1bc057f6b03c998f44e253f
복합일위대가,4482254042735867E2589177A2478,잡철물 제작 및 설치,"현장제작 설치, 경량철재",kg,0.04,2.03,0.08,2.15,,,,=일위대가!F1359,=일위대가!H1359,=일위대가!J1359,=E252+F252+G252,일위대가목록,252,data/unpacked/L2025-00085-1/붙임2. 현지입찰(신규입찰) 서류 및 계약서류(안)/IKHCC Section 4 - IKHCC BLANK BOQ 250903_최종/1 Architectural & summery/BILL No1 -Architectural Works-01. HOSPITAL(BLANK BILL).xlsx,47d79c95e2c3273f84778935276c94526e369cc1b1bc057f6b03c998f44e253f
복합일위대가,4482214FD4762306E21DDA9D28AE0,도장 후 퍼티 및 연마 재료비,철재면(20년 품셈 기준),M2,0.21,0.0,0.0,0.21,,,,=일위대가!F1363,=일위대가!H1363,=일위대가!J1363,=E253+F253+G253,일위대가목록,253,data/unpacked/L2025-00085-1/붙임2. 현지입찰(신규입찰) 서류 및 계약서류(안)/IKHCC Section 4 - IKHCC BLANK BOQ 250903_최종/1 Architectural & summery/BILL No1 -Architectural Works-01. HOSPITAL(BLANK BILL).xlsx,47d79c95e2c3273f84778935276c94526e369cc1b1bc057f6b03c998f44e253f
복합일위대가,4482214FD4762306E21DC84F9F1D6,철재면 바탕만들기,노무비,M2,0.02,0.51,0.0,0.53,,,,=일위대가!F1369,=일위대가!H1369,=일위대가!J1369,=E254+F254+G254,일위대가목록,254,data/unpacked/L2025-00085-1/붙임2. 현지입찰(신규입찰) 서류 및 계약서류(안)/IKHCC Section 4 - IKHCC BLANK BOQ 250903_최종/1 Architectural & summery/BILL No1 -Architectural Works-01. HOSPITAL(BLANK BILL).xlsx,47d79c95e2c3273f84778935276c94526e369cc1b1bc057f6b03c998f44e253f
복합일위대가,4482214ED37A290FC2AFCFACC02D0,에나멜페인트 붓칠 재료비(20년 품셈기준),"내부, 1회, 1급",M2,0.81,0.0,0.0,0.81,,,,=일위대가!F1373,=일위대가!H1373,=일위대가!J1373,=E255+F255+G255,일위대가목록,255,data/unpacked/L2025-00085-1/붙임2. 현지입찰(신규입찰) 서류 및 계약서류(안)/IKHCC Section 4 - IKHCC BLANK BOQ 250903_최종/1 Architectural & summery/BILL No1 -Architectural Works-01. HOSPITAL(BLANK BILL).xlsx,47d79c95e2c3273f84778935276c94526e369cc1b1bc057f6b03c998f44e253f
복합일위대가,4482214ED37A290E221852C62097A,수성페인트 롤러칠,2회 노무비,M2,0.05,2.02,0.0,2.07,,,,=일위대가!F1381,=일위대가!H1381,=일위대가!J1381,=E256+F256+G256,일위대가목록,256,data/unpacked/L2025-00085-1/붙임2. 현지입찰(신규입찰) 서류 및 계약서류(안)/IKHCC Section 4 - IKHCC BLANK BOQ 250903_최종/1 Architectural & summery/BILL No1 -Architectural Works-01. HOSPITAL(BLANK BILL).xlsx,47d79c95e2c3273f84778935276c94526e369cc1b1bc057f6b03c998f44e253f
복합일위대가,44822048E9778BD39245F9426F7B5,몰딩 설치,,M,0.0,2.57,0.0,2.57,,,,=일위대가!F1386,=일위대가!H1386,=일위대가!J1386,=E257+F257+G257,일위대가목록,257,data/unpacked/L2025-00085-1/붙임2. 현지입찰(신규입찰) 서류 및 계약서류(안)/IKHCC Section 4 - IKHCC BLANK BOQ 250903_최종/1 Architectural & summery/BILL No1 -Architectural Works-01. HOSPITAL(BLANK BILL).xlsx,47d79c95e2c3273f84778935276c94526e369cc1b1bc057f6b03c998f44e253f
복합일위대가,4482254042735867E258BC48EA472,잡철물 제작 및 설치,"현장제작 설치, 일반철재",kg,0.05,1.58,0.08,1.7100000000000002,,,,=일위대가!F1395,=일위대가!H1395,=일위대가!J1395,=E258+F258+G258,일위대가목록,258,data/unpacked/L2025-00085-1/붙임2. 현지입찰(신규입찰) 서류 및 계약서류(안)/IKHCC Section 4 - IKHCC BLANK BOQ 250903_최종/1 Architectural & summery/BILL No1 -Architectural Works-01. HOSPITAL(BLANK BILL).xlsx,47d79c95e2c3273f84778935276c94526e369cc1b1bc057f6b03c998f44e253f
복합일위대가,448227450276D253F2E49D1ED6B66,수밀코킹(실리콘),"삼각, 5mm이하, 방균용",M,0.21,1.52,0.0,1.73,,,,=일위대가!F1400,=일위대가!H1400,=일위대가!J1400,=E259+F259+G259,일위대가목록,259,data/unpacked/L2025-00085-1/붙임2. 현지입찰(신규입찰) 서류 및 계약서류(안)/IKHCC Section 4 - IKHCC BLANK BOQ 250903_최종/1 Architectural & summery/BILL No1 -Architectural Works-01. HOSPITAL(BLANK BILL).xlsx,47d79c95e2c3273f84778935276c94526e369cc1b1bc057f6b03c998f44e253f
복합일위대가,448227450277FA0322A3A902939EC,수밀코킹,재료비 별도,M,0.0,1.52,0.0,1.52,,,,=일위대가!F1404,=일위대가!H1404,=일위대가!J1404,=E260+F260+G260,일위대가목록,260,data/unpacked/L2025-00085-1/붙임2. 현지입찰(신규입찰) 서류 및 계약서류(안)/IKHCC Section 4 - IKHCC BLANK BOQ 250903_최종/1 Architectural & summery/BILL No1 -Architectural Works-01. HOSPITAL(BLANK BILL).xlsx,47d79c95e2c3273f84778935276c94526e369cc1b1bc057f6b03c998f44e253f
복합일위대가,44822540B573CE7832149642AC9A5,스테인리스사다리,"W:400, D38.1+22.3*2t",M,22.88,10.61,0.43,33.919999999999995,,,,=일위대가!F1413,=일위대가!H1413,=일위대가!J1413,=E261+F261+G261,일위대가목록,261,data/unpacked/L2025-00085-1/붙임2. 현지입찰(신규입찰) 서류 및 계약서류(안)/IKHCC Section 4 - IKHCC BLANK BOQ 250903_최종/1 Architectural & summery/BILL No1 -Architectural Works-01. HOSPITAL(BLANK BILL).xlsx,47d79c95e2c3273f84778935276c94526e369cc1b1bc057f6b03c998f44e253f
복합일위대가,44822540A47B357A92A3E56F2CEF6,스테인리스 CAP,D60*1.2t,개,0.11,0.07,0.01,0.19,,,,=일위대가!F1419,=일위대가!H1419,=일위대가!J1419,=E262+F262+G262,일위대가목록,262,data/unpacked/L2025-00085-1/붙임2. 현지입찰(신규입찰) 서류 및 계약서류(안)/IKHCC Section 4 - IKHCC BLANK BOQ 250903_최종/1 Architectural & summery/BILL No1 -Architectural Works-01. HOSPITAL(BLANK BILL).xlsx,47d79c95e2c3273f84778935276c94526e369cc1b1bc057f6b03c998f44e253f
복합일위대가,44822048CE7BDDA602CD6C2EFADC1,목재손스침,D50,m,7.08,8.17,0.0,15.25,,,,=일위대가!F1427,=일위대가!H1427,=일위대가!J1427,=E263+F263+G263,일위대가목록,263,data/unpacked/L2025-00085-1/붙임2. 현지입찰(신규입찰) 서류 및 계약서류(안)/IKHCC Section 4 - IKHCC BLANK BOQ 250903_최종/1 Architectural & summery/BILL No1 -Architectural Works-01. HOSPITAL(BLANK BILL).xlsx,47d79c95e2c3273f84778935276c94526e369cc1b1bc057f6b03c998f44e253f
복합일위대가,44822343C377C36F323EA2A338DEE,창호유리설치 / 판유리,유리두께 9mm 이하,M2,0.0,7.85,0.0,7.85,,,,=일위대가!F1432,=일위대가!H1432,=일위대가!J1432,=E264+F264+G264,일위대가목록,264,data/unpacked/L2025-00085-1/붙임2. 현지입찰(신규입찰) 서류 및 계약서류(안)/IKHCC Section 4 - IKHCC BLANK BOQ 250903_최종/1 Architectural & summery/BILL No1 -Architectural Works-01. HOSPITAL(BLANK BILL).xlsx,47d79c95e2c3273f84778935276c94526e369cc1b1bc057f6b03c998f44e253f
복합일위대가,44822540A47B357A92870C23FCE77,용접식난간 설치,"현장제작 설치, 경량철물(스테인리스)",kg,0.04,2.07,0.04,2.15,,,,=일위대가!F1440,=일위대가!H1440,=일위대가!J1440,=E265+F265+G265,일위대가목록,265,data/unpacked/L2025-00085-1/붙임2. 현지입찰(신규입찰) 서류 및 계약서류(안)/IKHCC Section 4 - IKHCC BLANK BOQ 250903_최종/1 Architectural & summery/BILL No1 -Architectural Works-01. HOSPITAL(BLANK BILL).xlsx,47d79c95e2c3273f84778935276c94526e369cc1b1bc057f6b03c998f44e253f
복합일위대가,4482214EB07C2F9D028F3925A4192,락카에나멜(뿜칠),,M2,7.37,6.42,0.0,13.79,,,,=일위대가!F1450,=일위대가!H1450,=일위대가!J1450,=E266+F266+G266,일위대가목록,266,data/unpacked/L2025-00085-1/붙임2. 현지입찰(신규입찰) 서류 및 계약서류(안)/IKHCC Section 4 - IKHCC BLANK BOQ 250903_최종/1 Architectural & summery/BILL No1 -Architectural Works-01. HOSPITAL(BLANK BILL).xlsx,47d79c95e2c3273f84778935276c94526e369cc1b1bc057f6b03c998f44e253f
복합일위대가,4482214ED37A290FC2AFCFACD294B,수성페인트 붓칠,3회 노무비,M2,0.11,5.61,0.0,5.720000000000001,,,,=일위대가!F1460,=일위대가!H1460,=일위대가!J1460,=E267+F267+G267,일위대가목록,267,data/unpacked/L2025-00085-1/붙임2. 현지입찰(신규입찰) 서류 및 계약서류(안)/IKHCC Section 4 - IKHCC BLANK BOQ 250903_최종/1 Architectural & summery/BILL No1 -Architectural Works-01. HOSPITAL(BLANK BILL).xlsx,47d79c95e2c3273f84778935276c94526e369cc1b1bc057f6b03c998f44e253f
복합일위대가,4482214FD4762306E21DF5EE055C9,콘크리트·모르타르면 바탕만들기,노무비,M2,0.03,0.81,0.0,0.8400000000000001,,,,=일위대가!F1466,=일위대가!H1466,=일위대가!J1466,=E268+F268+G268,일위대가목록,268,data/unpacked/L2025-00085-1/붙임2. 현지입찰(신규입찰) 서류 및 계약서류(안)/IKHCC Section 4 - IKHCC BLANK BOQ 250903_최종/1 Architectural & summery/BILL No1 -Architectural Works-01. HOSPITAL(BLANK BILL).xlsx,47d79c95e2c3273f84778935276c94526e369cc1b1bc057f6b03c998f44e253f
복합일위대가,448225404275053C32CD4B6BFD8E6,ST F.B 설치,"60*12T,도장유",M,5.13,9.63,0.46,15.220000000000002,,,,=일위대가!F1476,=일위대가!H1476,=일위대가!J1476,=E269+F269+G269,일위대가목록,269,data/unpacked/L2025-00085-1/붙임2. 현지입찰(신규입찰) 서류 및 계약서류(안)/IKHCC Section 4 - IKHCC BLANK BOQ 250903_최종/1 Architectural & summery/BILL No1 -Architectural Works-01. HOSPITAL(BLANK BILL).xlsx,47d79c95e2c3273f84778935276c94526e369cc1b1bc057f6b03c998f44e253f
복합일위대가,448225404275053C32CD4B6BFDBBB,ST F.B 설치,"60*9T,도장유",M,3.9,7.39,0.34,11.629999999999999,,,,=일위대가!F1486,=일위대가!H1486,=일위대가!J1486,=E270+F270+G270,일위대가목록,270,data/unpacked/L2025-00085-1/붙임2. 현지입찰(신규입찰) 서류 및 계약서류(안)/IKHCC Section 4 - IKHCC BLANK BOQ 250903_최종/1 Architectural & summery/BILL No1 -Architectural Works-01. HOSPITAL(BLANK BILL).xlsx,47d79c95e2c3273f84778935276c94526e369cc1b1bc057f6b03c998f44e253f
복합일위대가,448225404275053C32CD4B746AB6E,베이스판설치,"100*120*10T,앙카포함",EA,2.39,11.37,0.23,13.99,,,,=일위대가!F1498,=일위대가!H1498,=일위대가!J1498,=E271+F271+G271,일위대가목록,271,data/unpacked/L2025-00085-1/붙임2. 현지입찰(신규입찰) 서류 및 계약서류(안)/IKHCC Section 4 - IKHCC BLANK BOQ 250903_최종/1 Architectural & summery/BILL No1 -Architectural Works-01. HOSPITAL(BLANK BILL).xlsx,47d79c95e2c3273f84778935276c94526e369cc1b1bc057f6b03c998f44e253f
복합일위대가,4482214EFE784586D2E6FD9FF49E3,녹막이 페인트칠 재료비(20년 품셈기준),"철재면, 1회, 1종",M2,0.57,0.0,0.0,0.57,,,,=일위대가!F1503,=일위대가!H1503,=일위대가!J1503,=E272+F272+G272,일위대가목록,272,data/unpacked/L2025-00085-1/붙임2. 현지입찰(신규입찰) 서류 및 계약서류(안)/IKHCC Section 4 - IKHCC BLANK BOQ 250903_최종/1 Architectural & summery/BILL No1 -Architectural Works-01. HOSPITAL(BLANK BILL).xlsx,47d79c95e2c3273f84778935276c94526e369cc1b1bc057f6b03c998f44e253f
복합일위대가,4482214EFE784586D2F77D0FA3781,녹막이페인트 붓칠(재료비 미포함),"철재면, 1회 2종",M2,0.03,1.29,0.0,1.32,,,,=일위대가!F1507,=일위대가!H1507,=일위대가!J1507,=E273+F273+G273,일위대가목록,273,data/unpacked/L2025-00085-1/붙임2. 현지입찰(신규입찰) 서류 및 계약서류(안)/IKHCC Section 4 - IKHCC BLANK BOQ 250903_최종/1 Architectural & summery/BILL No1 -Architectural Works-01. HOSPITAL(BLANK BILL).xlsx,47d79c95e2c3273f84778935276c94526e369cc1b1bc057f6b03c998f44e253f
복합일위대가,4482214EC175CF8E12E9BEF3C30BC,유성페인트 붓칠 재료비(20년 품셈기준),"철재면, 2회, 1급",M2,0.83,0.0,0.0,0.83,,,,=일위대가!F1512,=일위대가!H1512,=일위대가!J1512,=E274+F274+G274,일위대가목록,274,data/unpacked/L2025-00085-1/붙임2. 현지입찰(신규입찰) 서류 및 계약서류(안)/IKHCC Section 4 - IKHCC BLANK BOQ 250903_최종/1 Architectural & summery/BILL No1 -Architectural Works-01. HOSPITAL(BLANK BILL).xlsx,47d79c95e2c3273f84778935276c94526e369cc1b1bc057f6b03c998f44e253f
복합일위대가,4482214EC175CF8E12E9BEB4376D4,유성페인트 붓칠(재료비 미포함),"철재면, 2회 1급",M2,0.07,3.44,0.0,3.51,,,,=일위대가!F1516,=일위대가!H1516,=일위대가!J1516,=E275+F275+G275,일위대가목록,275,data/unpacked/L2025-00085-1/붙임2. 현지입찰(신규입찰) 서류 및 계약서류(안)/IKHCC Section 4 - IKHCC BLANK BOQ 250903_최종/1 Architectural & summery/BILL No1 -Architectural Works-01. HOSPITAL(BLANK BILL).xlsx,47d79c95e2c3273f84778935276c94526e369cc1b1bc057f6b03c998f44e253f
복합일위대가,44822A48987FD36152FC87D9EC25B,앵커 볼트 설치,∮16 이하,개,0.0,4.97,0.08,5.05,,,,=일위대가!F1522,=일위대가!H1522,=일위대가!J1522,=E276+F276+G276,일위대가목록,276,data/unpacked/L2025-00085-1/붙임2. 현지입찰(신규입찰) 서류 및 계약서류(안)/IKHCC Section 4 - IKHCC BLANK BOQ 250903_최종/1 Architectural & summery/BILL No1 -Architectural Works-01. HOSPITAL(BLANK BILL).xlsx,47d79c95e2c3273f84778935276c94526e369cc1b1bc057f6b03c998f44e253f
복합일위대가,4482214EFE784586D2E6E32B5EEF9,녹막이 페인트칠,철재면 1회 노무비,M2,0.03,1.29,0.0,1.32,,,,=일위대가!F1528,=일위대가!H1528,=일위대가!J1528,=E277+F277+G277,일위대가목록,277,data/unpacked/L2025-00085-1/붙임2. 현지입찰(신규입찰) 서류 및 계약서류(안)/IKHCC Section 4 - IKHCC BLANK BOQ 250903_최종/1 Architectural & summery/BILL No1 -Architectural Works-01. HOSPITAL(BLANK BILL).xlsx,47d79c95e2c3273f84778935276c94526e369cc1b1bc057f6b03c998f44e253f
복합일위대가,4482214EC175CF8E12E9BEF3EFCC1,유성페인트 붓칠,철재면 2회 노무비,M2,0.07,3.44,0.0,3.51,,,,=일위대가!F1536,=일위대가!H1536,=일위대가!J1536,=E278+F278+G278,일위대가목록,278,data/unpacked/L2025-00085-1/붙임2. 현지입찰(신규입찰) 서류 및 계약서류(안)/IKHCC Section 4 - IKHCC BLANK BOQ 250903_최종/1 Architectural & summery/BILL No1 -Architectural Works-01. HOSPITAL(BLANK BILL).xlsx,47d79c95e2c3273f84778935276c94526e369cc1b1bc057f6b03c998f44e253f
복합일위대가,448225404275053C32CD4B6BFDD68,ST F.B 설치,"40*12T,도장유",M,2.58,4.97,0.23,7.78,,,,=일위대가!F1546,=일위대가!H1546,=일위대가!J1546,=E279+F279+G279,일위대가목록,279,data/unpacked/L2025-00085-1/붙임2. 현지입찰(신규입찰) 서류 및 계약서류(안)/IKHCC Section 4 - IKHCC BLANK BOQ 250903_최종/1 Architectural & summery/BILL No1 -Architectural Works-01. HOSPITAL(BLANK BILL).xlsx,47d79c95e2c3273f84778935276c94526e369cc1b1bc057f6b03c998f44e253f
복합일위대가,448225404275053C32CD4B6BFDC41,ST F.B 설치,"40*9T,도장유",M,1.99,3.82,0.17,5.9799999999999995,,,,=일위대가!F1556,=일위대가!H1556,=일위대가!J1556,=E280+F280+G280,일위대가목록,280,data/unpacked/L2025-00085-1/붙임2. 현지입찰(신규입찰) 서류 및 계약서류(안)/IKHCC Section 4 - IKHCC BLANK BOQ 250903_최종/1 Architectural & summery/BILL No1 -Architectural Works-01. HOSPITAL(BLANK BILL).xlsx,47d79c95e2c3273f84778935276c94526e369cc1b1bc057f6b03c998f44e253f
복합일위대가,448225404275053C32CD4B6BFDF16,ST F.B 설치,"30*5T,도장유",M,1.03,2.15,0.1,3.28,,,,=일위대가!F1566,=일위대가!H1566,=일위대가!J1566,=E281+F281+G281,일위대가목록,281,data/unpacked/L2025-00085-1/붙임2. 현지입찰(신규입찰) 서류 및 계약서류(안)/IKHCC Section 4 - IKHCC BLANK BOQ 250903_최종/1 Architectural & summery/BILL No1 -Architectural Works-01. HOSPITAL(BLANK BILL).xlsx,47d79c95e2c3273f84778935276c94526e369cc1b1bc057f6b03c998f44e253f
복합일위대가,4482214EFE784586D2E6FD9FF4A8A,녹막이 페인트칠 재료비(20년 품셈기준),"철재면, 1회, 2종",M2,0.48,0.0,0.0,0.48,,,,=일위대가!F1571,=일위대가!H1571,=일위대가!J1571,=E282+F282+G282,일위대가목록,282,data/unpacked/L2025-00085-1/붙임2. 현지입찰(신규입찰) 서류 및 계약서류(안)/IKHCC Section 4 - IKHCC BLANK BOQ 250903_최종/1 Architectural & summery/BILL No1 -Architectural Works-01. HOSPITAL(BLANK BILL).xlsx,47d79c95e2c3273f84778935276c94526e369cc1b1bc057f6b03c998f44e253f
복합일위대가,44822343DD798A292213C431865F0,창호주위 발포우레탄 충전,,M,0.0,0.8,0.0,0.8,,,,=일위대가!F1576,=일위대가!H1576,=일위대가!J1576,=E283+F283+G283,일위대가목록,283,data/unpacked/L2025-00085-1/붙임2. 현지입찰(신규입찰) 서류 및 계약서류(안)/IKHCC Section 4 - IKHCC BLANK BOQ 250903_최종/1 Architectural & summery/BILL No1 -Architectural Works-01. HOSPITAL(BLANK BILL).xlsx,47d79c95e2c3273f84778935276c94526e369cc1b1bc057f6b03c998f44e253f
복합일위대가,44822343A079C7CE52023FDF6FB6B,강재창호 설치 / 여닫이,"창호면적 m2, 1.0 ~ 3.0 이하",개소,0.0,37.47,0.97,38.44,,,,=일위대가!F1582,=일위대가!H1582,=일위대가!J1582,=E284+F284+G284,일위대가목록,284,data/unpacked/L2025-00085-1/붙임2. 현지입찰(신규입찰) 서류 및 계약서류(안)/IKHCC Section 4 - IKHCC BLANK BOQ 250903_최종/1 Architectural & summery/BILL No1 -Architectural Works-01. HOSPITAL(BLANK BILL).xlsx,47d79c95e2c3273f84778935276c94526e369cc1b1bc057f6b03c998f44e253f
복합일위대가,44822343A079C7CE52023FDF6FA45,강재창호 설치 / 여닫이,"창호면적 m2, 3.0 ~ 6.0 이하",개소,0.0,48.6,1.26,49.86,,,,=일위대가!F1588,=일위대가!H1588,=일위대가!J1588,=E285+F285+G285,일위대가목록,285,data/unpacked/L2025-00085-1/붙임2. 현지입찰(신규입찰) 서류 및 계약서류(안)/IKHCC Section 4 - IKHCC BLANK BOQ 250903_최종/1 Architectural & summery/BILL No1 -Architectural Works-01. HOSPITAL(BLANK BILL).xlsx,47d79c95e2c3273f84778935276c94526e369cc1b1bc057f6b03c998f44e253f
복합일위대가,44822048497565C702BE792A1ECD7,"벽, 코아합판붙임",18MM*1겹,M2,7.05,5.29,0.09,12.43,,,,=일위대가!F1593,=일위대가!H1593,=일위대가!J1593,=E286+F286+G286,일위대가목록,286,data/unpacked/L2025-00085-1/붙임2. 현지입찰(신규입찰) 서류 및 계약서류(안)/IKHCC Section 4 - IKHCC BLANK BOQ 250903_최종/1 Architectural & summery/BILL No1 -Architectural Works-01. HOSPITAL(BLANK BILL).xlsx,47d79c95e2c3273f84778935276c94526e369cc1b1bc057f6b03c998f44e253f
복합일위대가,4482204849760A9E127F495A4C95D,석고판 설치,"벽, 2겹 붙임",M2,7.12,5.34,0.04,12.5,,,,=일위대가!F1600,=일위대가!H1600,=일위대가!J1600,=E287+F287+G287,일위대가목록,287,data/unpacked/L2025-00085-1/붙임2. 현지입찰(신규입찰) 서류 및 계약서류(안)/IKHCC Section 4 - IKHCC BLANK BOQ 250903_최종/1 Architectural & summery/BILL No1 -Architectural Works-01. HOSPITAL(BLANK BILL).xlsx,47d79c95e2c3273f84778935276c94526e369cc1b1bc057f6b03c998f44e253f
복합일위대가,4482224D7C78509F8249A8ECF2166,"석재판붙임(앵커지지 공법, 줄눈포함)",석재판 규격 0.3m2 초과~0.8m2 이하,M2,0.0,35.81,0.82,36.63,,,,=일위대가!F1606,=일위대가!H1606,=일위대가!J1606,=E288+F288+G288,일위대가목록,288,data/unpacked/L2025-00085-1/붙임2. 현지입찰(신규입찰) 서류 및 계약서류(안)/IKHCC Section 4 - IKHCC BLANK BOQ 250903_최종/1 Architectural & summery/BILL No1 -Architectural Works-01. HOSPITAL(BLANK BILL).xlsx,47d79c95e2c3273f84778935276c94526e369cc1b1bc057f6b03c998f44e253f
복합일위대가,4482224D7C7EF9A3E203E1065B7A9,"화강석붙임(건식, 물갈기)","걸레받이, 포천석 100*15mm",M,3.41,11.37,0.19,14.969999999999999,,,,=일위대가!F1611,=일위대가!H1611,=일위대가!J1611,=E289+F289+G289,일위대가목록,289,data/unpacked/L2025-00085-1/붙임2. 현지입찰(신규입찰) 서류 및 계약서류(안)/IKHCC Section 4 - IKHCC BLANK BOQ 250903_최종/1 Architectural & summery/BILL No1 -Architectural Works-01. HOSPITAL(BLANK BILL).xlsx,47d79c95e2c3273f84778935276c94526e369cc1b1bc057f6b03c998f44e253f
복합일위대가,448220484970E2E0928174C29FE73,벽체합판 설치,합판 별도,M2,0.0,5.29,0.09,5.38,,,,=일위대가!F1617,=일위대가!H1617,=일위대가!J1617,=E290+F290+G290,일위대가목록,290,data/unpacked/L2025-00085-1/붙임2. 현지입찰(신규입찰) 서류 및 계약서류(안)/IKHCC Section 4 - IKHCC BLANK BOQ 250903_최종/1 Architectural & summery/BILL No1 -Architectural Works-01. HOSPITAL(BLANK BILL).xlsx,47d79c95e2c3273f84778935276c94526e369cc1b1bc057f6b03c998f44e253f
복합일위대가,4482214ED37A290E221852C631320,수성페인트 롤러칠 재료비(20년 품셈기준),"내부, 1회, 1급, 합성수지에멀션페인트",M2,0.27,0.0,0.0,0.27,,,,=일위대가!F1621,=일위대가!H1621,=일위대가!J1621,=E291+F291+G291,일위대가목록,291,data/unpacked/L2025-00085-1/붙임2. 현지입찰(신규입찰) 서류 및 계약서류(안)/IKHCC Section 4 - IKHCC BLANK BOQ 250903_최종/1 Architectural & summery/BILL No1 -Architectural Works-01. HOSPITAL(BLANK BILL).xlsx,47d79c95e2c3273f84778935276c94526e369cc1b1bc057f6b03c998f44e253f
복합일위대가,4482214ED37A290E2218405594989,수성페인트 롤러칠(재료비 미포함),"내부, 1회 1급",M2,0.02,1.01,0.0,1.03,,,,=일위대가!F1625,=일위대가!H1625,=일위대가!J1625,=E292+F292+G292,일위대가목록,292,data/unpacked/L2025-00085-1/붙임2. 현지입찰(신규입찰) 서류 및 계약서류(안)/IKHCC Section 4 - IKHCC BLANK BOQ 250903_최종/1 Architectural & summery/BILL No1 -Architectural Works-01. HOSPITAL(BLANK BILL).xlsx,47d79c95e2c3273f84778935276c94526e369cc1b1bc057f6b03c998f44e253f
복합일위대가,448220486474E687F20023F8098F9,걸레받이 설치,"석재류, H=75~120mm 기준",M,0.0,11.37,0.19,11.559999999999999,,,,=일위대가!F1631,=일위대가!H1631,=일위대가!J1631,=E293+F293+G293,일위대가목록,293,data/unpacked/L2025-00085-1/붙임2. 현지입찰(신규입찰) 서류 및 계약서류(안)/IKHCC Section 4 - IKHCC BLANK BOQ 250903_최종/1 Architectural & summery/BILL No1 -Architectural Works-01. HOSPITAL(BLANK BILL).xlsx,47d79c95e2c3273f84778935276c94526e369cc1b1bc057f6b03c998f44e253f
복합일위대가,4482214ED37A290E221852C620A01,수성페인트 롤러칠,1회 노무비,M2,0.02,1.01,0.0,1.03,,,,=일위대가!F1637,=일위대가!H1637,=일위대가!J1637,=E294+F294+G294,일위대가목록,294,data/unpacked/L2025-00085-1/붙임2. 현지입찰(신규입찰) 서류 및 계약서류(안)/IKHCC Section 4 - IKHCC BLANK BOQ 250903_최종/1 Architectural & summery/BILL No1 -Architectural Works-01. HOSPITAL(BLANK BILL).xlsx,47d79c95e2c3273f84778935276c94526e369cc1b1bc057f6b03c998f44e253f
복합일위대가,448226472C79915F02BD06AAE858A,40X40@600 STL PIPE,,M2,8.33,8.58,0.37,17.28,,,,=일위대가!F1643,=일위대가!H1643,=일위대가!J1643,=E295+F295+G295,일위대가목록,295,data/unpacked/L2025-00085-1/붙임2. 현지입찰(신규입찰) 서류 및 계약서류(안)/IKHCC Section 4 - IKHCC BLANK BOQ 250903_최종/1 Architectural & summery/BILL No1 -Architectural Works-01. HOSPITAL(BLANK BILL).xlsx,47d79c95e2c3273f84778935276c94526e369cc1b1bc057f6b03c998f44e253f
복합일위대가,4482214EFE784586D2F741D1BCA4B,녹막이페인트 붓칠(재료비 미포함),"철재면, 2회 1종",M2,0.06,2.58,0.0,2.64,,,,=일위대가!F1647,=일위대가!H1647,=일위대가!J1647,=E296+F296+G296,일위대가목록,296,data/unpacked/L2025-00085-1/붙임2. 현지입찰(신규입찰) 서류 및 계약서류(안)/IKHCC Section 4 - IKHCC BLANK BOQ 250903_최종/1 Architectural & summery/BILL No1 -Architectural Works-01. HOSPITAL(BLANK BILL).xlsx,47d79c95e2c3273f84778935276c94526e369cc1b1bc057f6b03c998f44e253f
복합일위대가,448224423776F13F522BB00BC2D3F,거멀접기 시공비,"지붕, 외벽(습식)",M2,0.0,19.5,0.59,20.09,,,,=일위대가!F1655,=일위대가!H1655,=일위대가!J1655,=E297+F297+G297,일위대가목록,297,data/unpacked/L2025-00085-1/붙임2. 현지입찰(신규입찰) 서류 및 계약서류(안)/IKHCC Section 4 - IKHCC BLANK BOQ 250903_최종/1 Architectural & summery/BILL No1 -Architectural Works-01. HOSPITAL(BLANK BILL).xlsx,47d79c95e2c3273f84778935276c94526e369cc1b1bc057f6b03c998f44e253f
복합일위대가,4482214EFE784586D2E6E32B5EDD2,녹막이 페인트칠,철재면 2회 노무비,M2,0.06,2.58,0.0,2.64,,,,=일위대가!F1663,=일위대가!H1663,=일위대가!J1663,=E298+F298+G298,일위대가목록,298,data/unpacked/L2025-00085-1/붙임2. 현지입찰(신규입찰) 서류 및 계약서류(안)/IKHCC Section 4 - IKHCC BLANK BOQ 250903_최종/1 Architectural & summery/BILL No1 -Architectural Works-01. HOSPITAL(BLANK BILL).xlsx,47d79c95e2c3273f84778935276c94526e369cc1b1bc057f6b03c998f44e253f
복합일위대가,44822343DD7C5DE1F2654CBB5D8D3,도어록 설치 / 일반도어록 강재창호,재료비 별도,개소,0.0,1.8,0.0,1.8,,,,=일위대가!F1668,=일위대가!H1668,=일위대가!J1668,=E299+F299+G299,일위대가목록,299,data/unpacked/L2025-00085-1/붙임2. 현지입찰(신규입찰) 서류 및 계약서류(안)/IKHCC Section 4 - IKHCC BLANK BOQ 250903_최종/1 Architectural & summery/BILL No1 -Architectural Works-01. HOSPITAL(BLANK BILL).xlsx,47d79c95e2c3273f84778935276c94526e369cc1b1bc057f6b03c998f44e253f
복합일위대가,44822343DD7C587E82CBEB06D0CA2,도어체크 설치,재료비 별도,개소,0.0,6.19,0.1,6.29,,,,=일위대가!F1674,=일위대가!H1674,=일위대가!J1674,=E300+F300+G300,일위대가목록,300,data/unpacked/L2025-00085-1/붙임2. 현지입찰(신규입찰) 서류 및 계약서류(안)/IKHCC Section 4 - IKHCC BLANK BOQ 250903_최종/1 Architectural & summery/BILL No1 -Architectural Works-01. HOSPITAL(BLANK BILL).xlsx,47d79c95e2c3273f84778935276c94526e369cc1b1bc057f6b03c998f44e253f
복합일위대가,448227450274220842B81D99D073A,수밀코킹(50*20mm),"폴리우레탄, 콘크리트죠인트",M,5.75,1.52,0.0,7.27,,,,=일위대가!F1679,=일위대가!H1679,=일위대가!J1679,=E301+F301+G301,일위대가목록,301,data/unpacked/L2025-00085-1/붙임2. 현지입찰(신규입찰) 서류 및 계약서류(안)/IKHCC Section 4 - IKHCC BLANK BOQ 250903_최종/1 Architectural & summery/BILL No1 -Architectural Works-01. HOSPITAL(BLANK BILL).xlsx,47d79c95e2c3273f84778935276c94526e369cc1b1bc057f6b03c998f44e253f
직접자원단가,439D2A438075650262F4653EA8C281ACA2BB8,굴삭기(무한궤도),0.6㎥,대,0.0,0.0,85.78908390727987,85.78908390727987,,,천원,,=AQ5/$AD$3*$AE$3*$AD$4,"=SMALL(Q5:U5,COUNTIF(Q5:U5,0)+1)",=O5+P5+V5,단가대비표,5,data/unpacked/L2025-00085-1/붙임2. 현지입찰(신규입찰) 서류 및 계약서류(안)/IKHCC Section 4 - IKHCC BLANK BOQ 250903_최종/1 Architectural & summery/BILL No1 -Architectural Works-01. HOSPITAL(BLANK BILL).xlsx,47d79c95e2c3273f84778935276c94526e369cc1b1bc057f6b03c998f44e253f
직접자원단가,439D2A438075647E522B581865348A146822A,플레이트 콤팩터,1.5ton,대,0.0,0.0,1.2789750425831299,1.2789750425831299,,,천원,,=AQ6/$AD$3*$AE$3*$AD$4,"=SMALL(Q6:U6,COUNTIF(Q6:U6,0)+1)",=O6+P6+V6,단가대비표,6,data/unpacked/L2025-00085-1/붙임2. 현지입찰(신규입찰) 서류 및 계약서류(안)/IKHCC Section 4 - IKHCC BLANK BOQ 250903_최종/1 Architectural & summery/BILL No1 -Architectural Works-01. HOSPITAL(BLANK BILL).xlsx,47d79c95e2c3273f84778935276c94526e369cc1b1bc057f6b03c998f44e253f
직접자원단가,4383224E9277D96E423ADC9804BC848799131,모래,"모래, 부산, 도착도",M3,25.253647337628678,0.0,0.0,25.253647337628678,25.253647337628678 | 61.0975338813597,102 | 61,,"=SMALL(E7:M7,COUNTIF(E7:M7,0)+1)",=AQ7/$AD$3*$AE$3*$AD$4,,=O7+P7+V7,단가대비표,7,data/unpacked/L2025-00085-1/붙임2. 현지입찰(신규입찰) 서류 및 계약서류(안)/IKHCC Section 4 - IKHCC BLANK BOQ 250903_최종/1 Architectural & summery/BILL No1 -Architectural Works-01. HOSPITAL(BLANK BILL).xlsx,47d79c95e2c3273f84778935276c94526e369cc1b1bc057f6b03c998f44e253f
직접자원단가,4383224E9274015002F3FC7FDB37969FC91B6,보통합판,"보통합판, 1급, 12*1220*2440mm",M2,8.490048137450938,0.0,0.0,8.490048137450938,8.88683996149004 | 9.578130045175147 | 8.490048137450938,671 | 407,,"=SMALL(E8:M8,COUNTIF(E8:M8,0)+1)",=AQ8/$AD$3*$AE$3*$AD$4,,=O8+P8+V8,단가대비표,8,data/unpacked/L2025-00085-1/붙임2. 현지입찰(신규입찰) 서류 및 계약서류(안)/IKHCC Section 4 - IKHCC BLANK BOQ 250903_최종/1 Architectural & summery/BILL No1 -Architectural Works-01. HOSPITAL(BLANK BILL).xlsx,47d79c95e2c3273f84778935276c94526e369cc1b1bc057f6b03c998f44e253f
직접자원단가,4383224E9274015002F3FC7FDB37969FC9525,내수합판,"내수합판, 1급, 12*1220*2440mm",매,26.64178330741317,0.0,0.0,26.64178330741317,27.815670591720362 | 29.32681626305266 | 26.64178330741317,671 | 407,,"=SMALL(E9:M9,COUNTIF(E9:M9,0)+1)",=AQ9/$AD$3*$AE$3*$AD$4,,=O9+P9+V9,단가대비표,9,data/unpacked/L2025-00085-1/붙임2. 현지입찰(신규입찰) 서류 및 계약서류(안)/IKHCC Section 4 - IKHCC BLANK BOQ 250903_최종/1 Architectural & summery/BILL No1 -Architectural Works-01. HOSPITAL(BLANK BILL).xlsx,47d79c95e2c3273f84778935276c94526e369cc1b1bc057f6b03c998f44e253f
직접자원단가,4383224E9274015002F3D1A6996767608948B,중밀도섬유판,"중밀도섬유판, 코아합판, 18mm",M2,6.841522624601941,0.0,0.0,6.841522624601941,7.361845515811302 | 6.841522624601941 | 8.264557505739466,673 | 409,,"=SMALL(E10:M10,COUNTIF(E10:M10,0)+1)",=AQ10/$AD$3*$AE$3*$AD$4,,=O10+P10+V10,단가대비표,10,data/unpacked/L2025-00085-1/붙임2. 현지입찰(신규입찰) 서류 및 계약서류(안)/IKHCC Section 4 - IKHCC BLANK BOQ 250903_최종/1 Architectural & summery/BILL No1 -Architectural Works-01. HOSPITAL(BLANK BILL).xlsx,47d79c95e2c3273f84778935276c94526e369cc1b1bc057f6b03c998f44e253f
직접자원단가,4383224E927F2F04D20B225F28E10669428A7,철강설,"철강설, 고철, 작업설부산물",kg,0.26475598015255875,0.0,0.0,0.26475598015255875,0.26475598015255875 | 0.33807302081019036 | 0.3022291342664593,1472 | 1198,수집상차도,"=SMALL(E11:M11,COUNTIF(E11:M11,0)+1)",=AQ11/$AD$3*$AE$3*$AD$4,,=O11+P11+V11,단가대비표,11,data/unpacked/L2025-00085-1/붙임2. 현지입찰(신규입찰) 서류 및 계약서류(안)/IKHCC Section 4 - IKHCC BLANK BOQ 250903_최종/1 Architectural & summery/BILL No1 -Architectural Works-01. HOSPITAL(BLANK BILL).xlsx,47d79c95e2c3273f84778935276c94526e369cc1b1bc057f6b03c998f44e253f
직접자원단가,4383224E927F2F04D20B225F28E106694294D,철강설,"철강설, 스텐레스, 작업설부산물",kg,0.29408279641561136,0.0,0.0,0.29408279641561136,1.2626823668814338 | 1.3441457453899135 | 0.29408279641561136,1472 | 1198,수집상차도,"=SMALL(E12:M12,COUNTIF(E12:M12,0)+1)",=AQ12/$AD$3*$AE$3*$AD$4,,=O12+P12+V12,단가대비표,12,data/unpacked/L2025-00085-1/붙임2. 현지입찰(신규입찰) 서류 및 계약서류(안)/IKHCC Section 4 - IKHCC BLANK BOQ 250903_최종/1 Architectural & summery/BILL No1 -Architectural Works-01. HOSPITAL(BLANK BILL).xlsx,47d79c95e2c3273f84778935276c94526e369cc1b1bc057f6b03c998f44e253f
직접자원단가,4383224E927F2F04D20B225F28E1066942A52,철강설,"철강설, 동판, 작업설부산물",kg,4.399022439457899,0.0,0.0,4.399022439457899,4.399022439457899 | 9.042435014441235 | 10.42731244908539,1472 | 1198,수집상차도,"=SMALL(E13:M13,COUNTIF(E13:M13,0)+1)",=AQ13/$AD$3*$AE$3*$AD$4,,=O13+P13+V13,단가대비표,13,data/unpacked/L2025-00085-1/붙임2. 현지입찰(신규입찰) 서류 및 계약서류(안)/IKHCC Section 4 - IKHCC BLANK BOQ 250903_최종/1 Architectural & summery/BILL No1 -Architectural Works-01. HOSPITAL(BLANK BILL).xlsx,47d79c95e2c3273f84778935276c94526e369cc1b1bc057f6b03c998f44e253f
직접자원단가,438326442A7A1BDBB26ADA2F4CEBFD791E5DA,경유,"경유, 저유황",L,1.0956824409390507,0.0,0.0,1.0956824409390507,1.0956824409390507 | 1.6092683107457606 | 1.3685847589424573,조달:23-02-28 | 1451 | 1189,,"=SMALL(E14:M14,COUNTIF(E14:M14,0)+1)",=AQ14/$AD$3*$AE$3*$AD$4,,=O14+P14+V14,단가대비표,14,data/unpacked/L2025-00085-1/붙임2. 현지입찰(신규입찰) 서류 및 계약서류(안)/IKHCC Section 4 - IKHCC BLANK BOQ 250903_최종/1 Architectural & summery/BILL No1 -Architectural Works-01. HOSPITAL(BLANK BILL).xlsx,47d79c95e2c3273f84778935276c94526e369cc1b1bc057f6b03c998f44e253f
직접자원단가,438326442A7A1BDBB26AE44FD807DE4CA9334,공업용휘발유,"공업용휘발유, 무연",L,1.1673702140265128,0.0,0.0,1.1673702140265128,1.3145175146263797 | 1.1673702140265128,1451 | 1189,,"=SMALL(E15:M15,COUNTIF(E15:M15,0)+1)",=AQ15/$AD$3*$AE$3*$AD$4,,=O15+P15+V15,단가대비표,15,data/unpacked/L2025-00085-1/붙임2. 현지입찰(신규입찰) 서류 및 계약서류(안)/IKHCC Section 4 - IKHCC BLANK BOQ 250903_최종/1 Architectural & summery/BILL No1 -Architectural Works-01. HOSPITAL(BLANK BILL).xlsx,47d79c95e2c3273f84778935276c94526e369cc1b1bc057f6b03c998f44e253f
직접자원단가,43AE2142BE7340A532FB6B275834A7BED62EA,ㄱ형강,"ㄱ형강, 등변, 25*25*3mm",kg,0.8146337850847961,0.0,0.0,0.8146337850847961,0.8472191364881879 | 0.8146337850847961 | 0.9205361771458196,55 | 21,,"=SMALL(E16:M16,COUNTIF(E16:M16,0)+1)",=AQ16/$AD$3*$AE$3*$AD$4,,=O16+P16+V16,단가대비표,16,data/unpacked/L2025-00085-1/붙임2. 현지입찰(신규입찰) 서류 및 계약서류(안)/IKHCC Section 4 - IKHCC BLANK BOQ 250903_최종/1 Architectural & summery/BILL No1 -Architectural Works-01. HOSPITAL(BLANK BILL).xlsx,47d79c95e2c3273f84778935276c94526e369cc1b1bc057f6b03c998f44e253f
직접자원단가,43AE2142BE7340A532FB6B275834A7BED62ED,ㄱ형강,"ㄱ형강, 등변, 30*30*3mm",kg,0.8146337850847961,0.0,0.0,0.8146337850847961,0.8472191364881879 | 0.8146337850847961 | 0.9205361771458196,55 | 21,,"=SMALL(E17:M17,COUNTIF(E17:M17,0)+1)",=AQ17/$AD$3*$AE$3*$AD$4,,=O17+P17+V17,단가대비표,17,data/unpacked/L2025-00085-1/붙임2. 현지입찰(신규입찰) 서류 및 계약서류(안)/IKHCC Section 4 - IKHCC BLANK BOQ 250903_최종/1 Architectural & summery/BILL No1 -Architectural Works-01. HOSPITAL(BLANK BILL).xlsx,47d79c95e2c3273f84778935276c94526e369cc1b1bc057f6b03c998f44e253f
직접자원단가,43AE2142BE7340A532FB6B275834A7BED62EC,ㄱ형강,"ㄱ형강, 등변, 40*40*3mm",kg,0.8146337850847961,0.0,0.0,0.8146337850847961,0.8472191364881879 | 0.8146337850847961 | 0.9205361771458196,55 | 21,,"=SMALL(E18:M18,COUNTIF(E18:M18,0)+1)",=AQ18/$AD$3*$AE$3*$AD$4,,=O18+P18+V18,단가대비표,18,data/unpacked/L2025-00085-1/붙임2. 현지입찰(신규입찰) 서류 및 계약서류(안)/IKHCC Section 4 - IKHCC BLANK BOQ 250903_최종/1 Architectural & summery/BILL No1 -Architectural Works-01. HOSPITAL(BLANK BILL).xlsx,47d79c95e2c3273f84778935276c94526e369cc1b1bc057f6b03c998f44e253f
직접자원단가,43AE2142BE7340A532FB6B275834A7BED62E1,ㄱ형강,"ㄱ형강, 등변, 50*50*4mm",kg,0.8146337850847961,0.0,0.0,0.8146337850847961,0.8472191364881879 | 0.8146337850847961 | 0.9205361771458196,55 | 21,,"=SMALL(E19:M19,COUNTIF(E19:M19,0)+1)",=AQ19/$AD$3*$AE$3*$AD$4,,=O19+P19+V19,단가대비표,19,data/unpacked/L2025-00085-1/붙임2. 현지입찰(신규입찰) 서류 및 계약서류(안)/IKHCC Section 4 - IKHCC BLANK BOQ 250903_최종/1 Architectural & summery/BILL No1 -Architectural Works-01. HOSPITAL(BLANK BILL).xlsx,47d79c95e2c3273f84778935276c94526e369cc1b1bc057f6b03c998f44e253f
직접자원단가,43AE2142BE7340A532FB6B275834A7AC3881A,ㄱ Shape Steel,"ㄱ, 50*50*4mm",kg,0.8146337850847961,0.0,0.0,0.8146337850847961,0.8146337850847961,55,,"=SMALL(E20:M20,COUNTIF(E20:M20,0)+1)",=AQ20/$AD$3*$AE$3*$AD$4,,=O20+P20+V20,단가대비표,20,data/unpacked/L2025-00085-1/붙임2. 현지입찰(신규입찰) 서류 및 계약서류(안)/IKHCC Section 4 - IKHCC BLANK BOQ 250903_최종/1 Architectural & summery/BILL No1 -Architectural Works-01. HOSPITAL(BLANK BILL).xlsx,47d79c95e2c3273f84778935276c94526e369cc1b1bc057f6b03c998f44e253f
직접자원단가,43AE2142BE7340A532FB6B275834A7AC3881B,ㄱ Shape Steel,"ㄱ, 90*90*10mm",kg,0.8146337850847961,0.0,0.0,0.8146337850847961,0.8146337850847961,55,,"=SMALL(E21:M21,COUNTIF(E21:M21,0)+1)",=AQ21/$AD$3*$AE$3*$AD$4,,=O21+P21+V21,단가대비표,21,data/unpacked/L2025-00085-1/붙임2. 현지입찰(신규입찰) 서류 및 계약서류(안)/IKHCC Section 4 - IKHCC BLANK BOQ 250903_최종/1 Architectural & summery/BILL No1 -Architectural Works-01. HOSPITAL(BLANK BILL).xlsx,47d79c95e2c3273f84778935276c94526e369cc1b1bc057f6b03c998f44e253f
직접자원단가,43AE2142BE7340A6C26C75BF7E0FA0085E4EE,일반봉강,"일반봉강, SS400, ∮13mm",kg,0.8146337850847961,0.0,0.0,0.8146337850847961,0.8146337850847961,50,,"=SMALL(E22:M22,COUNTIF(E22:M22,0)+1)",=AQ22/$AD$3*$AE$3*$AD$4,,=O22+P22+V22,단가대비표,22,data/unpacked/L2025-00085-1/붙임2. 현지입찰(신규입찰) 서류 및 계약서류(안)/IKHCC Section 4 - IKHCC BLANK BOQ 250903_최종/1 Architectural & summery/BILL No1 -Architectural Works-01. HOSPITAL(BLANK BILL).xlsx,47d79c95e2c3273f84778935276c94526e369cc1b1bc057f6b03c998f44e253f
직접자원단가,43AE2142BE7340A6C26C75BF7E0FA0085E4E2,일반봉강,"일반봉강, SS400, ∮22mm",kg,0.8146337850847961,0.0,0.0,0.8146337850847961,0.8146337850847961 | 0.8936532622380212,50 | 18,,"=SMALL(E23:M23,COUNTIF(E23:M23,0)+1)",=AQ23/$AD$3*$AE$3*$AD$4,,=O23+P23+V23,단가대비표,23,data/unpacked/L2025-00085-1/붙임2. 현지입찰(신규입찰) 서류 및 계약서류(안)/IKHCC Section 4 - IKHCC BLANK BOQ 250903_최종/1 Architectural & summery/BILL No1 -Architectural Works-01. HOSPITAL(BLANK BILL).xlsx,47d79c95e2c3273f84778935276c94526e369cc1b1bc057f6b03c998f44e253f
직접자원단가,43AE2142BE7340A6C26C75BF7E0FA0F0EC58B,평강,"평강, STS304, 7∼20t*21∼29mm",TON,4688.217433163001,0.0,0.0,4688.217433163001,5946.826631119012 | 4688.217433163001,75 | 40,,"=SMALL(E24:M24,COUNTIF(E24:M24,0)+1)",=AQ24/$AD$3*$AE$3*$AD$4,,=O24+P24+V24,단가대비표,24,data/unpacked/L2025-00085-1/붙임2. 현지입찰(신규입찰) 서류 및 계약서류(안)/IKHCC Section 4 - IKHCC BLANK BOQ 250903_최종/1 Architectural & summery/BILL No1 -Architectural Works-01. HOSPITAL(BLANK BILL).xlsx,47d79c95e2c3273f84778935276c94526e369cc1b1bc057f6b03c998f44e253f
직접자원단가,43AE2142BE7340A6C26C75BF7E0FA0F0EC3C2,평강,"평강, t3*19∼50mm",kg,0.8146337850847961,0.0,0.0,0.8146337850847961,0.8146337850847961 | 0.830926460786492,52 | 23,,"=SMALL(E25:M25,COUNTIF(E25:M25,0)+1)",=AQ25/$AD$3*$AE$3*$AD$4,,=O25+P25+V25,단가대비표,25,data/unpacked/L2025-00085-1/붙임2. 현지입찰(신규입찰) 서류 및 계약서류(안)/IKHCC Section 4 - IKHCC BLANK BOQ 250903_최종/1 Architectural & summery/BILL No1 -Architectural Works-01. HOSPITAL(BLANK BILL).xlsx,47d79c95e2c3273f84778935276c94526e369cc1b1bc057f6b03c998f44e253f
직접자원단가,43AE2142BE7340A6C26C75BF7E0FA0F0EC3C1,평강,"평강, t6*38∼75mm",kg,0.7901947715322521,0.0,0.0,0.7901947715322521,0.7901947715322521 | 0.830926460786492,52 | 23,,"=SMALL(E26:M26,COUNTIF(E26:M26,0)+1)",=AQ26/$AD$3*$AE$3*$AD$4,,=O26+P26+V26,단가대비표,26,data/unpacked/L2025-00085-1/붙임2. 현지입찰(신규입찰) 서류 및 계약서류(안)/IKHCC Section 4 - IKHCC BLANK BOQ 250903_최종/1 Architectural & summery/BILL No1 -Architectural Works-01. HOSPITAL(BLANK BILL).xlsx,47d79c95e2c3273f84778935276c94526e369cc1b1bc057f6b03c998f44e253f
직접자원단가,43AE2142BE7340A6C26C6B0926B0C90C06888,스테인리스강봉,"스테인리스강봉, STS304, ∮13.1∼25.4mm",kg,4.561949196474858,0.0,0.0,4.561949196474858,4.561949196474858 | 4.618973561430794,75 | 39,,"=SMALL(E27:M27,COUNTIF(E27:M27,0)+1)",=AQ27/$AD$3*$AE$3*$AD$4,,=O27+P27+V27,단가대비표,27,data/unpacked/L2025-00085-1/붙임2. 현지입찰(신규입찰) 서류 및 계약서류(안)/IKHCC Section 4 - IKHCC BLANK BOQ 250903_최종/1 Architectural & summery/BILL No1 -Architectural Works-01. HOSPITAL(BLANK BILL).xlsx,47d79c95e2c3273f84778935276c94526e369cc1b1bc057f6b03c998f44e253f
직접자원단가,43AE2142BE7340A6C27E35B211B31B0401B47,[현지기준단가]HD400 t10,,TON,650.0,50.0,5.0,705.0,650,,※$$$$$$$$$,"=SMALL(E28:M28,COUNTIF(E28:M28,0)+1)",50,"=SMALL(Q28:U28,COUNTIF(Q28:U28,0)+1)",=O28+P28+V28,단가대비표,28,data/unpacked/L2025-00085-1/붙임2. 현지입찰(신규입찰) 서류 및 계약서류(안)/IKHCC Section 4 - IKHCC BLANK BOQ 250903_최종/1 Architectural & summery/BILL No1 -Architectural Works-01. HOSPITAL(BLANK BILL).xlsx,47d79c95e2c3273f84778935276c94526e369cc1b1bc057f6b03c998f44e253f
직접자원단가,43AE2142BE7340A6C27E35B211B31B0401B46,[현지기준단가]HD400 t12,,TON,650.0,50.0,5.0,705.0,650,,※$$$$$$$$$,"=SMALL(E29:M29,COUNTIF(E29:M29,0)+1)",50,"=SMALL(Q29:U29,COUNTIF(Q29:U29,0)+1)",=O29+P29+V29,단가대비표,29,data/unpacked/L2025-00085-1/붙임2. 현지입찰(신규입찰) 서류 및 계약서류(안)/IKHCC Section 4 - IKHCC BLANK BOQ 250903_최종/1 Architectural & summery/BILL No1 -Architectural Works-01. HOSPITAL(BLANK BILL).xlsx,47d79c95e2c3273f84778935276c94526e369cc1b1bc057f6b03c998f44e253f
직접자원단가,43AE2142BE7340A6C27E35B211B31B0401B44,[현지기준단가]HD400 t16,,TON,650.0,50.0,5.0,705.0,650,,※$$$$$$$$$,"=SMALL(E30:M30,COUNTIF(E30:M30,0)+1)",50,"=SMALL(Q30:U30,COUNTIF(Q30:U30,0)+1)",=O30+P30+V30,단가대비표,30,data/unpacked/L2025-00085-1/붙임2. 현지입찰(신규입찰) 서류 및 계약서류(안)/IKHCC Section 4 - IKHCC BLANK BOQ 250903_최종/1 Architectural & summery/BILL No1 -Architectural Works-01. HOSPITAL(BLANK BILL).xlsx,47d79c95e2c3273f84778935276c94526e369cc1b1bc057f6b03c998f44e253f
직접자원단가,43AE2142BE7340A6C27E35B211B31B0401B43,[현지기준단가]HD400 t20,,TON,650.0,50.0,5.0,705.0,650,,※$$$$$$$$$,"=SMALL(E31:M31,COUNTIF(E31:M31,0)+1)",50,"=SMALL(Q31:U31,COUNTIF(Q31:U31,0)+1)",=O31+P31+V31,단가대비표,31,data/unpacked/L2025-00085-1/붙임2. 현지입찰(신규입찰) 서류 및 계약서류(안)/IKHCC Section 4 - IKHCC BLANK BOQ 250903_최종/1 Architectural & summery/BILL No1 -Architectural Works-01. HOSPITAL(BLANK BILL).xlsx,47d79c95e2c3273f84778935276c94526e369cc1b1bc057f6b03c998f44e253f
직접자원단가,43AE2142BE7340A6C27E35B211B31B0401B42,[현지기준단가]HD400 t25,,TON,650.0,50.0,5.0,705.0,650,,※$$$$$$$$$,"=SMALL(E32:M32,COUNTIF(E32:M32,0)+1)",50,"=SMALL(Q32:U32,COUNTIF(Q32:U32,0)+1)",=O32+P32+V32,단가대비표,32,data/unpacked/L2025-00085-1/붙임2. 현지입찰(신규입찰) 서류 및 계약서류(안)/IKHCC Section 4 - IKHCC BLANK BOQ 250903_최종/1 Architectural & summery/BILL No1 -Architectural Works-01. HOSPITAL(BLANK BILL).xlsx,47d79c95e2c3273f84778935276c94526e369cc1b1bc057f6b03c998f44e253f
직접자원단가,43AE2142BE7340A7E2CC2FA805827780990BE,H Shape Steel,"SS275, 150*150*7*10mm",TON,1800.0,0.0,0.0,1800.0,1800,,※$$$$$$$$$,"=SMALL(E33:M33,COUNTIF(E33:M33,0)+1)",,,=O33+P33+V33,단가대비표,33,data/unpacked/L2025-00085-1/붙임2. 현지입찰(신규입찰) 서류 및 계약서류(안)/IKHCC Section 4 - IKHCC BLANK BOQ 250903_최종/1 Architectural & summery/BILL No1 -Architectural Works-01. HOSPITAL(BLANK BILL).xlsx,47d79c95e2c3273f84778935276c94526e369cc1b1bc057f6b03c998f44e253f
직접자원단가,43AE2142BE7340A7E2CC2FA805827780990B0,H Shape Steel,"SS275, 194*150*6*9mm",TON,1800.0,0.0,0.0,1800.0,1800,,※$$$$$$$$$,"=SMALL(E34:M34,COUNTIF(E34:M34,0)+1)",,,=O34+P34+V34,단가대비표,34,data/unpacked/L2025-00085-1/붙임2. 현지입찰(신규입찰) 서류 및 계약서류(안)/IKHCC Section 4 - IKHCC BLANK BOQ 250903_최종/1 Architectural & summery/BILL No1 -Architectural Works-01. HOSPITAL(BLANK BILL).xlsx,47d79c95e2c3273f84778935276c94526e369cc1b1bc057f6b03c998f44e253f
직접자원단가,43AE2142BE734376C290839F524C0674D5276,무늬강판,"무늬강판, 4.5mm",kg,0.7576094201288603,0.0,0.0,0.7576094201288603,0.7576094201288603 | 0.7983411093831002 | 0.7676294156854033,68 | 31,,"=SMALL(E35:M35,COUNTIF(E35:M35,0)+1)",=AQ35/$AD$3*$AE$3*$AD$4,,=O35+P35+V35,단가대비표,35,data/unpacked/L2025-00085-1/붙임2. 현지입찰(신규입찰) 서류 및 계약서류(안)/IKHCC Section 4 - IKHCC BLANK BOQ 250903_최종/1 Architectural & summery/BILL No1 -Architectural Works-01. HOSPITAL(BLANK BILL).xlsx,47d79c95e2c3273f84778935276c94526e369cc1b1bc057f6b03c998f44e253f
직접자원단가,43AE2142BE734376C290839F524C066BF5CEA,일반구조용압연강판,"일반구조용압연강판, 4.5∼6.0mm",kg,0.6842923794712287,0.0,0.0,0.6842923794712287,0.6842923794712287 | 0.7168777308746205,63,,"=SMALL(E36:M36,COUNTIF(E36:M36,0)+1)",=AQ36/$AD$3*$AE$3*$AD$4,,=O36+P36+V36,단가대비표,36,data/unpacked/L2025-00085-1/붙임2. 현지입찰(신규입찰) 서류 및 계약서류(안)/IKHCC Section 4 - IKHCC BLANK BOQ 250903_최종/1 Architectural & summery/BILL No1 -Architectural Works-01. HOSPITAL(BLANK BILL).xlsx,47d79c95e2c3273f84778935276c94526e369cc1b1bc057f6b03c998f44e253f
직접자원단가,43AE2142BE734376C290839F524C066BE4C9F,일반구조용압연강판,"일반구조용압연강판, 9.0mm 이상",kg,0.7462045471376731,0.0,0.0,0.7462045471376731,0.7462045471376731 | 0.7621713693253351,62,,"=SMALL(E37:M37,COUNTIF(E37:M37,0)+1)",=AQ37/$AD$3*$AE$3*$AD$4,,=O37+P37+V37,단가대비표,37,data/unpacked/L2025-00085-1/붙임2. 현지입찰(신규입찰) 서류 및 계약서류(안)/IKHCC Section 4 - IKHCC BLANK BOQ 250903_최종/1 Architectural & summery/BILL No1 -Architectural Works-01. HOSPITAL(BLANK BILL).xlsx,47d79c95e2c3273f84778935276c94526e369cc1b1bc057f6b03c998f44e253f
직접자원단가,43AE2142BE734376C290839F524C066BE4C9E,일반구조용압연강판,"일반구조용압연강판, 1.2mm",kg,0.7621713693253351,0.0,0.0,0.7621713693253351,0.7621713693253351,62,,"=SMALL(E38:M38,COUNTIF(E38:M38,0)+1)",=AQ38/$AD$3*$AE$3*$AD$4,,=O38+P38+V38,단가대비표,38,data/unpacked/L2025-00085-1/붙임2. 현지입찰(신규입찰) 서류 및 계약서류(안)/IKHCC Section 4 - IKHCC BLANK BOQ 250903_최종/1 Architectural & summery/BILL No1 -Architectural Works-01. HOSPITAL(BLANK BILL).xlsx,47d79c95e2c3273f84778935276c94526e369cc1b1bc057f6b03c998f44e253f
직접자원단가,43AE2142BE734376C290839F524C066BE4C9C,일반구조용압연강판,"일반구조용압연강판, 1.6mm",kg,0.7543508849885212,0.0,0.0,0.7543508849885212,0.7543508849885212 | 0.7705620973117087,62,,"=SMALL(E39:M39,COUNTIF(E39:M39,0)+1)",=AQ39/$AD$3*$AE$3*$AD$4,,=O39+P39+V39,단가대비표,39,data/unpacked/L2025-00085-1/붙임2. 현지입찰(신규입찰) 서류 및 계약서류(안)/IKHCC Section 4 - IKHCC BLANK BOQ 250903_최종/1 Architectural & summery/BILL No1 -Architectural Works-01. HOSPITAL(BLANK BILL).xlsx,47d79c95e2c3273f84778935276c94526e369cc1b1bc057f6b03c998f44e253f
직접자원단가,43AE2142BE734376C290839F524C066BE4C9B,일반구조용압연강판,"일반구조용압연강판, 2.3mm",kg,0.7608679552691995,0.0,0.0,0.7608679552691995,0.7608679552691995,62,,"=SMALL(E40:M40,COUNTIF(E40:M40,0)+1)",=AQ40/$AD$3*$AE$3*$AD$4,,=O40+P40+V40,단가대비표,40,data/unpacked/L2025-00085-1/붙임2. 현지입찰(신규입찰) 서류 및 계약서류(안)/IKHCC Section 4 - IKHCC BLANK BOQ 250903_최종/1 Architectural & summery/BILL No1 -Architectural Works-01. HOSPITAL(BLANK BILL).xlsx,47d79c95e2c3273f84778935276c94526e369cc1b1bc057f6b03c998f44e253f
직접자원단가,43AE2142BE734376C290839F7D15DB8914C70,Steel Plate,"SS275, 9.0mm",TON,1300.0,0.0,0.0,1300.0,1300,,※$$$$$$$$$,"=SMALL(E41:M41,COUNTIF(E41:M41,0)+1)",,,=O41+P41+V41,단가대비표,41,data/unpacked/L2025-00085-1/붙임2. 현지입찰(신규입찰) 서류 및 계약서류(안)/IKHCC Section 4 - IKHCC BLANK BOQ 250903_최종/1 Architectural & summery/BILL No1 -Architectural Works-01. HOSPITAL(BLANK BILL).xlsx,47d79c95e2c3273f84778935276c94526e369cc1b1bc057f6b03c998f44e253f
직접자원단가,43AE2142BE734376C290839F7D15DB8914D19,Steel Plate,"SS275, 16mm",TON,1300.0,0.0,0.0,1300.0,1300,,※$$$$$$$$$,"=SMALL(E42:M42,COUNTIF(E42:M42,0)+1)",,,=O42+P42+V42,단가대비표,42,data/unpacked/L2025-00085-1/붙임2. 현지입찰(신규입찰) 서류 및 계약서류(안)/IKHCC Section 4 - IKHCC BLANK BOQ 250903_최종/1 Architectural & summery/BILL No1 -Architectural Works-01. HOSPITAL(BLANK BILL).xlsx,47d79c95e2c3273f84778935276c94526e369cc1b1bc057f6b03c998f44e253f
직접자원단가,43AE2142BE734376C290839F7D15DB8914D16,Steel Plate,"SS275, 19mm",TON,1300.0,0.0,0.0,1300.0,1300,,※$$$$$$$$$,"=SMALL(E43:M43,COUNTIF(E43:M43,0)+1)",,,=O43+P43+V43,단가대비표,43,data/unpacked/L2025-00085-1/붙임2. 현지입찰(신규입찰) 서류 및 계약서류(안)/IKHCC Section 4 - IKHCC BLANK BOQ 250903_최종/1 Architectural & summery/BILL No1 -Architectural Works-01. HOSPITAL(BLANK BILL).xlsx,47d79c95e2c3273f84778935276c94526e369cc1b1bc057f6b03c998f44e253f
직접자원단가,43AE2142BE734376C2909C006728A8050D8A8,스테인리스강판,"스테인리스강판, STS304, 1.2mm",kg,2.879730430274754,0.0,0.0,2.879730430274754,3.0141450048137455 | 3.054876694067985 | 2.879730430274754,72 | 36,,"=SMALL(E44:M44,COUNTIF(E44:M44,0)+1)",=AQ44/$AD$3*$AE$3*$AD$4,,=O44+P44+V44,단가대비표,44,data/unpacked/L2025-00085-1/붙임2. 현지입찰(신규입찰) 서류 및 계약서류(안)/IKHCC Section 4 - IKHCC BLANK BOQ 250903_최종/1 Architectural & summery/BILL No1 -Architectural Works-01. HOSPITAL(BLANK BILL).xlsx,47d79c95e2c3273f84778935276c94526e369cc1b1bc057f6b03c998f44e253f
직접자원단가,43AE2142BE734376C2909C006728A8050D8A9,스테인리스강판,"스테인리스강판, STS304, 1.5mm",kg,2.8381841072354295,0.0,0.0,2.8381841072354295,2.9734133155595055 | 3.0141450048137455 | 2.8381841072354295,72 | 36,,"=SMALL(E45:M45,COUNTIF(E45:M45,0)+1)",=AQ45/$AD$3*$AE$3*$AD$4,,=O45+P45+V45,단가대비표,45,data/unpacked/L2025-00085-1/붙임2. 현지입찰(신규입찰) 서류 및 계약서류(안)/IKHCC Section 4 - IKHCC BLANK BOQ 250903_최종/1 Architectural & summery/BILL No1 -Architectural Works-01. HOSPITAL(BLANK BILL).xlsx,47d79c95e2c3273f84778935276c94526e369cc1b1bc057f6b03c998f44e253f
직접자원단가,43AE2142BE734376C2909C006728A8050D8AA,스테인리스강판,"스테인리스강판, STS304, 2.0mm",kg,2.755906094941865,0.0,0.0,2.755906094941865,2.769754869288307 | 3.095608383322225 | 2.755906094941865,73 | 36,,"=SMALL(E46:M46,COUNTIF(E46:M46,0)+1)",=AQ46/$AD$3*$AE$3*$AD$4,,=O46+P46+V46,단가대비표,46,data/unpacked/L2025-00085-1/붙임2. 현지입찰(신규입찰) 서류 및 계약서류(안)/IKHCC Section 4 - IKHCC BLANK BOQ 250903_최종/1 Architectural & summery/BILL No1 -Architectural Works-01. HOSPITAL(BLANK BILL).xlsx,47d79c95e2c3273f84778935276c94526e369cc1b1bc057f6b03c998f44e253f
직접자원단가,43AE2142BE734376C2909C006728A8050DB7D,스테인리스강판,"스테인리스강판, STS304, 3.0mm",kg,2.9326816263052655,0.0,0.0,2.9326816263052655,2.9326816263052655 | 2.9326816263052655 | 3.1265644671554473,72 | 36,,"=SMALL(E47:M47,COUNTIF(E47:M47,0)+1)",=AQ47/$AD$3*$AE$3*$AD$4,,=O47+P47+V47,단가대비표,47,data/unpacked/L2025-00085-1/붙임2. 현지입찰(신규입찰) 서류 및 계약서류(안)/IKHCC Section 4 - IKHCC BLANK BOQ 250903_최종/1 Architectural & summery/BILL No1 -Architectural Works-01. HOSPITAL(BLANK BILL).xlsx,47d79c95e2c3273f84778935276c94526e369cc1b1bc057f6b03c998f44e253f
직접자원단가,43AE2142BE734376C29056516458DDEAC104B,동판,"동판, C1100P, 1.0mm",kg,12.333555506183812,0.0,0.0,12.333555506183812,13.685847589424574 | 12.333555506183812,79 | 46,,"=SMALL(E48:M48,COUNTIF(E48:M48,0)+1)",=AQ48/$AD$3*$AE$3*$AD$4,,=O48+P48+V48,단가대비표,48,data/unpacked/L2025-00085-1/붙임2. 현지입찰(신규입찰) 서류 및 계약서류(안)/IKHCC Section 4 - IKHCC BLANK BOQ 250903_최종/1 Architectural & summery/BILL No1 -Architectural Works-01. HOSPITAL(BLANK BILL).xlsx,47d79c95e2c3273f84778935276c94526e369cc1b1bc057f6b03c998f44e253f
직접자원단가,43AE2142BE734376C29056516458DDEAC1045,동판,"동판, C1100P, 2.0mm",kg,12.333555506183812,0.0,0.0,12.333555506183812,13.685847589424574 | 12.333555506183812,79 | 46,,"=SMALL(E49:M49,COUNTIF(E49:M49,0)+1)",=AQ49/$AD$3*$AE$3*$AD$4,,=O49+P49+V49,단가대비표,49,data/unpacked/L2025-00085-1/붙임2. 현지입찰(신규입찰) 서류 및 계약서류(안)/IKHCC Section 4 - IKHCC BLANK BOQ 250903_최종/1 Architectural & summery/BILL No1 -Architectural Works-01. HOSPITAL(BLANK BILL).xlsx,47d79c95e2c3273f84778935276c94526e369cc1b1bc057f6b03c998f44e253f
직접자원단가,43AE2142BE734376C28625AD15EE5E48FB0E3,슬래브용속빈PC판,"슬래브용속빈PC판, 스판크리트, 150mm(30)",M2,82.2780122935644,0.0,0.0,82.2780122935644,82.2780122935644,448,,"=SMALL(E50:M50,COUNTIF(E50:M50,0)+1)",=AQ50/$AD$3*$AE$3*$AD$4,,=O50+P50+V50,단가대비표,50,data/unpacked/L2025-00085-1/붙임2. 현지입찰(신규입찰) 서류 및 계약서류(안)/IKHCC Section 4 - IKHCC BLANK BOQ 250903_최종/1 Architectural & summery/BILL No1 -Architectural Works-01. HOSPITAL(BLANK BILL).xlsx,47d79c95e2c3273f84778935276c94526e369cc1b1bc057f6b03c998f44e253f
직접자원단가,43AE2142BE7343714281DD3BC5B3CC1DF69FB,아연도금,,kg,0.0019551210842035107,0.0,0.0,0.0019551210842035107,0.0019551210842035107,,,"=SMALL(E51:M51,COUNTIF(E51:M51,0)+1)",=AQ51/$AD$3*$AE$3*$AD$4,,=O51+P51+V51,단가대비표,51,data/unpacked/L2025-00085-1/붙임2. 현지입찰(신규입찰) 서류 및 계약서류(안)/IKHCC Section 4 - IKHCC BLANK BOQ 250903_최종/1 Architectural & summery/BILL No1 -Architectural Works-01. HOSPITAL(BLANK BILL).xlsx,47d79c95e2c3273f84778935276c94526e369cc1b1bc057f6b03c998f44e253f
직접자원단가,43AE2142BE73426FD285A45EEA96BAC86EC05,스틸그레이팅,"상판용, I-25*5*3, 995*1000mm",M2,76.73850255498778,0.0,0.0,76.73850255498778,76.73850255498778 | 76.73850255498778,238 | 209,공장상차도,"=SMALL(E52:M52,COUNTIF(E52:M52,0)+1)",=AQ52/$AD$3*$AE$3*$AD$4,,=O52+P52+V52,단가대비표,52,data/unpacked/L2025-00085-1/붙임2. 현지입찰(신규입찰) 서류 및 계약서류(안)/IKHCC Section 4 - IKHCC BLANK BOQ 250903_최종/1 Architectural & summery/BILL No1 -Architectural Works-01. HOSPITAL(BLANK BILL).xlsx,47d79c95e2c3273f84778935276c94526e369cc1b1bc057f6b03c998f44e253f
직접자원단가,43AE2142BE73426B72407AE86F70326439DA3,각재,"각재, 미송",재,1.8158187069540104,0.0,0.0,1.8158187069540104,1.8158187069540104 | 2.4031696660001485 | 1.9209064652299492,148 | 73,,"=SMALL(E53:M53,COUNTIF(E53:M53,0)+1)",=AQ53/$AD$3*$AE$3*$AD$4,,=O53+P53+V53,단가대비표,53,data/unpacked/L2025-00085-1/붙임2. 현지입찰(신규입찰) 서류 및 계약서류(안)/IKHCC Section 4 - IKHCC BLANK BOQ 250903_최종/1 Architectural & summery/BILL No1 -Architectural Works-01. HOSPITAL(BLANK BILL).xlsx,47d79c95e2c3273f84778935276c94526e369cc1b1bc057f6b03c998f44e253f
직접자원단가,43AE2142BE73426B72407AE86F70326439ADF,각재,"각재, 라왕, 일반증기건조",재,4.929349033548101,0.0,0.0,4.929349033548101,4.929349033548101,,,"=SMALL(E54:M54,COUNTIF(E54:M54,0)+1)",=AQ54/$AD$3*$AE$3*$AD$4,,=O54+P54+V54,단가대비표,54,data/unpacked/L2025-00085-1/붙임2. 현지입찰(신규입찰) 서류 및 계약서류(안)/IKHCC Section 4 - IKHCC BLANK BOQ 250903_최종/1 Architectural & summery/BILL No1 -Architectural Works-01. HOSPITAL(BLANK BILL).xlsx,47d79c95e2c3273f84778935276c94526e369cc1b1bc057f6b03c998f44e253f
직접자원단가,43AE2142BE72BAF102D45DD52A0CA81817C51,[현지기준단가]concrete(reinforced concrete),"'f'c 350mpa, foucdation",M3,90.0,10.0,5.0,105.0,90,,※$$$$$$$$$,"=SMALL(E55:M55,COUNTIF(E55:M55,0)+1)",10,"=SMALL(Q55:U55,COUNTIF(Q55:U55,0)+1)",=O55+P55+V55,단가대비표,55,data/unpacked/L2025-00085-1/붙임2. 현지입찰(신규입찰) 서류 및 계약서류(안)/IKHCC Section 4 - IKHCC BLANK BOQ 250903_최종/1 Architectural & summery/BILL No1 -Architectural Works-01. HOSPITAL(BLANK BILL).xlsx,47d79c95e2c3273f84778935276c94526e369cc1b1bc057f6b03c998f44e253f
직접자원단가,43AE2142BE72BAF102D45DD52A0CA81817F25,[현지기준단가]concrete(reinforced concrete),"'f'c 300mpa, all members except foundation",M3,90.0,10.0,5.0,105.0,90,,※$$$$$$$$$,"=SMALL(E56:M56,COUNTIF(E56:M56,0)+1)",10,"=SMALL(Q56:U56,COUNTIF(Q56:U56,0)+1)",=O56+P56+V56,단가대비표,56,data/unpacked/L2025-00085-1/붙임2. 현지입찰(신규입찰) 서류 및 계약서류(안)/IKHCC Section 4 - IKHCC BLANK BOQ 250903_최종/1 Architectural & summery/BILL No1 -Architectural Works-01. HOSPITAL(BLANK BILL).xlsx,47d79c95e2c3273f84778935276c94526e369cc1b1bc057f6b03c998f44e253f
직접자원단가,43AE2142BE72BAF102D45DD52A0CA81817E1F,[현지기준단가]concrete(finish),"'f'c 120mpa, finish work",M3,65.0,10.0,2.0,77.0,65,,※$$$$$$$$$,"=SMALL(E57:M57,COUNTIF(E57:M57,0)+1)",10,"=SMALL(Q57:U57,COUNTIF(Q57:U57,0)+1)",=O57+P57+V57,단가대비표,57,data/unpacked/L2025-00085-1/붙임2. 현지입찰(신규입찰) 서류 및 계약서류(안)/IKHCC Section 4 - IKHCC BLANK BOQ 250903_최종/1 Architectural & summery/BILL No1 -Architectural Works-01. HOSPITAL(BLANK BILL).xlsx,47d79c95e2c3273f84778935276c94526e369cc1b1bc057f6b03c998f44e253f
직접자원단가,43AE2142BE72BAF102D45DD52A0CA8181799D,[현지기준단가]concrete(of leveling layer),"'f'c 80mpa, for leveling layer",M3,60.0,10.0,2.0,72.0,60,,※$$$$$$$$$,"=SMALL(E58:M58,COUNTIF(E58:M58,0)+1)",10,"=SMALL(Q58:U58,COUNTIF(Q58:U58,0)+1)",=O58+P58+V58,단가대비표,58,data/unpacked/L2025-00085-1/붙임2. 현지입찰(신규입찰) 서류 및 계약서류(안)/IKHCC Section 4 - IKHCC BLANK BOQ 250903_최종/1 Architectural & summery/BILL No1 -Architectural Works-01. HOSPITAL(BLANK BILL).xlsx,47d79c95e2c3273f84778935276c94526e369cc1b1bc057f6b03c998f44e253f
직접자원단가,43AE2142BE72BAF2124B08615B74D95A8F81C,시멘트,"시멘트, 거리50km, 도착도",kg,0.137005109975561,0.0,0.0,0.137005109975561,0.137005109975561 | 0.14810856846626677,103 | 62,,"=SMALL(E59:M59,COUNTIF(E59:M59,0)+1)",=AQ59/$AD$3*$AE$3*$AD$4,,=O59+P59+V59,단가대비표,59,data/unpacked/L2025-00085-1/붙임2. 현지입찰(신규입찰) 서류 및 계약서류(안)/IKHCC Section 4 - IKHCC BLANK BOQ 250903_최종/1 Architectural & summery/BILL No1 -Architectural Works-01. HOSPITAL(BLANK BILL).xlsx,47d79c95e2c3273f84778935276c94526e369cc1b1bc057f6b03c998f44e253f
직접자원단가,43AE2142BE72BAFC12E262691A22282BC5EF9,신축이음채움재,"RUBBER스폰지, 50*1000*1000",M2,28.512182477967865,0.0,0.0,28.512182477967865,28.512182477967865,194,,"=SMALL(E60:M60,COUNTIF(E60:M60,0)+1)",=AQ60/$AD$3*$AE$3*$AD$4,,=O60+P60+V60,단가대비표,60,data/unpacked/L2025-00085-1/붙임2. 현지입찰(신규입찰) 서류 및 계약서류(안)/IKHCC Section 4 - IKHCC BLANK BOQ 250903_최종/1 Architectural & summery/BILL No1 -Architectural Works-01. HOSPITAL(BLANK BILL).xlsx,47d79c95e2c3273f84778935276c94526e369cc1b1bc057f6b03c998f44e253f
직접자원단가,43AE2142BE72BAFC12E262691A22282BC5E8B,발포우레탄폼,"난연성 폴리우레탄(750ML/개,발포용적40L)",㎥,58.246315633562915,0.0,0.0,58.246315633562915,58.246315633562915,2860*25EA,,"=SMALL(E61:M61,COUNTIF(E61:M61,0)+1)",=AQ61/$AD$3*$AE$3*$AD$4,,=O61+P61+V61,단가대비표,61,data/unpacked/L2025-00085-1/붙임2. 현지입찰(신규입찰) 서류 및 계약서류(안)/IKHCC Section 4 - IKHCC BLANK BOQ 250903_최종/1 Architectural & summery/BILL No1 -Architectural Works-01. HOSPITAL(BLANK BILL).xlsx,47d79c95e2c3273f84778935276c94526e369cc1b1bc057f6b03c998f44e253f
직접자원단가,43AE2142BE708CFC12B2EE8D58F552308BE30,콘크리트블록,"보차도용블록, U형, T80mm, 회색",㎡,4.887802710508777,0.0,0.0,4.887802710508777,6.517070280678369 | 4.887802710508777 | 6.10975338813597,178 | 197 | 167,,"=SMALL(E62:M62,COUNTIF(E62:M62,0)+1)",=AQ62/$AD$3*$AE$3*$AD$4,,=O62+P62+V62,단가대비표,62,data/unpacked/L2025-00085-1/붙임2. 현지입찰(신규입찰) 서류 및 계약서류(안)/IKHCC Section 4 - IKHCC BLANK BOQ 250903_최종/1 Architectural & summery/BILL No1 -Architectural Works-01. HOSPITAL(BLANK BILL).xlsx,47d79c95e2c3273f84778935276c94526e369cc1b1bc057f6b03c998f44e253f
직접자원단가,43AE2142BE708CFC12B2EE8D58F552308BE31,콘크리트블록,"보차도용블록, U형, T80mm, 적색",㎡,5.295119603051174,0.0,0.0,5.295119603051174,6.924387173220766 | 5.295119603051174 | 6.517070280678369,178 | 197 | 167,,"=SMALL(E63:M63,COUNTIF(E63:M63,0)+1)",=AQ63/$AD$3*$AE$3*$AD$4,,=O63+P63+V63,단가대비표,63,data/unpacked/L2025-00085-1/붙임2. 현지입찰(신규입찰) 서류 및 계약서류(안)/IKHCC Section 4 - IKHCC BLANK BOQ 250903_최종/1 Architectural & summery/BILL No1 -Architectural Works-01. HOSPITAL(BLANK BILL).xlsx,47d79c95e2c3273f84778935276c94526e369cc1b1bc057f6b03c998f44e253f
직접자원단가,43AE2142BE708CFFD20BAA9FB5BFCB1E3CD03,[현지기준단가]Brick,"190*90*57, FOR Interior wall",EA,0.3,0.03,0.0,0.32999999999999996,0.3,,※$$$$$$$$$,"=SMALL(E64:M64,COUNTIF(E64:M64,0)+1)",0.03,,=O64+P64+V64,단가대비표,64,data/unpacked/L2025-00085-1/붙임2. 현지입찰(신규입찰) 서류 및 계약서류(안)/IKHCC Section 4 - IKHCC BLANK BOQ 250903_최종/1 Architectural & summery/BILL No1 -Architectural Works-01. HOSPITAL(BLANK BILL).xlsx,47d79c95e2c3273f84778935276c94526e369cc1b1bc057f6b03c998f44e253f
직접자원단가,43AE2142BE708CFEC2945E2533E8C8058320E,대리석판재,"대리석판재, 벽체, 28mm",M2,42.36095682440939,0.0,0.0,42.36095682440939,42.36095682440939,456,,"=SMALL(E65:M65,COUNTIF(E65:M65,0)+1)",=AQ65/$AD$3*$AE$3*$AD$4,,=O65+P65+V65,단가대비표,65,data/unpacked/L2025-00085-1/붙임2. 현지입찰(신규입찰) 서류 및 계약서류(안)/IKHCC Section 4 - IKHCC BLANK BOQ 250903_최종/1 Architectural & summery/BILL No1 -Architectural Works-01. HOSPITAL(BLANK BILL).xlsx,47d79c95e2c3273f84778935276c94526e369cc1b1bc057f6b03c998f44e253f
직접자원단가,43AE2142BE708CFEC2945E2533E8C8058315D,자연석판석,"자연석판석, 물갈기, 15mm, 포천석판재",M2,30.956083833222248,0.0,0.0,30.956083833222248,30.956083833222248,457,,"=SMALL(E66:M66,COUNTIF(E66:M66,0)+1)",=AQ66/$AD$3*$AE$3*$AD$4,,=O66+P66+V66,단가대비표,66,data/unpacked/L2025-00085-1/붙임2. 현지입찰(신규입찰) 서류 및 계약서류(안)/IKHCC Section 4 - IKHCC BLANK BOQ 250903_최종/1 Architectural & summery/BILL No1 -Architectural Works-01. HOSPITAL(BLANK BILL).xlsx,47d79c95e2c3273f84778935276c94526e369cc1b1bc057f6b03c998f44e253f
직접자원단가,43AE2142BE773DD372F1426DECE7B1BAD5F1C,섬유단열재,"섬유단열재, 펠트, 밀도60kg/㎥, 50mm",M2,3.4890765015181815,0.0,0.0,3.4890765015181815,3.4890765015181815 | 5.83277790120714 | 5.718729171295268,696 | 391,,"=SMALL(E67:M67,COUNTIF(E67:M67,0)+1)",=AQ67/$AD$3*$AE$3*$AD$4,,=O67+P67+V67,단가대비표,67,data/unpacked/L2025-00085-1/붙임2. 현지입찰(신규입찰) 서류 및 계약서류(안)/IKHCC Section 4 - IKHCC BLANK BOQ 250903_최종/1 Architectural & summery/BILL No1 -Architectural Works-01. HOSPITAL(BLANK BILL).xlsx,47d79c95e2c3273f84778935276c94526e369cc1b1bc057f6b03c998f44e253f
직접자원단가,43AE2142BE773DD372E74EE2E1A955D5C7A4A,opacity sheet,,M2,16.29267570169592,2.4113160038509966,0.0,18.703991705546915,16.29267570169592,물정 572,,"=SMALL(E68:M68,COUNTIF(E68:M68,0)+1)",=AQ68/$AD$3*$AE$3*$AD$4,,=O68+P68+V68,단가대비표,68,data/unpacked/L2025-00085-1/붙임2. 현지입찰(신규입찰) 서류 및 계약서류(안)/IKHCC Section 4 - IKHCC BLANK BOQ 250903_최종/1 Architectural & summery/BILL No1 -Architectural Works-01. HOSPITAL(BLANK BILL).xlsx,47d79c95e2c3273f84778935276c94526e369cc1b1bc057f6b03c998f44e253f
직접자원단가,43AE2142BE7617D5029DAE2EDCDECC8D05F81,루프드레인,"루프드레인, L형, ISRD8570, 125mm",개,105.64333851736653,0.0,0.0,105.64333851736653,105.64333851736653,,,"=SMALL(E69:M69,COUNTIF(E69:M69,0)+1)",=AQ69/$AD$3*$AE$3*$AD$4,,=O69+P69+V69,단가대비표,69,data/unpacked/L2025-00085-1/붙임2. 현지입찰(신규입찰) 서류 및 계약서류(안)/IKHCC Section 4 - IKHCC BLANK BOQ 250903_최종/1 Architectural & summery/BILL No1 -Architectural Works-01. HOSPITAL(BLANK BILL).xlsx,47d79c95e2c3273f84778935276c94526e369cc1b1bc057f6b03c998f44e253f
직접자원단가,43AE2142BE7617DB921214CC8B4447DD28FAF,"합금도금강판 KS D 3033(MAGNESIUVA, MVP)","T:0.6, W:430, H:25mm",M2,15.478041916611124,0.0,0.0,15.478041916611124,15.478041916611124,,,"=SMALL(E70:M70,COUNTIF(E70:M70,0)+1)",=AQ70/$AD$3*$AE$3*$AD$4,,=O70+P70+V70,단가대비표,70,data/unpacked/L2025-00085-1/붙임2. 현지입찰(신규입찰) 서류 및 계약서류(안)/IKHCC Section 4 - IKHCC BLANK BOQ 250903_최종/1 Architectural & summery/BILL No1 -Architectural Works-01. HOSPITAL(BLANK BILL).xlsx,47d79c95e2c3273f84778935276c94526e369cc1b1bc057f6b03c998f44e253f
직접자원단가,43AE2142BE7617DB921214CC8B4447B24537F,알루미늄 시트패널,평판 t=3 불소수지,M2,159.66822187662004,0.0,0.0,159.66822187662004,159.66822187662004,443,,"=SMALL(E71:M71,COUNTIF(E71:M71,0)+1)",=AQ71/$AD$3*$AE$3*$AD$4,,=O71+P71+V71,단가대비표,71,data/unpacked/L2025-00085-1/붙임2. 현지입찰(신규입찰) 서류 및 계약서류(안)/IKHCC Section 4 - IKHCC BLANK BOQ 250903_최종/1 Architectural & summery/BILL No1 -Architectural Works-01. HOSPITAL(BLANK BILL).xlsx,47d79c95e2c3273f84778935276c94526e369cc1b1bc057f6b03c998f44e253f
직접자원단가,43AE2142BE7617DB9285B242A26BB968A9327,프라이머,접착용,KG,4.07316892542398,0.0,0.0,4.07316892542398,4.07316892542398,512,,"=SMALL(E72:M72,COUNTIF(E72:M72,0)+1)",=AQ72/$AD$3*$AE$3*$AD$4,,=O72+P72+V72,단가대비표,72,data/unpacked/L2025-00085-1/붙임2. 현지입찰(신규입찰) 서류 및 계약서류(안)/IKHCC Section 4 - IKHCC BLANK BOQ 250903_최종/1 Architectural & summery/BILL No1 -Architectural Works-01. HOSPITAL(BLANK BILL).xlsx,47d79c95e2c3273f84778935276c94526e369cc1b1bc057f6b03c998f44e253f
직접자원단가,43AE2142BE7617DB9285B242A26BB9780575F,합성고분자방수시트,"합성고분자방수시트, 폴리에틸렌방수층보호재, 20mm",M2,4.480485817966378,0.0,0.0,4.480485817966378,4.480485817966378,583,,"=SMALL(E73:M73,COUNTIF(E73:M73,0)+1)",=AQ73/$AD$3*$AE$3*$AD$4,,=O73+P73+V73,단가대비표,73,data/unpacked/L2025-00085-1/붙임2. 현지입찰(신규입찰) 서류 및 계약서류(안)/IKHCC Section 4 - IKHCC BLANK BOQ 250903_최종/1 Architectural & summery/BILL No1 -Architectural Works-01. HOSPITAL(BLANK BILL).xlsx,47d79c95e2c3273f84778935276c94526e369cc1b1bc057f6b03c998f44e253f
직접자원단가,43AE2142BE7617DB9285B242A26B62E7758D7,투습방수지,1.5M*50M,M2,3.6658520328815825,0.0,0.0,3.6658520328815825,3.6658520328815825,,,"=SMALL(E74:M74,COUNTIF(E74:M74,0)+1)",=AQ74/$AD$3*$AE$3*$AD$4,,=O74+P74+V74,단가대비표,74,data/unpacked/L2025-00085-1/붙임2. 현지입찰(신규입찰) 서류 및 계약서류(안)/IKHCC Section 4 - IKHCC BLANK BOQ 250903_최종/1 Architectural & summery/BILL No1 -Architectural Works-01. HOSPITAL(BLANK BILL).xlsx,47d79c95e2c3273f84778935276c94526e369cc1b1bc057f6b03c998f44e253f
직접자원단가,43AE2142BE750E31B2CF5AD5765252E7E0167,인테리어필름,"0.42*1.22, 방염",M2,24.43901355254388,0.0,0.0,24.43901355254388,24.43901355254388,684,현장설치도,"=SMALL(E75:M75,COUNTIF(E75:M75,0)+1)",=AQ75/$AD$3*$AE$3*$AD$4,,=O75+P75+V75,단가대비표,75,data/unpacked/L2025-00085-1/붙임2. 현지입찰(신규입찰) 서류 및 계약서류(안)/IKHCC Section 4 - IKHCC BLANK BOQ 250903_최종/1 Architectural & summery/BILL No1 -Architectural Works-01. HOSPITAL(BLANK BILL).xlsx,47d79c95e2c3273f84778935276c94526e369cc1b1bc057f6b03c998f44e253f
직접자원단가,43AE2142BE750E31B2CF90B5CE134FF008964,석고보드,"석고보드, 평보드, 12.5*900*2400mm(㎡)",M2,3.247944901133082,0.0,0.0,3.247944901133082,3.247944901133082 | 3.3565926090498412 | 3.4848159668221887,675 | 408,,"=SMALL(E76:M76,COUNTIF(E76:M76,0)+1)",=AQ76/$AD$3*$AE$3*$AD$4,,=O76+P76+V76,단가대비표,76,data/unpacked/L2025-00085-1/붙임2. 현지입찰(신규입찰) 서류 및 계약서류(안)/IKHCC Section 4 - IKHCC BLANK BOQ 250903_최종/1 Architectural & summery/BILL No1 -Architectural Works-01. HOSPITAL(BLANK BILL).xlsx,47d79c95e2c3273f84778935276c94526e369cc1b1bc057f6b03c998f44e253f
직접자원단가,43AE2142BE750E32422BE6D9DD3406C76FA01,[현지기준단가]Suspended METAL CEILING Panel on Frame,,M2,5.0,0.0,0.0,5.0,5 | 5,,※$$$$$$$$$,"=SMALL(E77:M77,COUNTIF(E77:M77,0)+1)",,,=O77+P77+V77,단가대비표,77,data/unpacked/L2025-00085-1/붙임2. 현지입찰(신규입찰) 서류 및 계약서류(안)/IKHCC Section 4 - IKHCC BLANK BOQ 250903_최종/1 Architectural & summery/BILL No1 -Architectural Works-01. HOSPITAL(BLANK BILL).xlsx,47d79c95e2c3273f84778935276c94526e369cc1b1bc057f6b03c998f44e253f
직접자원단가,43AE2142BE750E32422B8C4B8098C4ED224EF,경량철골천장틀,"경량철골천장틀, 몰딩(알루미늄), L형, 30*30*1.0mm",M,2.1750722061764054,0.0,0.0,2.1750722061764054,2.1750722061764054 | 2.1750722061764054,677 | 420,,"=SMALL(E78:M78,COUNTIF(E78:M78,0)+1)",=AQ78/$AD$3*$AE$3*$AD$4,,=O78+P78+V78,단가대비표,78,data/unpacked/L2025-00085-1/붙임2. 현지입찰(신규입찰) 서류 및 계약서류(안)/IKHCC Section 4 - IKHCC BLANK BOQ 250903_최종/1 Architectural & summery/BILL No1 -Architectural Works-01. HOSPITAL(BLANK BILL).xlsx,47d79c95e2c3273f84778935276c94526e369cc1b1bc057f6b03c998f44e253f
직접자원단가,43AE2142BE750E32422B8C4B8098C4ED224E9,경량철골천장틀,"경량철골천장틀, 몰딩(알루미늄), W형, 15*15*15*15*1.0mm",M,2.020291787010294,0.0,0.0,2.020291787010294,2.020291787010294 | 2.020291787010294,677 | 420,,"=SMALL(E79:M79,COUNTIF(E79:M79,0)+1)",=AQ79/$AD$3*$AE$3*$AD$4,,=O79+P79+V79,단가대비표,79,data/unpacked/L2025-00085-1/붙임2. 현지입찰(신규입찰) 서류 및 계약서류(안)/IKHCC Section 4 - IKHCC BLANK BOQ 250903_최종/1 Architectural & summery/BILL No1 -Architectural Works-01. HOSPITAL(BLANK BILL).xlsx,47d79c95e2c3273f84778935276c94526e369cc1b1bc057f6b03c998f44e253f
직접자원단가,43AE2142BE750E32422B8C4B8098C3F6EA6FF,[현지기준단가]Thick 6.0 Gypsum Tex 1Ply  on M-Bar System,,M2,2.0,0.0,0.0,2.0,2,,※$$$$$$$$$,"=SMALL(E80:M80,COUNTIF(E80:M80,0)+1)",,,=O80+P80+V80,단가대비표,80,data/unpacked/L2025-00085-1/붙임2. 현지입찰(신규입찰) 서류 및 계약서류(안)/IKHCC Section 4 - IKHCC BLANK BOQ 250903_최종/1 Architectural & summery/BILL No1 -Architectural Works-01. HOSPITAL(BLANK BILL).xlsx,47d79c95e2c3273f84778935276c94526e369cc1b1bc057f6b03c998f44e253f
직접자원단가,43AE2142BE750E32422B8C4B8098C3F6EA786,[현지기준단가]Thick 15.0 suspended Acoustic Ceiling Tile on T-Bar System,,M2,8.0,0.0,0.0,8.0,8,,※$$$$$$$$$,"=SMALL(E81:M81,COUNTIF(E81:M81,0)+1)",,,=O81+P81+V81,단가대비표,81,data/unpacked/L2025-00085-1/붙임2. 현지입찰(신규입찰) 서류 및 계약서류(안)/IKHCC Section 4 - IKHCC BLANK BOQ 250903_최종/1 Architectural & summery/BILL No1 -Architectural Works-01. HOSPITAL(BLANK BILL).xlsx,47d79c95e2c3273f84778935276c94526e369cc1b1bc057f6b03c998f44e253f
직접자원단가,43AE2142BE750E32422B8C4B8098C3F6EA026,Thick 9.5 suspended Gypsum Board 2Ply with Vinyl Paint on M-Bar System,,M2,16.0,0.0,0.0,16.0,16,,※$$$$$$$$$,"=SMALL(E82:M82,COUNTIF(E82:M82,0)+1)",,,=O82+P82+V82,단가대비표,82,data/unpacked/L2025-00085-1/붙임2. 현지입찰(신규입찰) 서류 및 계약서류(안)/IKHCC Section 4 - IKHCC BLANK BOQ 250903_최종/1 Architectural & summery/BILL No1 -Architectural Works-01. HOSPITAL(BLANK BILL).xlsx,47d79c95e2c3273f84778935276c94526e369cc1b1bc057f6b03c998f44e253f
직접자원단가,43AE2142BE750E32422B8C4B8098C3F6EA025,Thick 9.5 suspended Gypsum Board 2Ply with Anti-bacterial Paint on M-Bar System,,M2,13.0,0.0,0.0,13.0,13,,※$$$$$$$$$,"=SMALL(E83:M83,COUNTIF(E83:M83,0)+1)",,,=O83+P83+V83,단가대비표,83,data/unpacked/L2025-00085-1/붙임2. 현지입찰(신규입찰) 서류 및 계약서류(안)/IKHCC Section 4 - IKHCC BLANK BOQ 250903_최종/1 Architectural & summery/BILL No1 -Architectural Works-01. HOSPITAL(BLANK BILL).xlsx,47d79c95e2c3273f84778935276c94526e369cc1b1bc057f6b03c998f44e253f
직접자원단가,43AE2142BE750E32422B8C4B8098C3F6EA204,[현지기준단가]Suspended PVC Ceiling on M-Bar System,,M2,2.0,0.0,0.0,2.0,2,,※$$$$$$$$$,"=SMALL(E84:M84,COUNTIF(E84:M84,0)+1)",,,=O84+P84+V84,단가대비표,84,data/unpacked/L2025-00085-1/붙임2. 현지입찰(신규입찰) 서류 및 계약서류(안)/IKHCC Section 4 - IKHCC BLANK BOQ 250903_최종/1 Architectural & summery/BILL No1 -Architectural Works-01. HOSPITAL(BLANK BILL).xlsx,47d79c95e2c3273f84778935276c94526e369cc1b1bc057f6b03c998f44e253f
직접자원단가,43AE2142BE750E336294316086666BE173056,인조대리석,"인조대리석, 15∼17mm, 글로톤, White/Red",M2,28.512182477967865,0.0,0.0,28.512182477967865,28.512182477967865,562,,"=SMALL(E85:M85,COUNTIF(E85:M85,0)+1)",=AQ85/$AD$3*$AE$3*$AD$4,,=O85+P85+V85,단가대비표,85,data/unpacked/L2025-00085-1/붙임2. 현지입찰(신규입찰) 서류 및 계약서류(안)/IKHCC Section 4 - IKHCC BLANK BOQ 250903_최종/1 Architectural & summery/BILL No1 -Architectural Works-01. HOSPITAL(BLANK BILL).xlsx,47d79c95e2c3273f84778935276c94526e369cc1b1bc057f6b03c998f44e253f
직접자원단가,43AE2142BE746972722185E78DB4FEB1E2477,"철재일반도아(일반분체), 문틀 포함","150*45*1.6T, 0.9*2.1, 편개",M2,109.56824409390508,0.0,0.0,109.56824409390508,109.56824409390508,,,"=SMALL(E86:M86,COUNTIF(E86:M86,0)+1)",=AQ86/$AD$3*$AE$3*$AD$4,,=O86+P86+V86,단가대비표,86,data/unpacked/L2025-00085-1/붙임2. 현지입찰(신규입찰) 서류 및 계약서류(안)/IKHCC Section 4 - IKHCC BLANK BOQ 250903_최종/1 Architectural & summery/BILL No1 -Architectural Works-01. HOSPITAL(BLANK BILL).xlsx,47d79c95e2c3273f84778935276c94526e369cc1b1bc057f6b03c998f44e253f
직접자원단가,43AE2142BE746972722185E78DB4FEB1E2A80,"철재일반도아(일반분체), 문틀 포함","150*45*1.6T, 1.8*2.1, 양개",M2,103.37702732726062,0.0,0.0,103.37702732726062,103.37702732726062,,,"=SMALL(E87:M87,COUNTIF(E87:M87,0)+1)",=AQ87/$AD$3*$AE$3*$AD$4,,=O87+P87+V87,단가대비표,87,data/unpacked/L2025-00085-1/붙임2. 현지입찰(신규입찰) 서류 및 계약서류(안)/IKHCC Section 4 - IKHCC BLANK BOQ 250903_최종/1 Architectural & summery/BILL No1 -Architectural Works-01. HOSPITAL(BLANK BILL).xlsx,47d79c95e2c3273f84778935276c94526e369cc1b1bc057f6b03c998f44e253f
직접자원단가,43AE2142BE746972722185E78DB4FEB1D127B,"철재후라쉬도아(일반분체), 문틀 포함","240*45*1.6T, 0.9*2.1, 편개",M2,169.93260756868847,0.0,0.0,169.93260756868847,169.93260756868847,,,"=SMALL(E88:M88,COUNTIF(E88:M88,0)+1)",=AQ88/$AD$3*$AE$3*$AD$4,,=O88+P88+V88,단가대비표,88,data/unpacked/L2025-00085-1/붙임2. 현지입찰(신규입찰) 서류 및 계약서류(안)/IKHCC Section 4 - IKHCC BLANK BOQ 250903_최종/1 Architectural & summery/BILL No1 -Architectural Works-01. HOSPITAL(BLANK BILL).xlsx,47d79c95e2c3273f84778935276c94526e369cc1b1bc057f6b03c998f44e253f
직접자원단가,43AE2142BE746972722185E78DB4FEB1A45CC,"철재후라쉬도아(일반분체), 문틀 포함","240*45*1.6T, 1.8*2.1, 양개",M2,163.3340739095016,0.0,0.0,163.3340739095016,163.3340739095016,,,"=SMALL(E89:M89,COUNTIF(E89:M89,0)+1)",=AQ89/$AD$3*$AE$3*$AD$4,,=O89+P89+V89,단가대비표,89,data/unpacked/L2025-00085-1/붙임2. 현지입찰(신규입찰) 서류 및 계약서류(안)/IKHCC Section 4 - IKHCC BLANK BOQ 250903_최종/1 Architectural & summery/BILL No1 -Architectural Works-01. HOSPITAL(BLANK BILL).xlsx,47d79c95e2c3273f84778935276c94526e369cc1b1bc057f6b03c998f44e253f
직접자원단가,43AE2142BE746972723205724FD0610FF9548,도어클로저,"도어클로저, K-2840, KS4호, 고급방화, 60∼85kg",조,81.46337850847961,0.0,0.0,81.46337850847961,81.46337850847961 | 82.2780122935644,658,,"=SMALL(E90:M90,COUNTIF(E90:M90,0)+1)",=AQ90/$AD$3*$AE$3*$AD$4,,=O90+P90+V90,단가대비표,90,data/unpacked/L2025-00085-1/붙임2. 현지입찰(신규입찰) 서류 및 계약서류(안)/IKHCC Section 4 - IKHCC BLANK BOQ 250903_최종/1 Architectural & summery/BILL No1 -Architectural Works-01. HOSPITAL(BLANK BILL).xlsx,47d79c95e2c3273f84778935276c94526e369cc1b1bc057f6b03c998f44e253f
직접자원단가,43AE2142BE74697272054CEFC44DF27B21B1E,마그네틱릴리즈,K100 전자석,EA,52.951196030511746,0.0,0.0,52.951196030511746,52.951196030511746,,,"=SMALL(E91:M91,COUNTIF(E91:M91,0)+1)",=AQ91/$AD$3*$AE$3*$AD$4,,=O91+P91+V91,단가대비표,91,data/unpacked/L2025-00085-1/붙임2. 현지입찰(신규입찰) 서류 및 계약서류(안)/IKHCC Section 4 - IKHCC BLANK BOQ 250903_최종/1 Architectural & summery/BILL No1 -Architectural Works-01. HOSPITAL(BLANK BILL).xlsx,47d79c95e2c3273f84778935276c94526e369cc1b1bc057f6b03c998f44e253f
직접자원단가,43AE2142BE74697272054CEFC44DF27B21B1D,휴즈디바이스,K50 휴즈홀다,EA,28.512182477967865,0.0,0.0,28.512182477967865,28.512182477967865,,,"=SMALL(E92:M92,COUNTIF(E92:M92,0)+1)",=AQ92/$AD$3*$AE$3*$AD$4,,=O92+P92+V92,단가대비표,92,data/unpacked/L2025-00085-1/붙임2. 현지입찰(신규입찰) 서류 및 계약서류(안)/IKHCC Section 4 - IKHCC BLANK BOQ 250903_최종/1 Architectural & summery/BILL No1 -Architectural Works-01. HOSPITAL(BLANK BILL).xlsx,47d79c95e2c3273f84778935276c94526e369cc1b1bc057f6b03c998f44e253f
직접자원단가,43AE2142BE74697272054CEFC44DF27B21B1C,자동폐쇄기,자동복귀,EA,81.46337850847961,0.0,0.0,81.46337850847961,81.46337850847961,,,"=SMALL(E93:M93,COUNTIF(E93:M93,0)+1)",=AQ93/$AD$3*$AE$3*$AD$4,,=O93+P93+V93,단가대비표,93,data/unpacked/L2025-00085-1/붙임2. 현지입찰(신규입찰) 서류 및 계약서류(안)/IKHCC Section 4 - IKHCC BLANK BOQ 250903_최종/1 Architectural & summery/BILL No1 -Architectural Works-01. HOSPITAL(BLANK BILL).xlsx,47d79c95e2c3273f84778935276c94526e369cc1b1bc057f6b03c998f44e253f
직접자원단가,43AE2142BE74697272054CEFC44DF27B21B1B,순위조절기,K34 양개도아,EA,28.512182477967865,0.0,0.0,28.512182477967865,28.512182477967865,,,"=SMALL(E94:M94,COUNTIF(E94:M94,0)+1)",=AQ94/$AD$3*$AE$3*$AD$4,,=O94+P94+V94,단가대비표,94,data/unpacked/L2025-00085-1/붙임2. 현지입찰(신규입찰) 서류 및 계약서류(안)/IKHCC Section 4 - IKHCC BLANK BOQ 250903_최종/1 Architectural & summery/BILL No1 -Architectural Works-01. HOSPITAL(BLANK BILL).xlsx,47d79c95e2c3273f84778935276c94526e369cc1b1bc057f6b03c998f44e253f
직접자원단가,43AE2142BE74697272054CEFC44DF27B21B1A,연동제어기,매립형,EA,122.1950677627194,0.0,0.0,122.1950677627194,122.1950677627194,,,"=SMALL(E95:M95,COUNTIF(E95:M95,0)+1)",=AQ95/$AD$3*$AE$3*$AD$4,,=O95+P95+V95,단가대비표,95,data/unpacked/L2025-00085-1/붙임2. 현지입찰(신규입찰) 서류 및 계약서류(안)/IKHCC Section 4 - IKHCC BLANK BOQ 250903_최종/1 Architectural & summery/BILL No1 -Architectural Works-01. HOSPITAL(BLANK BILL).xlsx,47d79c95e2c3273f84778935276c94526e369cc1b1bc057f6b03c998f44e253f
직접자원단가,43AE2142BE74697272054CEFC44DF27B21B19,연감지기,광전식,EA,14.66340813152633,0.0,0.0,14.66340813152633,14.66340813152633,,,"=SMALL(E96:M96,COUNTIF(E96:M96,0)+1)",=AQ96/$AD$3*$AE$3*$AD$4,,=O96+P96+V96,단가대비표,96,data/unpacked/L2025-00085-1/붙임2. 현지입찰(신규입찰) 서류 및 계약서류(안)/IKHCC Section 4 - IKHCC BLANK BOQ 250903_최종/1 Architectural & summery/BILL No1 -Architectural Works-01. HOSPITAL(BLANK BILL).xlsx,47d79c95e2c3273f84778935276c94526e369cc1b1bc057f6b03c998f44e253f
직접자원단가,43AE2142BE74697272054CEFC44DF27B21B17,샷타개폐기,400 KG,EA,366.5852032881582,0.0,0.0,366.5852032881582,366.5852032881582,597,,"=SMALL(E97:M97,COUNTIF(E97:M97,0)+1)",=AQ97/$AD$3*$AE$3*$AD$4,,=O97+P97+V97,단가대비표,97,data/unpacked/L2025-00085-1/붙임2. 현지입찰(신규입찰) 서류 및 계약서류(안)/IKHCC Section 4 - IKHCC BLANK BOQ 250903_최종/1 Architectural & summery/BILL No1 -Architectural Works-01. HOSPITAL(BLANK BILL).xlsx,47d79c95e2c3273f84778935276c94526e369cc1b1bc057f6b03c998f44e253f
직접자원단가,43AE2142BE74697272054CEFC44DF27B21B16,방화샷타(갈바나이즈),THK=1.6 시공비포함,M2,254.57305783899878,0.0,0.0,254.57305783899878,254.57305783899878,570,,"=SMALL(E98:M98,COUNTIF(E98:M98,0)+1)",=AQ98/$AD$3*$AE$3*$AD$4,,=O98+P98+V98,단가대비표,98,data/unpacked/L2025-00085-1/붙임2. 현지입찰(신규입찰) 서류 및 계약서류(안)/IKHCC Section 4 - IKHCC BLANK BOQ 250903_최종/1 Architectural & summery/BILL No1 -Architectural Works-01. HOSPITAL(BLANK BILL).xlsx,47d79c95e2c3273f84778935276c94526e369cc1b1bc057f6b03c998f44e253f
직접자원단가,43AE2142BE74697272054CEFC44DF27B21A78,비상문,900*2100,조,285.1218247796786,0.0,0.0,285.1218247796786,285.1218247796786,452,,"=SMALL(E99:M99,COUNTIF(E99:M99,0)+1)",=AQ99/$AD$3*$AE$3*$AD$4,,=O99+P99+V99,단가대비표,99,data/unpacked/L2025-00085-1/붙임2. 현지입찰(신규입찰) 서류 및 계약서류(안)/IKHCC Section 4 - IKHCC BLANK BOQ 250903_최종/1 Architectural & summery/BILL No1 -Architectural Works-01. HOSPITAL(BLANK BILL).xlsx,47d79c95e2c3273f84778935276c94526e369cc1b1bc057f6b03c998f44e253f
직접자원단가,43AE2142BE74697272B725004168FF3720C39,홀딩도어,양겹무지 중,M2,31.77071761830705,0.0,0.0,31.77071761830705,31.77071761830705,702,,"=SMALL(E100:M100,COUNTIF(E100:M100,0)+1)",=AQ100/$AD$3*$AE$3*$AD$4,,=O100+P100+V100,단가대비표,100,data/unpacked/L2025-00085-1/붙임2. 현지입찰(신규입찰) 서류 및 계약서류(안)/IKHCC Section 4 - IKHCC BLANK BOQ 250903_최종/1 Architectural & summery/BILL No1 -Architectural Works-01. HOSPITAL(BLANK BILL).xlsx,47d79c95e2c3273f84778935276c94526e369cc1b1bc057f6b03c998f44e253f
직접자원단가,43AE2142BE746970424045853B7FD2C6C14CE,강화유리,"강화유리, 칼라, 10mm, 그린",M2,33.88876545952752,0.0,0.0,33.88876545952752,37.10412500925721 | 33.88876545952752 | 34.29608235206992,665 | 463,,"=SMALL(E101:M101,COUNTIF(E101:M101,0)+1)",=AQ101/$AD$3*$AE$3*$AD$4,,=O101+P101+V101,단가대비표,101,data/unpacked/L2025-00085-1/붙임2. 현지입찰(신규입찰) 서류 및 계약서류(안)/IKHCC Section 4 - IKHCC BLANK BOQ 250903_최종/1 Architectural & summery/BILL No1 -Architectural Works-01. HOSPITAL(BLANK BILL).xlsx,47d79c95e2c3273f84778935276c94526e369cc1b1bc057f6b03c998f44e253f
직접자원단가,43AE2142BE746970424045853B7FD2C6C14CD,강화유리,"강화유리, 칼라, 12mm, 그린",M2,38.532178034510856,0.0,0.0,38.532178034510856,40.05961638154485 | 38.532178034510856 | 39.42827519810413,665 | 463,,"=SMALL(E102:M102,COUNTIF(E102:M102,0)+1)",=AQ102/$AD$3*$AE$3*$AD$4,,=O102+P102+V102,단가대비표,102,data/unpacked/L2025-00085-1/붙임2. 현지입찰(신규입찰) 서류 및 계약서류(안)/IKHCC Section 4 - IKHCC BLANK BOQ 250903_최종/1 Architectural & summery/BILL No1 -Architectural Works-01. HOSPITAL(BLANK BILL).xlsx,47d79c95e2c3273f84778935276c94526e369cc1b1bc057f6b03c998f44e253f
직접자원단가,43AE2142BE746970424045853B7FD2C14EBD8,Tempered glass,"Tempered glass, Transparent, 5mm",M2,30.54876694067985,0.0,0.0,30.54876694067985,30.54876694067985,665,,"=SMALL(E103:M103,COUNTIF(E103:M103,0)+1)",=AQ103/$AD$3*$AE$3*$AD$4,,=O103+P103+V103,단가대비표,103,data/unpacked/L2025-00085-1/붙임2. 현지입찰(신규입찰) 서류 및 계약서류(안)/IKHCC Section 4 - IKHCC BLANK BOQ 250903_최종/1 Architectural & summery/BILL No1 -Architectural Works-01. HOSPITAL(BLANK BILL).xlsx,47d79c95e2c3273f84778935276c94526e369cc1b1bc057f6b03c998f44e253f
직접자원단가,43AE2142BE746970424045853B7FD2C14EA36,Tempered glass,"Tempered glass, Transparent, 10mm",M2,30.54876694067985,0.0,0.0,30.54876694067985,30.54876694067985,665,,"=SMALL(E104:M104,COUNTIF(E104:M104,0)+1)",=AQ104/$AD$3*$AE$3*$AD$4,,=O104+P104+V104,단가대비표,104,data/unpacked/L2025-00085-1/붙임2. 현지입찰(신규입찰) 서류 및 계약서류(안)/IKHCC Section 4 - IKHCC BLANK BOQ 250903_최종/1 Architectural & summery/BILL No1 -Architectural Works-01. HOSPITAL(BLANK BILL).xlsx,47d79c95e2c3273f84778935276c94526e369cc1b1bc057f6b03c998f44e253f
직접자원단가,43AE2040227AB7E6B2F81FF151C83F4AFAB58,앵커볼트,"앵커볼트, M16*300mm",개,0.8146337850847961,0.0,0.0,0.8146337850847961,0.8537362067688663 | 0.8146337850847961,95,,"=SMALL(E105:M105,COUNTIF(E105:M105,0)+1)",=AQ105/$AD$3*$AE$3*$AD$4,,=O105+P105+V105,단가대비표,105,data/unpacked/L2025-00085-1/붙임2. 현지입찰(신규입찰) 서류 및 계약서류(안)/IKHCC Section 4 - IKHCC BLANK BOQ 250903_최종/1 Architectural & summery/BILL No1 -Architectural Works-01. HOSPITAL(BLANK BILL).xlsx,47d79c95e2c3273f84778935276c94526e369cc1b1bc057f6b03c998f44e253f
직접자원단가,43AE2040227AB7E6B2F81FF17CE9B9B2C20A6,Anchor Bolt Install,M20*600mm,EA,20.0,0.0,0.0,20.0,20,,※$$$$$$$$$,"=SMALL(E106:M106,COUNTIF(E106:M106,0)+1)",,,=O106+P106+V106,단가대비표,106,data/unpacked/L2025-00085-1/붙임2. 현지입찰(신규입찰) 서류 및 계약서류(안)/IKHCC Section 4 - IKHCC BLANK BOQ 250903_최종/1 Architectural & summery/BILL No1 -Architectural Works-01. HOSPITAL(BLANK BILL).xlsx,47d79c95e2c3273f84778935276c94526e369cc1b1bc057f6b03c998f44e253f
직접자원단가,43AE2040227AB42C921EE866A1AEDFF04A31B,작은나사,"스테인리스, M5*12",개,0.026964378286306753,0.0,0.0,0.026964378286306753,0.026964378286306753 | 0.02745315855735763,98 | 57,,"=SMALL(E107:M107,COUNTIF(E107:M107,0)+1)",=AQ107/$AD$3*$AE$3*$AD$4,,=O107+P107+V107,단가대비표,107,data/unpacked/L2025-00085-1/붙임2. 현지입찰(신규입찰) 서류 및 계약서류(안)/IKHCC Section 4 - IKHCC BLANK BOQ 250903_최종/1 Architectural & summery/BILL No1 -Architectural Works-01. HOSPITAL(BLANK BILL).xlsx,47d79c95e2c3273f84778935276c94526e369cc1b1bc057f6b03c998f44e253f
직접자원단가,43AE2040227AB42DB27ECF8CD2B7B1F3C386D,세트앵커,"세트앵커, M10*L75mm",개,0.10590239206102349,0.0,0.0,0.10590239206102349,0.10590239206102349 | 0.13034140561356736,95 | 53,,"=SMALL(E108:M108,COUNTIF(E108:M108,0)+1)",=AQ108/$AD$3*$AE$3*$AD$4,,=O108+P108+V108,단가대비표,108,data/unpacked/L2025-00085-1/붙임2. 현지입찰(신규입찰) 서류 및 계약서류(안)/IKHCC Section 4 - IKHCC BLANK BOQ 250903_최종/1 Architectural & summery/BILL No1 -Architectural Works-01. HOSPITAL(BLANK BILL).xlsx,47d79c95e2c3273f84778935276c94526e369cc1b1bc057f6b03c998f44e253f
직접자원단가,43AE2040227AB42DB27ECF8CD2B7B1F3C3B24,스트롱앵커,"스트롱앵커, M10, 9.5mm",개,0.07657557579797084,0.0,0.0,0.07657557579797084,0.07657557579797084,95,,"=SMALL(E109:M109,COUNTIF(E109:M109,0)+1)",=AQ109/$AD$3*$AE$3*$AD$4,,=O109+P109+V109,단가대비표,109,data/unpacked/L2025-00085-1/붙임2. 현지입찰(신규입찰) 서류 및 계약서류(안)/IKHCC Section 4 - IKHCC BLANK BOQ 250903_최종/1 Architectural & summery/BILL No1 -Architectural Works-01. HOSPITAL(BLANK BILL).xlsx,47d79c95e2c3273f84778935276c94526e369cc1b1bc057f6b03c998f44e253f
직접자원단가,43AE2040227AB428326FFE0FE9BFAA819C86C,Set Anchor Bolt Install,M19*L150mm,EA,20.0,0.0,0.0,20.0,20,,※$$$$$$$$$,"=SMALL(E110:M110,COUNTIF(E110:M110,0)+1)",,,=O110+P110+V110,단가대비표,110,data/unpacked/L2025-00085-1/붙임2. 현지입찰(신규입찰) 서류 및 계약서류(안)/IKHCC Section 4 - IKHCC BLANK BOQ 250903_최종/1 Architectural & summery/BILL No1 -Architectural Works-01. HOSPITAL(BLANK BILL).xlsx,47d79c95e2c3273f84778935276c94526e369cc1b1bc057f6b03c998f44e253f
직접자원단가,43AE2040227AB428326FFE0FE9BFC6721E265,피벗힌지,"피벗힌지, 100kg, 방화문용",조,57.02436495593573,0.0,0.0,57.02436495593573,57.02436495593573 | 57.02436495593573 | 57.02436495593573,661 | 454,,"=SMALL(E111:M111,COUNTIF(E111:M111,0)+1)",=AQ111/$AD$3*$AE$3*$AD$4,,=O111+P111+V111,단가대비표,111,data/unpacked/L2025-00085-1/붙임2. 현지입찰(신규입찰) 서류 및 계약서류(안)/IKHCC Section 4 - IKHCC BLANK BOQ 250903_최종/1 Architectural & summery/BILL No1 -Architectural Works-01. HOSPITAL(BLANK BILL).xlsx,47d79c95e2c3273f84778935276c94526e369cc1b1bc057f6b03c998f44e253f
직접자원단가,43AE2040227AB42452B2AD3FAA8EDD4A52DB1,도어핸들,"도어핸들, 9000PB, 레바형",조,30.956083833222248,0.0,0.0,30.956083833222248,30.956083833222248,577,,"=SMALL(E112:M112,COUNTIF(E112:M112,0)+1)",=AQ112/$AD$3*$AE$3*$AD$4,,=O112+P112+V112,단가대비표,112,data/unpacked/L2025-00085-1/붙임2. 현지입찰(신규입찰) 서류 및 계약서류(안)/IKHCC Section 4 - IKHCC BLANK BOQ 250903_최종/1 Architectural & summery/BILL No1 -Architectural Works-01. HOSPITAL(BLANK BILL).xlsx,47d79c95e2c3273f84778935276c94526e369cc1b1bc057f6b03c998f44e253f
직접자원단가,43AE2040227AB42452B29C82F0968C772EFD5,Paper Holder,,no,23.624379767459086,0.0,0.0,23.624379767459086,23.624379767459086,물정 884,,"=SMALL(E113:M113,COUNTIF(E113:M113,0)+1)",=AQ113/$AD$3*$AE$3*$AD$4,,=O113+P113+V113,단가대비표,113,data/unpacked/L2025-00085-1/붙임2. 현지입찰(신규입찰) 서류 및 계약서류(안)/IKHCC Section 4 - IKHCC BLANK BOQ 250903_최종/1 Architectural & summery/BILL No1 -Architectural Works-01. HOSPITAL(BLANK BILL).xlsx,47d79c95e2c3273f84778935276c94526e369cc1b1bc057f6b03c998f44e253f
직접자원단가,43AE2040227AB42452B29C82F0968C772EC01,Soap Dispenser,,no,13.848774346441532,0.0,0.0,13.848774346441532,13.848774346441532,물정 887,,"=SMALL(E114:M114,COUNTIF(E114:M114,0)+1)",=AQ114/$AD$3*$AE$3*$AD$4,,=O114+P114+V114,단가대비표,114,data/unpacked/L2025-00085-1/붙임2. 현지입찰(신규입찰) 서류 및 계약서류(안)/IKHCC Section 4 - IKHCC BLANK BOQ 250903_최종/1 Architectural & summery/BILL No1 -Architectural Works-01. HOSPITAL(BLANK BILL).xlsx,47d79c95e2c3273f84778935276c94526e369cc1b1bc057f6b03c998f44e253f
직접자원단가,43AE2040227AB42452B29C82F0968C772ED28,Paper Towel Cabinet,,no,143.3755461749241,0.0,0.0,143.3755461749241,143.3755461749241,물정 887,,"=SMALL(E115:M115,COUNTIF(E115:M115,0)+1)",=AQ115/$AD$3*$AE$3*$AD$4,,=O115+P115+V115,단가대비표,115,data/unpacked/L2025-00085-1/붙임2. 현지입찰(신규입찰) 서류 및 계약서류(안)/IKHCC Section 4 - IKHCC BLANK BOQ 250903_최종/1 Architectural & summery/BILL No1 -Architectural Works-01. HOSPITAL(BLANK BILL).xlsx,47d79c95e2c3273f84778935276c94526e369cc1b1bc057f6b03c998f44e253f
직접자원단가,43AE2040227AB42452B29C82F0968C772EA54,Coat Hook,,no,10.590239206102348,0.0,0.0,10.590239206102348,10.590239206102348,물정 887,,"=SMALL(E116:M116,COUNTIF(E116:M116,0)+1)",=AQ116/$AD$3*$AE$3*$AD$4,,=O116+P116+V116,단가대비표,116,data/unpacked/L2025-00085-1/붙임2. 현지입찰(신규입찰) 서류 및 계약서류(안)/IKHCC Section 4 - IKHCC BLANK BOQ 250903_최종/1 Architectural & summery/BILL No1 -Architectural Works-01. HOSPITAL(BLANK BILL).xlsx,47d79c95e2c3273f84778935276c94526e369cc1b1bc057f6b03c998f44e253f
직접자원단가,43AE2040227AB42452B29C82F0968C772EB7A,"Disabled toilet grab bars,Fix Type",,no,89.60971635932756,0.0,0.0,89.60971635932756,89.60971635932756,물정 887,,"=SMALL(E117:M117,COUNTIF(E117:M117,0)+1)",=AQ117/$AD$3*$AE$3*$AD$4,,=O117+P117+V117,단가대비표,117,data/unpacked/L2025-00085-1/붙임2. 현지입찰(신규입찰) 서류 및 계약서류(안)/IKHCC Section 4 - IKHCC BLANK BOQ 250903_최종/1 Architectural & summery/BILL No1 -Architectural Works-01. HOSPITAL(BLANK BILL).xlsx,47d79c95e2c3273f84778935276c94526e369cc1b1bc057f6b03c998f44e253f
직접자원단가,43AE2040227AB42452B29C82F0968C772E8A6,"Disabled toilet grab bars,Moving Type",,no,140.11701103458492,0.0,0.0,140.11701103458492,140.11701103458492,물정 887,,"=SMALL(E118:M118,COUNTIF(E118:M118,0)+1)",=AQ118/$AD$3*$AE$3*$AD$4,,=O118+P118+V118,단가대비표,118,data/unpacked/L2025-00085-1/붙임2. 현지입찰(신규입찰) 서류 및 계약서류(안)/IKHCC Section 4 - IKHCC BLANK BOQ 250903_최종/1 Architectural & summery/BILL No1 -Architectural Works-01. HOSPITAL(BLANK BILL).xlsx,47d79c95e2c3273f84778935276c94526e369cc1b1bc057f6b03c998f44e253f
직접자원단가,43AE2040227AB424522CA70CF69C78CAC454F,화스너 및 앙카,,SET,2.8512182477967865,0.0,0.0,2.8512182477967865,2.8512182477967865,,,"=SMALL(E119:M119,COUNTIF(E119:M119,0)+1)",=AQ119/$AD$3*$AE$3*$AD$4,,=O119+P119+V119,단가대비표,119,data/unpacked/L2025-00085-1/붙임2. 현지입찰(신규입찰) 서류 및 계약서류(안)/IKHCC Section 4 - IKHCC BLANK BOQ 250903_최종/1 Architectural & summery/BILL No1 -Architectural Works-01. HOSPITAL(BLANK BILL).xlsx,47d79c95e2c3273f84778935276c94526e369cc1b1bc057f6b03c998f44e253f
직접자원단가,43AE2040227AB424522CA70CF69C78CAC44A8,고정 클립,,EA,0.4887802710508776,0.0,0.0,0.4887802710508776,0.4887802710508776,,,"=SMALL(E120:M120,COUNTIF(E120:M120,0)+1)",=AQ120/$AD$3*$AE$3*$AD$4,,=O120+P120+V120,단가대비표,120,data/unpacked/L2025-00085-1/붙임2. 현지입찰(신규입찰) 서류 및 계약서류(안)/IKHCC Section 4 - IKHCC BLANK BOQ 250903_최종/1 Architectural & summery/BILL No1 -Architectural Works-01. HOSPITAL(BLANK BILL).xlsx,47d79c95e2c3273f84778935276c94526e369cc1b1bc057f6b03c998f44e253f
직접자원단가,43AE2040227AB424522CA739C98A9E50C9ECE,일반철물,"일반철물, 선홈통지지철물, 철재",개,2.03658446271199,0.0,0.0,2.03658446271199,2.03658446271199,물정 557,,"=SMALL(E121:M121,COUNTIF(E121:M121,0)+1)",=AQ121/$AD$3*$AE$3*$AD$4,,=O121+P121+V121,단가대비표,121,data/unpacked/L2025-00085-1/붙임2. 현지입찰(신규입찰) 서류 및 계약서류(안)/IKHCC Section 4 - IKHCC BLANK BOQ 250903_최종/1 Architectural & summery/BILL No1 -Architectural Works-01. HOSPITAL(BLANK BILL).xlsx,47d79c95e2c3273f84778935276c94526e369cc1b1bc057f6b03c998f44e253f
직접자원단가,43AE204010766031C22E92A9A98ED5FABF52D,초산비닐계접착제,"초산비닐계접착제, 일반목공용",kg,1.880989409760794,0.0,0.0,1.880989409760794,1.880989409760794,,,"=SMALL(E122:M122,COUNTIF(E122:M122,0)+1)",=AQ122/$AD$3*$AE$3*$AD$4,,=O122+P122+V122,단가대비표,122,data/unpacked/L2025-00085-1/붙임2. 현지입찰(신규입찰) 서류 및 계약서류(안)/IKHCC Section 4 - IKHCC BLANK BOQ 250903_최종/1 Architectural & summery/BILL No1 -Architectural Works-01. HOSPITAL(BLANK BILL).xlsx,47d79c95e2c3273f84778935276c94526e369cc1b1bc057f6b03c998f44e253f
직접자원단가,43AE204010766031C22E92A9A98ED5FABF41F,초산비닐계접착제,"초산비닐계접착제, 스치로폴, 암면",kg,2.2255795008516626,0.0,0.0,2.2255795008516626,2.2255795008516626,,,"=SMALL(E123:M123,COUNTIF(E123:M123,0)+1)",=AQ123/$AD$3*$AE$3*$AD$4,,=O123+P123+V123,단가대비표,123,data/unpacked/L2025-00085-1/붙임2. 현지입찰(신규입찰) 서류 및 계약서류(안)/IKHCC Section 4 - IKHCC BLANK BOQ 250903_최종/1 Architectural & summery/BILL No1 -Architectural Works-01. HOSPITAL(BLANK BILL).xlsx,47d79c95e2c3273f84778935276c94526e369cc1b1bc057f6b03c998f44e253f
직접자원단가,43AE204010766031C22ED812F5123209AF711,퍼티,"퍼티, 319퍼티, 백색",kg,2.546089017255425,0.0,0.0,2.546089017255425,2.546089017255425,622,1L=1.55kg,"=SMALL(E124:M124,COUNTIF(E124:M124,0)+1)",=AQ124/$AD$3*$AE$3*$AD$4,,=O124+P124+V124,단가대비표,124,data/unpacked/L2025-00085-1/붙임2. 현지입찰(신규입찰) 서류 및 계약서류(안)/IKHCC Section 4 - IKHCC BLANK BOQ 250903_최종/1 Architectural & summery/BILL No1 -Architectural Works-01. HOSPITAL(BLANK BILL).xlsx,47d79c95e2c3273f84778935276c94526e369cc1b1bc057f6b03c998f44e253f
직접자원단가,43AE204010766031C22ED812F51232F0175C1,a mold for concrete,,M2,5.0,15.0,0.0,20.0,5,,※$$$$$$$$$,"=SMALL(E125:M125,COUNTIF(E125:M125,0)+1)",15,,=O125+P125+V125,단가대비표,125,data/unpacked/L2025-00085-1/붙임2. 현지입찰(신규입찰) 서류 및 계약서류(안)/IKHCC Section 4 - IKHCC BLANK BOQ 250903_최종/1 Architectural & summery/BILL No1 -Architectural Works-01. HOSPITAL(BLANK BILL).xlsx,47d79c95e2c3273f84778935276c94526e369cc1b1bc057f6b03c998f44e253f
직접자원단가,43AE204010766031C22ED812F51232F0175C0,PVC Water Stop installation,,M,1.5,0.25,0.0,1.75,1.5,,※$$$$$$$$$,"=SMALL(E126:M126,COUNTIF(E126:M126,0)+1)",0.25,,=O126+P126+V126,단가대비표,126,data/unpacked/L2025-00085-1/붙임2. 현지입찰(신규입찰) 서류 및 계약서류(안)/IKHCC Section 4 - IKHCC BLANK BOQ 250903_최종/1 Architectural & summery/BILL No1 -Architectural Works-01. HOSPITAL(BLANK BILL).xlsx,47d79c95e2c3273f84778935276c94526e369cc1b1bc057f6b03c998f44e253f
직접자원단가,43AE204010766031C22ED812F51232F0175C6,CEMENT MORTAR (m3),,M3,70.0,0.0,0.0,70.0,70,,※$$$$$$$$$,"=SMALL(E127:M127,COUNTIF(E127:M127,0)+1)",,,=O127+P127+V127,단가대비표,127,data/unpacked/L2025-00085-1/붙임2. 현지입찰(신규입찰) 서류 및 계약서류(안)/IKHCC Section 4 - IKHCC BLANK BOQ 250903_최종/1 Architectural & summery/BILL No1 -Architectural Works-01. HOSPITAL(BLANK BILL).xlsx,47d79c95e2c3273f84778935276c94526e369cc1b1bc057f6b03c998f44e253f
직접자원단가,43AE204010766031C22ED812F51232F0175C4,W/WM #8-150x150,,M2,6.0,0.0,0.0,6.0,6,,※$$$$$$$$$,"=SMALL(E128:M128,COUNTIF(E128:M128,0)+1)",,,=O128+P128+V128,단가대비표,128,data/unpacked/L2025-00085-1/붙임2. 현지입찰(신규입찰) 서류 및 계약서류(안)/IKHCC Section 4 - IKHCC BLANK BOQ 250903_최종/1 Architectural & summery/BILL No1 -Architectural Works-01. HOSPITAL(BLANK BILL).xlsx,47d79c95e2c3273f84778935276c94526e369cc1b1bc057f6b03c998f44e253f
직접자원단가,43AE204010766031C22ED812F51232F0175CB,THK0.1 PE FLIM 2PLY,,M2,1.0,0.0,0.0,1.0,1,,※$$$$$$$$$,"=SMALL(E129:M129,COUNTIF(E129:M129,0)+1)",,,=O129+P129+V129,단가대비표,129,data/unpacked/L2025-00085-1/붙임2. 현지입찰(신규입찰) 서류 및 계약서류(안)/IKHCC Section 4 - IKHCC BLANK BOQ 250903_최종/1 Architectural & summery/BILL No1 -Architectural Works-01. HOSPITAL(BLANK BILL).xlsx,47d79c95e2c3273f84778935276c94526e369cc1b1bc057f6b03c998f44e253f
직접자원단가,43AE204010766031C22ED812F51232F0175CA,THK50 HIGH DENSITY INSULATION BOARD,,M2,4.0,0.0,0.0,4.0,4,,※$$$$$$$$$,"=SMALL(E130:M130,COUNTIF(E130:M130,0)+1)",,,=O130+P130+V130,단가대비표,130,data/unpacked/L2025-00085-1/붙임2. 현지입찰(신규입찰) 서류 및 계약서류(안)/IKHCC Section 4 - IKHCC BLANK BOQ 250903_최종/1 Architectural & summery/BILL No1 -Architectural Works-01. HOSPITAL(BLANK BILL).xlsx,47d79c95e2c3273f84778935276c94526e369cc1b1bc057f6b03c998f44e253f
직접자원단가,43AE204010766031C22ED812F51232F0175B2,THK100 HIGH DENSITY INSULATION BOARD,,M2,8.0,0.0,0.0,8.0,8,,※$$$$$$$$$,"=SMALL(E131:M131,COUNTIF(E131:M131,0)+1)",,,=O131+P131+V131,단가대비표,131,data/unpacked/L2025-00085-1/붙임2. 현지입찰(신규입찰) 서류 및 계약서류(안)/IKHCC Section 4 - IKHCC BLANK BOQ 250903_최종/1 Architectural & summery/BILL No1 -Architectural Works-01. HOSPITAL(BLANK BILL).xlsx,47d79c95e2c3273f84778935276c94526e369cc1b1bc057f6b03c998f44e253f
직접자원단가,43AE204010766031C22ED812F51232F0175B1,Glass Woo BOARD(WALL & CEILLIG),"50mm thick, 48k",M2,4.0,0.0,0.0,4.0,4,,※$$$$$$$$$,"=SMALL(E132:M132,COUNTIF(E132:M132,0)+1)",,,=O132+P132+V132,단가대비표,132,data/unpacked/L2025-00085-1/붙임2. 현지입찰(신규입찰) 서류 및 계약서류(안)/IKHCC Section 4 - IKHCC BLANK BOQ 250903_최종/1 Architectural & summery/BILL No1 -Architectural Works-01. HOSPITAL(BLANK BILL).xlsx,47d79c95e2c3273f84778935276c94526e369cc1b1bc057f6b03c998f44e253f
직접자원단가,43AE204010766031C22ED812F51232F0175B0,[현지기준단가]THK30 GRANITE,,M2,60.0,5.0,2.0,67.0,60,,※$$$$$$$$$,"=SMALL(E133:M133,COUNTIF(E133:M133,0)+1)",5,"=SMALL(Q133:U133,COUNTIF(Q133:U133,0)+1)",=O133+P133+V133,단가대비표,133,data/unpacked/L2025-00085-1/붙임2. 현지입찰(신규입찰) 서류 및 계약서류(안)/IKHCC Section 4 - IKHCC BLANK BOQ 250903_최종/1 Architectural & summery/BILL No1 -Architectural Works-01. HOSPITAL(BLANK BILL).xlsx,47d79c95e2c3273f84778935276c94526e369cc1b1bc057f6b03c998f44e253f
직접자원단가,43AE204010766031C22ED812F51232F0176E8,THK9 PORCELAIN TILE,,M2,20.0,3.0,0.0,23.0,20,,※$$$$$$$$$,"=SMALL(E134:M134,COUNTIF(E134:M134,0)+1)",3,,=O134+P134+V134,단가대비표,134,data/unpacked/L2025-00085-1/붙임2. 현지입찰(신규입찰) 서류 및 계약서류(안)/IKHCC Section 4 - IKHCC BLANK BOQ 250903_최종/1 Architectural & summery/BILL No1 -Architectural Works-01. HOSPITAL(BLANK BILL).xlsx,47d79c95e2c3273f84778935276c94526e369cc1b1bc057f6b03c998f44e253f
직접자원단가,43AE204010766031C22ED812F51232F0176E9,THK9 PORCELAIN TILE(NON-SLIP),,M2,25.0,3.0,0.0,28.0,25,,※$$$$$$$$$,"=SMALL(E135:M135,COUNTIF(E135:M135,0)+1)",3,,=O135+P135+V135,단가대비표,135,data/unpacked/L2025-00085-1/붙임2. 현지입찰(신규입찰) 서류 및 계약서류(안)/IKHCC Section 4 - IKHCC BLANK BOQ 250903_최종/1 Architectural & summery/BILL No1 -Architectural Works-01. HOSPITAL(BLANK BILL).xlsx,47d79c95e2c3273f84778935276c94526e369cc1b1bc057f6b03c998f44e253f
직접자원단가,43AE204010766031C22ED812F51232F0176EC,EPOXY COATING  (DUST PREVENTION),,M2,4.25,0.0,0.0,4.25,4.25,,※$$$$$$$$$,"=SMALL(E136:M136,COUNTIF(E136:M136,0)+1)",,,=O136+P136+V136,단가대비표,136,data/unpacked/L2025-00085-1/붙임2. 현지입찰(신규입찰) 서류 및 계약서류(안)/IKHCC Section 4 - IKHCC BLANK BOQ 250903_최종/1 Architectural & summery/BILL No1 -Architectural Works-01. HOSPITAL(BLANK BILL).xlsx,47d79c95e2c3273f84778935276c94526e369cc1b1bc057f6b03c998f44e253f
직접자원단가,43AE204010766031C22ED812F51232F0176ED,EPOXY FLOOR COATING,,M2,20.0,0.0,0.0,20.0,20,,※$$$$$$$$$,"=SMALL(E137:M137,COUNTIF(E137:M137,0)+1)",,,=O137+P137+V137,단가대비표,137,data/unpacked/L2025-00085-1/붙임2. 현지입찰(신규입찰) 서류 및 계약서류(안)/IKHCC Section 4 - IKHCC BLANK BOQ 250903_최종/1 Architectural & summery/BILL No1 -Architectural Works-01. HOSPITAL(BLANK BILL).xlsx,47d79c95e2c3273f84778935276c94526e369cc1b1bc057f6b03c998f44e253f
직접자원단가,43AE204010766031C22ED812F51232F0176E3,THK25 TERRAZZO TILE,,M2,9.0,3.0,0.0,12.0,9,,※$$$$$$$$$,"=SMALL(E138:M138,COUNTIF(E138:M138,0)+1)",3,,=O138+P138+V138,단가대비표,138,data/unpacked/L2025-00085-1/붙임2. 현지입찰(신규입찰) 서류 및 계약서류(안)/IKHCC Section 4 - IKHCC BLANK BOQ 250903_최종/1 Architectural & summery/BILL No1 -Architectural Works-01. HOSPITAL(BLANK BILL).xlsx,47d79c95e2c3273f84778935276c94526e369cc1b1bc057f6b03c998f44e253f
직접자원단가,43AE204010766031C22ED812F51232F006C25,락카신너,,L,3.8735836480782053,0.0,0.0,3.8735836480782053,3.8735836480782053,620,,"=SMALL(E139:M139,COUNTIF(E139:M139,0)+1)",=AQ139/$AD$3*$AE$3*$AD$4,,=O139+P139+V139,단가대비표,139,data/unpacked/L2025-00085-1/붙임2. 현지입찰(신규입찰) 서류 및 계약서류(안)/IKHCC Section 4 - IKHCC BLANK BOQ 250903_최종/1 Architectural & summery/BILL No1 -Architectural Works-01. HOSPITAL(BLANK BILL).xlsx,47d79c95e2c3273f84778935276c94526e369cc1b1bc057f6b03c998f44e253f
직접자원단가,43AE204010766031C22ED812F51232F006ED7,Ceramic tiles,9mm thick,M2,20.0,3.0,0.0,23.0,20,,※$$$$$$$$$,"=SMALL(E140:M140,COUNTIF(E140:M140,0)+1)",3,,=O140+P140+V140,단가대비표,140,data/unpacked/L2025-00085-1/붙임2. 현지입찰(신규입찰) 서류 및 계약서류(안)/IKHCC Section 4 - IKHCC BLANK BOQ 250903_최종/1 Architectural & summery/BILL No1 -Architectural Works-01. HOSPITAL(BLANK BILL).xlsx,47d79c95e2c3273f84778935276c94526e369cc1b1bc057f6b03c998f44e253f
직접자원단가,43AE204010766031C22ED812F51232F006ED4,THK3 TILE ADHESIVE,,M2,2.0,3.0,0.0,5.0,2,,※$$$$$$$$$,"=SMALL(E141:M141,COUNTIF(E141:M141,0)+1)",3,,=O141+P141+V141,단가대비표,141,data/unpacked/L2025-00085-1/붙임2. 현지입찰(신규입찰) 서류 및 계약서류(안)/IKHCC Section 4 - IKHCC BLANK BOQ 250903_최종/1 Architectural & summery/BILL No1 -Architectural Works-01. HOSPITAL(BLANK BILL).xlsx,47d79c95e2c3273f84778935276c94526e369cc1b1bc057f6b03c998f44e253f
직접자원단가,43AE204010766031C22ED812F51232F006ED5,THK5 RESIN MORTAR,,M2,7.15,0.0,0.0,7.15,7.15,,※$$$$$$$$$,"=SMALL(E142:M142,COUNTIF(E142:M142,0)+1)",,,=O142+P142+V142,단가대비표,142,data/unpacked/L2025-00085-1/붙임2. 현지입찰(신규입찰) 서류 및 계약서류(안)/IKHCC Section 4 - IKHCC BLANK BOQ 250903_최종/1 Architectural & summery/BILL No1 -Architectural Works-01. HOSPITAL(BLANK BILL).xlsx,47d79c95e2c3273f84778935276c94526e369cc1b1bc057f6b03c998f44e253f
직접자원단가,43AE204010766031C22ED812F51232F006EDA,CONCRETE SURFACE TREATMENT,wall,M2,3.0,0.0,0.0,3.0,3,,※$$$$$$$$$,"=SMALL(E143:M143,COUNTIF(E143:M143,0)+1)",,,=O143+P143+V143,단가대비표,143,data/unpacked/L2025-00085-1/붙임2. 현지입찰(신규입찰) 서류 및 계약서류(안)/IKHCC Section 4 - IKHCC BLANK BOQ 250903_최종/1 Architectural & summery/BILL No1 -Architectural Works-01. HOSPITAL(BLANK BILL).xlsx,47d79c95e2c3273f84778935276c94526e369cc1b1bc057f6b03c998f44e253f
직접자원단가,43AE204010766031C22ED812F51232F006EDB,CONCRETE SURFACE TREATMENT,floor,M2,3.0,0.0,0.0,3.0,3,,※$$$$$$$$$,"=SMALL(E144:M144,COUNTIF(E144:M144,0)+1)",,,=O144+P144+V144,단가대비표,144,data/unpacked/L2025-00085-1/붙임2. 현지입찰(신규입찰) 서류 및 계약서류(안)/IKHCC Section 4 - IKHCC BLANK BOQ 250903_최종/1 Architectural & summery/BILL No1 -Architectural Works-01. HOSPITAL(BLANK BILL).xlsx,47d79c95e2c3273f84778935276c94526e369cc1b1bc057f6b03c998f44e253f
직접자원단가,43AE204010766031C22ED812F51232F006957,ACRYLIC PAINT (H:100),,M2,5.0,0.0,0.0,5.0,5,,※$$$$$$$$$,"=SMALL(E145:M145,COUNTIF(E145:M145,0)+1)",,,=O145+P145+V145,단가대비표,145,data/unpacked/L2025-00085-1/붙임2. 현지입찰(신규입찰) 서류 및 계약서류(안)/IKHCC Section 4 - IKHCC BLANK BOQ 250903_최종/1 Architectural & summery/BILL No1 -Architectural Works-01. HOSPITAL(BLANK BILL).xlsx,47d79c95e2c3273f84778935276c94526e369cc1b1bc057f6b03c998f44e253f
직접자원단가,43AE204010766031C22ED812F51232F006849,ELASTIC waterproofing systems,3mm thick,M2,3.75,0.0,0.0,3.75,3.75,,※$$$$$$$$$,"=SMALL(E146:M146,COUNTIF(E146:M146,0)+1)",,,=O146+P146+V146,단가대비표,146,data/unpacked/L2025-00085-1/붙임2. 현지입찰(신규입찰) 서류 및 계약서류(안)/IKHCC Section 4 - IKHCC BLANK BOQ 250903_최종/1 Architectural & summery/BILL No1 -Architectural Works-01. HOSPITAL(BLANK BILL).xlsx,47d79c95e2c3273f84778935276c94526e369cc1b1bc057f6b03c998f44e253f
직접자원단가,43AE204010766031C22ED812F51232F006848,Multi-layer composite waterproofing,3mm thick,M2,2.0,0.0,0.0,2.0,2,,※$$$$$$$$$,"=SMALL(E147:M147,COUNTIF(E147:M147,0)+1)",,,=O147+P147+V147,단가대비표,147,data/unpacked/L2025-00085-1/붙임2. 현지입찰(신규입찰) 서류 및 계약서류(안)/IKHCC Section 4 - IKHCC BLANK BOQ 250903_최종/1 Architectural & summery/BILL No1 -Architectural Works-01. HOSPITAL(BLANK BILL).xlsx,47d79c95e2c3273f84778935276c94526e369cc1b1bc057f6b03c998f44e253f
직접자원단가,43AE204010766031C22ED812F51232F00684A,"ROOF DRAIN, FLOOR DRAIN",Diameter 100mm,EA,35.0,0.0,0.0,35.0,35,,※$$$$$$$$$,"=SMALL(E148:M148,COUNTIF(E148:M148,0)+1)",,,=O148+P148+V148,단가대비표,148,data/unpacked/L2025-00085-1/붙임2. 현지입찰(신규입찰) 서류 및 계약서류(안)/IKHCC Section 4 - IKHCC BLANK BOQ 250903_최종/1 Architectural & summery/BILL No1 -Architectural Works-01. HOSPITAL(BLANK BILL).xlsx,47d79c95e2c3273f84778935276c94526e369cc1b1bc057f6b03c998f44e253f
직접자원단가,43AE204010766031C22ED812F51232F00684C,Metal Sheet Panel Cladding,"P.V.D.F coated Aluminum Sheet, Thicknes",M2,5.0,0.0,0.0,5.0,5,,※$$$$$$$$$,"=SMALL(E149:M149,COUNTIF(E149:M149,0)+1)",,,=O149+P149+V149,단가대비표,149,data/unpacked/L2025-00085-1/붙임2. 현지입찰(신규입찰) 서류 및 계약서류(안)/IKHCC Section 4 - IKHCC BLANK BOQ 250903_최종/1 Architectural & summery/BILL No1 -Architectural Works-01. HOSPITAL(BLANK BILL).xlsx,47d79c95e2c3273f84778935276c94526e369cc1b1bc057f6b03c998f44e253f
직접자원단가,43AE204010766031C22ED812F51232F00684F,EMULSION PAINT,,M2,2.0,0.0,0.0,2.0,2,,※$$$$$$$$$,"=SMALL(E150:M150,COUNTIF(E150:M150,0)+1)",,,=O150+P150+V150,단가대비표,150,data/unpacked/L2025-00085-1/붙임2. 현지입찰(신규입찰) 서류 및 계약서류(안)/IKHCC Section 4 - IKHCC BLANK BOQ 250903_최종/1 Architectural & summery/BILL No1 -Architectural Works-01. HOSPITAL(BLANK BILL).xlsx,47d79c95e2c3273f84778935276c94526e369cc1b1bc057f6b03c998f44e253f
직접자원단가,43AE204010766031C22ED812F51232F00684E,ANTI-BACTERIAL PAINT,,M2,3.0,0.0,0.0,3.0,3,,※$$$$$$$$$,"=SMALL(E151:M151,COUNTIF(E151:M151,0)+1)",,,=O151+P151+V151,단가대비표,151,data/unpacked/L2025-00085-1/붙임2. 현지입찰(신규입찰) 서류 및 계약서류(안)/IKHCC Section 4 - IKHCC BLANK BOQ 250903_최종/1 Architectural & summery/BILL No1 -Architectural Works-01. HOSPITAL(BLANK BILL).xlsx,47d79c95e2c3273f84778935276c94526e369cc1b1bc057f6b03c998f44e253f
직접자원단가,43AE204010766031C22ED812F51232F006B1D,aluminium windows (best quality),,M2,185.0,0.0,0.0,185.0,185,,※$$$$$$$$$,"=SMALL(E152:M152,COUNTIF(E152:M152,0)+1)",,,=O152+P152+V152,단가대비표,152,data/unpacked/L2025-00085-1/붙임2. 현지입찰(신규입찰) 서류 및 계약서류(안)/IKHCC Section 4 - IKHCC BLANK BOQ 250903_최종/1 Architectural & summery/BILL No1 -Architectural Works-01. HOSPITAL(BLANK BILL).xlsx,47d79c95e2c3273f84778935276c94526e369cc1b1bc057f6b03c998f44e253f
직접자원단가,43AE204010766031C22ED812F51232F006A72,Cubical curtains rail tracks,,M,50.0,0.0,0.0,50.0,50,,※$$$$$$$$$,"=SMALL(E153:M153,COUNTIF(E153:M153,0)+1)",,,=O153+P153+V153,단가대비표,153,data/unpacked/L2025-00085-1/붙임2. 현지입찰(신규입찰) 서류 및 계약서류(안)/IKHCC Section 4 - IKHCC BLANK BOQ 250903_최종/1 Architectural & summery/BILL No1 -Architectural Works-01. HOSPITAL(BLANK BILL).xlsx,47d79c95e2c3273f84778935276c94526e369cc1b1bc057f6b03c998f44e253f
직접자원단가,43AE204010766031C22ED812F51232F0065F5,[현지기준단가]Limestone,50mm thick,M2,20.0,10.0,5.0,35.0,20,,※$$$$$$$$$,"=SMALL(E154:M154,COUNTIF(E154:M154,0)+1)",10,"=SMALL(Q154:U154,COUNTIF(Q154:U154,0)+1)",=O154+P154+V154,단가대비표,154,data/unpacked/L2025-00085-1/붙임2. 현지입찰(신규입찰) 서류 및 계약서류(안)/IKHCC Section 4 - IKHCC BLANK BOQ 250903_최종/1 Architectural & summery/BILL No1 -Architectural Works-01. HOSPITAL(BLANK BILL).xlsx,47d79c95e2c3273f84778935276c94526e369cc1b1bc057f6b03c998f44e253f
직접자원단가,43AE204010766031C22ED812F51232F0065F4,TD 1000*2200,,EA,350.0,0.0,0.0,350.0,350,,※$$$$$$$$$,"=SMALL(E155:M155,COUNTIF(E155:M155,0)+1)",,,=O155+P155+V155,단가대비표,155,data/unpacked/L2025-00085-1/붙임2. 현지입찰(신규입찰) 서류 및 계약서류(안)/IKHCC Section 4 - IKHCC BLANK BOQ 250903_최종/1 Architectural & summery/BILL No1 -Architectural Works-01. HOSPITAL(BLANK BILL).xlsx,47d79c95e2c3273f84778935276c94526e369cc1b1bc057f6b03c998f44e253f
직접자원단가,43AE204010766031C22ED812F51232F0065F7,TD 900*2200,,EA,350.0,0.0,0.0,350.0,350,,※$$$$$$$$$,"=SMALL(E156:M156,COUNTIF(E156:M156,0)+1)",,,=O156+P156+V156,단가대비표,156,data/unpacked/L2025-00085-1/붙임2. 현지입찰(신규입찰) 서류 및 계약서류(안)/IKHCC Section 4 - IKHCC BLANK BOQ 250903_최종/1 Architectural & summery/BILL No1 -Architectural Works-01. HOSPITAL(BLANK BILL).xlsx,47d79c95e2c3273f84778935276c94526e369cc1b1bc057f6b03c998f44e253f
직접자원단가,43AE204010766031C22ED812F51232F0065F6,TD 1800*2200,,EA,430.0,0.0,0.0,430.0,430,,※$$$$$$$$$,"=SMALL(E157:M157,COUNTIF(E157:M157,0)+1)",,,=O157+P157+V157,단가대비표,157,data/unpacked/L2025-00085-1/붙임2. 현지입찰(신규입찰) 서류 및 계약서류(안)/IKHCC Section 4 - IKHCC BLANK BOQ 250903_최종/1 Architectural & summery/BILL No1 -Architectural Works-01. HOSPITAL(BLANK BILL).xlsx,47d79c95e2c3273f84778935276c94526e369cc1b1bc057f6b03c998f44e253f
직접자원단가,43AE204010766031C22ED812F51232F0065F1,TD 750*2200,,EA,350.0,0.0,0.0,350.0,350,,※$$$$$$$$$,"=SMALL(E158:M158,COUNTIF(E158:M158,0)+1)",,,=O158+P158+V158,단가대비표,158,data/unpacked/L2025-00085-1/붙임2. 현지입찰(신규입찰) 서류 및 계약서류(안)/IKHCC Section 4 - IKHCC BLANK BOQ 250903_최종/1 Architectural & summery/BILL No1 -Architectural Works-01. HOSPITAL(BLANK BILL).xlsx,47d79c95e2c3273f84778935276c94526e369cc1b1bc057f6b03c998f44e253f
직접자원단가,43AE204010766031C22ED812F51232F0065F0,TD 1100*2200,,EA,350.0,0.0,0.0,350.0,350,,※$$$$$$$$$,"=SMALL(E159:M159,COUNTIF(E159:M159,0)+1)",,,=O159+P159+V159,단가대비표,159,data/unpacked/L2025-00085-1/붙임2. 현지입찰(신규입찰) 서류 및 계약서류(안)/IKHCC Section 4 - IKHCC BLANK BOQ 250903_최종/1 Architectural & summery/BILL No1 -Architectural Works-01. HOSPITAL(BLANK BILL).xlsx,47d79c95e2c3273f84778935276c94526e369cc1b1bc057f6b03c998f44e253f
직접자원단가,43AE204010766031C22ED812F51232F0320EA,락카에나멜,,L,8.191142709027623,0.0,0.0,8.191142709027623,8.191142709027623,621,,"=SMALL(E160:M160,COUNTIF(E160:M160,0)+1)",=AQ160/$AD$3*$AE$3*$AD$4,,=O160+P160+V160,단가대비표,160,data/unpacked/L2025-00085-1/붙임2. 현지입찰(신규입찰) 서류 및 계약서류(안)/IKHCC Section 4 - IKHCC BLANK BOQ 250903_최종/1 Architectural & summery/BILL No1 -Architectural Works-01. HOSPITAL(BLANK BILL).xlsx,47d79c95e2c3273f84778935276c94526e369cc1b1bc057f6b03c998f44e253f
직접자원단가,43AE204010766031C22ED812F512356699399,H Shape Steel,"SS275, 200*100*5.5*8mm",TON,1800.0,0.0,0.0,1800.0,1800,,※$$$$$$$$$,"=SMALL(E161:M161,COUNTIF(E161:M161,0)+1)",,,=O161+P161+V161,단가대비표,161,data/unpacked/L2025-00085-1/붙임2. 현지입찰(신규입찰) 서류 및 계약서류(안)/IKHCC Section 4 - IKHCC BLANK BOQ 250903_최종/1 Architectural & summery/BILL No1 -Architectural Works-01. HOSPITAL(BLANK BILL).xlsx,47d79c95e2c3273f84778935276c94526e369cc1b1bc057f6b03c998f44e253f
직접자원단가,43AE204010766031C22ED812F51235669939A,H Shape Steel,"SS275, 300*150*6.5*9mm",TON,1800.0,0.0,0.0,1800.0,1800,,※$$$$$$$$$,"=SMALL(E162:M162,COUNTIF(E162:M162,0)+1)",,,=O162+P162+V162,단가대비표,162,data/unpacked/L2025-00085-1/붙임2. 현지입찰(신규입찰) 서류 및 계약서류(안)/IKHCC Section 4 - IKHCC BLANK BOQ 250903_최종/1 Architectural & summery/BILL No1 -Architectural Works-01. HOSPITAL(BLANK BILL).xlsx,47d79c95e2c3273f84778935276c94526e369cc1b1bc057f6b03c998f44e253f
직접자원단가,43AE204010766031C22ED812F51235669939B,H Shape Steel,"SS275, 300*300*10*15mm",TON,1800.0,0.0,0.0,1800.0,1800,,※$$$$$$$$$,"=SMALL(E163:M163,COUNTIF(E163:M163,0)+1)",,,=O163+P163+V163,단가대비표,163,data/unpacked/L2025-00085-1/붙임2. 현지입찰(신규입찰) 서류 및 계약서류(안)/IKHCC Section 4 - IKHCC BLANK BOQ 250903_최종/1 Architectural & summery/BILL No1 -Architectural Works-01. HOSPITAL(BLANK BILL).xlsx,47d79c95e2c3273f84778935276c94526e369cc1b1bc057f6b03c998f44e253f
직접자원단가,43AE204010766031C22ED812F51235669939C,H Shape Steel,"SM275A, 300*150*6.5*9mm",TON,1800.0,0.0,0.0,1800.0,1800,,※$$$$$$$$$,"=SMALL(E164:M164,COUNTIF(E164:M164,0)+1)",,,=O164+P164+V164,단가대비표,164,data/unpacked/L2025-00085-1/붙임2. 현지입찰(신규입찰) 서류 및 계약서류(안)/IKHCC Section 4 - IKHCC BLANK BOQ 250903_최종/1 Architectural & summery/BILL No1 -Architectural Works-01. HOSPITAL(BLANK BILL).xlsx,47d79c95e2c3273f84778935276c94526e369cc1b1bc057f6b03c998f44e253f
직접자원단가,43AE204010766031C22ED812F51235669939E,Light Gage Steel,"C, 150*50*20, t3.2",TON,2000.0,0.0,0.0,2000.0,2000,,※$$$$$$$$$,"=SMALL(E165:M165,COUNTIF(E165:M165,0)+1)",,,=O165+P165+V165,단가대비표,165,data/unpacked/L2025-00085-1/붙임2. 현지입찰(신규입찰) 서류 및 계약서류(안)/IKHCC Section 4 - IKHCC BLANK BOQ 250903_최종/1 Architectural & summery/BILL No1 -Architectural Works-01. HOSPITAL(BLANK BILL).xlsx,47d79c95e2c3273f84778935276c94526e369cc1b1bc057f6b03c998f44e253f
직접자원단가,43AE204010766031C22ED812F51235669939F,Steel Plate,"SS275, 6.0mm",TON,1300.0,0.0,0.0,1300.0,1300,,※$$$$$$$$$,"=SMALL(E166:M166,COUNTIF(E166:M166,0)+1)",,,=O166+P166+V166,단가대비표,166,data/unpacked/L2025-00085-1/붙임2. 현지입찰(신규입찰) 서류 및 계약서류(안)/IKHCC Section 4 - IKHCC BLANK BOQ 250903_최종/1 Architectural & summery/BILL No1 -Architectural Works-01. HOSPITAL(BLANK BILL).xlsx,47d79c95e2c3273f84778935276c94526e369cc1b1bc057f6b03c998f44e253f
직접자원단가,43AE204010766031C22ED812F512356699390,Steel Plate,"SS275, 8.0mm",TON,1300.0,0.0,0.0,1300.0,1300,,※$$$$$$$$$,"=SMALL(E167:M167,COUNTIF(E167:M167,0)+1)",,,=O167+P167+V167,단가대비표,167,data/unpacked/L2025-00085-1/붙임2. 현지입찰(신규입찰) 서류 및 계약서류(안)/IKHCC Section 4 - IKHCC BLANK BOQ 250903_최종/1 Architectural & summery/BILL No1 -Architectural Works-01. HOSPITAL(BLANK BILL).xlsx,47d79c95e2c3273f84778935276c94526e369cc1b1bc057f6b03c998f44e253f
직접자원단가,43AE204010766031C22ED812F512356699391,Steel Plate,"SS275, 15mm",TON,1300.0,0.0,0.0,1300.0,1300,,※$$$$$$$$$,"=SMALL(E168:M168,COUNTIF(E168:M168,0)+1)",,,=O168+P168+V168,단가대비표,168,data/unpacked/L2025-00085-1/붙임2. 현지입찰(신규입찰) 서류 및 계약서류(안)/IKHCC Section 4 - IKHCC BLANK BOQ 250903_최종/1 Architectural & summery/BILL No1 -Architectural Works-01. HOSPITAL(BLANK BILL).xlsx,47d79c95e2c3273f84778935276c94526e369cc1b1bc057f6b03c998f44e253f
직접자원단가,43AE204010766031C22ED812F5123566993E9,H Shape Steel,"SM275A, 390*300*10*16mm",TON,1800.0,0.0,0.0,1800.0,1800,,※$$$$$$$$$,"=SMALL(E169:M169,COUNTIF(E169:M169,0)+1)",,,=O169+P169+V169,단가대비표,169,data/unpacked/L2025-00085-1/붙임2. 현지입찰(신규입찰) 서류 및 계약서류(안)/IKHCC Section 4 - IKHCC BLANK BOQ 250903_최종/1 Architectural & summery/BILL No1 -Architectural Works-01. HOSPITAL(BLANK BILL).xlsx,47d79c95e2c3273f84778935276c94526e369cc1b1bc057f6b03c998f44e253f
직접자원단가,43AE204010766031C22ED812F5123566992F1,Steel Plate,"SS275, 18mm",TON,1300.0,0.0,0.0,1300.0,1300,,※$$$$$$$$$,"=SMALL(E170:M170,COUNTIF(E170:M170,0)+1)",,,=O170+P170+V170,단가대비표,170,data/unpacked/L2025-00085-1/붙임2. 현지입찰(신규입찰) 서류 및 계약서류(안)/IKHCC Section 4 - IKHCC BLANK BOQ 250903_최종/1 Architectural & summery/BILL No1 -Architectural Works-01. HOSPITAL(BLANK BILL).xlsx,47d79c95e2c3273f84778935276c94526e369cc1b1bc057f6b03c998f44e253f
직접자원단가,43AE204010766031C22ED812F5123566992F0,Steel Plate,"SS275, 25mm",TON,1300.0,0.0,0.0,1300.0,1300,,※$$$$$$$$$,"=SMALL(E171:M171,COUNTIF(E171:M171,0)+1)",,,=O171+P171+V171,단가대비표,171,data/unpacked/L2025-00085-1/붙임2. 현지입찰(신규입찰) 서류 및 계약서류(안)/IKHCC Section 4 - IKHCC BLANK BOQ 250903_최종/1 Architectural & summery/BILL No1 -Architectural Works-01. HOSPITAL(BLANK BILL).xlsx,47d79c95e2c3273f84778935276c94526e369cc1b1bc057f6b03c998f44e253f
직접자원단가,43AE204010766031C22ED812F5123566992F3,Steel Plate,"SM275, 6.0mm",TON,1400.0,0.0,0.0,1400.0,1400,,※$$$$$$$$$,"=SMALL(E172:M172,COUNTIF(E172:M172,0)+1)",,,=O172+P172+V172,단가대비표,172,data/unpacked/L2025-00085-1/붙임2. 현지입찰(신규입찰) 서류 및 계약서류(안)/IKHCC Section 4 - IKHCC BLANK BOQ 250903_최종/1 Architectural & summery/BILL No1 -Architectural Works-01. HOSPITAL(BLANK BILL).xlsx,47d79c95e2c3273f84778935276c94526e369cc1b1bc057f6b03c998f44e253f
직접자원단가,43AE204010766031C22ED812F5123566992F2,Steel Plate,"SM275, 8.0mm",TON,1400.0,0.0,0.0,1400.0,1400,,※$$$$$$$$$,"=SMALL(E173:M173,COUNTIF(E173:M173,0)+1)",,,=O173+P173+V173,단가대비표,173,data/unpacked/L2025-00085-1/붙임2. 현지입찰(신규입찰) 서류 및 계약서류(안)/IKHCC Section 4 - IKHCC BLANK BOQ 250903_최종/1 Architectural & summery/BILL No1 -Architectural Works-01. HOSPITAL(BLANK BILL).xlsx,47d79c95e2c3273f84778935276c94526e369cc1b1bc057f6b03c998f44e253f
직접자원단가,43AE204010766031C22ED812F5123566992F5,Steel Plate,"SM275, 9.0mm",TON,1400.0,0.0,0.0,1400.0,1400,,※$$$$$$$$$,"=SMALL(E174:M174,COUNTIF(E174:M174,0)+1)",,,=O174+P174+V174,단가대비표,174,data/unpacked/L2025-00085-1/붙임2. 현지입찰(신규입찰) 서류 및 계약서류(안)/IKHCC Section 4 - IKHCC BLANK BOQ 250903_최종/1 Architectural & summery/BILL No1 -Architectural Works-01. HOSPITAL(BLANK BILL).xlsx,47d79c95e2c3273f84778935276c94526e369cc1b1bc057f6b03c998f44e253f
직접자원단가,43AE204010766031C22ED812F5123566992F4,Steel Plate,"SM275, 12mm",TON,1400.0,0.0,0.0,1400.0,1400,,※$$$$$$$$$,"=SMALL(E175:M175,COUNTIF(E175:M175,0)+1)",,,=O175+P175+V175,단가대비표,175,data/unpacked/L2025-00085-1/붙임2. 현지입찰(신규입찰) 서류 및 계약서류(안)/IKHCC Section 4 - IKHCC BLANK BOQ 250903_최종/1 Architectural & summery/BILL No1 -Architectural Works-01. HOSPITAL(BLANK BILL).xlsx,47d79c95e2c3273f84778935276c94526e369cc1b1bc057f6b03c998f44e253f
직접자원단가,43AE204010766031C22ED812F5123566992F7,Steel Plate,"SM275, 16mm",TON,1400.0,0.0,0.0,1400.0,1400,,※$$$$$$$$$,"=SMALL(E176:M176,COUNTIF(E176:M176,0)+1)",,,=O176+P176+V176,단가대비표,176,data/unpacked/L2025-00085-1/붙임2. 현지입찰(신규입찰) 서류 및 계약서류(안)/IKHCC Section 4 - IKHCC BLANK BOQ 250903_최종/1 Architectural & summery/BILL No1 -Architectural Works-01. HOSPITAL(BLANK BILL).xlsx,47d79c95e2c3273f84778935276c94526e369cc1b1bc057f6b03c998f44e253f
직접자원단가,43AE204010766031C22ED812F5123566992F6,Steel Plate,"SM275, 22mm",TON,1400.0,0.0,0.0,1400.0,1400,,※$$$$$$$$$,"=SMALL(E177:M177,COUNTIF(E177:M177,0)+1)",,,=O177+P177+V177,단가대비표,177,data/unpacked/L2025-00085-1/붙임2. 현지입찰(신규입찰) 서류 및 계약서류(안)/IKHCC Section 4 - IKHCC BLANK BOQ 250903_최종/1 Architectural & summery/BILL No1 -Architectural Works-01. HOSPITAL(BLANK BILL).xlsx,47d79c95e2c3273f84778935276c94526e369cc1b1bc057f6b03c998f44e253f
직접자원단가,43AE204010766031C22ED812F5123566992F9,Anchor Bolt,M30*750mm,EA,20.0,0.0,0.0,20.0,20,,※$$$$$$$$$,"=SMALL(E178:M178,COUNTIF(E178:M178,0)+1)",,,=O178+P178+V178,단가대비표,178,data/unpacked/L2025-00085-1/붙임2. 현지입찰(신규입찰) 서류 및 계약서류(안)/IKHCC Section 4 - IKHCC BLANK BOQ 250903_최종/1 Architectural & summery/BILL No1 -Architectural Works-01. HOSPITAL(BLANK BILL).xlsx,47d79c95e2c3273f84778935276c94526e369cc1b1bc057f6b03c998f44e253f
직접자원단가,43AE204010766031C22ED812F5123566992F8,High Strength Bolt,"F10T, M20*50mm",SET,3.0,0.0,0.0,3.0,3,,※$$$$$$$$$,"=SMALL(E179:M179,COUNTIF(E179:M179,0)+1)",,,=O179+P179+V179,단가대비표,179,data/unpacked/L2025-00085-1/붙임2. 현지입찰(신규입찰) 서류 및 계약서류(안)/IKHCC Section 4 - IKHCC BLANK BOQ 250903_최종/1 Architectural & summery/BILL No1 -Architectural Works-01. HOSPITAL(BLANK BILL).xlsx,47d79c95e2c3273f84778935276c94526e369cc1b1bc057f6b03c998f44e253f
직접자원단가,43AE204010766031C22ED812F5123566991EA,High Strength Bolt,"F10T, M20*55mm",SET,3.0,0.0,0.0,3.0,3,,※$$$$$$$$$,"=SMALL(E180:M180,COUNTIF(E180:M180,0)+1)",,,=O180+P180+V180,단가대비표,180,data/unpacked/L2025-00085-1/붙임2. 현지입찰(신규입찰) 서류 및 계약서류(안)/IKHCC Section 4 - IKHCC BLANK BOQ 250903_최종/1 Architectural & summery/BILL No1 -Architectural Works-01. HOSPITAL(BLANK BILL).xlsx,47d79c95e2c3273f84778935276c94526e369cc1b1bc057f6b03c998f44e253f
직접자원단가,43AE204010766031C22ED812F5123566991EB,High Strength Bolt,"F10T, M20*60mm",SET,3.0,0.0,0.0,3.0,3,,※$$$$$$$$$,"=SMALL(E181:M181,COUNTIF(E181:M181,0)+1)",,,=O181+P181+V181,단가대비표,181,data/unpacked/L2025-00085-1/붙임2. 현지입찰(신규입찰) 서류 및 계약서류(안)/IKHCC Section 4 - IKHCC BLANK BOQ 250903_최종/1 Architectural & summery/BILL No1 -Architectural Works-01. HOSPITAL(BLANK BILL).xlsx,47d79c95e2c3273f84778935276c94526e369cc1b1bc057f6b03c998f44e253f
직접자원단가,43AE204010766031C22ED812F5123566991E8,High Strength Bolt,"F10T, M20*65mm",SET,3.0,0.0,0.0,3.0,3,,※$$$$$$$$$,"=SMALL(E182:M182,COUNTIF(E182:M182,0)+1)",,,=O182+P182+V182,단가대비표,182,data/unpacked/L2025-00085-1/붙임2. 현지입찰(신규입찰) 서류 및 계약서류(안)/IKHCC Section 4 - IKHCC BLANK BOQ 250903_최종/1 Architectural & summery/BILL No1 -Architectural Works-01. HOSPITAL(BLANK BILL).xlsx,47d79c95e2c3273f84778935276c94526e369cc1b1bc057f6b03c998f44e253f
직접자원단가,43AE204010766031C22ED812F5123566991E9,High Strength Bolt,"F10T, M20*70mm",SET,3.0,0.0,0.0,3.0,3,,※$$$$$$$$$,"=SMALL(E183:M183,COUNTIF(E183:M183,0)+1)",,,=O183+P183+V183,단가대비표,183,data/unpacked/L2025-00085-1/붙임2. 현지입찰(신규입찰) 서류 및 계약서류(안)/IKHCC Section 4 - IKHCC BLANK BOQ 250903_최종/1 Architectural & summery/BILL No1 -Architectural Works-01. HOSPITAL(BLANK BILL).xlsx,47d79c95e2c3273f84778935276c94526e369cc1b1bc057f6b03c998f44e253f
직접자원단가,43AE204010766031C22ED812F5123566991EE,High Strength Bolt,"F10T, M20*80mm",SET,3.0,0.0,0.0,3.0,3,,※$$$$$$$$$,"=SMALL(E184:M184,COUNTIF(E184:M184,0)+1)",,,=O184+P184+V184,단가대비표,184,data/unpacked/L2025-00085-1/붙임2. 현지입찰(신규입찰) 서류 및 계약서류(안)/IKHCC Section 4 - IKHCC BLANK BOQ 250903_최종/1 Architectural & summery/BILL No1 -Architectural Works-01. HOSPITAL(BLANK BILL).xlsx,47d79c95e2c3273f84778935276c94526e369cc1b1bc057f6b03c998f44e253f
직접자원단가,43AE204010766031C22ED812F5123566991EF,High Strength Bolt,"F10T, M16*40mm",SET,3.0,0.0,0.0,3.0,3,,※$$$$$$$$$,"=SMALL(E185:M185,COUNTIF(E185:M185,0)+1)",,,=O185+P185+V185,단가대비표,185,data/unpacked/L2025-00085-1/붙임2. 현지입찰(신규입찰) 서류 및 계약서류(안)/IKHCC Section 4 - IKHCC BLANK BOQ 250903_최종/1 Architectural & summery/BILL No1 -Architectural Works-01. HOSPITAL(BLANK BILL).xlsx,47d79c95e2c3273f84778935276c94526e369cc1b1bc057f6b03c998f44e253f
직접자원단가,43AE204010766031C22ED812F5123566991EC,Anchor Bolt Install,∮32,EA,20.0,19.76,0.4,40.160000000000004,20,,※$$$$$$$$$,"=SMALL(E186:M186,COUNTIF(E186:M186,0)+1)",19.76,"=SMALL(Q186:U186,COUNTIF(Q186:U186,0)+1)",=O186+P186+V186,단가대비표,186,data/unpacked/L2025-00085-1/붙임2. 현지입찰(신규입찰) 서류 및 계약서류(안)/IKHCC Section 4 - IKHCC BLANK BOQ 250903_최종/1 Architectural & summery/BILL No1 -Architectural Works-01. HOSPITAL(BLANK BILL).xlsx,47d79c95e2c3273f84778935276c94526e369cc1b1bc057f6b03c998f44e253f
직접자원단가,43AE204010766031C22ED812F5123566991ED,Stud Bolt Installer,M22*180,EA,0.79,0.19,0.05,1.03,0.79,,※$$$$$$$$$,"=SMALL(E187:M187,COUNTIF(E187:M187,0)+1)",0.19,"=SMALL(Q187:U187,COUNTIF(Q187:U187,0)+1)",=O187+P187+V187,단가대비표,187,data/unpacked/L2025-00085-1/붙임2. 현지입찰(신규입찰) 서류 및 계약서류(안)/IKHCC Section 4 - IKHCC BLANK BOQ 250903_최종/1 Architectural & summery/BILL No1 -Architectural Works-01. HOSPITAL(BLANK BILL).xlsx,47d79c95e2c3273f84778935276c94526e369cc1b1bc057f6b03c998f44e253f
직접자원단가,43AE204010766031C22ED812F5123566991E2,Non Shrink Mortar,590*590*30mm,EA,6.88,22.65,0.0,29.529999999999998,6.88,,※$$$$$$$$$,"=SMALL(E188:M188,COUNTIF(E188:M188,0)+1)",22.65,,=O188+P188+V188,단가대비표,188,data/unpacked/L2025-00085-1/붙임2. 현지입찰(신규입찰) 서류 및 계약서류(안)/IKHCC Section 4 - IKHCC BLANK BOQ 250903_최종/1 Architectural & summery/BILL No1 -Architectural Works-01. HOSPITAL(BLANK BILL).xlsx,47d79c95e2c3273f84778935276c94526e369cc1b1bc057f6b03c998f44e253f
직접자원단가,43AE204010766031C22ED812F5123566991E3,Rust Resisting Paint,Steel Structure Face,M2,1.0,0.29,0.03,1.32,1,,※$$$$$$$$$,"=SMALL(E189:M189,COUNTIF(E189:M189,0)+1)",0.29,"=SMALL(Q189:U189,COUNTIF(Q189:U189,0)+1)",=O189+P189+V189,단가대비표,189,data/unpacked/L2025-00085-1/붙임2. 현지입찰(신규입찰) 서류 및 계약서류(안)/IKHCC Section 4 - IKHCC BLANK BOQ 250903_최종/1 Architectural & summery/BILL No1 -Architectural Works-01. HOSPITAL(BLANK BILL).xlsx,47d79c95e2c3273f84778935276c94526e369cc1b1bc057f6b03c998f44e253f
직접자원단가,43AE204010766031C22ED812F5123566990C4,Ready Mixed Paint,Steel Structure Face,M2,1.0,0.58,0.06,1.6400000000000001,1,,※$$$$$$$$$,"=SMALL(E190:M190,COUNTIF(E190:M190,0)+1)",0.58,"=SMALL(Q190:U190,COUNTIF(Q190:U190,0)+1)",=O190+P190+V190,단가대비표,190,data/unpacked/L2025-00085-1/붙임2. 현지입찰(신규입찰) 서류 및 계약서류(안)/IKHCC Section 4 - IKHCC BLANK BOQ 250903_최종/1 Architectural & summery/BILL No1 -Architectural Works-01. HOSPITAL(BLANK BILL).xlsx,47d79c95e2c3273f84778935276c94526e369cc1b1bc057f6b03c998f44e253f
직접자원단가,43AE20401077096A02D64A3EA5CA41C1A6208,에나멜페인트,"에나멜페인트, SB-EE-400, 에폭시수지, 에포마, 백색",L,8.2125268458861,0.0,0.0,8.2125268458861,8.2125268458861 | 8.2125268458861,618 | 477,,"=SMALL(E191:M191,COUNTIF(E191:M191,0)+1)",=AQ191/$AD$3*$AE$3*$AD$4,,=O191+P191+V191,단가대비표,191,data/unpacked/L2025-00085-1/붙임2. 현지입찰(신규입찰) 서류 및 계약서류(안)/IKHCC Section 4 - IKHCC BLANK BOQ 250903_최종/1 Architectural & summery/BILL No1 -Architectural Works-01. HOSPITAL(BLANK BILL).xlsx,47d79c95e2c3273f84778935276c94526e369cc1b1bc057f6b03c998f44e253f
직접자원단가,43AE20401077096A02D6774F6A42B4F78D630,수성페인트,"수성페인트, KSM6010-2종1급, 백색",L,2.7534621935866106,0.0,0.0,2.7534621935866106,2.7534621935866106 | 4.57099977782715,615,,"=SMALL(E192:M192,COUNTIF(E192:M192,0)+1)",=AQ192/$AD$3*$AE$3*$AD$4,,=O192+P192+V192,단가대비표,192,data/unpacked/L2025-00085-1/붙임2. 현지입찰(신규입찰) 서류 및 계약서류(안)/IKHCC Section 4 - IKHCC BLANK BOQ 250903_최종/1 Architectural & summery/BILL No1 -Architectural Works-01. HOSPITAL(BLANK BILL).xlsx,47d79c95e2c3273f84778935276c94526e369cc1b1bc057f6b03c998f44e253f
직접자원단가,43AE20401077096A0240AAE0E2065CFC168E5,방청페인트,"방청페인트, KSM6030-1종1류, 광명단페인트",L,6.7886121602606835,0.0,0.0,6.7886121602606835,8.94956676294157 | 6.7886121602606835,615,,"=SMALL(E193:M193,COUNTIF(E193:M193,0)+1)",=AQ193/$AD$3*$AE$3*$AD$4,,=O193+P193+V193,단가대비표,193,data/unpacked/L2025-00085-1/붙임2. 현지입찰(신규입찰) 서류 및 계약서류(안)/IKHCC Section 4 - IKHCC BLANK BOQ 250903_최종/1 Architectural & summery/BILL No1 -Architectural Works-01. HOSPITAL(BLANK BILL).xlsx,47d79c95e2c3273f84778935276c94526e369cc1b1bc057f6b03c998f44e253f
직접자원단가,43AE20401077096A0240AAE0E2065CFC168E4,방청페인트,"방청페인트, KSM6030-1종2류, 광명단페인트",L,5.665777975264756,0.0,0.0,5.665777975264756,5.665777975264756,,,"=SMALL(E194:M194,COUNTIF(E194:M194,0)+1)",=AQ194/$AD$3*$AE$3*$AD$4,,=O194+P194+V194,단가대비표,194,data/unpacked/L2025-00085-1/붙임2. 현지입찰(신규입찰) 서류 및 계약서류(안)/IKHCC Section 4 - IKHCC BLANK BOQ 250903_최종/1 Architectural & summery/BILL No1 -Architectural Works-01. HOSPITAL(BLANK BILL).xlsx,47d79c95e2c3273f84778935276c94526e369cc1b1bc057f6b03c998f44e253f
직접자원단가,43AE20401077096A0240E05C01B63FCC8C8E3,조합페인트,"조합페인트, KSM6020-1종1급, 백색",L,4.770495445456566,0.0,0.0,4.770495445456566,4.770495445456566 | 8.59890765015182,616,,"=SMALL(E195:M195,COUNTIF(E195:M195,0)+1)",=AQ195/$AD$3*$AE$3*$AD$4,,=O195+P195+V195,단가대비표,195,data/unpacked/L2025-00085-1/붙임2. 현지입찰(신규입찰) 서류 및 계약서류(안)/IKHCC Section 4 - IKHCC BLANK BOQ 250903_최종/1 Architectural & summery/BILL No1 -Architectural Works-01. HOSPITAL(BLANK BILL).xlsx,47d79c95e2c3273f84778935276c94526e369cc1b1bc057f6b03c998f44e253f
직접자원단가,43AE204010770968420FB52D05F7FCA010733,래커,"래커, SB-L33, #230래커, 투명",L,6.0144412352810495,0.0,0.0,6.0144412352810495,6.0144412352810495,621,,"=SMALL(E196:M196,COUNTIF(E196:M196,0)+1)",=AQ196/$AD$3*$AE$3*$AD$4,,=O196+P196+V196,단가대비표,196,data/unpacked/L2025-00085-1/붙임2. 현지입찰(신규입찰) 서류 및 계약서류(안)/IKHCC Section 4 - IKHCC BLANK BOQ 250903_최종/1 Architectural & summery/BILL No1 -Architectural Works-01. HOSPITAL(BLANK BILL).xlsx,47d79c95e2c3273f84778935276c94526e369cc1b1bc057f6b03c998f44e253f
직접자원단가,43AE204010770968420FC78D337DF7587493F,실링재,"실링재, 실리콘, 비초산, 유리용, 창호주위",L,10.413463674738948,0.0,0.0,10.413463674738948,10.413463674738948 | 15.070725024068727,607,,"=SMALL(E197:M197,COUNTIF(E197:M197,0)+1)",=AQ197/$AD$3*$AE$3*$AD$4,,=O197+P197+V197,단가대비표,197,data/unpacked/L2025-00085-1/붙임2. 현지입찰(신규입찰) 서류 및 계약서류(안)/IKHCC Section 4 - IKHCC BLANK BOQ 250903_최종/1 Architectural & summery/BILL No1 -Architectural Works-01. HOSPITAL(BLANK BILL).xlsx,47d79c95e2c3273f84778935276c94526e369cc1b1bc057f6b03c998f44e253f
직접자원단가,43AE204010770968420FC78D337DF75874931,실링재,"실링재, 실리콘, 비초산, 구조용",L,17.278382581648525,0.0,0.0,17.278382581648525,19.462415759460864 | 17.278382581648525,607,,"=SMALL(E198:M198,COUNTIF(E198:M198,0)+1)",=AQ198/$AD$3*$AE$3*$AD$4,,=O198+P198+V198,단가대비표,198,data/unpacked/L2025-00085-1/붙임2. 현지입찰(신규입찰) 서류 및 계약서류(안)/IKHCC Section 4 - IKHCC BLANK BOQ 250903_최종/1 Architectural & summery/BILL No1 -Architectural Works-01. HOSPITAL(BLANK BILL).xlsx,47d79c95e2c3273f84778935276c94526e369cc1b1bc057f6b03c998f44e253f
직접자원단가,43AE204010770968420FC78D337DF75874EBA,실링재,"실링재, 실리콘, 비초산, 방균용",L,13.463452566096425,0.0,0.0,13.463452566096425,13.463452566096425 | 15.070725024068727,607,,"=SMALL(E199:M199,COUNTIF(E199:M199,0)+1)",=AQ199/$AD$3*$AE$3*$AD$4,,=O199+P199+V199,단가대비표,199,data/unpacked/L2025-00085-1/붙임2. 현지입찰(신규입찰) 서류 및 계약서류(안)/IKHCC Section 4 - IKHCC BLANK BOQ 250903_최종/1 Architectural & summery/BILL No1 -Architectural Works-01. HOSPITAL(BLANK BILL).xlsx,47d79c95e2c3273f84778935276c94526e369cc1b1bc057f6b03c998f44e253f
직접자원단가,43AE204010770968420FC78D337DF75874F40,실링재,"실링재, 폴리우레탄",L,4.786788121158262,0.0,0.0,4.786788121158262,4.786788121158262 | 5.429534177590166,607,,"=SMALL(E200:M200,COUNTIF(E200:M200,0)+1)",=AQ200/$AD$3*$AE$3*$AD$4,,=O200+P200+V200,단가대비표,200,data/unpacked/L2025-00085-1/붙임2. 현지입찰(신규입찰) 서류 및 계약서류(안)/IKHCC Section 4 - IKHCC BLANK BOQ 250903_최종/1 Architectural & summery/BILL No1 -Architectural Works-01. HOSPITAL(BLANK BILL).xlsx,47d79c95e2c3273f84778935276c94526e369cc1b1bc057f6b03c998f44e253f
직접자원단가,43AE204010770967B292558DC46C194195554,시너,"시너, KSM6060, 1종",L,2.846688883951715,0.0,0.0,2.846688883951715,2.846688883951715 | 3.032246167518329,615 | 466,,"=SMALL(E201:M201,COUNTIF(E201:M201,0)+1)",=AQ201/$AD$3*$AE$3*$AD$4,,=O201+P201+V201,단가대비표,201,data/unpacked/L2025-00085-1/붙임2. 현지입찰(신규입찰) 서류 및 계약서류(안)/IKHCC Section 4 - IKHCC BLANK BOQ 250903_최종/1 Architectural & summery/BILL No1 -Architectural Works-01. HOSPITAL(BLANK BILL).xlsx,47d79c95e2c3273f84778935276c94526e369cc1b1bc057f6b03c998f44e253f
직접자원단가,43AE204010770967B292558DC46C194195555,시너,"시너, KSM6060, 2종",L,2.9191016811079025,0.0,0.0,2.9191016811079025,2.9191016811079025 | 3.1680130341405617,615 | 466,,"=SMALL(E202:M202,COUNTIF(E202:M202,0)+1)",=AQ202/$AD$3*$AE$3*$AD$4,,=O202+P202+V202,단가대비표,202,data/unpacked/L2025-00085-1/붙임2. 현지입찰(신규입찰) 서류 및 계약서류(안)/IKHCC Section 4 - IKHCC BLANK BOQ 250903_최종/1 Architectural & summery/BILL No1 -Architectural Works-01. HOSPITAL(BLANK BILL).xlsx,47d79c95e2c3273f84778935276c94526e369cc1b1bc057f6b03c998f44e253f
직접자원단가,43DB25488771DFA68239840A63B698C227053,아연도각관,"30*30*t1.6mm, 1.380kg/m",M,1.5233651781085686,0.0,0.0,1.5233651781085686,1.5233651781085686,71,,"=SMALL(E203:M203,COUNTIF(E203:M203,0)+1)",=AQ203/$AD$3*$AE$3*$AD$4,,=O203+P203+V203,단가대비표,203,data/unpacked/L2025-00085-1/붙임2. 현지입찰(신규입찰) 서류 및 계약서류(안)/IKHCC Section 4 - IKHCC BLANK BOQ 250903_최종/1 Architectural & summery/BILL No1 -Architectural Works-01. HOSPITAL(BLANK BILL).xlsx,47d79c95e2c3273f84778935276c94526e369cc1b1bc057f6b03c998f44e253f
직접자원단가,43DB25488771DFA68239840A63B698C2152AE,아연도각관,"40*40*t2.3mm, 2.616kg/m",M,2.8023402206916983,0.0,0.0,2.8023402206916983,2.8023402206916983,71,,"=SMALL(E204:M204,COUNTIF(E204:M204,0)+1)",=AQ204/$AD$3*$AE$3*$AD$4,,=O204+P204+V204,단가대비표,204,data/unpacked/L2025-00085-1/붙임2. 현지입찰(신규입찰) 서류 및 계약서류(안)/IKHCC Section 4 - IKHCC BLANK BOQ 250903_최종/1 Architectural & summery/BILL No1 -Architectural Works-01. HOSPITAL(BLANK BILL).xlsx,47d79c95e2c3273f84778935276c94526e369cc1b1bc057f6b03c998f44e253f
직접자원단가,43DB25488771DFA6823996B29215D22883267,일반구조용각형강관,"일반구조용각형강관, 각형강관, 40*40*1.4mm",M,1.7677553136340076,0.0,0.0,1.7677553136340076,1.7677553136340076 | 2.7534621935866106,34,,"=SMALL(E205:M205,COUNTIF(E205:M205,0)+1)",=AQ205/$AD$3*$AE$3*$AD$4,,=O205+P205+V205,단가대비표,205,data/unpacked/L2025-00085-1/붙임2. 현지입찰(신규입찰) 서류 및 계약서류(안)/IKHCC Section 4 - IKHCC BLANK BOQ 250903_최종/1 Architectural & summery/BILL No1 -Architectural Works-01. HOSPITAL(BLANK BILL).xlsx,47d79c95e2c3273f84778935276c94526e369cc1b1bc057f6b03c998f44e253f
직접자원단가,43DB25488771DFA6823996B2811091E70F15D,The Square Steel Pipe For The Construction Structure,100*100*4.5mm(13.49kg),M,11.364141301932904,0.0,0.0,11.364141301932904,11.364141301932904,,,"=SMALL(E206:M206,COUNTIF(E206:M206,0)+1)",=AQ206/$AD$3*$AE$3*$AD$4,,=O206+P206+V206,단가대비표,206,data/unpacked/L2025-00085-1/붙임2. 현지입찰(신규입찰) 서류 및 계약서류(안)/IKHCC Section 4 - IKHCC BLANK BOQ 250903_최종/1 Architectural & summery/BILL No1 -Architectural Works-01. HOSPITAL(BLANK BILL).xlsx,47d79c95e2c3273f84778935276c94526e369cc1b1bc057f6b03c998f44e253f
직접자원단가,43DB25488771DFA6823996B2811091E70F15C,The Square Steel Pipe For The Construction Structure,120*50*2.3mm(5.97kg),M,5.620973117085093,0.0,0.0,5.620973117085093,5.620973117085093,,,"=SMALL(E207:M207,COUNTIF(E207:M207,0)+1)",=AQ207/$AD$3*$AE$3*$AD$4,,=O207+P207+V207,단가대비표,207,data/unpacked/L2025-00085-1/붙임2. 현지입찰(신규입찰) 서류 및 계약서류(안)/IKHCC Section 4 - IKHCC BLANK BOQ 250903_최종/1 Architectural & summery/BILL No1 -Architectural Works-01. HOSPITAL(BLANK BILL).xlsx,47d79c95e2c3273f84778935276c94526e369cc1b1bc057f6b03c998f44e253f
직접자원단가,43DB25488771DFA68239696A4BCCD7EE7D084,기계구조용스테인리스강관,"기계구조용스테인리스강관, ∮22.3*2.0mm",M,4.863363696956232,0.0,0.0,4.863363696956232,4.863363696956232 | 5.050729467525735 | 7.657557579797083,77 | 38,,"=SMALL(E208:M208,COUNTIF(E208:M208,0)+1)",=AQ208/$AD$3*$AE$3*$AD$4,,=O208+P208+V208,단가대비표,208,data/unpacked/L2025-00085-1/붙임2. 현지입찰(신규입찰) 서류 및 계약서류(안)/IKHCC Section 4 - IKHCC BLANK BOQ 250903_최종/1 Architectural & summery/BILL No1 -Architectural Works-01. HOSPITAL(BLANK BILL).xlsx,47d79c95e2c3273f84778935276c94526e369cc1b1bc057f6b03c998f44e253f
직접자원단가,43DB25488771DFA68239696A4BCCD7EE7D1A9,기계구조용스테인리스강관,"기계구조용스테인리스강관, ∮25.4*1.2mm",M,3.31555950529512,0.0,0.0,3.31555950529512,3.31555950529512 | 3.445900910908687 | 5.0914611567799755,77 | 38,,"=SMALL(E209:M209,COUNTIF(E209:M209,0)+1)",=AQ209/$AD$3*$AE$3*$AD$4,,=O209+P209+V209,단가대비표,209,data/unpacked/L2025-00085-1/붙임2. 현지입찰(신규입찰) 서류 및 계약서류(안)/IKHCC Section 4 - IKHCC BLANK BOQ 250903_최종/1 Architectural & summery/BILL No1 -Architectural Works-01. HOSPITAL(BLANK BILL).xlsx,47d79c95e2c3273f84778935276c94526e369cc1b1bc057f6b03c998f44e253f
직접자원단가,43DB25488771DFA68239696A4BCCD7EE8FD34,기계구조용스테인리스강관,"기계구조용스테인리스강관, ∮50.8*1.5mm",M,8.292971932163224,0.0,0.0,8.292971932163224,8.292971932163224 | 8.610679108346295 | 13.001555209953345,77 | 38,,"=SMALL(E210:M210,COUNTIF(E210:M210,0)+1)",=AQ210/$AD$3*$AE$3*$AD$4,,=O210+P210+V210,단가대비표,210,data/unpacked/L2025-00085-1/붙임2. 현지입찰(신규입찰) 서류 및 계약서류(안)/IKHCC Section 4 - IKHCC BLANK BOQ 250903_최종/1 Architectural & summery/BILL No1 -Architectural Works-01. HOSPITAL(BLANK BILL).xlsx,47d79c95e2c3273f84778935276c94526e369cc1b1bc057f6b03c998f44e253f
직접자원단가,43DB25488771DFA68239696A4BCCD7EE8FB00,기계구조용스테인리스강관,"기계구조용스테인리스강관, ∮101.6*1.2mm",M,13.628823224468638,0.0,0.0,13.628823224468638,13.628823224468638 | 14.142042509072061 | 21.367844182774203,78 | 38,,"=SMALL(E211:M211,COUNTIF(E211:M211,0)+1)",=AQ211/$AD$3*$AE$3*$AD$4,,=O211+P211+V211,단가대비표,211,data/unpacked/L2025-00085-1/붙임2. 현지입찰(신규입찰) 서류 및 계약서류(안)/IKHCC Section 4 - IKHCC BLANK BOQ 250903_최종/1 Architectural & summery/BILL No1 -Architectural Works-01. HOSPITAL(BLANK BILL).xlsx,47d79c95e2c3273f84778935276c94526e369cc1b1bc057f6b03c998f44e253f
직접자원단가,43DB25488771DFA68239696A4BCCD7EE8F7A2,기계구조용스테인리스강관,"기계구조용스테인리스강관, 사각관, 40*40*2.0mm",M,11.90179960008887,0.0,0.0,11.90179960008887,11.90179960008887,76,,"=SMALL(E212:M212,COUNTIF(E212:M212,0)+1)",=AQ212/$AD$3*$AE$3*$AD$4,,=O212+P212+V212,단가대비표,212,data/unpacked/L2025-00085-1/붙임2. 현지입찰(신규입찰) 서류 및 계약서류(안)/IKHCC Section 4 - IKHCC BLANK BOQ 250903_최종/1 Architectural & summery/BILL No1 -Architectural Works-01. HOSPITAL(BLANK BILL).xlsx,47d79c95e2c3273f84778935276c94526e369cc1b1bc057f6b03c998f44e253f
직접자원단가,43DB25488771DFA68239696A54BD13B633145,기계구조용스테인리스강관,"기계구조용스테인리스강관, ∮38.1*1.5mm",M,5.702436495593573,0.0,0.0,5.702436495593573,5.702436495593573 | 9.71043471821077,77 | 38,,"=SMALL(E213:M213,COUNTIF(E213:M213,0)+1)",=AQ213/$AD$3*$AE$3*$AD$4,,=O213+P213+V213,단가대비표,213,data/unpacked/L2025-00085-1/붙임2. 현지입찰(신규입찰) 서류 및 계약서류(안)/IKHCC Section 4 - IKHCC BLANK BOQ 250903_최종/1 Architectural & summery/BILL No1 -Architectural Works-01. HOSPITAL(BLANK BILL).xlsx,47d79c95e2c3273f84778935276c94526e369cc1b1bc057f6b03c998f44e253f
직접자원단가,43DB25488771DFA68239696A54BD13B633146,기계구조용스테인리스강관,"기계구조용스테인리스강관, ∮38.1*2.0mm",M,6.997704213878397,0.0,0.0,6.997704213878397,6.997704213878397 | 12.594238317410946,77 | 38,,"=SMALL(E214:M214,COUNTIF(E214:M214,0)+1)",=AQ214/$AD$3*$AE$3*$AD$4,,=O214+P214+V214,단가대비표,214,data/unpacked/L2025-00085-1/붙임2. 현지입찰(신규입찰) 서류 및 계약서류(안)/IKHCC Section 4 - IKHCC BLANK BOQ 250903_최종/1 Architectural & summery/BILL No1 -Architectural Works-01. HOSPITAL(BLANK BILL).xlsx,47d79c95e2c3273f84778935276c94526e369cc1b1bc057f6b03c998f44e253f
직접자원단가,43DB2243517C0218D2716FB0CBF14E13DCF52,백업제,원형8mm,M,0.01629267570169592,0.0,0.0,0.01629267570169592,0.01629267570169592,80000/4000,,"=SMALL(E215:M215,COUNTIF(E215:M215,0)+1)",=AQ215/$AD$3*$AE$3*$AD$4,,=O215+P215+V215,단가대비표,215,data/unpacked/L2025-00085-1/붙임2. 현지입찰(신규입찰) 서류 및 계약서류(안)/IKHCC Section 4 - IKHCC BLANK BOQ 250903_최종/1 Architectural & summery/BILL No1 -Architectural Works-01. HOSPITAL(BLANK BILL).xlsx,47d79c95e2c3273f84778935276c94526e369cc1b1bc057f6b03c998f44e253f
직접자원단가,43DB2243517C0218D2716FB0CBF14E13DCE4B,Norton Thermalbond,8*10,m,1.3184196104569357,0.0,0.0,1.3184196104569357,1.3184196104569357,12300/7.6,,"=SMALL(E216:M216,COUNTIF(E216:M216,0)+1)",=AQ216/$AD$3*$AE$3*$AD$4,,=O216+P216+V216,단가대비표,216,data/unpacked/L2025-00085-1/붙임2. 현지입찰(신규입찰) 서류 및 계약서류(안)/IKHCC Section 4 - IKHCC BLANK BOQ 250903_최종/1 Architectural & summery/BILL No1 -Architectural Works-01. HOSPITAL(BLANK BILL).xlsx,47d79c95e2c3273f84778935276c94526e369cc1b1bc057f6b03c998f44e253f
직접자원단가,43CA2D4F0D7D5312823C87A9A3F,셋트앵커,M10×L75mm,개,0.09775605421017554,0.0,0.0,0.09775605421017554,0.09775605421017554 | 0.10997556098644747,89 | 78,,"=SMALL(E217:M217,COUNTIF(E217:M217,0)+1)",=AQ217/$AD$3*$AE$3*$AD$4,,=O217+P217+V217,단가대비표,217,data/unpacked/L2025-00085-1/붙임2. 현지입찰(신규입찰) 서류 및 계약서류(안)/IKHCC Section 4 - IKHCC BLANK BOQ 250903_최종/1 Architectural & summery/BILL No1 -Architectural Works-01. HOSPITAL(BLANK BILL).xlsx,47d79c95e2c3273f84778935276c94526e369cc1b1bc057f6b03c998f44e253f
직접자원단가,43CA2840F6709E0452672F02AF826236E5EE3,거울,"거울, 1000*1000*5mm",개,21.506331926238616,0.0,0.0,21.506331926238616,21.506331926238616 | 23.13559949640821,666 | 463,A * M2단가,"=SMALL(E218:M218,COUNTIF(E218:M218,0)+1)",=AQ218/$AD$3*$AE$3*$AD$4,,=O218+P218+V218,단가대비표,218,data/unpacked/L2025-00085-1/붙임2. 현지입찰(신규입찰) 서류 및 계약서류(안)/IKHCC Section 4 - IKHCC BLANK BOQ 250903_최종/1 Architectural & summery/BILL No1 -Architectural Works-01. HOSPITAL(BLANK BILL).xlsx,47d79c95e2c3273f84778935276c94526e369cc1b1bc057f6b03c998f44e253f
직접자원단가,44822A48C472F2FD923775FA6ED66,내화페인트,"1시간, 보",㎡,15.366437088054507,3.3267118418129313,0.0,18.693148929867437,15.366437088054507,,,"=SMALL(E219:M219,COUNTIF(E219:M219,0)+1)",=AQ219/$AD$3*$AE$3*$AD$4,,=O219+P219+V219,단가대비표,219,data/unpacked/L2025-00085-1/붙임2. 현지입찰(신규입찰) 서류 및 계약서류(안)/IKHCC Section 4 - IKHCC BLANK BOQ 250903_최종/1 Architectural & summery/BILL No1 -Architectural Works-01. HOSPITAL(BLANK BILL).xlsx,47d79c95e2c3273f84778935276c94526e369cc1b1bc057f6b03c998f44e253f
직접자원단가,44822343A07AED31F29B5608197DE,스텐창호(헤어라인)-문틀,150*40*1.5T,m,44.72991187143598,6.619665259571949,0.0,51.34957713100793,44.72991187143598,,,"=SMALL(E220:M220,COUNTIF(E220:M220,0)+1)",=AQ220/$AD$3*$AE$3*$AD$4,,=O220+P220+V220,단가대비표,220,data/unpacked/L2025-00085-1/붙임2. 현지입찰(신규입찰) 서류 및 계약서류(안)/IKHCC Section 4 - IKHCC BLANK BOQ 250903_최종/1 Architectural & summery/BILL No1 -Architectural Works-01. HOSPITAL(BLANK BILL).xlsx,47d79c95e2c3273f84778935276c94526e369cc1b1bc057f6b03c998f44e253f
직접자원단가,44822343A07AED31F29B5635DB4F4,스텐창호(헤어라인)- 중간틀,150*40*1.5T,m,53.74872250610976,8.436893282974154,0.0,62.18561578908391,53.74872250610976,,,"=SMALL(E221:M221,COUNTIF(E221:M221,0)+1)",=AQ221/$AD$3*$AE$3*$AD$4,,=O221+P221+V221,단가대비표,221,data/unpacked/L2025-00085-1/붙임2. 현지입찰(신규입찰) 서류 및 계약서류(안)/IKHCC Section 4 - IKHCC BLANK BOQ 250903_최종/1 Architectural & summery/BILL No1 -Architectural Works-01. HOSPITAL(BLANK BILL).xlsx,47d79c95e2c3273f84778935276c94526e369cc1b1bc057f6b03c998f44e253f
직접자원단가,44822343A07AED31F29B562B267DE,스텐창호(헤어라인)-밑틀,150*40*1.5T,m,47.7725690587277,7.923282974153893,0.0,55.69585203288159,47.7725690587277,,,"=SMALL(E222:M222,COUNTIF(E222:M222,0)+1)",=AQ222/$AD$3*$AE$3*$AD$4,,=O222+P222+V222,단가대비표,222,data/unpacked/L2025-00085-1/붙임2. 현지입찰(신규입찰) 서류 및 계약서류(안)/IKHCC Section 4 - IKHCC BLANK BOQ 250903_최종/1 Architectural & summery/BILL No1 -Architectural Works-01. HOSPITAL(BLANK BILL).xlsx,47d79c95e2c3273f84778935276c94526e369cc1b1bc057f6b03c998f44e253f
직접자원단가,44822048DF7586FF72CAAF229B413,석재벽체시공비(t=30mm),"건식(스텐앙카,코킹포함)",㎡,18.65185514330149,27.73133970228838,0.0,46.38319484558987,18.65185514330149,,,"=SMALL(E223:M223,COUNTIF(E223:M223,0)+1)",=AQ223/$AD$3*$AE$3*$AD$4,,=O223+P223+V223,단가대비표,223,data/unpacked/L2025-00085-1/붙임2. 현지입찰(신규입찰) 서류 및 계약서류(안)/IKHCC Section 4 - IKHCC BLANK BOQ 250903_최종/1 Architectural & summery/BILL No1 -Architectural Works-01. HOSPITAL(BLANK BILL).xlsx,47d79c95e2c3273f84778935276c94526e369cc1b1bc057f6b03c998f44e253f
직접자원단가,44582B4C1E7E6D4C121EAEBA6DD78C37C9F5F,보통인부,일반공사 직종,인,0.0,49.897663482189145,0.0,49.897663482189145,,,,,=AQ224/$AD$3*$AE$3*$AD$4,,=O224+P224+V224,단가대비표,224,data/unpacked/L2025-00085-1/붙임2. 현지입찰(신규입찰) 서류 및 계약서류(안)/IKHCC Section 4 - IKHCC BLANK BOQ 250903_최종/1 Architectural & summery/BILL No1 -Architectural Works-01. HOSPITAL(BLANK BILL).xlsx,47d79c95e2c3273f84778935276c94526e369cc1b1bc057f6b03c998f44e253f
직접자원단가,44582B4C1E7E6D4C121EAEBA6DD78C37C9F5E,특별인부,일반공사 직종,인,0.0,64.56961712212102,0.0,64.56961712212102,,,,,=AQ225/$AD$3*$AE$3*$AD$4,,=O225+P225+V225,단가대비표,225,data/unpacked/L2025-00085-1/붙임2. 현지입찰(신규입찰) 서류 및 계약서류(안)/IKHCC Section 4 - IKHCC BLANK BOQ 250903_최종/1 Architectural & summery/BILL No1 -Architectural Works-01. HOSPITAL(BLANK BILL).xlsx,47d79c95e2c3273f84778935276c94526e369cc1b1bc057f6b03c998f44e253f
직접자원단가,44582B4C1E7E6D4C121EAEBA6DD78C37C9F54,철공,일반공사 직종,인,0.0,70.45684514552322,0.0,70.45684514552322,,,,,=AQ226/$AD$3*$AE$3*$AD$4,,=O226+P226+V226,단가대비표,226,data/unpacked/L2025-00085-1/붙임2. 현지입찰(신규입찰) 서류 및 계약서류(안)/IKHCC Section 4 - IKHCC BLANK BOQ 250903_최종/1 Architectural & summery/BILL No1 -Architectural Works-01. HOSPITAL(BLANK BILL).xlsx,47d79c95e2c3273f84778935276c94526e369cc1b1bc057f6b03c998f44e253f
직접자원단가,44582B4C1E7E6D4C121EAEBA6DD78C37C9EB7,철골공,일반공사 직종,인,0.0,73.28170184403466,0.0,73.28170184403466,,,,,=AQ227/$AD$3*$AE$3*$AD$4,,=O227+P227+V227,단가대비표,227,data/unpacked/L2025-00085-1/붙임2. 현지입찰(신규입찰) 서류 및 계약서류(안)/IKHCC Section 4 - IKHCC BLANK BOQ 250903_최종/1 Architectural & summery/BILL No1 -Architectural Works-01. HOSPITAL(BLANK BILL).xlsx,47d79c95e2c3273f84778935276c94526e369cc1b1bc057f6b03c998f44e253f
직접자원단가,44582B4C1E7E6D4C121EAEBA6DD78C37C9EB4,용접공,일반공사 직종,인,0.0,80.48400133303711,0.0,80.48400133303711,,,,,=AQ228/$AD$3*$AE$3*$AD$4,,=O228+P228+V228,단가대비표,228,data/unpacked/L2025-00085-1/붙임2. 현지입찰(신규입찰) 서류 및 계약서류(안)/IKHCC Section 4 - IKHCC BLANK BOQ 250903_최종/1 Architectural & summery/BILL No1 -Architectural Works-01. HOSPITAL(BLANK BILL).xlsx,47d79c95e2c3273f84778935276c94526e369cc1b1bc057f6b03c998f44e253f
직접자원단가,44582B4C1E7E6D4C121EAEBA6DD78C37C9DAC,건축목공,일반공사 직종,인,0.0,80.7965681700363,0.0,80.7965681700363,,,,,=AQ229/$AD$3*$AE$3*$AD$4,,=O229+P229+V229,단가대비표,229,data/unpacked/L2025-00085-1/붙임2. 현지입찰(신규입찰) 서류 및 계약서류(안)/IKHCC Section 4 - IKHCC BLANK BOQ 250903_최종/1 Architectural & summery/BILL No1 -Architectural Works-01. HOSPITAL(BLANK BILL).xlsx,47d79c95e2c3273f84778935276c94526e369cc1b1bc057f6b03c998f44e253f
직접자원단가,44582B4C1E7E6D4C121EAEBA6DD78C37C9DAB,창호공,일반공사 직종,인,0.0,74.82253277049544,0.0,74.82253277049544,,,,,=AQ230/$AD$3*$AE$3*$AD$4,,=O230+P230+V230,단가대비표,230,data/unpacked/L2025-00085-1/붙임2. 현지입찰(신규입찰) 서류 및 계약서류(안)/IKHCC Section 4 - IKHCC BLANK BOQ 250903_최종/1 Architectural & summery/BILL No1 -Architectural Works-01. HOSPITAL(BLANK BILL).xlsx,47d79c95e2c3273f84778935276c94526e369cc1b1bc057f6b03c998f44e253f
직접자원단가,44582B4C1E7E6D4C121EAEBA6DD78C37C9DAA,유리공,일반공사 직종,인,0.0,74.64319114270903,0.0,74.64319114270903,,,,,=AQ231/$AD$3*$AE$3*$AD$4,,=O231+P231+V231,단가대비표,231,data/unpacked/L2025-00085-1/붙임2. 현지입찰(신규입찰) 서류 및 계약서류(안)/IKHCC Section 4 - IKHCC BLANK BOQ 250903_최종/1 Architectural & summery/BILL No1 -Architectural Works-01. HOSPITAL(BLANK BILL).xlsx,47d79c95e2c3273f84778935276c94526e369cc1b1bc057f6b03c998f44e253f
직접자원단가,44582B4C1E7E6D4C121EAEBA6DD78C37C9DA9,방수공,일반공사 직종,인,0.0,64.06926905132192,0.0,64.06926905132192,,,,,=AQ232/$AD$3*$AE$3*$AD$4,,=O232+P232+V232,단가대비표,232,data/unpacked/L2025-00085-1/붙임2. 현지입찰(신규입찰) 서류 및 계약서류(안)/IKHCC Section 4 - IKHCC BLANK BOQ 250903_최종/1 Architectural & summery/BILL No1 -Architectural Works-01. HOSPITAL(BLANK BILL).xlsx,47d79c95e2c3273f84778935276c94526e369cc1b1bc057f6b03c998f44e253f
직접자원단가,44582B4C1E7E6D4C121EAEBA6DD78C37C9DA8,미장공,일반공사 직종,인,0.0,80.41347033992447,0.0,80.41347033992447,,,,,=AQ233/$AD$3*$AE$3*$AD$4,,=O233+P233+V233,단가대비표,233,data/unpacked/L2025-00085-1/붙임2. 현지입찰(신규입찰) 서류 및 계약서류(안)/IKHCC Section 4 - IKHCC BLANK BOQ 250903_최종/1 Architectural & summery/BILL No1 -Architectural Works-01. HOSPITAL(BLANK BILL).xlsx,47d79c95e2c3273f84778935276c94526e369cc1b1bc057f6b03c998f44e253f
직접자원단가,44582B4C1E7E6D4C121EAEBA6DD78C37C9DA6,도장공,일반공사 직종,인,0.0,75.5875227727172,0.0,75.5875227727172,,,,,=AQ234/$AD$3*$AE$3*$AD$4,,=O234+P234+V234,단가대비표,234,data/unpacked/L2025-00085-1/붙임2. 현지입찰(신규입찰) 서류 및 계약서류(안)/IKHCC Section 4 - IKHCC BLANK BOQ 250903_최종/1 Architectural & summery/BILL No1 -Architectural Works-01. HOSPITAL(BLANK BILL).xlsx,47d79c95e2c3273f84778935276c94526e369cc1b1bc057f6b03c998f44e253f
직접자원단가,44582B4C1E7E6D4C121EAEBA6DD78C37C9C89,내장공,일반공사 직종,인,0.0,73.40588461823299,0.0,73.40588461823299,,,,,=AQ235/$AD$3*$AE$3*$AD$4,,=O235+P235+V235,단가대비표,235,data/unpacked/L2025-00085-1/붙임2. 현지입찰(신규입찰) 서류 및 계약서류(안)/IKHCC Section 4 - IKHCC BLANK BOQ 250903_최종/1 Architectural & summery/BILL No1 -Architectural Works-01. HOSPITAL(BLANK BILL).xlsx,47d79c95e2c3273f84778935276c94526e369cc1b1bc057f6b03c998f44e253f
직접자원단가,44582B4C1E7E6D4C121EAEBA6DD78C37C9C8A,석공,일반공사 직종,인,0.0,78.04676368214471,0.0,78.04676368214471,,,,,=AQ236/$AD$3*$AE$3*$AD$4,,=O236+P236+V236,단가대비표,236,data/unpacked/L2025-00085-1/붙임2. 현지입찰(신규입찰) 서류 및 계약서류(안)/IKHCC Section 4 - IKHCC BLANK BOQ 250903_최종/1 Architectural & summery/BILL No1 -Architectural Works-01. HOSPITAL(BLANK BILL).xlsx,47d79c95e2c3273f84778935276c94526e369cc1b1bc057f6b03c998f44e253f
직접자원단가,44582B4C1E7E6D4C121EAEBA6DD78C37C9C8F,지붕잇기공,일반공사 직종,인,0.0,67.0183085240317,0.0,67.0183085240317,,,,,=AQ237/$AD$3*$AE$3*$AD$4,,=O237+P237+V237,단가대비표,237,data/unpacked/L2025-00085-1/붙임2. 현지입찰(신규입찰) 서류 및 계약서류(안)/IKHCC Section 4 - IKHCC BLANK BOQ 250903_최종/1 Architectural & summery/BILL No1 -Architectural Works-01. HOSPITAL(BLANK BILL).xlsx,47d79c95e2c3273f84778935276c94526e369cc1b1bc057f6b03c998f44e253f
직접자원단가,44582B4C1E7E6D4C121EAEBA6DD78C37C9C80,배관공,일반공사 직종,인,0.0,69.16920239946678,0.0,69.16920239946678,,,,,=AQ238/$AD$3*$AE$3*$AD$4,,=O238+P238+V238,단가대비표,238,data/unpacked/L2025-00085-1/붙임2. 현지입찰(신규입찰) 서류 및 계약서류(안)/IKHCC Section 4 - IKHCC BLANK BOQ 250903_최종/1 Architectural & summery/BILL No1 -Architectural Works-01. HOSPITAL(BLANK BILL).xlsx,47d79c95e2c3273f84778935276c94526e369cc1b1bc057f6b03c998f44e253f
직접자원단가,44582B4C1E7E6D4C121EAEBA6DD78C37C9BEA,건설기계운전사,일반공사 직종,인,0.0,73.33264089461602,0.0,73.33264089461602,,,,,=AQ239/$AD$3*$AE$3*$AD$4,,=O239+P239+V239,단가대비표,239,data/unpacked/L2025-00085-1/붙임2. 현지입찰(신규입찰) 서류 및 계약서류(안)/IKHCC Section 4 - IKHCC BLANK BOQ 250903_최종/1 Architectural & summery/BILL No1 -Architectural Works-01. HOSPITAL(BLANK BILL).xlsx,47d79c95e2c3273f84778935276c94526e369cc1b1bc057f6b03c998f44e253f
직접자원단가,44582B4C1E7E6D4C121EAEBA6DD78C37C9ADB,일반기계운전사,일반공사 직종,인,0.0,48.57053543656966,0.0,48.57053543656966,,,,,=AQ240/$AD$3*$AE$3*$AD$4,,=O240+P240+V240,단가대비표,240,data/unpacked/L2025-00085-1/붙임2. 현지입찰(신규입찰) 서류 및 계약서류(안)/IKHCC Section 4 - IKHCC BLANK BOQ 250903_최종/1 Architectural & summery/BILL No1 -Architectural Works-01. HOSPITAL(BLANK BILL).xlsx,47d79c95e2c3273f84778935276c94526e369cc1b1bc057f6b03c998f44e253f
직접자원단가,44582B4C1E7E6D4C121EE46D9A9B060ACF592,코킹공,기타 직종,인,0.0,60.46465304006518,0.0,60.46465304006518,,,,,=AQ241/$AD$3*$AE$3*$AD$4,,=O241+P241+V241,단가대비표,241,data/unpacked/L2025-00085-1/붙임2. 현지입찰(신규입찰) 서류 및 계약서류(안)/IKHCC Section 4 - IKHCC BLANK BOQ 250903_최종/1 Architectural & summery/BILL No1 -Architectural Works-01. HOSPITAL(BLANK BILL).xlsx,47d79c95e2c3273f84778935276c94526e369cc1b1bc057f6b03c998f44e253f
직접자원단가,4531284DDC776A4702EA22A0C0638FB35052E,"[현지기준단가]100mm thick brick, Interior wall",,M2,6.0,4.0,0.21,10.21,6,,※$$$$$$$$$,"=SMALL(E242:M242,COUNTIF(E242:M242,0)+1)",4,"=SMALL(Q242:U242,COUNTIF(Q242:U242,0)+1)",=O242+P242+V242,단가대비표,242,data/unpacked/L2025-00085-1/붙임2. 현지입찰(신규입찰) 서류 및 계약서류(안)/IKHCC Section 4 - IKHCC BLANK BOQ 250903_최종/1 Architectural & summery/BILL No1 -Architectural Works-01. HOSPITAL(BLANK BILL).xlsx,47d79c95e2c3273f84778935276c94526e369cc1b1bc057f6b03c998f44e253f
직접자원단가,4531284DDC776A4702EA22A0C0638FB350521,"[현지기준단가]200mm thick brick, Interior wall",,M2,7.0,4.0,0.21,11.21,7,,※$$$$$$$$$,"=SMALL(E243:M243,COUNTIF(E243:M243,0)+1)",4,"=SMALL(Q243:U243,COUNTIF(Q243:U243,0)+1)",=O243+P243+V243,단가대비표,243,data/unpacked/L2025-00085-1/붙임2. 현지입찰(신규입찰) 서류 및 계약서류(안)/IKHCC Section 4 - IKHCC BLANK BOQ 250903_최종/1 Architectural & summery/BILL No1 -Architectural Works-01. HOSPITAL(BLANK BILL).xlsx,47d79c95e2c3273f84778935276c94526e369cc1b1bc057f6b03c998f44e253f
직접자원단가,4531284DDC776A4702EA22A0C0638FB350520,"[현지기준단가]Concrete Lintel, 200mm thick",,M,4.0,5.0,0.0,9.0,4,,※$$$$$$$$$,"=SMALL(E244:M244,COUNTIF(E244:M244,0)+1)",5,,=O244+P244+V244,단가대비표,244,data/unpacked/L2025-00085-1/붙임2. 현지입찰(신규입찰) 서류 및 계약서류(안)/IKHCC Section 4 - IKHCC BLANK BOQ 250903_최종/1 Architectural & summery/BILL No1 -Architectural Works-01. HOSPITAL(BLANK BILL).xlsx,47d79c95e2c3273f84778935276c94526e369cc1b1bc057f6b03c998f44e253f
직접자원단가,4531284DDC776A4702EA22A0C0638FB350402,[현지기준단가]Basin counter/toilet W:600,,M,69.0,0.0,0.0,69.0,69,,※$$$$$$$$$,"=SMALL(E245:M245,COUNTIF(E245:M245,0)+1)",,,=O245+P245+V245,단가대비표,245,data/unpacked/L2025-00085-1/붙임2. 현지입찰(신규입찰) 서류 및 계약서류(안)/IKHCC Section 4 - IKHCC BLANK BOQ 250903_최종/1 Architectural & summery/BILL No1 -Architectural Works-01. HOSPITAL(BLANK BILL).xlsx,47d79c95e2c3273f84778935276c94526e369cc1b1bc057f6b03c998f44e253f
직접자원단가,4531284DDC776A4702EA22A0C0638FB350401,"[현지기준단가]Supply & Fixing of Limestone Capping 65*30mm, Mortar 15mm",,M,3.0,2.09,0.03,5.12,3,,※$$$$$$$$$,"=SMALL(E246:M246,COUNTIF(E246:M246,0)+1)",2.09,"=SMALL(Q246:U246,COUNTIF(Q246:U246,0)+1)",=O246+P246+V246,단가대비표,246,data/unpacked/L2025-00085-1/붙임2. 현지입찰(신규입찰) 서류 및 계약서류(안)/IKHCC Section 4 - IKHCC BLANK BOQ 250903_최종/1 Architectural & summery/BILL No1 -Architectural Works-01. HOSPITAL(BLANK BILL).xlsx,47d79c95e2c3273f84778935276c94526e369cc1b1bc057f6b03c998f44e253f
직접자원단가,4531284DDC776A4702EA22A0C0638FB350406,"[현지기준단가]Tile Bottom Mortar /Floor, Mortar 25mm",FLOOR,M2,1.65,3.0,0.0,4.65,1.65,,※$$$$$$$$$,"=SMALL(E247:M247,COUNTIF(E247:M247,0)+1)",3,,=O247+P247+V247,단가대비표,247,data/unpacked/L2025-00085-1/붙임2. 현지입찰(신규입찰) 서류 및 계약서류(안)/IKHCC Section 4 - IKHCC BLANK BOQ 250903_최종/1 Architectural & summery/BILL No1 -Architectural Works-01. HOSPITAL(BLANK BILL).xlsx,47d79c95e2c3273f84778935276c94526e369cc1b1bc057f6b03c998f44e253f
직접자원단가,4531284DDC776A4702EA22A0C0638FB350407,"[현지기준단가]Tile Bottom Mortar /Floor, Mortar 41mm",FLOOR,M2,2.71,3.0,0.0,5.71,2.71,,※$$$$$$$$$,"=SMALL(E248:M248,COUNTIF(E248:M248,0)+1)",3,,=O248+P248+V248,단가대비표,248,data/unpacked/L2025-00085-1/붙임2. 현지입찰(신규입찰) 서류 및 계약서류(안)/IKHCC Section 4 - IKHCC BLANK BOQ 250903_최종/1 Architectural & summery/BILL No1 -Architectural Works-01. HOSPITAL(BLANK BILL).xlsx,47d79c95e2c3273f84778935276c94526e369cc1b1bc057f6b03c998f44e253f
직접자원단가,4531284DDC776A4702EA22A0C0638FB350404,"[현지기준단가]Tile Bottom Mortar /Floor, Mortar 51mm",FLOOR,M2,3.37,3.0,0.0,6.37,3.37,,※$$$$$$$$$,"=SMALL(E249:M249,COUNTIF(E249:M249,0)+1)",3,,=O249+P249+V249,단가대비표,249,data/unpacked/L2025-00085-1/붙임2. 현지입찰(신규입찰) 서류 및 계약서류(안)/IKHCC Section 4 - IKHCC BLANK BOQ 250903_최종/1 Architectural & summery/BILL No1 -Architectural Works-01. HOSPITAL(BLANK BILL).xlsx,47d79c95e2c3273f84778935276c94526e369cc1b1bc057f6b03c998f44e253f
직접자원단가,4531284DDC776A4702EA22A0C0638FB350405,"[현지기준단가]Tile Bottom Mortar /WALL, Mortar 23mm",WALL,M2,1.52,3.0,0.0,4.52,1.52,,※$$$$$$$$$,"=SMALL(E250:M250,COUNTIF(E250:M250,0)+1)",3,,=O250+P250+V250,단가대비표,250,data/unpacked/L2025-00085-1/붙임2. 현지입찰(신규입찰) 서류 및 계약서류(안)/IKHCC Section 4 - IKHCC BLANK BOQ 250903_최종/1 Architectural & summery/BILL No1 -Architectural Works-01. HOSPITAL(BLANK BILL).xlsx,47d79c95e2c3273f84778935276c94526e369cc1b1bc057f6b03c998f44e253f
직접자원단가,4531284DDC776A4702EA22A0C0638FB35040A,"[현지기준단가]THK197 ACCESS FLOOR, THK3 CONDUCTIVE TILE",,M2,110.0,20.0,0.0,130.0,110,,※$$$$$$$$$,"=SMALL(E251:M251,COUNTIF(E251:M251,0)+1)",20,,=O251+P251+V251,단가대비표,251,data/unpacked/L2025-00085-1/붙임2. 현지입찰(신규입찰) 서류 및 계약서류(안)/IKHCC Section 4 - IKHCC BLANK BOQ 250903_최종/1 Architectural & summery/BILL No1 -Architectural Works-01. HOSPITAL(BLANK BILL).xlsx,47d79c95e2c3273f84778935276c94526e369cc1b1bc057f6b03c998f44e253f
직접자원단가,4531284DDC776A4702EA22A0C0638FB35040B,[현지기준단가]Bathroom Partition,,M2,130.0,0.0,0.0,130.0,130,,※$$$$$$$$$,"=SMALL(E252:M252,COUNTIF(E252:M252,0)+1)",,,=O252+P252+V252,단가대비표,252,data/unpacked/L2025-00085-1/붙임2. 현지입찰(신규입찰) 서류 및 계약서류(안)/IKHCC Section 4 - IKHCC BLANK BOQ 250903_최종/1 Architectural & summery/BILL No1 -Architectural Works-01. HOSPITAL(BLANK BILL).xlsx,47d79c95e2c3273f84778935276c94526e369cc1b1bc057f6b03c998f44e253f
직접자원단가,4531284DDC776A4702EA22A0C0638FB3507D6,"[현지기준단가]Thk 2mm,Vinyl Sheet (A / GENERAL), W/Plastering 58mm thick on concrete floors",,M2,15.0,2.04,0.0,17.04,15,,※$$$$$$$$$,"=SMALL(E253:M253,COUNTIF(E253:M253,0)+1)",2.04,,=O253+P253+V253,단가대비표,253,data/unpacked/L2025-00085-1/붙임2. 현지입찰(신규입찰) 서류 및 계약서류(안)/IKHCC Section 4 - IKHCC BLANK BOQ 250903_최종/1 Architectural & summery/BILL No1 -Architectural Works-01. HOSPITAL(BLANK BILL).xlsx,47d79c95e2c3273f84778935276c94526e369cc1b1bc057f6b03c998f44e253f
직접자원단가,4531284DDC776A4702EA22A0C0638FB3507D7,"[현지기준단가]Thk 2mm,Vinyl Sheet (B / HEAVY DUTY), W/Plastering 58mm thick on concrete floors",,M2,16.0,2.04,0.0,18.04,16,,※$$$$$$$$$,"=SMALL(E254:M254,COUNTIF(E254:M254,0)+1)",2.04,,=O254+P254+V254,단가대비표,254,data/unpacked/L2025-00085-1/붙임2. 현지입찰(신규입찰) 서류 및 계약서류(안)/IKHCC Section 4 - IKHCC BLANK BOQ 250903_최종/1 Architectural & summery/BILL No1 -Architectural Works-01. HOSPITAL(BLANK BILL).xlsx,47d79c95e2c3273f84778935276c94526e369cc1b1bc057f6b03c998f44e253f
직접자원단가,4531284DDC776A4702EA22A0C0638FB3507D4,"[현지기준단가]Thk 2mm,Vinyl Sheet (C / ANTI-BACTERIAL), W/Plastering 58mm thick on concrete floors",,M2,20.0,2.04,0.0,22.04,20,,※$$$$$$$$$,"=SMALL(E255:M255,COUNTIF(E255:M255,0)+1)",2.04,,=O255+P255+V255,단가대비표,255,data/unpacked/L2025-00085-1/붙임2. 현지입찰(신규입찰) 서류 및 계약서류(안)/IKHCC Section 4 - IKHCC BLANK BOQ 250903_최종/1 Architectural & summery/BILL No1 -Architectural Works-01. HOSPITAL(BLANK BILL).xlsx,47d79c95e2c3273f84778935276c94526e369cc1b1bc057f6b03c998f44e253f
직접자원단가,4531284DDC776A4702EA22A0C0638FB3507D5,"[현지기준단가]Thk 2mm,Vinyl Sheet (B / HEAVY DUTY), W/Plastering 48mm thick on concrete floors",,M2,15.5,2.04,0.0,17.54,15.5,,※$$$$$$$$$,"=SMALL(E256:M256,COUNTIF(E256:M256,0)+1)",2.04,,=O256+P256+V256,단가대비표,256,data/unpacked/L2025-00085-1/붙임2. 현지입찰(신규입찰) 서류 및 계약서류(안)/IKHCC Section 4 - IKHCC BLANK BOQ 250903_최종/1 Architectural & summery/BILL No1 -Architectural Works-01. HOSPITAL(BLANK BILL).xlsx,47d79c95e2c3273f84778935276c94526e369cc1b1bc057f6b03c998f44e253f
직접자원단가,4531284DDC776A4702EA22A0C0638FB3507D2,"[현지기준단가]Thk 2mm,Vinyl Sheet (C / ANTI-BACTERIAL), W/Plastering 48mm thick on concrete floors",,M2,20.0,2.04,0.0,22.04,20,,※$$$$$$$$$,"=SMALL(E257:M257,COUNTIF(E257:M257,0)+1)",2.04,,=O257+P257+V257,단가대비표,257,data/unpacked/L2025-00085-1/붙임2. 현지입찰(신규입찰) 서류 및 계약서류(안)/IKHCC Section 4 - IKHCC BLANK BOQ 250903_최종/1 Architectural & summery/BILL No1 -Architectural Works-01. HOSPITAL(BLANK BILL).xlsx,47d79c95e2c3273f84778935276c94526e369cc1b1bc057f6b03c998f44e253f
직접자원단가,4531284DDC776A4702EA22A0C0638FB3507D3,"[현지기준단가]Thk 2mm,Vinyl Sheet (D / CONDUCTIVE), W/Plastering 48mm thick on concrete floors",,M2,20.0,2.04,0.0,22.04,20,,※$$$$$$$$$,"=SMALL(E258:M258,COUNTIF(E258:M258,0)+1)",2.04,,=O258+P258+V258,단가대비표,258,data/unpacked/L2025-00085-1/붙임2. 현지입찰(신규입찰) 서류 및 계약서류(안)/IKHCC Section 4 - IKHCC BLANK BOQ 250903_최종/1 Architectural & summery/BILL No1 -Architectural Works-01. HOSPITAL(BLANK BILL).xlsx,47d79c95e2c3273f84778935276c94526e369cc1b1bc057f6b03c998f44e253f
직접자원단가,4531284DDC776A4702EA22A0C0638FB3507D0,"[현지기준단가]Thk 2mm,Vinyl Sheet (A / GENERAL), W/Plastering 48mm thick on concrete floors",,M2,14.5,2.04,0.0,16.54,14.5,,※$$$$$$$$$,"=SMALL(E259:M259,COUNTIF(E259:M259,0)+1)",2.04,,=O259+P259+V259,단가대비표,259,data/unpacked/L2025-00085-1/붙임2. 현지입찰(신규입찰) 서류 및 계약서류(안)/IKHCC Section 4 - IKHCC BLANK BOQ 250903_최종/1 Architectural & summery/BILL No1 -Architectural Works-01. HOSPITAL(BLANK BILL).xlsx,47d79c95e2c3273f84778935276c94526e369cc1b1bc057f6b03c998f44e253f
직접자원단가,4531284DDC776A4702EA22A0C0638FB3507D1,"[현지기준단가]Supplying and laying of 100mm (h), 2T Vinyl Sheet skirting.",,M2,5.0,0.0,0.0,5.0,5,,※$$$$$$$$$,"=SMALL(E260:M260,COUNTIF(E260:M260,0)+1)",,,=O260+P260+V260,단가대비표,260,data/unpacked/L2025-00085-1/붙임2. 현지입찰(신규입찰) 서류 및 계약서류(안)/IKHCC Section 4 - IKHCC BLANK BOQ 250903_최종/1 Architectural & summery/BILL No1 -Architectural Works-01. HOSPITAL(BLANK BILL).xlsx,47d79c95e2c3273f84778935276c94526e369cc1b1bc057f6b03c998f44e253f
직접자원단가,4531284DDC776A4702EA22A0C0638FB3507DE,[현지기준단가]Supplying and laying of 100mm (h) PVC skirting.,,M2,15.0,0.0,0.0,15.0,15,,※$$$$$$$$$,"=SMALL(E261:M261,COUNTIF(E261:M261,0)+1)",,,=O261+P261+V261,단가대비표,261,data/unpacked/L2025-00085-1/붙임2. 현지입찰(신규입찰) 서류 및 계약서류(안)/IKHCC Section 4 - IKHCC BLANK BOQ 250903_최종/1 Architectural & summery/BILL No1 -Architectural Works-01. HOSPITAL(BLANK BILL).xlsx,47d79c95e2c3273f84778935276c94526e369cc1b1bc057f6b03c998f44e253f
직접자원단가,4531284DDC776A4702EA22A0C0638FB3507DF,[현지기준단가]Supplying and laying of 100mm (h) 15T Granite skirting.,,M2,15.0,0.0,0.0,15.0,15,,※$$$$$$$$$,"=SMALL(E262:M262,COUNTIF(E262:M262,0)+1)",,,=O262+P262+V262,단가대비표,262,data/unpacked/L2025-00085-1/붙임2. 현지입찰(신규입찰) 서류 및 계약서류(안)/IKHCC Section 4 - IKHCC BLANK BOQ 250903_최종/1 Architectural & summery/BILL No1 -Architectural Works-01. HOSPITAL(BLANK BILL).xlsx,47d79c95e2c3273f84778935276c94526e369cc1b1bc057f6b03c998f44e253f
직접자원단가,4531284DDC776A4702EA22A0C0638FB3506CF,"[현지기준단가]Supplying and laying of 100mm (h) porcelain tile skirting, T3 Tile Adhesive",,M2,5.0,0.0,0.0,5.0,5,,※$$$$$$$$$,"=SMALL(E263:M263,COUNTIF(E263:M263,0)+1)",,,=O263+P263+V263,단가대비표,263,data/unpacked/L2025-00085-1/붙임2. 현지입찰(신규입찰) 서류 및 계약서류(안)/IKHCC Section 4 - IKHCC BLANK BOQ 250903_최종/1 Architectural & summery/BILL No1 -Architectural Works-01. HOSPITAL(BLANK BILL).xlsx,47d79c95e2c3273f84778935276c94526e369cc1b1bc057f6b03c998f44e253f
직접자원단가,4531284DDC776A4702EA22A0C0638FB3506CE,"[국내기준단가]DRY WALL D1(W125), General Drywall System,(ON 100*45*0.8 C-STUD @450+102*40*0.8 RUNNER)",(T12.5 General Gypsum Board) 2LAYER+(T12.5 General Gypsum Board) 2LAYER,M2,25.0,9.88,0.19,35.07,25,,※$$$$$$$$$,"=SMALL(E264:M264,COUNTIF(E264:M264,0)+1)",9.88,"=SMALL(Q264:U264,COUNTIF(Q264:U264,0)+1)",=O264+P264+V264,단가대비표,264,data/unpacked/L2025-00085-1/붙임2. 현지입찰(신규입찰) 서류 및 계약서류(안)/IKHCC Section 4 - IKHCC BLANK BOQ 250903_최종/1 Architectural & summery/BILL No1 -Architectural Works-01. HOSPITAL(BLANK BILL).xlsx,47d79c95e2c3273f84778935276c94526e369cc1b1bc057f6b03c998f44e253f
직접자원단가,4531284DDC776A4702EA22A0C0638FB3506CD,"[국내기준단가]DRY WALL D2(W125), General Drywall System,(ON 100*45*0.8 C-STUD @450+102*40*0.8 RUNNER)",(T12.5 General Gypsum Board) 2LAYER+General Wool Nature 24K 50mm+(T12.5 General Gypsum Board) 2LAYER,M2,29.0,12.45,0.19,41.64,29,,※$$$$$$$$$,"=SMALL(E265:M265,COUNTIF(E265:M265,0)+1)",12.45,"=SMALL(Q265:U265,COUNTIF(Q265:U265,0)+1)",=O265+P265+V265,단가대비표,265,data/unpacked/L2025-00085-1/붙임2. 현지입찰(신규입찰) 서류 및 계약서류(안)/IKHCC Section 4 - IKHCC BLANK BOQ 250903_최종/1 Architectural & summery/BILL No1 -Architectural Works-01. HOSPITAL(BLANK BILL).xlsx,47d79c95e2c3273f84778935276c94526e369cc1b1bc057f6b03c998f44e253f
직접자원단가,4531284DDC776A4702EA22A0C0638FB3506CC,"[국내기준단가]DRY WALL D3(W75), 1-Sided Drywall System,(ON 50*45*0.8 C-STUD @450+52*40*0.8 RUNNER)",(T12.5 General Gypsum Board) 2LAYER,M2,14.0,6.51,0.19,20.7,14,,※$$$$$$$$$,"=SMALL(E266:M266,COUNTIF(E266:M266,0)+1)",6.51,"=SMALL(Q266:U266,COUNTIF(Q266:U266,0)+1)",=O266+P266+V266,단가대비표,266,data/unpacked/L2025-00085-1/붙임2. 현지입찰(신규입찰) 서류 및 계약서류(안)/IKHCC Section 4 - IKHCC BLANK BOQ 250903_최종/1 Architectural & summery/BILL No1 -Architectural Works-01. HOSPITAL(BLANK BILL).xlsx,47d79c95e2c3273f84778935276c94526e369cc1b1bc057f6b03c998f44e253f
직접자원단가,4531284DDC776A4702EA22A0C0638FB35014C,[현지기준단가]Caulking,Caulking,M,0.21,0.3,0.0,0.51,0.21,,※$$$$$$$$$,"=SMALL(E267:M267,COUNTIF(E267:M267,0)+1)",0.3,,=O267+P267+V267,단가대비표,267,data/unpacked/L2025-00085-1/붙임2. 현지입찰(신규입찰) 서류 및 계약서류(안)/IKHCC Section 4 - IKHCC BLANK BOQ 250903_최종/1 Architectural & summery/BILL No1 -Architectural Works-01. HOSPITAL(BLANK BILL).xlsx,47d79c95e2c3273f84778935276c94526e369cc1b1bc057f6b03c998f44e253f
직접자원단가,4531284DDC776A4702EA22A0C0638FB35014A,[국내기준견적서]PUSH PULL HANDLE,T5955-01-024,ea,50.0,0.0,0.0,50.0,50,,※$$$$$$$$$,"=SMALL(E268:M268,COUNTIF(E268:M268,0)+1)",,,=O268+P268+V268,단가대비표,268,data/unpacked/L2025-00085-1/붙임2. 현지입찰(신규입찰) 서류 및 계약서류(안)/IKHCC Section 4 - IKHCC BLANK BOQ 250903_최종/1 Architectural & summery/BILL No1 -Architectural Works-01. HOSPITAL(BLANK BILL).xlsx,47d79c95e2c3273f84778935276c94526e369cc1b1bc057f6b03c998f44e253f
직접자원단가,4531284DDC776A4702EA22A0C0638FB35014B,[국내기준견적서]PUSH PULL HANDLE,G5955-01-024,ea,50.0,0.0,0.0,50.0,50,,※$$$$$$$$$,"=SMALL(E269:M269,COUNTIF(E269:M269,0)+1)",,,=O269+P269+V269,단가대비표,269,data/unpacked/L2025-00085-1/붙임2. 현지입찰(신규입찰) 서류 및 계약서류(안)/IKHCC Section 4 - IKHCC BLANK BOQ 250903_최종/1 Architectural & summery/BILL No1 -Architectural Works-01. HOSPITAL(BLANK BILL).xlsx,47d79c95e2c3273f84778935276c94526e369cc1b1bc057f6b03c998f44e253f
직접자원단가,4531284DDC776A4702EA22A0C0638FB350148,[국내기준견적서]FLOOR STOP,436B,ea,1.0,0.0,0.0,1.0,1,,※$$$$$$$$$,"=SMALL(E270:M270,COUNTIF(E270:M270,0)+1)",,,=O270+P270+V270,단가대비표,270,data/unpacked/L2025-00085-1/붙임2. 현지입찰(신규입찰) 서류 및 계약서류(안)/IKHCC Section 4 - IKHCC BLANK BOQ 250903_최종/1 Architectural & summery/BILL No1 -Architectural Works-01. HOSPITAL(BLANK BILL).xlsx,47d79c95e2c3273f84778935276c94526e369cc1b1bc057f6b03c998f44e253f
직접자원단가,4531284DDC776A4702EA22A0C0638FB350149,[국내기준견적서]WALL BUMPER,436B,ea,1.0,0.0,0.0,1.0,1,,※$$$$$$$$$,"=SMALL(E271:M271,COUNTIF(E271:M271,0)+1)",,,=O271+P271+V271,단가대비표,271,data/unpacked/L2025-00085-1/붙임2. 현지입찰(신규입찰) 서류 및 계약서류(안)/IKHCC Section 4 - IKHCC BLANK BOQ 250903_최종/1 Architectural & summery/BILL No1 -Architectural Works-01. HOSPITAL(BLANK BILL).xlsx,47d79c95e2c3273f84778935276c94526e369cc1b1bc057f6b03c998f44e253f
직접자원단가,4531284DDC776A4702EA22A0C0638FB350146,[국내기준견적서]EXIT DEVICE-RIM TYPE,F8000,ea,150.0,0.0,0.0,150.0,150,,※$$$$$$$$$,"=SMALL(E272:M272,COUNTIF(E272:M272,0)+1)",,,=O272+P272+V272,단가대비표,272,data/unpacked/L2025-00085-1/붙임2. 현지입찰(신규입찰) 서류 및 계약서류(안)/IKHCC Section 4 - IKHCC BLANK BOQ 250903_최종/1 Architectural & summery/BILL No1 -Architectural Works-01. HOSPITAL(BLANK BILL).xlsx,47d79c95e2c3273f84778935276c94526e369cc1b1bc057f6b03c998f44e253f
직접자원단가,4531284DDC776A4702EA22A0C0638FB350147,[국내기준견적서]FLOOR HINGE,HD80,ea,150.0,0.0,0.0,150.0,150,,※$$$$$$$$$,"=SMALL(E273:M273,COUNTIF(E273:M273,0)+1)",,,=O273+P273+V273,단가대비표,273,data/unpacked/L2025-00085-1/붙임2. 현지입찰(신규입찰) 서류 및 계약서류(안)/IKHCC Section 4 - IKHCC BLANK BOQ 250903_최종/1 Architectural & summery/BILL No1 -Architectural Works-01. HOSPITAL(BLANK BILL).xlsx,47d79c95e2c3273f84778935276c94526e369cc1b1bc057f6b03c998f44e253f
직접자원단가,4531284DDC776A4702EA22A0C0638FB3500A7,[국내기준견적서]LEVER SET,LH001,ea,25.0,0.0,0.0,25.0,25,,※$$$$$$$$$,"=SMALL(E274:M274,COUNTIF(E274:M274,0)+1)",,,=O274+P274+V274,단가대비표,274,data/unpacked/L2025-00085-1/붙임2. 현지입찰(신규입찰) 서류 및 계약서류(안)/IKHCC Section 4 - IKHCC BLANK BOQ 250903_최종/1 Architectural & summery/BILL No1 -Architectural Works-01. HOSPITAL(BLANK BILL).xlsx,47d79c95e2c3273f84778935276c94526e369cc1b1bc057f6b03c998f44e253f
직접자원단가,4531284DDC776A4702EA22A0C0638FB3500A6,[국내기준견적서]DUMMY LEVER SET,LH001DT,ea,25.0,0.0,0.0,25.0,25,,※$$$$$$$$$,"=SMALL(E275:M275,COUNTIF(E275:M275,0)+1)",,,=O275+P275+V275,단가대비표,275,data/unpacked/L2025-00085-1/붙임2. 현지입찰(신규입찰) 서류 및 계약서류(안)/IKHCC Section 4 - IKHCC BLANK BOQ 250903_최종/1 Architectural & summery/BILL No1 -Architectural Works-01. HOSPITAL(BLANK BILL).xlsx,47d79c95e2c3273f84778935276c94526e369cc1b1bc057f6b03c998f44e253f
직접자원단가,4531284DDC776A4702EA22A0C0638FB3500A5,[국내기준견적서]EUROPEAN MORTISE LOCK - ENTRANCE,ML01 * GMK,ea,30.0,0.0,0.0,30.0,30,,※$$$$$$$$$,"=SMALL(E276:M276,COUNTIF(E276:M276,0)+1)",,,=O276+P276+V276,단가대비표,276,data/unpacked/L2025-00085-1/붙임2. 현지입찰(신규입찰) 서류 및 계약서류(안)/IKHCC Section 4 - IKHCC BLANK BOQ 250903_최종/1 Architectural & summery/BILL No1 -Architectural Works-01. HOSPITAL(BLANK BILL).xlsx,47d79c95e2c3273f84778935276c94526e369cc1b1bc057f6b03c998f44e253f
직접자원단가,4531284DDC776A4702EA22A0C0638FB3500A4,[국내기준견적서]EUROPEAN MORTISE LOCK - INDICATOR,ML07 * DDIK002,ea,30.0,0.0,0.0,30.0,30,,※$$$$$$$$$,"=SMALL(E277:M277,COUNTIF(E277:M277,0)+1)",,,=O277+P277+V277,단가대비표,277,data/unpacked/L2025-00085-1/붙임2. 현지입찰(신규입찰) 서류 및 계약서류(안)/IKHCC Section 4 - IKHCC BLANK BOQ 250903_최종/1 Architectural & summery/BILL No1 -Architectural Works-01. HOSPITAL(BLANK BILL).xlsx,47d79c95e2c3273f84778935276c94526e369cc1b1bc057f6b03c998f44e253f
직접자원단가,4531284DDC776A4702EA22A0C0638FB3500A3,[국내기준견적서]EUROPEAN MORTISE LOCK - PASSAGE,ML04,ea,30.0,0.0,0.0,30.0,30,,※$$$$$$$$$,"=SMALL(E278:M278,COUNTIF(E278:M278,0)+1)",,,=O278+P278+V278,단가대비표,278,data/unpacked/L2025-00085-1/붙임2. 현지입찰(신규입찰) 서류 및 계약서류(안)/IKHCC Section 4 - IKHCC BLANK BOQ 250903_최종/1 Architectural & summery/BILL No1 -Architectural Works-01. HOSPITAL(BLANK BILL).xlsx,47d79c95e2c3273f84778935276c94526e369cc1b1bc057f6b03c998f44e253f
직접자원단가,4531284DDC776A4702EA22A0C0638FB3500A1,[국내기준견적서]2. LEAD SHIELD DOOR(SINGLE),1000*2200*2.0T,SET,800.0,0.0,0.0,800.0,800,,※$$$$$$$$$,"=SMALL(E279:M279,COUNTIF(E279:M279,0)+1)",,,=O279+P279+V279,단가대비표,279,data/unpacked/L2025-00085-1/붙임2. 현지입찰(신규입찰) 서류 및 계약서류(안)/IKHCC Section 4 - IKHCC BLANK BOQ 250903_최종/1 Architectural & summery/BILL No1 -Architectural Works-01. HOSPITAL(BLANK BILL).xlsx,47d79c95e2c3273f84778935276c94526e369cc1b1bc057f6b03c998f44e253f
직접자원단가,4531284DDC776A4702EA22A0C0638FB3500A0,[국내기준견적서]3. LEAD SHIELD DOOR(SINGLE),1200*2200*2.0T,SET,1000.0,0.0,0.0,1000.0,1000,,※$$$$$$$$$,"=SMALL(E280:M280,COUNTIF(E280:M280,0)+1)",,,=O280+P280+V280,단가대비표,280,data/unpacked/L2025-00085-1/붙임2. 현지입찰(신규입찰) 서류 및 계약서류(안)/IKHCC Section 4 - IKHCC BLANK BOQ 250903_최종/1 Architectural & summery/BILL No1 -Architectural Works-01. HOSPITAL(BLANK BILL).xlsx,47d79c95e2c3273f84778935276c94526e369cc1b1bc057f6b03c998f44e253f
직접자원단가,4531284DDC776A4702EA22A0C0638FB3500AF,[국내기준견적서]4. LEAD GLASS,1800*800,EA,1300.0,0.0,0.0,1300.0,1300,,※$$$$$$$$$,"=SMALL(E281:M281,COUNTIF(E281:M281,0)+1)",,,=O281+P281+V281,단가대비표,281,data/unpacked/L2025-00085-1/붙임2. 현지입찰(신규입찰) 서류 및 계약서류(안)/IKHCC Section 4 - IKHCC BLANK BOQ 250903_최종/1 Architectural & summery/BILL No1 -Architectural Works-01. HOSPITAL(BLANK BILL).xlsx,47d79c95e2c3273f84778935276c94526e369cc1b1bc057f6b03c998f44e253f
직접자원단가,4531284DDC776A4702EA22A0C0638FB3500AE,[국내기준견적서]5. LEAD GLASS FRAME,1850*850,EA,200.0,0.0,0.0,200.0,200,,※$$$$$$$$$,"=SMALL(E282:M282,COUNTIF(E282:M282,0)+1)",,,=O282+P282+V282,단가대비표,282,data/unpacked/L2025-00085-1/붙임2. 현지입찰(신규입찰) 서류 및 계약서류(안)/IKHCC Section 4 - IKHCC BLANK BOQ 250903_최종/1 Architectural & summery/BILL No1 -Architectural Works-01. HOSPITAL(BLANK BILL).xlsx,47d79c95e2c3273f84778935276c94526e369cc1b1bc057f6b03c998f44e253f
직접자원단가,4531284DDC776A4702EA22A0C0638FB35037B,[국내기준단가]Double Glazing,"Double glazing, Transparent, 24 mm",M2,60.0,0.0,0.0,60.0,60,,※$$$$$$$$$,"=SMALL(E283:M283,COUNTIF(E283:M283,0)+1)",,,=O283+P283+V283,단가대비표,283,data/unpacked/L2025-00085-1/붙임2. 현지입찰(신규입찰) 서류 및 계약서류(안)/IKHCC Section 4 - IKHCC BLANK BOQ 250903_최종/1 Architectural & summery/BILL No1 -Architectural Works-01. HOSPITAL(BLANK BILL).xlsx,47d79c95e2c3273f84778935276c94526e369cc1b1bc057f6b03c998f44e253f
직접자원단가,4531284DDC776A4702EA22A0C0638FB35037A,Rust Resisting Paint,Steel Frame Face,M2,0.06,0.75,0.0,0.81,0.06,,※$$$$$$$$$,"=SMALL(E284:M284,COUNTIF(E284:M284,0)+1)",0.75,,=O284+P284+V284,단가대비표,284,data/unpacked/L2025-00085-1/붙임2. 현지입찰(신규입찰) 서류 및 계약서류(안)/IKHCC Section 4 - IKHCC BLANK BOQ 250903_최종/1 Architectural & summery/BILL No1 -Architectural Works-01. HOSPITAL(BLANK BILL).xlsx,47d79c95e2c3273f84778935276c94526e369cc1b1bc057f6b03c998f44e253f
직접자원단가,4531284DDC776A4702EA22A0C0638FB350379,Ready Mixed Paint,Steel Frame Face,M2,0.93,0.75,0.0,1.6800000000000002,0.93,,※$$$$$$$$$,"=SMALL(E285:M285,COUNTIF(E285:M285,0)+1)",0.75,,=O285+P285+V285,단가대비표,285,data/unpacked/L2025-00085-1/붙임2. 현지입찰(신규입찰) 서류 및 계약서류(안)/IKHCC Section 4 - IKHCC BLANK BOQ 250903_최종/1 Architectural & summery/BILL No1 -Architectural Works-01. HOSPITAL(BLANK BILL).xlsx,47d79c95e2c3273f84778935276c94526e369cc1b1bc057f6b03c998f44e253f
직접자원단가,4531284DDC776A4702EA22A0C0638FB350378,Painting on plastered surfaces including Emulsion Paint as per drawing and as specified. (Plastering measured seperately,,M2,1.5,0.0,0.0,1.5,1.5,,※$$$$$$$$$,"=SMALL(E286:M286,COUNTIF(E286:M286,0)+1)",,,=O286+P286+V286,단가대비표,286,data/unpacked/L2025-00085-1/붙임2. 현지입찰(신규입찰) 서류 및 계약서류(안)/IKHCC Section 4 - IKHCC BLANK BOQ 250903_최종/1 Architectural & summery/BILL No1 -Architectural Works-01. HOSPITAL(BLANK BILL).xlsx,47d79c95e2c3273f84778935276c94526e369cc1b1bc057f6b03c998f44e253f
직접자원단가,4531284DDC776A4702EA22A0C0638FB35037F,Painting on gypsum board surfaces including Anti-bacterial Paint as per drawing and as specified.,,M2,2.5,0.0,0.0,2.5,2.5,,※$$$$$$$$$,"=SMALL(E287:M287,COUNTIF(E287:M287,0)+1)",,,=O287+P287+V287,단가대비표,287,data/unpacked/L2025-00085-1/붙임2. 현지입찰(신규입찰) 서류 및 계약서류(안)/IKHCC Section 4 - IKHCC BLANK BOQ 250903_최종/1 Architectural & summery/BILL No1 -Architectural Works-01. HOSPITAL(BLANK BILL).xlsx,47d79c95e2c3273f84778935276c94526e369cc1b1bc057f6b03c998f44e253f
직접자원단가,4531284DDC776A4702EA22A0C0638FB35037E,Painting on gypsum board surfaces including Emulsion Paint as per drawing and as specified.,,M2,1.5,0.0,0.0,1.5,1.5,,※$$$$$$$$$,"=SMALL(E288:M288,COUNTIF(E288:M288,0)+1)",,,=O288+P288+V288,단가대비표,288,data/unpacked/L2025-00085-1/붙임2. 현지입찰(신규입찰) 서류 및 계약서류(안)/IKHCC Section 4 - IKHCC BLANK BOQ 250903_최종/1 Architectural & summery/BILL No1 -Architectural Works-01. HOSPITAL(BLANK BILL).xlsx,47d79c95e2c3273f84778935276c94526e369cc1b1bc057f6b03c998f44e253f
직접자원단가,4531284DDC776A4702EA22A0C0638FB35037D,Painting on plastered surfaces including Emulsion Paint as per drawing and as specified. (Plastering measured seperately,,M2,1.5,0.0,0.0,1.5,1.5,,※$$$$$$$$$,"=SMALL(E289:M289,COUNTIF(E289:M289,0)+1)",,,=O289+P289+V289,단가대비표,289,data/unpacked/L2025-00085-1/붙임2. 현지입찰(신규입찰) 서류 및 계약서류(안)/IKHCC Section 4 - IKHCC BLANK BOQ 250903_최종/1 Architectural & summery/BILL No1 -Architectural Works-01. HOSPITAL(BLANK BILL).xlsx,47d79c95e2c3273f84778935276c94526e369cc1b1bc057f6b03c998f44e253f
직접자원단가,4531284DDC776A4702EA22A0C0638FB347F7E,"DRY WALL D4(W125), 1-Sided Drywall System,(ON 50*45*0.8 C-STUD @450+52*40*0.8 RUNNER)",(T12.5 General Gypsum Board) 2LAYER,EA,40.0,10.0,0.19,50.19,40,,※$$$$$$$$$,"=SMALL(E290:M290,COUNTIF(E290:M290,0)+1)",10,"=SMALL(Q290:U290,COUNTIF(Q290:U290,0)+1)",=O290+P290+V290,단가대비표,290,data/unpacked/L2025-00085-1/붙임2. 현지입찰(신규입찰) 서류 및 계약서류(안)/IKHCC Section 4 - IKHCC BLANK BOQ 250903_최종/1 Architectural & summery/BILL No1 -Architectural Works-01. HOSPITAL(BLANK BILL).xlsx,47d79c95e2c3273f84778935276c94526e369cc1b1bc057f6b03c998f44e253f
직접자원단가,4531284DDC776A4702EA22A0C0638FB347F79,"DRY WALL D4A(W125), 1-Sided Drywall System,(ON 50*45*0.8 C-STUD @450+52*40*0.8 RUNNER)",(T12.5 General Gypsum Board) 2LAYER+THK2.0 LEAD PLATE,EA,40.0,10.0,0.19,50.19,40,,※$$$$$$$$$,"=SMALL(E291:M291,COUNTIF(E291:M291,0)+1)",10,"=SMALL(Q291:U291,COUNTIF(Q291:U291,0)+1)",=O291+P291+V291,단가대비표,291,data/unpacked/L2025-00085-1/붙임2. 현지입찰(신규입찰) 서류 및 계약서류(안)/IKHCC Section 4 - IKHCC BLANK BOQ 250903_최종/1 Architectural & summery/BILL No1 -Architectural Works-01. HOSPITAL(BLANK BILL).xlsx,47d79c95e2c3273f84778935276c94526e369cc1b1bc057f6b03c998f44e253f
직접자원단가,4531284DDC776A4702EA22A0C0638FB347F78,"DRY WALL D5(W200), General Drywall System,(ON 150*45*0.8 C-STUD @450+152*40*0.8 RUNNER)",(T12.5 General Gypsum Board) 2LAYER+(T12.5 General Gypsum Board) 2LAYER,EA,40.0,10.0,0.19,50.19,40,,※$$$$$$$$$,"=SMALL(E292:M292,COUNTIF(E292:M292,0)+1)",10,"=SMALL(Q292:U292,COUNTIF(Q292:U292,0)+1)",=O292+P292+V292,단가대비표,292,data/unpacked/L2025-00085-1/붙임2. 현지입찰(신규입찰) 서류 및 계약서류(안)/IKHCC Section 4 - IKHCC BLANK BOQ 250903_최종/1 Architectural & summery/BILL No1 -Architectural Works-01. HOSPITAL(BLANK BILL).xlsx,47d79c95e2c3273f84778935276c94526e369cc1b1bc057f6b03c998f44e253f
직접자원단가,4531284DDC776A4702EA22A0C0638FB347F7B,"DRY WALL DF1(W125), 1-Hour Fireproof Structrue, (ON 75*45*0.8 C-STUD @450+77*44*0.8 RUNNER)",(T12.5 F.P Gypsum Board) 2LAYER+General Wool Nature 24K 50mm+(T12.5 F.P Gypsum Board) 2LAYER,EA,40.0,10.0,0.19,50.19,40,,※$$$$$$$$$,"=SMALL(E293:M293,COUNTIF(E293:M293,0)+1)",10,"=SMALL(Q293:U293,COUNTIF(Q293:U293,0)+1)",=O293+P293+V293,단가대비표,293,data/unpacked/L2025-00085-1/붙임2. 현지입찰(신규입찰) 서류 및 계약서류(안)/IKHCC Section 4 - IKHCC BLANK BOQ 250903_최종/1 Architectural & summery/BILL No1 -Architectural Works-01. HOSPITAL(BLANK BILL).xlsx,47d79c95e2c3273f84778935276c94526e369cc1b1bc057f6b03c998f44e253f
직접자원단가,4531284DDC776A4702EA22A0C0638FB347F7A,"DRY WALL DF2(W75), 1-Sided Drywall System,(ON 50*45*0.8 C-STUD @450+52*40*0.8 RUNNER)",(T12.5 F.P Gypsum Board) 2LAYER,EA,40.0,10.0,0.19,50.19,40,,※$$$$$$$$$,"=SMALL(E294:M294,COUNTIF(E294:M294,0)+1)",10,"=SMALL(Q294:U294,COUNTIF(Q294:U294,0)+1)",=O294+P294+V294,단가대비표,294,data/unpacked/L2025-00085-1/붙임2. 현지입찰(신규입찰) 서류 및 계약서류(안)/IKHCC Section 4 - IKHCC BLANK BOQ 250903_최종/1 Architectural & summery/BILL No1 -Architectural Works-01. HOSPITAL(BLANK BILL).xlsx,47d79c95e2c3273f84778935276c94526e369cc1b1bc057f6b03c998f44e253f
직접자원단가,4531284DDC776A4702EA22A0C0638FB347F75,"DRY WALL DS1(W200), General Drywall System(SHIELDING WALL),(ON 65*45*0.8 C-STUD @450+67*40*0.8 RUNNER)",(T12.5 General Gypsum Board) 2LAYER+THK2.0 LEAD PLATE+(T12.5 General Gypsum Board) 2LAYER,EA,40.0,10.0,0.19,50.19,40,,※$$$$$$$$$,"=SMALL(E295:M295,COUNTIF(E295:M295,0)+1)",10,"=SMALL(Q295:U295,COUNTIF(Q295:U295,0)+1)",=O295+P295+V295,단가대비표,295,data/unpacked/L2025-00085-1/붙임2. 현지입찰(신규입찰) 서류 및 계약서류(안)/IKHCC Section 4 - IKHCC BLANK BOQ 250903_최종/1 Architectural & summery/BILL No1 -Architectural Works-01. HOSPITAL(BLANK BILL).xlsx,47d79c95e2c3273f84778935276c94526e369cc1b1bc057f6b03c998f44e253f
직접자원단가,4531284DDC776A4702EA22A0C0638FB347F74,"DRY WALL DW1(W125), General Drywall System,(ON 75*45*0.8 C-STUD @450+77*44*0.8 RUNNER)",(T12.5 W.P Gypsum Board) 2LAYER+General Wool Nature 24K 50mm+(T12.5 General Gypsum Board) 2LAYER,EA,40.0,10.0,0.19,50.19,40,,※$$$$$$$$$,"=SMALL(E296:M296,COUNTIF(E296:M296,0)+1)",10,"=SMALL(Q296:U296,COUNTIF(Q296:U296,0)+1)",=O296+P296+V296,단가대비표,296,data/unpacked/L2025-00085-1/붙임2. 현지입찰(신규입찰) 서류 및 계약서류(안)/IKHCC Section 4 - IKHCC BLANK BOQ 250903_최종/1 Architectural & summery/BILL No1 -Architectural Works-01. HOSPITAL(BLANK BILL).xlsx,47d79c95e2c3273f84778935276c94526e369cc1b1bc057f6b03c998f44e253f
직접자원단가,4531284DDC776A4702EA22A0C0638FB347CA8,"DRY WALL D6(W100), General Drywall System,(ON 50*45*0.8 C-STUD @450+52*40*0.8 RUNNER)",(T12.5 General Gypsum Board) 2LAYER+Glass Wool Nature 24K 50mm,EA,40.0,10.0,0.19,50.19,40,,※$$$$$$$$$,"=SMALL(E297:M297,COUNTIF(E297:M297,0)+1)",10,"=SMALL(Q297:U297,COUNTIF(Q297:U297,0)+1)",=O297+P297+V297,단가대비표,297,data/unpacked/L2025-00085-1/붙임2. 현지입찰(신규입찰) 서류 및 계약서류(안)/IKHCC Section 4 - IKHCC BLANK BOQ 250903_최종/1 Architectural & summery/BILL No1 -Architectural Works-01. HOSPITAL(BLANK BILL).xlsx,47d79c95e2c3273f84778935276c94526e369cc1b1bc057f6b03c998f44e253f
직접자원단가,4531284DDC776A4702EA22A0C0638FB3736F8,싱크대,,EA,798.3411093831002,0.0,0.0,798.3411093831002,798.3411093831002,907,,"=SMALL(E298:M298,COUNTIF(E298:M298,0)+1)",=AQ298/$AD$3*$AE$3*$AD$4,,=O298+P298+V298,단가대비표,298,data/unpacked/L2025-00085-1/붙임2. 현지입찰(신규입찰) 서류 및 계약서류(안)/IKHCC Section 4 - IKHCC BLANK BOQ 250903_최종/1 Architectural & summery/BILL No1 -Architectural Works-01. HOSPITAL(BLANK BILL).xlsx,47d79c95e2c3273f84778935276c94526e369cc1b1bc057f6b03c998f44e253f
직접자원단가,4531284DDC776A4702EA22A0C0638FB3736F9,Non Shrink Mortar,330*330*30mm,EA,2.15,7.08,0.0,9.23,2.15,,※$$$$$$$$$,"=SMALL(E299:M299,COUNTIF(E299:M299,0)+1)",7.08,,=O299+P299+V299,단가대비표,299,data/unpacked/L2025-00085-1/붙임2. 현지입찰(신규입찰) 서류 및 계약서류(안)/IKHCC Section 4 - IKHCC BLANK BOQ 250903_최종/1 Architectural & summery/BILL No1 -Architectural Works-01. HOSPITAL(BLANK BILL).xlsx,47d79c95e2c3273f84778935276c94526e369cc1b1bc057f6b03c998f44e253f
직접자원단가,4531284DDC776A4702EA22A0C0638FB3736FA,Non Shrink Mortar,380*380*30mm,EA,2.85,9.39,0.0,12.24,2.85,,※$$$$$$$$$,"=SMALL(E300:M300,COUNTIF(E300:M300,0)+1)",9.39,,=O300+P300+V300,단가대비표,300,data/unpacked/L2025-00085-1/붙임2. 현지입찰(신규입찰) 서류 및 계약서류(안)/IKHCC Section 4 - IKHCC BLANK BOQ 250903_최종/1 Architectural & summery/BILL No1 -Architectural Works-01. HOSPITAL(BLANK BILL).xlsx,47d79c95e2c3273f84778935276c94526e369cc1b1bc057f6b03c998f44e253f
직접자원단가,4531284DDC776A4702EA22A0C0638FB3736FB,H Shape Steel,"SS275, 175*175*8*11mm",TON,1800.0,0.0,0.0,1800.0,1800,,※$$$$$$$$$,"=SMALL(E301:M301,COUNTIF(E301:M301,0)+1)",,,=O301+P301+V301,단가대비표,301,data/unpacked/L2025-00085-1/붙임2. 현지입찰(신규입찰) 서류 및 계약서류(안)/IKHCC Section 4 - IKHCC BLANK BOQ 250903_최종/1 Architectural & summery/BILL No1 -Architectural Works-01. HOSPITAL(BLANK BILL).xlsx,47d79c95e2c3273f84778935276c94526e369cc1b1bc057f6b03c998f44e253f
직접자원단가,4530234CF57486DF6239DCDF666,BOTTOM RAIL DEADLOCK,EZ-800 * T/T * GMK,ea,71.68777308746205,0.0,0.0,71.68777308746205,71.68777308746205,,,"=SMALL(E302:M302,COUNTIF(E302:M302,0)+1)",=AQ302/$AD$3*$AE$3*$AD$4,,=O302+P302+V302,단가대비표,302,data/unpacked/L2025-00085-1/붙임2. 현지입찰(신규입찰) 서류 및 계약서류(안)/IKHCC Section 4 - IKHCC BLANK BOQ 250903_최종/1 Architectural & summery/BILL No1 -Architectural Works-01. HOSPITAL(BLANK BILL).xlsx,47d79c95e2c3273f84778935276c94526e369cc1b1bc057f6b03c998f44e253f
직접자원단가,4530234CF57486DF6239DCDF665,"SPRING HINGE(SST'L) 4.5""X4""",SP4540,ea,7.739020958305562,0.0,0.0,7.739020958305562,7.739020958305562,,,"=SMALL(E303:M303,COUNTIF(E303:M303,0)+1)",=AQ303/$AD$3*$AE$3*$AD$4,,=O303+P303+V303,단가대비표,303,data/unpacked/L2025-00085-1/붙임2. 현지입찰(신규입찰) 서류 및 계약서류(안)/IKHCC Section 4 - IKHCC BLANK BOQ 250903_최종/1 Architectural & summery/BILL No1 -Architectural Works-01. HOSPITAL(BLANK BILL).xlsx,47d79c95e2c3273f84778935276c94526e369cc1b1bc057f6b03c998f44e253f
직접자원단가,4530234CF57486DF6239DCDF664,"BUTT HINGE(SST'L) 4.5""X4""",BB4540,ea,6.354143523661409,0.0,0.0,6.354143523661409,6.354143523661409,,,"=SMALL(E304:M304,COUNTIF(E304:M304,0)+1)",=AQ304/$AD$3*$AE$3*$AD$4,,=O304+P304+V304,단가대비표,304,data/unpacked/L2025-00085-1/붙임2. 현지입찰(신규입찰) 서류 및 계약서류(안)/IKHCC Section 4 - IKHCC BLANK BOQ 250903_최종/1 Architectural & summery/BILL No1 -Architectural Works-01. HOSPITAL(BLANK BILL).xlsx,47d79c95e2c3273f84778935276c94526e369cc1b1bc057f6b03c998f44e253f
직접자원단가,4530234CF57486DF6239DCDF663,"BUTT HINGE(SST'L) 5""X4""",BB5040,ea,6.924387173220766,0.0,0.0,6.924387173220766,6.924387173220766,,,"=SMALL(E305:M305,COUNTIF(E305:M305,0)+1)",=AQ305/$AD$3*$AE$3*$AD$4,,=O305+P305+V305,단가대비표,305,data/unpacked/L2025-00085-1/붙임2. 현지입찰(신규입찰) 서류 및 계약서류(안)/IKHCC Section 4 - IKHCC BLANK BOQ 250903_최종/1 Architectural & summery/BILL No1 -Architectural Works-01. HOSPITAL(BLANK BILL).xlsx,47d79c95e2c3273f84778935276c94526e369cc1b1bc057f6b03c998f44e253f
직접자원단가,4530234CF57486DF6239DCDF662,AUTO HINGE,ZL-1001,ea,61.912167666444496,0.0,0.0,61.912167666444496,61.912167666444496,,,"=SMALL(E306:M306,COUNTIF(E306:M306,0)+1)",=AQ306/$AD$3*$AE$3*$AD$4,,=O306+P306+V306,단가대비표,306,data/unpacked/L2025-00085-1/붙임2. 현지입찰(신규입찰) 서류 및 계약서류(안)/IKHCC Section 4 - IKHCC BLANK BOQ 250903_최종/1 Architectural & summery/BILL No1 -Architectural Works-01. HOSPITAL(BLANK BILL).xlsx,47d79c95e2c3273f84778935276c94526e369cc1b1bc057f6b03c998f44e253f
직접자원단가,4530234CF57486DF6239DCDF661,"BUTT HINGE(SST'L) 4""X4""",BB4040,ea,5.865363252610531,0.0,0.0,5.865363252610531,5.865363252610531,,,"=SMALL(E307:M307,COUNTIF(E307:M307,0)+1)",=AQ307/$AD$3*$AE$3*$AD$4,,=O307+P307+V307,단가대비표,307,data/unpacked/L2025-00085-1/붙임2. 현지입찰(신규입찰) 서류 및 계약서류(안)/IKHCC Section 4 - IKHCC BLANK BOQ 250903_최종/1 Architectural & summery/BILL No1 -Architectural Works-01. HOSPITAL(BLANK BILL).xlsx,47d79c95e2c3273f84778935276c94526e369cc1b1bc057f6b03c998f44e253f
직접자원단가,4530234CF57486DF6239DCDF660,DOOR COORDINATOR,DC002A,ea,37.47315411390062,0.0,0.0,37.47315411390062,37.47315411390062,,,"=SMALL(E308:M308,COUNTIF(E308:M308,0)+1)",=AQ308/$AD$3*$AE$3*$AD$4,,=O308+P308+V308,단가대비표,308,data/unpacked/L2025-00085-1/붙임2. 현지입찰(신규입찰) 서류 및 계약서류(안)/IKHCC Section 4 - IKHCC BLANK BOQ 250903_최종/1 Architectural & summery/BILL No1 -Architectural Works-01. HOSPITAL(BLANK BILL).xlsx,47d79c95e2c3273f84778935276c94526e369cc1b1bc057f6b03c998f44e253f
직접자원단가,4530234CF57486DF6239DCDF66F,DOOR CLOSER NHO,9016BC/DA,ea,97.75605421017552,0.0,0.0,97.75605421017552,97.75605421017552,,,"=SMALL(E309:M309,COUNTIF(E309:M309,0)+1)",=AQ309/$AD$3*$AE$3*$AD$4,,=O309+P309+V309,단가대비표,309,data/unpacked/L2025-00085-1/붙임2. 현지입찰(신규입찰) 서류 및 계약서류(안)/IKHCC Section 4 - IKHCC BLANK BOQ 250903_최종/1 Architectural & summery/BILL No1 -Architectural Works-01. HOSPITAL(BLANK BILL).xlsx,47d79c95e2c3273f84778935276c94526e369cc1b1bc057f6b03c998f44e253f
직접자원단가,4530234CF57486DF6239DCDF541,DUST PROOF STRIKE,489B,ea,5.295119603051174,0.0,0.0,5.295119603051174,5.295119603051174,,,"=SMALL(E310:M310,COUNTIF(E310:M310,0)+1)",=AQ310/$AD$3*$AE$3*$AD$4,,=O310+P310+V310,단가대비표,310,data/unpacked/L2025-00085-1/붙임2. 현지입찰(신규입찰) 서류 및 계약서류(안)/IKHCC Section 4 - IKHCC BLANK BOQ 250903_최종/1 Architectural & summery/BILL No1 -Architectural Works-01. HOSPITAL(BLANK BILL).xlsx,47d79c95e2c3273f84778935276c94526e369cc1b1bc057f6b03c998f44e253f
직접자원단가,4530234CF57486DF6239DCDF545,FLUSH BOLT-WOOD DOOR,358B,ea,17.921943271865512,0.0,0.0,17.921943271865512,17.921943271865512,,,"=SMALL(E311:M311,COUNTIF(E311:M311,0)+1)",=AQ311/$AD$3*$AE$3*$AD$4,,=O311+P311+V311,단가대비표,311,data/unpacked/L2025-00085-1/붙임2. 현지입찰(신규입찰) 서류 및 계약서류(안)/IKHCC Section 4 - IKHCC BLANK BOQ 250903_최종/1 Architectural & summery/BILL No1 -Architectural Works-01. HOSPITAL(BLANK BILL).xlsx,47d79c95e2c3273f84778935276c94526e369cc1b1bc057f6b03c998f44e253f
직접자원단가,4530234CF57486DF6239DCDF546,"FLUSH BOLT-12""",458B,ea,17.107309486780718,0.0,0.0,17.107309486780718,17.107309486780718,,,"=SMALL(E312:M312,COUNTIF(E312:M312,0)+1)",=AQ312/$AD$3*$AE$3*$AD$4,,=O312+P312+V312,단가대비표,312,data/unpacked/L2025-00085-1/붙임2. 현지입찰(신규입찰) 서류 및 계약서류(안)/IKHCC Section 4 - IKHCC BLANK BOQ 250903_최종/1 Architectural & summery/BILL No1 -Architectural Works-01. HOSPITAL(BLANK BILL).xlsx,47d79c95e2c3273f84778935276c94526e369cc1b1bc057f6b03c998f44e253f
직접자원단가,4530234CF57486DF6239DCDF548,FLOOR HINGE,HD850,ea,123.00970154780421,0.0,0.0,123.00970154780421,123.00970154780421,,,"=SMALL(E313:M313,COUNTIF(E313:M313,0)+1)",=AQ313/$AD$3*$AE$3*$AD$4,,=O313+P313+V313,단가대비표,313,data/unpacked/L2025-00085-1/붙임2. 현지입찰(신규입찰) 서류 및 계약서류(안)/IKHCC Section 4 - IKHCC BLANK BOQ 250903_최종/1 Architectural & summery/BILL No1 -Architectural Works-01. HOSPITAL(BLANK BILL).xlsx,47d79c95e2c3273f84778935276c94526e369cc1b1bc057f6b03c998f44e253f
직접자원단가,4530234CF57486DF6239DCDF549,FLUSH RING W/INTERGRAL LATCH,5014P,ea,41.5463230393246,0.0,0.0,41.5463230393246,41.5463230393246,,,"=SMALL(E314:M314,COUNTIF(E314:M314,0)+1)",=AQ314/$AD$3*$AE$3*$AD$4,,=O314+P314+V314,단가대비표,314,data/unpacked/L2025-00085-1/붙임2. 현지입찰(신규입찰) 서류 및 계약서류(안)/IKHCC Section 4 - IKHCC BLANK BOQ 250903_최종/1 Architectural & summery/BILL No1 -Architectural Works-01. HOSPITAL(BLANK BILL).xlsx,47d79c95e2c3273f84778935276c94526e369cc1b1bc057f6b03c998f44e253f
직접자원단가,4530234CF57486DF6239DCDF4B9,MORTISE DEADLOCK,EZ-300 * T/T * GMK,ea,71.68777308746205,0.0,0.0,71.68777308746205,71.68777308746205,,,"=SMALL(E315:M315,COUNTIF(E315:M315,0)+1)",=AQ315/$AD$3*$AE$3*$AD$4,,=O315+P315+V315,단가대비표,315,data/unpacked/L2025-00085-1/붙임2. 현지입찰(신규입찰) 서류 및 계약서류(안)/IKHCC Section 4 - IKHCC BLANK BOQ 250903_최종/1 Architectural & summery/BILL No1 -Architectural Works-01. HOSPITAL(BLANK BILL).xlsx,47d79c95e2c3273f84778935276c94526e369cc1b1bc057f6b03c998f44e253f
직접자원단가,4530234CF57486DF6239DCDF4BD,OUTSIDE TRIM-F08,TO-009-00 * GMK,ea,208.5462489817078,0.0,0.0,208.5462489817078,208.5462489817078,,,"=SMALL(E316:M316,COUNTIF(E316:M316,0)+1)",=AQ316/$AD$3*$AE$3*$AD$4,,=O316+P316+V316,단가대비표,316,data/unpacked/L2025-00085-1/붙임2. 현지입찰(신규입찰) 서류 및 계약서류(안)/IKHCC Section 4 - IKHCC BLANK BOQ 250903_최종/1 Architectural & summery/BILL No1 -Architectural Works-01. HOSPITAL(BLANK BILL).xlsx,47d79c95e2c3273f84778935276c94526e369cc1b1bc057f6b03c998f44e253f
직접자원단가,4530234CF57486DF6239DCDF4B2,KEY CABINET BOX,ST-200,ea,309.5608383322225,0.0,0.0,309.5608383322225,309.5608383322225,,,"=SMALL(E317:M317,COUNTIF(E317:M317,0)+1)",=AQ317/$AD$3*$AE$3*$AD$4,,=O317+P317+V317,단가대비표,317,data/unpacked/L2025-00085-1/붙임2. 현지입찰(신규입찰) 서류 및 계약서류(안)/IKHCC Section 4 - IKHCC BLANK BOQ 250903_최종/1 Architectural & summery/BILL No1 -Architectural Works-01. HOSPITAL(BLANK BILL).xlsx,47d79c95e2c3273f84778935276c94526e369cc1b1bc057f6b03c998f44e253f
직접자원단가,4530234CF57486DF6239DCCD212,화인타스,침투방수액,L,2.5253647337628675,0.0,0.0,2.5253647337628675,2.5253647337628675,,전문견적서,"=SMALL(E318:M318,COUNTIF(E318:M318,0)+1)",=AQ318/$AD$3*$AE$3*$AD$4,,=O318+P318+V318,단가대비표,318,data/unpacked/L2025-00085-1/붙임2. 현지입찰(신규입찰) 서류 및 계약서류(안)/IKHCC Section 4 - IKHCC BLANK BOQ 250903_최종/1 Architectural & summery/BILL No1 -Architectural Works-01. HOSPITAL(BLANK BILL).xlsx,47d79c95e2c3273f84778935276c94526e369cc1b1bc057f6b03c998f44e253f
직접자원단가,4530234CF57486DF6239DCCD213,접착강화제,벽체용,L,3.054876694067985,0.0,0.0,3.054876694067985,3.054876694067985,,전문견적서,"=SMALL(E319:M319,COUNTIF(E319:M319,0)+1)",=AQ319/$AD$3*$AE$3*$AD$4,,=O319+P319+V319,단가대비표,319,data/unpacked/L2025-00085-1/붙임2. 현지입찰(신규입찰) 서류 및 계약서류(안)/IKHCC Section 4 - IKHCC BLANK BOQ 250903_최종/1 Architectural & summery/BILL No1 -Architectural Works-01. HOSPITAL(BLANK BILL).xlsx,47d79c95e2c3273f84778935276c94526e369cc1b1bc057f6b03c998f44e253f
직접자원단가,4530234CF57486DF6239DCCD338,HR-1,,M,50.507294675257356,6.02829000962749,3.339998518847664,59.87558320373251,50.507294675257356,,전문견적서,"=SMALL(E320:M320,COUNTIF(E320:M320,0)+1)",=AQ320/$AD$3*$AE$3*$AD$4,"=SMALL(Q320:U320,COUNTIF(Q320:U320,0)+1)",=O320+P320+V320,단가대비표,320,data/unpacked/L2025-00085-1/붙임2. 현지입찰(신규입찰) 서류 및 계약서류(안)/IKHCC Section 4 - IKHCC BLANK BOQ 250903_최종/1 Architectural & summery/BILL No1 -Architectural Works-01. HOSPITAL(BLANK BILL).xlsx,47d79c95e2c3273f84778935276c94526e369cc1b1bc057f6b03c998f44e253f
직접자원단가,4530234CF57486DF6239DCCD33B,HR-1+BG-2,,M,87.16581500407318,8.741020513959862,5.539509738576614,101.44634525660966,87.16581500407318,,전문견적서,"=SMALL(E321:M321,COUNTIF(E321:M321,0)+1)",=AQ321/$AD$3*$AE$3*$AD$4,"=SMALL(Q321:U321,COUNTIF(Q321:U321,0)+1)",=O321+P321+V321,단가대비표,321,data/unpacked/L2025-00085-1/붙임2. 현지입찰(신규입찰) 서류 및 계약서류(안)/IKHCC Section 4 - IKHCC BLANK BOQ 250903_최종/1 Architectural & summery/BILL No1 -Architectural Works-01. HOSPITAL(BLANK BILL).xlsx,47d79c95e2c3273f84778935276c94526e369cc1b1bc057f6b03c998f44e253f
직접자원단가,4530234CF57486DF6239DCCD33A,BG-2+1,,M,73.31704065763165,5.425461008664742,4.399022439457899,83.14152410575429,73.31704065763165,,전문견적서,"=SMALL(E322:M322,COUNTIF(E322:M322,0)+1)",=AQ322/$AD$3*$AE$3*$AD$4,"=SMALL(Q322:U322,COUNTIF(Q322:U322,0)+1)",=O322+P322+V322,단가대비표,322,data/unpacked/L2025-00085-1/붙임2. 현지입찰(신규입찰) 서류 및 계약서류(안)/IKHCC Section 4 - IKHCC BLANK BOQ 250903_최종/1 Architectural & summery/BILL No1 -Architectural Works-01. HOSPITAL(BLANK BILL).xlsx,47d79c95e2c3273f84778935276c94526e369cc1b1bc057f6b03c998f44e253f
직접자원단가,4530234CF57486DF6239DCCD33D,BG-3,,EA,36.658520328815825,2.712730504332371,2.1995112197289495,41.57076205287714,36.658520328815825,,전문견적서,"=SMALL(E323:M323,COUNTIF(E323:M323,0)+1)",=AQ323/$AD$3*$AE$3*$AD$4,"=SMALL(Q323:U323,COUNTIF(Q323:U323,0)+1)",=O323+P323+V323,단가대비표,323,data/unpacked/L2025-00085-1/붙임2. 현지입찰(신규입찰) 서류 및 계약서류(안)/IKHCC Section 4 - IKHCC BLANK BOQ 250903_최종/1 Architectural & summery/BILL No1 -Architectural Works-01. HOSPITAL(BLANK BILL).xlsx,47d79c95e2c3273f84778935276c94526e369cc1b1bc057f6b03c998f44e253f
직접자원단가,4530234CF57486DF6239DCCD33C,CG-1,,EA,26.394134636747395,1.5070725024068725,1.5478041916611125,29.449011330815377,26.394134636747395,,전문견적서,"=SMALL(E324:M324,COUNTIF(E324:M324,0)+1)",=AQ324/$AD$3*$AE$3*$AD$4,"=SMALL(Q324:U324,COUNTIF(Q324:U324,0)+1)",=O324+P324+V324,단가대비표,324,data/unpacked/L2025-00085-1/붙임2. 현지입찰(신규입찰) 서류 및 계약서류(안)/IKHCC Section 4 - IKHCC BLANK BOQ 250903_최종/1 Architectural & summery/BILL No1 -Architectural Works-01. HOSPITAL(BLANK BILL).xlsx,47d79c95e2c3273f84778935276c94526e369cc1b1bc057f6b03c998f44e253f
직접자원단가,4530234CF57486DF6239DCCD5E6,준불연 스타코,,M2,50.45027031030142,0.0,0.0,50.45027031030142,50.45027031030142,542,,"=SMALL(E325:M325,COUNTIF(E325:M325,0)+1)",=AQ325/$AD$3*$AE$3*$AD$4,,=O325+P325+V325,단가대비표,325,data/unpacked/L2025-00085-1/붙임2. 현지입찰(신규입찰) 서류 및 계약서류(안)/IKHCC Section 4 - IKHCC BLANK BOQ 250903_최종/1 Architectural & summery/BILL No1 -Architectural Works-01. HOSPITAL(BLANK BILL).xlsx,47d79c95e2c3273f84778935276c94526e369cc1b1bc057f6b03c998f44e253f
직접자원단가,4530234CF57486DF6239DCCD794,[현지기준단가]E/V  1350kg 4 Floof(CLASS E 1 hour),,EA,50000.0,0.0,0.0,50000.0,50000,,※$$$$$$$$$,"=SMALL(E326:M326,COUNTIF(E326:M326,0)+1)",,,=O326+P326+V326,단가대비표,326,data/unpacked/L2025-00085-1/붙임2. 현지입찰(신규입찰) 서류 및 계약서류(안)/IKHCC Section 4 - IKHCC BLANK BOQ 250903_최종/1 Architectural & summery/BILL No1 -Architectural Works-01. HOSPITAL(BLANK BILL).xlsx,47d79c95e2c3273f84778935276c94526e369cc1b1bc057f6b03c998f44e253f
직접자원단가,4530234CF57486DF6239DCCD8BA,ASD-1,"3,000×2,300",SET,3097.6449677849373,528.9824483448123,238.28038213730284,3864.9077982670524,3097.6449677849373,,,"=SMALL(E327:M327,COUNTIF(E327:M327,0)+1)",=AQ327/$AD$3*$AE$3*$AD$4,"=SMALL(Q327:U327,COUNTIF(Q327:U327,0)+1)",=O327+P327+V327,단가대비표,327,data/unpacked/L2025-00085-1/붙임2. 현지입찰(신규입찰) 서류 및 계약서류(안)/IKHCC Section 4 - IKHCC BLANK BOQ 250903_최종/1 Architectural & summery/BILL No1 -Architectural Works-01. HOSPITAL(BLANK BILL).xlsx,47d79c95e2c3273f84778935276c94526e369cc1b1bc057f6b03c998f44e253f
직접자원단가,4530234CF57486DF6239DCCD8BB,ASD-2,"2,600×2,700",SET,3044.693771754425,519.9400133303711,234.20721321187887,3798.840998296675,3044.693771754425,,,"=SMALL(E328:M328,COUNTIF(E328:M328,0)+1)",=AQ328/$AD$3*$AE$3*$AD$4,"=SMALL(Q328:U328,COUNTIF(Q328:U328,0)+1)",=O328+P328+V328,단가대비표,328,data/unpacked/L2025-00085-1/붙임2. 현지입찰(신규입찰) 서류 및 계약서류(안)/IKHCC Section 4 - IKHCC BLANK BOQ 250903_최종/1 Architectural & summery/BILL No1 -Architectural Works-01. HOSPITAL(BLANK BILL).xlsx,47d79c95e2c3273f84778935276c94526e369cc1b1bc057f6b03c998f44e253f
직접자원단가,4530234CF57486DF6239DCCD8B8,ASD-3,"3,000×2,700",SET,3309.449751906984,565.1521884025773,254.57305783899878,4129.17499814856,3309.449751906984,,,"=SMALL(E329:M329,COUNTIF(E329:M329,0)+1)",=AQ329/$AD$3*$AE$3*$AD$4,"=SMALL(Q329:U329,COUNTIF(Q329:U329,0)+1)",=O329+P329+V329,단가대비표,329,data/unpacked/L2025-00085-1/붙임2. 현지입찰(신규입찰) 서류 및 계약서류(안)/IKHCC Section 4 - IKHCC BLANK BOQ 250903_최종/1 Architectural & summery/BILL No1 -Architectural Works-01. HOSPITAL(BLANK BILL).xlsx,47d79c95e2c3273f84778935276c94526e369cc1b1bc057f6b03c998f44e253f
직접자원단가,4530234CF57486DF6239DCCD8B9,ASD-4,"2,150×2,700",SET,2462.2306154187963,420.47322817151746,189.40235503221507,3072.1061986225286,2462.2306154187963,,,"=SMALL(E330:M330,COUNTIF(E330:M330,0)+1)",=AQ330/$AD$3*$AE$3*$AD$4,"=SMALL(Q330:U330,COUNTIF(Q330:U330,0)+1)",=O330+P330+V330,단가대비표,330,data/unpacked/L2025-00085-1/붙임2. 현지입찰(신규입찰) 서류 및 계약서류(안)/IKHCC Section 4 - IKHCC BLANK BOQ 250903_최종/1 Architectural & summery/BILL No1 -Architectural Works-01. HOSPITAL(BLANK BILL).xlsx,47d79c95e2c3273f84778935276c94526e369cc1b1bc057f6b03c998f44e253f
직접자원단가,4530234CF57486DF6239DCCD8BE,ASD-5,"3,000×2,400",SET,2118.0478412204698,361.69740057764943,162.92675701695921,2642.6719988150785,2118.0478412204698,,,"=SMALL(E331:M331,COUNTIF(E331:M331,0)+1)",=AQ331/$AD$3*$AE$3*$AD$4,"=SMALL(Q331:U331,COUNTIF(Q331:U331,0)+1)",=O331+P331+V331,단가대비표,331,data/unpacked/L2025-00085-1/붙임2. 현지입찰(신규입찰) 서류 및 계약서류(안)/IKHCC Section 4 - IKHCC BLANK BOQ 250903_최종/1 Architectural & summery/BILL No1 -Architectural Works-01. HOSPITAL(BLANK BILL).xlsx,47d79c95e2c3273f84778935276c94526e369cc1b1bc057f6b03c998f44e253f
직접자원단가,4530234CF57486DF6239DCCD8BF,ASD-6,"3,800×2,700",SET,3786.0105161815895,646.5341035325484,291.23157816781463,4723.776197881953,3786.0105161815895,,,"=SMALL(E332:M332,COUNTIF(E332:M332,0)+1)",=AQ332/$AD$3*$AE$3*$AD$4,"=SMALL(Q332:U332,COUNTIF(Q332:U332,0)+1)",=O332+P332+V332,단가대비표,332,data/unpacked/L2025-00085-1/붙임2. 현지입찰(신규입찰) 서류 및 계약서류(안)/IKHCC Section 4 - IKHCC BLANK BOQ 250903_최종/1 Architectural & summery/BILL No1 -Architectural Works-01. HOSPITAL(BLANK BILL).xlsx,47d79c95e2c3273f84778935276c94526e369cc1b1bc057f6b03c998f44e253f
직접자원단가,4530234CF57486DF6239DCCD8BC,ASD-7,"2,600×2,400",SET,1720.9138709916317,293.8791379693402,132.37799007627936,2147.1709990372515,1720.9138709916317,,,"=SMALL(E333:M333,COUNTIF(E333:M333,0)+1)",=AQ333/$AD$3*$AE$3*$AD$4,"=SMALL(Q333:U333,COUNTIF(Q333:U333,0)+1)",=O333+P333+V333,단가대비표,333,data/unpacked/L2025-00085-1/붙임2. 현지입찰(신규입찰) 서류 및 계약서류(안)/IKHCC Section 4 - IKHCC BLANK BOQ 250903_최종/1 Architectural & summery/BILL No1 -Architectural Works-01. HOSPITAL(BLANK BILL).xlsx,47d79c95e2c3273f84778935276c94526e369cc1b1bc057f6b03c998f44e253f
직접자원단가,4530234CF57486DF6239DCCD8BD,SSD-7,"2,240×2,500",SET,1323.7799007627937,226.06087536103092,101.8292231355995,1651.669999259424,1323.7799007627937,,,"=SMALL(E334:M334,COUNTIF(E334:M334,0)+1)",=AQ334/$AD$3*$AE$3*$AD$4,"=SMALL(Q334:U334,COUNTIF(Q334:U334,0)+1)",=O334+P334+V334,단가대비표,334,data/unpacked/L2025-00085-1/붙임2. 현지입찰(신규입찰) 서류 및 계약서류(안)/IKHCC Section 4 - IKHCC BLANK BOQ 250903_최종/1 Architectural & summery/BILL No1 -Architectural Works-01. HOSPITAL(BLANK BILL).xlsx,47d79c95e2c3273f84778935276c94526e369cc1b1bc057f6b03c998f44e253f
직접자원단가,4530234CF57486DF6239DCCD8B2,LASD-1,"3,000×2,400",SET,3971.3397022883805,678.1826260830927,305.48766940679855,4955.009997778272,3971.3397022883805,,,"=SMALL(E335:M335,COUNTIF(E335:M335,0)+1)",=AQ335/$AD$3*$AE$3*$AD$4,"=SMALL(Q335:U335,COUNTIF(Q335:U335,0)+1)",=O335+P335+V335,단가대비표,335,data/unpacked/L2025-00085-1/붙임2. 현지입찰(신규입찰) 서류 및 계약서류(안)/IKHCC Section 4 - IKHCC BLANK BOQ 250903_최종/1 Architectural & summery/BILL No1 -Architectural Works-01. HOSPITAL(BLANK BILL).xlsx,47d79c95e2c3273f84778935276c94526e369cc1b1bc057f6b03c998f44e253f
직접자원단가,4530234CF57486DF6239DCFA4C2,Wall S.G.P Panel Work,SGP+Accessories,M2,40.731689254239804,6.932533511071615,2.9734133155595055,50.63763608087093,40.731689254239804,,,"=SMALL(E336:M336,COUNTIF(E336:M336,0)+1)",=AQ336/$AD$3*$AE$3*$AD$4,"=SMALL(Q336:U336,COUNTIF(Q336:U336,0)+1)",=O336+P336+V336,단가대비표,336,data/unpacked/L2025-00085-1/붙임2. 현지입찰(신규입찰) 서류 및 계약서류(안)/IKHCC Section 4 - IKHCC BLANK BOQ 250903_최종/1 Architectural & summery/BILL No1 -Architectural Works-01. HOSPITAL(BLANK BILL).xlsx,47d79c95e2c3273f84778935276c94526e369cc1b1bc057f6b03c998f44e253f
직접자원단가,4530234CF57486DF6239DCFA4C1,Wall S.G.P & Frame Work,SQ-PIPE+Accessories,M2,20.365844627119902,5.425461008664742,1.7514626379323115,27.54276827371696,20.365844627119902,,,"=SMALL(E337:M337,COUNTIF(E337:M337,0)+1)",=AQ337/$AD$3*$AE$3*$AD$4,"=SMALL(Q337:U337,COUNTIF(Q337:U337,0)+1)",=O337+P337+V337,단가대비표,337,data/unpacked/L2025-00085-1/붙임2. 현지입찰(신규입찰) 서류 및 계약서류(안)/IKHCC Section 4 - IKHCC BLANK BOQ 250903_최종/1 Architectural & summery/BILL No1 -Architectural Works-01. HOSPITAL(BLANK BILL).xlsx,47d79c95e2c3273f84778935276c94526e369cc1b1bc057f6b03c998f44e253f
직접자원단가,4530234CF57486DF6239DCFA4C0,Ceiling S.G.P Panel Work,SGP+Accessory,M2,40.731689254239804,8.439606013478487,3.1770717618307045,52.348367029548996,40.731689254239804,,,"=SMALL(E338:M338,COUNTIF(E338:M338,0)+1)",=AQ338/$AD$3*$AE$3*$AD$4,"=SMALL(Q338:U338,COUNTIF(Q338:U338,0)+1)",=O338+P338+V338,단가대비표,338,data/unpacked/L2025-00085-1/붙임2. 현지입찰(신규입찰) 서류 및 계약서류(안)/IKHCC Section 4 - IKHCC BLANK BOQ 250903_최종/1 Architectural & summery/BILL No1 -Architectural Works-01. HOSPITAL(BLANK BILL).xlsx,47d79c95e2c3273f84778935276c94526e369cc1b1bc057f6b03c998f44e253f
직접자원단가,4530234CF57486DF6239DCFA4C7,Ceiling S.G.P & Frame Work,SQ-PIPE+Accessory,M2,24.43901355254388,5.726875509146116,1.9958527734577503,32.161741835147744,24.43901355254388,,,"=SMALL(E339:M339,COUNTIF(E339:M339,0)+1)",=AQ339/$AD$3*$AE$3*$AD$4,"=SMALL(Q339:U339,COUNTIF(Q339:U339,0)+1)",=O339+P339+V339,단가대비표,339,data/unpacked/L2025-00085-1/붙임2. 현지입찰(신규입찰) 서류 및 계약서류(안)/IKHCC Section 4 - IKHCC BLANK BOQ 250903_최종/1 Architectural & summery/BILL No1 -Architectural Works-01. HOSPITAL(BLANK BILL).xlsx,47d79c95e2c3273f84778935276c94526e369cc1b1bc057f6b03c998f44e253f
직접자원단가,4530234CF57486DF6239DCFA4C6,Checking Door(SGP~C/E),,EA,122.1950677627194,15.070725024068727,8.14633785084796,145.4121306376361,122.1950677627194,,,"=SMALL(E340:M340,COUNTIF(E340:M340,0)+1)",=AQ340/$AD$3*$AE$3*$AD$4,"=SMALL(Q340:U340,COUNTIF(Q340:U340,0)+1)",=O340+P340+V340,단가대비표,340,data/unpacked/L2025-00085-1/붙임2. 현지입찰(신규입찰) 서류 및 계약서류(안)/IKHCC Section 4 - IKHCC BLANK BOQ 250903_최종/1 Architectural & summery/BILL No1 -Architectural Works-01. HOSPITAL(BLANK BILL).xlsx,47d79c95e2c3273f84778935276c94526e369cc1b1bc057f6b03c998f44e253f
직접자원단가,4530234CF57486DF6239DCFA4C5,Panel Caulking,,R/M,407.316892542398,301.41450048137455,61.0975338813597,769.8289269051323,407.316892542398,,,"=SMALL(E341:M341,COUNTIF(E341:M341,0)+1)",=AQ341/$AD$3*$AE$3*$AD$4,"=SMALL(Q341:U341,COUNTIF(Q341:U341,0)+1)",=O341+P341+V341,단가대비표,341,data/unpacked/L2025-00085-1/붙임2. 현지입찰(신규입찰) 서류 및 계약서류(안)/IKHCC Section 4 - IKHCC BLANK BOQ 250903_최종/1 Architectural & summery/BILL No1 -Architectural Works-01. HOSPITAL(BLANK BILL).xlsx,47d79c95e2c3273f84778935276c94526e369cc1b1bc057f6b03c998f44e253f
직접자원단가,4530234CF57486DF6239DCFA4C4,Semi-Automatic Pocket Sliding Door,,SET,4887.802710508777,602.8290009627491,325.85351403391843,5816.485225505444,4887.802710508777,,,"=SMALL(E342:M342,COUNTIF(E342:M342,0)+1)",=AQ342/$AD$3*$AE$3*$AD$4,"=SMALL(Q342:U342,COUNTIF(Q342:U342,0)+1)",=O342+P342+V342,단가대비표,342,data/unpacked/L2025-00085-1/붙임2. 현지입찰(신규입찰) 서류 및 계약서류(안)/IKHCC Section 4 - IKHCC BLANK BOQ 250903_최종/1 Architectural & summery/BILL No1 -Architectural Works-01. HOSPITAL(BLANK BILL).xlsx,47d79c95e2c3273f84778935276c94526e369cc1b1bc057f6b03c998f44e253f
직접자원단가,4530234CF57486DF6239DCFA4CB,SGP Door System,,SET,651.7070280678369,90.42435014441236,44.80485817966378,786.9362363919131,651.7070280678369,,,"=SMALL(E343:M343,COUNTIF(E343:M343,0)+1)",=AQ343/$AD$3*$AE$3*$AD$4,"=SMALL(Q343:U343,COUNTIF(Q343:U343,0)+1)",=O343+P343+V343,단가대비표,343,data/unpacked/L2025-00085-1/붙임2. 현지입찰(신규입찰) 서류 및 계약서류(안)/IKHCC Section 4 - IKHCC BLANK BOQ 250903_최종/1 Architectural & summery/BILL No1 -Architectural Works-01. HOSPITAL(BLANK BILL).xlsx,47d79c95e2c3273f84778935276c94526e369cc1b1bc057f6b03c998f44e253f
직접자원단가,4530234CF57486DF6239DCFA4CA,Ceiling Light Box,"Operating[OR-1,2~H]",M,162.92675701695921,15.070725024068727,10.182922313559951,188.1804043545879,162.92675701695921,,,"=SMALL(E344:M344,COUNTIF(E344:M344,0)+1)",=AQ344/$AD$3*$AE$3*$AD$4,"=SMALL(Q344:U344,COUNTIF(Q344:U344,0)+1)",=O344+P344+V344,단가대비표,344,data/unpacked/L2025-00085-1/붙임2. 현지입찰(신규입찰) 서류 및 계약서류(안)/IKHCC Section 4 - IKHCC BLANK BOQ 250903_최종/1 Architectural & summery/BILL No1 -Architectural Works-01. HOSPITAL(BLANK BILL).xlsx,47d79c95e2c3273f84778935276c94526e369cc1b1bc057f6b03c998f44e253f
직접자원단가,4530234CF57486DF6239DCFA5EA,OR Builtin Furniture," STS  1,2W x 0.5D x 1,8H",SET,3665.852032881582,452.12175072206185,244.3901355254388,4362.363919129082,3665.852032881582,,,"=SMALL(E345:M345,COUNTIF(E345:M345,0)+1)",=AQ345/$AD$3*$AE$3*$AD$4,"=SMALL(Q345:U345,COUNTIF(Q345:U345,0)+1)",=O345+P345+V345,단가대비표,345,data/unpacked/L2025-00085-1/붙임2. 현지입찰(신규입찰) 서류 및 계약서류(안)/IKHCC Section 4 - IKHCC BLANK BOQ 250903_최종/1 Architectural & summery/BILL No1 -Architectural Works-01. HOSPITAL(BLANK BILL).xlsx,47d79c95e2c3273f84778935276c94526e369cc1b1bc057f6b03c998f44e253f
직접자원단가,4530234CF57486DF6239DCFA5EB,Floor Conductive Sheet,600*600*3T,M2,57.02436495593573,9.042435014441235,4.07316892542398,70.13996889580095,57.02436495593573,,,"=SMALL(E346:M346,COUNTIF(E346:M346,0)+1)",=AQ346/$AD$3*$AE$3*$AD$4,"=SMALL(Q346:U346,COUNTIF(Q346:U346,0)+1)",=O346+P346+V346,단가대비표,346,data/unpacked/L2025-00085-1/붙임2. 현지입찰(신규입찰) 서류 및 계약서류(안)/IKHCC Section 4 - IKHCC BLANK BOQ 250903_최종/1 Architectural & summery/BILL No1 -Architectural Works-01. HOSPITAL(BLANK BILL).xlsx,47d79c95e2c3273f84778935276c94526e369cc1b1bc057f6b03c998f44e253f
직접자원단가,4530234CF57486DF6239DCFA5E8,"PANEL OPEN,G","Outlet[E/L,GAS,ETC]",EA,16.29267570169592,6.02829000962749,1.6292675701695922,23.950233281493002,16.29267570169592,,,"=SMALL(E347:M347,COUNTIF(E347:M347,0)+1)",=AQ347/$AD$3*$AE$3*$AD$4,"=SMALL(Q347:U347,COUNTIF(Q347:U347,0)+1)",=O347+P347+V347,단가대비표,347,data/unpacked/L2025-00085-1/붙임2. 현지입찰(신규입찰) 서류 및 계약서류(안)/IKHCC Section 4 - IKHCC BLANK BOQ 250903_최종/1 Architectural & summery/BILL No1 -Architectural Works-01. HOSPITAL(BLANK BILL).xlsx,47d79c95e2c3273f84778935276c94526e369cc1b1bc057f6b03c998f44e253f
직접자원단가,4530234CF57486DF6239DCFA5E9,Packing Fee,,L/S,0.0,0.0,4073.1689254239805,4073.1689254239805,,,,,=AQ348/$AD$3*$AE$3*$AD$4,"=SMALL(Q348:U348,COUNTIF(Q348:U348,0)+1)",=O348+P348+V348,단가대비표,348,data/unpacked/L2025-00085-1/붙임2. 현지입찰(신규입찰) 서류 및 계약서류(안)/IKHCC Section 4 - IKHCC BLANK BOQ 250903_최종/1 Architectural & summery/BILL No1 -Architectural Works-01. HOSPITAL(BLANK BILL).xlsx,47d79c95e2c3273f84778935276c94526e369cc1b1bc057f6b03c998f44e253f
직접자원단가,4530234CF57486DF6239DCFA792,OR Builtin Furniture," STS  1,2W x 0.5D x 1,8H",SET,3258.535140339184,452.12175072206185,224.02429089831892,3934.681181959565,3258.535140339184,,,"=SMALL(E349:M349,COUNTIF(E349:M349,0)+1)",=AQ349/$AD$3*$AE$3*$AD$4,"=SMALL(Q349:U349,COUNTIF(Q349:U349,0)+1)",=O349+P349+V349,단가대비표,349,data/unpacked/L2025-00085-1/붙임2. 현지입찰(신규입찰) 서류 및 계약서류(안)/IKHCC Section 4 - IKHCC BLANK BOQ 250903_최종/1 Architectural & summery/BILL No1 -Architectural Works-01. HOSPITAL(BLANK BILL).xlsx,47d79c95e2c3273f84778935276c94526e369cc1b1bc057f6b03c998f44e253f
직접자원단가,4530234CF57486DF6239DCFA791,SGP Door System,,SET,651.7070280678369,150.70725024068727,52.951196030511746,855.3654743390358,651.7070280678369,,,"=SMALL(E350:M350,COUNTIF(E350:M350,0)+1)",=AQ350/$AD$3*$AE$3*$AD$4,"=SMALL(Q350:U350,COUNTIF(Q350:U350,0)+1)",=O350+P350+V350,단가대비표,350,data/unpacked/L2025-00085-1/붙임2. 현지입찰(신규입찰) 서류 및 계약서류(안)/IKHCC Section 4 - IKHCC BLANK BOQ 250903_최종/1 Architectural & summery/BILL No1 -Architectural Works-01. HOSPITAL(BLANK BILL).xlsx,47d79c95e2c3273f84778935276c94526e369cc1b1bc057f6b03c998f44e253f
