facility_ko,facility_en,section_code,section_name,description,specification,unit,quantity,item_code,rate_source_type,recovered_material_rate_usd,recovered_labor_rate_usd,recovered_expense_rate_usd,recovered_total_rate_usd,recovered_material_amount_usd,recovered_labor_amount_usd,recovered_expense_amount_usd,recovered_total_amount_usd,join_status,visible_material_price,visible_labor_price,visible_expense_price,visible_total_price_formula,visible_total_price_cached,source_sheet,source_row,source_file,source_sha256
병원,HOSPITAL,010101,010101  STRUCTURE WORKS,HD400 t10,,TON,106.504,43AE2142BE7340A6C27E35B211B31B0401B47,직접자원단가,650.0,50.0,5.0,705.0,69227.6,5325.2,532.52,75085.32,복원,,,,"=ROUND(E5+G5+I5, 2)",0.0,Works particular bill,5,data/unpacked/L2025-00085-1/붙임2. 현지입찰(신규입찰) 서류 및 계약서류(안)/IKHCC Section 4 - IKHCC BLANK BOQ 250903_최종/1 Architectural & summery/BILL No1 -Architectural Works-01. HOSPITAL(BLANK BILL).xlsx,47d79c95e2c3273f84778935276c94526e369cc1b1bc057f6b03c998f44e253f
병원,HOSPITAL,010101,010101  STRUCTURE WORKS,HD400 t12,,TON,54.494,43AE2142BE7340A6C27E35B211B31B0401B46,직접자원단가,650.0,50.0,5.0,705.0,35421.1,2724.7,272.47,38418.27,복원,,,,"=ROUND(E6+G6+I6, 2)",0.0,Works particular bill,6,data/unpacked/L2025-00085-1/붙임2. 현지입찰(신규입찰) 서류 및 계약서류(안)/IKHCC Section 4 - IKHCC BLANK BOQ 250903_최종/1 Architectural & summery/BILL No1 -Architectural Works-01. HOSPITAL(BLANK BILL).xlsx,47d79c95e2c3273f84778935276c94526e369cc1b1bc057f6b03c998f44e253f
병원,HOSPITAL,010101,010101  STRUCTURE WORKS,HD400 t16,,TON,55.778,43AE2142BE7340A6C27E35B211B31B0401B44,직접자원단가,650.0,50.0,5.0,705.0,36255.7,2788.9,278.89,39323.49,복원,,,,"=ROUND(E7+G7+I7, 2)",0.0,Works particular bill,7,data/unpacked/L2025-00085-1/붙임2. 현지입찰(신규입찰) 서류 및 계약서류(안)/IKHCC Section 4 - IKHCC BLANK BOQ 250903_최종/1 Architectural & summery/BILL No1 -Architectural Works-01. HOSPITAL(BLANK BILL).xlsx,47d79c95e2c3273f84778935276c94526e369cc1b1bc057f6b03c998f44e253f
병원,HOSPITAL,010101,010101  STRUCTURE WORKS,HD400 t20,,TON,254.815,43AE2142BE7340A6C27E35B211B31B0401B43,직접자원단가,650.0,50.0,5.0,705.0,165629.75,12740.75,1274.075,179644.575,복원,,,,"=ROUND(E8+G8+I8, 2)",0.0,Works particular bill,8,data/unpacked/L2025-00085-1/붙임2. 현지입찰(신규입찰) 서류 및 계약서류(안)/IKHCC Section 4 - IKHCC BLANK BOQ 250903_최종/1 Architectural & summery/BILL No1 -Architectural Works-01. HOSPITAL(BLANK BILL).xlsx,47d79c95e2c3273f84778935276c94526e369cc1b1bc057f6b03c998f44e253f
병원,HOSPITAL,010101,010101  STRUCTURE WORKS,HD400 t25,,TON,56.31,43AE2142BE7340A6C27E35B211B31B0401B42,직접자원단가,650.0,50.0,5.0,705.0,36601.5,2815.5,281.55,39698.55,복원,,,,"=ROUND(E9+G9+I9, 2)",0.0,Works particular bill,9,data/unpacked/L2025-00085-1/붙임2. 현지입찰(신규입찰) 서류 및 계약서류(안)/IKHCC Section 4 - IKHCC BLANK BOQ 250903_최종/1 Architectural & summery/BILL No1 -Architectural Works-01. HOSPITAL(BLANK BILL).xlsx,47d79c95e2c3273f84778935276c94526e369cc1b1bc057f6b03c998f44e253f
병원,HOSPITAL,010101,010101  STRUCTURE WORKS,concrete(reinforced concrete),"'f'c 350mpa, foucdation",M3,2279.0,43AE2142BE72BAF102D45DD52A0CA81817C51,직접자원단가,90.0,10.0,5.0,105.0,205110.0,22790.0,11395.0,239295.0,복원,,,,"=ROUND(E10+G10+I10, 2)",0.0,Works particular bill,10,data/unpacked/L2025-00085-1/붙임2. 현지입찰(신규입찰) 서류 및 계약서류(안)/IKHCC Section 4 - IKHCC BLANK BOQ 250903_최종/1 Architectural & summery/BILL No1 -Architectural Works-01. HOSPITAL(BLANK BILL).xlsx,47d79c95e2c3273f84778935276c94526e369cc1b1bc057f6b03c998f44e253f
병원,HOSPITAL,010101,010101  STRUCTURE WORKS,concrete(reinforced concrete),"'f'c 300mpa, all members except foundation",M3,3013.0,43AE2142BE72BAF102D45DD52A0CA81817F25,직접자원단가,90.0,10.0,5.0,105.0,271170.0,30130.0,15065.0,316365.0,복원,,,,"=ROUND(E11+G11+I11, 2)",0.0,Works particular bill,11,data/unpacked/L2025-00085-1/붙임2. 현지입찰(신규입찰) 서류 및 계약서류(안)/IKHCC Section 4 - IKHCC BLANK BOQ 250903_최종/1 Architectural & summery/BILL No1 -Architectural Works-01. HOSPITAL(BLANK BILL).xlsx,47d79c95e2c3273f84778935276c94526e369cc1b1bc057f6b03c998f44e253f
병원,HOSPITAL,010101,010101  STRUCTURE WORKS,concrete(finish),"'f'c 120mpa, finish work",M3,462.0,43AE2142BE72BAF102D45DD52A0CA81817E1F,직접자원단가,65.0,10.0,2.0,77.0,30030.0,4620.0,924.0,35574.0,복원,,,,"=ROUND(E12+G12+I12, 2)",0.0,Works particular bill,12,data/unpacked/L2025-00085-1/붙임2. 현지입찰(신규입찰) 서류 및 계약서류(안)/IKHCC Section 4 - IKHCC BLANK BOQ 250903_최종/1 Architectural & summery/BILL No1 -Architectural Works-01. HOSPITAL(BLANK BILL).xlsx,47d79c95e2c3273f84778935276c94526e369cc1b1bc057f6b03c998f44e253f
병원,HOSPITAL,010101,010101  STRUCTURE WORKS,concrete(of leveling layer),"'f'c 80mpa, for leveling layer",M3,142.0,43AE2142BE72BAF102D45DD52A0CA8181799D,직접자원단가,60.0,10.0,2.0,72.0,8520.0,1420.0,284.0,10224.0,복원,,,,"=ROUND(E13+G13+I13, 2)",0.0,Works particular bill,13,data/unpacked/L2025-00085-1/붙임2. 현지입찰(신규입찰) 서류 및 계약서류(안)/IKHCC Section 4 - IKHCC BLANK BOQ 250903_최종/1 Architectural & summery/BILL No1 -Architectural Works-01. HOSPITAL(BLANK BILL).xlsx,47d79c95e2c3273f84778935276c94526e369cc1b1bc057f6b03c998f44e253f
병원,HOSPITAL,010101,010101  STRUCTURE WORKS,a mold for concrete,,M2,19908.0,44822B4F067B863B02B72E9E748F6,복합일위대가,5.0,15.0,0.0,20.0,99540.0,298620.0,0.0,398160.0,복원,,,,"=ROUND(E14+G14+I14, 2)",0.0,Works particular bill,14,data/unpacked/L2025-00085-1/붙임2. 현지입찰(신규입찰) 서류 및 계약서류(안)/IKHCC Section 4 - IKHCC BLANK BOQ 250903_최종/1 Architectural & summery/BILL No1 -Architectural Works-01. HOSPITAL(BLANK BILL).xlsx,47d79c95e2c3273f84778935276c94526e369cc1b1bc057f6b03c998f44e253f
병원,HOSPITAL,010101,010101  STRUCTURE WORKS,"PVC water stop, 300 mm wid",,M,291.0,44822B4F947183A3D2A5CC3AF9726,복합일위대가,1.5,0.25,0.0,1.75,436.5,72.75,0.0,509.25,복원,,,,"=ROUND(E15+G15+I15, 2)",0.0,Works particular bill,15,data/unpacked/L2025-00085-1/붙임2. 현지입찰(신규입찰) 서류 및 계약서류(안)/IKHCC Section 4 - IKHCC BLANK BOQ 250903_최종/1 Architectural & summery/BILL No1 -Architectural Works-01. HOSPITAL(BLANK BILL).xlsx,47d79c95e2c3273f84778935276c94526e369cc1b1bc057f6b03c998f44e253f
병원,HOSPITAL,010102,010102  STEEL STRUCTURE WORKS,ㄱ Shape Steel,"ㄱ, 50*50*4mm",kg,16.868,43AE2142BE7340A532FB6B275834A7AC3881A,직접자원단가,0.8146337850847961,0.0,0.0,0.8146337850847961,13.74124268681034,0.0,0.0,13.74124268681034,복원,,,,"=ROUND(E29+G29+I29, 2)",0.0,Works particular bill,29,data/unpacked/L2025-00085-1/붙임2. 현지입찰(신규입찰) 서류 및 계약서류(안)/IKHCC Section 4 - IKHCC BLANK BOQ 250903_최종/1 Architectural & summery/BILL No1 -Architectural Works-01. HOSPITAL(BLANK BILL).xlsx,47d79c95e2c3273f84778935276c94526e369cc1b1bc057f6b03c998f44e253f
병원,HOSPITAL,010102,010102  STEEL STRUCTURE WORKS,ㄱ Shape Steel,"ㄱ, 90*90*10mm",kg,660.013,43AE2142BE7340A532FB6B275834A7AC3881B,직접자원단가,0.8146337850847961,0.0,0.0,0.8146337850847961,537.6688883951716,0.0,0.0,537.6688883951716,복원,,,,"=ROUND(E30+G30+I30, 2)",0.0,Works particular bill,30,data/unpacked/L2025-00085-1/붙임2. 현지입찰(신규입찰) 서류 및 계약서류(안)/IKHCC Section 4 - IKHCC BLANK BOQ 250903_최종/1 Architectural & summery/BILL No1 -Architectural Works-01. HOSPITAL(BLANK BILL).xlsx,47d79c95e2c3273f84778935276c94526e369cc1b1bc057f6b03c998f44e253f
병원,HOSPITAL,010102,010102  STEEL STRUCTURE WORKS,H Shape Steel,"SS275, 200*100*5.5*8mm",TON,0.294,43AE204010766031C22ED812F512356699399,직접자원단가,1800.0,0.0,0.0,1800.0,529.1999999999999,0.0,0.0,529.1999999999999,복원,,,,"=ROUND(E31+G31+I31, 2)",0.0,Works particular bill,31,data/unpacked/L2025-00085-1/붙임2. 현지입찰(신규입찰) 서류 및 계약서류(안)/IKHCC Section 4 - IKHCC BLANK BOQ 250903_최종/1 Architectural & summery/BILL No1 -Architectural Works-01. HOSPITAL(BLANK BILL).xlsx,47d79c95e2c3273f84778935276c94526e369cc1b1bc057f6b03c998f44e253f
병원,HOSPITAL,010102,010102  STEEL STRUCTURE WORKS,H Shape Steel,"SS275, 300*150*6.5*9mm",TON,0.776,43AE204010766031C22ED812F51235669939A,직접자원단가,1800.0,0.0,0.0,1800.0,1396.8,0.0,0.0,1396.8,복원,,,,"=ROUND(E32+G32+I32, 2)",0.0,Works particular bill,32,data/unpacked/L2025-00085-1/붙임2. 현지입찰(신규입찰) 서류 및 계약서류(안)/IKHCC Section 4 - IKHCC BLANK BOQ 250903_최종/1 Architectural & summery/BILL No1 -Architectural Works-01. HOSPITAL(BLANK BILL).xlsx,47d79c95e2c3273f84778935276c94526e369cc1b1bc057f6b03c998f44e253f
병원,HOSPITAL,010102,010102  STEEL STRUCTURE WORKS,H Shape Steel,"SS275, 300*300*10*15mm",TON,0.944,43AE204010766031C22ED812F51235669939B,직접자원단가,1800.0,0.0,0.0,1800.0,1699.1999999999998,0.0,0.0,1699.1999999999998,복원,,,,"=ROUND(E33+G33+I33, 2)",0.0,Works particular bill,33,data/unpacked/L2025-00085-1/붙임2. 현지입찰(신규입찰) 서류 및 계약서류(안)/IKHCC Section 4 - IKHCC BLANK BOQ 250903_최종/1 Architectural & summery/BILL No1 -Architectural Works-01. HOSPITAL(BLANK BILL).xlsx,47d79c95e2c3273f84778935276c94526e369cc1b1bc057f6b03c998f44e253f
병원,HOSPITAL,010102,010102  STEEL STRUCTURE WORKS,H Shape Steel,"SM275A, 300*150*6.5*9mm",TON,0.258,43AE204010766031C22ED812F51235669939C,직접자원단가,1800.0,0.0,0.0,1800.0,464.40000000000003,0.0,0.0,464.40000000000003,복원,,,,"=ROUND(E34+G34+I34, 2)",0.0,Works particular bill,34,data/unpacked/L2025-00085-1/붙임2. 현지입찰(신규입찰) 서류 및 계약서류(안)/IKHCC Section 4 - IKHCC BLANK BOQ 250903_최종/1 Architectural & summery/BILL No1 -Architectural Works-01. HOSPITAL(BLANK BILL).xlsx,47d79c95e2c3273f84778935276c94526e369cc1b1bc057f6b03c998f44e253f
병원,HOSPITAL,010102,010102  STEEL STRUCTURE WORKS,H Shape Steel,"SM275A, 390*300*10*16mm",TON,3.147,43AE204010766031C22ED812F5123566993E9,직접자원단가,1800.0,0.0,0.0,1800.0,5664.599999999999,0.0,0.0,5664.599999999999,복원,,,,"=ROUND(E35+G35+I35, 2)",0.0,Works particular bill,35,data/unpacked/L2025-00085-1/붙임2. 현지입찰(신규입찰) 서류 및 계약서류(안)/IKHCC Section 4 - IKHCC BLANK BOQ 250903_최종/1 Architectural & summery/BILL No1 -Architectural Works-01. HOSPITAL(BLANK BILL).xlsx,47d79c95e2c3273f84778935276c94526e369cc1b1bc057f6b03c998f44e253f
병원,HOSPITAL,010102,010102  STEEL STRUCTURE WORKS,Light Gage Steel,"C, 150*50*20, t3.2",TON,0.685,43AE204010766031C22ED812F51235669939E,직접자원단가,2000.0,0.0,0.0,2000.0,1370.0,0.0,0.0,1370.0,복원,,,,"=ROUND(E36+G36+I36, 2)",0.0,Works particular bill,36,data/unpacked/L2025-00085-1/붙임2. 현지입찰(신규입찰) 서류 및 계약서류(안)/IKHCC Section 4 - IKHCC BLANK BOQ 250903_최종/1 Architectural & summery/BILL No1 -Architectural Works-01. HOSPITAL(BLANK BILL).xlsx,47d79c95e2c3273f84778935276c94526e369cc1b1bc057f6b03c998f44e253f
병원,HOSPITAL,010102,010102  STEEL STRUCTURE WORKS,Steel Plate,"SS275, 6.0mm",TON,0.014,43AE204010766031C22ED812F51235669939F,직접자원단가,1300.0,0.0,0.0,1300.0,18.2,0.0,0.0,18.2,복원,,,,"=ROUND(E37+G37+I37, 2)",0.0,Works particular bill,37,data/unpacked/L2025-00085-1/붙임2. 현지입찰(신규입찰) 서류 및 계약서류(안)/IKHCC Section 4 - IKHCC BLANK BOQ 250903_최종/1 Architectural & summery/BILL No1 -Architectural Works-01. HOSPITAL(BLANK BILL).xlsx,47d79c95e2c3273f84778935276c94526e369cc1b1bc057f6b03c998f44e253f
병원,HOSPITAL,010102,010102  STEEL STRUCTURE WORKS,Steel Plate,"SS275, 8.0mm",TON,0.088,43AE204010766031C22ED812F512356699390,직접자원단가,1300.0,0.0,0.0,1300.0,114.39999999999999,0.0,0.0,114.39999999999999,복원,,,,"=ROUND(E38+G38+I38, 2)",0.0,Works particular bill,38,data/unpacked/L2025-00085-1/붙임2. 현지입찰(신규입찰) 서류 및 계약서류(안)/IKHCC Section 4 - IKHCC BLANK BOQ 250903_최종/1 Architectural & summery/BILL No1 -Architectural Works-01. HOSPITAL(BLANK BILL).xlsx,47d79c95e2c3273f84778935276c94526e369cc1b1bc057f6b03c998f44e253f
병원,HOSPITAL,010102,010102  STEEL STRUCTURE WORKS,Steel Plate,"SS275, 15mm",TON,0.073,43AE204010766031C22ED812F512356699391,직접자원단가,1300.0,0.0,0.0,1300.0,94.89999999999999,0.0,0.0,94.89999999999999,복원,,,,"=ROUND(E39+G39+I39, 2)",0.0,Works particular bill,39,data/unpacked/L2025-00085-1/붙임2. 현지입찰(신규입찰) 서류 및 계약서류(안)/IKHCC Section 4 - IKHCC BLANK BOQ 250903_최종/1 Architectural & summery/BILL No1 -Architectural Works-01. HOSPITAL(BLANK BILL).xlsx,47d79c95e2c3273f84778935276c94526e369cc1b1bc057f6b03c998f44e253f
병원,HOSPITAL,010102,010102  STEEL STRUCTURE WORKS,Steel Plate,"SS275, 18mm",TON,0.055,43AE204010766031C22ED812F5123566992F1,직접자원단가,1300.0,0.0,0.0,1300.0,71.5,0.0,0.0,71.5,복원,,,,"=ROUND(E40+G40+I40, 2)",0.0,Works particular bill,40,data/unpacked/L2025-00085-1/붙임2. 현지입찰(신규입찰) 서류 및 계약서류(안)/IKHCC Section 4 - IKHCC BLANK BOQ 250903_최종/1 Architectural & summery/BILL No1 -Architectural Works-01. HOSPITAL(BLANK BILL).xlsx,47d79c95e2c3273f84778935276c94526e369cc1b1bc057f6b03c998f44e253f
병원,HOSPITAL,010102,010102  STEEL STRUCTURE WORKS,Steel Plate,"SS275, 25mm",TON,0.135,43AE204010766031C22ED812F5123566992F0,직접자원단가,1300.0,0.0,0.0,1300.0,175.5,0.0,0.0,175.5,복원,,,,"=ROUND(E41+G41+I41, 2)",0.0,Works particular bill,41,data/unpacked/L2025-00085-1/붙임2. 현지입찰(신규입찰) 서류 및 계약서류(안)/IKHCC Section 4 - IKHCC BLANK BOQ 250903_최종/1 Architectural & summery/BILL No1 -Architectural Works-01. HOSPITAL(BLANK BILL).xlsx,47d79c95e2c3273f84778935276c94526e369cc1b1bc057f6b03c998f44e253f
병원,HOSPITAL,010102,010102  STEEL STRUCTURE WORKS,Steel Plate,"SM275, 6.0mm",TON,0.006,43AE204010766031C22ED812F5123566992F3,직접자원단가,1400.0,0.0,0.0,1400.0,8.4,0.0,0.0,8.4,복원,,,,"=ROUND(E42+G42+I42, 2)",0.0,Works particular bill,42,data/unpacked/L2025-00085-1/붙임2. 현지입찰(신규입찰) 서류 및 계약서류(안)/IKHCC Section 4 - IKHCC BLANK BOQ 250903_최종/1 Architectural & summery/BILL No1 -Architectural Works-01. HOSPITAL(BLANK BILL).xlsx,47d79c95e2c3273f84778935276c94526e369cc1b1bc057f6b03c998f44e253f
병원,HOSPITAL,010102,010102  STEEL STRUCTURE WORKS,Steel Plate,"SM275, 8.0mm",TON,0.011,43AE204010766031C22ED812F5123566992F2,직접자원단가,1400.0,0.0,0.0,1400.0,15.399999999999999,0.0,0.0,15.399999999999999,복원,,,,"=ROUND(E43+G43+I43, 2)",0.0,Works particular bill,43,data/unpacked/L2025-00085-1/붙임2. 현지입찰(신규입찰) 서류 및 계약서류(안)/IKHCC Section 4 - IKHCC BLANK BOQ 250903_최종/1 Architectural & summery/BILL No1 -Architectural Works-01. HOSPITAL(BLANK BILL).xlsx,47d79c95e2c3273f84778935276c94526e369cc1b1bc057f6b03c998f44e253f
병원,HOSPITAL,010102,010102  STEEL STRUCTURE WORKS,Steel Plate,"SM275, 9.0mm",TON,0.008,43AE204010766031C22ED812F5123566992F5,직접자원단가,1400.0,0.0,0.0,1400.0,11.200000000000001,0.0,0.0,11.200000000000001,복원,,,,"=ROUND(E44+G44+I44, 2)",0.0,Works particular bill,44,data/unpacked/L2025-00085-1/붙임2. 현지입찰(신규입찰) 서류 및 계약서류(안)/IKHCC Section 4 - IKHCC BLANK BOQ 250903_최종/1 Architectural & summery/BILL No1 -Architectural Works-01. HOSPITAL(BLANK BILL).xlsx,47d79c95e2c3273f84778935276c94526e369cc1b1bc057f6b03c998f44e253f
병원,HOSPITAL,010102,010102  STEEL STRUCTURE WORKS,Steel Plate,"SM275, 12mm",TON,0.077,43AE204010766031C22ED812F5123566992F4,직접자원단가,1400.0,0.0,0.0,1400.0,107.8,0.0,0.0,107.8,복원,,,,"=ROUND(E45+G45+I45, 2)",0.0,Works particular bill,45,data/unpacked/L2025-00085-1/붙임2. 현지입찰(신규입찰) 서류 및 계약서류(안)/IKHCC Section 4 - IKHCC BLANK BOQ 250903_최종/1 Architectural & summery/BILL No1 -Architectural Works-01. HOSPITAL(BLANK BILL).xlsx,47d79c95e2c3273f84778935276c94526e369cc1b1bc057f6b03c998f44e253f
병원,HOSPITAL,010102,010102  STEEL STRUCTURE WORKS,Steel Plate,"SM275, 16mm",TON,0.052,43AE204010766031C22ED812F5123566992F7,직접자원단가,1400.0,0.0,0.0,1400.0,72.8,0.0,0.0,72.8,복원,,,,"=ROUND(E46+G46+I46, 2)",0.0,Works particular bill,46,data/unpacked/L2025-00085-1/붙임2. 현지입찰(신규입찰) 서류 및 계약서류(안)/IKHCC Section 4 - IKHCC BLANK BOQ 250903_최종/1 Architectural & summery/BILL No1 -Architectural Works-01. HOSPITAL(BLANK BILL).xlsx,47d79c95e2c3273f84778935276c94526e369cc1b1bc057f6b03c998f44e253f
병원,HOSPITAL,010102,010102  STEEL STRUCTURE WORKS,Steel Plate,"SM275, 22mm",TON,0.079,43AE204010766031C22ED812F5123566992F6,직접자원단가,1400.0,0.0,0.0,1400.0,110.6,0.0,0.0,110.6,복원,,,,"=ROUND(E47+G47+I47, 2)",0.0,Works particular bill,47,data/unpacked/L2025-00085-1/붙임2. 현지입찰(신규입찰) 서류 및 계약서류(안)/IKHCC Section 4 - IKHCC BLANK BOQ 250903_최종/1 Architectural & summery/BILL No1 -Architectural Works-01. HOSPITAL(BLANK BILL).xlsx,47d79c95e2c3273f84778935276c94526e369cc1b1bc057f6b03c998f44e253f
병원,HOSPITAL,010102,010102  STEEL STRUCTURE WORKS,Anchor Bolt,M30*750mm,EA,17.0,43AE204010766031C22ED812F5123566992F9,직접자원단가,20.0,0.0,0.0,20.0,340.0,0.0,0.0,340.0,복원,,,,"=ROUND(E48+G48+I48, 2)",0.0,Works particular bill,48,data/unpacked/L2025-00085-1/붙임2. 현지입찰(신규입찰) 서류 및 계약서류(안)/IKHCC Section 4 - IKHCC BLANK BOQ 250903_최종/1 Architectural & summery/BILL No1 -Architectural Works-01. HOSPITAL(BLANK BILL).xlsx,47d79c95e2c3273f84778935276c94526e369cc1b1bc057f6b03c998f44e253f
병원,HOSPITAL,010102,010102  STEEL STRUCTURE WORKS,High Strength Bolt,"F10T, M20*50mm",SET,31.0,43AE204010766031C22ED812F5123566992F8,직접자원단가,3.0,0.0,0.0,3.0,93.0,0.0,0.0,93.0,복원,,,,"=ROUND(E49+G49+I49, 2)",0.0,Works particular bill,49,data/unpacked/L2025-00085-1/붙임2. 현지입찰(신규입찰) 서류 및 계약서류(안)/IKHCC Section 4 - IKHCC BLANK BOQ 250903_최종/1 Architectural & summery/BILL No1 -Architectural Works-01. HOSPITAL(BLANK BILL).xlsx,47d79c95e2c3273f84778935276c94526e369cc1b1bc057f6b03c998f44e253f
병원,HOSPITAL,010102,010102  STEEL STRUCTURE WORKS,High Strength Bolt,"F10T, M20*55mm",SET,50.0,43AE204010766031C22ED812F5123566991EA,직접자원단가,3.0,0.0,0.0,3.0,150.0,0.0,0.0,150.0,복원,,,,"=ROUND(E50+G50+I50, 2)",0.0,Works particular bill,50,data/unpacked/L2025-00085-1/붙임2. 현지입찰(신규입찰) 서류 및 계약서류(안)/IKHCC Section 4 - IKHCC BLANK BOQ 250903_최종/1 Architectural & summery/BILL No1 -Architectural Works-01. HOSPITAL(BLANK BILL).xlsx,47d79c95e2c3273f84778935276c94526e369cc1b1bc057f6b03c998f44e253f
병원,HOSPITAL,010102,010102  STEEL STRUCTURE WORKS,High Strength Bolt,"F10T, M20*60mm",SET,9.0,43AE204010766031C22ED812F5123566991EB,직접자원단가,3.0,0.0,0.0,3.0,27.0,0.0,0.0,27.0,복원,,,,"=ROUND(E51+G51+I51, 2)",0.0,Works particular bill,51,data/unpacked/L2025-00085-1/붙임2. 현지입찰(신규입찰) 서류 및 계약서류(안)/IKHCC Section 4 - IKHCC BLANK BOQ 250903_최종/1 Architectural & summery/BILL No1 -Architectural Works-01. HOSPITAL(BLANK BILL).xlsx,47d79c95e2c3273f84778935276c94526e369cc1b1bc057f6b03c998f44e253f
병원,HOSPITAL,010102,010102  STEEL STRUCTURE WORKS,High Strength Bolt,"F10T, M20*65mm",SET,38.0,43AE204010766031C22ED812F5123566991E8,직접자원단가,3.0,0.0,0.0,3.0,114.0,0.0,0.0,114.0,복원,,,,"=ROUND(E52+G52+I52, 2)",0.0,Works particular bill,52,data/unpacked/L2025-00085-1/붙임2. 현지입찰(신규입찰) 서류 및 계약서류(안)/IKHCC Section 4 - IKHCC BLANK BOQ 250903_최종/1 Architectural & summery/BILL No1 -Architectural Works-01. HOSPITAL(BLANK BILL).xlsx,47d79c95e2c3273f84778935276c94526e369cc1b1bc057f6b03c998f44e253f
병원,HOSPITAL,010102,010102  STEEL STRUCTURE WORKS,High Strength Bolt,"F10T, M20*70mm",SET,17.0,43AE204010766031C22ED812F5123566991E9,직접자원단가,3.0,0.0,0.0,3.0,51.0,0.0,0.0,51.0,복원,,,,"=ROUND(E53+G53+I53, 2)",0.0,Works particular bill,53,data/unpacked/L2025-00085-1/붙임2. 현지입찰(신규입찰) 서류 및 계약서류(안)/IKHCC Section 4 - IKHCC BLANK BOQ 250903_최종/1 Architectural & summery/BILL No1 -Architectural Works-01. HOSPITAL(BLANK BILL).xlsx,47d79c95e2c3273f84778935276c94526e369cc1b1bc057f6b03c998f44e253f
병원,HOSPITAL,010102,010102  STEEL STRUCTURE WORKS,High Strength Bolt,"F10T, M20*80mm",SET,66.0,43AE204010766031C22ED812F5123566991EE,직접자원단가,3.0,0.0,0.0,3.0,198.0,0.0,0.0,198.0,복원,,,,"=ROUND(E54+G54+I54, 2)",0.0,Works particular bill,54,data/unpacked/L2025-00085-1/붙임2. 현지입찰(신규입찰) 서류 및 계약서류(안)/IKHCC Section 4 - IKHCC BLANK BOQ 250903_최종/1 Architectural & summery/BILL No1 -Architectural Works-01. HOSPITAL(BLANK BILL).xlsx,47d79c95e2c3273f84778935276c94526e369cc1b1bc057f6b03c998f44e253f
병원,HOSPITAL,010102,010102  STEEL STRUCTURE WORKS,High Strength Bolt,"F10T, M16*40mm",SET,44.0,43AE204010766031C22ED812F5123566991EF,직접자원단가,3.0,0.0,0.0,3.0,132.0,0.0,0.0,132.0,복원,,,,"=ROUND(E55+G55+I55, 2)",0.0,Works particular bill,55,data/unpacked/L2025-00085-1/붙임2. 현지입찰(신규입찰) 서류 및 계약서류(안)/IKHCC Section 4 - IKHCC BLANK BOQ 250903_최종/1 Architectural & summery/BILL No1 -Architectural Works-01. HOSPITAL(BLANK BILL).xlsx,47d79c95e2c3273f84778935276c94526e369cc1b1bc057f6b03c998f44e253f
병원,HOSPITAL,010102,010102  STEEL STRUCTURE WORKS,Anchor Bolt Install,∮32,EA,16.0,43AE204010766031C22ED812F5123566991EC,직접자원단가,20.0,19.76,0.4,40.160000000000004,320.0,316.16,6.4,642.5600000000001,복원,,,,"=ROUND(E56+G56+I56, 2)",0.0,Works particular bill,56,data/unpacked/L2025-00085-1/붙임2. 현지입찰(신규입찰) 서류 및 계약서류(안)/IKHCC Section 4 - IKHCC BLANK BOQ 250903_최종/1 Architectural & summery/BILL No1 -Architectural Works-01. HOSPITAL(BLANK BILL).xlsx,47d79c95e2c3273f84778935276c94526e369cc1b1bc057f6b03c998f44e253f
병원,HOSPITAL,010102,010102  STEEL STRUCTURE WORKS,Stud Bolt Installer,M22*180,EA,12.0,43AE204010766031C22ED812F5123566991ED,직접자원단가,0.79,0.19,0.05,1.03,9.48,2.2800000000000002,0.6000000000000001,12.36,복원,,,,"=ROUND(E57+G57+I57, 2)",0.0,Works particular bill,57,data/unpacked/L2025-00085-1/붙임2. 현지입찰(신규입찰) 서류 및 계약서류(안)/IKHCC Section 4 - IKHCC BLANK BOQ 250903_최종/1 Architectural & summery/BILL No1 -Architectural Works-01. HOSPITAL(BLANK BILL).xlsx,47d79c95e2c3273f84778935276c94526e369cc1b1bc057f6b03c998f44e253f
병원,HOSPITAL,010102,010102  STEEL STRUCTURE WORKS,Non Shrink Mortar,590*590*30mm,EA,2.0,43AE204010766031C22ED812F5123566991E2,직접자원단가,6.88,22.65,0.0,29.529999999999998,13.76,45.3,0.0,59.059999999999995,복원,,,,"=ROUND(E58+G58+I58, 2)",0.0,Works particular bill,58,data/unpacked/L2025-00085-1/붙임2. 현지입찰(신규입찰) 서류 및 계약서류(안)/IKHCC Section 4 - IKHCC BLANK BOQ 250903_최종/1 Architectural & summery/BILL No1 -Architectural Works-01. HOSPITAL(BLANK BILL).xlsx,47d79c95e2c3273f84778935276c94526e369cc1b1bc057f6b03c998f44e253f
병원,HOSPITAL,010102,010102  STEEL STRUCTURE WORKS,Rust Resisting Paint,Steel Structure Face,M2,186.0,43AE204010766031C22ED812F5123566991E3,직접자원단가,1.0,0.29,0.03,1.32,186.0,53.94,5.58,245.52,복원,,,,"=ROUND(E59+G59+I59, 2)",0.0,Works particular bill,59,data/unpacked/L2025-00085-1/붙임2. 현지입찰(신규입찰) 서류 및 계약서류(안)/IKHCC Section 4 - IKHCC BLANK BOQ 250903_최종/1 Architectural & summery/BILL No1 -Architectural Works-01. HOSPITAL(BLANK BILL).xlsx,47d79c95e2c3273f84778935276c94526e369cc1b1bc057f6b03c998f44e253f
병원,HOSPITAL,010102,010102  STEEL STRUCTURE WORKS,Ready Mixed Paint,Steel Structure Face,M2,180.0,43AE204010766031C22ED812F5123566990C4,직접자원단가,1.0,0.58,0.06,1.6400000000000001,180.0,104.39999999999999,10.799999999999999,295.20000000000005,복원,,,,"=ROUND(E60+G60+I60, 2)",0.0,Works particular bill,60,data/unpacked/L2025-00085-1/붙임2. 현지입찰(신규입찰) 서류 및 계약서류(안)/IKHCC Section 4 - IKHCC BLANK BOQ 250903_최종/1 Architectural & summery/BILL No1 -Architectural Works-01. HOSPITAL(BLANK BILL).xlsx,47d79c95e2c3273f84778935276c94526e369cc1b1bc057f6b03c998f44e253f
병원,HOSPITAL,010103,010103  MASONRY WORKS,Brick,"190*90*57, FOR Interior wall",EA,344384.0,43AE2142BE708CFFD20BAA9FB5BFCB1E3CD03,직접자원단가,0.3,0.03,0.0,0.32999999999999996,103315.2,10331.52,0.0,113646.71999999999,복원,,,,"=ROUND(E77+G77+I77, 2)",0.0,Works particular bill,77,data/unpacked/L2025-00085-1/붙임2. 현지입찰(신규입찰) 서류 및 계약서류(안)/IKHCC Section 4 - IKHCC BLANK BOQ 250903_최종/1 Architectural & summery/BILL No1 -Architectural Works-01. HOSPITAL(BLANK BILL).xlsx,47d79c95e2c3273f84778935276c94526e369cc1b1bc057f6b03c998f44e253f
병원,HOSPITAL,010103,010103  MASONRY WORKS,"100mm thick brick, Interior wall",,M2,1039.0,4531284DDC776A4702EA22A0C0638FB35052E,직접자원단가,6.0,4.0,0.21,10.21,6234.0,4156.0,218.19,10608.19,복원,,,,"=ROUND(E78+G78+I78, 2)",0.0,Works particular bill,78,data/unpacked/L2025-00085-1/붙임2. 현지입찰(신규입찰) 서류 및 계약서류(안)/IKHCC Section 4 - IKHCC BLANK BOQ 250903_최종/1 Architectural & summery/BILL No1 -Architectural Works-01. HOSPITAL(BLANK BILL).xlsx,47d79c95e2c3273f84778935276c94526e369cc1b1bc057f6b03c998f44e253f
병원,HOSPITAL,010103,010103  MASONRY WORKS,"200mm thick brick, Interior wall",,M2,1677.0,4531284DDC776A4702EA22A0C0638FB350521,직접자원단가,7.0,4.0,0.21,11.21,11739.0,6708.0,352.16999999999996,18799.170000000002,복원,,,,"=ROUND(E79+G79+I79, 2)",0.0,Works particular bill,79,data/unpacked/L2025-00085-1/붙임2. 현지입찰(신규입찰) 서류 및 계약서류(안)/IKHCC Section 4 - IKHCC BLANK BOQ 250903_최종/1 Architectural & summery/BILL No1 -Architectural Works-01. HOSPITAL(BLANK BILL).xlsx,47d79c95e2c3273f84778935276c94526e369cc1b1bc057f6b03c998f44e253f
병원,HOSPITAL,010103,010103  MASONRY WORKS,"Concrete Lintel, 200mm thick",,M,120.0,4531284DDC776A4702EA22A0C0638FB350520,직접자원단가,4.0,5.0,0.0,9.0,480.0,600.0,0.0,1080.0,복원,,,,"=ROUND(E80+G80+I80, 2)",0.0,Works particular bill,80,data/unpacked/L2025-00085-1/붙임2. 현지입찰(신규입찰) 서류 및 계약서류(안)/IKHCC Section 4 - IKHCC BLANK BOQ 250903_최종/1 Architectural & summery/BILL No1 -Architectural Works-01. HOSPITAL(BLANK BILL).xlsx,47d79c95e2c3273f84778935276c94526e369cc1b1bc057f6b03c998f44e253f
병원,HOSPITAL,010103,010103  MASONRY WORKS,"Concrete Curbs, 200mm thick",,M,175.0,4482294B6B783411C23D19F244E22,복합일위대가,7.94,9.51,0.22,17.669999999999998,1389.5,1664.25,38.5,3092.2499999999995,복원,,,,"=ROUND(E81+G81+I81, 2)",0.0,Works particular bill,81,data/unpacked/L2025-00085-1/붙임2. 현지입찰(신규입찰) 서류 및 계약서류(안)/IKHCC Section 4 - IKHCC BLANK BOQ 250903_최종/1 Architectural & summery/BILL No1 -Architectural Works-01. HOSPITAL(BLANK BILL).xlsx,47d79c95e2c3273f84778935276c94526e369cc1b1bc057f6b03c998f44e253f
병원,HOSPITAL,010103,010103  MASONRY WORKS,"Concrete Curbs, 100mm thick",,M,350.0,4482294B6B783411C23D2A6157EE3,복합일위대가,6.94,6.51,0.22,13.67,2429.0,2278.5,77.0,4784.5,복원,,,,"=ROUND(E82+G82+I82, 2)",0.0,Works particular bill,82,data/unpacked/L2025-00085-1/붙임2. 현지입찰(신규입찰) 서류 및 계약서류(안)/IKHCC Section 4 - IKHCC BLANK BOQ 250903_최종/1 Architectural & summery/BILL No1 -Architectural Works-01. HOSPITAL(BLANK BILL).xlsx,47d79c95e2c3273f84778935276c94526e369cc1b1bc057f6b03c998f44e253f
병원,HOSPITAL,010104,010104  STONE WORKS,Basin counter/toilet W:600,,M,11.0,4531284DDC776A4702EA22A0C0638FB350402,직접자원단가,69.0,0.0,0.0,69.0,759.0,0.0,0.0,759.0,복원,,,,"=ROUND(E101+G101+I101, 2)",0.0,Works particular bill,101,data/unpacked/L2025-00085-1/붙임2. 현지입찰(신규입찰) 서류 및 계약서류(안)/IKHCC Section 4 - IKHCC BLANK BOQ 250903_최종/1 Architectural & summery/BILL No1 -Architectural Works-01. HOSPITAL(BLANK BILL).xlsx,47d79c95e2c3273f84778935276c94526e369cc1b1bc057f6b03c998f44e253f
병원,HOSPITAL,010104,010104  STONE WORKS,Supply & Fixing of Limestone(thickness: 50mm) cladding with pattern including fixing accessories,,M2,758.0,4482224D7C7851A6F27977E396BAC,복합일위대가,20.0,10.0,5.0,35.0,15160.0,7580.0,3790.0,26530.0,복원,,,,"=ROUND(E102+G102+I102, 2)",0.0,Works particular bill,102,data/unpacked/L2025-00085-1/붙임2. 현지입찰(신규입찰) 서류 및 계약서류(안)/IKHCC Section 4 - IKHCC BLANK BOQ 250903_최종/1 Architectural & summery/BILL No1 -Architectural Works-01. HOSPITAL(BLANK BILL).xlsx,47d79c95e2c3273f84778935276c94526e369cc1b1bc057f6b03c998f44e253f
병원,HOSPITAL,010104,010104  STONE WORKS,Supply & Fixing of GRANITE(thickness: 30mm) cladding with pattern including fixing accessories,,M2,128.0,4482224D7C7851A6F27977E3968D8,복합일위대가,60.0,5.0,2.0,67.0,7680.0,640.0,256.0,8576.0,복원,,,,"=ROUND(E103+G103+I103, 2)",0.0,Works particular bill,103,data/unpacked/L2025-00085-1/붙임2. 현지입찰(신규입찰) 서류 및 계약서류(안)/IKHCC Section 4 - IKHCC BLANK BOQ 250903_최종/1 Architectural & summery/BILL No1 -Architectural Works-01. HOSPITAL(BLANK BILL).xlsx,47d79c95e2c3273f84778935276c94526e369cc1b1bc057f6b03c998f44e253f
병원,HOSPITAL,010104,010104  STONE WORKS,Supply & Fixing of Marble(thickness: 30mm) cladding with pattern including fixing accessories;,,M2,128.0,4482224D7C7851A6F27977E3969FE,복합일위대가,65.26,27.74,0.0,93.0,8353.28,3550.72,0.0,11904.0,복원,,,,"=ROUND(E104+G104+I104, 2)",0.0,Works particular bill,104,data/unpacked/L2025-00085-1/붙임2. 현지입찰(신규입찰) 서류 및 계약서류(안)/IKHCC Section 4 - IKHCC BLANK BOQ 250903_최종/1 Architectural & summery/BILL No1 -Architectural Works-01. HOSPITAL(BLANK BILL).xlsx,47d79c95e2c3273f84778935276c94526e369cc1b1bc057f6b03c998f44e253f
병원,HOSPITAL,010104,010104  STONE WORKS,GRANITE,"Floor, 30mm",M2,377.0,4482224D7C7A0028821FB2B683454,복합일위대가,60.0,5.0,2.0,67.0,22620.0,1885.0,754.0,25259.0,복원,,,,"=ROUND(E105+G105+I105, 2)",0.0,Works particular bill,105,data/unpacked/L2025-00085-1/붙임2. 현지입찰(신규입찰) 서류 및 계약서류(안)/IKHCC Section 4 - IKHCC BLANK BOQ 250903_최종/1 Architectural & summery/BILL No1 -Architectural Works-01. HOSPITAL(BLANK BILL).xlsx,47d79c95e2c3273f84778935276c94526e369cc1b1bc057f6b03c998f44e253f
병원,HOSPITAL,010104,010104  STONE WORKS,"Supply & Fixing of Limestone Capping 65*30mm, Mortar 15mm",,M,183.0,4531284DDC776A4702EA22A0C0638FB350401,직접자원단가,3.0,2.09,0.03,5.12,549.0,382.46999999999997,5.49,936.96,복원,,,,"=ROUND(E106+G106+I106, 2)",0.0,Works particular bill,106,data/unpacked/L2025-00085-1/붙임2. 현지입찰(신규입찰) 서류 및 계약서류(안)/IKHCC Section 4 - IKHCC BLANK BOQ 250903_최종/1 Architectural & summery/BILL No1 -Architectural Works-01. HOSPITAL(BLANK BILL).xlsx,47d79c95e2c3273f84778935276c94526e369cc1b1bc057f6b03c998f44e253f
병원,HOSPITAL,010104,010104  STONE WORKS,"Supply & Fixing of LLimestone Capping 675*30mm, PLYWOOD 1PLY",,M,35.0,4482204849760A9E127F495A4C95F,복합일위대가,47.44,34.64,0.68,82.76,1660.3999999999999,1212.4,23.8,2896.6000000000004,복원,,,,"=ROUND(E107+G107+I107, 2)",0.0,Works particular bill,107,data/unpacked/L2025-00085-1/붙임2. 현지입찰(신규입찰) 서류 및 계약서류(안)/IKHCC Section 4 - IKHCC BLANK BOQ 250903_최종/1 Architectural & summery/BILL No1 -Architectural Works-01. HOSPITAL(BLANK BILL).xlsx,47d79c95e2c3273f84778935276c94526e369cc1b1bc057f6b03c998f44e253f
병원,HOSPITAL,010104,010104  STONE WORKS,"Supply & Fixing of Mable Capping 340*60mm, Mortar 30mm",,M,13.0,4482204849760A9E127F495A4C950,복합일위대가,31.69,10.61,0.09,42.39,411.97,137.93,1.17,551.07,복원,,,,"=ROUND(E108+G108+I108, 2)",0.0,Works particular bill,108,data/unpacked/L2025-00085-1/붙임2. 현지입찰(신규입찰) 서류 및 계약서류(안)/IKHCC Section 4 - IKHCC BLANK BOQ 250903_최종/1 Architectural & summery/BILL No1 -Architectural Works-01. HOSPITAL(BLANK BILL).xlsx,47d79c95e2c3273f84778935276c94526e369cc1b1bc057f6b03c998f44e253f
병원,HOSPITAL,010104,010104  STONE WORKS,Material separator,"GRANITE, 100*30mm, Mortar 30mm",M,19.0,44822048037FF7135292CF3DC6268,복합일위대가,6.21,3.62,0.23,10.06,117.99,68.78,4.37,191.14000000000001,복원,,,,"=ROUND(E109+G109+I109, 2)",0.0,Works particular bill,109,data/unpacked/L2025-00085-1/붙임2. 현지입찰(신규입찰) 서류 및 계약서류(안)/IKHCC Section 4 - IKHCC BLANK BOQ 250903_최종/1 Architectural & summery/BILL No1 -Architectural Works-01. HOSPITAL(BLANK BILL).xlsx,47d79c95e2c3273f84778935276c94526e369cc1b1bc057f6b03c998f44e253f
병원,HOSPITAL,010104,010104  STONE WORKS,PRECAST UNIT PAVER(T:80+20),,M2,253.0,448224420B78C77B626AE4A7825D9,복합일위대가,6.4,1.8,0.5,8.700000000000001,1619.2,455.40000000000003,126.5,2201.1000000000004,복원,,,,"=ROUND(E110+G110+I110, 2)",0.0,Works particular bill,110,data/unpacked/L2025-00085-1/붙임2. 현지입찰(신규입찰) 서류 및 계약서류(안)/IKHCC Section 4 - IKHCC BLANK BOQ 250903_최종/1 Architectural & summery/BILL No1 -Architectural Works-01. HOSPITAL(BLANK BILL).xlsx,47d79c95e2c3273f84778935276c94526e369cc1b1bc057f6b03c998f44e253f
병원,HOSPITAL,010105,010105  TILE WORKS,THK3 TILE ADHESIVE,,M2,41.0,4482224D47745562E22E70D7BC09A,복합일위대가,2.0,3.0,0.0,5.0,82.0,123.0,0.0,205.0,복원,,,,"=ROUND(E125+G125+I125, 2)",0.0,Works particular bill,125,data/unpacked/L2025-00085-1/붙임2. 현지입찰(신규입찰) 서류 및 계약서류(안)/IKHCC Section 4 - IKHCC BLANK BOQ 250903_최종/1 Architectural & summery/BILL No1 -Architectural Works-01. HOSPITAL(BLANK BILL).xlsx,47d79c95e2c3273f84778935276c94526e369cc1b1bc057f6b03c998f44e253f
병원,HOSPITAL,010105,010105  TILE WORKS,"Tile Bottom Mortar /Floor, Mortar 25mm",FLOOR,M2,177.0,4531284DDC776A4702EA22A0C0638FB350406,직접자원단가,1.65,3.0,0.0,4.65,292.05,531.0,0.0,823.0500000000001,복원,,,,"=ROUND(E126+G126+I126, 2)",0.0,Works particular bill,126,data/unpacked/L2025-00085-1/붙임2. 현지입찰(신규입찰) 서류 및 계약서류(안)/IKHCC Section 4 - IKHCC BLANK BOQ 250903_최종/1 Architectural & summery/BILL No1 -Architectural Works-01. HOSPITAL(BLANK BILL).xlsx,47d79c95e2c3273f84778935276c94526e369cc1b1bc057f6b03c998f44e253f
병원,HOSPITAL,010105,010105  TILE WORKS,"Tile Bottom Mortar /Floor, Mortar 41mm",FLOOR,M2,411.0,4531284DDC776A4702EA22A0C0638FB350407,직접자원단가,2.71,3.0,0.0,5.71,1113.81,1233.0,0.0,2346.81,복원,,,,"=ROUND(E127+G127+I127, 2)",0.0,Works particular bill,127,data/unpacked/L2025-00085-1/붙임2. 현지입찰(신규입찰) 서류 및 계약서류(안)/IKHCC Section 4 - IKHCC BLANK BOQ 250903_최종/1 Architectural & summery/BILL No1 -Architectural Works-01. HOSPITAL(BLANK BILL).xlsx,47d79c95e2c3273f84778935276c94526e369cc1b1bc057f6b03c998f44e253f
병원,HOSPITAL,010105,010105  TILE WORKS,"Tile Bottom Mortar /Floor, Mortar 51mm",FLOOR,M2,277.0,4531284DDC776A4702EA22A0C0638FB350404,직접자원단가,3.37,3.0,0.0,6.37,933.49,831.0,0.0,1764.49,복원,,,,"=ROUND(E128+G128+I128, 2)",0.0,Works particular bill,128,data/unpacked/L2025-00085-1/붙임2. 현지입찰(신규입찰) 서류 및 계약서류(안)/IKHCC Section 4 - IKHCC BLANK BOQ 250903_최종/1 Architectural & summery/BILL No1 -Architectural Works-01. HOSPITAL(BLANK BILL).xlsx,47d79c95e2c3273f84778935276c94526e369cc1b1bc057f6b03c998f44e253f
병원,HOSPITAL,010105,010105  TILE WORKS,"Tile Bottom Mortar /WALL, Mortar 23mm",WALL,M2,1156.0,4531284DDC776A4702EA22A0C0638FB350405,직접자원단가,1.52,3.0,0.0,4.52,1757.1200000000001,3468.0,0.0,5225.12,복원,,,,"=ROUND(E129+G129+I129, 2)",0.0,Works particular bill,129,data/unpacked/L2025-00085-1/붙임2. 현지입찰(신규입찰) 서류 및 계약서류(안)/IKHCC Section 4 - IKHCC BLANK BOQ 250903_최종/1 Architectural & summery/BILL No1 -Architectural Works-01. HOSPITAL(BLANK BILL).xlsx,47d79c95e2c3273f84778935276c94526e369cc1b1bc057f6b03c998f44e253f
병원,HOSPITAL,010105,010105  TILE WORKS,"Size, Thk 9mm Porcelain tiles",,M2,374.0,4482204864700D277296005B1854F,복합일위대가,20.0,3.0,0.0,23.0,7480.0,1122.0,0.0,8602.0,복원,,,,"=ROUND(E130+G130+I130, 2)",0.0,Works particular bill,130,data/unpacked/L2025-00085-1/붙임2. 현지입찰(신규입찰) 서류 및 계약서류(안)/IKHCC Section 4 - IKHCC BLANK BOQ 250903_최종/1 Architectural & summery/BILL No1 -Architectural Works-01. HOSPITAL(BLANK BILL).xlsx,47d79c95e2c3273f84778935276c94526e369cc1b1bc057f6b03c998f44e253f
병원,HOSPITAL,010105,010105  TILE WORKS,"Size, Thk 9mm Porcelain tiles (Non-Slip)",,M2,314.0,4482204864700D277296005B0E574,복합일위대가,25.0,3.0,0.0,28.0,7850.0,942.0,0.0,8792.0,복원,,,,"=ROUND(E131+G131+I131, 2)",0.0,Works particular bill,131,data/unpacked/L2025-00085-1/붙임2. 현지입찰(신규입찰) 서류 및 계약서류(안)/IKHCC Section 4 - IKHCC BLANK BOQ 250903_최종/1 Architectural & summery/BILL No1 -Architectural Works-01. HOSPITAL(BLANK BILL).xlsx,47d79c95e2c3273f84778935276c94526e369cc1b1bc057f6b03c998f44e253f
병원,HOSPITAL,010105,010105  TILE WORKS,"Size, Thk 25mm Terrazzo tiles",,M2,177.0,4482204864700D277296005B0ED4A,복합일위대가,9.0,3.0,0.0,12.0,1593.0,531.0,0.0,2124.0,복원,,,,"=ROUND(E132+G132+I132, 2)",0.0,Works particular bill,132,data/unpacked/L2025-00085-1/붙임2. 현지입찰(신규입찰) 서류 및 계약서류(안)/IKHCC Section 4 - IKHCC BLANK BOQ 250903_최종/1 Architectural & summery/BILL No1 -Architectural Works-01. HOSPITAL(BLANK BILL).xlsx,47d79c95e2c3273f84778935276c94526e369cc1b1bc057f6b03c998f44e253f
병원,HOSPITAL,010105,010105  TILE WORKS,"Size, ThK 7mm Ceramic tiles(Toilet & Shower, Staff)",,M2,1196.0,4482204864700D277296005B0ECA3,복합일위대가,20.0,3.0,0.0,23.0,23920.0,3588.0,0.0,27508.0,복원,,,,"=ROUND(E133+G133+I133, 2)",0.0,Works particular bill,133,data/unpacked/L2025-00085-1/붙임2. 현지입찰(신규입찰) 서류 및 계약서류(안)/IKHCC Section 4 - IKHCC BLANK BOQ 250903_최종/1 Architectural & summery/BILL No1 -Architectural Works-01. HOSPITAL(BLANK BILL).xlsx,47d79c95e2c3273f84778935276c94526e369cc1b1bc057f6b03c998f44e253f
병원,HOSPITAL,010106,010106  FINISH WORKS,Suspended METAL CEILING Panel on Frame,,M2,380.0,43AE2142BE750E32422BE6D9DD3406C76FA01,직접자원단가,5.0,0.0,0.0,5.0,1900.0,0.0,0.0,1900.0,복원,,,,"=ROUND(E149+G149+I149, 2)",0.0,Works particular bill,149,data/unpacked/L2025-00085-1/붙임2. 현지입찰(신규입찰) 서류 및 계약서류(안)/IKHCC Section 4 - IKHCC BLANK BOQ 250903_최종/1 Architectural & summery/BILL No1 -Architectural Works-01. HOSPITAL(BLANK BILL).xlsx,47d79c95e2c3273f84778935276c94526e369cc1b1bc057f6b03c998f44e253f
병원,HOSPITAL,010106,010106  FINISH WORKS,"THK197 ACCESS FLOOR, THK3 CONDUCTIVE TILE",,M2,50.0,4531284DDC776A4702EA22A0C0638FB35040A,직접자원단가,110.0,20.0,0.0,130.0,5500.0,1000.0,0.0,6500.0,복원,,,,"=ROUND(E150+G150+I150, 2)",0.0,Works particular bill,150,data/unpacked/L2025-00085-1/붙임2. 현지입찰(신규입찰) 서류 및 계약서류(안)/IKHCC Section 4 - IKHCC BLANK BOQ 250903_최종/1 Architectural & summery/BILL No1 -Architectural Works-01. HOSPITAL(BLANK BILL).xlsx,47d79c95e2c3273f84778935276c94526e369cc1b1bc057f6b03c998f44e253f
병원,HOSPITAL,010106,010106  FINISH WORKS,Bathroom Partition,,M2,54.0,4531284DDC776A4702EA22A0C0638FB35040B,직접자원단가,130.0,0.0,0.0,130.0,7020.0,0.0,0.0,7020.0,복원,,,,"=ROUND(E151+G151+I151, 2)",0.0,Works particular bill,151,data/unpacked/L2025-00085-1/붙임2. 현지입찰(신규입찰) 서류 및 계약서류(안)/IKHCC Section 4 - IKHCC BLANK BOQ 250903_최종/1 Architectural & summery/BILL No1 -Architectural Works-01. HOSPITAL(BLANK BILL).xlsx,47d79c95e2c3273f84778935276c94526e369cc1b1bc057f6b03c998f44e253f
병원,HOSPITAL,010106,010106  FINISH WORKS,"Thk 2mm,Vinyl Sheet (A / GENERAL), W/Plastering 58mm thick on concrete floors",,M2,553.0,4531284DDC776A4702EA22A0C0638FB3507D6,직접자원단가,15.0,2.04,0.0,17.04,8295.0,1128.1200000000001,0.0,9423.119999999999,복원,,,,"=ROUND(E152+G152+I152, 2)",0.0,Works particular bill,152,data/unpacked/L2025-00085-1/붙임2. 현지입찰(신규입찰) 서류 및 계약서류(안)/IKHCC Section 4 - IKHCC BLANK BOQ 250903_최종/1 Architectural & summery/BILL No1 -Architectural Works-01. HOSPITAL(BLANK BILL).xlsx,47d79c95e2c3273f84778935276c94526e369cc1b1bc057f6b03c998f44e253f
병원,HOSPITAL,010106,010106  FINISH WORKS,"Thk 2mm,Vinyl Sheet (B / HEAVY DUTY), W/Plastering 58mm thick on concrete floors",,M2,150.0,4531284DDC776A4702EA22A0C0638FB3507D7,직접자원단가,16.0,2.04,0.0,18.04,2400.0,306.0,0.0,2706.0,복원,,,,"=ROUND(E153+G153+I153, 2)",0.0,Works particular bill,153,data/unpacked/L2025-00085-1/붙임2. 현지입찰(신규입찰) 서류 및 계약서류(안)/IKHCC Section 4 - IKHCC BLANK BOQ 250903_최종/1 Architectural & summery/BILL No1 -Architectural Works-01. HOSPITAL(BLANK BILL).xlsx,47d79c95e2c3273f84778935276c94526e369cc1b1bc057f6b03c998f44e253f
병원,HOSPITAL,010106,010106  FINISH WORKS,"Thk 2mm,Vinyl Sheet (C / ANTI-BACTERIAL), W/Plastering 58mm thick on concrete floors",,M2,1561.0,4531284DDC776A4702EA22A0C0638FB3507D4,직접자원단가,20.0,2.04,0.0,22.04,31220.0,3184.44,0.0,34404.439999999995,복원,,,,"=ROUND(E154+G154+I154, 2)",0.0,Works particular bill,154,data/unpacked/L2025-00085-1/붙임2. 현지입찰(신규입찰) 서류 및 계약서류(안)/IKHCC Section 4 - IKHCC BLANK BOQ 250903_최종/1 Architectural & summery/BILL No1 -Architectural Works-01. HOSPITAL(BLANK BILL).xlsx,47d79c95e2c3273f84778935276c94526e369cc1b1bc057f6b03c998f44e253f
병원,HOSPITAL,010106,010106  FINISH WORKS,"Thk 2mm,Vinyl Sheet (B / HEAVY DUTY), W/Plastering 48mm thick on concrete floors",,M2,252.0,4531284DDC776A4702EA22A0C0638FB3507D5,직접자원단가,15.5,2.04,0.0,17.54,3906.0,514.08,0.0,4420.08,복원,,,,"=ROUND(E155+G155+I155, 2)",0.0,Works particular bill,155,data/unpacked/L2025-00085-1/붙임2. 현지입찰(신규입찰) 서류 및 계약서류(안)/IKHCC Section 4 - IKHCC BLANK BOQ 250903_최종/1 Architectural & summery/BILL No1 -Architectural Works-01. HOSPITAL(BLANK BILL).xlsx,47d79c95e2c3273f84778935276c94526e369cc1b1bc057f6b03c998f44e253f
병원,HOSPITAL,010106,010106  FINISH WORKS,"Thk 2mm,Vinyl Sheet (C / ANTI-BACTERIAL), W/Plastering 48mm thick on concrete floors",,M2,293.0,4531284DDC776A4702EA22A0C0638FB3507D2,직접자원단가,20.0,2.04,0.0,22.04,5860.0,597.72,0.0,6457.719999999999,복원,,,,"=ROUND(E156+G156+I156, 2)",0.0,Works particular bill,156,data/unpacked/L2025-00085-1/붙임2. 현지입찰(신규입찰) 서류 및 계약서류(안)/IKHCC Section 4 - IKHCC BLANK BOQ 250903_최종/1 Architectural & summery/BILL No1 -Architectural Works-01. HOSPITAL(BLANK BILL).xlsx,47d79c95e2c3273f84778935276c94526e369cc1b1bc057f6b03c998f44e253f
병원,HOSPITAL,010106,010106  FINISH WORKS,"Thk 2mm,Vinyl Sheet (D / CONDUCTIVE), W/Plastering 48mm thick on concrete floors",,M2,42.0,4531284DDC776A4702EA22A0C0638FB3507D3,직접자원단가,20.0,2.04,0.0,22.04,840.0,85.68,0.0,925.68,복원,,,,"=ROUND(E157+G157+I157, 2)",0.0,Works particular bill,157,data/unpacked/L2025-00085-1/붙임2. 현지입찰(신규입찰) 서류 및 계약서류(안)/IKHCC Section 4 - IKHCC BLANK BOQ 250903_최종/1 Architectural & summery/BILL No1 -Architectural Works-01. HOSPITAL(BLANK BILL).xlsx,47d79c95e2c3273f84778935276c94526e369cc1b1bc057f6b03c998f44e253f
병원,HOSPITAL,010106,010106  FINISH WORKS,"Thk 2mm,Vinyl Sheet (A / GENERAL), W/Plastering 48mm thick on concrete floors",,M2,95.0,4531284DDC776A4702EA22A0C0638FB3507D0,직접자원단가,14.5,2.04,0.0,16.54,1377.5,193.8,0.0,1571.3,복원,,,,"=ROUND(E158+G158+I158, 2)",0.0,Works particular bill,158,data/unpacked/L2025-00085-1/붙임2. 현지입찰(신규입찰) 서류 및 계약서류(안)/IKHCC Section 4 - IKHCC BLANK BOQ 250903_최종/1 Architectural & summery/BILL No1 -Architectural Works-01. HOSPITAL(BLANK BILL).xlsx,47d79c95e2c3273f84778935276c94526e369cc1b1bc057f6b03c998f44e253f
병원,HOSPITAL,010106,010106  FINISH WORKS,"Supplying and laying of 100mm (h), 2T Vinyl Sheet skirting.",,M2,227.0,4531284DDC776A4702EA22A0C0638FB3507D1,직접자원단가,5.0,0.0,0.0,5.0,1135.0,0.0,0.0,1135.0,복원,,,,"=ROUND(E159+G159+I159, 2)",0.0,Works particular bill,159,data/unpacked/L2025-00085-1/붙임2. 현지입찰(신규입찰) 서류 및 계약서류(안)/IKHCC Section 4 - IKHCC BLANK BOQ 250903_최종/1 Architectural & summery/BILL No1 -Architectural Works-01. HOSPITAL(BLANK BILL).xlsx,47d79c95e2c3273f84778935276c94526e369cc1b1bc057f6b03c998f44e253f
병원,HOSPITAL,010106,010106  FINISH WORKS,Supplying and laying of 100mm (h) PVC skirting.,,M2,7.0,4531284DDC776A4702EA22A0C0638FB3507DE,직접자원단가,15.0,0.0,0.0,15.0,105.0,0.0,0.0,105.0,복원,,,,"=ROUND(E160+G160+I160, 2)",0.0,Works particular bill,160,data/unpacked/L2025-00085-1/붙임2. 현지입찰(신규입찰) 서류 및 계약서류(안)/IKHCC Section 4 - IKHCC BLANK BOQ 250903_최종/1 Architectural & summery/BILL No1 -Architectural Works-01. HOSPITAL(BLANK BILL).xlsx,47d79c95e2c3273f84778935276c94526e369cc1b1bc057f6b03c998f44e253f
병원,HOSPITAL,010106,010106  FINISH WORKS,Supplying and laying of 100mm (h) 15T Granite skirting.,,M2,12.0,4531284DDC776A4702EA22A0C0638FB3507DF,직접자원단가,15.0,0.0,0.0,15.0,180.0,0.0,0.0,180.0,복원,,,,"=ROUND(E161+G161+I161, 2)",0.0,Works particular bill,161,data/unpacked/L2025-00085-1/붙임2. 현지입찰(신규입찰) 서류 및 계약서류(안)/IKHCC Section 4 - IKHCC BLANK BOQ 250903_최종/1 Architectural & summery/BILL No1 -Architectural Works-01. HOSPITAL(BLANK BILL).xlsx,47d79c95e2c3273f84778935276c94526e369cc1b1bc057f6b03c998f44e253f
병원,HOSPITAL,010106,010106  FINISH WORKS,"Supplying and laying of 100mm (h) porcelain tile skirting, T3 Tile Adhesive",,M2,11.0,4531284DDC776A4702EA22A0C0638FB3506CF,직접자원단가,5.0,0.0,0.0,5.0,55.0,0.0,0.0,55.0,복원,,,,"=ROUND(E162+G162+I162, 2)",0.0,Works particular bill,162,data/unpacked/L2025-00085-1/붙임2. 현지입찰(신규입찰) 서류 및 계약서류(안)/IKHCC Section 4 - IKHCC BLANK BOQ 250903_최종/1 Architectural & summery/BILL No1 -Architectural Works-01. HOSPITAL(BLANK BILL).xlsx,47d79c95e2c3273f84778935276c94526e369cc1b1bc057f6b03c998f44e253f
병원,HOSPITAL,010106,010106  FINISH WORKS,"DRY WALL D1(W125), General Drywall System,(ON 100*45*0.8 C-STUD @450+102*40*0.8 RUNNER)",(T12.5 General Gypsum Board) 2LAYER+(T12.5 General Gypsum Board) 2LAYER,M2,1675.0,4531284DDC776A4702EA22A0C0638FB3506CE,직접자원단가,25.0,9.88,0.19,35.07,41875.0,16549.0,318.25,58742.25,복원,,,,"=ROUND(E163+G163+I163, 2)",0.0,Works particular bill,163,data/unpacked/L2025-00085-1/붙임2. 현지입찰(신규입찰) 서류 및 계약서류(안)/IKHCC Section 4 - IKHCC BLANK BOQ 250903_최종/1 Architectural & summery/BILL No1 -Architectural Works-01. HOSPITAL(BLANK BILL).xlsx,47d79c95e2c3273f84778935276c94526e369cc1b1bc057f6b03c998f44e253f
병원,HOSPITAL,010106,010106  FINISH WORKS,"DRY WALL D2(W125), General Drywall System,(ON 100*45*0.8 C-STUD @450+102*40*0.8 RUNNER)",(T12.5 General Gypsum Board) 2LAYER+General Wool Nature 24K 50mm+(T12.5 General Gypsum Board) 2LAYER,M2,359.0,4531284DDC776A4702EA22A0C0638FB3506CD,직접자원단가,29.0,12.45,0.19,41.64,10411.0,4469.55,68.21,14948.76,복원,,,,"=ROUND(E164+G164+I164, 2)",0.0,Works particular bill,164,data/unpacked/L2025-00085-1/붙임2. 현지입찰(신규입찰) 서류 및 계약서류(안)/IKHCC Section 4 - IKHCC BLANK BOQ 250903_최종/1 Architectural & summery/BILL No1 -Architectural Works-01. HOSPITAL(BLANK BILL).xlsx,47d79c95e2c3273f84778935276c94526e369cc1b1bc057f6b03c998f44e253f
병원,HOSPITAL,010106,010106  FINISH WORKS,"DRY WALL D3(W75), 1-Sided Drywall System,(ON 50*45*0.8 C-STUD @450+52*40*0.8 RUNNER)",(T12.5 General Gypsum Board) 2LAYER,M2,424.0,4531284DDC776A4702EA22A0C0638FB3506CC,직접자원단가,14.0,6.51,0.19,20.7,5936.0,2760.24,80.56,8776.8,복원,,,,"=ROUND(E165+G165+I165, 2)",0.0,Works particular bill,165,data/unpacked/L2025-00085-1/붙임2. 현지입찰(신규입찰) 서류 및 계약서류(안)/IKHCC Section 4 - IKHCC BLANK BOQ 250903_최종/1 Architectural & summery/BILL No1 -Architectural Works-01. HOSPITAL(BLANK BILL).xlsx,47d79c95e2c3273f84778935276c94526e369cc1b1bc057f6b03c998f44e253f
병원,HOSPITAL,010106,010106  FINISH WORKS,"DRY WALL D4(W125), 1-Sided Drywall System,(ON 50*45*0.8 C-STUD @450+52*40*0.8 RUNNER)",(T12.5 General Gypsum Board) 2LAYER,EA,261.0,4531284DDC776A4702EA22A0C0638FB347F7E,직접자원단가,40.0,10.0,0.19,50.19,10440.0,2610.0,49.59,13099.59,복원,,,,"=ROUND(E166+G166+I166, 2)",0.0,Works particular bill,166,data/unpacked/L2025-00085-1/붙임2. 현지입찰(신규입찰) 서류 및 계약서류(안)/IKHCC Section 4 - IKHCC BLANK BOQ 250903_최종/1 Architectural & summery/BILL No1 -Architectural Works-01. HOSPITAL(BLANK BILL).xlsx,47d79c95e2c3273f84778935276c94526e369cc1b1bc057f6b03c998f44e253f
병원,HOSPITAL,010106,010106  FINISH WORKS,"DRY WALL D4A(W125), 1-Sided Drywall System,(ON 50*45*0.8 C-STUD @450+52*40*0.8 RUNNER)",(T12.5 General Gypsum Board) 2LAYER+THK2.0 LEAD PLATE,EA,143.0,4531284DDC776A4702EA22A0C0638FB347F79,직접자원단가,40.0,10.0,0.19,50.19,5720.0,1430.0,27.17,7177.17,복원,,,,"=ROUND(E167+G167+I167, 2)",0.0,Works particular bill,167,data/unpacked/L2025-00085-1/붙임2. 현지입찰(신규입찰) 서류 및 계약서류(안)/IKHCC Section 4 - IKHCC BLANK BOQ 250903_최종/1 Architectural & summery/BILL No1 -Architectural Works-01. HOSPITAL(BLANK BILL).xlsx,47d79c95e2c3273f84778935276c94526e369cc1b1bc057f6b03c998f44e253f
병원,HOSPITAL,010106,010106  FINISH WORKS,"DRY WALL D5(W200), General Drywall System,(ON 150*45*0.8 C-STUD @450+152*40*0.8 RUNNER)",(T12.5 General Gypsum Board) 2LAYER+(T12.5 General Gypsum Board) 2LAYER,EA,121.0,4531284DDC776A4702EA22A0C0638FB347F78,직접자원단가,40.0,10.0,0.19,50.19,4840.0,1210.0,22.990000000000002,6072.99,복원,,,,"=ROUND(E168+G168+I168, 2)",0.0,Works particular bill,168,data/unpacked/L2025-00085-1/붙임2. 현지입찰(신규입찰) 서류 및 계약서류(안)/IKHCC Section 4 - IKHCC BLANK BOQ 250903_최종/1 Architectural & summery/BILL No1 -Architectural Works-01. HOSPITAL(BLANK BILL).xlsx,47d79c95e2c3273f84778935276c94526e369cc1b1bc057f6b03c998f44e253f
병원,HOSPITAL,010106,010106  FINISH WORKS,"DRY WALL DW6(W75), 1-Sided Drywall System,(ON 50*45*0.8 DRY WALL D6(W100), General DrSTUD @450+52*40*0.8 R",(T12.5 General Gypsum Board) 2LAYER+Glass Wool Nature 24K 50mm,M2,374.0,4482204849760A9E127F495D0F384,복합일위대가,44.0,10.0,0.19,54.19,16456.0,3740.0,71.06,20267.059999999998,복원,,,,"=ROUND(E169+G169+I169, 2)",0.0,Works particular bill,169,data/unpacked/L2025-00085-1/붙임2. 현지입찰(신규입찰) 서류 및 계약서류(안)/IKHCC Section 4 - IKHCC BLANK BOQ 250903_최종/1 Architectural & summery/BILL No1 -Architectural Works-01. HOSPITAL(BLANK BILL).xlsx,47d79c95e2c3273f84778935276c94526e369cc1b1bc057f6b03c998f44e253f
병원,HOSPITAL,010106,010106  FINISH WORKS,"DRY WALL DF1(W125), 1-Hour Fireproof Structrue, (ON 75*45*0.8 C-STUD @450+77*44*0.8 RUNNER)",(T12.5 F.P Gypsum Board) 2LAYER+General Wool Nature 24K 50mm+(T12.5 F.P Gypsum Board) 2LAYER,EA,856.0,4531284DDC776A4702EA22A0C0638FB347F7B,직접자원단가,40.0,10.0,0.19,50.19,34240.0,8560.0,162.64000000000001,42962.64,복원,,,,"=ROUND(E170+G170+I170, 2)",0.0,Works particular bill,170,data/unpacked/L2025-00085-1/붙임2. 현지입찰(신규입찰) 서류 및 계약서류(안)/IKHCC Section 4 - IKHCC BLANK BOQ 250903_최종/1 Architectural & summery/BILL No1 -Architectural Works-01. HOSPITAL(BLANK BILL).xlsx,47d79c95e2c3273f84778935276c94526e369cc1b1bc057f6b03c998f44e253f
병원,HOSPITAL,010106,010106  FINISH WORKS,"DRY WALL DF2(W75), 1-Sided Drywall System,(ON 50*45*0.8 C-STUD @450+52*40*0.8 RUNNER)",(T12.5 F.P Gypsum Board) 2LAYER,EA,210.0,4531284DDC776A4702EA22A0C0638FB347F7A,직접자원단가,40.0,10.0,0.19,50.19,8400.0,2100.0,39.9,10539.9,복원,,,,"=ROUND(E171+G171+I171, 2)",0.0,Works particular bill,171,data/unpacked/L2025-00085-1/붙임2. 현지입찰(신규입찰) 서류 및 계약서류(안)/IKHCC Section 4 - IKHCC BLANK BOQ 250903_최종/1 Architectural & summery/BILL No1 -Architectural Works-01. HOSPITAL(BLANK BILL).xlsx,47d79c95e2c3273f84778935276c94526e369cc1b1bc057f6b03c998f44e253f
병원,HOSPITAL,010106,010106  FINISH WORKS,"DRY WALL DS1(W200), General Drywall System(SHIELDING WALL),(ON 65*45*0.8 C-STUD @450+67*40*0.8 RUNNER)",(T12.5 General Gypsum Board) 2LAYER+THK2.0 LEAD PLATE+(T12.5 General Gypsum Board) 2LAYER,EA,66.0,4531284DDC776A4702EA22A0C0638FB347F75,직접자원단가,40.0,10.0,0.19,50.19,2640.0,660.0,12.540000000000001,3312.54,복원,,,,"=ROUND(E172+G172+I172, 2)",0.0,Works particular bill,172,data/unpacked/L2025-00085-1/붙임2. 현지입찰(신규입찰) 서류 및 계약서류(안)/IKHCC Section 4 - IKHCC BLANK BOQ 250903_최종/1 Architectural & summery/BILL No1 -Architectural Works-01. HOSPITAL(BLANK BILL).xlsx,47d79c95e2c3273f84778935276c94526e369cc1b1bc057f6b03c998f44e253f
병원,HOSPITAL,010106,010106  FINISH WORKS,"DRY WALL DW1(W125), General Drywall System,(ON 75*45*0.8 C-STUD @450+77*44*0.8 RUNNER)",(T12.5 W.P Gypsum Board) 2LAYER+General Wool Nature 24K 50mm+(T12.5 General Gypsum Board) 2LAYER,EA,154.0,4531284DDC776A4702EA22A0C0638FB347F74,직접자원단가,40.0,10.0,0.19,50.19,6160.0,1540.0,29.26,7729.259999999999,복원,,,,"=ROUND(E173+G173+I173, 2)",0.0,Works particular bill,173,data/unpacked/L2025-00085-1/붙임2. 현지입찰(신규입찰) 서류 및 계약서류(안)/IKHCC Section 4 - IKHCC BLANK BOQ 250903_최종/1 Architectural & summery/BILL No1 -Architectural Works-01. HOSPITAL(BLANK BILL).xlsx,47d79c95e2c3273f84778935276c94526e369cc1b1bc057f6b03c998f44e253f
병원,HOSPITAL,010106,010106  FINISH WORKS,GLASS BACK,THK50 INSULATION+THK0.8 COLOR STEEL SHEET,M2,37.0,4482204849760A9E127F4949DD94E,복합일위대가,9.0,0.0,0.0,9.0,333.0,0.0,0.0,333.0,복원,,,,"=ROUND(E174+G174+I174, 2)",0.0,Works particular bill,174,data/unpacked/L2025-00085-1/붙임2. 현지입찰(신규입찰) 서류 및 계약서류(안)/IKHCC Section 4 - IKHCC BLANK BOQ 250903_최종/1 Architectural & summery/BILL No1 -Architectural Works-01. HOSPITAL(BLANK BILL).xlsx,47d79c95e2c3273f84778935276c94526e369cc1b1bc057f6b03c998f44e253f
병원,HOSPITAL,010106,010106  FINISH WORKS,Holding door,,M2,13.0,4482204849760A9E127F4949C332C,복합일위대가,33.36,0.0,0.0,33.36,433.68,0.0,0.0,433.68,복원,,,,"=ROUND(E175+G175+I175, 2)",0.0,Works particular bill,175,data/unpacked/L2025-00085-1/붙임2. 현지입찰(신규입찰) 서류 및 계약서류(안)/IKHCC Section 4 - IKHCC BLANK BOQ 250903_최종/1 Architectural & summery/BILL No1 -Architectural Works-01. HOSPITAL(BLANK BILL).xlsx,47d79c95e2c3273f84778935276c94526e369cc1b1bc057f6b03c998f44e253f
병원,HOSPITAL,010106,010106  FINISH WORKS,"High density Insulation board on Wall,Thk 50mm",,M2,1326.0,44822048387C4468A2D648548B59A,복합일위대가,4.0,0.0,0.0,4.0,5304.0,0.0,0.0,5304.0,복원,,,,"=ROUND(E176+G176+I176, 2)",0.0,Works particular bill,176,data/unpacked/L2025-00085-1/붙임2. 현지입찰(신규입찰) 서류 및 계약서류(안)/IKHCC Section 4 - IKHCC BLANK BOQ 250903_최종/1 Architectural & summery/BILL No1 -Architectural Works-01. HOSPITAL(BLANK BILL).xlsx,47d79c95e2c3273f84778935276c94526e369cc1b1bc057f6b03c998f44e253f
병원,HOSPITAL,010106,010106  FINISH WORKS,"High density Insulation board on Slab,Thk 50mm",,M2,1391.0,44822048387C4468A2D648548B6A1,복합일위대가,4.0,0.0,0.0,4.0,5564.0,0.0,0.0,5564.0,복원,,,,"=ROUND(E177+G177+I177, 2)",0.0,Works particular bill,177,data/unpacked/L2025-00085-1/붙임2. 현지입찰(신규입찰) 서류 및 계약서류(안)/IKHCC Section 4 - IKHCC BLANK BOQ 250903_최종/1 Architectural & summery/BILL No1 -Architectural Works-01. HOSPITAL(BLANK BILL).xlsx,47d79c95e2c3273f84778935276c94526e369cc1b1bc057f6b03c998f44e253f
병원,HOSPITAL,010106,010106  FINISH WORKS,"High density Insulation board on Slab,Thk 100mm",,M2,1689.0,44822048387C4468A2D648548B748,복합일위대가,8.0,0.0,0.0,8.0,13512.0,0.0,0.0,13512.0,복원,,,,"=ROUND(E178+G178+I178, 2)",0.0,Works particular bill,178,data/unpacked/L2025-00085-1/붙임2. 현지입찰(신규입찰) 서류 및 계약서류(안)/IKHCC Section 4 - IKHCC BLANK BOQ 250903_최종/1 Architectural & summery/BILL No1 -Architectural Works-01. HOSPITAL(BLANK BILL).xlsx,47d79c95e2c3273f84778935276c94526e369cc1b1bc057f6b03c998f44e253f
병원,HOSPITAL,010106,010106  FINISH WORKS,"High density Insulation board under Slab,Thk 50mm",,M2,395.0,44822048387C4468A2D648548B019,복합일위대가,4.0,0.0,0.0,4.0,1580.0,0.0,0.0,1580.0,복원,,,,"=ROUND(E179+G179+I179, 2)",0.0,Works particular bill,179,data/unpacked/L2025-00085-1/붙임2. 현지입찰(신규입찰) 서류 및 계약서류(안)/IKHCC Section 4 - IKHCC BLANK BOQ 250903_최종/1 Architectural & summery/BILL No1 -Architectural Works-01. HOSPITAL(BLANK BILL).xlsx,47d79c95e2c3273f84778935276c94526e369cc1b1bc057f6b03c998f44e253f
병원,HOSPITAL,010106,010106  FINISH WORKS,"High density Insulation board under Slab,Thk 100mm",,M2,23.0,44822048387C4468A2D648548B13F,복합일위대가,8.0,0.0,0.0,8.0,184.0,0.0,0.0,184.0,복원,,,,"=ROUND(E180+G180+I180, 2)",0.0,Works particular bill,180,data/unpacked/L2025-00085-1/붙임2. 현지입찰(신규입찰) 서류 및 계약서류(안)/IKHCC Section 4 - IKHCC BLANK BOQ 250903_최종/1 Architectural & summery/BILL No1 -Architectural Works-01. HOSPITAL(BLANK BILL).xlsx,47d79c95e2c3273f84778935276c94526e369cc1b1bc057f6b03c998f44e253f
병원,HOSPITAL,010106,010106  FINISH WORKS,"EXPANDED POLYSTYRENE,Thk 20mm",,M2,45.0,44822048387C4468A2D64854B09DA,복합일위대가,5.38,1.28,0.0,6.66,242.1,57.6,0.0,299.7,복원,,,,"=ROUND(E181+G181+I181, 2)",0.0,Works particular bill,181,data/unpacked/L2025-00085-1/붙임2. 현지입찰(신규입찰) 서류 및 계약서류(안)/IKHCC Section 4 - IKHCC BLANK BOQ 250903_최종/1 Architectural & summery/BILL No1 -Architectural Works-01. HOSPITAL(BLANK BILL).xlsx,47d79c95e2c3273f84778935276c94526e369cc1b1bc057f6b03c998f44e253f
병원,HOSPITAL,010106,010106  FINISH WORKS,THK0.1 PE FILM 2Layers,,M2,2978.0,44822048387E72678210683B19F6B,복합일위대가,1.0,0.0,0.0,1.0,2978.0,0.0,0.0,2978.0,복원,,,,"=ROUND(E182+G182+I182, 2)",0.0,Works particular bill,182,data/unpacked/L2025-00085-1/붙임2. 현지입찰(신규입찰) 서류 및 계약서류(안)/IKHCC Section 4 - IKHCC BLANK BOQ 250903_최종/1 Architectural & summery/BILL No1 -Architectural Works-01. HOSPITAL(BLANK BILL).xlsx,47d79c95e2c3273f84778935276c94526e369cc1b1bc057f6b03c998f44e253f
병원,HOSPITAL,010106,010106  FINISH WORKS,0.1mm thick polyethylene sheet(2Layers) under blinding beds.,,M2,2451.0,44822048387E72678210683B2A4AF,복합일위대가,1.0,0.0,0.0,1.0,2451.0,0.0,0.0,2451.0,복원,,,,"=ROUND(E183+G183+I183, 2)",0.0,Works particular bill,183,data/unpacked/L2025-00085-1/붙임2. 현지입찰(신규입찰) 서류 및 계약서류(안)/IKHCC Section 4 - IKHCC BLANK BOQ 250903_최종/1 Architectural & summery/BILL No1 -Architectural Works-01. HOSPITAL(BLANK BILL).xlsx,47d79c95e2c3273f84778935276c94526e369cc1b1bc057f6b03c998f44e253f
병원,HOSPITAL,010106,010106  FINISH WORKS,EXT. INSUL. FIN. SYS.,50mm,M2,966.0,44822048BC7207B6A2FCD230E04C9,복합일위대가,54.46,0.0,0.0,54.46,52608.36,0.0,0.0,52608.36,복원,,,,"=ROUND(E184+G184+I184, 2)",0.0,Works particular bill,184,data/unpacked/L2025-00085-1/붙임2. 현지입찰(신규입찰) 서류 및 계약서류(안)/IKHCC Section 4 - IKHCC BLANK BOQ 250903_최종/1 Architectural & summery/BILL No1 -Architectural Works-01. HOSPITAL(BLANK BILL).xlsx,47d79c95e2c3273f84778935276c94526e369cc1b1bc057f6b03c998f44e253f
병원,HOSPITAL,010106,010106  FINISH WORKS,EXT. INSUL. FIN. SYS.,150mm,M2,1616.0,44822048BC7207B6A2FCD230E079E,복합일위대가,62.46,0.0,0.0,62.46,100935.36,0.0,0.0,100935.36,복원,,,,"=ROUND(E185+G185+I185, 2)",0.0,Works particular bill,185,data/unpacked/L2025-00085-1/붙임2. 현지입찰(신규입찰) 서류 및 계약서류(안)/IKHCC Section 4 - IKHCC BLANK BOQ 250903_최종/1 Architectural & summery/BILL No1 -Architectural Works-01. HOSPITAL(BLANK BILL).xlsx,47d79c95e2c3273f84778935276c94526e369cc1b1bc057f6b03c998f44e253f
병원,HOSPITAL,010106,010106  FINISH WORKS,FIRE STRIP,W=200,M,453.0,44822048BC7207B6A2FCD230D7F25,복합일위대가,0.79,0.4,0.0,1.19,357.87,181.20000000000002,0.0,539.0699999999999,복원,,,,"=ROUND(E186+G186+I186, 2)",0.0,Works particular bill,186,data/unpacked/L2025-00085-1/붙임2. 현지입찰(신규입찰) 서류 및 계약서류(안)/IKHCC Section 4 - IKHCC BLANK BOQ 250903_최종/1 Architectural & summery/BILL No1 -Architectural Works-01. HOSPITAL(BLANK BILL).xlsx,47d79c95e2c3273f84778935276c94526e369cc1b1bc057f6b03c998f44e253f
병원,HOSPITAL,010106,010106  FINISH WORKS,"Thick50 Glass Wool W/ Glass Cloth,Wall",Wall,M2,231.0,44822048A37E48FFE2C3E6452A42C,복합일위대가,4.0,0.0,0.0,4.0,924.0,0.0,0.0,924.0,복원,,,,"=ROUND(E187+G187+I187, 2)",0.0,Works particular bill,187,data/unpacked/L2025-00085-1/붙임2. 현지입찰(신규입찰) 서류 및 계약서류(안)/IKHCC Section 4 - IKHCC BLANK BOQ 250903_최종/1 Architectural & summery/BILL No1 -Architectural Works-01. HOSPITAL(BLANK BILL).xlsx,47d79c95e2c3273f84778935276c94526e369cc1b1bc057f6b03c998f44e253f
병원,HOSPITAL,010106,010106  FINISH WORKS,Thick50 Glass Wool W/ Glass Cloth,Ceiling,M2,167.0,44822048A37E48FFE2C3E6452A7E0,복합일위대가,4.0,0.0,0.0,4.0,668.0,0.0,0.0,668.0,복원,,,,"=ROUND(E188+G188+I188, 2)",0.0,Works particular bill,188,data/unpacked/L2025-00085-1/붙임2. 현지입찰(신규입찰) 서류 및 계약서류(안)/IKHCC Section 4 - IKHCC BLANK BOQ 250903_최종/1 Architectural & summery/BILL No1 -Architectural Works-01. HOSPITAL(BLANK BILL).xlsx,47d79c95e2c3273f84778935276c94526e369cc1b1bc057f6b03c998f44e253f
병원,HOSPITAL,010106,010106  FINISH WORKS,Wall S.G.P Panel Work,SGP+Accessories,M2,103.0,4530234CF57486DF6239DCFA4C2,직접자원단가,40.731689254239804,6.932533511071615,2.9734133155595055,50.63763608087093,4195.3639931867,714.0509516403763,306.26157150262907,5215.676516329705,복원,,,,"=ROUND(E191+G191+I191, 2)",0.0,Works particular bill,191,data/unpacked/L2025-00085-1/붙임2. 현지입찰(신규입찰) 서류 및 계약서류(안)/IKHCC Section 4 - IKHCC BLANK BOQ 250903_최종/1 Architectural & summery/BILL No1 -Architectural Works-01. HOSPITAL(BLANK BILL).xlsx,47d79c95e2c3273f84778935276c94526e369cc1b1bc057f6b03c998f44e253f
병원,HOSPITAL,010106,010106  FINISH WORKS,Wall S.G.P & Frame Work,SQ-PIPE+Accessories,M2,103.0,4530234CF57486DF6239DCFA4C1,직접자원단가,20.365844627119902,5.425461008664742,1.7514626379323115,27.54276827371696,2097.68199659335,558.8224838924684,180.4006517070281,2836.905132192847,복원,,,,"=ROUND(E192+G192+I192, 2)",0.0,Works particular bill,192,data/unpacked/L2025-00085-1/붙임2. 현지입찰(신규입찰) 서류 및 계약서류(안)/IKHCC Section 4 - IKHCC BLANK BOQ 250903_최종/1 Architectural & summery/BILL No1 -Architectural Works-01. HOSPITAL(BLANK BILL).xlsx,47d79c95e2c3273f84778935276c94526e369cc1b1bc057f6b03c998f44e253f
병원,HOSPITAL,010106,010106  FINISH WORKS,Ceiling S.G.P Panel Work,SGP+Accessory,M2,61.0,4530234CF57486DF6239DCFA4C0,직접자원단가,40.731689254239804,8.439606013478487,3.1770717618307045,52.348367029548996,2484.6330445086282,514.8159668221878,193.80137747167296,3193.250388802489,복원,,,,"=ROUND(E193+G193+I193, 2)",0.0,Works particular bill,193,data/unpacked/L2025-00085-1/붙임2. 현지입찰(신규입찰) 서류 및 계약서류(안)/IKHCC Section 4 - IKHCC BLANK BOQ 250903_최종/1 Architectural & summery/BILL No1 -Architectural Works-01. HOSPITAL(BLANK BILL).xlsx,47d79c95e2c3273f84778935276c94526e369cc1b1bc057f6b03c998f44e253f
병원,HOSPITAL,010106,010106  FINISH WORKS,Ceiling S.G.P & Frame Work,SQ-PIPE+Accessory,M2,61.0,4530234CF57486DF6239DCFA4C7,직접자원단가,24.43901355254388,5.726875509146116,1.9958527734577503,32.161741835147744,1490.7798267051767,349.3394060579131,121.74701918092276,1961.8662519440124,복원,,,,"=ROUND(E194+G194+I194, 2)",0.0,Works particular bill,194,data/unpacked/L2025-00085-1/붙임2. 현지입찰(신규입찰) 서류 및 계약서류(안)/IKHCC Section 4 - IKHCC BLANK BOQ 250903_최종/1 Architectural & summery/BILL No1 -Architectural Works-01. HOSPITAL(BLANK BILL).xlsx,47d79c95e2c3273f84778935276c94526e369cc1b1bc057f6b03c998f44e253f
병원,HOSPITAL,010106,010106  FINISH WORKS,Checking Door(SGP~C/E),,EA,1.0,4530234CF57486DF6239DCFA4C6,직접자원단가,122.1950677627194,15.070725024068727,8.14633785084796,145.4121306376361,122.1950677627194,15.070725024068727,8.14633785084796,145.4121306376361,복원,,,,"=ROUND(E195+G195+I195, 2)",0.0,Works particular bill,195,data/unpacked/L2025-00085-1/붙임2. 현지입찰(신규입찰) 서류 및 계약서류(안)/IKHCC Section 4 - IKHCC BLANK BOQ 250903_최종/1 Architectural & summery/BILL No1 -Architectural Works-01. HOSPITAL(BLANK BILL).xlsx,47d79c95e2c3273f84778935276c94526e369cc1b1bc057f6b03c998f44e253f
병원,HOSPITAL,010106,010106  FINISH WORKS,Panel Caulking,,R/M,1.0,4530234CF57486DF6239DCFA4C5,직접자원단가,407.316892542398,301.41450048137455,61.0975338813597,769.8289269051323,407.316892542398,301.41450048137455,61.0975338813597,769.8289269051323,복원,,,,"=ROUND(E196+G196+I196, 2)",0.0,Works particular bill,196,data/unpacked/L2025-00085-1/붙임2. 현지입찰(신규입찰) 서류 및 계약서류(안)/IKHCC Section 4 - IKHCC BLANK BOQ 250903_최종/1 Architectural & summery/BILL No1 -Architectural Works-01. HOSPITAL(BLANK BILL).xlsx,47d79c95e2c3273f84778935276c94526e369cc1b1bc057f6b03c998f44e253f
병원,HOSPITAL,010106,010106  FINISH WORKS,Semi-Automatic Pocket Sliding Door,,SET,1.0,4530234CF57486DF6239DCFA4C4,직접자원단가,4887.802710508777,602.8290009627491,325.85351403391843,5816.485225505444,4887.802710508777,602.8290009627491,325.85351403391843,5816.485225505444,복원,,,,"=ROUND(E197+G197+I197, 2)",0.0,Works particular bill,197,data/unpacked/L2025-00085-1/붙임2. 현지입찰(신규입찰) 서류 및 계약서류(안)/IKHCC Section 4 - IKHCC BLANK BOQ 250903_최종/1 Architectural & summery/BILL No1 -Architectural Works-01. HOSPITAL(BLANK BILL).xlsx,47d79c95e2c3273f84778935276c94526e369cc1b1bc057f6b03c998f44e253f
병원,HOSPITAL,010106,010106  FINISH WORKS,SGP Door System,,SET,1.0,4530234CF57486DF6239DCFA4CB,직접자원단가,651.7070280678369,90.42435014441236,44.80485817966378,786.9362363919131,651.7070280678369,90.42435014441236,44.80485817966378,786.9362363919131,복원,,,,"=ROUND(E198+G198+I198, 2)",0.0,Works particular bill,198,data/unpacked/L2025-00085-1/붙임2. 현지입찰(신규입찰) 서류 및 계약서류(안)/IKHCC Section 4 - IKHCC BLANK BOQ 250903_최종/1 Architectural & summery/BILL No1 -Architectural Works-01. HOSPITAL(BLANK BILL).xlsx,47d79c95e2c3273f84778935276c94526e369cc1b1bc057f6b03c998f44e253f
병원,HOSPITAL,010106,010106  FINISH WORKS,Ceiling Light Box,"Operating[OR-1,2~H]",M,34.0,4530234CF57486DF6239DCFA4CA,직접자원단가,162.92675701695921,15.070725024068727,10.182922313559951,188.1804043545879,5539.509738576613,512.4046508183367,346.2193586610383,6398.133748055989,복원,,,,"=ROUND(E199+G199+I199, 2)",0.0,Works particular bill,199,data/unpacked/L2025-00085-1/붙임2. 현지입찰(신규입찰) 서류 및 계약서류(안)/IKHCC Section 4 - IKHCC BLANK BOQ 250903_최종/1 Architectural & summery/BILL No1 -Architectural Works-01. HOSPITAL(BLANK BILL).xlsx,47d79c95e2c3273f84778935276c94526e369cc1b1bc057f6b03c998f44e253f
병원,HOSPITAL,010106,010106  FINISH WORKS,OR Builtin Furniture," STS  1,2W x 0.5D x 1,8H",SET,8.0,4530234CF57486DF6239DCFA5EA,직접자원단가,3665.852032881582,452.12175072206185,244.3901355254388,4362.363919129082,29326.816263052657,3616.974005776495,1955.1210842035105,34898.91135303266,복원,,,,"=ROUND(E200+G200+I200, 2)",0.0,Works particular bill,200,data/unpacked/L2025-00085-1/붙임2. 현지입찰(신규입찰) 서류 및 계약서류(안)/IKHCC Section 4 - IKHCC BLANK BOQ 250903_최종/1 Architectural & summery/BILL No1 -Architectural Works-01. HOSPITAL(BLANK BILL).xlsx,47d79c95e2c3273f84778935276c94526e369cc1b1bc057f6b03c998f44e253f
병원,HOSPITAL,010106,010106  FINISH WORKS,Floor Conductive Sheet,600*600*3T,M2,61.0,4530234CF57486DF6239DCFA5EB,직접자원단가,57.02436495593573,9.042435014441235,4.07316892542398,70.13996889580095,3478.4862623120794,551.5885358809153,248.46330445086278,4278.538102643858,복원,,,,"=ROUND(E201+G201+I201, 2)",0.0,Works particular bill,201,data/unpacked/L2025-00085-1/붙임2. 현지입찰(신규입찰) 서류 및 계약서류(안)/IKHCC Section 4 - IKHCC BLANK BOQ 250903_최종/1 Architectural & summery/BILL No1 -Architectural Works-01. HOSPITAL(BLANK BILL).xlsx,47d79c95e2c3273f84778935276c94526e369cc1b1bc057f6b03c998f44e253f
병원,HOSPITAL,010106,010106  FINISH WORKS,"PANEL OPEN,G","Outlet[E/L,GAS,ETC]",EA,50.0,4530234CF57486DF6239DCFA5E8,직접자원단가,16.29267570169592,6.02829000962749,1.6292675701695922,23.950233281493002,814.633785084796,301.4145004813745,81.46337850847961,1197.51166407465,복원,,,,"=ROUND(E202+G202+I202, 2)",0.0,Works particular bill,202,data/unpacked/L2025-00085-1/붙임2. 현지입찰(신규입찰) 서류 및 계약서류(안)/IKHCC Section 4 - IKHCC BLANK BOQ 250903_최종/1 Architectural & summery/BILL No1 -Architectural Works-01. HOSPITAL(BLANK BILL).xlsx,47d79c95e2c3273f84778935276c94526e369cc1b1bc057f6b03c998f44e253f
병원,HOSPITAL,010106,010106  FINISH WORKS,Packing Fee,,L/S,1.0,4530234CF57486DF6239DCFA5E9,직접자원단가,0.0,0.0,4073.1689254239805,4073.1689254239805,0.0,0.0,4073.1689254239805,4073.1689254239805,복원,,,,"=ROUND(E203+G203+I203, 2)",0.0,Works particular bill,203,data/unpacked/L2025-00085-1/붙임2. 현지입찰(신규입찰) 서류 및 계약서류(안)/IKHCC Section 4 - IKHCC BLANK BOQ 250903_최종/1 Architectural & summery/BILL No1 -Architectural Works-01. HOSPITAL(BLANK BILL).xlsx,47d79c95e2c3273f84778935276c94526e369cc1b1bc057f6b03c998f44e253f
병원,HOSPITAL,010106,010106  FINISH WORKS,Wall S.G.P Panel Work,SGP+Accessories,M2,111.0,4530234CF57486DF6239DCFA4C2,직접자원단가,40.731689254239804,6.932533511071615,2.9734133155595055,50.63763608087093,4521.217507220618,769.5112197289492,330.0488780271051,5620.777604976673,복원,,,,"=ROUND(E206+G206+I206, 2)",0.0,Works particular bill,206,data/unpacked/L2025-00085-1/붙임2. 현지입찰(신규입찰) 서류 및 계약서류(안)/IKHCC Section 4 - IKHCC BLANK BOQ 250903_최종/1 Architectural & summery/BILL No1 -Architectural Works-01. HOSPITAL(BLANK BILL).xlsx,47d79c95e2c3273f84778935276c94526e369cc1b1bc057f6b03c998f44e253f
병원,HOSPITAL,010106,010106  FINISH WORKS,Wall S.G.P & Frame Work,SQ-PIPE+Accessories,M2,111.0,4530234CF57486DF6239DCFA4C1,직접자원단가,20.365844627119902,5.425461008664742,1.7514626379323115,27.54276827371696,2260.608753610309,602.2261719617863,194.41235281048657,3057.2472783825824,복원,,,,"=ROUND(E207+G207+I207, 2)",0.0,Works particular bill,207,data/unpacked/L2025-00085-1/붙임2. 현지입찰(신규입찰) 서류 및 계약서류(안)/IKHCC Section 4 - IKHCC BLANK BOQ 250903_최종/1 Architectural & summery/BILL No1 -Architectural Works-01. HOSPITAL(BLANK BILL).xlsx,47d79c95e2c3273f84778935276c94526e369cc1b1bc057f6b03c998f44e253f
병원,HOSPITAL,010106,010106  FINISH WORKS,Ceiling S.G.P Panel Work,SGP+Accessory,M2,69.0,4530234CF57486DF6239DCFA4C0,직접자원단가,40.731689254239804,8.439606013478487,3.1770717618307045,52.348367029548996,2810.4865585425464,582.3328149300156,219.21795156631862,3612.0373250388807,복원,,,,"=ROUND(E208+G208+I208, 2)",0.0,Works particular bill,208,data/unpacked/L2025-00085-1/붙임2. 현지입찰(신규입찰) 서류 및 계약서류(안)/IKHCC Section 4 - IKHCC BLANK BOQ 250903_최종/1 Architectural & summery/BILL No1 -Architectural Works-01. HOSPITAL(BLANK BILL).xlsx,47d79c95e2c3273f84778935276c94526e369cc1b1bc057f6b03c998f44e253f
병원,HOSPITAL,010106,010106  FINISH WORKS,Ceiling S.G.P & Frame Work,SQ-PIPE+Accessory,M2,69.0,4530234CF57486DF6239DCFA4C7,직접자원단가,24.43901355254388,5.726875509146116,1.9958527734577503,32.161741835147744,1686.2919351255277,395.154410131082,137.71384136858478,2219.1601866251945,복원,,,,"=ROUND(E209+G209+I209, 2)",0.0,Works particular bill,209,data/unpacked/L2025-00085-1/붙임2. 현지입찰(신규입찰) 서류 및 계약서류(안)/IKHCC Section 4 - IKHCC BLANK BOQ 250903_최종/1 Architectural & summery/BILL No1 -Architectural Works-01. HOSPITAL(BLANK BILL).xlsx,47d79c95e2c3273f84778935276c94526e369cc1b1bc057f6b03c998f44e253f
병원,HOSPITAL,010106,010106  FINISH WORKS,Checking Door(SGP~C/E),,EA,1.0,4530234CF57486DF6239DCFA4C6,직접자원단가,122.1950677627194,15.070725024068727,8.14633785084796,145.4121306376361,122.1950677627194,15.070725024068727,8.14633785084796,145.4121306376361,복원,,,,"=ROUND(E210+G210+I210, 2)",0.0,Works particular bill,210,data/unpacked/L2025-00085-1/붙임2. 현지입찰(신규입찰) 서류 및 계약서류(안)/IKHCC Section 4 - IKHCC BLANK BOQ 250903_최종/1 Architectural & summery/BILL No1 -Architectural Works-01. HOSPITAL(BLANK BILL).xlsx,47d79c95e2c3273f84778935276c94526e369cc1b1bc057f6b03c998f44e253f
병원,HOSPITAL,010106,010106  FINISH WORKS,Panel Caulking,,R/M,1.0,4530234CF57486DF6239DCFA4C5,직접자원단가,407.316892542398,301.41450048137455,61.0975338813597,769.8289269051323,407.316892542398,301.41450048137455,61.0975338813597,769.8289269051323,복원,,,,"=ROUND(E211+G211+I211, 2)",0.0,Works particular bill,211,data/unpacked/L2025-00085-1/붙임2. 현지입찰(신규입찰) 서류 및 계약서류(안)/IKHCC Section 4 - IKHCC BLANK BOQ 250903_최종/1 Architectural & summery/BILL No1 -Architectural Works-01. HOSPITAL(BLANK BILL).xlsx,47d79c95e2c3273f84778935276c94526e369cc1b1bc057f6b03c998f44e253f
병원,HOSPITAL,010106,010106  FINISH WORKS,Semi-Automatic Pocket Sliding Door,,SET,1.0,4530234CF57486DF6239DCFA4C4,직접자원단가,4887.802710508777,602.8290009627491,325.85351403391843,5816.485225505444,4887.802710508777,602.8290009627491,325.85351403391843,5816.485225505444,복원,,,,"=ROUND(E212+G212+I212, 2)",0.0,Works particular bill,212,data/unpacked/L2025-00085-1/붙임2. 현지입찰(신규입찰) 서류 및 계약서류(안)/IKHCC Section 4 - IKHCC BLANK BOQ 250903_최종/1 Architectural & summery/BILL No1 -Architectural Works-01. HOSPITAL(BLANK BILL).xlsx,47d79c95e2c3273f84778935276c94526e369cc1b1bc057f6b03c998f44e253f
병원,HOSPITAL,010106,010106  FINISH WORKS,SGP Door System,,SET,1.0,4530234CF57486DF6239DCFA791,직접자원단가,651.7070280678369,150.70725024068727,52.951196030511746,855.3654743390358,651.7070280678369,150.70725024068727,52.951196030511746,855.3654743390358,복원,,,,"=ROUND(E213+G213+I213, 2)",0.0,Works particular bill,213,data/unpacked/L2025-00085-1/붙임2. 현지입찰(신규입찰) 서류 및 계약서류(안)/IKHCC Section 4 - IKHCC BLANK BOQ 250903_최종/1 Architectural & summery/BILL No1 -Architectural Works-01. HOSPITAL(BLANK BILL).xlsx,47d79c95e2c3273f84778935276c94526e369cc1b1bc057f6b03c998f44e253f
병원,HOSPITAL,010106,010106  FINISH WORKS,Ceiling Light Box,"Operating[OR-1,2~H]",M,37.0,4530234CF57486DF6239DCFA4CA,직접자원단가,162.92675701695921,15.070725024068727,10.182922313559951,188.1804043545879,6028.290009627491,557.6168258905429,376.76812560171817,6962.674961119752,복원,,,,"=ROUND(E214+G214+I214, 2)",0.0,Works particular bill,214,data/unpacked/L2025-00085-1/붙임2. 현지입찰(신규입찰) 서류 및 계약서류(안)/IKHCC Section 4 - IKHCC BLANK BOQ 250903_최종/1 Architectural & summery/BILL No1 -Architectural Works-01. HOSPITAL(BLANK BILL).xlsx,47d79c95e2c3273f84778935276c94526e369cc1b1bc057f6b03c998f44e253f
병원,HOSPITAL,010106,010106  FINISH WORKS,OR Builtin Furniture," STS  1,2W x 0.5D x 1,8H",SET,8.0,4530234CF57486DF6239DCFA5EA,직접자원단가,3665.852032881582,452.12175072206185,244.3901355254388,4362.363919129082,29326.816263052657,3616.974005776495,1955.1210842035105,34898.91135303266,복원,,,,"=ROUND(E215+G215+I215, 2)",0.0,Works particular bill,215,data/unpacked/L2025-00085-1/붙임2. 현지입찰(신규입찰) 서류 및 계약서류(안)/IKHCC Section 4 - IKHCC BLANK BOQ 250903_최종/1 Architectural & summery/BILL No1 -Architectural Works-01. HOSPITAL(BLANK BILL).xlsx,47d79c95e2c3273f84778935276c94526e369cc1b1bc057f6b03c998f44e253f
병원,HOSPITAL,010106,010106  FINISH WORKS,Floor Conductive Sheet,600*600*3T,M2,69.0,4530234CF57486DF6239DCFA5EB,직접자원단가,57.02436495593573,9.042435014441235,4.07316892542398,70.13996889580095,3934.6811819595655,623.9280159964452,281.0486558542546,4839.657853810266,복원,,,,"=ROUND(E216+G216+I216, 2)",0.0,Works particular bill,216,data/unpacked/L2025-00085-1/붙임2. 현지입찰(신규입찰) 서류 및 계약서류(안)/IKHCC Section 4 - IKHCC BLANK BOQ 250903_최종/1 Architectural & summery/BILL No1 -Architectural Works-01. HOSPITAL(BLANK BILL).xlsx,47d79c95e2c3273f84778935276c94526e369cc1b1bc057f6b03c998f44e253f
병원,HOSPITAL,010106,010106  FINISH WORKS,"PANEL OPEN,G","Outlet[E/L,GAS,ETC]",EA,50.0,4530234CF57486DF6239DCFA5E8,직접자원단가,16.29267570169592,6.02829000962749,1.6292675701695922,23.950233281493002,814.633785084796,301.4145004813745,81.46337850847961,1197.51166407465,복원,,,,"=ROUND(E217+G217+I217, 2)",0.0,Works particular bill,217,data/unpacked/L2025-00085-1/붙임2. 현지입찰(신규입찰) 서류 및 계약서류(안)/IKHCC Section 4 - IKHCC BLANK BOQ 250903_최종/1 Architectural & summery/BILL No1 -Architectural Works-01. HOSPITAL(BLANK BILL).xlsx,47d79c95e2c3273f84778935276c94526e369cc1b1bc057f6b03c998f44e253f
병원,HOSPITAL,010106,010106  FINISH WORKS,Packing Fee,,L/S,1.0,4530234CF57486DF6239DCFA5E9,직접자원단가,0.0,0.0,4073.1689254239805,4073.1689254239805,0.0,0.0,4073.1689254239805,4073.1689254239805,복원,,,,"=ROUND(E218+G218+I218, 2)",0.0,Works particular bill,218,data/unpacked/L2025-00085-1/붙임2. 현지입찰(신규입찰) 서류 및 계약서류(안)/IKHCC Section 4 - IKHCC BLANK BOQ 250903_최종/1 Architectural & summery/BILL No1 -Architectural Works-01. HOSPITAL(BLANK BILL).xlsx,47d79c95e2c3273f84778935276c94526e369cc1b1bc057f6b03c998f44e253f
병원,HOSPITAL,010106,010106  FINISH WORKS,Wall S.G.P Panel Work,SGP+Accessories,M2,114.0,4530234CF57486DF6239DCFA4C2,직접자원단가,40.731689254239804,6.932533511071615,2.9734133155595055,50.63763608087093,4643.412574983337,790.3088202621641,338.9691179737836,5772.690513219286,복원,,,,"=ROUND(E221+G221+I221, 2)",0.0,Works particular bill,221,data/unpacked/L2025-00085-1/붙임2. 현지입찰(신규입찰) 서류 및 계약서류(안)/IKHCC Section 4 - IKHCC BLANK BOQ 250903_최종/1 Architectural & summery/BILL No1 -Architectural Works-01. HOSPITAL(BLANK BILL).xlsx,47d79c95e2c3273f84778935276c94526e369cc1b1bc057f6b03c998f44e253f
병원,HOSPITAL,010106,010106  FINISH WORKS,Wall S.G.P & Frame Work,SQ-PIPE+Accessories,M2,114.0,4530234CF57486DF6239DCFA4C1,직접자원단가,20.365844627119902,5.425461008664742,1.7514626379323115,27.54276827371696,2321.7062874916687,618.5025549877806,199.6667407242835,3139.875583203733,복원,,,,"=ROUND(E222+G222+I222, 2)",0.0,Works particular bill,222,data/unpacked/L2025-00085-1/붙임2. 현지입찰(신규입찰) 서류 및 계약서류(안)/IKHCC Section 4 - IKHCC BLANK BOQ 250903_최종/1 Architectural & summery/BILL No1 -Architectural Works-01. HOSPITAL(BLANK BILL).xlsx,47d79c95e2c3273f84778935276c94526e369cc1b1bc057f6b03c998f44e253f
병원,HOSPITAL,010106,010106  FINISH WORKS,Ceiling S.G.P Panel Work,SGP+Accessory,M2,75.0,4530234CF57486DF6239DCFA4C0,직접자원단가,40.731689254239804,8.439606013478487,3.1770717618307045,52.348367029548996,3054.876694067985,632.9704510108866,238.28038213730284,3926.1275272161747,복원,,,,"=ROUND(E223+G223+I223, 2)",0.0,Works particular bill,223,data/unpacked/L2025-00085-1/붙임2. 현지입찰(신규입찰) 서류 및 계약서류(안)/IKHCC Section 4 - IKHCC BLANK BOQ 250903_최종/1 Architectural & summery/BILL No1 -Architectural Works-01. HOSPITAL(BLANK BILL).xlsx,47d79c95e2c3273f84778935276c94526e369cc1b1bc057f6b03c998f44e253f
병원,HOSPITAL,010106,010106  FINISH WORKS,Ceiling S.G.P & Frame Work,SQ-PIPE+Accessory,M2,75.0,4530234CF57486DF6239DCFA4C7,직접자원단가,24.43901355254388,5.726875509146116,1.9958527734577503,32.161741835147744,1832.926016440791,429.5156631859587,149.68895800933126,2412.130637636081,복원,,,,"=ROUND(E224+G224+I224, 2)",0.0,Works particular bill,224,data/unpacked/L2025-00085-1/붙임2. 현지입찰(신규입찰) 서류 및 계약서류(안)/IKHCC Section 4 - IKHCC BLANK BOQ 250903_최종/1 Architectural & summery/BILL No1 -Architectural Works-01. HOSPITAL(BLANK BILL).xlsx,47d79c95e2c3273f84778935276c94526e369cc1b1bc057f6b03c998f44e253f
병원,HOSPITAL,010106,010106  FINISH WORKS,Checking Door(SGP~C/E),,EA,1.0,4530234CF57486DF6239DCFA4C6,직접자원단가,122.1950677627194,15.070725024068727,8.14633785084796,145.4121306376361,122.1950677627194,15.070725024068727,8.14633785084796,145.4121306376361,복원,,,,"=ROUND(E225+G225+I225, 2)",0.0,Works particular bill,225,data/unpacked/L2025-00085-1/붙임2. 현지입찰(신규입찰) 서류 및 계약서류(안)/IKHCC Section 4 - IKHCC BLANK BOQ 250903_최종/1 Architectural & summery/BILL No1 -Architectural Works-01. HOSPITAL(BLANK BILL).xlsx,47d79c95e2c3273f84778935276c94526e369cc1b1bc057f6b03c998f44e253f
병원,HOSPITAL,010106,010106  FINISH WORKS,Panel Caulking,,R/M,1.0,4530234CF57486DF6239DCFA4C5,직접자원단가,407.316892542398,301.41450048137455,61.0975338813597,769.8289269051323,407.316892542398,301.41450048137455,61.0975338813597,769.8289269051323,복원,,,,"=ROUND(E226+G226+I226, 2)",0.0,Works particular bill,226,data/unpacked/L2025-00085-1/붙임2. 현지입찰(신규입찰) 서류 및 계약서류(안)/IKHCC Section 4 - IKHCC BLANK BOQ 250903_최종/1 Architectural & summery/BILL No1 -Architectural Works-01. HOSPITAL(BLANK BILL).xlsx,47d79c95e2c3273f84778935276c94526e369cc1b1bc057f6b03c998f44e253f
병원,HOSPITAL,010106,010106  FINISH WORKS,Ceiling Light Box,"Operating[OR-1,2~H]",M,38.0,4530234CF57486DF6239DCFA4CA,직접자원단가,162.92675701695921,15.070725024068727,10.182922313559951,188.1804043545879,6191.21676664445,572.6875509146116,386.95104791527814,7150.85536547434,복원,,,,"=ROUND(E227+G227+I227, 2)",0.0,Works particular bill,227,data/unpacked/L2025-00085-1/붙임2. 현지입찰(신규입찰) 서류 및 계약서류(안)/IKHCC Section 4 - IKHCC BLANK BOQ 250903_최종/1 Architectural & summery/BILL No1 -Architectural Works-01. HOSPITAL(BLANK BILL).xlsx,47d79c95e2c3273f84778935276c94526e369cc1b1bc057f6b03c998f44e253f
병원,HOSPITAL,010106,010106  FINISH WORKS,OR Builtin Furniture," STS  1,2W x 0.5D x 1,8H",SET,3.0,4530234CF57486DF6239DCFA792,직접자원단가,3258.535140339184,452.12175072206185,224.02429089831892,3934.681181959565,9775.605421017553,1356.3652521661857,672.0728726949568,11804.043545878696,복원,,,,"=ROUND(E228+G228+I228, 2)",0.0,Works particular bill,228,data/unpacked/L2025-00085-1/붙임2. 현지입찰(신규입찰) 서류 및 계약서류(안)/IKHCC Section 4 - IKHCC BLANK BOQ 250903_최종/1 Architectural & summery/BILL No1 -Architectural Works-01. HOSPITAL(BLANK BILL).xlsx,47d79c95e2c3273f84778935276c94526e369cc1b1bc057f6b03c998f44e253f
병원,HOSPITAL,010106,010106  FINISH WORKS,Floor Conductive Sheet,600*600*3T,M2,75.0,4530234CF57486DF6239DCFA5EB,직접자원단가,57.02436495593573,9.042435014441235,4.07316892542398,70.13996889580095,4276.82737169518,678.1826260830926,305.4876694067985,5260.497667185071,복원,,,,"=ROUND(E229+G229+I229, 2)",0.0,Works particular bill,229,data/unpacked/L2025-00085-1/붙임2. 현지입찰(신규입찰) 서류 및 계약서류(안)/IKHCC Section 4 - IKHCC BLANK BOQ 250903_최종/1 Architectural & summery/BILL No1 -Architectural Works-01. HOSPITAL(BLANK BILL).xlsx,47d79c95e2c3273f84778935276c94526e369cc1b1bc057f6b03c998f44e253f
병원,HOSPITAL,010106,010106  FINISH WORKS,"PANEL OPEN,G","Outlet[E/L,GAS,ETC]",EA,50.0,4530234CF57486DF6239DCFA5E8,직접자원단가,16.29267570169592,6.02829000962749,1.6292675701695922,23.950233281493002,814.633785084796,301.4145004813745,81.46337850847961,1197.51166407465,복원,,,,"=ROUND(E230+G230+I230, 2)",0.0,Works particular bill,230,data/unpacked/L2025-00085-1/붙임2. 현지입찰(신규입찰) 서류 및 계약서류(안)/IKHCC Section 4 - IKHCC BLANK BOQ 250903_최종/1 Architectural & summery/BILL No1 -Architectural Works-01. HOSPITAL(BLANK BILL).xlsx,47d79c95e2c3273f84778935276c94526e369cc1b1bc057f6b03c998f44e253f
병원,HOSPITAL,010106,010106  FINISH WORKS,Packing Fee,,L/S,1.0,4530234CF57486DF6239DCFA5E9,직접자원단가,0.0,0.0,4073.1689254239805,4073.1689254239805,0.0,0.0,4073.1689254239805,4073.1689254239805,복원,,,,"=ROUND(E231+G231+I231, 2)",0.0,Works particular bill,231,data/unpacked/L2025-00085-1/붙임2. 현지입찰(신규입찰) 서류 및 계약서류(안)/IKHCC Section 4 - IKHCC BLANK BOQ 250903_최종/1 Architectural & summery/BILL No1 -Architectural Works-01. HOSPITAL(BLANK BILL).xlsx,47d79c95e2c3273f84778935276c94526e369cc1b1bc057f6b03c998f44e253f
병원,HOSPITAL,010107,010107  WATERPROOFING WORKS,Caulking,Antibacterial Caulking,M,219.0,448227450276D253F2E49D1ED6B64,복합일위대가,0.21,0.3,0.0,0.51,45.989999999999995,65.7,0.0,111.69,복원,,,,"=ROUND(E245+G245+I245, 2)",0.0,Works particular bill,245,data/unpacked/L2025-00085-1/붙임2. 현지입찰(신규입찰) 서류 및 계약서류(안)/IKHCC Section 4 - IKHCC BLANK BOQ 250903_최종/1 Architectural & summery/BILL No1 -Architectural Works-01. HOSPITAL(BLANK BILL).xlsx,47d79c95e2c3273f84778935276c94526e369cc1b1bc057f6b03c998f44e253f
병원,HOSPITAL,010107,010107  WATERPROOFING WORKS,Caulking,"Size 10mm * 10mm, Around The door & window",M,5869.0,4482274502742434921703B609301,복합일위대가,0.21,0.3,0.0,0.51,1232.49,1760.7,0.0,2993.19,복원,,,,"=ROUND(E246+G246+I246, 2)",0.0,Works particular bill,246,data/unpacked/L2025-00085-1/붙임2. 현지입찰(신규입찰) 서류 및 계약서류(안)/IKHCC Section 4 - IKHCC BLANK BOQ 250903_최종/1 Architectural & summery/BILL No1 -Architectural Works-01. HOSPITAL(BLANK BILL).xlsx,47d79c95e2c3273f84778935276c94526e369cc1b1bc057f6b03c998f44e253f
병원,HOSPITAL,010107,010107  WATERPROOFING WORKS,"Expansion joint, On Roof @3000x3000",,M,1333.0,4482274502731FF3C29CCC201CB4B,복합일위대가,0.0,0.38,0.0,0.38,0.0,506.54,0.0,506.54,복원,,,,"=ROUND(E247+G247+I247, 2)",0.0,Works particular bill,247,data/unpacked/L2025-00085-1/붙임2. 현지입찰(신규입찰) 서류 및 계약서류(안)/IKHCC Section 4 - IKHCC BLANK BOQ 250903_최종/1 Architectural & summery/BILL No1 -Architectural Works-01. HOSPITAL(BLANK BILL).xlsx,47d79c95e2c3273f84778935276c94526e369cc1b1bc057f6b03c998f44e253f
병원,HOSPITAL,010107,010107  WATERPROOFING WORKS,Waterproof Mortar,"Less Than 20mm, Trench",M2,48.0,448227451C7D1C0DC28CEFFB045AB,복합일위대가,1.4,0.0,0.0,1.4,67.19999999999999,0.0,0.0,67.19999999999999,복원,,,,"=ROUND(E248+G248+I248, 2)",0.0,Works particular bill,248,data/unpacked/L2025-00085-1/붙임2. 현지입찰(신규입찰) 서류 및 계약서류(안)/IKHCC Section 4 - IKHCC BLANK BOQ 250903_최종/1 Architectural & summery/BILL No1 -Architectural Works-01. HOSPITAL(BLANK BILL).xlsx,47d79c95e2c3273f84778935276c94526e369cc1b1bc057f6b03c998f44e253f
병원,HOSPITAL,010107,010107  WATERPROOFING WORKS,LIQUID WATERPROOFING,FLOOR,M2,463.0,44822745FA7C21D7222D3828CFB51,복합일위대가,1.37,3.18,0.0,4.550000000000001,634.3100000000001,1472.3400000000001,0.0,2106.6500000000005,복원,,,,"=ROUND(E249+G249+I249, 2)",0.0,Works particular bill,249,data/unpacked/L2025-00085-1/붙임2. 현지입찰(신규입찰) 서류 및 계약서류(안)/IKHCC Section 4 - IKHCC BLANK BOQ 250903_최종/1 Architectural & summery/BILL No1 -Architectural Works-01. HOSPITAL(BLANK BILL).xlsx,47d79c95e2c3273f84778935276c94526e369cc1b1bc057f6b03c998f44e253f
병원,HOSPITAL,010107,010107  WATERPROOFING WORKS,LIQUID WATERPROOFING,WALL,M2,860.0,44822745FA7C21D7222D3828CFA4A,복합일위대가,1.92,3.62,0.0,5.54,1651.2,3113.2000000000003,0.0,4764.4,복원,,,,"=ROUND(E250+G250+I250, 2)",0.0,Works particular bill,250,data/unpacked/L2025-00085-1/붙임2. 현지입찰(신규입찰) 서류 및 계약서류(안)/IKHCC Section 4 - IKHCC BLANK BOQ 250903_최종/1 Architectural & summery/BILL No1 -Architectural Works-01. HOSPITAL(BLANK BILL).xlsx,47d79c95e2c3273f84778935276c94526e369cc1b1bc057f6b03c998f44e253f
병원,HOSPITAL,010107,010107  WATERPROOFING WORKS,ELASTIC WATERPROOFING,FLOOR,M2,321.0,44822745FA7C21D7222D381E61813,복합일위대가,3.75,0.0,0.0,3.75,1203.75,0.0,0.0,1203.75,복원,,,,"=ROUND(E251+G251+I251, 2)",0.0,Works particular bill,251,data/unpacked/L2025-00085-1/붙임2. 현지입찰(신규입찰) 서류 및 계약서류(안)/IKHCC Section 4 - IKHCC BLANK BOQ 250903_최종/1 Architectural & summery/BILL No1 -Architectural Works-01. HOSPITAL(BLANK BILL).xlsx,47d79c95e2c3273f84778935276c94526e369cc1b1bc057f6b03c998f44e253f
병원,HOSPITAL,010107,010107  WATERPROOFING WORKS,ELASTIC WATERPROOFING,WALL,M2,611.0,44822745FA7C21D7222D381E6193A,복합일위대가,3.75,0.0,0.0,3.75,2291.25,0.0,0.0,2291.25,복원,,,,"=ROUND(E252+G252+I252, 2)",0.0,Works particular bill,252,data/unpacked/L2025-00085-1/붙임2. 현지입찰(신규입찰) 서류 및 계약서류(안)/IKHCC Section 4 - IKHCC BLANK BOQ 250903_최종/1 Architectural & summery/BILL No1 -Architectural Works-01. HOSPITAL(BLANK BILL).xlsx,47d79c95e2c3273f84778935276c94526e369cc1b1bc057f6b03c998f44e253f
병원,HOSPITAL,010107,010107  WATERPROOFING WORKS,Multi-layer composite waterproofin,FLOOR,M2,1733.0,44822745FA7C21D7222D380DF265B,복합일위대가,2.0,0.0,0.0,2.0,3466.0,0.0,0.0,3466.0,복원,,,,"=ROUND(E253+G253+I253, 2)",0.0,Works particular bill,253,data/unpacked/L2025-00085-1/붙임2. 현지입찰(신규입찰) 서류 및 계약서류(안)/IKHCC Section 4 - IKHCC BLANK BOQ 250903_최종/1 Architectural & summery/BILL No1 -Architectural Works-01. HOSPITAL(BLANK BILL).xlsx,47d79c95e2c3273f84778935276c94526e369cc1b1bc057f6b03c998f44e253f
병원,HOSPITAL,010107,010107  WATERPROOFING WORKS,Multi-layer composite waterproofin,WALL,M2,233.0,44822745FA7C21D7222D380DF2762,복합일위대가,5.75,0.0,0.0,5.75,1339.75,0.0,0.0,1339.75,복원,,,,"=ROUND(E254+G254+I254, 2)",0.0,Works particular bill,254,data/unpacked/L2025-00085-1/붙임2. 현지입찰(신규입찰) 서류 및 계약서류(안)/IKHCC Section 4 - IKHCC BLANK BOQ 250903_최종/1 Architectural & summery/BILL No1 -Architectural Works-01. HOSPITAL(BLANK BILL).xlsx,47d79c95e2c3273f84778935276c94526e369cc1b1bc057f6b03c998f44e253f
병원,HOSPITAL,010107,010107  WATERPROOFING WORKS,Corner Reinforcement Waterproofing,W:300,M,888.0,44822745FA7C21D7222D3870E361A,복합일위대가,0.6,0.0,0.0,0.6,532.8,0.0,0.0,532.8,복원,,,,"=ROUND(E255+G255+I255, 2)",0.0,Works particular bill,255,data/unpacked/L2025-00085-1/붙임2. 현지입찰(신규입찰) 서류 및 계약서류(안)/IKHCC Section 4 - IKHCC BLANK BOQ 250903_최종/1 Architectural & summery/BILL No1 -Architectural Works-01. HOSPITAL(BLANK BILL).xlsx,47d79c95e2c3273f84778935276c94526e369cc1b1bc057f6b03c998f44e253f
병원,HOSPITAL,010107,010107  WATERPROOFING WORKS,Drain Reinforcement Waterproofing,,EA,82.0,44822745FA7C21D7222D3870FDCBC,복합일위대가,0.21,0.0,0.0,0.21,17.22,0.0,0.0,17.22,복원,,,,"=ROUND(E256+G256+I256, 2)",0.0,Works particular bill,256,data/unpacked/L2025-00085-1/붙임2. 현지입찰(신규입찰) 서류 및 계약서류(안)/IKHCC Section 4 - IKHCC BLANK BOQ 250903_최종/1 Architectural & summery/BILL No1 -Architectural Works-01. HOSPITAL(BLANK BILL).xlsx,47d79c95e2c3273f84778935276c94526e369cc1b1bc057f6b03c998f44e253f
병원,HOSPITAL,010108,010108  ROOF & DRAINGPIPE WORKS,"Roof Drain in roof area, Diameter 125mm",,ea,20.0,448224421470A2F9A241EAE1B4AAA,복합일위대가,105.65,13.76,0.0,119.41000000000001,2113.0,275.2,0.0,2388.2000000000003,복원,,,,"=ROUND(E269+G269+I269, 2)",0.0,Works particular bill,269,data/unpacked/L2025-00085-1/붙임2. 현지입찰(신규입찰) 서류 및 계약서류(안)/IKHCC Section 4 - IKHCC BLANK BOQ 250903_최종/1 Architectural & summery/BILL No1 -Architectural Works-01. HOSPITAL(BLANK BILL).xlsx,47d79c95e2c3273f84778935276c94526e369cc1b1bc057f6b03c998f44e253f
병원,HOSPITAL,010108,010108  ROOF & DRAINGPIPE WORKS,SST Downspout Diameter 125mm,,m,168.0,448224421470A2F9A241EAE1B4983,복합일위대가,16.57,7.23,0.13,23.93,2783.76,1214.64,21.84,4020.24,복원,,,,"=ROUND(E270+G270+I270, 2)",0.0,Works particular bill,270,data/unpacked/L2025-00085-1/붙임2. 현지입찰(신규입찰) 서류 및 계약서류(안)/IKHCC Section 4 - IKHCC BLANK BOQ 250903_최종/1 Architectural & summery/BILL No1 -Architectural Works-01. HOSPITAL(BLANK BILL).xlsx,47d79c95e2c3273f84778935276c94526e369cc1b1bc057f6b03c998f44e253f
병원,HOSPITAL,010108,010108  ROOF & DRAINGPIPE WORKS,"Floor Drain in Wet Areas, Diameter 100mm",,ea,74.0,448224421470A2F9A241EAE1B48FC,복합일위대가,35.0,0.0,0.0,35.0,2590.0,0.0,0.0,2590.0,복원,,,,"=ROUND(E271+G271+I271, 2)",0.0,Works particular bill,271,data/unpacked/L2025-00085-1/붙임2. 현지입찰(신규입찰) 서류 및 계약서류(안)/IKHCC Section 4 - IKHCC BLANK BOQ 250903_최종/1 Architectural & summery/BILL No1 -Architectural Works-01. HOSPITAL(BLANK BILL).xlsx,47d79c95e2c3273f84778935276c94526e369cc1b1bc057f6b03c998f44e253f
병원,HOSPITAL,010109,010109  METAL WORKS,Thick 6.0 Gypsum Tex 1Ply  on M-Bar System,,M2,383.0,43AE2142BE750E32422B8C4B8098C3F6EA6FF,직접자원단가,2.0,0.0,0.0,2.0,766.0,0.0,0.0,766.0,복원,,,,"=ROUND(E293+G293+I293, 2)",0.0,Works particular bill,293,data/unpacked/L2025-00085-1/붙임2. 현지입찰(신규입찰) 서류 및 계약서류(안)/IKHCC Section 4 - IKHCC BLANK BOQ 250903_최종/1 Architectural & summery/BILL No1 -Architectural Works-01. HOSPITAL(BLANK BILL).xlsx,47d79c95e2c3273f84778935276c94526e369cc1b1bc057f6b03c998f44e253f
병원,HOSPITAL,010109,010109  METAL WORKS,Thick 15.0 suspended Acoustic Ceiling Tile on T-Bar System,,M2,2315.0,43AE2142BE750E32422B8C4B8098C3F6EA786,직접자원단가,8.0,0.0,0.0,8.0,18520.0,0.0,0.0,18520.0,복원,,,,"=ROUND(E294+G294+I294, 2)",0.0,Works particular bill,294,data/unpacked/L2025-00085-1/붙임2. 현지입찰(신규입찰) 서류 및 계약서류(안)/IKHCC Section 4 - IKHCC BLANK BOQ 250903_최종/1 Architectural & summery/BILL No1 -Architectural Works-01. HOSPITAL(BLANK BILL).xlsx,47d79c95e2c3273f84778935276c94526e369cc1b1bc057f6b03c998f44e253f
병원,HOSPITAL,010109,010109  METAL WORKS,Thick 9.5 suspended Gypsum Board 2Ply with Vinyl Paint on M-Bar System,,M2,223.0,4482204864700D2772960003098B7,복합일위대가,16.0,0.0,0.0,16.0,3568.0,0.0,0.0,3568.0,복원,,,,"=ROUND(E295+G295+I295, 2)",0.0,Works particular bill,295,data/unpacked/L2025-00085-1/붙임2. 현지입찰(신규입찰) 서류 및 계약서류(안)/IKHCC Section 4 - IKHCC BLANK BOQ 250903_최종/1 Architectural & summery/BILL No1 -Architectural Works-01. HOSPITAL(BLANK BILL).xlsx,47d79c95e2c3273f84778935276c94526e369cc1b1bc057f6b03c998f44e253f
병원,HOSPITAL,010109,010109  METAL WORKS,Thick 9.5 suspended Gypsum Board 2Ply with Anti-bacterial Paint on M-Bar System,,M2,571.0,4482204864700D277296000309B0B,복합일위대가,13.0,0.0,0.0,13.0,7423.0,0.0,0.0,7423.0,복원,,,,"=ROUND(E296+G296+I296, 2)",0.0,Works particular bill,296,data/unpacked/L2025-00085-1/붙임2. 현지입찰(신규입찰) 서류 및 계약서류(안)/IKHCC Section 4 - IKHCC BLANK BOQ 250903_최종/1 Architectural & summery/BILL No1 -Architectural Works-01. HOSPITAL(BLANK BILL).xlsx,47d79c95e2c3273f84778935276c94526e369cc1b1bc057f6b03c998f44e253f
병원,HOSPITAL,010109,010109  METAL WORKS,Suspended PVC Ceiling on M-Bar System,,M2,317.0,43AE2142BE750E32422B8C4B8098C3F6EA204,직접자원단가,2.0,0.0,0.0,2.0,634.0,0.0,0.0,634.0,복원,,,,"=ROUND(E297+G297+I297, 2)",0.0,Works particular bill,297,data/unpacked/L2025-00085-1/붙임2. 현지입찰(신규입찰) 서류 및 계약서류(안)/IKHCC Section 4 - IKHCC BLANK BOQ 250903_최종/1 Architectural & summery/BILL No1 -Architectural Works-01. HOSPITAL(BLANK BILL).xlsx,47d79c95e2c3273f84778935276c94526e369cc1b1bc057f6b03c998f44e253f
병원,HOSPITAL,010109,010109  METAL WORKS,"Steel Frame, Thicknes of 1.2mm with Enamel Paint",60*200,M,27.0,4482254042708488C255237AA3726,복합일위대가,5.91,11.64,0.43,17.98,159.57,314.28000000000003,11.61,485.46000000000004,복원,,,,"=ROUND(E298+G298+I298, 2)",0.0,Works particular bill,298,data/unpacked/L2025-00085-1/붙임2. 현지입찰(신규입찰) 서류 및 계약서류(안)/IKHCC Section 4 - IKHCC BLANK BOQ 250903_최종/1 Architectural & summery/BILL No1 -Architectural Works-01. HOSPITAL(BLANK BILL).xlsx,47d79c95e2c3273f84778935276c94526e369cc1b1bc057f6b03c998f44e253f
병원,HOSPITAL,010109,010109  METAL WORKS,"Steel Frame, Thicknes of 1.2mm with Enamel Paint",300*300,M,15.0,4482254042708488C255237AA30F6,복합일위대가,7.69,15.19,0.56,23.439999999999998,115.35000000000001,227.85,8.4,351.59999999999997,복원,,,,"=ROUND(E299+G299+I299, 2)",0.0,Works particular bill,299,data/unpacked/L2025-00085-1/붙임2. 현지입찰(신규입찰) 서류 및 계약서류(안)/IKHCC Section 4 - IKHCC BLANK BOQ 250903_최종/1 Architectural & summery/BILL No1 -Architectural Works-01. HOSPITAL(BLANK BILL).xlsx,47d79c95e2c3273f84778935276c94526e369cc1b1bc057f6b03c998f44e253f
병원,HOSPITAL,010109,010109  METAL WORKS,"Steel Frame, Thicknes of 1.6mm with Enamel Paint",500*300,M,31.0,4482254042708488C255237AA319D,복합일위대가,14.97,32.37,1.23,48.56999999999999,464.07,1003.4699999999999,38.13,1505.6699999999998,복원,,,,"=ROUND(E300+G300+I300, 2)",0.0,Works particular bill,300,data/unpacked/L2025-00085-1/붙임2. 현지입찰(신규입찰) 서류 및 계약서류(안)/IKHCC Section 4 - IKHCC BLANK BOQ 250903_최종/1 Architectural & summery/BILL No1 -Architectural Works-01. HOSPITAL(BLANK BILL).xlsx,47d79c95e2c3273f84778935276c94526e369cc1b1bc057f6b03c998f44e253f
병원,HOSPITAL,010109,010109  METAL WORKS,"AL moulding W-type,15*15*15*15*1.0mm",,M,4241.0,44822048E975DE1D9278198E7A89C,복합일위대가,2.23,2.57,0.0,4.8,9457.43,10899.369999999999,0.0,20356.8,복원,,,,"=ROUND(E301+G301+I301, 2)",0.0,Works particular bill,301,data/unpacked/L2025-00085-1/붙임2. 현지입찰(신규입찰) 서류 및 계약서류(안)/IKHCC Section 4 - IKHCC BLANK BOQ 250903_최종/1 Architectural & summery/BILL No1 -Architectural Works-01. HOSPITAL(BLANK BILL).xlsx,47d79c95e2c3273f84778935276c94526e369cc1b1bc057f6b03c998f44e253f
병원,HOSPITAL,010109,010109  METAL WORKS,"AL moulding Round-type, 50*50*1.3mm",,M,91.0,44822048E975DE1D9278198E7AB50,복합일위대가,2.4,2.57,0.0,4.97,218.4,233.86999999999998,0.0,452.27,복원,,,,"=ROUND(E302+G302+I302, 2)",0.0,Works particular bill,302,data/unpacked/L2025-00085-1/붙임2. 현지입찰(신규입찰) 서류 및 계약서류(안)/IKHCC Section 4 - IKHCC BLANK BOQ 250903_최종/1 Architectural & summery/BILL No1 -Architectural Works-01. HOSPITAL(BLANK BILL).xlsx,47d79c95e2c3273f84778935276c94526e369cc1b1bc057f6b03c998f44e253f
병원,HOSPITAL,010109,010109  METAL WORKS,Tile Corner Guard,Stainless Steel 1.2t*30*30(Caulking 5*5),M,68.0,4482284B7870782B32642A2276CCE,복합일위대가,4.13,6.57,0.17,10.87,280.84,446.76,11.56,739.16,복원,,,,"=ROUND(E303+G303+I303, 2)",0.0,Works particular bill,303,data/unpacked/L2025-00085-1/붙임2. 현지입찰(신규입찰) 서류 및 계약서류(안)/IKHCC Section 4 - IKHCC BLANK BOQ 250903_최종/1 Architectural & summery/BILL No1 -Architectural Works-01. HOSPITAL(BLANK BILL).xlsx,47d79c95e2c3273f84778935276c94526e369cc1b1bc057f6b03c998f44e253f
병원,HOSPITAL,010109,010109  METAL WORKS,"Supply and SST Cat Ladder in Roof, 400mm x 5000mm high",,EA,1.0,44822540B573CE783226E40F9A622,복합일위대가,114.4,53.05,2.15,169.6,114.4,53.05,2.15,169.6,복원,,,,"=ROUND(E304+G304+I304, 2)",0.0,Works particular bill,304,data/unpacked/L2025-00085-1/붙임2. 현지입찰(신규입찰) 서류 및 계약서류(안)/IKHCC Section 4 - IKHCC BLANK BOQ 250903_최종/1 Architectural & summery/BILL No1 -Architectural Works-01. HOSPITAL(BLANK BILL).xlsx,47d79c95e2c3273f84778935276c94526e369cc1b1bc057f6b03c998f44e253f
병원,HOSPITAL,010109,010109  METAL WORKS,Supply and fixed of SST Ladder in E.V pit,400mm x 3.15m high,EA,2.0,44822540B573CE783226E40F9A474,복합일위대가,72.08,33.43,1.36,106.86999999999999,144.16,66.86,2.72,213.73999999999998,복원,,,,"=ROUND(E305+G305+I305, 2)",0.0,Works particular bill,305,data/unpacked/L2025-00085-1/붙임2. 현지입찰(신규입찰) 서류 및 계약서류(안)/IKHCC Section 4 - IKHCC BLANK BOQ 250903_최종/1 Architectural & summery/BILL No1 -Architectural Works-01. HOSPITAL(BLANK BILL).xlsx,47d79c95e2c3273f84778935276c94526e369cc1b1bc057f6b03c998f44e253f
병원,HOSPITAL,010109,010109  METAL WORKS,HR-1,,M,13.0,44822540A47860F2421589785981A,복합일위대가,80.13,38.64,0.3,119.07,1041.69,502.32,3.9,1547.9099999999999,복원,,,,"=ROUND(E306+G306+I306, 2)",0.0,Works particular bill,306,data/unpacked/L2025-00085-1/붙임2. 현지입찰(신규입찰) 서류 및 계약서류(안)/IKHCC Section 4 - IKHCC BLANK BOQ 250903_최종/1 Architectural & summery/BILL No1 -Architectural Works-01. HOSPITAL(BLANK BILL).xlsx,47d79c95e2c3273f84778935276c94526e369cc1b1bc057f6b03c998f44e253f
병원,HOSPITAL,010109,010109  METAL WORKS,HR-2,,M,24.0,44822540A47860F24215897859BEE,복합일위대가,58.34,115.97,5.15,179.46,1400.16,2783.2799999999997,123.60000000000001,4307.04,복원,,,,"=ROUND(E307+G307+I307, 2)",0.0,Works particular bill,307,data/unpacked/L2025-00085-1/붙임2. 현지입찰(신규입찰) 서류 및 계약서류(안)/IKHCC Section 4 - IKHCC BLANK BOQ 250903_최종/1 Architectural & summery/BILL No1 -Architectural Works-01. HOSPITAL(BLANK BILL).xlsx,47d79c95e2c3273f84778935276c94526e369cc1b1bc057f6b03c998f44e253f
병원,HOSPITAL,010109,010109  METAL WORKS,HR-3,,M,8.0,44822540A47860F24215897859AC7,복합일위대가,44.72,90.18,3.97,138.87,357.76,721.44,31.76,1110.96,복원,,,,"=ROUND(E308+G308+I308, 2)",0.0,Works particular bill,308,data/unpacked/L2025-00085-1/붙임2. 현지입찰(신규입찰) 서류 및 계약서류(안)/IKHCC Section 4 - IKHCC BLANK BOQ 250903_최종/1 Architectural & summery/BILL No1 -Architectural Works-01. HOSPITAL(BLANK BILL).xlsx,47d79c95e2c3273f84778935276c94526e369cc1b1bc057f6b03c998f44e253f
병원,HOSPITAL,010109,010109  METAL WORKS,HR-4,,M,84.0,44822540A47860F24215897859D9C,복합일위대가,16.95,19.13,0.9,36.98,1423.8,1606.9199999999998,75.60000000000001,3106.3199999999997,복원,,,,"=ROUND(E309+G309+I309, 2)",0.0,Works particular bill,309,data/unpacked/L2025-00085-1/붙임2. 현지입찰(신규입찰) 서류 및 계약서류(안)/IKHCC Section 4 - IKHCC BLANK BOQ 250903_최종/1 Architectural & summery/BILL No1 -Architectural Works-01. HOSPITAL(BLANK BILL).xlsx,47d79c95e2c3273f84778935276c94526e369cc1b1bc057f6b03c998f44e253f
병원,HOSPITAL,010109,010109  METAL WORKS,HR-5,,M,3.0,44822540A47860F24215897859CF5,복합일위대가,17.29,9.06,0.22,26.57,51.87,27.18,0.66,79.71000000000001,복원,,,,"=ROUND(E310+G310+I310, 2)",0.0,Works particular bill,310,data/unpacked/L2025-00085-1/붙임2. 현지입찰(신규입찰) 서류 및 계약서류(안)/IKHCC Section 4 - IKHCC BLANK BOQ 250903_최종/1 Architectural & summery/BILL No1 -Architectural Works-01. HOSPITAL(BLANK BILL).xlsx,47d79c95e2c3273f84778935276c94526e369cc1b1bc057f6b03c998f44e253f
병원,HOSPITAL,010109,010109  METAL WORKS,HR-6,,M,3.0,44822540A47860F24215897859F49,복합일위대가,58.34,115.97,5.15,179.46,175.02,347.90999999999997,15.450000000000001,538.38,복원,,,,"=ROUND(E311+G311+I311, 2)",0.0,Works particular bill,311,data/unpacked/L2025-00085-1/붙임2. 현지입찰(신규입찰) 서류 및 계약서류(안)/IKHCC Section 4 - IKHCC BLANK BOQ 250903_최종/1 Architectural & summery/BILL No1 -Architectural Works-01. HOSPITAL(BLANK BILL).xlsx,47d79c95e2c3273f84778935276c94526e369cc1b1bc057f6b03c998f44e253f
병원,HOSPITAL,010109,010109  METAL WORKS,"Supply and fixed of Wiremesh On Floor, #8-150*150",,M2,3671.0,44822540D17E8D4602588173AE071,복합일위대가,6.0,0.0,0.0,6.0,22026.0,0.0,0.0,22026.0,복원,,,,"=ROUND(E312+G312+I312, 2)",0.0,Works particular bill,312,data/unpacked/L2025-00085-1/붙임2. 현지입찰(신규입찰) 서류 및 계약서류(안)/IKHCC Section 4 - IKHCC BLANK BOQ 250903_최종/1 Architectural & summery/BILL No1 -Architectural Works-01. HOSPITAL(BLANK BILL).xlsx,47d79c95e2c3273f84778935276c94526e369cc1b1bc057f6b03c998f44e253f
병원,HOSPITAL,010109,010109  METAL WORKS,Supply and fixed of Steel cover,T4.5 STL CHECKERED PL 1000*1000,EA,4.0,44822540E277AD1B92F0277963016,복합일위대가,53.85,105.12,4.39,163.35999999999999,215.4,420.48,17.56,653.4399999999999,복원,,,,"=ROUND(E313+G313+I313, 2)",0.0,Works particular bill,313,data/unpacked/L2025-00085-1/붙임2. 현지입찰(신규입찰) 서류 및 계약서류(안)/IKHCC Section 4 - IKHCC BLANK BOQ 250903_최종/1 Architectural & summery/BILL No1 -Architectural Works-01. HOSPITAL(BLANK BILL).xlsx,47d79c95e2c3273f84778935276c94526e369cc1b1bc057f6b03c998f44e253f
병원,HOSPITAL,010109,010109  METAL WORKS,Open Trench,"TWO SIDE, L-25*25*3t Galvanized",M,134.0,44822540E2707C9F62530C63082EE,복합일위대가,2.92,5.08,0.26,8.26,391.28,680.72,34.84,1106.84,복원,,,,"=ROUND(E314+G314+I314, 2)",0.0,Works particular bill,314,data/unpacked/L2025-00085-1/붙임2. 현지입찰(신규입찰) 서류 및 계약서류(안)/IKHCC Section 4 - IKHCC BLANK BOQ 250903_최종/1 Architectural & summery/BILL No1 -Architectural Works-01. HOSPITAL(BLANK BILL).xlsx,47d79c95e2c3273f84778935276c94526e369cc1b1bc057f6b03c998f44e253f
병원,HOSPITAL,010109,010109  METAL WORKS,"P.V.D.F coated Aluminum Sheet, Thicknes of 0.7mm",,M2,255.0,4482254042708488C255237DA7814,복합일위대가,159.67,0.0,0.0,159.67,40715.85,0.0,0.0,40715.85,복원,,,,"=ROUND(E315+G315+I315, 2)",0.0,Works particular bill,315,data/unpacked/L2025-00085-1/붙임2. 현지입찰(신규입찰) 서류 및 계약서류(안)/IKHCC Section 4 - IKHCC BLANK BOQ 250903_최종/1 Architectural & summery/BILL No1 -Architectural Works-01. HOSPITAL(BLANK BILL).xlsx,47d79c95e2c3273f84778935276c94526e369cc1b1bc057f6b03c998f44e253f
병원,HOSPITAL,010109,010109  METAL WORKS,AL SHEET FLASHING,100*400,M,289.0,4482254042708488C255237DA793B,복합일위대가,113.37,0.0,0.0,113.37,32763.93,0.0,0.0,32763.93,복원,,,,"=ROUND(E316+G316+I316, 2)",0.0,Works particular bill,316,data/unpacked/L2025-00085-1/붙임2. 현지입찰(신규입찰) 서류 및 계약서류(안)/IKHCC Section 4 - IKHCC BLANK BOQ 250903_최종/1 Architectural & summery/BILL No1 -Architectural Works-01. HOSPITAL(BLANK BILL).xlsx,47d79c95e2c3273f84778935276c94526e369cc1b1bc057f6b03c998f44e253f
병원,HOSPITAL,010109,010109  METAL WORKS,AL SHEET FLASHING,100*300,M,8.0,4482254042708488C255237DA7AC2,복합일위대가,86.23,0.0,0.0,86.23,689.84,0.0,0.0,689.84,복원,,,,"=ROUND(E317+G317+I317, 2)",0.0,Works particular bill,317,data/unpacked/L2025-00085-1/붙임2. 현지입찰(신규입찰) 서류 및 계약서류(안)/IKHCC Section 4 - IKHCC BLANK BOQ 250903_최종/1 Architectural & summery/BILL No1 -Architectural Works-01. HOSPITAL(BLANK BILL).xlsx,47d79c95e2c3273f84778935276c94526e369cc1b1bc057f6b03c998f44e253f
병원,HOSPITAL,010109,010109  METAL WORKS,AL SHEET FLASHING,100*520,M,40.0,4482254042708488C255237DA7BE9,복합일위대가,132.53,0.0,0.0,132.53,5301.2,0.0,0.0,5301.2,복원,,,,"=ROUND(E318+G318+I318, 2)",0.0,Works particular bill,318,data/unpacked/L2025-00085-1/붙임2. 현지입찰(신규입찰) 서류 및 계약서류(안)/IKHCC Section 4 - IKHCC BLANK BOQ 250903_최종/1 Architectural & summery/BILL No1 -Architectural Works-01. HOSPITAL(BLANK BILL).xlsx,47d79c95e2c3273f84778935276c94526e369cc1b1bc057f6b03c998f44e253f
병원,HOSPITAL,010109,010109  METAL WORKS,AL SHEET FLASHING,100*650,M,8.0,4482254042708488C255237DA7C8F,복합일위대가,143.71,0.0,0.0,143.71,1149.68,0.0,0.0,1149.68,복원,,,,"=ROUND(E319+G319+I319, 2)",0.0,Works particular bill,319,data/unpacked/L2025-00085-1/붙임2. 현지입찰(신규입찰) 서류 및 계약서류(안)/IKHCC Section 4 - IKHCC BLANK BOQ 250903_최종/1 Architectural & summery/BILL No1 -Architectural Works-01. HOSPITAL(BLANK BILL).xlsx,47d79c95e2c3273f84778935276c94526e369cc1b1bc057f6b03c998f44e253f
병원,HOSPITAL,010109,010109  METAL WORKS,AL MOULDING,W=50,M,136.0,4482254042708488C255237DA7D96,복합일위대가,19.17,0.0,0.0,19.17,2607.1200000000003,0.0,0.0,2607.1200000000003,복원,,,,"=ROUND(E320+G320+I320, 2)",0.0,Works particular bill,320,data/unpacked/L2025-00085-1/붙임2. 현지입찰(신규입찰) 서류 및 계약서류(안)/IKHCC Section 4 - IKHCC BLANK BOQ 250903_최종/1 Architectural & summery/BILL No1 -Architectural Works-01. HOSPITAL(BLANK BILL).xlsx,47d79c95e2c3273f84778935276c94526e369cc1b1bc057f6b03c998f44e253f
병원,HOSPITAL,010109,010109  METAL WORKS,"Supply and fixed of Parapet Ring(for cleaning), SST, D100*19t",,no,64.0,4482254042750415127D43074ABFE,복합일위대가,8.05,4.39,0.18,12.620000000000001,515.2,280.96,11.52,807.6800000000001,복원,,,,"=ROUND(E321+G321+I321, 2)",0.0,Works particular bill,321,data/unpacked/L2025-00085-1/붙임2. 현지입찰(신규입찰) 서류 및 계약서류(안)/IKHCC Section 4 - IKHCC BLANK BOQ 250903_최종/1 Architectural & summery/BILL No1 -Architectural Works-01. HOSPITAL(BLANK BILL).xlsx,47d79c95e2c3273f84778935276c94526e369cc1b1bc057f6b03c998f44e253f
병원,HOSPITAL,010109,010109  METAL WORKS,Supply and fixed of Elevator hook,Ø100*22t STL,EA,2.0,448225404275053C32FA817ED1475,복합일위대가,0.78,1.74,0.07,2.59,1.56,3.48,0.14,5.18,복원,,,,"=ROUND(E322+G322+I322, 2)",0.0,Works particular bill,322,data/unpacked/L2025-00085-1/붙임2. 현지입찰(신규입찰) 서류 및 계약서류(안)/IKHCC Section 4 - IKHCC BLANK BOQ 250903_최종/1 Architectural & summery/BILL No1 -Architectural Works-01. HOSPITAL(BLANK BILL).xlsx,47d79c95e2c3273f84778935276c94526e369cc1b1bc057f6b03c998f44e253f
병원,HOSPITAL,010109,010109  METAL WORKS,Stainless steel material separator,"FLOOR, W45*H20*1.5t",M,112.0,448220480378444AE2DDFBB1E17A4,복합일위대가,5.26,5.85,0.29,11.399999999999999,589.12,655.1999999999999,32.48,1276.7999999999997,복원,,,,"=ROUND(E323+G323+I323, 2)",0.0,Works particular bill,323,data/unpacked/L2025-00085-1/붙임2. 현지입찰(신규입찰) 서류 및 계약서류(안)/IKHCC Section 4 - IKHCC BLANK BOQ 250903_최종/1 Architectural & summery/BILL No1 -Architectural Works-01. HOSPITAL(BLANK BILL).xlsx,47d79c95e2c3273f84778935276c94526e369cc1b1bc057f6b03c998f44e253f
병원,HOSPITAL,010109,010109  METAL WORKS,Stainless steel material separator,"FLOOR, W20*H20*2.0t",M,18.0,448220480378444AE2DDFBB1E169E,복합일위대가,3.89,4.22,0.21,8.32,70.02,75.96,3.78,149.76,복원,,,,"=ROUND(E324+G324+I324, 2)",0.0,Works particular bill,324,data/unpacked/L2025-00085-1/붙임2. 현지입찰(신규입찰) 서류 및 계약서류(안)/IKHCC Section 4 - IKHCC BLANK BOQ 250903_최종/1 Architectural & summery/BILL No1 -Architectural Works-01. HOSPITAL(BLANK BILL).xlsx,47d79c95e2c3273f84778935276c94526e369cc1b1bc057f6b03c998f44e253f
병원,HOSPITAL,010109,010109  METAL WORKS,Curtain box(type-ㄷ),"150mm x 150mm x Thick 1.2mm, Stl plate frame,with Paint",M,238.0,44822048FB7FB9F1222D3F8F96C2D,복합일위대가,6.17,12.27,0.48,18.919999999999998,1468.46,2920.2599999999998,114.24,4502.959999999999,복원,,,,"=ROUND(E325+G325+I325, 2)",0.0,Works particular bill,325,data/unpacked/L2025-00085-1/붙임2. 현지입찰(신규입찰) 서류 및 계약서류(안)/IKHCC Section 4 - IKHCC BLANK BOQ 250903_최종/1 Architectural & summery/BILL No1 -Architectural Works-01. HOSPITAL(BLANK BILL).xlsx,47d79c95e2c3273f84778935276c94526e369cc1b1bc057f6b03c998f44e253f
병원,HOSPITAL,010110,010110  PLASTER WORKS,"Mortar, W/Plastering 20mm thick on concrete Ceiling",,M2,19.0,4482284BC0735B256231C4073E69B,복합일위대가,1.05,0.0,0.0,1.05,19.95,0.0,0.0,19.95,복원,,,,"=ROUND(E341+G341+I341, 2)",0.0,Works particular bill,341,data/unpacked/L2025-00085-1/붙임2. 현지입찰(신규입찰) 서류 및 계약서류(안)/IKHCC Section 4 - IKHCC BLANK BOQ 250903_최종/1 Architectural & summery/BILL No1 -Architectural Works-01. HOSPITAL(BLANK BILL).xlsx,47d79c95e2c3273f84778935276c94526e369cc1b1bc057f6b03c998f44e253f
병원,HOSPITAL,010110,010110  PLASTER WORKS,"Mortar, W/Plastering 9mm thick on concrete walls",,M2,605.0,4482284BC0735B256231C550138F1,복합일위대가,0.63,0.0,0.0,0.63,381.15,0.0,0.0,381.15,복원,,,,"=ROUND(E342+G342+I342, 2)",0.0,Works particular bill,342,data/unpacked/L2025-00085-1/붙임2. 현지입찰(신규입찰) 서류 및 계약서류(안)/IKHCC Section 4 - IKHCC BLANK BOQ 250903_최종/1 Architectural & summery/BILL No1 -Architectural Works-01. HOSPITAL(BLANK BILL).xlsx,47d79c95e2c3273f84778935276c94526e369cc1b1bc057f6b03c998f44e253f
병원,HOSPITAL,010110,010110  PLASTER WORKS,"Mortar, W/Plastering 20mm thick on concrete walls",,M2,4063.0,4482284BC0735B256231C547A6415,복합일위대가,14.0,0.0,0.0,14.0,56882.0,0.0,0.0,56882.0,복원,,,,"=ROUND(E343+G343+I343, 2)",0.0,Works particular bill,343,data/unpacked/L2025-00085-1/붙임2. 현지입찰(신규입찰) 서류 및 계약서류(안)/IKHCC Section 4 - IKHCC BLANK BOQ 250903_최종/1 Architectural & summery/BILL No1 -Architectural Works-01. HOSPITAL(BLANK BILL).xlsx,47d79c95e2c3273f84778935276c94526e369cc1b1bc057f6b03c998f44e253f
병원,HOSPITAL,010110,010110  PLASTER WORKS,20mm thick on concrete to receive receive tile finish,,M2,171.0,4482284BC0735979B2D256C17F168,복합일위대가,1.4,0.0,0.0,1.4,239.39999999999998,0.0,0.0,239.39999999999998,복원,,,,"=ROUND(E344+G344+I344, 2)",0.0,Works particular bill,344,data/unpacked/L2025-00085-1/붙임2. 현지입찰(신규입찰) 서류 및 계약서류(안)/IKHCC Section 4 - IKHCC BLANK BOQ 250903_최종/1 Architectural & summery/BILL No1 -Architectural Works-01. HOSPITAL(BLANK BILL).xlsx,47d79c95e2c3273f84778935276c94526e369cc1b1bc057f6b03c998f44e253f
병원,HOSPITAL,010110,010110  PLASTER WORKS,50mm thick on concrete to receive receive tile finish,,M2,136.0,4482284BC0735979B2D250AFDAC78,복합일위대가,3.5,0.0,0.0,3.5,476.0,0.0,0.0,476.0,복원,,,,"=ROUND(E345+G345+I345, 2)",0.0,Works particular bill,345,data/unpacked/L2025-00085-1/붙임2. 현지입찰(신규입찰) 서류 및 계약서류(안)/IKHCC Section 4 - IKHCC BLANK BOQ 250903_최종/1 Architectural & summery/BILL No1 -Architectural Works-01. HOSPITAL(BLANK BILL).xlsx,47d79c95e2c3273f84778935276c94526e369cc1b1bc057f6b03c998f44e253f
병원,HOSPITAL,010110,010110  PLASTER WORKS,55mm thick on concrete to receive receive tile finish,,M2,45.0,4482284BC0735979B2D250AFDAC7D,복합일위대가,3.85,0.0,0.0,3.85,173.25,0.0,0.0,173.25,복원,,,,"=ROUND(E346+G346+I346, 2)",0.0,Works particular bill,346,data/unpacked/L2025-00085-1/붙임2. 현지입찰(신규입찰) 서류 및 계약서류(안)/IKHCC Section 4 - IKHCC BLANK BOQ 250903_최종/1 Architectural & summery/BILL No1 -Architectural Works-01. HOSPITAL(BLANK BILL).xlsx,47d79c95e2c3273f84778935276c94526e369cc1b1bc057f6b03c998f44e253f
병원,HOSPITAL,010110,010110  PLASTER WORKS,"Mortar, W/Plastering 60mm thick on concrete floors",,M2,53.0,4482284BC0735979B2D250AFDAC7B,복합일위대가,4.2,0.0,0.0,4.2,222.60000000000002,0.0,0.0,222.60000000000002,복원,,,,"=ROUND(E347+G347+I347, 2)",0.0,Works particular bill,347,data/unpacked/L2025-00085-1/붙임2. 현지입찰(신규입찰) 서류 및 계약서류(안)/IKHCC Section 4 - IKHCC BLANK BOQ 250903_최종/1 Architectural & summery/BILL No1 -Architectural Works-01. HOSPITAL(BLANK BILL).xlsx,47d79c95e2c3273f84778935276c94526e369cc1b1bc057f6b03c998f44e253f
병원,HOSPITAL,010110,010110  PLASTER WORKS,"Mortar, W/Plastering 15mm thick on concrete ceiling",,M2,241.0,4482284BC0735979B2D250AFDAC7A,복합일위대가,1.05,0.0,0.0,1.05,253.05,0.0,0.0,253.05,복원,,,,"=ROUND(E348+G348+I348, 2)",0.0,Works particular bill,348,data/unpacked/L2025-00085-1/붙임2. 현지입찰(신규입찰) 서류 및 계약서류(안)/IKHCC Section 4 - IKHCC BLANK BOQ 250903_최종/1 Architectural & summery/BILL No1 -Architectural Works-01. HOSPITAL(BLANK BILL).xlsx,47d79c95e2c3273f84778935276c94526e369cc1b1bc057f6b03c998f44e253f
병원,HOSPITAL,010110,010110  PLASTER WORKS,"Resin Mortar, W/Plastering 5mm thick on concrete floors",,M2,45.0,4482284BC0735979B2D256C143E89,복합일위대가,7.15,0.0,0.0,7.15,321.75,0.0,0.0,321.75,복원,,,,"=ROUND(E349+G349+I349, 2)",0.0,Works particular bill,349,data/unpacked/L2025-00085-1/붙임2. 현지입찰(신규입찰) 서류 및 계약서류(안)/IKHCC Section 4 - IKHCC BLANK BOQ 250903_최종/1 Architectural & summery/BILL No1 -Architectural Works-01. HOSPITAL(BLANK BILL).xlsx,47d79c95e2c3273f84778935276c94526e369cc1b1bc057f6b03c998f44e253f
병원,HOSPITAL,010110,010110  PLASTER WORKS,CONCRETE SURFACE TREATMENT,WALL,M2,2141.0,4482284BC070874912CC359D94171,복합일위대가,3.0,0.0,0.0,3.0,6423.0,0.0,0.0,6423.0,복원,,,,"=ROUND(E350+G350+I350, 2)",0.0,Works particular bill,350,data/unpacked/L2025-00085-1/붙임2. 현지입찰(신규입찰) 서류 및 계약서류(안)/IKHCC Section 4 - IKHCC BLANK BOQ 250903_최종/1 Architectural & summery/BILL No1 -Architectural Works-01. HOSPITAL(BLANK BILL).xlsx,47d79c95e2c3273f84778935276c94526e369cc1b1bc057f6b03c998f44e253f
병원,HOSPITAL,010110,010110  PLASTER WORKS,CONCRETE SURFACE TREATMENT,CEILING,M2,856.0,4482284BC070874912CC359D94218,복합일위대가,3.0,0.0,0.0,3.0,2568.0,0.0,0.0,2568.0,복원,,,,"=ROUND(E351+G351+I351, 2)",0.0,Works particular bill,351,data/unpacked/L2025-00085-1/붙임2. 현지입찰(신규입찰) 서류 및 계약서류(안)/IKHCC Section 4 - IKHCC BLANK BOQ 250903_최종/1 Architectural & summery/BILL No1 -Architectural Works-01. HOSPITAL(BLANK BILL).xlsx,47d79c95e2c3273f84778935276c94526e369cc1b1bc057f6b03c998f44e253f
병원,HOSPITAL,010110,010110  PLASTER WORKS,Steel Troweled,Floor,M2,4425.0,4482284BC0762C32527F32009D274,복합일위대가,3.0,0.0,0.0,3.0,13275.0,0.0,0.0,13275.0,복원,,,,"=ROUND(E352+G352+I352, 2)",0.0,Works particular bill,352,data/unpacked/L2025-00085-1/붙임2. 현지입찰(신규입찰) 서류 및 계약서류(안)/IKHCC Section 4 - IKHCC BLANK BOQ 250903_최종/1 Architectural & summery/BILL No1 -Architectural Works-01. HOSPITAL(BLANK BILL).xlsx,47d79c95e2c3273f84778935276c94526e369cc1b1bc057f6b03c998f44e253f
병원,HOSPITAL,010110,010110  PLASTER WORKS,Mortar Infill,Around The door & window,M,387.0,44822343DD798A2812ACA2BC9896B,복합일위대가,0.54,1.33,0.03,1.9000000000000001,208.98000000000002,514.71,11.61,735.3000000000001,복원,,,,"=ROUND(E353+G353+I353, 2)",0.0,Works particular bill,353,data/unpacked/L2025-00085-1/붙임2. 현지입찰(신규입찰) 서류 및 계약서류(안)/IKHCC Section 4 - IKHCC BLANK BOQ 250903_최종/1 Architectural & summery/BILL No1 -Architectural Works-01. HOSPITAL(BLANK BILL).xlsx,47d79c95e2c3273f84778935276c94526e369cc1b1bc057f6b03c998f44e253f
병원,HOSPITAL,010110,010110  PLASTER WORKS,Urethane Foam Filling,Around The door & window,M,2547.0,44822343DD798A292213C43685E09,복합일위대가,0.39,0.8,0.0,1.19,993.33,2037.6000000000001,0.0,3030.93,복원,,,,"=ROUND(E354+G354+I354, 2)",0.0,Works particular bill,354,data/unpacked/L2025-00085-1/붙임2. 현지입찰(신규입찰) 서류 및 계약서류(안)/IKHCC Section 4 - IKHCC BLANK BOQ 250903_최종/1 Architectural & summery/BILL No1 -Architectural Works-01. HOSPITAL(BLANK BILL).xlsx,47d79c95e2c3273f84778935276c94526e369cc1b1bc057f6b03c998f44e253f
병원,HOSPITAL,010111,010111  DOORS & WINDOWS WORKS-1,AD01/01. HOSPITAL/60*150 AL,0.900 x 1.800 = 1.620,EA,2.0,453125479B7D7FE4C224A493677E6,복합일위대가,299.7,0.0,0.0,299.7,599.4,0.0,0.0,599.4,복원,,,,"=ROUND(E365+G365+I365, 2)",0.0,Works particular bill,365,data/unpacked/L2025-00085-1/붙임2. 현지입찰(신규입찰) 서류 및 계약서류(안)/IKHCC Section 4 - IKHCC BLANK BOQ 250903_최종/1 Architectural & summery/BILL No1 -Architectural Works-01. HOSPITAL(BLANK BILL).xlsx,47d79c95e2c3273f84778935276c94526e369cc1b1bc057f6b03c998f44e253f
병원,HOSPITAL,010111,010111  DOORS & WINDOWS WORKS-1,AG01/01. HOSPITAL/AL.Louver,2.475 x 1.800 = 4.455,EA,2.0,453125479B7D7FE4C224BA0035DEF,복합일위대가,824.18,0.0,0.0,824.18,1648.36,0.0,0.0,1648.36,복원,,,,"=ROUND(E366+G366+I366, 2)",0.0,Works particular bill,366,data/unpacked/L2025-00085-1/붙임2. 현지입찰(신규입찰) 서류 및 계약서류(안)/IKHCC Section 4 - IKHCC BLANK BOQ 250903_최종/1 Architectural & summery/BILL No1 -Architectural Works-01. HOSPITAL(BLANK BILL).xlsx,47d79c95e2c3273f84778935276c94526e369cc1b1bc057f6b03c998f44e253f
병원,HOSPITAL,010111,010111  DOORS & WINDOWS WORKS-1,AG02/01. HOSPITAL/AL.Louver,2.475 x 1.800 = 4.455,EA,2.0,453125479B7D7FE4C224BA0035DED,복합일위대가,824.18,0.0,0.0,824.18,1648.36,0.0,0.0,1648.36,복원,,,,"=ROUND(E367+G367+I367, 2)",0.0,Works particular bill,367,data/unpacked/L2025-00085-1/붙임2. 현지입찰(신규입찰) 서류 및 계약서류(안)/IKHCC Section 4 - IKHCC BLANK BOQ 250903_최종/1 Architectural & summery/BILL No1 -Architectural Works-01. HOSPITAL(BLANK BILL).xlsx,47d79c95e2c3273f84778935276c94526e369cc1b1bc057f6b03c998f44e253f
병원,HOSPITAL,010111,010111  DOORS & WINDOWS WORKS-1,AG02A/01. HOSPITAL/AL.Louver,1.420 x 2.400 = 3.408,EA,1.0,453125479B7D7FE4C224A493677E4,복합일위대가,630.48,0.0,0.0,630.48,630.48,0.0,0.0,630.48,복원,,,,"=ROUND(E368+G368+I368, 2)",0.0,Works particular bill,368,data/unpacked/L2025-00085-1/붙임2. 현지입찰(신규입찰) 서류 및 계약서류(안)/IKHCC Section 4 - IKHCC BLANK BOQ 250903_최종/1 Architectural & summery/BILL No1 -Architectural Works-01. HOSPITAL(BLANK BILL).xlsx,47d79c95e2c3273f84778935276c94526e369cc1b1bc057f6b03c998f44e253f
병원,HOSPITAL,010111,010111  DOORS & WINDOWS WORKS-1,AG03/01. HOSPITAL/AL.Louver,2.450 x 0.550 = 1.347,EA,1.0,453125479B7D7FE4C224BA0035DEB,복합일위대가,249.2,0.0,0.0,249.2,249.2,0.0,0.0,249.2,복원,,,,"=ROUND(E369+G369+I369, 2)",0.0,Works particular bill,369,data/unpacked/L2025-00085-1/붙임2. 현지입찰(신규입찰) 서류 및 계약서류(안)/IKHCC Section 4 - IKHCC BLANK BOQ 250903_최종/1 Architectural & summery/BILL No1 -Architectural Works-01. HOSPITAL(BLANK BILL).xlsx,47d79c95e2c3273f84778935276c94526e369cc1b1bc057f6b03c998f44e253f
병원,HOSPITAL,010111,010111  DOORS & WINDOWS WORKS-1,ASD01/01. HOSPITAL/45*150 ST [AUTO],3.000 x 2.300 = 6.900,EA,1.0,453125479B7D7FE4C224BA0035DE9,복합일위대가,3097.65,528.99,238.29,3864.9300000000003,3097.65,528.99,238.29,3864.9300000000003,복원,,,,"=ROUND(E370+G370+I370, 2)",0.0,Works particular bill,370,data/unpacked/L2025-00085-1/붙임2. 현지입찰(신규입찰) 서류 및 계약서류(안)/IKHCC Section 4 - IKHCC BLANK BOQ 250903_최종/1 Architectural & summery/BILL No1 -Architectural Works-01. HOSPITAL(BLANK BILL).xlsx,47d79c95e2c3273f84778935276c94526e369cc1b1bc057f6b03c998f44e253f
병원,HOSPITAL,010111,010111  DOORS & WINDOWS WORKS-1,ASD01A/01. HOSPITAL/45*150 ST [AUTO],3.000 x 2.300 = 6.900,EA,1.0,453125479B7D7FE4C224BA0035DE7,복합일위대가,3097.65,528.99,238.29,3864.9300000000003,3097.65,528.99,238.29,3864.9300000000003,복원,,,,"=ROUND(E371+G371+I371, 2)",0.0,Works particular bill,371,data/unpacked/L2025-00085-1/붙임2. 현지입찰(신규입찰) 서류 및 계약서류(안)/IKHCC Section 4 - IKHCC BLANK BOQ 250903_최종/1 Architectural & summery/BILL No1 -Architectural Works-01. HOSPITAL(BLANK BILL).xlsx,47d79c95e2c3273f84778935276c94526e369cc1b1bc057f6b03c998f44e253f
병원,HOSPITAL,010111,010111  DOORS & WINDOWS WORKS-1,ASD02/01. HOSPITAL/45*150 ST [AUTO],2.600 x 2.700 = 7.020,EA,3.0,453125479B7D7FE4C224BA0035CC6,복합일위대가,3044.7,519.95,234.21,3798.8599999999997,9134.099999999999,1559.8500000000001,702.63,11396.579999999998,복원,,,,"=ROUND(E372+G372+I372, 2)",0.0,Works particular bill,372,data/unpacked/L2025-00085-1/붙임2. 현지입찰(신규입찰) 서류 및 계약서류(안)/IKHCC Section 4 - IKHCC BLANK BOQ 250903_최종/1 Architectural & summery/BILL No1 -Architectural Works-01. HOSPITAL(BLANK BILL).xlsx,47d79c95e2c3273f84778935276c94526e369cc1b1bc057f6b03c998f44e253f
병원,HOSPITAL,010111,010111  DOORS & WINDOWS WORKS-1,ASD03/01. HOSPITAL/45*150 ST [AUTO],3.000 x 2.700 = 8.100,EA,2.0,453125479B7D7FE4C224BA0035CC4,복합일위대가,3309.45,565.16,254.58,4129.19,6618.9,1130.32,509.16,8258.38,복원,,,,"=ROUND(E373+G373+I373, 2)",0.0,Works particular bill,373,data/unpacked/L2025-00085-1/붙임2. 현지입찰(신규입찰) 서류 및 계약서류(안)/IKHCC Section 4 - IKHCC BLANK BOQ 250903_최종/1 Architectural & summery/BILL No1 -Architectural Works-01. HOSPITAL(BLANK BILL).xlsx,47d79c95e2c3273f84778935276c94526e369cc1b1bc057f6b03c998f44e253f
병원,HOSPITAL,010111,010111  DOORS & WINDOWS WORKS-1,ASD04/01. HOSPITAL/45*150 ST [AUTO],2.150 x 2.700 = 5.805,EA,4.0,453125479B7D7FE4C224BA0035CC2,복합일위대가,2462.24,420.48,189.41,3072.1299999999997,9848.96,1681.92,757.64,12288.519999999999,복원,,,,"=ROUND(E374+G374+I374, 2)",0.0,Works particular bill,374,data/unpacked/L2025-00085-1/붙임2. 현지입찰(신규입찰) 서류 및 계약서류(안)/IKHCC Section 4 - IKHCC BLANK BOQ 250903_최종/1 Architectural & summery/BILL No1 -Architectural Works-01. HOSPITAL(BLANK BILL).xlsx,47d79c95e2c3273f84778935276c94526e369cc1b1bc057f6b03c998f44e253f
병원,HOSPITAL,010111,010111  DOORS & WINDOWS WORKS-1,ASD05/01. HOSPITAL/EGI [AUTO],3.000 x 2.400 = 7.200,EA,4.0,453125479B7D7FE4C224BA0035CC0,복합일위대가,2118.05,361.7,162.93,2642.68,8472.2,1446.8,651.72,10570.72,복원,,,,"=ROUND(E375+G375+I375, 2)",0.0,Works particular bill,375,data/unpacked/L2025-00085-1/붙임2. 현지입찰(신규입찰) 서류 및 계약서류(안)/IKHCC Section 4 - IKHCC BLANK BOQ 250903_최종/1 Architectural & summery/BILL No1 -Architectural Works-01. HOSPITAL(BLANK BILL).xlsx,47d79c95e2c3273f84778935276c94526e369cc1b1bc057f6b03c998f44e253f
병원,HOSPITAL,010111,010111  DOORS & WINDOWS WORKS-1,ASD06/01. HOSPITAL/45*150 ST [AUTO],3.800 x 2.700 = 10.260,EA,6.0,453125479B7D7FE4C224BA0035CCE,복합일위대가,3786.02,646.54,291.24,4723.799999999999,22716.12,3879.24,1747.44,28342.799999999996,복원,,,,"=ROUND(E376+G376+I376, 2)",0.0,Works particular bill,376,data/unpacked/L2025-00085-1/붙임2. 현지입찰(신규입찰) 서류 및 계약서류(안)/IKHCC Section 4 - IKHCC BLANK BOQ 250903_최종/1 Architectural & summery/BILL No1 -Architectural Works-01. HOSPITAL(BLANK BILL).xlsx,47d79c95e2c3273f84778935276c94526e369cc1b1bc057f6b03c998f44e253f
병원,HOSPITAL,010111,010111  DOORS & WINDOWS WORKS-1,ASD07/01. HOSPITAL/EGI [AUTO],2.600 x 2.400 = 6.240,EA,6.0,453125479B7D7FE4C224BA0035F9D,복합일위대가,1720.92,293.88,132.38,2147.1800000000003,10325.52,1763.28,794.28,12883.080000000002,복원,,,,"=ROUND(E377+G377+I377, 2)",0.0,Works particular bill,377,data/unpacked/L2025-00085-1/붙임2. 현지입찰(신규입찰) 서류 및 계약서류(안)/IKHCC Section 4 - IKHCC BLANK BOQ 250903_최종/1 Architectural & summery/BILL No1 -Architectural Works-01. HOSPITAL(BLANK BILL).xlsx,47d79c95e2c3273f84778935276c94526e369cc1b1bc057f6b03c998f44e253f
병원,HOSPITAL,010111,010111  DOORS & WINDOWS WORKS-1,AW01/01. HOSPITAL/60*150 AL,1.650 x 0.450 = 0.742,EA,4.0,453125479B7D7FE4C224BA0035F99,복합일위대가,137.27,0.0,0.0,137.27,549.08,0.0,0.0,549.08,복원,,,,"=ROUND(E378+G378+I378, 2)",0.0,Works particular bill,378,data/unpacked/L2025-00085-1/붙임2. 현지입찰(신규입찰) 서류 및 계약서류(안)/IKHCC Section 4 - IKHCC BLANK BOQ 250903_최종/1 Architectural & summery/BILL No1 -Architectural Works-01. HOSPITAL(BLANK BILL).xlsx,47d79c95e2c3273f84778935276c94526e369cc1b1bc057f6b03c998f44e253f
병원,HOSPITAL,010111,010111  DOORS & WINDOWS WORKS-1,AW02/01. HOSPITAL/60*150 AL,1.650 x 1.800 = 2.970,EA,2.0,453125479B7D7FE4C224BA0035F9B,복합일위대가,549.45,0.0,0.0,549.45,1098.9,0.0,0.0,1098.9,복원,,,,"=ROUND(E379+G379+I379, 2)",0.0,Works particular bill,379,data/unpacked/L2025-00085-1/붙임2. 현지입찰(신규입찰) 서류 및 계약서류(안)/IKHCC Section 4 - IKHCC BLANK BOQ 250903_최종/1 Architectural & summery/BILL No1 -Architectural Works-01. HOSPITAL(BLANK BILL).xlsx,47d79c95e2c3273f84778935276c94526e369cc1b1bc057f6b03c998f44e253f
병원,HOSPITAL,010111,010111  DOORS & WINDOWS WORKS-1,AW03/01. HOSPITAL/60*150 AL,0.825 x 1.800 = 1.485,EA,8.0,453125479B7D7FE4C224BA0035F95,복합일위대가,274.73,0.0,0.0,274.73,2197.84,0.0,0.0,2197.84,복원,,,,"=ROUND(E380+G380+I380, 2)",0.0,Works particular bill,380,data/unpacked/L2025-00085-1/붙임2. 현지입찰(신규입찰) 서류 및 계약서류(안)/IKHCC Section 4 - IKHCC BLANK BOQ 250903_최종/1 Architectural & summery/BILL No1 -Architectural Works-01. HOSPITAL(BLANK BILL).xlsx,47d79c95e2c3273f84778935276c94526e369cc1b1bc057f6b03c998f44e253f
병원,HOSPITAL,010111,010111  DOORS & WINDOWS WORKS-1,AW04/01. HOSPITAL/60*150 AL,1.250 x 0.550 = 0.687,EA,1.0,453125479B7D7FE4C224BA0035EF4,복합일위대가,127.1,0.0,0.0,127.1,127.1,0.0,0.0,127.1,복원,,,,"=ROUND(E381+G381+I381, 2)",0.0,Works particular bill,381,data/unpacked/L2025-00085-1/붙임2. 현지입찰(신규입찰) 서류 및 계약서류(안)/IKHCC Section 4 - IKHCC BLANK BOQ 250903_최종/1 Architectural & summery/BILL No1 -Architectural Works-01. HOSPITAL(BLANK BILL).xlsx,47d79c95e2c3273f84778935276c94526e369cc1b1bc057f6b03c998f44e253f
병원,HOSPITAL,010111,010111  DOORS & WINDOWS WORKS-1,AW05/01. HOSPITAL/60*150 AL,0.825 x 2.700 = 2.227,EA,20.0,453125479B7D7FE4C224BA0035EF6,복합일위대가,412.0,0.0,0.0,412.0,8240.0,0.0,0.0,8240.0,복원,,,,"=ROUND(E382+G382+I382, 2)",0.0,Works particular bill,382,data/unpacked/L2025-00085-1/붙임2. 현지입찰(신규입찰) 서류 및 계약서류(안)/IKHCC Section 4 - IKHCC BLANK BOQ 250903_최종/1 Architectural & summery/BILL No1 -Architectural Works-01. HOSPITAL(BLANK BILL).xlsx,47d79c95e2c3273f84778935276c94526e369cc1b1bc057f6b03c998f44e253f
병원,HOSPITAL,010111,010111  DOORS & WINDOWS WORKS-1,AW06/01. HOSPITAL/60*150 AL,8.775 x 3.600 = 31.590,EA,1.0,453125479B7D7FE4C224BA0035EF0,복합일위대가,5844.15,0.0,0.0,5844.15,5844.15,0.0,0.0,5844.15,복원,,,,"=ROUND(E383+G383+I383, 2)",0.0,Works particular bill,383,data/unpacked/L2025-00085-1/붙임2. 현지입찰(신규입찰) 서류 및 계약서류(안)/IKHCC Section 4 - IKHCC BLANK BOQ 250903_최종/1 Architectural & summery/BILL No1 -Architectural Works-01. HOSPITAL(BLANK BILL).xlsx,47d79c95e2c3273f84778935276c94526e369cc1b1bc057f6b03c998f44e253f
병원,HOSPITAL,010111,010111  DOORS & WINDOWS WORKS-1,AW07/01. HOSPITAL/60*150 AL,5.330 x 2.700 = 14.391,EA,1.0,453125479B7D7FE4C224BA0035EF2,복합일위대가,2662.34,0.0,0.0,2662.34,2662.34,0.0,0.0,2662.34,복원,,,,"=ROUND(E384+G384+I384, 2)",0.0,Works particular bill,384,data/unpacked/L2025-00085-1/붙임2. 현지입찰(신규입찰) 서류 및 계약서류(안)/IKHCC Section 4 - IKHCC BLANK BOQ 250903_최종/1 Architectural & summery/BILL No1 -Architectural Works-01. HOSPITAL(BLANK BILL).xlsx,47d79c95e2c3273f84778935276c94526e369cc1b1bc057f6b03c998f44e253f
병원,HOSPITAL,010111,010111  DOORS & WINDOWS WORKS-1,AW08/01. HOSPITAL/60*150 AL,1.650 x 1.800 = 2.970,EA,1.0,453125479B7D7FE4C224BA0035EFC,복합일위대가,549.45,0.0,0.0,549.45,549.45,0.0,0.0,549.45,복원,,,,"=ROUND(E385+G385+I385, 2)",0.0,Works particular bill,385,data/unpacked/L2025-00085-1/붙임2. 현지입찰(신규입찰) 서류 및 계약서류(안)/IKHCC Section 4 - IKHCC BLANK BOQ 250903_최종/1 Architectural & summery/BILL No1 -Architectural Works-01. HOSPITAL(BLANK BILL).xlsx,47d79c95e2c3273f84778935276c94526e369cc1b1bc057f6b03c998f44e253f
병원,HOSPITAL,010111,010111  DOORS & WINDOWS WORKS-1,AW09/01. HOSPITAL/60*150 AL,4.125 x 1.800 = 7.425,EA,1.0,453125479B7D7FE4C224BA0035972,복합일위대가,1373.63,0.0,0.0,1373.63,1373.63,0.0,0.0,1373.63,복원,,,,"=ROUND(E386+G386+I386, 2)",0.0,Works particular bill,386,data/unpacked/L2025-00085-1/붙임2. 현지입찰(신규입찰) 서류 및 계약서류(안)/IKHCC Section 4 - IKHCC BLANK BOQ 250903_최종/1 Architectural & summery/BILL No1 -Architectural Works-01. HOSPITAL(BLANK BILL).xlsx,47d79c95e2c3273f84778935276c94526e369cc1b1bc057f6b03c998f44e253f
병원,HOSPITAL,010111,010111  DOORS & WINDOWS WORKS-1,AW10/01. HOSPITAL/60*150 AL,1.520 x 1.200 = 1.824,EA,1.0,453125479B7D7FE4C224BA0035970,복합일위대가,337.44,0.0,0.0,337.44,337.44,0.0,0.0,337.44,복원,,,,"=ROUND(E387+G387+I387, 2)",0.0,Works particular bill,387,data/unpacked/L2025-00085-1/붙임2. 현지입찰(신규입찰) 서류 및 계약서류(안)/IKHCC Section 4 - IKHCC BLANK BOQ 250903_최종/1 Architectural & summery/BILL No1 -Architectural Works-01. HOSPITAL(BLANK BILL).xlsx,47d79c95e2c3273f84778935276c94526e369cc1b1bc057f6b03c998f44e253f
병원,HOSPITAL,010111,010111  DOORS & WINDOWS WORKS-1,AW11/01. HOSPITAL/60*150 AL,7.660 x 3.600 = 27.576,EA,1.0,453125479B7D7FE4C224BA0035976,복합일위대가,5101.56,0.0,0.0,5101.56,5101.56,0.0,0.0,5101.56,복원,,,,"=ROUND(E388+G388+I388, 2)",0.0,Works particular bill,388,data/unpacked/L2025-00085-1/붙임2. 현지입찰(신규입찰) 서류 및 계약서류(안)/IKHCC Section 4 - IKHCC BLANK BOQ 250903_최종/1 Architectural & summery/BILL No1 -Architectural Works-01. HOSPITAL(BLANK BILL).xlsx,47d79c95e2c3273f84778935276c94526e369cc1b1bc057f6b03c998f44e253f
병원,HOSPITAL,010111,010111  DOORS & WINDOWS WORKS-1,AW12/01. HOSPITAL/60*150 AL,2.370 x 1.200 = 2.844,EA,6.0,453125479B7D7FE4C224BA0035974,복합일위대가,526.14,0.0,0.0,526.14,3156.84,0.0,0.0,3156.84,복원,,,,"=ROUND(E389+G389+I389, 2)",0.0,Works particular bill,389,data/unpacked/L2025-00085-1/붙임2. 현지입찰(신규입찰) 서류 및 계약서류(안)/IKHCC Section 4 - IKHCC BLANK BOQ 250903_최종/1 Architectural & summery/BILL No1 -Architectural Works-01. HOSPITAL(BLANK BILL).xlsx,47d79c95e2c3273f84778935276c94526e369cc1b1bc057f6b03c998f44e253f
병원,HOSPITAL,010111,010111  DOORS & WINDOWS WORKS-1,AW13/01. HOSPITAL/60*150 AL,0.825 x 1.200 = 0.990,EA,1.0,453125479B7D7FE4C224BA003597A,복합일위대가,183.15,0.0,0.0,183.15,183.15,0.0,0.0,183.15,복원,,,,"=ROUND(E390+G390+I390, 2)",0.0,Works particular bill,390,data/unpacked/L2025-00085-1/붙임2. 현지입찰(신규입찰) 서류 및 계약서류(안)/IKHCC Section 4 - IKHCC BLANK BOQ 250903_최종/1 Architectural & summery/BILL No1 -Architectural Works-01. HOSPITAL(BLANK BILL).xlsx,47d79c95e2c3273f84778935276c94526e369cc1b1bc057f6b03c998f44e253f
병원,HOSPITAL,010111,010111  DOORS & WINDOWS WORKS-1,AW13A/01. HOSPITAL/60*150 AL,0.825 x 1.500 = 1.237,EA,6.0,453125479B7D7FE4C224BA003586D,복합일위대가,228.85,0.0,0.0,228.85,1373.1,0.0,0.0,1373.1,복원,,,,"=ROUND(E391+G391+I391, 2)",0.0,Works particular bill,391,data/unpacked/L2025-00085-1/붙임2. 현지입찰(신규입찰) 서류 및 계약서류(안)/IKHCC Section 4 - IKHCC BLANK BOQ 250903_최종/1 Architectural & summery/BILL No1 -Architectural Works-01. HOSPITAL(BLANK BILL).xlsx,47d79c95e2c3273f84778935276c94526e369cc1b1bc057f6b03c998f44e253f
병원,HOSPITAL,010111,010111  DOORS & WINDOWS WORKS-1,AW14/01. HOSPITAL/60*150 AL,1.650 x 2.700 = 4.455,EA,1.0,453125479B7D7FE4C224BA003586F,복합일위대가,824.18,0.0,0.0,824.18,824.18,0.0,0.0,824.18,복원,,,,"=ROUND(E392+G392+I392, 2)",0.0,Works particular bill,392,data/unpacked/L2025-00085-1/붙임2. 현지입찰(신규입찰) 서류 및 계약서류(안)/IKHCC Section 4 - IKHCC BLANK BOQ 250903_최종/1 Architectural & summery/BILL No1 -Architectural Works-01. HOSPITAL(BLANK BILL).xlsx,47d79c95e2c3273f84778935276c94526e369cc1b1bc057f6b03c998f44e253f
병원,HOSPITAL,010111,010111  DOORS & WINDOWS WORKS-1,AW15/01. HOSPITAL/60*150 AL,2.370 x 1.200 = 2.844,EA,8.0,453125479B7D7FE4C224BA0035869,복합일위대가,526.14,0.0,0.0,526.14,4209.12,0.0,0.0,4209.12,복원,,,,"=ROUND(E393+G393+I393, 2)",0.0,Works particular bill,393,data/unpacked/L2025-00085-1/붙임2. 현지입찰(신규입찰) 서류 및 계약서류(안)/IKHCC Section 4 - IKHCC BLANK BOQ 250903_최종/1 Architectural & summery/BILL No1 -Architectural Works-01. HOSPITAL(BLANK BILL).xlsx,47d79c95e2c3273f84778935276c94526e369cc1b1bc057f6b03c998f44e253f
병원,HOSPITAL,010111,010111  DOORS & WINDOWS WORKS-1,AW16/01. HOSPITAL/60*150 AL,2.370 x 1.200 = 2.844,EA,2.0,453125479B7D7FE4C224BA003586B,복합일위대가,526.14,0.0,0.0,526.14,1052.28,0.0,0.0,1052.28,복원,,,,"=ROUND(E394+G394+I394, 2)",0.0,Works particular bill,394,data/unpacked/L2025-00085-1/붙임2. 현지입찰(신규입찰) 서류 및 계약서류(안)/IKHCC Section 4 - IKHCC BLANK BOQ 250903_최종/1 Architectural & summery/BILL No1 -Architectural Works-01. HOSPITAL(BLANK BILL).xlsx,47d79c95e2c3273f84778935276c94526e369cc1b1bc057f6b03c998f44e253f
병원,HOSPITAL,010111,010111  DOORS & WINDOWS WORKS-1,AW16A/01. HOSPITAL/60*150 AL,1.770 x 1.200 = 2.124,EA,1.0,453125479B7D7FE4C224BA0035865,복합일위대가,392.94,0.0,0.0,392.94,392.94,0.0,0.0,392.94,복원,,,,"=ROUND(E395+G395+I395, 2)",0.0,Works particular bill,395,data/unpacked/L2025-00085-1/붙임2. 현지입찰(신규입찰) 서류 및 계약서류(안)/IKHCC Section 4 - IKHCC BLANK BOQ 250903_최종/1 Architectural & summery/BILL No1 -Architectural Works-01. HOSPITAL(BLANK BILL).xlsx,47d79c95e2c3273f84778935276c94526e369cc1b1bc057f6b03c998f44e253f
병원,HOSPITAL,010111,010111  DOORS & WINDOWS WORKS-1,AW17/01. HOSPITAL/60*150 AL,2.735 x 2.700 = 7.384,EA,1.0,453125479B7D7FE4C224BA0035B20,복합일위대가,1366.04,0.0,0.0,1366.04,1366.04,0.0,0.0,1366.04,복원,,,,"=ROUND(E396+G396+I396, 2)",0.0,Works particular bill,396,data/unpacked/L2025-00085-1/붙임2. 현지입찰(신규입찰) 서류 및 계약서류(안)/IKHCC Section 4 - IKHCC BLANK BOQ 250903_최종/1 Architectural & summery/BILL No1 -Architectural Works-01. HOSPITAL(BLANK BILL).xlsx,47d79c95e2c3273f84778935276c94526e369cc1b1bc057f6b03c998f44e253f
병원,HOSPITAL,010111,010111  DOORS & WINDOWS WORKS-1,AW17A/01. HOSPITAL/60*150 AL,2.735 x 2.400 = 6.564,EA,1.0,453125479B7D7FE4C224BA0035B22,복합일위대가,1214.34,0.0,0.0,1214.34,1214.34,0.0,0.0,1214.34,복원,,,,"=ROUND(E397+G397+I397, 2)",0.0,Works particular bill,397,data/unpacked/L2025-00085-1/붙임2. 현지입찰(신규입찰) 서류 및 계약서류(안)/IKHCC Section 4 - IKHCC BLANK BOQ 250903_최종/1 Architectural & summery/BILL No1 -Architectural Works-01. HOSPITAL(BLANK BILL).xlsx,47d79c95e2c3273f84778935276c94526e369cc1b1bc057f6b03c998f44e253f
병원,HOSPITAL,010111,010111  DOORS & WINDOWS WORKS-1,AW17B/01. HOSPITAL/60*150 AL,2.945 x 2.700 = 7.951,EA,1.0,453125479B7D7FE4C224BA0035B24,복합일위대가,1470.94,0.0,0.0,1470.94,1470.94,0.0,0.0,1470.94,복원,,,,"=ROUND(E398+G398+I398, 2)",0.0,Works particular bill,398,data/unpacked/L2025-00085-1/붙임2. 현지입찰(신규입찰) 서류 및 계약서류(안)/IKHCC Section 4 - IKHCC BLANK BOQ 250903_최종/1 Architectural & summery/BILL No1 -Architectural Works-01. HOSPITAL(BLANK BILL).xlsx,47d79c95e2c3273f84778935276c94526e369cc1b1bc057f6b03c998f44e253f
병원,HOSPITAL,010111,010111  DOORS & WINDOWS WORKS-1,AW18/01. HOSPITAL/60*150 AL,0.760 x 1.800 = 1.368,EA,2.0,453125479B7D7FE4C224BA0035B26,복합일위대가,253.08,0.0,0.0,253.08,506.16,0.0,0.0,506.16,복원,,,,"=ROUND(E399+G399+I399, 2)",0.0,Works particular bill,399,data/unpacked/L2025-00085-1/붙임2. 현지입찰(신규입찰) 서류 및 계약서류(안)/IKHCC Section 4 - IKHCC BLANK BOQ 250903_최종/1 Architectural & summery/BILL No1 -Architectural Works-01. HOSPITAL(BLANK BILL).xlsx,47d79c95e2c3273f84778935276c94526e369cc1b1bc057f6b03c998f44e253f
병원,HOSPITAL,010111,010111  DOORS & WINDOWS WORKS-1,AW18A/01. HOSPITAL/60*150 AL,0.760 x 2.700 = 2.052,EA,1.0,453125479B7D7FE4C224BA0035B28,복합일위대가,379.62,0.0,0.0,379.62,379.62,0.0,0.0,379.62,복원,,,,"=ROUND(E400+G400+I400, 2)",0.0,Works particular bill,400,data/unpacked/L2025-00085-1/붙임2. 현지입찰(신규입찰) 서류 및 계약서류(안)/IKHCC Section 4 - IKHCC BLANK BOQ 250903_최종/1 Architectural & summery/BILL No1 -Architectural Works-01. HOSPITAL(BLANK BILL).xlsx,47d79c95e2c3273f84778935276c94526e369cc1b1bc057f6b03c998f44e253f
병원,HOSPITAL,010111,010111  DOORS & WINDOWS WORKS-1,AW20/01. HOSPITAL/60*150 AL,2.370 x 1.500 = 3.555,EA,33.0,453125479B7D7FE4C224BA0035A1D,복합일위대가,657.68,0.0,0.0,657.68,21703.44,0.0,0.0,21703.44,복원,,,,"=ROUND(E401+G401+I401, 2)",0.0,Works particular bill,401,data/unpacked/L2025-00085-1/붙임2. 현지입찰(신규입찰) 서류 및 계약서류(안)/IKHCC Section 4 - IKHCC BLANK BOQ 250903_최종/1 Architectural & summery/BILL No1 -Architectural Works-01. HOSPITAL(BLANK BILL).xlsx,47d79c95e2c3273f84778935276c94526e369cc1b1bc057f6b03c998f44e253f
병원,HOSPITAL,010111,010111  DOORS & WINDOWS WORKS-1,AW21/01. HOSPITAL/60*150 AL,0.760 x 1.500 = 1.140,EA,14.0,453125479B7D7FE4C224BA0035A13,복합일위대가,210.9,0.0,0.0,210.9,2952.6,0.0,0.0,2952.6,복원,,,,"=ROUND(E402+G402+I402, 2)",0.0,Works particular bill,402,data/unpacked/L2025-00085-1/붙임2. 현지입찰(신규입찰) 서류 및 계약서류(안)/IKHCC Section 4 - IKHCC BLANK BOQ 250903_최종/1 Architectural & summery/BILL No1 -Architectural Works-01. HOSPITAL(BLANK BILL).xlsx,47d79c95e2c3273f84778935276c94526e369cc1b1bc057f6b03c998f44e253f
병원,HOSPITAL,010111,010111  DOORS & WINDOWS WORKS-1,AW21A/01. HOSPITAL/60*150 AL,0.760 x 2.400 = 1.824,EA,6.0,453125479B7D7FE4C224BA0035599,복합일위대가,337.44,0.0,0.0,337.44,2024.6399999999999,0.0,0.0,2024.6399999999999,복원,,,,"=ROUND(E403+G403+I403, 2)",0.0,Works particular bill,403,data/unpacked/L2025-00085-1/붙임2. 현지입찰(신규입찰) 서류 및 계약서류(안)/IKHCC Section 4 - IKHCC BLANK BOQ 250903_최종/1 Architectural & summery/BILL No1 -Architectural Works-01. HOSPITAL(BLANK BILL).xlsx,47d79c95e2c3273f84778935276c94526e369cc1b1bc057f6b03c998f44e253f
병원,HOSPITAL,010111,010111  DOORS & WINDOWS WORKS-1,AW22/01. HOSPITAL/60*150 AL,0.760 x 0.450 = 0.342,EA,2.0,453125479B7D7FE4C224BA003559B,복합일위대가,63.27,0.0,0.0,63.27,126.54,0.0,0.0,126.54,복원,,,,"=ROUND(E404+G404+I404, 2)",0.0,Works particular bill,404,data/unpacked/L2025-00085-1/붙임2. 현지입찰(신규입찰) 서류 및 계약서류(안)/IKHCC Section 4 - IKHCC BLANK BOQ 250903_최종/1 Architectural & summery/BILL No1 -Architectural Works-01. HOSPITAL(BLANK BILL).xlsx,47d79c95e2c3273f84778935276c94526e369cc1b1bc057f6b03c998f44e253f
병원,HOSPITAL,010111,010111  DOORS & WINDOWS WORKS-1,AW22A/01. HOSPITAL/60*150 AL,0.825 x 0.550 = 0.453,EA,1.0,453125479B7D7FE4C224BA003559D,복합일위대가,83.81,0.0,0.0,83.81,83.81,0.0,0.0,83.81,복원,,,,"=ROUND(E405+G405+I405, 2)",0.0,Works particular bill,405,data/unpacked/L2025-00085-1/붙임2. 현지입찰(신규입찰) 서류 및 계약서류(안)/IKHCC Section 4 - IKHCC BLANK BOQ 250903_최종/1 Architectural & summery/BILL No1 -Architectural Works-01. HOSPITAL(BLANK BILL).xlsx,47d79c95e2c3273f84778935276c94526e369cc1b1bc057f6b03c998f44e253f
병원,HOSPITAL,010111,010111  DOORS & WINDOWS WORKS-1,AW23/01. HOSPITAL/60*150 AL,2.100 x 2.400 = 5.040,EA,2.0,453125479B7D7FE4C224BA003559F,복합일위대가,932.4,0.0,0.0,932.4,1864.8,0.0,0.0,1864.8,복원,,,,"=ROUND(E406+G406+I406, 2)",0.0,Works particular bill,406,data/unpacked/L2025-00085-1/붙임2. 현지입찰(신규입찰) 서류 및 계약서류(안)/IKHCC Section 4 - IKHCC BLANK BOQ 250903_최종/1 Architectural & summery/BILL No1 -Architectural Works-01. HOSPITAL(BLANK BILL).xlsx,47d79c95e2c3273f84778935276c94526e369cc1b1bc057f6b03c998f44e253f
병원,HOSPITAL,010111,010111  DOORS & WINDOWS WORKS-1,AW23A/01. HOSPITAL/60*150 AL,2.100 x 2.700 = 5.670,EA,1.0,453125479B7D7FE4C224BA0035591,복합일위대가,1048.95,0.0,0.0,1048.95,1048.95,0.0,0.0,1048.95,복원,,,,"=ROUND(E407+G407+I407, 2)",0.0,Works particular bill,407,data/unpacked/L2025-00085-1/붙임2. 현지입찰(신규입찰) 서류 및 계약서류(안)/IKHCC Section 4 - IKHCC BLANK BOQ 250903_최종/1 Architectural & summery/BILL No1 -Architectural Works-01. HOSPITAL(BLANK BILL).xlsx,47d79c95e2c3273f84778935276c94526e369cc1b1bc057f6b03c998f44e253f
병원,HOSPITAL,010111,010111  DOORS & WINDOWS WORKS-1,AW24/01. HOSPITAL/60*150 AL,7.660 x 4.440 = 34.010,EA,1.0,453125479B7D7FE4C224BA00354F0,복합일위대가,6291.85,0.0,0.0,6291.85,6291.85,0.0,0.0,6291.85,복원,,,,"=ROUND(E408+G408+I408, 2)",0.0,Works particular bill,408,data/unpacked/L2025-00085-1/붙임2. 현지입찰(신규입찰) 서류 및 계약서류(안)/IKHCC Section 4 - IKHCC BLANK BOQ 250903_최종/1 Architectural & summery/BILL No1 -Architectural Works-01. HOSPITAL(BLANK BILL).xlsx,47d79c95e2c3273f84778935276c94526e369cc1b1bc057f6b03c998f44e253f
병원,HOSPITAL,010111,010111  DOORS & WINDOWS WORKS-1,AW25/01. HOSPITAL/60*150 AL,1.650 x 2.400 = 3.960,EA,3.0,453125479B7D7FE4C224BA00354F2,복합일위대가,732.6,0.0,0.0,732.6,2197.8,0.0,0.0,2197.8,복원,,,,"=ROUND(E409+G409+I409, 2)",0.0,Works particular bill,409,data/unpacked/L2025-00085-1/붙임2. 현지입찰(신규입찰) 서류 및 계약서류(안)/IKHCC Section 4 - IKHCC BLANK BOQ 250903_최종/1 Architectural & summery/BILL No1 -Architectural Works-01. HOSPITAL(BLANK BILL).xlsx,47d79c95e2c3273f84778935276c94526e369cc1b1bc057f6b03c998f44e253f
병원,HOSPITAL,010111,010111  DOORS & WINDOWS WORKS-1,AW26/01. HOSPITAL/60*150 AL,4.450 x 0.900 = 4.005,EA,1.0,453125479B7D7FE4C224BA00354F4,복합일위대가,740.93,0.0,0.0,740.93,740.93,0.0,0.0,740.93,복원,,,,"=ROUND(E410+G410+I410, 2)",0.0,Works particular bill,410,data/unpacked/L2025-00085-1/붙임2. 현지입찰(신규입찰) 서류 및 계약서류(안)/IKHCC Section 4 - IKHCC BLANK BOQ 250903_최종/1 Architectural & summery/BILL No1 -Architectural Works-01. HOSPITAL(BLANK BILL).xlsx,47d79c95e2c3273f84778935276c94526e369cc1b1bc057f6b03c998f44e253f
병원,HOSPITAL,010111,010111  DOORS & WINDOWS WORKS-1,AW27/01. HOSPITAL/60*150 AL,2.250 x 0.900 = 2.025,EA,1.0,453125479B7D7FE4C224BA00354F6,복합일위대가,374.63,0.0,0.0,374.63,374.63,0.0,0.0,374.63,복원,,,,"=ROUND(E411+G411+I411, 2)",0.0,Works particular bill,411,data/unpacked/L2025-00085-1/붙임2. 현지입찰(신규입찰) 서류 및 계약서류(안)/IKHCC Section 4 - IKHCC BLANK BOQ 250903_최종/1 Architectural & summery/BILL No1 -Architectural Works-01. HOSPITAL(BLANK BILL).xlsx,47d79c95e2c3273f84778935276c94526e369cc1b1bc057f6b03c998f44e253f
병원,HOSPITAL,010111,010111  DOORS & WINDOWS WORKS-1,AW29/01. HOSPITAL/60*150 AL,3.350 x 1.750 = 5.862,EA,1.0,453125479B7D7FE4C224BA002B665,복합일위대가,1084.47,0.0,0.0,1084.47,1084.47,0.0,0.0,1084.47,복원,,,,"=ROUND(E412+G412+I412, 2)",0.0,Works particular bill,412,data/unpacked/L2025-00085-1/붙임2. 현지입찰(신규입찰) 서류 및 계약서류(안)/IKHCC Section 4 - IKHCC BLANK BOQ 250903_최종/1 Architectural & summery/BILL No1 -Architectural Works-01. HOSPITAL(BLANK BILL).xlsx,47d79c95e2c3273f84778935276c94526e369cc1b1bc057f6b03c998f44e253f
병원,HOSPITAL,010111,010111  DOORS & WINDOWS WORKS-1,AW30/01. HOSPITAL/60*150 AL,6.085 x 2.100 = 12.778,EA,1.0,453125479B7D7FE4C224BA002B667,복합일위대가,2363.93,0.0,0.0,2363.93,2363.93,0.0,0.0,2363.93,복원,,,,"=ROUND(E413+G413+I413, 2)",0.0,Works particular bill,413,data/unpacked/L2025-00085-1/붙임2. 현지입찰(신규입찰) 서류 및 계약서류(안)/IKHCC Section 4 - IKHCC BLANK BOQ 250903_최종/1 Architectural & summery/BILL No1 -Architectural Works-01. HOSPITAL(BLANK BILL).xlsx,47d79c95e2c3273f84778935276c94526e369cc1b1bc057f6b03c998f44e253f
병원,HOSPITAL,010111,010111  DOORS & WINDOWS WORKS-1,AW31/01. HOSPITAL/60*150 AL,1.200 x 1.500 = 1.800,EA,1.0,453125479B7D7FE4C224BA002B661,복합일위대가,333.0,0.0,0.0,333.0,333.0,0.0,0.0,333.0,복원,,,,"=ROUND(E414+G414+I414, 2)",0.0,Works particular bill,414,data/unpacked/L2025-00085-1/붙임2. 현지입찰(신규입찰) 서류 및 계약서류(안)/IKHCC Section 4 - IKHCC BLANK BOQ 250903_최종/1 Architectural & summery/BILL No1 -Architectural Works-01. HOSPITAL(BLANK BILL).xlsx,47d79c95e2c3273f84778935276c94526e369cc1b1bc057f6b03c998f44e253f
병원,HOSPITAL,010111,010111  DOORS & WINDOWS WORKS-1,AW32/01. HOSPITAL/60*150 AL,3.250 x 0.450 = 1.462,EA,1.0,453125479B7D7FE4C224BA002B663,복합일위대가,270.47,0.0,0.0,270.47,270.47,0.0,0.0,270.47,복원,,,,"=ROUND(E415+G415+I415, 2)",0.0,Works particular bill,415,data/unpacked/L2025-00085-1/붙임2. 현지입찰(신규입찰) 서류 및 계약서류(안)/IKHCC Section 4 - IKHCC BLANK BOQ 250903_최종/1 Architectural & summery/BILL No1 -Architectural Works-01. HOSPITAL(BLANK BILL).xlsx,47d79c95e2c3273f84778935276c94526e369cc1b1bc057f6b03c998f44e253f
병원,HOSPITAL,010111,010111  DOORS & WINDOWS WORKS-1,CAW01/01. HOSPITAL/60*150 AL,0.825 x 7.200 = 5.940,EA,4.0,453125479B7D7FE4C224BA002B66D,복합일위대가,1098.9,0.0,0.0,1098.9,4395.6,0.0,0.0,4395.6,복원,,,,"=ROUND(E416+G416+I416, 2)",0.0,Works particular bill,416,data/unpacked/L2025-00085-1/붙임2. 현지입찰(신규입찰) 서류 및 계약서류(안)/IKHCC Section 4 - IKHCC BLANK BOQ 250903_최종/1 Architectural & summery/BILL No1 -Architectural Works-01. HOSPITAL(BLANK BILL).xlsx,47d79c95e2c3273f84778935276c94526e369cc1b1bc057f6b03c998f44e253f
병원,HOSPITAL,010111,010111  DOORS & WINDOWS WORKS-1,CAW02/01. HOSPITAL/60*150 AL,0.825 x 9.240 = 7.623,EA,1.0,453125479B7D7FE4C224BA002B70A,복합일위대가,1410.26,0.0,0.0,1410.26,1410.26,0.0,0.0,1410.26,복원,,,,"=ROUND(E417+G417+I417, 2)",0.0,Works particular bill,417,data/unpacked/L2025-00085-1/붙임2. 현지입찰(신규입찰) 서류 및 계약서류(안)/IKHCC Section 4 - IKHCC BLANK BOQ 250903_최종/1 Architectural & summery/BILL No1 -Architectural Works-01. HOSPITAL(BLANK BILL).xlsx,47d79c95e2c3273f84778935276c94526e369cc1b1bc057f6b03c998f44e253f
병원,HOSPITAL,010111,010111  DOORS & WINDOWS WORKS-1,CAW03/01. HOSPITAL/60*150 AL,0.825 x 11.850 = 9.776,EA,1.0,453125479B7D7FE4C224BA002B708,복합일위대가,1808.56,0.0,0.0,1808.56,1808.56,0.0,0.0,1808.56,복원,,,,"=ROUND(E418+G418+I418, 2)",0.0,Works particular bill,418,data/unpacked/L2025-00085-1/붙임2. 현지입찰(신규입찰) 서류 및 계약서류(안)/IKHCC Section 4 - IKHCC BLANK BOQ 250903_최종/1 Architectural & summery/BILL No1 -Architectural Works-01. HOSPITAL(BLANK BILL).xlsx,47d79c95e2c3273f84778935276c94526e369cc1b1bc057f6b03c998f44e253f
병원,HOSPITAL,010111,010111  DOORS & WINDOWS WORKS-1,CAW04/01. HOSPITAL/60*150 AL,0.825 x 9.300 = 7.672,EA,1.0,453125479B7D7FE4C224BA002B70E,복합일위대가,1419.32,0.0,0.0,1419.32,1419.32,0.0,0.0,1419.32,복원,,,,"=ROUND(E419+G419+I419, 2)",0.0,Works particular bill,419,data/unpacked/L2025-00085-1/붙임2. 현지입찰(신규입찰) 서류 및 계약서류(안)/IKHCC Section 4 - IKHCC BLANK BOQ 250903_최종/1 Architectural & summery/BILL No1 -Architectural Works-01. HOSPITAL(BLANK BILL).xlsx,47d79c95e2c3273f84778935276c94526e369cc1b1bc057f6b03c998f44e253f
병원,HOSPITAL,010111,010111  DOORS & WINDOWS WORKS-1,CAW05/01. HOSPITAL/60*150 AL HIDDEN,12.100 x 7.200 = 59.740,EA,1.0,453125479B7D7FE4C224BA002B70C,복합일위대가,11051.9,0.0,0.0,11051.9,11051.9,0.0,0.0,11051.9,복원,,,,"=ROUND(E420+G420+I420, 2)",0.0,Works particular bill,420,data/unpacked/L2025-00085-1/붙임2. 현지입찰(신규입찰) 서류 및 계약서류(안)/IKHCC Section 4 - IKHCC BLANK BOQ 250903_최종/1 Architectural & summery/BILL No1 -Architectural Works-01. HOSPITAL(BLANK BILL).xlsx,47d79c95e2c3273f84778935276c94526e369cc1b1bc057f6b03c998f44e253f
병원,HOSPITAL,010111,010111  DOORS & WINDOWS WORKS-1,FSD01/01. HOSPITAL/STL SINGLE DOOR,1.050 x 2.200 = 2.310,EA,12.0,453125479B7D7FE4C224BA002B702,복합일위대가,392.55,37.47,0.97,430.99,4710.6,449.64,11.64,5171.88,복원,,,,"=ROUND(E421+G421+I421, 2)",0.0,Works particular bill,421,data/unpacked/L2025-00085-1/붙임2. 현지입찰(신규입찰) 서류 및 계약서류(안)/IKHCC Section 4 - IKHCC BLANK BOQ 250903_최종/1 Architectural & summery/BILL No1 -Architectural Works-01. HOSPITAL(BLANK BILL).xlsx,47d79c95e2c3273f84778935276c94526e369cc1b1bc057f6b03c998f44e253f
병원,HOSPITAL,010111,010111  DOORS & WINDOWS WORKS-1,FSD02/01. HOSPITAL/STL DOUBLE DOOR,1.800 x 2.200 = 3.960,EA,2.0,453125479B7D7FE4C224BA002B4B6,복합일위대가,646.81,48.6,1.26,696.67,1293.62,97.2,2.52,1393.34,복원,,,,"=ROUND(E422+G422+I422, 2)",0.0,Works particular bill,422,data/unpacked/L2025-00085-1/붙임2. 현지입찰(신규입찰) 서류 및 계약서류(안)/IKHCC Section 4 - IKHCC BLANK BOQ 250903_최종/1 Architectural & summery/BILL No1 -Architectural Works-01. HOSPITAL(BLANK BILL).xlsx,47d79c95e2c3273f84778935276c94526e369cc1b1bc057f6b03c998f44e253f
병원,HOSPITAL,010111,010111  DOORS & WINDOWS WORKS-1,FSD03/01. HOSPITAL/STL SINGLE DOOR,0.750 x 1.900 = 1.425,EA,13.0,453125479B7D7FE4C224BA002B4B4,복합일위대가,242.16,37.47,0.97,280.6,3148.08,487.11,12.61,3647.8,복원,,,,"=ROUND(E423+G423+I423, 2)",0.0,Works particular bill,423,data/unpacked/L2025-00085-1/붙임2. 현지입찰(신규입찰) 서류 및 계약서류(안)/IKHCC Section 4 - IKHCC BLANK BOQ 250903_최종/1 Architectural & summery/BILL No1 -Architectural Works-01. HOSPITAL(BLANK BILL).xlsx,47d79c95e2c3273f84778935276c94526e369cc1b1bc057f6b03c998f44e253f
병원,HOSPITAL,010111,010111  DOORS & WINDOWS WORKS-1,FSST01/01. HOSPITAL/SHUTTER,12.750 x 2.700 = 34.425,EA,1.0,453125479B7D7FE4C224BA002B4B2,복합일위대가,9879.94,0.0,0.0,9879.94,9879.94,0.0,0.0,9879.94,복원,,,,"=ROUND(E424+G424+I424, 2)",0.0,Works particular bill,424,data/unpacked/L2025-00085-1/붙임2. 현지입찰(신규입찰) 서류 및 계약서류(안)/IKHCC Section 4 - IKHCC BLANK BOQ 250903_최종/1 Architectural & summery/BILL No1 -Architectural Works-01. HOSPITAL(BLANK BILL).xlsx,47d79c95e2c3273f84778935276c94526e369cc1b1bc057f6b03c998f44e253f
병원,HOSPITAL,010111,010111  DOORS & WINDOWS WORKS-1,FSST02/01. HOSPITAL/SHUTTER,3.050 x 2.700 = 8.235,EA,1.0,453125479B7D7FE4C224BA002B4B1,복합일위대가,3212.67,0.0,0.0,3212.67,3212.67,0.0,0.0,3212.67,복원,,,,"=ROUND(E425+G425+I425, 2)",0.0,Works particular bill,425,data/unpacked/L2025-00085-1/붙임2. 현지입찰(신규입찰) 서류 및 계약서류(안)/IKHCC Section 4 - IKHCC BLANK BOQ 250903_최종/1 Architectural & summery/BILL No1 -Architectural Works-01. HOSPITAL(BLANK BILL).xlsx,47d79c95e2c3273f84778935276c94526e369cc1b1bc057f6b03c998f44e253f
병원,HOSPITAL,010111,010111  DOORS & WINDOWS WORKS-1,LASD01/01. HOSPITAL/LEAD SHIELDING DOOR,3.000 x 2.400 = 7.200,EA,1.0,453125479B7D7FE4C224BA002B4B0,복합일위대가,3971.34,678.19,305.49,4955.02,3971.34,678.19,305.49,4955.02,복원,,,,"=ROUND(E426+G426+I426, 2)",0.0,Works particular bill,426,data/unpacked/L2025-00085-1/붙임2. 현지입찰(신규입찰) 서류 및 계약서류(안)/IKHCC Section 4 - IKHCC BLANK BOQ 250903_최종/1 Architectural & summery/BILL No1 -Architectural Works-01. HOSPITAL(BLANK BILL).xlsx,47d79c95e2c3273f84778935276c94526e369cc1b1bc057f6b03c998f44e253f
병원,HOSPITAL,010111,010111  DOORS & WINDOWS WORKS-1,LSD01/01. HOSPITAL/STL SINGLE DOOR,1.000 x 2.200 = 2.200,EA,3.0,453125479B7D7FE4C224BA002B4BE,복합일위대가,373.86,37.47,0.97,412.30000000000007,1121.58,112.41,2.91,1236.9,복원,,,,"=ROUND(E427+G427+I427, 2)",0.0,Works particular bill,427,data/unpacked/L2025-00085-1/붙임2. 현지입찰(신규입찰) 서류 및 계약서류(안)/IKHCC Section 4 - IKHCC BLANK BOQ 250903_최종/1 Architectural & summery/BILL No1 -Architectural Works-01. HOSPITAL(BLANK BILL).xlsx,47d79c95e2c3273f84778935276c94526e369cc1b1bc057f6b03c998f44e253f
병원,HOSPITAL,010111,010111  DOORS & WINDOWS WORKS-1,LSD02/01. HOSPITAL/STL SINGLE DOOR,1.200 x 2.200 = 2.640,EA,1.0,453125479B7D7FE4C224BA002B55C,복합일위대가,448.63,37.47,0.97,487.07000000000005,448.63,37.47,0.97,487.07000000000005,복원,,,,"=ROUND(E428+G428+I428, 2)",0.0,Works particular bill,428,data/unpacked/L2025-00085-1/붙임2. 현지입찰(신규입찰) 서류 및 계약서류(안)/IKHCC Section 4 - IKHCC BLANK BOQ 250903_최종/1 Architectural & summery/BILL No1 -Architectural Works-01. HOSPITAL(BLANK BILL).xlsx,47d79c95e2c3273f84778935276c94526e369cc1b1bc057f6b03c998f44e253f
병원,HOSPITAL,010111,010111  DOORS & WINDOWS WORKS-1,LSW01/01. HOSPITAL/LEADSHIELDINGWINDOW,1.850 x 0.850 = 1.572,EA,2.0,453125479B7D7FE4C224BA002B55E,복합일위대가,247.18,38.16,0.0,285.34000000000003,494.36,76.32,0.0,570.6800000000001,복원,,,,"=ROUND(E429+G429+I429, 2)",0.0,Works particular bill,429,data/unpacked/L2025-00085-1/붙임2. 현지입찰(신규입찰) 서류 및 계약서류(안)/IKHCC Section 4 - IKHCC BLANK BOQ 250903_최종/1 Architectural & summery/BILL No1 -Architectural Works-01. HOSPITAL(BLANK BILL).xlsx,47d79c95e2c3273f84778935276c94526e369cc1b1bc057f6b03c998f44e253f
병원,HOSPITAL,010111,010111  DOORS & WINDOWS WORKS-1,SD01/01. HOSPITAL/STL SINGLE DOOR,1.000 x 2.200 = 2.200,EA,25.0,453125479B7D7FE4C224BA002B558,복합일위대가,241.06,37.47,0.97,279.5,6026.5,936.75,24.25,6987.5,복원,,,,"=ROUND(E430+G430+I430, 2)",0.0,Works particular bill,430,data/unpacked/L2025-00085-1/붙임2. 현지입찰(신규입찰) 서류 및 계약서류(안)/IKHCC Section 4 - IKHCC BLANK BOQ 250903_최종/1 Architectural & summery/BILL No1 -Architectural Works-01. HOSPITAL(BLANK BILL).xlsx,47d79c95e2c3273f84778935276c94526e369cc1b1bc057f6b03c998f44e253f
병원,HOSPITAL,010111,010111  DOORS & WINDOWS WORKS-1,SD02/01. HOSPITAL/STL SINGLE DOOR,0.900 x 2.200 = 1.980,EA,8.0,453125479B7D7FE4C224BA002B55A,복합일위대가,216.95,37.47,0.97,255.39,1735.6,299.76,7.76,2043.12,복원,,,,"=ROUND(E431+G431+I431, 2)",0.0,Works particular bill,431,data/unpacked/L2025-00085-1/붙임2. 현지입찰(신규입찰) 서류 및 계약서류(안)/IKHCC Section 4 - IKHCC BLANK BOQ 250903_최종/1 Architectural & summery/BILL No1 -Architectural Works-01. HOSPITAL(BLANK BILL).xlsx,47d79c95e2c3273f84778935276c94526e369cc1b1bc057f6b03c998f44e253f
병원,HOSPITAL,010111,010111  DOORS & WINDOWS WORKS-1,SD03/01. HOSPITAL/STL DOUBLE DOOR,1.500 x 2.200 = 3.300,EA,1.0,453125479B7D7FE4C224BA002B554,복합일위대가,341.15,48.6,1.26,391.01,341.15,48.6,1.26,391.01,복원,,,,"=ROUND(E432+G432+I432, 2)",0.0,Works particular bill,432,data/unpacked/L2025-00085-1/붙임2. 현지입찰(신규입찰) 서류 및 계약서류(안)/IKHCC Section 4 - IKHCC BLANK BOQ 250903_최종/1 Architectural & summery/BILL No1 -Architectural Works-01. HOSPITAL(BLANK BILL).xlsx,47d79c95e2c3273f84778935276c94526e369cc1b1bc057f6b03c998f44e253f
병원,HOSPITAL,010111,010111  DOORS & WINDOWS WORKS-1,SD04/01. HOSPITAL/STL DOUBLE DOOR,1.800 x 2.200 = 3.960,EA,3.0,453125479B7D7FE4C224BA002B288,복합일위대가,409.38,48.6,1.26,459.24,1228.1399999999999,145.8,3.7800000000000002,1377.72,복원,,,,"=ROUND(E433+G433+I433, 2)",0.0,Works particular bill,433,data/unpacked/L2025-00085-1/붙임2. 현지입찰(신규입찰) 서류 및 계약서류(안)/IKHCC Section 4 - IKHCC BLANK BOQ 250903_최종/1 Architectural & summery/BILL No1 -Architectural Works-01. HOSPITAL(BLANK BILL).xlsx,47d79c95e2c3273f84778935276c94526e369cc1b1bc057f6b03c998f44e253f
병원,HOSPITAL,010111,010111  DOORS & WINDOWS WORKS-1,SD05/01. HOSPITAL/STL SINGLE DOOR,1.100 x 2.100 = 2.310,EA,1.0,453125479B7D7FE4C224BA002B28A,복합일위대가,253.11,37.47,0.97,291.55000000000007,253.11,37.47,0.97,291.55000000000007,복원,,,,"=ROUND(E434+G434+I434, 2)",0.0,Works particular bill,434,data/unpacked/L2025-00085-1/붙임2. 현지입찰(신규입찰) 서류 및 계약서류(안)/IKHCC Section 4 - IKHCC BLANK BOQ 250903_최종/1 Architectural & summery/BILL No1 -Architectural Works-01. HOSPITAL(BLANK BILL).xlsx,47d79c95e2c3273f84778935276c94526e369cc1b1bc057f6b03c998f44e253f
병원,HOSPITAL,010111,010111  DOORS & WINDOWS WORKS-1,SSD01/01. HOSPITAL/60*150 ST,11.300 x 3.250 = 29.825,EA,1.0,453125479B7D7FE4C224BA002B28C,복합일위대가,3767.3,586.98,0.0,4354.280000000001,3767.3,586.98,0.0,4354.280000000001,복원,,,,"=ROUND(E435+G435+I435, 2)",0.0,Works particular bill,435,data/unpacked/L2025-00085-1/붙임2. 현지입찰(신규입찰) 서류 및 계약서류(안)/IKHCC Section 4 - IKHCC BLANK BOQ 250903_최종/1 Architectural & summery/BILL No1 -Architectural Works-01. HOSPITAL(BLANK BILL).xlsx,47d79c95e2c3273f84778935276c94526e369cc1b1bc057f6b03c998f44e253f
병원,HOSPITAL,010111,010111  DOORS & WINDOWS WORKS-1,SSD01A/01. HOSPITAL/60*150 ST,5.980 x 2.700 = 9.246,EA,1.0,453125479B7D7FE4C224BA002B28E,복합일위대가,1283.82,198.38,0.0,1482.1999999999998,1283.82,198.38,0.0,1482.1999999999998,복원,,,,"=ROUND(E436+G436+I436, 2)",0.0,Works particular bill,436,data/unpacked/L2025-00085-1/붙임2. 현지입찰(신규입찰) 서류 및 계약서류(안)/IKHCC Section 4 - IKHCC BLANK BOQ 250903_최종/1 Architectural & summery/BILL No1 -Architectural Works-01. HOSPITAL(BLANK BILL).xlsx,47d79c95e2c3273f84778935276c94526e369cc1b1bc057f6b03c998f44e253f
병원,HOSPITAL,010111,010111  DOORS & WINDOWS WORKS-1,SSD02/01. HOSPITAL/60*150 ST,8.050 x 2.700 = 21.735,EA,1.0,453125479B7D7FE4C224BA002B280,복합일위대가,3074.34,479.85,0.0,3554.19,3074.34,479.85,0.0,3554.19,복원,,,,"=ROUND(E437+G437+I437, 2)",0.0,Works particular bill,437,data/unpacked/L2025-00085-1/붙임2. 현지입찰(신규입찰) 서류 및 계약서류(안)/IKHCC Section 4 - IKHCC BLANK BOQ 250903_최종/1 Architectural & summery/BILL No1 -Architectural Works-01. HOSPITAL(BLANK BILL).xlsx,47d79c95e2c3273f84778935276c94526e369cc1b1bc057f6b03c998f44e253f
병원,HOSPITAL,010111,010111  DOORS & WINDOWS WORKS-1,SSD02A/01. HOSPITAL/60*150 ST,1.800 x 2.700 = 4.860,EA,1.0,453125479B7D7FE4C224BA002B391,복합일위대가,418.81,62.86,0.0,481.67,418.81,62.86,0.0,481.67,복원,,,,"=ROUND(E438+G438+I438, 2)",0.0,Works particular bill,438,data/unpacked/L2025-00085-1/붙임2. 현지입찰(신규입찰) 서류 및 계약서류(안)/IKHCC Section 4 - IKHCC BLANK BOQ 250903_최종/1 Architectural & summery/BILL No1 -Architectural Works-01. HOSPITAL(BLANK BILL).xlsx,47d79c95e2c3273f84778935276c94526e369cc1b1bc057f6b03c998f44e253f
병원,HOSPITAL,010111,010111  DOORS & WINDOWS WORKS-1,SSD03/01. HOSPITAL/60*150 ST,2.065 x 2.700 = 5.575,EA,1.0,453125479B7D7FE4C224BA002B393,복합일위대가,747.81,114.51,0.0,862.3199999999999,747.81,114.51,0.0,862.3199999999999,복원,,,,"=ROUND(E439+G439+I439, 2)",0.0,Works particular bill,439,data/unpacked/L2025-00085-1/붙임2. 현지입찰(신규입찰) 서류 및 계약서류(안)/IKHCC Section 4 - IKHCC BLANK BOQ 250903_최종/1 Architectural & summery/BILL No1 -Architectural Works-01. HOSPITAL(BLANK BILL).xlsx,47d79c95e2c3273f84778935276c94526e369cc1b1bc057f6b03c998f44e253f
병원,HOSPITAL,010111,010111  DOORS & WINDOWS WORKS-1,SSD03A/01. HOSPITAL/60*150 ST,5.010 x 2.700 = 13.527,EA,1.0,453125479B7D7FE4C224BA002B395,복합일위대가,1613.88,250.53,0.0,1864.41,1613.88,250.53,0.0,1864.41,복원,,,,"=ROUND(E440+G440+I440, 2)",0.0,Works particular bill,440,data/unpacked/L2025-00085-1/붙임2. 현지입찰(신규입찰) 서류 및 계약서류(안)/IKHCC Section 4 - IKHCC BLANK BOQ 250903_최종/1 Architectural & summery/BILL No1 -Architectural Works-01. HOSPITAL(BLANK BILL).xlsx,47d79c95e2c3273f84778935276c94526e369cc1b1bc057f6b03c998f44e253f
병원,HOSPITAL,010111,010111  DOORS & WINDOWS WORKS-1,SSD04/01. HOSPITAL/60*150 ST,1.800 x 2.700 = 4.860,EA,2.0,453125479B7D7FE4C224BA002B397,복합일위대가,418.81,62.86,0.0,481.67,837.62,125.72,0.0,963.34,복원,,,,"=ROUND(E441+G441+I441, 2)",0.0,Works particular bill,441,data/unpacked/L2025-00085-1/붙임2. 현지입찰(신규입찰) 서류 및 계약서류(안)/IKHCC Section 4 - IKHCC BLANK BOQ 250903_최종/1 Architectural & summery/BILL No1 -Architectural Works-01. HOSPITAL(BLANK BILL).xlsx,47d79c95e2c3273f84778935276c94526e369cc1b1bc057f6b03c998f44e253f
병원,HOSPITAL,010111,010111  DOORS & WINDOWS WORKS-1,SSD05/01. HOSPITAL/60*260 ST,1.000 x 2.200 = 2.200,EA,2.0,453125479B7D7FE4C224BA002B399,복합일위대가,241.55,35.75,0.0,277.3,483.1,71.5,0.0,554.6,복원,,,,"=ROUND(E442+G442+I442, 2)",0.0,Works particular bill,442,data/unpacked/L2025-00085-1/붙임2. 현지입찰(신규입찰) 서류 및 계약서류(안)/IKHCC Section 4 - IKHCC BLANK BOQ 250903_최종/1 Architectural & summery/BILL No1 -Architectural Works-01. HOSPITAL(BLANK BILL).xlsx,47d79c95e2c3273f84778935276c94526e369cc1b1bc057f6b03c998f44e253f
병원,HOSPITAL,010111,010111  DOORS & WINDOWS WORKS-1,SSD06/01. HOSPITAL/60*260 ST,0.900 x 2.200 = 1.980,EA,6.0,453125479B7D7FE4C224BA002B0DD,복합일위대가,237.07,35.09,0.0,272.15999999999997,1422.42,210.54000000000002,0.0,1632.9599999999998,복원,,,,"=ROUND(E443+G443+I443, 2)",0.0,Works particular bill,443,data/unpacked/L2025-00085-1/붙임2. 현지입찰(신규입찰) 서류 및 계약서류(안)/IKHCC Section 4 - IKHCC BLANK BOQ 250903_최종/1 Architectural & summery/BILL No1 -Architectural Works-01. HOSPITAL(BLANK BILL).xlsx,47d79c95e2c3273f84778935276c94526e369cc1b1bc057f6b03c998f44e253f
병원,HOSPITAL,010111,010111  DOORS & WINDOWS WORKS-1,SSD07/01. HOSPITAL/60*260 ST,2.240 x 2.200 = 4.928,EA,3.0,453125479B7D7FE4C224BA002B0DF,복합일위대가,1323.78,226.07,101.83,1651.6799999999998,3971.34,678.21,305.49,4955.039999999999,복원,,,,"=ROUND(E444+G444+I444, 2)",0.0,Works particular bill,444,data/unpacked/L2025-00085-1/붙임2. 현지입찰(신규입찰) 서류 및 계약서류(안)/IKHCC Section 4 - IKHCC BLANK BOQ 250903_최종/1 Architectural & summery/BILL No1 -Architectural Works-01. HOSPITAL(BLANK BILL).xlsx,47d79c95e2c3273f84778935276c94526e369cc1b1bc057f6b03c998f44e253f
병원,HOSPITAL,010111,010111  DOORS & WINDOWS WORKS-1,SSW01/01. HOSPITAL/50*145 ST,3.840 x 1.350 = 5.184,EA,1.0,453125479B7D7FE4C224A493677E2,복합일위대가,644.06,98.48,0.0,742.54,644.06,98.48,0.0,742.54,복원,,,,"=ROUND(E445+G445+I445, 2)",0.0,Works particular bill,445,data/unpacked/L2025-00085-1/붙임2. 현지입찰(신규입찰) 서류 및 계약서류(안)/IKHCC Section 4 - IKHCC BLANK BOQ 250903_최종/1 Architectural & summery/BILL No1 -Architectural Works-01. HOSPITAL(BLANK BILL).xlsx,47d79c95e2c3273f84778935276c94526e369cc1b1bc057f6b03c998f44e253f
병원,HOSPITAL,010111,010111  DOORS & WINDOWS WORKS-1,SSW02/01. HOSPITAL/50*145 ST,2.100 x 1.350 = 2.835,EA,1.0,453125479B7D7FE4C224A493677E0,복합일위대가,400.15,60.89,0.0,461.03999999999996,400.15,60.89,0.0,461.03999999999996,복원,,,,"=ROUND(E446+G446+I446, 2)",0.0,Works particular bill,446,data/unpacked/L2025-00085-1/붙임2. 현지입찰(신규입찰) 서류 및 계약서류(안)/IKHCC Section 4 - IKHCC BLANK BOQ 250903_최종/1 Architectural & summery/BILL No1 -Architectural Works-01. HOSPITAL(BLANK BILL).xlsx,47d79c95e2c3273f84778935276c94526e369cc1b1bc057f6b03c998f44e253f
병원,HOSPITAL,010111,010111  DOORS & WINDOWS WORKS-1,SSW03/01. HOSPITAL/50*145 ST,2.100 x 0.400 = 0.840,EA,1.0,453125479B7D7FE4C224A493677EE,복합일위대가,266.65,39.85,0.0,306.5,266.65,39.85,0.0,306.5,복원,,,,"=ROUND(E447+G447+I447, 2)",0.0,Works particular bill,447,data/unpacked/L2025-00085-1/붙임2. 현지입찰(신규입찰) 서류 및 계약서류(안)/IKHCC Section 4 - IKHCC BLANK BOQ 250903_최종/1 Architectural & summery/BILL No1 -Architectural Works-01. HOSPITAL(BLANK BILL).xlsx,47d79c95e2c3273f84778935276c94526e369cc1b1bc057f6b03c998f44e253f
병원,HOSPITAL,010111,010111  DOORS & WINDOWS WORKS-1,WD01/01. HOSPITAL/WOOD SINGLE DOOR,1.000 x 2.200 = 2.200,EA,42.0,453125479B7D7FE4C224BA002B0D9,복합일위대가,350.0,0.0,0.0,350.0,14700.0,0.0,0.0,14700.0,복원,,,,"=ROUND(E448+G448+I448, 2)",0.0,Works particular bill,448,data/unpacked/L2025-00085-1/붙임2. 현지입찰(신규입찰) 서류 및 계약서류(안)/IKHCC Section 4 - IKHCC BLANK BOQ 250903_최종/1 Architectural & summery/BILL No1 -Architectural Works-01. HOSPITAL(BLANK BILL).xlsx,47d79c95e2c3273f84778935276c94526e369cc1b1bc057f6b03c998f44e253f
병원,HOSPITAL,010111,010111  DOORS & WINDOWS WORKS-1,WD02/01. HOSPITAL/WOOD SINGLE DOOR,0.900 x 2.200 = 1.980,EA,78.0,453125479B7D7FE4C224BA002B0DB,복합일위대가,350.0,0.0,0.0,350.0,27300.0,0.0,0.0,27300.0,복원,,,,"=ROUND(E449+G449+I449, 2)",0.0,Works particular bill,449,data/unpacked/L2025-00085-1/붙임2. 현지입찰(신규입찰) 서류 및 계약서류(안)/IKHCC Section 4 - IKHCC BLANK BOQ 250903_최종/1 Architectural & summery/BILL No1 -Architectural Works-01. HOSPITAL(BLANK BILL).xlsx,47d79c95e2c3273f84778935276c94526e369cc1b1bc057f6b03c998f44e253f
병원,HOSPITAL,010111,010111  DOORS & WINDOWS WORKS-1,WD03/01. HOSPITAL/WOOD SINGLE DOOR,0.750 x 2.200 = 1.650,EA,3.0,453125479B7D7FE4C224BA002B0D5,복합일위대가,350.0,0.0,0.0,350.0,1050.0,0.0,0.0,1050.0,복원,,,,"=ROUND(E450+G450+I450, 2)",0.0,Works particular bill,450,data/unpacked/L2025-00085-1/붙임2. 현지입찰(신규입찰) 서류 및 계약서류(안)/IKHCC Section 4 - IKHCC BLANK BOQ 250903_최종/1 Architectural & summery/BILL No1 -Architectural Works-01. HOSPITAL(BLANK BILL).xlsx,47d79c95e2c3273f84778935276c94526e369cc1b1bc057f6b03c998f44e253f
병원,HOSPITAL,010111,010111  DOORS & WINDOWS WORKS-1,WD04/01. HOSPITAL/WOOD DOUBLE DOOR,1.800 x 2.200 = 3.960,EA,1.0,453125479B7D7FE4C224BA002B1E3,복합일위대가,430.0,0.0,0.0,430.0,430.0,0.0,0.0,430.0,복원,,,,"=ROUND(E451+G451+I451, 2)",0.0,Works particular bill,451,data/unpacked/L2025-00085-1/붙임2. 현지입찰(신규입찰) 서류 및 계약서류(안)/IKHCC Section 4 - IKHCC BLANK BOQ 250903_최종/1 Architectural & summery/BILL No1 -Architectural Works-01. HOSPITAL(BLANK BILL).xlsx,47d79c95e2c3273f84778935276c94526e369cc1b1bc057f6b03c998f44e253f
병원,HOSPITAL,010111,010111  DOORS & WINDOWS WORKS-1,WD06/01. HOSPITAL/WOOD SINGLE DOOR,1.100 x 2.200 = 2.420,EA,29.0,453125479B7D7FE4C224BA002B1E1,복합일위대가,350.0,0.0,0.0,350.0,10150.0,0.0,0.0,10150.0,복원,,,,"=ROUND(E452+G452+I452, 2)",0.0,Works particular bill,452,data/unpacked/L2025-00085-1/붙임2. 현지입찰(신규입찰) 서류 및 계약서류(안)/IKHCC Section 4 - IKHCC BLANK BOQ 250903_최종/1 Architectural & summery/BILL No1 -Architectural Works-01. HOSPITAL(BLANK BILL).xlsx,47d79c95e2c3273f84778935276c94526e369cc1b1bc057f6b03c998f44e253f
병원,HOSPITAL,010111,010111  DOORS & WINDOWS WORKS-1,BOTTOM RAIL DEADLOCK,EZ-800 * T/T * GMK,ea,25.0,4530234CF57486DF6239DCDF666,직접자원단가,71.68777308746205,0.0,0.0,71.68777308746205,1792.1943271865512,0.0,0.0,1792.1943271865512,복원,,,,"=ROUND(E453+G453+I453, 2)",0.0,Works particular bill,453,data/unpacked/L2025-00085-1/붙임2. 현지입찰(신규입찰) 서류 및 계약서류(안)/IKHCC Section 4 - IKHCC BLANK BOQ 250903_최종/1 Architectural & summery/BILL No1 -Architectural Works-01. HOSPITAL(BLANK BILL).xlsx,47d79c95e2c3273f84778935276c94526e369cc1b1bc057f6b03c998f44e253f
병원,HOSPITAL,010111,010111  DOORS & WINDOWS WORKS-1,"SPRING HINGE(SST'L) 4.5""X4""",SP4540,ea,26.0,4530234CF57486DF6239DCDF665,직접자원단가,7.739020958305562,0.0,0.0,7.739020958305562,201.2145449159446,0.0,0.0,201.2145449159446,복원,,,,"=ROUND(E454+G454+I454, 2)",0.0,Works particular bill,454,data/unpacked/L2025-00085-1/붙임2. 현지입찰(신규입찰) 서류 및 계약서류(안)/IKHCC Section 4 - IKHCC BLANK BOQ 250903_최종/1 Architectural & summery/BILL No1 -Architectural Works-01. HOSPITAL(BLANK BILL).xlsx,47d79c95e2c3273f84778935276c94526e369cc1b1bc057f6b03c998f44e253f
병원,HOSPITAL,010111,010111  DOORS & WINDOWS WORKS-1,"BUTT HINGE(SST'L) 4.5""X4""",BB4540,ea,13.0,4530234CF57486DF6239DCDF664,직접자원단가,6.354143523661409,0.0,0.0,6.354143523661409,82.60386580759831,0.0,0.0,82.60386580759831,복원,,,,"=ROUND(E455+G455+I455, 2)",0.0,Works particular bill,455,data/unpacked/L2025-00085-1/붙임2. 현지입찰(신규입찰) 서류 및 계약서류(안)/IKHCC Section 4 - IKHCC BLANK BOQ 250903_최종/1 Architectural & summery/BILL No1 -Architectural Works-01. HOSPITAL(BLANK BILL).xlsx,47d79c95e2c3273f84778935276c94526e369cc1b1bc057f6b03c998f44e253f
병원,HOSPITAL,010111,010111  DOORS & WINDOWS WORKS-1,"BUTT HINGE(SST'L) 5""X4""",BB5040,ea,189.0,4530234CF57486DF6239DCDF663,직접자원단가,6.924387173220766,0.0,0.0,6.924387173220766,1308.7091757387248,0.0,0.0,1308.7091757387248,복원,,,,"=ROUND(E456+G456+I456, 2)",0.0,Works particular bill,456,data/unpacked/L2025-00085-1/붙임2. 현지입찰(신규입찰) 서류 및 계약서류(안)/IKHCC Section 4 - IKHCC BLANK BOQ 250903_최종/1 Architectural & summery/BILL No1 -Architectural Works-01. HOSPITAL(BLANK BILL).xlsx,47d79c95e2c3273f84778935276c94526e369cc1b1bc057f6b03c998f44e253f
병원,HOSPITAL,010111,010111  DOORS & WINDOWS WORKS-1,AUTO HINGE,ZL-1001,ea,309.0,4530234CF57486DF6239DCDF662,직접자원단가,61.912167666444496,0.0,0.0,61.912167666444496,19130.85980893135,0.0,0.0,19130.85980893135,복원,,,,"=ROUND(E457+G457+I457, 2)",0.0,Works particular bill,457,data/unpacked/L2025-00085-1/붙임2. 현지입찰(신규입찰) 서류 및 계약서류(안)/IKHCC Section 4 - IKHCC BLANK BOQ 250903_최종/1 Architectural & summery/BILL No1 -Architectural Works-01. HOSPITAL(BLANK BILL).xlsx,47d79c95e2c3273f84778935276c94526e369cc1b1bc057f6b03c998f44e253f
병원,HOSPITAL,010111,010111  DOORS & WINDOWS WORKS-1,"BUTT HINGE(SST'L) 4""X4""",BB4040,ea,156.0,4530234CF57486DF6239DCDF661,직접자원단가,5.865363252610531,0.0,0.0,5.865363252610531,914.9966674072429,0.0,0.0,914.9966674072429,복원,,,,"=ROUND(E458+G458+I458, 2)",0.0,Works particular bill,458,data/unpacked/L2025-00085-1/붙임2. 현지입찰(신규입찰) 서류 및 계약서류(안)/IKHCC Section 4 - IKHCC BLANK BOQ 250903_최종/1 Architectural & summery/BILL No1 -Architectural Works-01. HOSPITAL(BLANK BILL).xlsx,47d79c95e2c3273f84778935276c94526e369cc1b1bc057f6b03c998f44e253f
병원,HOSPITAL,010111,010111  DOORS & WINDOWS WORKS-1,DOOR COORDINATOR,DC002A,ea,4.0,4530234CF57486DF6239DCDF660,직접자원단가,37.47315411390062,0.0,0.0,37.47315411390062,149.89261645560248,0.0,0.0,149.89261645560248,복원,,,,"=ROUND(E459+G459+I459, 2)",0.0,Works particular bill,459,data/unpacked/L2025-00085-1/붙임2. 현지입찰(신규입찰) 서류 및 계약서류(안)/IKHCC Section 4 - IKHCC BLANK BOQ 250903_최종/1 Architectural & summery/BILL No1 -Architectural Works-01. HOSPITAL(BLANK BILL).xlsx,47d79c95e2c3273f84778935276c94526e369cc1b1bc057f6b03c998f44e253f
병원,HOSPITAL,010111,010111  DOORS & WINDOWS WORKS-1,DOOR CLOSER NHO,9016BC/DA,ea,59.0,4530234CF57486DF6239DCDF66F,직접자원단가,97.75605421017552,0.0,0.0,97.75605421017552,5767.607198400356,0.0,0.0,5767.607198400356,복원,,,,"=ROUND(E460+G460+I460, 2)",0.0,Works particular bill,460,data/unpacked/L2025-00085-1/붙임2. 현지입찰(신규입찰) 서류 및 계약서류(안)/IKHCC Section 4 - IKHCC BLANK BOQ 250903_최종/1 Architectural & summery/BILL No1 -Architectural Works-01. HOSPITAL(BLANK BILL).xlsx,47d79c95e2c3273f84778935276c94526e369cc1b1bc057f6b03c998f44e253f
병원,HOSPITAL,010111,010111  DOORS & WINDOWS WORKS-1,PUSH PULL HANDLE,T5955-01-024,ea,25.0,4531284DDC776A4702EA22A0C0638FB35014A,직접자원단가,50.0,0.0,0.0,50.0,1250.0,0.0,0.0,1250.0,복원,,,,"=ROUND(E461+G461+I461, 2)",0.0,Works particular bill,461,data/unpacked/L2025-00085-1/붙임2. 현지입찰(신규입찰) 서류 및 계약서류(안)/IKHCC Section 4 - IKHCC BLANK BOQ 250903_최종/1 Architectural & summery/BILL No1 -Architectural Works-01. HOSPITAL(BLANK BILL).xlsx,47d79c95e2c3273f84778935276c94526e369cc1b1bc057f6b03c998f44e253f
병원,HOSPITAL,010111,010111  DOORS & WINDOWS WORKS-1,PUSH PULL HANDLE,G5955-01-024,ea,8.0,4531284DDC776A4702EA22A0C0638FB35014B,직접자원단가,50.0,0.0,0.0,50.0,400.0,0.0,0.0,400.0,복원,,,,"=ROUND(E462+G462+I462, 2)",0.0,Works particular bill,462,data/unpacked/L2025-00085-1/붙임2. 현지입찰(신규입찰) 서류 및 계약서류(안)/IKHCC Section 4 - IKHCC BLANK BOQ 250903_최종/1 Architectural & summery/BILL No1 -Architectural Works-01. HOSPITAL(BLANK BILL).xlsx,47d79c95e2c3273f84778935276c94526e369cc1b1bc057f6b03c998f44e253f
병원,HOSPITAL,010111,010111  DOORS & WINDOWS WORKS-1,DUST PROOF STRIKE,489B,ea,34.0,4530234CF57486DF6239DCDF541,직접자원단가,5.295119603051174,0.0,0.0,5.295119603051174,180.03406650373992,0.0,0.0,180.03406650373992,복원,,,,"=ROUND(E463+G463+I463, 2)",0.0,Works particular bill,463,data/unpacked/L2025-00085-1/붙임2. 현지입찰(신규입찰) 서류 및 계약서류(안)/IKHCC Section 4 - IKHCC BLANK BOQ 250903_최종/1 Architectural & summery/BILL No1 -Architectural Works-01. HOSPITAL(BLANK BILL).xlsx,47d79c95e2c3273f84778935276c94526e369cc1b1bc057f6b03c998f44e253f
병원,HOSPITAL,010111,010111  DOORS & WINDOWS WORKS-1,FLOOR STOP,436B,ea,147.0,4531284DDC776A4702EA22A0C0638FB350148,직접자원단가,1.0,0.0,0.0,1.0,147.0,0.0,0.0,147.0,복원,,,,"=ROUND(E464+G464+I464, 2)",0.0,Works particular bill,464,data/unpacked/L2025-00085-1/붙임2. 현지입찰(신규입찰) 서류 및 계약서류(안)/IKHCC Section 4 - IKHCC BLANK BOQ 250903_최종/1 Architectural & summery/BILL No1 -Architectural Works-01. HOSPITAL(BLANK BILL).xlsx,47d79c95e2c3273f84778935276c94526e369cc1b1bc057f6b03c998f44e253f
병원,HOSPITAL,010111,010111  DOORS & WINDOWS WORKS-1,WALL BUMPER,436B,ea,66.0,4531284DDC776A4702EA22A0C0638FB350149,직접자원단가,1.0,0.0,0.0,1.0,66.0,0.0,0.0,66.0,복원,,,,"=ROUND(E465+G465+I465, 2)",0.0,Works particular bill,465,data/unpacked/L2025-00085-1/붙임2. 현지입찰(신규입찰) 서류 및 계약서류(안)/IKHCC Section 4 - IKHCC BLANK BOQ 250903_최종/1 Architectural & summery/BILL No1 -Architectural Works-01. HOSPITAL(BLANK BILL).xlsx,47d79c95e2c3273f84778935276c94526e369cc1b1bc057f6b03c998f44e253f
병원,HOSPITAL,010111,010111  DOORS & WINDOWS WORKS-1,EXIT DEVICE-RIM TYPE,F8000,ea,12.0,4531284DDC776A4702EA22A0C0638FB350146,직접자원단가,150.0,0.0,0.0,150.0,1800.0,0.0,0.0,1800.0,복원,,,,"=ROUND(E466+G466+I466, 2)",0.0,Works particular bill,466,data/unpacked/L2025-00085-1/붙임2. 현지입찰(신규입찰) 서류 및 계약서류(안)/IKHCC Section 4 - IKHCC BLANK BOQ 250903_최종/1 Architectural & summery/BILL No1 -Architectural Works-01. HOSPITAL(BLANK BILL).xlsx,47d79c95e2c3273f84778935276c94526e369cc1b1bc057f6b03c998f44e253f
병원,HOSPITAL,010111,010111  DOORS & WINDOWS WORKS-1,FLUSH BOLT-WOOD DOOR,358B,ea,2.0,4530234CF57486DF6239DCDF545,직접자원단가,17.921943271865512,0.0,0.0,17.921943271865512,35.843886543731024,0.0,0.0,35.843886543731024,복원,,,,"=ROUND(E467+G467+I467, 2)",0.0,Works particular bill,467,data/unpacked/L2025-00085-1/붙임2. 현지입찰(신규입찰) 서류 및 계약서류(안)/IKHCC Section 4 - IKHCC BLANK BOQ 250903_최종/1 Architectural & summery/BILL No1 -Architectural Works-01. HOSPITAL(BLANK BILL).xlsx,47d79c95e2c3273f84778935276c94526e369cc1b1bc057f6b03c998f44e253f
병원,HOSPITAL,010111,010111  DOORS & WINDOWS WORKS-1,"FLUSH BOLT-12""",458B,ea,16.0,4530234CF57486DF6239DCDF546,직접자원단가,17.107309486780718,0.0,0.0,17.107309486780718,273.7169517884915,0.0,0.0,273.7169517884915,복원,,,,"=ROUND(E468+G468+I468, 2)",0.0,Works particular bill,468,data/unpacked/L2025-00085-1/붙임2. 현지입찰(신규입찰) 서류 및 계약서류(안)/IKHCC Section 4 - IKHCC BLANK BOQ 250903_최종/1 Architectural & summery/BILL No1 -Architectural Works-01. HOSPITAL(BLANK BILL).xlsx,47d79c95e2c3273f84778935276c94526e369cc1b1bc057f6b03c998f44e253f
병원,HOSPITAL,010111,010111  DOORS & WINDOWS WORKS-1,FLOOR HINGE,HD80,ea,16.0,4531284DDC776A4702EA22A0C0638FB350147,직접자원단가,150.0,0.0,0.0,150.0,2400.0,0.0,0.0,2400.0,복원,,,,"=ROUND(E469+G469+I469, 2)",0.0,Works particular bill,469,data/unpacked/L2025-00085-1/붙임2. 현지입찰(신규입찰) 서류 및 계약서류(안)/IKHCC Section 4 - IKHCC BLANK BOQ 250903_최종/1 Architectural & summery/BILL No1 -Architectural Works-01. HOSPITAL(BLANK BILL).xlsx,47d79c95e2c3273f84778935276c94526e369cc1b1bc057f6b03c998f44e253f
병원,HOSPITAL,010111,010111  DOORS & WINDOWS WORKS-1,FLOOR HINGE,HD850,ea,17.0,4530234CF57486DF6239DCDF548,직접자원단가,123.00970154780421,0.0,0.0,123.00970154780421,2091.1649263126715,0.0,0.0,2091.1649263126715,복원,,,,"=ROUND(E470+G470+I470, 2)",0.0,Works particular bill,470,data/unpacked/L2025-00085-1/붙임2. 현지입찰(신규입찰) 서류 및 계약서류(안)/IKHCC Section 4 - IKHCC BLANK BOQ 250903_최종/1 Architectural & summery/BILL No1 -Architectural Works-01. HOSPITAL(BLANK BILL).xlsx,47d79c95e2c3273f84778935276c94526e369cc1b1bc057f6b03c998f44e253f
병원,HOSPITAL,010111,010111  DOORS & WINDOWS WORKS-1,FLUSH RING W/INTERGRAL LATCH,5014P,ea,13.0,4530234CF57486DF6239DCDF549,직접자원단가,41.5463230393246,0.0,0.0,41.5463230393246,540.1021995112197,0.0,0.0,540.1021995112197,복원,,,,"=ROUND(E471+G471+I471, 2)",0.0,Works particular bill,471,data/unpacked/L2025-00085-1/붙임2. 현지입찰(신규입찰) 서류 및 계약서류(안)/IKHCC Section 4 - IKHCC BLANK BOQ 250903_최종/1 Architectural & summery/BILL No1 -Architectural Works-01. HOSPITAL(BLANK BILL).xlsx,47d79c95e2c3273f84778935276c94526e369cc1b1bc057f6b03c998f44e253f
병원,HOSPITAL,010111,010111  DOORS & WINDOWS WORKS-1,LEVER SET,LH001,ea,197.0,4531284DDC776A4702EA22A0C0638FB3500A7,직접자원단가,25.0,0.0,0.0,25.0,4925.0,0.0,0.0,4925.0,복원,,,,"=ROUND(E472+G472+I472, 2)",0.0,Works particular bill,472,data/unpacked/L2025-00085-1/붙임2. 현지입찰(신규입찰) 서류 및 계약서류(안)/IKHCC Section 4 - IKHCC BLANK BOQ 250903_최종/1 Architectural & summery/BILL No1 -Architectural Works-01. HOSPITAL(BLANK BILL).xlsx,47d79c95e2c3273f84778935276c94526e369cc1b1bc057f6b03c998f44e253f
병원,HOSPITAL,010111,010111  DOORS & WINDOWS WORKS-1,DUMMY LEVER SET,LH001DT,ea,9.0,4531284DDC776A4702EA22A0C0638FB3500A6,직접자원단가,25.0,0.0,0.0,25.0,225.0,0.0,0.0,225.0,복원,,,,"=ROUND(E473+G473+I473, 2)",0.0,Works particular bill,473,data/unpacked/L2025-00085-1/붙임2. 현지입찰(신규입찰) 서류 및 계약서류(안)/IKHCC Section 4 - IKHCC BLANK BOQ 250903_최종/1 Architectural & summery/BILL No1 -Architectural Works-01. HOSPITAL(BLANK BILL).xlsx,47d79c95e2c3273f84778935276c94526e369cc1b1bc057f6b03c998f44e253f
병원,HOSPITAL,010111,010111  DOORS & WINDOWS WORKS-1,MORTISE DEADLOCK,EZ-300 * T/T * GMK,ea,13.0,4530234CF57486DF6239DCDF4B9,직접자원단가,71.68777308746205,0.0,0.0,71.68777308746205,931.9410501370066,0.0,0.0,931.9410501370066,복원,,,,"=ROUND(E474+G474+I474, 2)",0.0,Works particular bill,474,data/unpacked/L2025-00085-1/붙임2. 현지입찰(신규입찰) 서류 및 계약서류(안)/IKHCC Section 4 - IKHCC BLANK BOQ 250903_최종/1 Architectural & summery/BILL No1 -Architectural Works-01. HOSPITAL(BLANK BILL).xlsx,47d79c95e2c3273f84778935276c94526e369cc1b1bc057f6b03c998f44e253f
병원,HOSPITAL,010111,010111  DOORS & WINDOWS WORKS-1,EUROPEAN MORTISE LOCK - ENTRANCE,ML01 * GMK,ea,147.0,4531284DDC776A4702EA22A0C0638FB3500A5,직접자원단가,30.0,0.0,0.0,30.0,4410.0,0.0,0.0,4410.0,복원,,,,"=ROUND(E475+G475+I475, 2)",0.0,Works particular bill,475,data/unpacked/L2025-00085-1/붙임2. 현지입찰(신규입찰) 서류 및 계약서류(안)/IKHCC Section 4 - IKHCC BLANK BOQ 250903_최종/1 Architectural & summery/BILL No1 -Architectural Works-01. HOSPITAL(BLANK BILL).xlsx,47d79c95e2c3273f84778935276c94526e369cc1b1bc057f6b03c998f44e253f
병원,HOSPITAL,010111,010111  DOORS & WINDOWS WORKS-1,EUROPEAN MORTISE LOCK - INDICATOR,ML07 * DDIK002,ea,48.0,4531284DDC776A4702EA22A0C0638FB3500A4,직접자원단가,30.0,0.0,0.0,30.0,1440.0,0.0,0.0,1440.0,복원,,,,"=ROUND(E476+G476+I476, 2)",0.0,Works particular bill,476,data/unpacked/L2025-00085-1/붙임2. 현지입찰(신규입찰) 서류 및 계약서류(안)/IKHCC Section 4 - IKHCC BLANK BOQ 250903_최종/1 Architectural & summery/BILL No1 -Architectural Works-01. HOSPITAL(BLANK BILL).xlsx,47d79c95e2c3273f84778935276c94526e369cc1b1bc057f6b03c998f44e253f
병원,HOSPITAL,010111,010111  DOORS & WINDOWS WORKS-1,EUROPEAN MORTISE LOCK - PASSAGE,ML04,ea,2.0,4531284DDC776A4702EA22A0C0638FB3500A3,직접자원단가,30.0,0.0,0.0,30.0,60.0,0.0,0.0,60.0,복원,,,,"=ROUND(E477+G477+I477, 2)",0.0,Works particular bill,477,data/unpacked/L2025-00085-1/붙임2. 현지입찰(신규입찰) 서류 및 계약서류(안)/IKHCC Section 4 - IKHCC BLANK BOQ 250903_최종/1 Architectural & summery/BILL No1 -Architectural Works-01. HOSPITAL(BLANK BILL).xlsx,47d79c95e2c3273f84778935276c94526e369cc1b1bc057f6b03c998f44e253f
병원,HOSPITAL,010111,010111  DOORS & WINDOWS WORKS-1,OUTSIDE TRIM-F08,TO-009-00 * GMK,ea,12.0,4530234CF57486DF6239DCDF4BD,직접자원단가,208.5462489817078,0.0,0.0,208.5462489817078,2502.554987780494,0.0,0.0,2502.554987780494,복원,,,,"=ROUND(E478+G478+I478, 2)",0.0,Works particular bill,478,data/unpacked/L2025-00085-1/붙임2. 현지입찰(신규입찰) 서류 및 계약서류(안)/IKHCC Section 4 - IKHCC BLANK BOQ 250903_최종/1 Architectural & summery/BILL No1 -Architectural Works-01. HOSPITAL(BLANK BILL).xlsx,47d79c95e2c3273f84778935276c94526e369cc1b1bc057f6b03c998f44e253f
병원,HOSPITAL,010111,010111  DOORS & WINDOWS WORKS-1,KEY CABINET BOX,ST-200,ea,1.0,4530234CF57486DF6239DCDF4B2,직접자원단가,309.5608383322225,0.0,0.0,309.5608383322225,309.5608383322225,0.0,0.0,309.5608383322225,복원,,,,"=ROUND(E479+G479+I479, 2)",0.0,Works particular bill,479,data/unpacked/L2025-00085-1/붙임2. 현지입찰(신규입찰) 서류 및 계약서류(안)/IKHCC Section 4 - IKHCC BLANK BOQ 250903_최종/1 Architectural & summery/BILL No1 -Architectural Works-01. HOSPITAL(BLANK BILL).xlsx,47d79c95e2c3273f84778935276c94526e369cc1b1bc057f6b03c998f44e253f
병원,HOSPITAL,010111,010111  DOORS & WINDOWS WORKS-1,2. LEAD SHIELD DOOR(SINGLE),1000*2200*2.0T,SET,3.0,4531284DDC776A4702EA22A0C0638FB3500A1,직접자원단가,800.0,0.0,0.0,800.0,2400.0,0.0,0.0,2400.0,복원,,,,"=ROUND(E480+G480+I480, 2)",0.0,Works particular bill,480,data/unpacked/L2025-00085-1/붙임2. 현지입찰(신규입찰) 서류 및 계약서류(안)/IKHCC Section 4 - IKHCC BLANK BOQ 250903_최종/1 Architectural & summery/BILL No1 -Architectural Works-01. HOSPITAL(BLANK BILL).xlsx,47d79c95e2c3273f84778935276c94526e369cc1b1bc057f6b03c998f44e253f
병원,HOSPITAL,010111,010111  DOORS & WINDOWS WORKS-1,3. LEAD SHIELD DOOR(SINGLE),1200*2200*2.0T,SET,1.0,4531284DDC776A4702EA22A0C0638FB3500A0,직접자원단가,1000.0,0.0,0.0,1000.0,1000.0,0.0,0.0,1000.0,복원,,,,"=ROUND(E481+G481+I481, 2)",0.0,Works particular bill,481,data/unpacked/L2025-00085-1/붙임2. 현지입찰(신규입찰) 서류 및 계약서류(안)/IKHCC Section 4 - IKHCC BLANK BOQ 250903_최종/1 Architectural & summery/BILL No1 -Architectural Works-01. HOSPITAL(BLANK BILL).xlsx,47d79c95e2c3273f84778935276c94526e369cc1b1bc057f6b03c998f44e253f
병원,HOSPITAL,010111,010111  DOORS & WINDOWS WORKS-1,4. LEAD GLASS,1800*800,EA,2.0,4531284DDC776A4702EA22A0C0638FB3500AF,직접자원단가,1300.0,0.0,0.0,1300.0,2600.0,0.0,0.0,2600.0,복원,,,,"=ROUND(E482+G482+I482, 2)",0.0,Works particular bill,482,data/unpacked/L2025-00085-1/붙임2. 현지입찰(신규입찰) 서류 및 계약서류(안)/IKHCC Section 4 - IKHCC BLANK BOQ 250903_최종/1 Architectural & summery/BILL No1 -Architectural Works-01. HOSPITAL(BLANK BILL).xlsx,47d79c95e2c3273f84778935276c94526e369cc1b1bc057f6b03c998f44e253f
병원,HOSPITAL,010111,010111  DOORS & WINDOWS WORKS-1,5. LEAD GLASS FRAME,1850*850,EA,2.0,4531284DDC776A4702EA22A0C0638FB3500AE,직접자원단가,200.0,0.0,0.0,200.0,400.0,0.0,0.0,400.0,복원,,,,"=ROUND(E483+G483+I483, 2)",0.0,Works particular bill,483,data/unpacked/L2025-00085-1/붙임2. 현지입찰(신규입찰) 서류 및 계약서류(안)/IKHCC Section 4 - IKHCC BLANK BOQ 250903_최종/1 Architectural & summery/BILL No1 -Architectural Works-01. HOSPITAL(BLANK BILL).xlsx,47d79c95e2c3273f84778935276c94526e369cc1b1bc057f6b03c998f44e253f
병원,HOSPITAL,010112,010112  GLASS WORKS,opacity sheet,,M2,5.0,43AE2142BE773DD372E74EE2E1A955D5C7A4A,직접자원단가,16.29267570169592,2.4113160038509966,0.0,18.703991705546915,81.4633785084796,12.056580019254984,0.0,93.51995852773457,복원,,,,"=ROUND(E509+G509+I509, 2)",0.0,Works particular bill,509,data/unpacked/L2025-00085-1/붙임2. 현지입찰(신규입찰) 서류 및 계약서류(안)/IKHCC Section 4 - IKHCC BLANK BOQ 250903_최종/1 Architectural & summery/BILL No1 -Architectural Works-01. HOSPITAL(BLANK BILL).xlsx,47d79c95e2c3273f84778935276c94526e369cc1b1bc057f6b03c998f44e253f
병원,HOSPITAL,010112,010112  GLASS WORKS,Tempered glass,"Tempered glass, Transparent, 5mm",M2,6.0,43AE2142BE746970424045853B7FD2C14EBD8,직접자원단가,30.54876694067985,0.0,0.0,30.54876694067985,183.2926016440791,0.0,0.0,183.2926016440791,복원,,,,"=ROUND(E510+G510+I510, 2)",0.0,Works particular bill,510,data/unpacked/L2025-00085-1/붙임2. 현지입찰(신규입찰) 서류 및 계약서류(안)/IKHCC Section 4 - IKHCC BLANK BOQ 250903_최종/1 Architectural & summery/BILL No1 -Architectural Works-01. HOSPITAL(BLANK BILL).xlsx,47d79c95e2c3273f84778935276c94526e369cc1b1bc057f6b03c998f44e253f
병원,HOSPITAL,010112,010112  GLASS WORKS,Tempered glass,"Tempered glass, Transparent, 10mm",M2,136.0,43AE2142BE746970424045853B7FD2C14EA36,직접자원단가,30.54876694067985,0.0,0.0,30.54876694067985,4154.63230393246,0.0,0.0,4154.63230393246,복원,,,,"=ROUND(E511+G511+I511, 2)",0.0,Works particular bill,511,data/unpacked/L2025-00085-1/붙임2. 현지입찰(신규입찰) 서류 및 계약서류(안)/IKHCC Section 4 - IKHCC BLANK BOQ 250903_최종/1 Architectural & summery/BILL No1 -Architectural Works-01. HOSPITAL(BLANK BILL).xlsx,47d79c95e2c3273f84778935276c94526e369cc1b1bc057f6b03c998f44e253f
병원,HOSPITAL,010112,010112  GLASS WORKS,Double Glazing,"Double glazing, Transparent, 24 mm",M2,594.0,4531284DDC776A4702EA22A0C0638FB35037B,직접자원단가,60.0,0.0,0.0,60.0,35640.0,0.0,0.0,35640.0,복원,,,,"=ROUND(E512+G512+I512, 2)",0.0,Works particular bill,512,data/unpacked/L2025-00085-1/붙임2. 현지입찰(신규입찰) 서류 및 계약서류(안)/IKHCC Section 4 - IKHCC BLANK BOQ 250903_최종/1 Architectural & summery/BILL No1 -Architectural Works-01. HOSPITAL(BLANK BILL).xlsx,47d79c95e2c3273f84778935276c94526e369cc1b1bc057f6b03c998f44e253f
병원,HOSPITAL,010112,010112  GLASS WORKS,Caulking around Pain glazing,"5*5, silicone",M,1215.0,448227450275CD2FB281D8393CD64,복합일위대가,0.32,0.0,0.0,0.32,388.8,0.0,0.0,388.8,복원,,,,"=ROUND(E513+G513+I513, 2)",0.0,Works particular bill,513,data/unpacked/L2025-00085-1/붙임2. 현지입찰(신규입찰) 서류 및 계약서류(안)/IKHCC Section 4 - IKHCC BLANK BOQ 250903_최종/1 Architectural & summery/BILL No1 -Architectural Works-01. HOSPITAL(BLANK BILL).xlsx,47d79c95e2c3273f84778935276c94526e369cc1b1bc057f6b03c998f44e253f
병원,HOSPITAL,010112,010112  GLASS WORKS,Structural Silicone,"5*16, silicone",M,59.0,448227450275C8AE02615B1D5192C,복합일위대가,1.66,0.0,0.0,1.66,97.94,0.0,0.0,97.94,복원,,,,"=ROUND(E514+G514+I514, 2)",0.0,Works particular bill,514,data/unpacked/L2025-00085-1/붙임2. 현지입찰(신규입찰) 서류 및 계약서류(안)/IKHCC Section 4 - IKHCC BLANK BOQ 250903_최종/1 Architectural & summery/BILL No1 -Architectural Works-01. HOSPITAL(BLANK BILL).xlsx,47d79c95e2c3273f84778935276c94526e369cc1b1bc057f6b03c998f44e253f
병원,HOSPITAL,010112,010112  GLASS WORKS,Norton Thermalbond,,M,59.0,448227450275C8AE02615B1D51A33,복합일위대가,1.39,0.0,0.0,1.39,82.00999999999999,0.0,0.0,82.00999999999999,복원,,,,"=ROUND(E515+G515+I515, 2)",0.0,Works particular bill,515,data/unpacked/L2025-00085-1/붙임2. 현지입찰(신규입찰) 서류 및 계약서류(안)/IKHCC Section 4 - IKHCC BLANK BOQ 250903_최종/1 Architectural & summery/BILL No1 -Architectural Works-01. HOSPITAL(BLANK BILL).xlsx,47d79c95e2c3273f84778935276c94526e369cc1b1bc057f6b03c998f44e253f
병원,HOSPITAL,010112,010112  GLASS WORKS,Weather Caulking,,M,342.0,448227450275C8AE02615B1D51BD9,복합일위대가,1.02,0.0,0.0,1.02,348.84000000000003,0.0,0.0,348.84000000000003,복원,,,,"=ROUND(E516+G516+I516, 2)",0.0,Works particular bill,516,data/unpacked/L2025-00085-1/붙임2. 현지입찰(신규입찰) 서류 및 계약서류(안)/IKHCC Section 4 - IKHCC BLANK BOQ 250903_최종/1 Architectural & summery/BILL No1 -Architectural Works-01. HOSPITAL(BLANK BILL).xlsx,47d79c95e2c3273f84778935276c94526e369cc1b1bc057f6b03c998f44e253f
병원,HOSPITAL,010112,010112  GLASS WORKS,Window glass installation / Pan glass,Glass thickness less than 5mm,M2,6.0,44822343C377C36F323EA2A4272DE,복합일위대가,0.0,10.11,0.0,10.11,0.0,60.66,0.0,60.66,복원,,,,"=ROUND(E517+G517+I517, 2)",0.0,Works particular bill,517,data/unpacked/L2025-00085-1/붙임2. 현지입찰(신규입찰) 서류 및 계약서류(안)/IKHCC Section 4 - IKHCC BLANK BOQ 250903_최종/1 Architectural & summery/BILL No1 -Architectural Works-01. HOSPITAL(BLANK BILL).xlsx,47d79c95e2c3273f84778935276c94526e369cc1b1bc057f6b03c998f44e253f
병원,HOSPITAL,010112,010112  GLASS WORKS,Window glass installation / Pan glass,Glass thickness less than 12mm,M2,136.0,44822343C377C36F323EA2A427137,복합일위대가,0.0,10.11,0.0,10.11,0.0,1374.96,0.0,1374.96,복원,,,,"=ROUND(E518+G518+I518, 2)",0.0,Works particular bill,518,data/unpacked/L2025-00085-1/붙임2. 현지입찰(신규입찰) 서류 및 계약서류(안)/IKHCC Section 4 - IKHCC BLANK BOQ 250903_최종/1 Architectural & summery/BILL No1 -Architectural Works-01. HOSPITAL(BLANK BILL).xlsx,47d79c95e2c3273f84778935276c94526e369cc1b1bc057f6b03c998f44e253f
병원,HOSPITAL,010112,010112  GLASS WORKS,Window Glass Installation / Double Glazing,Glass thickness less than 24mm,M2,594.0,448223433D7911ED22A70309B9BA2,복합일위대가,0.0,10.26,0.0,10.26,0.0,6094.44,0.0,6094.44,복원,,,,"=ROUND(E519+G519+I519, 2)",0.0,Works particular bill,519,data/unpacked/L2025-00085-1/붙임2. 현지입찰(신규입찰) 서류 및 계약서류(안)/IKHCC Section 4 - IKHCC BLANK BOQ 250903_최종/1 Architectural & summery/BILL No1 -Architectural Works-01. HOSPITAL(BLANK BILL).xlsx,47d79c95e2c3273f84778935276c94526e369cc1b1bc057f6b03c998f44e253f
병원,HOSPITAL,010112,010112  GLASS WORKS,Caulking around double glazing,"5*5, silicone",M,4545.0,448223433D703D80122AB3ECE4AAB,복합일위대가,0.32,0.0,0.0,0.32,1454.4,0.0,0.0,1454.4,복원,,,,"=ROUND(E520+G520+I520, 2)",0.0,Works particular bill,520,data/unpacked/L2025-00085-1/붙임2. 현지입찰(신규입찰) 서류 및 계약서류(안)/IKHCC Section 4 - IKHCC BLANK BOQ 250903_최종/1 Architectural & summery/BILL No1 -Architectural Works-01. HOSPITAL(BLANK BILL).xlsx,47d79c95e2c3273f84778935276c94526e369cc1b1bc057f6b03c998f44e253f
병원,HOSPITAL,010112,010112  GLASS WORKS,Moisture-Proof Mirror,5mm,M2,35.0,448223432376421D520C7F991B12F,복합일위대가,39.44,18.78,0.11,58.33,1380.3999999999999,657.3000000000001,3.85,2041.55,복원,,,,"=ROUND(E521+G521+I521, 2)",0.0,Works particular bill,521,data/unpacked/L2025-00085-1/붙임2. 현지입찰(신규입찰) 서류 및 계약서류(안)/IKHCC Section 4 - IKHCC BLANK BOQ 250903_최종/1 Architectural & summery/BILL No1 -Architectural Works-01. HOSPITAL(BLANK BILL).xlsx,47d79c95e2c3273f84778935276c94526e369cc1b1bc057f6b03c998f44e253f
병원,HOSPITAL,010112,010112  GLASS WORKS,BACKPAINTERD GLASS,,M2,16.0,448223432376421D520C7F991B009,복합일위대가,60.53,25.49,0.11,86.13,968.48,407.84,1.76,1378.08,복원,,,,"=ROUND(E522+G522+I522, 2)",0.0,Works particular bill,522,data/unpacked/L2025-00085-1/붙임2. 현지입찰(신규입찰) 서류 및 계약서류(안)/IKHCC Section 4 - IKHCC BLANK BOQ 250903_최종/1 Architectural & summery/BILL No1 -Architectural Works-01. HOSPITAL(BLANK BILL).xlsx,47d79c95e2c3273f84778935276c94526e369cc1b1bc057f6b03c998f44e253f
병원,HOSPITAL,010113,010113  PAINTERS WORKS,Rust Resisting Paint,Steel Frame Face,M2,235.0,4531284DDC776A4702EA22A0C0638FB35037A,직접자원단가,0.06,0.75,0.0,0.81,14.1,176.25,0.0,190.35000000000002,복원,,,,"=ROUND(E533+G533+I533, 2)",0.0,Works particular bill,533,data/unpacked/L2025-00085-1/붙임2. 현지입찰(신규입찰) 서류 및 계약서류(안)/IKHCC Section 4 - IKHCC BLANK BOQ 250903_최종/1 Architectural & summery/BILL No1 -Architectural Works-01. HOSPITAL(BLANK BILL).xlsx,47d79c95e2c3273f84778935276c94526e369cc1b1bc057f6b03c998f44e253f
병원,HOSPITAL,010113,010113  PAINTERS WORKS,Ready Mixed Paint,Steel Frame Face,M2,235.0,4531284DDC776A4702EA22A0C0638FB350379,직접자원단가,0.93,0.75,0.0,1.6800000000000002,218.55,176.25,0.0,394.8,복원,,,,"=ROUND(E534+G534+I534, 2)",0.0,Works particular bill,534,data/unpacked/L2025-00085-1/붙임2. 현지입찰(신규입찰) 서류 및 계약서류(안)/IKHCC Section 4 - IKHCC BLANK BOQ 250903_최종/1 Architectural & summery/BILL No1 -Architectural Works-01. HOSPITAL(BLANK BILL).xlsx,47d79c95e2c3273f84778935276c94526e369cc1b1bc057f6b03c998f44e253f
병원,HOSPITAL,010113,010113  PAINTERS WORKS,Painting on plastered surfaces including Emulsion Paint as per drawing and as specified. (Plastering measured seperately,,M2,82.0,4531284DDC776A4702EA22A0C0638FB350378,직접자원단가,1.5,0.0,0.0,1.5,123.0,0.0,0.0,123.0,복원,,,,"=ROUND(E535+G535+I535, 2)",0.0,Works particular bill,535,data/unpacked/L2025-00085-1/붙임2. 현지입찰(신규입찰) 서류 및 계약서류(안)/IKHCC Section 4 - IKHCC BLANK BOQ 250903_최종/1 Architectural & summery/BILL No1 -Architectural Works-01. HOSPITAL(BLANK BILL).xlsx,47d79c95e2c3273f84778935276c94526e369cc1b1bc057f6b03c998f44e253f
병원,HOSPITAL,010113,010113  PAINTERS WORKS,Painting on Concrete surfaces including Anti-bacterial Paint as per drawing and as specified.,,M2,703.0,4482214ED37A290E2245BBE3D5C8D,복합일위대가,3.0,0.0,0.0,3.0,2109.0,0.0,0.0,2109.0,복원,,,,"=ROUND(E536+G536+I536, 2)",0.0,Works particular bill,536,data/unpacked/L2025-00085-1/붙임2. 현지입찰(신규입찰) 서류 및 계약서류(안)/IKHCC Section 4 - IKHCC BLANK BOQ 250903_최종/1 Architectural & summery/BILL No1 -Architectural Works-01. HOSPITAL(BLANK BILL).xlsx,47d79c95e2c3273f84778935276c94526e369cc1b1bc057f6b03c998f44e253f
병원,HOSPITAL,010113,010113  PAINTERS WORKS,Painting on Concrete Surface Treatment surfaces including Emulsion Paint as per drawing and as specified.,,M2,172.0,4482214ED37A290E2245BBE3D5D93,복합일위대가,2.0,0.0,0.0,2.0,344.0,0.0,0.0,344.0,복원,,,,"=ROUND(E537+G537+I537, 2)",0.0,Works particular bill,537,data/unpacked/L2025-00085-1/붙임2. 현지입찰(신규입찰) 서류 및 계약서류(안)/IKHCC Section 4 - IKHCC BLANK BOQ 250903_최종/1 Architectural & summery/BILL No1 -Architectural Works-01. HOSPITAL(BLANK BILL).xlsx,47d79c95e2c3273f84778935276c94526e369cc1b1bc057f6b03c998f44e253f
병원,HOSPITAL,010113,010113  PAINTERS WORKS,Painting on gypsum board surfaces including Anti-bacterial Paint as per drawing and as specified.,,M2,1762.0,4531284DDC776A4702EA22A0C0638FB35037F,직접자원단가,2.5,0.0,0.0,2.5,4405.0,0.0,0.0,4405.0,복원,,,,"=ROUND(E538+G538+I538, 2)",0.0,Works particular bill,538,data/unpacked/L2025-00085-1/붙임2. 현지입찰(신규입찰) 서류 및 계약서류(안)/IKHCC Section 4 - IKHCC BLANK BOQ 250903_최종/1 Architectural & summery/BILL No1 -Architectural Works-01. HOSPITAL(BLANK BILL).xlsx,47d79c95e2c3273f84778935276c94526e369cc1b1bc057f6b03c998f44e253f
병원,HOSPITAL,010113,010113  PAINTERS WORKS,Painting on gypsum board surfaces including Emulsion Paint as per drawing and as specified.,,M2,313.0,4531284DDC776A4702EA22A0C0638FB35037E,직접자원단가,1.5,0.0,0.0,1.5,469.5,0.0,0.0,469.5,복원,,,,"=ROUND(E539+G539+I539, 2)",0.0,Works particular bill,539,data/unpacked/L2025-00085-1/붙임2. 현지입찰(신규입찰) 서류 및 계약서류(안)/IKHCC Section 4 - IKHCC BLANK BOQ 250903_최종/1 Architectural & summery/BILL No1 -Architectural Works-01. HOSPITAL(BLANK BILL).xlsx,47d79c95e2c3273f84778935276c94526e369cc1b1bc057f6b03c998f44e253f
병원,HOSPITAL,010113,010113  PAINTERS WORKS,Painting on plastered surfaces including Epoxy paint as per drawing and as specified. (Plastering measured seperately),,M2,196.0,4482214ED37A290E22AE6206AEC6C,복합일위대가,4.25,0.0,0.0,4.25,833.0,0.0,0.0,833.0,복원,,,,"=ROUND(E540+G540+I540, 2)",0.0,Works particular bill,540,data/unpacked/L2025-00085-1/붙임2. 현지입찰(신규입찰) 서류 및 계약서류(안)/IKHCC Section 4 - IKHCC BLANK BOQ 250903_최종/1 Architectural & summery/BILL No1 -Architectural Works-01. HOSPITAL(BLANK BILL).xlsx,47d79c95e2c3273f84778935276c94526e369cc1b1bc057f6b03c998f44e253f
병원,HOSPITAL,010113,010113  PAINTERS WORKS,Painting on plastered surfaces including Emulsion Paint as per drawing and as specified. (Plastering measured seperately,,M2,2361.0,4531284DDC776A4702EA22A0C0638FB35037D,직접자원단가,1.5,0.0,0.0,1.5,3541.5,0.0,0.0,3541.5,복원,,,,"=ROUND(E541+G541+I541, 2)",0.0,Works particular bill,541,data/unpacked/L2025-00085-1/붙임2. 현지입찰(신규입찰) 서류 및 계약서류(안)/IKHCC Section 4 - IKHCC BLANK BOQ 250903_최종/1 Architectural & summery/BILL No1 -Architectural Works-01. HOSPITAL(BLANK BILL).xlsx,47d79c95e2c3273f84778935276c94526e369cc1b1bc057f6b03c998f44e253f
병원,HOSPITAL,010113,010113  PAINTERS WORKS,Painting on plastered surfaces including Anti-bacterial Paint as per drawing and as specified. (Plastering measured sepe,,M2,395.0,4482214ED37A290E22AE6206AE8F1,복합일위대가,3.0,0.0,0.0,3.0,1185.0,0.0,0.0,1185.0,복원,,,,"=ROUND(E542+G542+I542, 2)",0.0,Works particular bill,542,data/unpacked/L2025-00085-1/붙임2. 현지입찰(신규입찰) 서류 및 계약서류(안)/IKHCC Section 4 - IKHCC BLANK BOQ 250903_최종/1 Architectural & summery/BILL No1 -Architectural Works-01. HOSPITAL(BLANK BILL).xlsx,47d79c95e2c3273f84778935276c94526e369cc1b1bc057f6b03c998f44e253f
병원,HOSPITAL,010113,010113  PAINTERS WORKS,Painting on Concrete Surface Treatment surfaces including Emulsion Paint as per drawing and as specified. (Plastering me,,M2,1228.0,4482214ED37A290E22AE6206AEABE,복합일위대가,2.0,0.0,0.0,2.0,2456.0,0.0,0.0,2456.0,복원,,,,"=ROUND(E543+G543+I543, 2)",0.0,Works particular bill,543,data/unpacked/L2025-00085-1/붙임2. 현지입찰(신규입찰) 서류 및 계약서류(안)/IKHCC Section 4 - IKHCC BLANK BOQ 250903_최종/1 Architectural & summery/BILL No1 -Architectural Works-01. HOSPITAL(BLANK BILL).xlsx,47d79c95e2c3273f84778935276c94526e369cc1b1bc057f6b03c998f44e253f
병원,HOSPITAL,010113,010113  PAINTERS WORKS,Painting on gypsum board surfaces including Emulsion Paint as per drawing and as specified.,,M2,1135.0,4482214ED37A290E22AE6206AE53D,복합일위대가,2.0,0.0,0.0,2.0,2270.0,0.0,0.0,2270.0,복원,,,,"=ROUND(E544+G544+I544, 2)",0.0,Works particular bill,544,data/unpacked/L2025-00085-1/붙임2. 현지입찰(신규입찰) 서류 및 계약서류(안)/IKHCC Section 4 - IKHCC BLANK BOQ 250903_최종/1 Architectural & summery/BILL No1 -Architectural Works-01. HOSPITAL(BLANK BILL).xlsx,47d79c95e2c3273f84778935276c94526e369cc1b1bc057f6b03c998f44e253f
병원,HOSPITAL,010113,010113  PAINTERS WORKS,Painting on gypsum board surfaces including Anti-bacterial Paint as per drawing and as specified.,,M2,1693.0,4482214ED37A290E22AE62069C542,복합일위대가,3.0,0.0,0.0,3.0,5079.0,0.0,0.0,5079.0,복원,,,,"=ROUND(E545+G545+I545, 2)",0.0,Works particular bill,545,data/unpacked/L2025-00085-1/붙임2. 현지입찰(신규입찰) 서류 및 계약서류(안)/IKHCC Section 4 - IKHCC BLANK BOQ 250903_최종/1 Architectural & summery/BILL No1 -Architectural Works-01. HOSPITAL(BLANK BILL).xlsx,47d79c95e2c3273f84778935276c94526e369cc1b1bc057f6b03c998f44e253f
병원,HOSPITAL,010113,010113  PAINTERS WORKS,Steel Trowelled with Epoxy coating,Floor,M2,268.0,4482214E4D7E26CCE26EA35651C33,복합일위대가,20.0,0.0,0.0,20.0,5360.0,0.0,0.0,5360.0,복원,,,,"=ROUND(E546+G546+I546, 2)",0.0,Works particular bill,546,data/unpacked/L2025-00085-1/붙임2. 현지입찰(신규입찰) 서류 및 계약서류(안)/IKHCC Section 4 - IKHCC BLANK BOQ 250903_최종/1 Architectural & summery/BILL No1 -Architectural Works-01. HOSPITAL(BLANK BILL).xlsx,47d79c95e2c3273f84778935276c94526e369cc1b1bc057f6b03c998f44e253f
병원,HOSPITAL,010113,010113  PAINTERS WORKS,Steel Trowelled with Epoxy coating,CEILING,M2,46.0,4482214E4D7E26CCE26EA35647549,복합일위대가,4.25,0.0,0.0,4.25,195.5,0.0,0.0,195.5,복원,,,,"=ROUND(E547+G547+I547, 2)",0.0,Works particular bill,547,data/unpacked/L2025-00085-1/붙임2. 현지입찰(신규입찰) 서류 및 계약서류(안)/IKHCC Section 4 - IKHCC BLANK BOQ 250903_최종/1 Architectural & summery/BILL No1 -Architectural Works-01. HOSPITAL(BLANK BILL).xlsx,47d79c95e2c3273f84778935276c94526e369cc1b1bc057f6b03c998f44e253f
병원,HOSPITAL,010113,010113  PAINTERS WORKS,Steel Trowelled with Epoxy coating(Raised access flooring under),Floor,M2,49.0,4482214E4D7E26CCE26EA5352E73C,복합일위대가,4.25,0.0,0.0,4.25,208.25,0.0,0.0,208.25,복원,,,,"=ROUND(E548+G548+I548, 2)",0.0,Works particular bill,548,data/unpacked/L2025-00085-1/붙임2. 현지입찰(신규입찰) 서류 및 계약서류(안)/IKHCC Section 4 - IKHCC BLANK BOQ 250903_최종/1 Architectural & summery/BILL No1 -Architectural Works-01. HOSPITAL(BLANK BILL).xlsx,47d79c95e2c3273f84778935276c94526e369cc1b1bc057f6b03c998f44e253f
병원,HOSPITAL,010113,010113  PAINTERS WORKS,Supplying and laying of 100mm (h) Acrylic Paint skirting.,,M2,44.0,448220486474E5E5829F2A85CA533,복합일위대가,5.0,0.0,0.0,5.0,220.0,0.0,0.0,220.0,복원,,,,"=ROUND(E549+G549+I549, 2)",0.0,Works particular bill,549,data/unpacked/L2025-00085-1/붙임2. 현지입찰(신규입찰) 서류 및 계약서류(안)/IKHCC Section 4 - IKHCC BLANK BOQ 250903_최종/1 Architectural & summery/BILL No1 -Architectural Works-01. HOSPITAL(BLANK BILL).xlsx,47d79c95e2c3273f84778935276c94526e369cc1b1bc057f6b03c998f44e253f
병원,HOSPITAL,010113,010113  PAINTERS WORKS,Supplying and laying of 100mm (h) 15T Marble skirting.,,M2,2.0,448220486474E5E5829F2A85CA6DA,복합일위대가,4.24,3.12,0.03,7.390000000000001,8.48,6.24,0.06,14.780000000000001,복원,,,,"=ROUND(E550+G550+I550, 2)",0.0,Works particular bill,550,data/unpacked/L2025-00085-1/붙임2. 현지입찰(신규입찰) 서류 및 계약서류(안)/IKHCC Section 4 - IKHCC BLANK BOQ 250903_최종/1 Architectural & summery/BILL No1 -Architectural Works-01. HOSPITAL(BLANK BILL).xlsx,47d79c95e2c3273f84778935276c94526e369cc1b1bc057f6b03c998f44e253f
병원,HOSPITAL,010114,010114  ETC WORKS,Paper Holder,,no,61.0,43AE2040227AB42452B29C82F0968C772EFD5,직접자원단가,23.624379767459086,0.0,0.0,23.624379767459086,1441.0871658150043,0.0,0.0,1441.0871658150043,복원,,,,"=ROUND(E557+G557+I557, 2)",0.0,Works particular bill,557,data/unpacked/L2025-00085-1/붙임2. 현지입찰(신규입찰) 서류 및 계약서류(안)/IKHCC Section 4 - IKHCC BLANK BOQ 250903_최종/1 Architectural & summery/BILL No1 -Architectural Works-01. HOSPITAL(BLANK BILL).xlsx,47d79c95e2c3273f84778935276c94526e369cc1b1bc057f6b03c998f44e253f
병원,HOSPITAL,010114,010114  ETC WORKS,Soap Dispenser,,no,71.0,43AE2040227AB42452B29C82F0968C772EC01,직접자원단가,13.848774346441532,0.0,0.0,13.848774346441532,983.2629785973488,0.0,0.0,983.2629785973488,복원,,,,"=ROUND(E558+G558+I558, 2)",0.0,Works particular bill,558,data/unpacked/L2025-00085-1/붙임2. 현지입찰(신규입찰) 서류 및 계약서류(안)/IKHCC Section 4 - IKHCC BLANK BOQ 250903_최종/1 Architectural & summery/BILL No1 -Architectural Works-01. HOSPITAL(BLANK BILL).xlsx,47d79c95e2c3273f84778935276c94526e369cc1b1bc057f6b03c998f44e253f
병원,HOSPITAL,010114,010114  ETC WORKS,Paper Towel Cabinet,,no,14.0,43AE2040227AB42452B29C82F0968C772ED28,직접자원단가,143.3755461749241,0.0,0.0,143.3755461749241,2007.2576464489373,0.0,0.0,2007.2576464489373,복원,,,,"=ROUND(E559+G559+I559, 2)",0.0,Works particular bill,559,data/unpacked/L2025-00085-1/붙임2. 현지입찰(신규입찰) 서류 및 계약서류(안)/IKHCC Section 4 - IKHCC BLANK BOQ 250903_최종/1 Architectural & summery/BILL No1 -Architectural Works-01. HOSPITAL(BLANK BILL).xlsx,47d79c95e2c3273f84778935276c94526e369cc1b1bc057f6b03c998f44e253f
병원,HOSPITAL,010114,010114  ETC WORKS,Coat Hook,,no,61.0,43AE2040227AB42452B29C82F0968C772EA54,직접자원단가,10.590239206102348,0.0,0.0,10.590239206102348,646.0045915722433,0.0,0.0,646.0045915722433,복원,,,,"=ROUND(E560+G560+I560, 2)",0.0,Works particular bill,560,data/unpacked/L2025-00085-1/붙임2. 현지입찰(신규입찰) 서류 및 계약서류(안)/IKHCC Section 4 - IKHCC BLANK BOQ 250903_최종/1 Architectural & summery/BILL No1 -Architectural Works-01. HOSPITAL(BLANK BILL).xlsx,47d79c95e2c3273f84778935276c94526e369cc1b1bc057f6b03c998f44e253f
병원,HOSPITAL,010114,010114  ETC WORKS,"Disabled toilet grab bars,Fix Type",,no,3.0,43AE2040227AB42452B29C82F0968C772EB7A,직접자원단가,89.60971635932756,0.0,0.0,89.60971635932756,268.8291490779827,0.0,0.0,268.8291490779827,복원,,,,"=ROUND(E561+G561+I561, 2)",0.0,Works particular bill,561,data/unpacked/L2025-00085-1/붙임2. 현지입찰(신규입찰) 서류 및 계약서류(안)/IKHCC Section 4 - IKHCC BLANK BOQ 250903_최종/1 Architectural & summery/BILL No1 -Architectural Works-01. HOSPITAL(BLANK BILL).xlsx,47d79c95e2c3273f84778935276c94526e369cc1b1bc057f6b03c998f44e253f
병원,HOSPITAL,010114,010114  ETC WORKS,"Disabled toilet grab bars,Moving Type",,no,3.0,43AE2040227AB42452B29C82F0968C772E8A6,직접자원단가,140.11701103458492,0.0,0.0,140.11701103458492,420.35103310375473,0.0,0.0,420.35103310375473,복원,,,,"=ROUND(E562+G562+I562, 2)",0.0,Works particular bill,562,data/unpacked/L2025-00085-1/붙임2. 현지입찰(신규입찰) 서류 및 계약서류(안)/IKHCC Section 4 - IKHCC BLANK BOQ 250903_최종/1 Architectural & summery/BILL No1 -Architectural Works-01. HOSPITAL(BLANK BILL).xlsx,47d79c95e2c3273f84778935276c94526e369cc1b1bc057f6b03c998f44e253f
병원,HOSPITAL,010114,010114  ETC WORKS,E/V  1350kg 4 Floof(CLASS E 1 hour),,EA,2.0,4530234CF57486DF6239DCCD794,직접자원단가,50000.0,0.0,0.0,50000.0,100000.0,0.0,0.0,100000.0,복원,,,,"=ROUND(E563+G563+I563, 2)",0.0,Works particular bill,563,data/unpacked/L2025-00085-1/붙임2. 현지입찰(신규입찰) 서류 및 계약서류(안)/IKHCC Section 4 - IKHCC BLANK BOQ 250903_최종/1 Architectural & summery/BILL No1 -Architectural Works-01. HOSPITAL(BLANK BILL).xlsx,47d79c95e2c3273f84778935276c94526e369cc1b1bc057f6b03c998f44e253f
병원,HOSPITAL,010114,010114  ETC WORKS,INTERIOR FURNITURE (3840*950*1050),,EA,1.0,448225404275053C32FA817EC0E2A,복합일위대가,524.57,463.1,10.91,998.58,524.57,463.1,10.91,998.58,복원,,,,"=ROUND(E564+G564+I564, 2)",0.0,Works particular bill,564,data/unpacked/L2025-00085-1/붙임2. 현지입찰(신규입찰) 서류 및 계약서류(안)/IKHCC Section 4 - IKHCC BLANK BOQ 250903_최종/1 Architectural & summery/BILL No1 -Architectural Works-01. HOSPITAL(BLANK BILL).xlsx,47d79c95e2c3273f84778935276c94526e369cc1b1bc057f6b03c998f44e253f
병원,HOSPITAL,010114,010114  ETC WORKS,INTERIOR FURNITURE (2400*950*1050),,EA,1.0,448225404275053C32FA817EC0F31,복합일위대가,341.56,305.3,7.19,654.0500000000001,341.56,305.3,7.19,654.0500000000001,복원,,,,"=ROUND(E565+G565+I565, 2)",0.0,Works particular bill,565,data/unpacked/L2025-00085-1/붙임2. 현지입찰(신규입찰) 서류 및 계약서류(안)/IKHCC Section 4 - IKHCC BLANK BOQ 250903_최종/1 Architectural & summery/BILL No1 -Architectural Works-01. HOSPITAL(BLANK BILL).xlsx,47d79c95e2c3273f84778935276c94526e369cc1b1bc057f6b03c998f44e253f
병원,HOSPITAL,010114,010114  ETC WORKS,INTERIOR FURNITURE (6400*1600*1050),,EA,1.0,448225404275053C32FA817EC0C7D,복합일위대가,938.97,877.52,20.37,1836.86,938.97,877.52,20.37,1836.86,복원,,,,"=ROUND(E566+G566+I566, 2)",0.0,Works particular bill,566,data/unpacked/L2025-00085-1/붙임2. 현지입찰(신규입찰) 서류 및 계약서류(안)/IKHCC Section 4 - IKHCC BLANK BOQ 250903_최종/1 Architectural & summery/BILL No1 -Architectural Works-01. HOSPITAL(BLANK BILL).xlsx,47d79c95e2c3273f84778935276c94526e369cc1b1bc057f6b03c998f44e253f
병원,HOSPITAL,010114,010114  ETC WORKS,INTERIOR FURNITURE (4700*800*1050),,EA,3.0,448225404275053C32FA817EC0D04,복합일위대가,699.2,655.62,15.21,1370.0300000000002,2097.6000000000004,1966.8600000000001,45.63,4110.09,복원,,,,"=ROUND(E567+G567+I567, 2)",0.0,Works particular bill,567,data/unpacked/L2025-00085-1/붙임2. 현지입찰(신규입찰) 서류 및 계약서류(안)/IKHCC Section 4 - IKHCC BLANK BOQ 250903_최종/1 Architectural & summery/BILL No1 -Architectural Works-01. HOSPITAL(BLANK BILL).xlsx,47d79c95e2c3273f84778935276c94526e369cc1b1bc057f6b03c998f44e253f
병원,HOSPITAL,010114,010114  ETC WORKS,INTERIOR FURNITURE (3600*800*1050),,EA,1.0,448225404275053C32FA817EC0B56,복합일위대가,531.8,471.06,11.19,1014.05,531.8,471.06,11.19,1014.05,복원,,,,"=ROUND(E568+G568+I568, 2)",0.0,Works particular bill,568,data/unpacked/L2025-00085-1/붙임2. 현지입찰(신규입찰) 서류 및 계약서류(안)/IKHCC Section 4 - IKHCC BLANK BOQ 250903_최종/1 Architectural & summery/BILL No1 -Architectural Works-01. HOSPITAL(BLANK BILL).xlsx,47d79c95e2c3273f84778935276c94526e369cc1b1bc057f6b03c998f44e253f
병원,HOSPITAL,010114,010114  ETC WORKS,Disinfection and Preparation(1600-650-850),,EA,2.0,448225404275053C32FA817EC09A9,복합일위대가,798.35,0.0,0.0,798.35,1596.7,0.0,0.0,1596.7,복원,,,,"=ROUND(E569+G569+I569, 2)",0.0,Works particular bill,569,data/unpacked/L2025-00085-1/붙임2. 현지입찰(신규입찰) 서류 및 계약서류(안)/IKHCC Section 4 - IKHCC BLANK BOQ 250903_최종/1 Architectural & summery/BILL No1 -Architectural Works-01. HOSPITAL(BLANK BILL).xlsx,47d79c95e2c3273f84778935276c94526e369cc1b1bc057f6b03c998f44e253f
병원,HOSPITAL,010114,010114  ETC WORKS,HR-1,"Double row install,H:150mm x Thk1.2mm steel plate,Vinyl cover, wall side",m,112.0,448220489177BDAF02D618D746141,복합일위대가,50.51,6.03,3.34,59.879999999999995,5657.12,675.36,374.08,6706.5599999999995,복원,,,,"=ROUND(E570+G570+I570, 2)",0.0,Works particular bill,570,data/unpacked/L2025-00085-1/붙임2. 현지입찰(신규입찰) 서류 및 계약서류(안)/IKHCC Section 4 - IKHCC BLANK BOQ 250903_최종/1 Architectural & summery/BILL No1 -Architectural Works-01. HOSPITAL(BLANK BILL).xlsx,47d79c95e2c3273f84778935276c94526e369cc1b1bc057f6b03c998f44e253f
병원,HOSPITAL,010114,010114  ETC WORKS,HR-1+BG-2,"Double row install,H:150mm x Thk1.2mm steel plate,Vinyl cover, wall side, Bumper railing",m,193.0,448220489177BDAF02D618D746268,복합일위대가,87.17,8.75,5.54,101.46000000000001,16823.81,1688.75,1069.22,19581.780000000002,복원,,,,"=ROUND(E571+G571+I571, 2)",0.0,Works particular bill,571,data/unpacked/L2025-00085-1/붙임2. 현지입찰(신규입찰) 서류 및 계약서류(안)/IKHCC Section 4 - IKHCC BLANK BOQ 250903_최종/1 Architectural & summery/BILL No1 -Architectural Works-01. HOSPITAL(BLANK BILL).xlsx,47d79c95e2c3273f84778935276c94526e369cc1b1bc057f6b03c998f44e253f
병원,HOSPITAL,010114,010114  ETC WORKS,BG-1+BG-2,Bumper railings  including necessary bracing and fixing to concrete or masonry; wall side,m,57.0,448220489177BDAF02D618D74630F,복합일위대가,73.32,5.43,4.4,83.15,4179.24,309.51,250.8,4739.55,복원,,,,"=ROUND(E572+G572+I572, 2)",0.0,Works particular bill,572,data/unpacked/L2025-00085-1/붙임2. 현지입찰(신규입찰) 서류 및 계약서류(안)/IKHCC Section 4 - IKHCC BLANK BOQ 250903_최종/1 Architectural & summery/BILL No1 -Architectural Works-01. HOSPITAL(BLANK BILL).xlsx,47d79c95e2c3273f84778935276c94526e369cc1b1bc057f6b03c998f44e253f
병원,HOSPITAL,010114,010114  ETC WORKS,BG-3,"Bed stopper,H:150mm x Thk1.2mm steel plate,Vinyl cover",no,60.0,448220489177BDAF02D618D746415,복합일위대가,36.66,2.72,2.2,41.58,2199.6,163.20000000000002,132.0,2494.7999999999997,복원,,,,"=ROUND(E573+G573+I573, 2)",0.0,Works particular bill,573,data/unpacked/L2025-00085-1/붙임2. 현지입찰(신규입찰) 서류 및 계약서류(안)/IKHCC Section 4 - IKHCC BLANK BOQ 250903_최종/1 Architectural & summery/BILL No1 -Architectural Works-01. HOSPITAL(BLANK BILL).xlsx,47d79c95e2c3273f84778935276c94526e369cc1b1bc057f6b03c998f44e253f
병원,HOSPITAL,010114,010114  ETC WORKS,CG-1,"Conner guard,,H:1200mm,Self-tapping screws + Continuous aluminum retainer,Vinyl cover",no,61.0,448220489177BDAF02D618D74653C,복합일위대가,26.4,1.51,1.55,29.46,1610.3999999999999,92.11,94.55,1797.06,복원,,,,"=ROUND(E574+G574+I574, 2)",0.0,Works particular bill,574,data/unpacked/L2025-00085-1/붙임2. 현지입찰(신규입찰) 서류 및 계약서류(안)/IKHCC Section 4 - IKHCC BLANK BOQ 250903_최종/1 Architectural & summery/BILL No1 -Architectural Works-01. HOSPITAL(BLANK BILL).xlsx,47d79c95e2c3273f84778935276c94526e369cc1b1bc057f6b03c998f44e253f
병원,HOSPITAL,010114,010114  ETC WORKS,Cubical curtains rail tracks,,m,58.0,448220489177BDAF02D618D7466C3,복합일위대가,50.0,0.0,0.0,50.0,2900.0,0.0,0.0,2900.0,복원,,,,"=ROUND(E575+G575+I575, 2)",0.0,Works particular bill,575,data/unpacked/L2025-00085-1/붙임2. 현지입찰(신규입찰) 서류 및 계약서류(안)/IKHCC Section 4 - IKHCC BLANK BOQ 250903_최종/1 Architectural & summery/BILL No1 -Architectural Works-01. HOSPITAL(BLANK BILL).xlsx,47d79c95e2c3273f84778935276c94526e369cc1b1bc057f6b03c998f44e253f
기계·전기동,MEP BUILDING,010201,010201  STRUCTURE WORKS,HD400 t10,,TON,12.266,43AE2142BE7340A6C27E35B211B31B0401B47,직접자원단가,650.0,50.0,5.0,705.0,7972.9,613.3,61.33,8647.53,복원,,,,"=ROUND(E5+G5+I5, 2)",0.0,Works particular bill,5,data/unpacked/L2025-00085-1/붙임2. 현지입찰(신규입찰) 서류 및 계약서류(안)/IKHCC Section 4 - IKHCC BLANK BOQ 250903_최종/1 Architectural & summery/BILL No1 -Architectural Works-02. MEP BUILDING(BLANK BILL).xlsx,e882c3f7b2c691fc22ee6ee99fba87f9ca830eb3c133892b8c8800d7d02e97cb
기계·전기동,MEP BUILDING,010201,010201  STRUCTURE WORKS,HD400 t12,,TON,7.457,43AE2142BE7340A6C27E35B211B31B0401B46,직접자원단가,650.0,50.0,5.0,705.0,4847.05,372.84999999999997,37.285,5257.1849999999995,복원,,,,"=ROUND(E6+G6+I6, 2)",0.0,Works particular bill,6,data/unpacked/L2025-00085-1/붙임2. 현지입찰(신규입찰) 서류 및 계약서류(안)/IKHCC Section 4 - IKHCC BLANK BOQ 250903_최종/1 Architectural & summery/BILL No1 -Architectural Works-02. MEP BUILDING(BLANK BILL).xlsx,e882c3f7b2c691fc22ee6ee99fba87f9ca830eb3c133892b8c8800d7d02e97cb
기계·전기동,MEP BUILDING,010201,010201  STRUCTURE WORKS,HD400 t16,,TON,21.28,43AE2142BE7340A6C27E35B211B31B0401B44,직접자원단가,650.0,50.0,5.0,705.0,13832.0,1064.0,106.4,15002.400000000001,복원,,,,"=ROUND(E7+G7+I7, 2)",0.0,Works particular bill,7,data/unpacked/L2025-00085-1/붙임2. 현지입찰(신규입찰) 서류 및 계약서류(안)/IKHCC Section 4 - IKHCC BLANK BOQ 250903_최종/1 Architectural & summery/BILL No1 -Architectural Works-02. MEP BUILDING(BLANK BILL).xlsx,e882c3f7b2c691fc22ee6ee99fba87f9ca830eb3c133892b8c8800d7d02e97cb
기계·전기동,MEP BUILDING,010201,010201  STRUCTURE WORKS,HD400 t20,,TON,68.915,43AE2142BE7340A6C27E35B211B31B0401B43,직접자원단가,650.0,50.0,5.0,705.0,44794.75000000001,3445.7500000000005,344.57500000000005,48585.075000000004,복원,,,,"=ROUND(E8+G8+I8, 2)",0.0,Works particular bill,8,data/unpacked/L2025-00085-1/붙임2. 현지입찰(신규입찰) 서류 및 계약서류(안)/IKHCC Section 4 - IKHCC BLANK BOQ 250903_최종/1 Architectural & summery/BILL No1 -Architectural Works-02. MEP BUILDING(BLANK BILL).xlsx,e882c3f7b2c691fc22ee6ee99fba87f9ca830eb3c133892b8c8800d7d02e97cb
기계·전기동,MEP BUILDING,010201,010201  STRUCTURE WORKS,concrete(reinforced concrete),"'f'c 350mpa, foucdation",M3,502.0,43AE2142BE7340A6C27E35B211B31B0401B42,직접자원단가,650.0,50.0,5.0,705.0,326300.0,25100.0,2510.0,353910.0,복원,,,,"=ROUND(E9+G9+I9, 2)",0.0,Works particular bill,9,data/unpacked/L2025-00085-1/붙임2. 현지입찰(신규입찰) 서류 및 계약서류(안)/IKHCC Section 4 - IKHCC BLANK BOQ 250903_최종/1 Architectural & summery/BILL No1 -Architectural Works-02. MEP BUILDING(BLANK BILL).xlsx,e882c3f7b2c691fc22ee6ee99fba87f9ca830eb3c133892b8c8800d7d02e97cb
기계·전기동,MEP BUILDING,010201,010201  STRUCTURE WORKS,concrete(reinforced concrete),"'f'c 300mpa, all members except foundation",M3,367.0,43AE2142BE72BAF102D45DD52A0CA81817C51,직접자원단가,90.0,10.0,5.0,105.0,33030.0,3670.0,1835.0,38535.0,복원,,,,"=ROUND(E10+G10+I10, 2)",0.0,Works particular bill,10,data/unpacked/L2025-00085-1/붙임2. 현지입찰(신규입찰) 서류 및 계약서류(안)/IKHCC Section 4 - IKHCC BLANK BOQ 250903_최종/1 Architectural & summery/BILL No1 -Architectural Works-02. MEP BUILDING(BLANK BILL).xlsx,e882c3f7b2c691fc22ee6ee99fba87f9ca830eb3c133892b8c8800d7d02e97cb
기계·전기동,MEP BUILDING,010201,010201  STRUCTURE WORKS,concrete(finish),"'f'c 120mpa, finish work",M3,132.0,43AE2142BE72BAF102D45DD52A0CA81817F25,직접자원단가,90.0,10.0,5.0,105.0,11880.0,1320.0,660.0,13860.0,복원,,,,"=ROUND(E11+G11+I11, 2)",0.0,Works particular bill,11,data/unpacked/L2025-00085-1/붙임2. 현지입찰(신규입찰) 서류 및 계약서류(안)/IKHCC Section 4 - IKHCC BLANK BOQ 250903_최종/1 Architectural & summery/BILL No1 -Architectural Works-02. MEP BUILDING(BLANK BILL).xlsx,e882c3f7b2c691fc22ee6ee99fba87f9ca830eb3c133892b8c8800d7d02e97cb
기계·전기동,MEP BUILDING,010201,010201  STRUCTURE WORKS,concrete(of leveling layer),"'f'c 80mpa, for leveling layer",M3,47.0,43AE2142BE72BAF102D45DD52A0CA81817E1F,직접자원단가,65.0,10.0,2.0,77.0,3055.0,470.0,94.0,3619.0,복원,,,,"=ROUND(E12+G12+I12, 2)",0.0,Works particular bill,12,data/unpacked/L2025-00085-1/붙임2. 현지입찰(신규입찰) 서류 및 계약서류(안)/IKHCC Section 4 - IKHCC BLANK BOQ 250903_최종/1 Architectural & summery/BILL No1 -Architectural Works-02. MEP BUILDING(BLANK BILL).xlsx,e882c3f7b2c691fc22ee6ee99fba87f9ca830eb3c133892b8c8800d7d02e97cb
기계·전기동,MEP BUILDING,010201,010201  STRUCTURE WORKS,a mold for concrete,,M2,1987.0,43AE2142BE72BAF102D45DD52A0CA8181799D,직접자원단가,60.0,10.0,2.0,72.0,119220.0,19870.0,3974.0,143064.0,복원,,,,"=ROUND(E13+G13+I13, 2)",0.0,Works particular bill,13,data/unpacked/L2025-00085-1/붙임2. 현지입찰(신규입찰) 서류 및 계약서류(안)/IKHCC Section 4 - IKHCC BLANK BOQ 250903_최종/1 Architectural & summery/BILL No1 -Architectural Works-02. MEP BUILDING(BLANK BILL).xlsx,e882c3f7b2c691fc22ee6ee99fba87f9ca830eb3c133892b8c8800d7d02e97cb
기계·전기동,MEP BUILDING,010202,010202  STEEL STRUCTURE WORKS,H Shape Steel,"SS275, 150*150*7*10mm",TON,0.915,43AE2142BE7340A532FB6B275834A7AC3881A,직접자원단가,0.8146337850847961,0.0,0.0,0.8146337850847961,0.7453899133525884,0.0,0.0,0.7453899133525884,복원,,,,"=ROUND(E29+G29+I29, 2)",0.0,Works particular bill,29,data/unpacked/L2025-00085-1/붙임2. 현지입찰(신규입찰) 서류 및 계약서류(안)/IKHCC Section 4 - IKHCC BLANK BOQ 250903_최종/1 Architectural & summery/BILL No1 -Architectural Works-02. MEP BUILDING(BLANK BILL).xlsx,e882c3f7b2c691fc22ee6ee99fba87f9ca830eb3c133892b8c8800d7d02e97cb
기계·전기동,MEP BUILDING,010202,010202  STEEL STRUCTURE WORKS,H Shape Steel,"SS275, 194*150*6*9mm",TON,1.596,43AE2142BE7340A532FB6B275834A7AC3881B,직접자원단가,0.8146337850847961,0.0,0.0,0.8146337850847961,1.3001555209953346,0.0,0.0,1.3001555209953346,복원,,,,"=ROUND(E30+G30+I30, 2)",0.0,Works particular bill,30,data/unpacked/L2025-00085-1/붙임2. 현지입찰(신규입찰) 서류 및 계약서류(안)/IKHCC Section 4 - IKHCC BLANK BOQ 250903_최종/1 Architectural & summery/BILL No1 -Architectural Works-02. MEP BUILDING(BLANK BILL).xlsx,e882c3f7b2c691fc22ee6ee99fba87f9ca830eb3c133892b8c8800d7d02e97cb
기계·전기동,MEP BUILDING,010202,010202  STEEL STRUCTURE WORKS,H Shape Steel,"SS275, 200*100*5.5*8mm",TON,0.683,43AE204010766031C22ED812F512356699399,직접자원단가,1800.0,0.0,0.0,1800.0,1229.4,0.0,0.0,1229.4,복원,,,,"=ROUND(E31+G31+I31, 2)",0.0,Works particular bill,31,data/unpacked/L2025-00085-1/붙임2. 현지입찰(신규입찰) 서류 및 계약서류(안)/IKHCC Section 4 - IKHCC BLANK BOQ 250903_최종/1 Architectural & summery/BILL No1 -Architectural Works-02. MEP BUILDING(BLANK BILL).xlsx,e882c3f7b2c691fc22ee6ee99fba87f9ca830eb3c133892b8c8800d7d02e97cb
기계·전기동,MEP BUILDING,010202,010202  STEEL STRUCTURE WORKS,Light Gage Steel,"C, 150*50*20, t3.2",TON,0.696,43AE204010766031C22ED812F51235669939A,직접자원단가,1800.0,0.0,0.0,1800.0,1252.8,0.0,0.0,1252.8,복원,,,,"=ROUND(E32+G32+I32, 2)",0.0,Works particular bill,32,data/unpacked/L2025-00085-1/붙임2. 현지입찰(신규입찰) 서류 및 계약서류(안)/IKHCC Section 4 - IKHCC BLANK BOQ 250903_최종/1 Architectural & summery/BILL No1 -Architectural Works-02. MEP BUILDING(BLANK BILL).xlsx,e882c3f7b2c691fc22ee6ee99fba87f9ca830eb3c133892b8c8800d7d02e97cb
기계·전기동,MEP BUILDING,010202,010202  STEEL STRUCTURE WORKS,Steel Plate,"SS275, 6.0mm",TON,0.078,43AE204010766031C22ED812F51235669939B,직접자원단가,1800.0,0.0,0.0,1800.0,140.4,0.0,0.0,140.4,복원,,,,"=ROUND(E33+G33+I33, 2)",0.0,Works particular bill,33,data/unpacked/L2025-00085-1/붙임2. 현지입찰(신규입찰) 서류 및 계약서류(안)/IKHCC Section 4 - IKHCC BLANK BOQ 250903_최종/1 Architectural & summery/BILL No1 -Architectural Works-02. MEP BUILDING(BLANK BILL).xlsx,e882c3f7b2c691fc22ee6ee99fba87f9ca830eb3c133892b8c8800d7d02e97cb
기계·전기동,MEP BUILDING,010202,010202  STEEL STRUCTURE WORKS,Steel Plate,"SS275, 8.0mm",TON,0.071,43AE204010766031C22ED812F51235669939C,직접자원단가,1800.0,0.0,0.0,1800.0,127.79999999999998,0.0,0.0,127.79999999999998,복원,,,,"=ROUND(E34+G34+I34, 2)",0.0,Works particular bill,34,data/unpacked/L2025-00085-1/붙임2. 현지입찰(신규입찰) 서류 및 계약서류(안)/IKHCC Section 4 - IKHCC BLANK BOQ 250903_최종/1 Architectural & summery/BILL No1 -Architectural Works-02. MEP BUILDING(BLANK BILL).xlsx,e882c3f7b2c691fc22ee6ee99fba87f9ca830eb3c133892b8c8800d7d02e97cb
기계·전기동,MEP BUILDING,010202,010202  STEEL STRUCTURE WORKS,Steel Plate,"SS275, 9.0mm",TON,0.086,43AE204010766031C22ED812F5123566993E9,직접자원단가,1800.0,0.0,0.0,1800.0,154.79999999999998,0.0,0.0,154.79999999999998,복원,,,,"=ROUND(E35+G35+I35, 2)",0.0,Works particular bill,35,data/unpacked/L2025-00085-1/붙임2. 현지입찰(신규입찰) 서류 및 계약서류(안)/IKHCC Section 4 - IKHCC BLANK BOQ 250903_최종/1 Architectural & summery/BILL No1 -Architectural Works-02. MEP BUILDING(BLANK BILL).xlsx,e882c3f7b2c691fc22ee6ee99fba87f9ca830eb3c133892b8c8800d7d02e97cb
기계·전기동,MEP BUILDING,010202,010202  STEEL STRUCTURE WORKS,Steel Plate,"SS275, 15mm",TON,0.139,43AE204010766031C22ED812F51235669939E,직접자원단가,2000.0,0.0,0.0,2000.0,278.0,0.0,0.0,278.0,복원,,,,"=ROUND(E36+G36+I36, 2)",0.0,Works particular bill,36,data/unpacked/L2025-00085-1/붙임2. 현지입찰(신규입찰) 서류 및 계약서류(안)/IKHCC Section 4 - IKHCC BLANK BOQ 250903_최종/1 Architectural & summery/BILL No1 -Architectural Works-02. MEP BUILDING(BLANK BILL).xlsx,e882c3f7b2c691fc22ee6ee99fba87f9ca830eb3c133892b8c8800d7d02e97cb
기계·전기동,MEP BUILDING,010202,010202  STEEL STRUCTURE WORKS,Steel Plate,"SS275, 16mm",TON,0.063,43AE204010766031C22ED812F51235669939F,직접자원단가,1300.0,0.0,0.0,1300.0,81.9,0.0,0.0,81.9,복원,,,,"=ROUND(E37+G37+I37, 2)",0.0,Works particular bill,37,data/unpacked/L2025-00085-1/붙임2. 현지입찰(신규입찰) 서류 및 계약서류(안)/IKHCC Section 4 - IKHCC BLANK BOQ 250903_최종/1 Architectural & summery/BILL No1 -Architectural Works-02. MEP BUILDING(BLANK BILL).xlsx,e882c3f7b2c691fc22ee6ee99fba87f9ca830eb3c133892b8c8800d7d02e97cb
기계·전기동,MEP BUILDING,010202,010202  STEEL STRUCTURE WORKS,Steel Plate,"SS275, 19mm",TON,0.16,43AE204010766031C22ED812F512356699390,직접자원단가,1300.0,0.0,0.0,1300.0,208.0,0.0,0.0,208.0,복원,,,,"=ROUND(E38+G38+I38, 2)",0.0,Works particular bill,38,data/unpacked/L2025-00085-1/붙임2. 현지입찰(신규입찰) 서류 및 계약서류(안)/IKHCC Section 4 - IKHCC BLANK BOQ 250903_최종/1 Architectural & summery/BILL No1 -Architectural Works-02. MEP BUILDING(BLANK BILL).xlsx,e882c3f7b2c691fc22ee6ee99fba87f9ca830eb3c133892b8c8800d7d02e97cb
기계·전기동,MEP BUILDING,010202,010202  STEEL STRUCTURE WORKS,High Strength Bolt,"F10T, M20*50mm",SET,25.0,43AE204010766031C22ED812F512356699391,직접자원단가,1300.0,0.0,0.0,1300.0,32500.0,0.0,0.0,32500.0,복원,,,,"=ROUND(E39+G39+I39, 2)",0.0,Works particular bill,39,data/unpacked/L2025-00085-1/붙임2. 현지입찰(신규입찰) 서류 및 계약서류(안)/IKHCC Section 4 - IKHCC BLANK BOQ 250903_최종/1 Architectural & summery/BILL No1 -Architectural Works-02. MEP BUILDING(BLANK BILL).xlsx,e882c3f7b2c691fc22ee6ee99fba87f9ca830eb3c133892b8c8800d7d02e97cb
기계·전기동,MEP BUILDING,010202,010202  STEEL STRUCTURE WORKS,High Strength Bolt,"F10T, M20*55mm",SET,83.0,43AE204010766031C22ED812F5123566992F1,직접자원단가,1300.0,0.0,0.0,1300.0,107900.0,0.0,0.0,107900.0,복원,,,,"=ROUND(E40+G40+I40, 2)",0.0,Works particular bill,40,data/unpacked/L2025-00085-1/붙임2. 현지입찰(신규입찰) 서류 및 계약서류(안)/IKHCC Section 4 - IKHCC BLANK BOQ 250903_최종/1 Architectural & summery/BILL No1 -Architectural Works-02. MEP BUILDING(BLANK BILL).xlsx,e882c3f7b2c691fc22ee6ee99fba87f9ca830eb3c133892b8c8800d7d02e97cb
기계·전기동,MEP BUILDING,010202,010202  STEEL STRUCTURE WORKS,High Strength Bolt,"F10T, M20*60mm",SET,132.0,43AE204010766031C22ED812F5123566992F0,직접자원단가,1300.0,0.0,0.0,1300.0,171600.0,0.0,0.0,171600.0,복원,,,,"=ROUND(E41+G41+I41, 2)",0.0,Works particular bill,41,data/unpacked/L2025-00085-1/붙임2. 현지입찰(신규입찰) 서류 및 계약서류(안)/IKHCC Section 4 - IKHCC BLANK BOQ 250903_최종/1 Architectural & summery/BILL No1 -Architectural Works-02. MEP BUILDING(BLANK BILL).xlsx,e882c3f7b2c691fc22ee6ee99fba87f9ca830eb3c133892b8c8800d7d02e97cb
기계·전기동,MEP BUILDING,010202,010202  STEEL STRUCTURE WORKS,High Strength Bolt,"F10T, M20*65mm",SET,198.0,43AE204010766031C22ED812F5123566992F3,직접자원단가,1400.0,0.0,0.0,1400.0,277200.0,0.0,0.0,277200.0,복원,,,,"=ROUND(E42+G42+I42, 2)",0.0,Works particular bill,42,data/unpacked/L2025-00085-1/붙임2. 현지입찰(신규입찰) 서류 및 계약서류(안)/IKHCC Section 4 - IKHCC BLANK BOQ 250903_최종/1 Architectural & summery/BILL No1 -Architectural Works-02. MEP BUILDING(BLANK BILL).xlsx,e882c3f7b2c691fc22ee6ee99fba87f9ca830eb3c133892b8c8800d7d02e97cb
기계·전기동,MEP BUILDING,010202,010202  STEEL STRUCTURE WORKS,Anchor Bolt Install,M20*600mm,EA,34.0,43AE204010766031C22ED812F5123566992F2,직접자원단가,1400.0,0.0,0.0,1400.0,47600.0,0.0,0.0,47600.0,복원,,,,"=ROUND(E43+G43+I43, 2)",0.0,Works particular bill,43,data/unpacked/L2025-00085-1/붙임2. 현지입찰(신규입찰) 서류 및 계약서류(안)/IKHCC Section 4 - IKHCC BLANK BOQ 250903_최종/1 Architectural & summery/BILL No1 -Architectural Works-02. MEP BUILDING(BLANK BILL).xlsx,e882c3f7b2c691fc22ee6ee99fba87f9ca830eb3c133892b8c8800d7d02e97cb
기계·전기동,MEP BUILDING,010202,010202  STEEL STRUCTURE WORKS,Set Anchor Bolt Install,M19*L150mm,EA,76.0,43AE204010766031C22ED812F5123566992F5,직접자원단가,1400.0,0.0,0.0,1400.0,106400.0,0.0,0.0,106400.0,복원,,,,"=ROUND(E44+G44+I44, 2)",0.0,Works particular bill,44,data/unpacked/L2025-00085-1/붙임2. 현지입찰(신규입찰) 서류 및 계약서류(안)/IKHCC Section 4 - IKHCC BLANK BOQ 250903_최종/1 Architectural & summery/BILL No1 -Architectural Works-02. MEP BUILDING(BLANK BILL).xlsx,e882c3f7b2c691fc22ee6ee99fba87f9ca830eb3c133892b8c8800d7d02e97cb
기계·전기동,MEP BUILDING,010202,010202  STEEL STRUCTURE WORKS,The Square Steel Pipe For The Construction Structure,100*100*4.5mm(13.49kg),M,51.0,43AE204010766031C22ED812F5123566992F4,직접자원단가,1400.0,0.0,0.0,1400.0,71400.0,0.0,0.0,71400.0,복원,,,,"=ROUND(E45+G45+I45, 2)",0.0,Works particular bill,45,data/unpacked/L2025-00085-1/붙임2. 현지입찰(신규입찰) 서류 및 계약서류(안)/IKHCC Section 4 - IKHCC BLANK BOQ 250903_최종/1 Architectural & summery/BILL No1 -Architectural Works-02. MEP BUILDING(BLANK BILL).xlsx,e882c3f7b2c691fc22ee6ee99fba87f9ca830eb3c133892b8c8800d7d02e97cb
기계·전기동,MEP BUILDING,010202,010202  STEEL STRUCTURE WORKS,The Square Steel Pipe For The Construction Structure,120*50*2.3mm(5.97kg),M,680.0,43AE204010766031C22ED812F5123566992F7,직접자원단가,1400.0,0.0,0.0,1400.0,952000.0,0.0,0.0,952000.0,복원,,,,"=ROUND(E46+G46+I46, 2)",0.0,Works particular bill,46,data/unpacked/L2025-00085-1/붙임2. 현지입찰(신규입찰) 서류 및 계약서류(안)/IKHCC Section 4 - IKHCC BLANK BOQ 250903_최종/1 Architectural & summery/BILL No1 -Architectural Works-02. MEP BUILDING(BLANK BILL).xlsx,e882c3f7b2c691fc22ee6ee99fba87f9ca830eb3c133892b8c8800d7d02e97cb
기계·전기동,MEP BUILDING,010202,010202  STEEL STRUCTURE WORKS,Non Shrink Mortar,330*330*30mm,EA,20.0,43AE204010766031C22ED812F5123566992F6,직접자원단가,1400.0,0.0,0.0,1400.0,28000.0,0.0,0.0,28000.0,복원,,,,"=ROUND(E47+G47+I47, 2)",0.0,Works particular bill,47,data/unpacked/L2025-00085-1/붙임2. 현지입찰(신규입찰) 서류 및 계약서류(안)/IKHCC Section 4 - IKHCC BLANK BOQ 250903_최종/1 Architectural & summery/BILL No1 -Architectural Works-02. MEP BUILDING(BLANK BILL).xlsx,e882c3f7b2c691fc22ee6ee99fba87f9ca830eb3c133892b8c8800d7d02e97cb
기계·전기동,MEP BUILDING,010202,010202  STEEL STRUCTURE WORKS,Rust Resisting Paint,Steel Structure Face,M2,393.0,43AE204010766031C22ED812F5123566992F9,직접자원단가,20.0,0.0,0.0,20.0,7860.0,0.0,0.0,7860.0,복원,,,,"=ROUND(E48+G48+I48, 2)",0.0,Works particular bill,48,data/unpacked/L2025-00085-1/붙임2. 현지입찰(신규입찰) 서류 및 계약서류(안)/IKHCC Section 4 - IKHCC BLANK BOQ 250903_최종/1 Architectural & summery/BILL No1 -Architectural Works-02. MEP BUILDING(BLANK BILL).xlsx,e882c3f7b2c691fc22ee6ee99fba87f9ca830eb3c133892b8c8800d7d02e97cb
기계·전기동,MEP BUILDING,010202,010202  STEEL STRUCTURE WORKS,Ready Mixed Paint,Steel Structure Face,M2,384.0,43AE204010766031C22ED812F5123566992F8,직접자원단가,3.0,0.0,0.0,3.0,1152.0,0.0,0.0,1152.0,복원,,,,"=ROUND(E49+G49+I49, 2)",0.0,Works particular bill,49,data/unpacked/L2025-00085-1/붙임2. 현지입찰(신규입찰) 서류 및 계약서류(안)/IKHCC Section 4 - IKHCC BLANK BOQ 250903_최종/1 Architectural & summery/BILL No1 -Architectural Works-02. MEP BUILDING(BLANK BILL).xlsx,e882c3f7b2c691fc22ee6ee99fba87f9ca830eb3c133892b8c8800d7d02e97cb
기계·전기동,MEP BUILDING,010203,010203  MASONRY WORKS,Brick,"190*90*57, FOR Interior wall",EA,100612.0,43AE204010766031C22ED812F5123566991E9,직접자원단가,3.0,0.0,0.0,3.0,301836.0,0.0,0.0,301836.0,복원,,,,"=ROUND(E53+G53+I53, 2)",0.0,Works particular bill,53,data/unpacked/L2025-00085-1/붙임2. 현지입찰(신규입찰) 서류 및 계약서류(안)/IKHCC Section 4 - IKHCC BLANK BOQ 250903_최종/1 Architectural & summery/BILL No1 -Architectural Works-02. MEP BUILDING(BLANK BILL).xlsx,e882c3f7b2c691fc22ee6ee99fba87f9ca830eb3c133892b8c8800d7d02e97cb
기계·전기동,MEP BUILDING,010203,010203  MASONRY WORKS,"100mm thick brick, Interior wall",,M2,27.0,43AE204010766031C22ED812F5123566991EE,직접자원단가,3.0,0.0,0.0,3.0,81.0,0.0,0.0,81.0,복원,,,,"=ROUND(E54+G54+I54, 2)",0.0,Works particular bill,54,data/unpacked/L2025-00085-1/붙임2. 현지입찰(신규입찰) 서류 및 계약서류(안)/IKHCC Section 4 - IKHCC BLANK BOQ 250903_최종/1 Architectural & summery/BILL No1 -Architectural Works-02. MEP BUILDING(BLANK BILL).xlsx,e882c3f7b2c691fc22ee6ee99fba87f9ca830eb3c133892b8c8800d7d02e97cb
기계·전기동,MEP BUILDING,010203,010203  MASONRY WORKS,"200mm thick brick, Interior wall",,M2,629.0,43AE204010766031C22ED812F5123566991EF,직접자원단가,3.0,0.0,0.0,3.0,1887.0,0.0,0.0,1887.0,복원,,,,"=ROUND(E55+G55+I55, 2)",0.0,Works particular bill,55,data/unpacked/L2025-00085-1/붙임2. 현지입찰(신규입찰) 서류 및 계약서류(안)/IKHCC Section 4 - IKHCC BLANK BOQ 250903_최종/1 Architectural & summery/BILL No1 -Architectural Works-02. MEP BUILDING(BLANK BILL).xlsx,e882c3f7b2c691fc22ee6ee99fba87f9ca830eb3c133892b8c8800d7d02e97cb
기계·전기동,MEP BUILDING,010203,010203  MASONRY WORKS,"Concrete Lintel, 200mm thick",,M,40.0,43AE204010766031C22ED812F5123566991EC,직접자원단가,20.0,19.76,0.4,40.160000000000004,800.0,790.4000000000001,16.0,1606.4,복원,,,,"=ROUND(E56+G56+I56, 2)",0.0,Works particular bill,56,data/unpacked/L2025-00085-1/붙임2. 현지입찰(신규입찰) 서류 및 계약서류(안)/IKHCC Section 4 - IKHCC BLANK BOQ 250903_최종/1 Architectural & summery/BILL No1 -Architectural Works-02. MEP BUILDING(BLANK BILL).xlsx,e882c3f7b2c691fc22ee6ee99fba87f9ca830eb3c133892b8c8800d7d02e97cb
기계·전기동,MEP BUILDING,010203,010203  MASONRY WORKS,"Concrete Curbs, 200mm thick",,M,416.0,43AE204010766031C22ED812F5123566991ED,직접자원단가,0.79,0.19,0.05,1.03,328.64,79.04,20.8,428.48,복원,,,,"=ROUND(E57+G57+I57, 2)",0.0,Works particular bill,57,data/unpacked/L2025-00085-1/붙임2. 현지입찰(신규입찰) 서류 및 계약서류(안)/IKHCC Section 4 - IKHCC BLANK BOQ 250903_최종/1 Architectural & summery/BILL No1 -Architectural Works-02. MEP BUILDING(BLANK BILL).xlsx,e882c3f7b2c691fc22ee6ee99fba87f9ca830eb3c133892b8c8800d7d02e97cb
기계·전기동,MEP BUILDING,010204,010204  FINISH WORKS,"High density Insulation board on Slab,Thk 100mm",,M2,535.0,43AE2142BE708CFFD20BAA9FB5BFCB1E3CD03,직접자원단가,0.3,0.03,0.0,0.32999999999999996,160.5,16.05,0.0,176.54999999999998,복원,,,,"=ROUND(E77+G77+I77, 2)",0.0,Works particular bill,77,data/unpacked/L2025-00085-1/붙임2. 현지입찰(신규입찰) 서류 및 계약서류(안)/IKHCC Section 4 - IKHCC BLANK BOQ 250903_최종/1 Architectural & summery/BILL No1 -Architectural Works-02. MEP BUILDING(BLANK BILL).xlsx,e882c3f7b2c691fc22ee6ee99fba87f9ca830eb3c133892b8c8800d7d02e97cb
기계·전기동,MEP BUILDING,010204,010204  FINISH WORKS,THK0.1 PE FILM 2Layers,,M2,535.0,4531284DDC776A4702EA22A0C0638FB35052E,직접자원단가,6.0,4.0,0.21,10.21,3210.0,2140.0,112.35,5462.35,복원,,,,"=ROUND(E78+G78+I78, 2)",0.0,Works particular bill,78,data/unpacked/L2025-00085-1/붙임2. 현지입찰(신규입찰) 서류 및 계약서류(안)/IKHCC Section 4 - IKHCC BLANK BOQ 250903_최종/1 Architectural & summery/BILL No1 -Architectural Works-02. MEP BUILDING(BLANK BILL).xlsx,e882c3f7b2c691fc22ee6ee99fba87f9ca830eb3c133892b8c8800d7d02e97cb
기계·전기동,MEP BUILDING,010204,010204  FINISH WORKS,0.1mm thick polyethylene sheet(2Layers) under blinding beds.,,M2,687.0,4531284DDC776A4702EA22A0C0638FB350521,직접자원단가,7.0,4.0,0.21,11.21,4809.0,2748.0,144.26999999999998,7701.27,복원,,,,"=ROUND(E79+G79+I79, 2)",0.0,Works particular bill,79,data/unpacked/L2025-00085-1/붙임2. 현지입찰(신규입찰) 서류 및 계약서류(안)/IKHCC Section 4 - IKHCC BLANK BOQ 250903_최종/1 Architectural & summery/BILL No1 -Architectural Works-02. MEP BUILDING(BLANK BILL).xlsx,e882c3f7b2c691fc22ee6ee99fba87f9ca830eb3c133892b8c8800d7d02e97cb
기계·전기동,MEP BUILDING,010205,010205  WATERPROOFING WORKS,Caulking,"Size 10mm * 10mm, Around The door & window",M,298.0,4531284DDC776A4702EA22A0C0638FB350402,직접자원단가,69.0,0.0,0.0,69.0,20562.0,0.0,0.0,20562.0,복원,,,,"=ROUND(E101+G101+I101, 2)",0.0,Works particular bill,101,data/unpacked/L2025-00085-1/붙임2. 현지입찰(신규입찰) 서류 및 계약서류(안)/IKHCC Section 4 - IKHCC BLANK BOQ 250903_최종/1 Architectural & summery/BILL No1 -Architectural Works-02. MEP BUILDING(BLANK BILL).xlsx,e882c3f7b2c691fc22ee6ee99fba87f9ca830eb3c133892b8c8800d7d02e97cb
기계·전기동,MEP BUILDING,010205,010205  WATERPROOFING WORKS,"Expansion joint, On Roof @3000x3000",,M,408.0,4482224D7C7851A6F27977E396BAC,복합일위대가,20.0,10.0,5.0,35.0,8160.0,4080.0,2040.0,14280.0,복원,,,,"=ROUND(E102+G102+I102, 2)",0.0,Works particular bill,102,data/unpacked/L2025-00085-1/붙임2. 현지입찰(신규입찰) 서류 및 계약서류(안)/IKHCC Section 4 - IKHCC BLANK BOQ 250903_최종/1 Architectural & summery/BILL No1 -Architectural Works-02. MEP BUILDING(BLANK BILL).xlsx,e882c3f7b2c691fc22ee6ee99fba87f9ca830eb3c133892b8c8800d7d02e97cb
기계·전기동,MEP BUILDING,010205,010205  WATERPROOFING WORKS,Waterproof Mortar,"Less Than 20mm, Trench",M2,24.0,4482224D7C7851A6F27977E3968D8,복합일위대가,60.0,5.0,2.0,67.0,1440.0,120.0,48.0,1608.0,복원,,,,"=ROUND(E103+G103+I103, 2)",0.0,Works particular bill,103,data/unpacked/L2025-00085-1/붙임2. 현지입찰(신규입찰) 서류 및 계약서류(안)/IKHCC Section 4 - IKHCC BLANK BOQ 250903_최종/1 Architectural & summery/BILL No1 -Architectural Works-02. MEP BUILDING(BLANK BILL).xlsx,e882c3f7b2c691fc22ee6ee99fba87f9ca830eb3c133892b8c8800d7d02e97cb
기계·전기동,MEP BUILDING,010205,010205  WATERPROOFING WORKS,Multi-layer composite waterproofin,FLOOR,M2,535.0,4482224D7C7851A6F27977E3969FE,복합일위대가,65.26,27.74,0.0,93.0,34914.100000000006,14840.9,0.0,49755.0,복원,,,,"=ROUND(E104+G104+I104, 2)",0.0,Works particular bill,104,data/unpacked/L2025-00085-1/붙임2. 현지입찰(신규입찰) 서류 및 계약서류(안)/IKHCC Section 4 - IKHCC BLANK BOQ 250903_최종/1 Architectural & summery/BILL No1 -Architectural Works-02. MEP BUILDING(BLANK BILL).xlsx,e882c3f7b2c691fc22ee6ee99fba87f9ca830eb3c133892b8c8800d7d02e97cb
기계·전기동,MEP BUILDING,010205,010205  WATERPROOFING WORKS,Multi-layer composite waterproofin,WALL,M2,52.0,4482224D7C7A0028821FB2B683454,복합일위대가,60.0,5.0,2.0,67.0,3120.0,260.0,104.0,3484.0,복원,,,,"=ROUND(E105+G105+I105, 2)",0.0,Works particular bill,105,data/unpacked/L2025-00085-1/붙임2. 현지입찰(신규입찰) 서류 및 계약서류(안)/IKHCC Section 4 - IKHCC BLANK BOQ 250903_최종/1 Architectural & summery/BILL No1 -Architectural Works-02. MEP BUILDING(BLANK BILL).xlsx,e882c3f7b2c691fc22ee6ee99fba87f9ca830eb3c133892b8c8800d7d02e97cb
기계·전기동,MEP BUILDING,010206,010206  ROOF & DRAINGPIPE WORKS,"Roof Drain in roof area, Diameter 125mm",,ea,4.0,4482224D47745562E22E70D7BC09A,복합일위대가,2.0,3.0,0.0,5.0,8.0,12.0,0.0,20.0,복원,,,,"=ROUND(E125+G125+I125, 2)",0.0,Works particular bill,125,data/unpacked/L2025-00085-1/붙임2. 현지입찰(신규입찰) 서류 및 계약서류(안)/IKHCC Section 4 - IKHCC BLANK BOQ 250903_최종/1 Architectural & summery/BILL No1 -Architectural Works-02. MEP BUILDING(BLANK BILL).xlsx,e882c3f7b2c691fc22ee6ee99fba87f9ca830eb3c133892b8c8800d7d02e97cb
기계·전기동,MEP BUILDING,010206,010206  ROOF & DRAINGPIPE WORKS,SST Downspout Diameter 125mm,,m,21.2,4531284DDC776A4702EA22A0C0638FB350406,직접자원단가,1.65,3.0,0.0,4.65,34.98,63.599999999999994,0.0,98.58,복원,,,,"=ROUND(E126+G126+I126, 2)",0.0,Works particular bill,126,data/unpacked/L2025-00085-1/붙임2. 현지입찰(신규입찰) 서류 및 계약서류(안)/IKHCC Section 4 - IKHCC BLANK BOQ 250903_최종/1 Architectural & summery/BILL No1 -Architectural Works-02. MEP BUILDING(BLANK BILL).xlsx,e882c3f7b2c691fc22ee6ee99fba87f9ca830eb3c133892b8c8800d7d02e97cb
기계·전기동,MEP BUILDING,010207,010207  METAL WORKS,"Supply and SST Cat Ladder in Roof, 400mm x 6000mm high",,개,1.0,43AE2142BE750E32422BE6D9DD3406C76FA01,직접자원단가,5.0,0.0,0.0,5.0,5.0,0.0,0.0,5.0,복원,,,,"=ROUND(E149+G149+I149, 2)",0.0,Works particular bill,149,data/unpacked/L2025-00085-1/붙임2. 현지입찰(신규입찰) 서류 및 계약서류(안)/IKHCC Section 4 - IKHCC BLANK BOQ 250903_최종/1 Architectural & summery/BILL No1 -Architectural Works-02. MEP BUILDING(BLANK BILL).xlsx,e882c3f7b2c691fc22ee6ee99fba87f9ca830eb3c133892b8c8800d7d02e97cb
기계·전기동,MEP BUILDING,010207,010207  METAL WORKS,"Supply and fixed of Wiremesh On Floor, #8-150*150",,M2,897.0,4531284DDC776A4702EA22A0C0638FB35040A,직접자원단가,110.0,20.0,0.0,130.0,98670.0,17940.0,0.0,116610.0,복원,,,,"=ROUND(E150+G150+I150, 2)",0.0,Works particular bill,150,data/unpacked/L2025-00085-1/붙임2. 현지입찰(신규입찰) 서류 및 계약서류(안)/IKHCC Section 4 - IKHCC BLANK BOQ 250903_최종/1 Architectural & summery/BILL No1 -Architectural Works-02. MEP BUILDING(BLANK BILL).xlsx,e882c3f7b2c691fc22ee6ee99fba87f9ca830eb3c133892b8c8800d7d02e97cb
기계·전기동,MEP BUILDING,010207,010207  METAL WORKS,Supply and fixed of Steel cover,T4.5 STL CHECKERED PL 1000*1000,EA,2.0,4531284DDC776A4702EA22A0C0638FB35040B,직접자원단가,130.0,0.0,0.0,130.0,260.0,0.0,0.0,260.0,복원,,,,"=ROUND(E151+G151+I151, 2)",0.0,Works particular bill,151,data/unpacked/L2025-00085-1/붙임2. 현지입찰(신규입찰) 서류 및 계약서류(안)/IKHCC Section 4 - IKHCC BLANK BOQ 250903_최종/1 Architectural & summery/BILL No1 -Architectural Works-02. MEP BUILDING(BLANK BILL).xlsx,e882c3f7b2c691fc22ee6ee99fba87f9ca830eb3c133892b8c8800d7d02e97cb
기계·전기동,MEP BUILDING,010207,010207  METAL WORKS,Open Trench,"TWO SIDE, L-25*25*3t Galvanized",M,62.0,4531284DDC776A4702EA22A0C0638FB3507D6,직접자원단가,15.0,2.04,0.0,17.04,930.0,126.48,0.0,1056.48,복원,,,,"=ROUND(E152+G152+I152, 2)",0.0,Works particular bill,152,data/unpacked/L2025-00085-1/붙임2. 현지입찰(신규입찰) 서류 및 계약서류(안)/IKHCC Section 4 - IKHCC BLANK BOQ 250903_최종/1 Architectural & summery/BILL No1 -Architectural Works-02. MEP BUILDING(BLANK BILL).xlsx,e882c3f7b2c691fc22ee6ee99fba87f9ca830eb3c133892b8c8800d7d02e97cb
기계·전기동,MEP BUILDING,010207,010207  METAL WORKS,COVER Trench,GALVANIZED FLAT STEEL (25X5X3),M,5.0,4531284DDC776A4702EA22A0C0638FB3507D7,직접자원단가,16.0,2.04,0.0,18.04,80.0,10.2,0.0,90.19999999999999,복원,,,,"=ROUND(E153+G153+I153, 2)",0.0,Works particular bill,153,data/unpacked/L2025-00085-1/붙임2. 현지입찰(신규입찰) 서류 및 계약서류(안)/IKHCC Section 4 - IKHCC BLANK BOQ 250903_최종/1 Architectural & summery/BILL No1 -Architectural Works-02. MEP BUILDING(BLANK BILL).xlsx,e882c3f7b2c691fc22ee6ee99fba87f9ca830eb3c133892b8c8800d7d02e97cb
기계·전기동,MEP BUILDING,010207,010207  METAL WORKS,THK 0.7 CORRUGATED STEEL SHEET,,M2,90.0,4531284DDC776A4702EA22A0C0638FB3507D4,직접자원단가,20.0,2.04,0.0,22.04,1800.0,183.6,0.0,1983.6,복원,,,,"=ROUND(E154+G154+I154, 2)",0.0,Works particular bill,154,data/unpacked/L2025-00085-1/붙임2. 현지입찰(신규입찰) 서류 및 계약서류(안)/IKHCC Section 4 - IKHCC BLANK BOQ 250903_최종/1 Architectural & summery/BILL No1 -Architectural Works-02. MEP BUILDING(BLANK BILL).xlsx,e882c3f7b2c691fc22ee6ee99fba87f9ca830eb3c133892b8c8800d7d02e97cb
기계·전기동,MEP BUILDING,010208,010208  PLASTER WORKS,"Mortar, W/Plastering 20mm thick on concrete Ceiling",,M2,507.0,4531284DDC776A4702EA22A0C0638FB347F74,직접자원단가,40.0,10.0,0.19,50.19,20280.0,5070.0,96.33,25446.329999999998,복원,,,,"=ROUND(E173+G173+I173, 2)",0.0,Works particular bill,173,data/unpacked/L2025-00085-1/붙임2. 현지입찰(신규입찰) 서류 및 계약서류(안)/IKHCC Section 4 - IKHCC BLANK BOQ 250903_최종/1 Architectural & summery/BILL No1 -Architectural Works-02. MEP BUILDING(BLANK BILL).xlsx,e882c3f7b2c691fc22ee6ee99fba87f9ca830eb3c133892b8c8800d7d02e97cb
기계·전기동,MEP BUILDING,010208,010208  PLASTER WORKS,"Mortar, W/Plastering 20mm thick on concrete walls",,M2,1540.0,4482204849760A9E127F4949DD94E,복합일위대가,9.0,0.0,0.0,9.0,13860.0,0.0,0.0,13860.0,복원,,,,"=ROUND(E174+G174+I174, 2)",0.0,Works particular bill,174,data/unpacked/L2025-00085-1/붙임2. 현지입찰(신규입찰) 서류 및 계약서류(안)/IKHCC Section 4 - IKHCC BLANK BOQ 250903_최종/1 Architectural & summery/BILL No1 -Architectural Works-02. MEP BUILDING(BLANK BILL).xlsx,e882c3f7b2c691fc22ee6ee99fba87f9ca830eb3c133892b8c8800d7d02e97cb
기계·전기동,MEP BUILDING,010208,010208  PLASTER WORKS,CONCRETE SURFACE TREATMENT,WALL,M2,109.0,4482204849760A9E127F4949C332C,복합일위대가,33.36,0.0,0.0,33.36,3636.24,0.0,0.0,3636.24,복원,,,,"=ROUND(E175+G175+I175, 2)",0.0,Works particular bill,175,data/unpacked/L2025-00085-1/붙임2. 현지입찰(신규입찰) 서류 및 계약서류(안)/IKHCC Section 4 - IKHCC BLANK BOQ 250903_최종/1 Architectural & summery/BILL No1 -Architectural Works-02. MEP BUILDING(BLANK BILL).xlsx,e882c3f7b2c691fc22ee6ee99fba87f9ca830eb3c133892b8c8800d7d02e97cb
기계·전기동,MEP BUILDING,010208,010208  PLASTER WORKS,Steel Troweled,Floor,M2,1070.0,44822048387C4468A2D648548B59A,복합일위대가,4.0,0.0,0.0,4.0,4280.0,0.0,0.0,4280.0,복원,,,,"=ROUND(E176+G176+I176, 2)",0.0,Works particular bill,176,data/unpacked/L2025-00085-1/붙임2. 현지입찰(신규입찰) 서류 및 계약서류(안)/IKHCC Section 4 - IKHCC BLANK BOQ 250903_최종/1 Architectural & summery/BILL No1 -Architectural Works-02. MEP BUILDING(BLANK BILL).xlsx,e882c3f7b2c691fc22ee6ee99fba87f9ca830eb3c133892b8c8800d7d02e97cb
기계·전기동,MEP BUILDING,010208,010208  PLASTER WORKS,Mortar Infill,Around The door & window,M,29.0,44822048387C4468A2D648548B6A1,복합일위대가,4.0,0.0,0.0,4.0,116.0,0.0,0.0,116.0,복원,,,,"=ROUND(E177+G177+I177, 2)",0.0,Works particular bill,177,data/unpacked/L2025-00085-1/붙임2. 현지입찰(신규입찰) 서류 및 계약서류(안)/IKHCC Section 4 - IKHCC BLANK BOQ 250903_최종/1 Architectural & summery/BILL No1 -Architectural Works-02. MEP BUILDING(BLANK BILL).xlsx,e882c3f7b2c691fc22ee6ee99fba87f9ca830eb3c133892b8c8800d7d02e97cb
기계·전기동,MEP BUILDING,010208,010208  PLASTER WORKS,Urethane Foam Filling,Around The door & window,M,91.0,44822048387C4468A2D648548B748,복합일위대가,8.0,0.0,0.0,8.0,728.0,0.0,0.0,728.0,복원,,,,"=ROUND(E178+G178+I178, 2)",0.0,Works particular bill,178,data/unpacked/L2025-00085-1/붙임2. 현지입찰(신규입찰) 서류 및 계약서류(안)/IKHCC Section 4 - IKHCC BLANK BOQ 250903_최종/1 Architectural & summery/BILL No1 -Architectural Works-02. MEP BUILDING(BLANK BILL).xlsx,e882c3f7b2c691fc22ee6ee99fba87f9ca830eb3c133892b8c8800d7d02e97cb
기계·전기동,MEP BUILDING,010209,010209  DOORS & WINDOWS WORKS-1,AG01/02. MEP BUILDING/AL.Louver,1.900 x 2.900 = 5.510,EA,5.0,4530234CF57486DF6239DCFA4C4,직접자원단가,4887.802710508777,602.8290009627491,325.85351403391843,5816.485225505444,24439.01355254388,3014.1450048137453,1629.267570169592,29082.42612752722,복원,,,,"=ROUND(E197+G197+I197, 2)",0.0,Works particular bill,197,data/unpacked/L2025-00085-1/붙임2. 현지입찰(신규입찰) 서류 및 계약서류(안)/IKHCC Section 4 - IKHCC BLANK BOQ 250903_최종/1 Architectural & summery/BILL No1 -Architectural Works-02. MEP BUILDING(BLANK BILL).xlsx,e882c3f7b2c691fc22ee6ee99fba87f9ca830eb3c133892b8c8800d7d02e97cb
기계·전기동,MEP BUILDING,010209,010209  DOORS & WINDOWS WORKS-1,AG02/02. MEP BUILDING/AL.Louver,1.500 x 0.700 = 1.050,EA,3.0,4530234CF57486DF6239DCFA4CB,직접자원단가,651.7070280678369,90.42435014441236,44.80485817966378,786.9362363919131,1955.1210842035107,271.2730504332371,134.41457453899136,2360.8087091757393,복원,,,,"=ROUND(E198+G198+I198, 2)",0.0,Works particular bill,198,data/unpacked/L2025-00085-1/붙임2. 현지입찰(신규입찰) 서류 및 계약서류(안)/IKHCC Section 4 - IKHCC BLANK BOQ 250903_최종/1 Architectural & summery/BILL No1 -Architectural Works-02. MEP BUILDING(BLANK BILL).xlsx,e882c3f7b2c691fc22ee6ee99fba87f9ca830eb3c133892b8c8800d7d02e97cb
기계·전기동,MEP BUILDING,010209,010209  DOORS & WINDOWS WORKS-1,FSD01/02. MEP BUILDING/STL DOUBLE DOOR,2.400 x 2.400 = 5.760,EA,5.0,4530234CF57486DF6239DCFA4CA,직접자원단가,162.92675701695921,15.070725024068727,10.182922313559951,188.1804043545879,814.633785084796,75.35362512034364,50.91461156779975,940.9020217729394,복원,,,,"=ROUND(E199+G199+I199, 2)",0.0,Works particular bill,199,data/unpacked/L2025-00085-1/붙임2. 현지입찰(신규입찰) 서류 및 계약서류(안)/IKHCC Section 4 - IKHCC BLANK BOQ 250903_최종/1 Architectural & summery/BILL No1 -Architectural Works-02. MEP BUILDING(BLANK BILL).xlsx,e882c3f7b2c691fc22ee6ee99fba87f9ca830eb3c133892b8c8800d7d02e97cb
기계·전기동,MEP BUILDING,010209,010209  DOORS & WINDOWS WORKS-1,FSD02/02. MEP BUILDING/STL DOUBLE DOOR,2.100 x 2.300 = 4.830,EA,2.0,4530234CF57486DF6239DCFA5EA,직접자원단가,3665.852032881582,452.12175072206185,244.3901355254388,4362.363919129082,7331.704065763164,904.2435014441237,488.7802710508776,8724.727838258164,복원,,,,"=ROUND(E200+G200+I200, 2)",0.0,Works particular bill,200,data/unpacked/L2025-00085-1/붙임2. 현지입찰(신규입찰) 서류 및 계약서류(안)/IKHCC Section 4 - IKHCC BLANK BOQ 250903_최종/1 Architectural & summery/BILL No1 -Architectural Works-02. MEP BUILDING(BLANK BILL).xlsx,e882c3f7b2c691fc22ee6ee99fba87f9ca830eb3c133892b8c8800d7d02e97cb
기계·전기동,MEP BUILDING,010209,010209  DOORS & WINDOWS WORKS-1,FSD03/02. MEP BUILDING/STL DOUBLE DOOR,1.700 x 2.000 = 3.400,EA,1.0,4530234CF57486DF6239DCFA5EB,직접자원단가,57.02436495593573,9.042435014441235,4.07316892542398,70.13996889580095,57.02436495593573,9.042435014441235,4.07316892542398,70.13996889580095,복원,,,,"=ROUND(E201+G201+I201, 2)",0.0,Works particular bill,201,data/unpacked/L2025-00085-1/붙임2. 현지입찰(신규입찰) 서류 및 계약서류(안)/IKHCC Section 4 - IKHCC BLANK BOQ 250903_최종/1 Architectural & summery/BILL No1 -Architectural Works-02. MEP BUILDING(BLANK BILL).xlsx,e882c3f7b2c691fc22ee6ee99fba87f9ca830eb3c133892b8c8800d7d02e97cb
기계·전기동,MEP BUILDING,010209,010209  DOORS & WINDOWS WORKS-1,SD01/02. MEP BUILDING/STL DOUBLE DOOR,1.800 x 2.400 = 4.320,EA,1.0,4530234CF57486DF6239DCFA5E8,직접자원단가,16.29267570169592,6.02829000962749,1.6292675701695922,23.950233281493002,16.29267570169592,6.02829000962749,1.6292675701695922,23.950233281493002,복원,,,,"=ROUND(E202+G202+I202, 2)",0.0,Works particular bill,202,data/unpacked/L2025-00085-1/붙임2. 현지입찰(신규입찰) 서류 및 계약서류(안)/IKHCC Section 4 - IKHCC BLANK BOQ 250903_최종/1 Architectural & summery/BILL No1 -Architectural Works-02. MEP BUILDING(BLANK BILL).xlsx,e882c3f7b2c691fc22ee6ee99fba87f9ca830eb3c133892b8c8800d7d02e97cb
기계·전기동,MEP BUILDING,010209,010209  DOORS & WINDOWS WORKS-1,SD02/02. MEP BUILDING/STL SINGLE DOOR,1.000 x 2.200 = 2.200,EA,1.0,4530234CF57486DF6239DCFA5E9,직접자원단가,0.0,0.0,4073.1689254239805,4073.1689254239805,0.0,0.0,4073.1689254239805,4073.1689254239805,복원,,,,"=ROUND(E203+G203+I203, 2)",0.0,Works particular bill,203,data/unpacked/L2025-00085-1/붙임2. 현지입찰(신규입찰) 서류 및 계약서류(안)/IKHCC Section 4 - IKHCC BLANK BOQ 250903_최종/1 Architectural & summery/BILL No1 -Architectural Works-02. MEP BUILDING(BLANK BILL).xlsx,e882c3f7b2c691fc22ee6ee99fba87f9ca830eb3c133892b8c8800d7d02e97cb
기계·전기동,MEP BUILDING,010210,010210  PAINTERS WORKS,Painting on plastered surfaces including Emulsion Paint as per drawing and as specified. (Plastering measured seperately,,M2,1540.0,4530234CF57486DF6239DCFA4C2,직접자원단가,40.731689254239804,6.932533511071615,2.9734133155595055,50.63763608087093,62726.801451529296,10676.101607050286,4579.056505961638,77981.95956454123,복원,,,,"=ROUND(E221+G221+I221, 2)",0.0,Works particular bill,221,data/unpacked/L2025-00085-1/붙임2. 현지입찰(신규입찰) 서류 및 계약서류(안)/IKHCC Section 4 - IKHCC BLANK BOQ 250903_최종/1 Architectural & summery/BILL No1 -Architectural Works-02. MEP BUILDING(BLANK BILL).xlsx,e882c3f7b2c691fc22ee6ee99fba87f9ca830eb3c133892b8c8800d7d02e97cb
기계·전기동,MEP BUILDING,010210,010210  PAINTERS WORKS,Steel Trowelled with Epoxy coating,Floor,M2,420.0,4530234CF57486DF6239DCFA4C1,직접자원단가,20.365844627119902,5.425461008664742,1.7514626379323115,27.54276827371696,8553.654743390358,2278.6936236391916,735.6143079315708,11567.962674961123,복원,,,,"=ROUND(E222+G222+I222, 2)",0.0,Works particular bill,222,data/unpacked/L2025-00085-1/붙임2. 현지입찰(신규입찰) 서류 및 계약서류(안)/IKHCC Section 4 - IKHCC BLANK BOQ 250903_최종/1 Architectural & summery/BILL No1 -Architectural Works-02. MEP BUILDING(BLANK BILL).xlsx,e882c3f7b2c691fc22ee6ee99fba87f9ca830eb3c133892b8c8800d7d02e97cb
기계·전기동,MEP BUILDING,010210,010210  PAINTERS WORKS,Steel Trowelled with Epoxy coating,CEILING,M2,507.0,4530234CF57486DF6239DCFA4C0,직접자원단가,40.731689254239804,8.439606013478487,3.1770717618307045,52.348367029548996,20650.96645189958,4278.880248833593,1610.7753832481671,26540.62208398134,복원,,,,"=ROUND(E223+G223+I223, 2)",0.0,Works particular bill,223,data/unpacked/L2025-00085-1/붙임2. 현지입찰(신규입찰) 서류 및 계약서류(안)/IKHCC Section 4 - IKHCC BLANK BOQ 250903_최종/1 Architectural & summery/BILL No1 -Architectural Works-02. MEP BUILDING(BLANK BILL).xlsx,e882c3f7b2c691fc22ee6ee99fba87f9ca830eb3c133892b8c8800d7d02e97cb
기계·전기동,MEP BUILDING,010210,010210  PAINTERS WORKS,Supplying and laying of 100mm (h) Acrylic Paint skirting.,,M2,164.0,4530234CF57486DF6239DCFA4C7,직접자원단가,24.43901355254388,5.726875509146116,1.9958527734577503,32.161741835147744,4007.9982226171965,939.207583499963,327.31985484707104,5274.52566096423,복원,,,,"=ROUND(E224+G224+I224, 2)",0.0,Works particular bill,224,data/unpacked/L2025-00085-1/붙임2. 현지입찰(신규입찰) 서류 및 계약서류(안)/IKHCC Section 4 - IKHCC BLANK BOQ 250903_최종/1 Architectural & summery/BILL No1 -Architectural Works-02. MEP BUILDING(BLANK BILL).xlsx,e882c3f7b2c691fc22ee6ee99fba87f9ca830eb3c133892b8c8800d7d02e97cb
기계·전기동,MEP BUILDING,01021101,01021101  STRUCTURE WORKS,HD400 t10,,TON,2.028,448227450276D253F2E49D1ED6B64,복합일위대가,0.21,0.3,0.0,0.51,0.42588,0.6083999999999999,0.0,1.03428,복원,,,,"=ROUND(E245+G245+I245, 2)",0.0,Works particular bill,245,data/unpacked/L2025-00085-1/붙임2. 현지입찰(신규입찰) 서류 및 계약서류(안)/IKHCC Section 4 - IKHCC BLANK BOQ 250903_최종/1 Architectural & summery/BILL No1 -Architectural Works-02. MEP BUILDING(BLANK BILL).xlsx,e882c3f7b2c691fc22ee6ee99fba87f9ca830eb3c133892b8c8800d7d02e97cb
기계·전기동,MEP BUILDING,01021101,01021101  STRUCTURE WORKS,HD400 t12,,TON,9.025,4482274502742434921703B609301,복합일위대가,0.21,0.3,0.0,0.51,1.89525,2.7075,0.0,4.60275,복원,,,,"=ROUND(E246+G246+I246, 2)",0.0,Works particular bill,246,data/unpacked/L2025-00085-1/붙임2. 현지입찰(신규입찰) 서류 및 계약서류(안)/IKHCC Section 4 - IKHCC BLANK BOQ 250903_최종/1 Architectural & summery/BILL No1 -Architectural Works-02. MEP BUILDING(BLANK BILL).xlsx,e882c3f7b2c691fc22ee6ee99fba87f9ca830eb3c133892b8c8800d7d02e97cb
기계·전기동,MEP BUILDING,01021101,01021101  STRUCTURE WORKS,HD400 t16,,TON,5.002,4482274502731FF3C29CCC201CB4B,복합일위대가,0.0,0.38,0.0,0.38,0.0,1.90076,0.0,1.90076,복원,,,,"=ROUND(E247+G247+I247, 2)",0.0,Works particular bill,247,data/unpacked/L2025-00085-1/붙임2. 현지입찰(신규입찰) 서류 및 계약서류(안)/IKHCC Section 4 - IKHCC BLANK BOQ 250903_최종/1 Architectural & summery/BILL No1 -Architectural Works-02. MEP BUILDING(BLANK BILL).xlsx,e882c3f7b2c691fc22ee6ee99fba87f9ca830eb3c133892b8c8800d7d02e97cb
기계·전기동,MEP BUILDING,01021101,01021101  STRUCTURE WORKS,HD400 t20,,TON,5.85,448227451C7D1C0DC28CEFFB045AB,복합일위대가,1.4,0.0,0.0,1.4,8.19,0.0,0.0,8.19,복원,,,,"=ROUND(E248+G248+I248, 2)",0.0,Works particular bill,248,data/unpacked/L2025-00085-1/붙임2. 현지입찰(신규입찰) 서류 및 계약서류(안)/IKHCC Section 4 - IKHCC BLANK BOQ 250903_최종/1 Architectural & summery/BILL No1 -Architectural Works-02. MEP BUILDING(BLANK BILL).xlsx,e882c3f7b2c691fc22ee6ee99fba87f9ca830eb3c133892b8c8800d7d02e97cb
기계·전기동,MEP BUILDING,01021101,01021101  STRUCTURE WORKS,HD400 t25,,TON,3.464,44822745FA7C21D7222D3828CFB51,복합일위대가,1.37,3.18,0.0,4.550000000000001,4.74568,11.01552,0.0,15.761200000000002,복원,,,,"=ROUND(E249+G249+I249, 2)",0.0,Works particular bill,249,data/unpacked/L2025-00085-1/붙임2. 현지입찰(신규입찰) 서류 및 계약서류(안)/IKHCC Section 4 - IKHCC BLANK BOQ 250903_최종/1 Architectural & summery/BILL No1 -Architectural Works-02. MEP BUILDING(BLANK BILL).xlsx,e882c3f7b2c691fc22ee6ee99fba87f9ca830eb3c133892b8c8800d7d02e97cb
기계·전기동,MEP BUILDING,01021101,01021101  STRUCTURE WORKS,concrete(reinforced concrete),"'f'c 350mpa, foucdation",M3,57.0,44822745FA7C21D7222D3828CFA4A,복합일위대가,1.92,3.62,0.0,5.54,109.44,206.34,0.0,315.78000000000003,복원,,,,"=ROUND(E250+G250+I250, 2)",0.0,Works particular bill,250,data/unpacked/L2025-00085-1/붙임2. 현지입찰(신규입찰) 서류 및 계약서류(안)/IKHCC Section 4 - IKHCC BLANK BOQ 250903_최종/1 Architectural & summery/BILL No1 -Architectural Works-02. MEP BUILDING(BLANK BILL).xlsx,e882c3f7b2c691fc22ee6ee99fba87f9ca830eb3c133892b8c8800d7d02e97cb
기계·전기동,MEP BUILDING,01021101,01021101  STRUCTURE WORKS,concrete(reinforced concrete),"'f'c 300mpa, all members except foundation",M3,130.0,44822745FA7C21D7222D381E61813,복합일위대가,3.75,0.0,0.0,3.75,487.5,0.0,0.0,487.5,복원,,,,"=ROUND(E251+G251+I251, 2)",0.0,Works particular bill,251,data/unpacked/L2025-00085-1/붙임2. 현지입찰(신규입찰) 서류 및 계약서류(안)/IKHCC Section 4 - IKHCC BLANK BOQ 250903_최종/1 Architectural & summery/BILL No1 -Architectural Works-02. MEP BUILDING(BLANK BILL).xlsx,e882c3f7b2c691fc22ee6ee99fba87f9ca830eb3c133892b8c8800d7d02e97cb
기계·전기동,MEP BUILDING,01021101,01021101  STRUCTURE WORKS,concrete(finish),"'f'c 120mpa, finish work",M3,10.0,44822745FA7C21D7222D381E6193A,복합일위대가,3.75,0.0,0.0,3.75,37.5,0.0,0.0,37.5,복원,,,,"=ROUND(E252+G252+I252, 2)",0.0,Works particular bill,252,data/unpacked/L2025-00085-1/붙임2. 현지입찰(신규입찰) 서류 및 계약서류(안)/IKHCC Section 4 - IKHCC BLANK BOQ 250903_최종/1 Architectural & summery/BILL No1 -Architectural Works-02. MEP BUILDING(BLANK BILL).xlsx,e882c3f7b2c691fc22ee6ee99fba87f9ca830eb3c133892b8c8800d7d02e97cb
기계·전기동,MEP BUILDING,01021101,01021101  STRUCTURE WORKS,concrete(of leveling layer),"'f'c 80mpa, for leveling layer",M3,8.0,44822745FA7C21D7222D380DF265B,복합일위대가,2.0,0.0,0.0,2.0,16.0,0.0,0.0,16.0,복원,,,,"=ROUND(E253+G253+I253, 2)",0.0,Works particular bill,253,data/unpacked/L2025-00085-1/붙임2. 현지입찰(신규입찰) 서류 및 계약서류(안)/IKHCC Section 4 - IKHCC BLANK BOQ 250903_최종/1 Architectural & summery/BILL No1 -Architectural Works-02. MEP BUILDING(BLANK BILL).xlsx,e882c3f7b2c691fc22ee6ee99fba87f9ca830eb3c133892b8c8800d7d02e97cb
기계·전기동,MEP BUILDING,01021101,01021101  STRUCTURE WORKS,a mold for concrete,,M2,879.0,44822745FA7C21D7222D380DF2762,복합일위대가,5.75,0.0,0.0,5.75,5054.25,0.0,0.0,5054.25,복원,,,,"=ROUND(E254+G254+I254, 2)",0.0,Works particular bill,254,data/unpacked/L2025-00085-1/붙임2. 현지입찰(신규입찰) 서류 및 계약서류(안)/IKHCC Section 4 - IKHCC BLANK BOQ 250903_최종/1 Architectural & summery/BILL No1 -Architectural Works-02. MEP BUILDING(BLANK BILL).xlsx,e882c3f7b2c691fc22ee6ee99fba87f9ca830eb3c133892b8c8800d7d02e97cb
기계·전기동,MEP BUILDING,01021102,01021102  MASONRY WORKS,Brick,"190*90*57, FOR Interior wall",EA,1815.0,448224421470A2F9A241EAE1B4AAA,복합일위대가,105.65,13.76,0.0,119.41000000000001,191754.75,24974.399999999998,0.0,216729.15000000002,복원,,,,"=ROUND(E269+G269+I269, 2)",0.0,Works particular bill,269,data/unpacked/L2025-00085-1/붙임2. 현지입찰(신규입찰) 서류 및 계약서류(안)/IKHCC Section 4 - IKHCC BLANK BOQ 250903_최종/1 Architectural & summery/BILL No1 -Architectural Works-02. MEP BUILDING(BLANK BILL).xlsx,e882c3f7b2c691fc22ee6ee99fba87f9ca830eb3c133892b8c8800d7d02e97cb
기계·전기동,MEP BUILDING,01021102,01021102  MASONRY WORKS,"100mm thick brick, Interior wall",,M2,24.0,448224421470A2F9A241EAE1B4983,복합일위대가,16.57,7.23,0.13,23.93,397.68,173.52,3.12,574.3199999999999,복원,,,,"=ROUND(E270+G270+I270, 2)",0.0,Works particular bill,270,data/unpacked/L2025-00085-1/붙임2. 현지입찰(신규입찰) 서류 및 계약서류(안)/IKHCC Section 4 - IKHCC BLANK BOQ 250903_최종/1 Architectural & summery/BILL No1 -Architectural Works-02. MEP BUILDING(BLANK BILL).xlsx,e882c3f7b2c691fc22ee6ee99fba87f9ca830eb3c133892b8c8800d7d02e97cb
기계·전기동,MEP BUILDING,01021103,01021103  FINISH WORKS,0.1mm thick polyethylene sheet(2Layers) under blinding beds.,,M2,30.0,43AE2142BE750E32422B8C4B8098C3F6EA6FF,직접자원단가,2.0,0.0,0.0,2.0,60.0,0.0,0.0,60.0,복원,,,,"=ROUND(E293+G293+I293, 2)",0.0,Works particular bill,293,data/unpacked/L2025-00085-1/붙임2. 현지입찰(신규입찰) 서류 및 계약서류(안)/IKHCC Section 4 - IKHCC BLANK BOQ 250903_최종/1 Architectural & summery/BILL No1 -Architectural Works-02. MEP BUILDING(BLANK BILL).xlsx,e882c3f7b2c691fc22ee6ee99fba87f9ca830eb3c133892b8c8800d7d02e97cb
기계·전기동,MEP BUILDING,01021104,01021104  METAL WORKS,Supply and SST Cat Ladder,400mm x 3.4m high,EA,1.0,4482254042708488C255237DA7AC2,복합일위대가,86.23,0.0,0.0,86.23,86.23,0.0,0.0,86.23,복원,,,,"=ROUND(E317+G317+I317, 2)",0.0,Works particular bill,317,data/unpacked/L2025-00085-1/붙임2. 현지입찰(신규입찰) 서류 및 계약서류(안)/IKHCC Section 4 - IKHCC BLANK BOQ 250903_최종/1 Architectural & summery/BILL No1 -Architectural Works-02. MEP BUILDING(BLANK BILL).xlsx,e882c3f7b2c691fc22ee6ee99fba87f9ca830eb3c133892b8c8800d7d02e97cb
기계·전기동,MEP BUILDING,01021104,01021104  METAL WORKS,"Supply and fixed of Wiremesh On Floor, #8-150*150",,M2,90.0,4482254042708488C255237DA7BE9,복합일위대가,132.53,0.0,0.0,132.53,11927.7,0.0,0.0,11927.7,복원,,,,"=ROUND(E318+G318+I318, 2)",0.0,Works particular bill,318,data/unpacked/L2025-00085-1/붙임2. 현지입찰(신규입찰) 서류 및 계약서류(안)/IKHCC Section 4 - IKHCC BLANK BOQ 250903_최종/1 Architectural & summery/BILL No1 -Architectural Works-02. MEP BUILDING(BLANK BILL).xlsx,e882c3f7b2c691fc22ee6ee99fba87f9ca830eb3c133892b8c8800d7d02e97cb
기계·전기동,MEP BUILDING,01021104,01021104  METAL WORKS,Supply and fixed of Steel cover,T2.3 GALVANIZED IRON PLATE 1200*1200,EA,1.0,4482254042708488C255237DA7C8F,복합일위대가,143.71,0.0,0.0,143.71,143.71,0.0,0.0,143.71,복원,,,,"=ROUND(E319+G319+I319, 2)",0.0,Works particular bill,319,data/unpacked/L2025-00085-1/붙임2. 현지입찰(신규입찰) 서류 및 계약서류(안)/IKHCC Section 4 - IKHCC BLANK BOQ 250903_최종/1 Architectural & summery/BILL No1 -Architectural Works-02. MEP BUILDING(BLANK BILL).xlsx,e882c3f7b2c691fc22ee6ee99fba87f9ca830eb3c133892b8c8800d7d02e97cb
기계·전기동,MEP BUILDING,01021105,01021105  PLASTER WORKS,CONCRETE SURFACE TREATMENT,CEILING,M2,111.0,4482284BC0735B256231C4073E69B,복합일위대가,1.05,0.0,0.0,1.05,116.55000000000001,0.0,0.0,116.55000000000001,복원,,,,"=ROUND(E341+G341+I341, 2)",0.0,Works particular bill,341,data/unpacked/L2025-00085-1/붙임2. 현지입찰(신규입찰) 서류 및 계약서류(안)/IKHCC Section 4 - IKHCC BLANK BOQ 250903_최종/1 Architectural & summery/BILL No1 -Architectural Works-02. MEP BUILDING(BLANK BILL).xlsx,e882c3f7b2c691fc22ee6ee99fba87f9ca830eb3c133892b8c8800d7d02e97cb
기계·전기동,MEP BUILDING,01021105,01021105  PLASTER WORKS,Steel Troweled,Floor,M2,169.0,4482284BC0735B256231C550138F1,복합일위대가,0.63,0.0,0.0,0.63,106.47,0.0,0.0,106.47,복원,,,,"=ROUND(E342+G342+I342, 2)",0.0,Works particular bill,342,data/unpacked/L2025-00085-1/붙임2. 현지입찰(신규입찰) 서류 및 계약서류(안)/IKHCC Section 4 - IKHCC BLANK BOQ 250903_최종/1 Architectural & summery/BILL No1 -Architectural Works-02. MEP BUILDING(BLANK BILL).xlsx,e882c3f7b2c691fc22ee6ee99fba87f9ca830eb3c133892b8c8800d7d02e97cb
기계·전기동,MEP BUILDING,01021106,01021106  PAINTERS WORKS,Steel Trowelled with TAR Epoxy coating,CEILING,M2,487.0,453125479B7D7FE4C224A493677E6,복합일위대가,299.7,0.0,0.0,299.7,145953.9,0.0,0.0,145953.9,복원,,,,"=ROUND(E365+G365+I365, 2)",0.0,Works particular bill,365,data/unpacked/L2025-00085-1/붙임2. 현지입찰(신규입찰) 서류 및 계약서류(안)/IKHCC Section 4 - IKHCC BLANK BOQ 250903_최종/1 Architectural & summery/BILL No1 -Architectural Works-02. MEP BUILDING(BLANK BILL).xlsx,e882c3f7b2c691fc22ee6ee99fba87f9ca830eb3c133892b8c8800d7d02e97cb
기계·전기동,MEP BUILDING,01021201,01021201  STRUCTURE WORKS,HD400 t10,,TON,0.227,453125479B7D7FE4C224BA0035974,복합일위대가,526.14,0.0,0.0,526.14,119.43378,0.0,0.0,119.43378,복원,,,,"=ROUND(E389+G389+I389, 2)",0.0,Works particular bill,389,data/unpacked/L2025-00085-1/붙임2. 현지입찰(신규입찰) 서류 및 계약서류(안)/IKHCC Section 4 - IKHCC BLANK BOQ 250903_최종/1 Architectural & summery/BILL No1 -Architectural Works-02. MEP BUILDING(BLANK BILL).xlsx,e882c3f7b2c691fc22ee6ee99fba87f9ca830eb3c133892b8c8800d7d02e97cb
기계·전기동,MEP BUILDING,01021201,01021201  STRUCTURE WORKS,HD400 t12,,TON,0.164,453125479B7D7FE4C224BA003597A,복합일위대가,183.15,0.0,0.0,183.15,30.036600000000004,0.0,0.0,30.036600000000004,복원,,,,"=ROUND(E390+G390+I390, 2)",0.0,Works particular bill,390,data/unpacked/L2025-00085-1/붙임2. 현지입찰(신규입찰) 서류 및 계약서류(안)/IKHCC Section 4 - IKHCC BLANK BOQ 250903_최종/1 Architectural & summery/BILL No1 -Architectural Works-02. MEP BUILDING(BLANK BILL).xlsx,e882c3f7b2c691fc22ee6ee99fba87f9ca830eb3c133892b8c8800d7d02e97cb
기계·전기동,MEP BUILDING,01021201,01021201  STRUCTURE WORKS,HD400 t16,,TON,0.27,453125479B7D7FE4C224BA003586D,복합일위대가,228.85,0.0,0.0,228.85,61.789500000000004,0.0,0.0,61.789500000000004,복원,,,,"=ROUND(E391+G391+I391, 2)",0.0,Works particular bill,391,data/unpacked/L2025-00085-1/붙임2. 현지입찰(신규입찰) 서류 및 계약서류(안)/IKHCC Section 4 - IKHCC BLANK BOQ 250903_최종/1 Architectural & summery/BILL No1 -Architectural Works-02. MEP BUILDING(BLANK BILL).xlsx,e882c3f7b2c691fc22ee6ee99fba87f9ca830eb3c133892b8c8800d7d02e97cb
기계·전기동,MEP BUILDING,01021201,01021201  STRUCTURE WORKS,HD400 t20,,TON,2.361,453125479B7D7FE4C224BA003586F,복합일위대가,824.18,0.0,0.0,824.18,1945.88898,0.0,0.0,1945.88898,복원,,,,"=ROUND(E392+G392+I392, 2)",0.0,Works particular bill,392,data/unpacked/L2025-00085-1/붙임2. 현지입찰(신규입찰) 서류 및 계약서류(안)/IKHCC Section 4 - IKHCC BLANK BOQ 250903_최종/1 Architectural & summery/BILL No1 -Architectural Works-02. MEP BUILDING(BLANK BILL).xlsx,e882c3f7b2c691fc22ee6ee99fba87f9ca830eb3c133892b8c8800d7d02e97cb
기계·전기동,MEP BUILDING,01021201,01021201  STRUCTURE WORKS,concrete(reinforced concrete),"'f'c 350mpa, foucdation",M3,14.0,453125479B7D7FE4C224BA0035869,복합일위대가,526.14,0.0,0.0,526.14,7365.96,0.0,0.0,7365.96,복원,,,,"=ROUND(E393+G393+I393, 2)",0.0,Works particular bill,393,data/unpacked/L2025-00085-1/붙임2. 현지입찰(신규입찰) 서류 및 계약서류(안)/IKHCC Section 4 - IKHCC BLANK BOQ 250903_최종/1 Architectural & summery/BILL No1 -Architectural Works-02. MEP BUILDING(BLANK BILL).xlsx,e882c3f7b2c691fc22ee6ee99fba87f9ca830eb3c133892b8c8800d7d02e97cb
기계·전기동,MEP BUILDING,01021201,01021201  STRUCTURE WORKS,concrete(reinforced concrete),"'f'c 300mpa, all members except foundation",M3,5.0,453125479B7D7FE4C224BA003586B,복합일위대가,526.14,0.0,0.0,526.14,2630.7,0.0,0.0,2630.7,복원,,,,"=ROUND(E394+G394+I394, 2)",0.0,Works particular bill,394,data/unpacked/L2025-00085-1/붙임2. 현지입찰(신규입찰) 서류 및 계약서류(안)/IKHCC Section 4 - IKHCC BLANK BOQ 250903_최종/1 Architectural & summery/BILL No1 -Architectural Works-02. MEP BUILDING(BLANK BILL).xlsx,e882c3f7b2c691fc22ee6ee99fba87f9ca830eb3c133892b8c8800d7d02e97cb
기계·전기동,MEP BUILDING,01021201,01021201  STRUCTURE WORKS,concrete(of leveling layer),"'f'c 80mpa, for leveling layer",M3,2.0,453125479B7D7FE4C224BA0035865,복합일위대가,392.94,0.0,0.0,392.94,785.88,0.0,0.0,785.88,복원,,,,"=ROUND(E395+G395+I395, 2)",0.0,Works particular bill,395,data/unpacked/L2025-00085-1/붙임2. 현지입찰(신규입찰) 서류 및 계약서류(안)/IKHCC Section 4 - IKHCC BLANK BOQ 250903_최종/1 Architectural & summery/BILL No1 -Architectural Works-02. MEP BUILDING(BLANK BILL).xlsx,e882c3f7b2c691fc22ee6ee99fba87f9ca830eb3c133892b8c8800d7d02e97cb
기계·전기동,MEP BUILDING,01021201,01021201  STRUCTURE WORKS,a mold for concrete,,M2,43.0,453125479B7D7FE4C224BA0035B20,복합일위대가,1366.04,0.0,0.0,1366.04,58739.72,0.0,0.0,58739.72,복원,,,,"=ROUND(E396+G396+I396, 2)",0.0,Works particular bill,396,data/unpacked/L2025-00085-1/붙임2. 현지입찰(신규입찰) 서류 및 계약서류(안)/IKHCC Section 4 - IKHCC BLANK BOQ 250903_최종/1 Architectural & summery/BILL No1 -Architectural Works-02. MEP BUILDING(BLANK BILL).xlsx,e882c3f7b2c691fc22ee6ee99fba87f9ca830eb3c133892b8c8800d7d02e97cb
기계·전기동,MEP BUILDING,01021202,01021202  STEEL STRUCTURE WORKS,H Shape Steel,"SS275, 200*100*5.5*8mm",TON,0.269,453125479B7D7FE4C224BA002B667,복합일위대가,2363.93,0.0,0.0,2363.93,635.89717,0.0,0.0,635.89717,복원,,,,"=ROUND(E413+G413+I413, 2)",0.0,Works particular bill,413,data/unpacked/L2025-00085-1/붙임2. 현지입찰(신규입찰) 서류 및 계약서류(안)/IKHCC Section 4 - IKHCC BLANK BOQ 250903_최종/1 Architectural & summery/BILL No1 -Architectural Works-02. MEP BUILDING(BLANK BILL).xlsx,e882c3f7b2c691fc22ee6ee99fba87f9ca830eb3c133892b8c8800d7d02e97cb
기계·전기동,MEP BUILDING,01021202,01021202  STEEL STRUCTURE WORKS,H Shape Steel,"SS275, 175*175*8*11mm",TON,0.867,453125479B7D7FE4C224BA002B661,복합일위대가,333.0,0.0,0.0,333.0,288.711,0.0,0.0,288.711,복원,,,,"=ROUND(E414+G414+I414, 2)",0.0,Works particular bill,414,data/unpacked/L2025-00085-1/붙임2. 현지입찰(신규입찰) 서류 및 계약서류(안)/IKHCC Section 4 - IKHCC BLANK BOQ 250903_최종/1 Architectural & summery/BILL No1 -Architectural Works-02. MEP BUILDING(BLANK BILL).xlsx,e882c3f7b2c691fc22ee6ee99fba87f9ca830eb3c133892b8c8800d7d02e97cb
기계·전기동,MEP BUILDING,01021202,01021202  STEEL STRUCTURE WORKS,H Shape Steel,"SS275, 194*150*6*9mm",TON,0.346,453125479B7D7FE4C224BA002B663,복합일위대가,270.47,0.0,0.0,270.47,93.58262,0.0,0.0,93.58262,복원,,,,"=ROUND(E415+G415+I415, 2)",0.0,Works particular bill,415,data/unpacked/L2025-00085-1/붙임2. 현지입찰(신규입찰) 서류 및 계약서류(안)/IKHCC Section 4 - IKHCC BLANK BOQ 250903_최종/1 Architectural & summery/BILL No1 -Architectural Works-02. MEP BUILDING(BLANK BILL).xlsx,e882c3f7b2c691fc22ee6ee99fba87f9ca830eb3c133892b8c8800d7d02e97cb
기계·전기동,MEP BUILDING,01021202,01021202  STEEL STRUCTURE WORKS,Light Gage Steel,"C, 150*50*20, t3.2",TON,0.194,453125479B7D7FE4C224BA002B66D,복합일위대가,1098.9,0.0,0.0,1098.9,213.18660000000003,0.0,0.0,213.18660000000003,복원,,,,"=ROUND(E416+G416+I416, 2)",0.0,Works particular bill,416,data/unpacked/L2025-00085-1/붙임2. 현지입찰(신규입찰) 서류 및 계약서류(안)/IKHCC Section 4 - IKHCC BLANK BOQ 250903_최종/1 Architectural & summery/BILL No1 -Architectural Works-02. MEP BUILDING(BLANK BILL).xlsx,e882c3f7b2c691fc22ee6ee99fba87f9ca830eb3c133892b8c8800d7d02e97cb
기계·전기동,MEP BUILDING,01021202,01021202  STEEL STRUCTURE WORKS,Steel Plate,"SS275, 6.0mm",TON,0.025,453125479B7D7FE4C224BA002B70A,복합일위대가,1410.26,0.0,0.0,1410.26,35.2565,0.0,0.0,35.2565,복원,,,,"=ROUND(E417+G417+I417, 2)",0.0,Works particular bill,417,data/unpacked/L2025-00085-1/붙임2. 현지입찰(신규입찰) 서류 및 계약서류(안)/IKHCC Section 4 - IKHCC BLANK BOQ 250903_최종/1 Architectural & summery/BILL No1 -Architectural Works-02. MEP BUILDING(BLANK BILL).xlsx,e882c3f7b2c691fc22ee6ee99fba87f9ca830eb3c133892b8c8800d7d02e97cb
기계·전기동,MEP BUILDING,01021202,01021202  STEEL STRUCTURE WORKS,Steel Plate,"SS275, 8.0mm",TON,0.023,453125479B7D7FE4C224BA002B708,복합일위대가,1808.56,0.0,0.0,1808.56,41.59688,0.0,0.0,41.59688,복원,,,,"=ROUND(E418+G418+I418, 2)",0.0,Works particular bill,418,data/unpacked/L2025-00085-1/붙임2. 현지입찰(신규입찰) 서류 및 계약서류(안)/IKHCC Section 4 - IKHCC BLANK BOQ 250903_최종/1 Architectural & summery/BILL No1 -Architectural Works-02. MEP BUILDING(BLANK BILL).xlsx,e882c3f7b2c691fc22ee6ee99fba87f9ca830eb3c133892b8c8800d7d02e97cb
기계·전기동,MEP BUILDING,01021202,01021202  STEEL STRUCTURE WORKS,Steel Plate,"SS275, 9.0mm",TON,0.037,453125479B7D7FE4C224BA002B70E,복합일위대가,1419.32,0.0,0.0,1419.32,52.51483999999999,0.0,0.0,52.51483999999999,복원,,,,"=ROUND(E419+G419+I419, 2)",0.0,Works particular bill,419,data/unpacked/L2025-00085-1/붙임2. 현지입찰(신규입찰) 서류 및 계약서류(안)/IKHCC Section 4 - IKHCC BLANK BOQ 250903_최종/1 Architectural & summery/BILL No1 -Architectural Works-02. MEP BUILDING(BLANK BILL).xlsx,e882c3f7b2c691fc22ee6ee99fba87f9ca830eb3c133892b8c8800d7d02e97cb
기계·전기동,MEP BUILDING,01021202,01021202  STEEL STRUCTURE WORKS,Steel Plate,"SS275, 15mm",TON,0.023,453125479B7D7FE4C224BA002B70C,복합일위대가,11051.9,0.0,0.0,11051.9,254.19369999999998,0.0,0.0,254.19369999999998,복원,,,,"=ROUND(E420+G420+I420, 2)",0.0,Works particular bill,420,data/unpacked/L2025-00085-1/붙임2. 현지입찰(신규입찰) 서류 및 계약서류(안)/IKHCC Section 4 - IKHCC BLANK BOQ 250903_최종/1 Architectural & summery/BILL No1 -Architectural Works-02. MEP BUILDING(BLANK BILL).xlsx,e882c3f7b2c691fc22ee6ee99fba87f9ca830eb3c133892b8c8800d7d02e97cb
기계·전기동,MEP BUILDING,01021202,01021202  STEEL STRUCTURE WORKS,Steel Plate,"SS275, 16mm",TON,0.031,453125479B7D7FE4C224BA002B702,복합일위대가,392.55,37.47,0.97,430.99,12.16905,1.16157,0.03007,13.36069,복원,,,,"=ROUND(E421+G421+I421, 2)",0.0,Works particular bill,421,data/unpacked/L2025-00085-1/붙임2. 현지입찰(신규입찰) 서류 및 계약서류(안)/IKHCC Section 4 - IKHCC BLANK BOQ 250903_최종/1 Architectural & summery/BILL No1 -Architectural Works-02. MEP BUILDING(BLANK BILL).xlsx,e882c3f7b2c691fc22ee6ee99fba87f9ca830eb3c133892b8c8800d7d02e97cb
기계·전기동,MEP BUILDING,01021202,01021202  STEEL STRUCTURE WORKS,Steel Plate,"SS275, 19mm",TON,0.08,453125479B7D7FE4C224BA002B4B6,복합일위대가,646.81,48.6,1.26,696.67,51.7448,3.8880000000000003,0.1008,55.733599999999996,복원,,,,"=ROUND(E422+G422+I422, 2)",0.0,Works particular bill,422,data/unpacked/L2025-00085-1/붙임2. 현지입찰(신규입찰) 서류 및 계약서류(안)/IKHCC Section 4 - IKHCC BLANK BOQ 250903_최종/1 Architectural & summery/BILL No1 -Architectural Works-02. MEP BUILDING(BLANK BILL).xlsx,e882c3f7b2c691fc22ee6ee99fba87f9ca830eb3c133892b8c8800d7d02e97cb
기계·전기동,MEP BUILDING,01021202,01021202  STEEL STRUCTURE WORKS,High Strength Bolt,"F10T, M20*50mm",SET,5.0,453125479B7D7FE4C224BA002B4B4,복합일위대가,242.16,37.47,0.97,280.6,1210.8,187.35,4.85,1403.0,복원,,,,"=ROUND(E423+G423+I423, 2)",0.0,Works particular bill,423,data/unpacked/L2025-00085-1/붙임2. 현지입찰(신규입찰) 서류 및 계약서류(안)/IKHCC Section 4 - IKHCC BLANK BOQ 250903_최종/1 Architectural & summery/BILL No1 -Architectural Works-02. MEP BUILDING(BLANK BILL).xlsx,e882c3f7b2c691fc22ee6ee99fba87f9ca830eb3c133892b8c8800d7d02e97cb
기계·전기동,MEP BUILDING,01021202,01021202  STEEL STRUCTURE WORKS,High Strength Bolt,"F10T, M20*55mm",SET,33.0,453125479B7D7FE4C224BA002B4B2,복합일위대가,9879.94,0.0,0.0,9879.94,326038.02,0.0,0.0,326038.02,복원,,,,"=ROUND(E424+G424+I424, 2)",0.0,Works particular bill,424,data/unpacked/L2025-00085-1/붙임2. 현지입찰(신규입찰) 서류 및 계약서류(안)/IKHCC Section 4 - IKHCC BLANK BOQ 250903_최종/1 Architectural & summery/BILL No1 -Architectural Works-02. MEP BUILDING(BLANK BILL).xlsx,e882c3f7b2c691fc22ee6ee99fba87f9ca830eb3c133892b8c8800d7d02e97cb
기계·전기동,MEP BUILDING,01021202,01021202  STEEL STRUCTURE WORKS,High Strength Bolt,"F10T, M20*60mm",SET,66.0,453125479B7D7FE4C224BA002B4B1,복합일위대가,3212.67,0.0,0.0,3212.67,212036.22,0.0,0.0,212036.22,복원,,,,"=ROUND(E425+G425+I425, 2)",0.0,Works particular bill,425,data/unpacked/L2025-00085-1/붙임2. 현지입찰(신규입찰) 서류 및 계약서류(안)/IKHCC Section 4 - IKHCC BLANK BOQ 250903_최종/1 Architectural & summery/BILL No1 -Architectural Works-02. MEP BUILDING(BLANK BILL).xlsx,e882c3f7b2c691fc22ee6ee99fba87f9ca830eb3c133892b8c8800d7d02e97cb
기계·전기동,MEP BUILDING,01021202,01021202  STEEL STRUCTURE WORKS,High Strength Bolt,"F10T, M20*65mm",SET,66.0,453125479B7D7FE4C224BA002B4B0,복합일위대가,3971.34,678.19,305.49,4955.02,262108.44,44760.54,20162.34,327031.32,복원,,,,"=ROUND(E426+G426+I426, 2)",0.0,Works particular bill,426,data/unpacked/L2025-00085-1/붙임2. 현지입찰(신규입찰) 서류 및 계약서류(안)/IKHCC Section 4 - IKHCC BLANK BOQ 250903_최종/1 Architectural & summery/BILL No1 -Architectural Works-02. MEP BUILDING(BLANK BILL).xlsx,e882c3f7b2c691fc22ee6ee99fba87f9ca830eb3c133892b8c8800d7d02e97cb
기계·전기동,MEP BUILDING,01021202,01021202  STEEL STRUCTURE WORKS,Anchor Bolt Install,M20*600mm,EA,17.0,453125479B7D7FE4C224BA002B4BE,복합일위대가,373.86,37.47,0.97,412.30000000000007,6355.62,636.99,16.49,7009.100000000001,복원,,,,"=ROUND(E427+G427+I427, 2)",0.0,Works particular bill,427,data/unpacked/L2025-00085-1/붙임2. 현지입찰(신규입찰) 서류 및 계약서류(안)/IKHCC Section 4 - IKHCC BLANK BOQ 250903_최종/1 Architectural & summery/BILL No1 -Architectural Works-02. MEP BUILDING(BLANK BILL).xlsx,e882c3f7b2c691fc22ee6ee99fba87f9ca830eb3c133892b8c8800d7d02e97cb
기계·전기동,MEP BUILDING,01021202,01021202  STEEL STRUCTURE WORKS,Set Anchor Bolt Install,M19*L150mm,EA,13.0,453125479B7D7FE4C224BA002B55C,복합일위대가,448.63,37.47,0.97,487.07000000000005,5832.19,487.11,12.61,6331.910000000001,복원,,,,"=ROUND(E428+G428+I428, 2)",0.0,Works particular bill,428,data/unpacked/L2025-00085-1/붙임2. 현지입찰(신규입찰) 서류 및 계약서류(안)/IKHCC Section 4 - IKHCC BLANK BOQ 250903_최종/1 Architectural & summery/BILL No1 -Architectural Works-02. MEP BUILDING(BLANK BILL).xlsx,e882c3f7b2c691fc22ee6ee99fba87f9ca830eb3c133892b8c8800d7d02e97cb
기계·전기동,MEP BUILDING,01021202,01021202  STEEL STRUCTURE WORKS,The Square Steel Pipe For The Construction Structure,100*100*4.5mm(13.49kg),M,8.0,453125479B7D7FE4C224BA002B55E,복합일위대가,247.18,38.16,0.0,285.34000000000003,1977.44,305.28,0.0,2282.7200000000003,복원,,,,"=ROUND(E429+G429+I429, 2)",0.0,Works particular bill,429,data/unpacked/L2025-00085-1/붙임2. 현지입찰(신규입찰) 서류 및 계약서류(안)/IKHCC Section 4 - IKHCC BLANK BOQ 250903_최종/1 Architectural & summery/BILL No1 -Architectural Works-02. MEP BUILDING(BLANK BILL).xlsx,e882c3f7b2c691fc22ee6ee99fba87f9ca830eb3c133892b8c8800d7d02e97cb
기계·전기동,MEP BUILDING,01021202,01021202  STEEL STRUCTURE WORKS,The Square Steel Pipe For The Construction Structure,120*50*2.3mm(5.97kg),M,490.0,453125479B7D7FE4C224BA002B558,복합일위대가,241.06,37.47,0.97,279.5,118119.4,18360.3,475.3,136955.0,복원,,,,"=ROUND(E430+G430+I430, 2)",0.0,Works particular bill,430,data/unpacked/L2025-00085-1/붙임2. 현지입찰(신규입찰) 서류 및 계약서류(안)/IKHCC Section 4 - IKHCC BLANK BOQ 250903_최종/1 Architectural & summery/BILL No1 -Architectural Works-02. MEP BUILDING(BLANK BILL).xlsx,e882c3f7b2c691fc22ee6ee99fba87f9ca830eb3c133892b8c8800d7d02e97cb
기계·전기동,MEP BUILDING,01021202,01021202  STEEL STRUCTURE WORKS,Non Shrink Mortar,330*330*30mm,EA,2.0,453125479B7D7FE4C224BA002B55A,복합일위대가,216.95,37.47,0.97,255.39,433.9,74.94,1.94,510.78,복원,,,,"=ROUND(E431+G431+I431, 2)",0.0,Works particular bill,431,data/unpacked/L2025-00085-1/붙임2. 현지입찰(신규입찰) 서류 및 계약서류(안)/IKHCC Section 4 - IKHCC BLANK BOQ 250903_최종/1 Architectural & summery/BILL No1 -Architectural Works-02. MEP BUILDING(BLANK BILL).xlsx,e882c3f7b2c691fc22ee6ee99fba87f9ca830eb3c133892b8c8800d7d02e97cb
기계·전기동,MEP BUILDING,01021202,01021202  STEEL STRUCTURE WORKS,Non Shrink Mortar,380*380*30mm,EA,4.0,453125479B7D7FE4C224BA002B554,복합일위대가,341.15,48.6,1.26,391.01,1364.6,194.4,5.04,1564.04,복원,,,,"=ROUND(E432+G432+I432, 2)",0.0,Works particular bill,432,data/unpacked/L2025-00085-1/붙임2. 현지입찰(신규입찰) 서류 및 계약서류(안)/IKHCC Section 4 - IKHCC BLANK BOQ 250903_최종/1 Architectural & summery/BILL No1 -Architectural Works-02. MEP BUILDING(BLANK BILL).xlsx,e882c3f7b2c691fc22ee6ee99fba87f9ca830eb3c133892b8c8800d7d02e97cb
기계·전기동,MEP BUILDING,01021202,01021202  STEEL STRUCTURE WORKS,Rust Resisting Paint,Steel Structure Face,M2,220.0,453125479B7D7FE4C224BA002B288,복합일위대가,409.38,48.6,1.26,459.24,90063.6,10692.0,277.2,101032.8,복원,,,,"=ROUND(E433+G433+I433, 2)",0.0,Works particular bill,433,data/unpacked/L2025-00085-1/붙임2. 현지입찰(신규입찰) 서류 및 계약서류(안)/IKHCC Section 4 - IKHCC BLANK BOQ 250903_최종/1 Architectural & summery/BILL No1 -Architectural Works-02. MEP BUILDING(BLANK BILL).xlsx,e882c3f7b2c691fc22ee6ee99fba87f9ca830eb3c133892b8c8800d7d02e97cb
기계·전기동,MEP BUILDING,01021202,01021202  STEEL STRUCTURE WORKS,Ready Mixed Paint,Steel Structure Face,M2,216.0,453125479B7D7FE4C224BA002B28A,복합일위대가,253.11,37.47,0.97,291.55000000000007,54671.76,8093.5199999999995,209.51999999999998,62974.80000000002,복원,,,,"=ROUND(E434+G434+I434, 2)",0.0,Works particular bill,434,data/unpacked/L2025-00085-1/붙임2. 현지입찰(신규입찰) 서류 및 계약서류(안)/IKHCC Section 4 - IKHCC BLANK BOQ 250903_최종/1 Architectural & summery/BILL No1 -Architectural Works-02. MEP BUILDING(BLANK BILL).xlsx,e882c3f7b2c691fc22ee6ee99fba87f9ca830eb3c133892b8c8800d7d02e97cb
기계·전기동,MEP BUILDING,01021203,01021203  FINISH WORKS,0.1mm thick polyethylene sheet(2Layers) under blinding beds.,,M2,30.0,453125479B7D7FE4C224BA002B280,복합일위대가,3074.34,479.85,0.0,3554.19,92230.20000000001,14395.5,0.0,106625.7,복원,,,,"=ROUND(E437+G437+I437, 2)",0.0,Works particular bill,437,data/unpacked/L2025-00085-1/붙임2. 현지입찰(신규입찰) 서류 및 계약서류(안)/IKHCC Section 4 - IKHCC BLANK BOQ 250903_최종/1 Architectural & summery/BILL No1 -Architectural Works-02. MEP BUILDING(BLANK BILL).xlsx,e882c3f7b2c691fc22ee6ee99fba87f9ca830eb3c133892b8c8800d7d02e97cb
기계·전기동,MEP BUILDING,01021204,01021204  METAL WORKS,Supply and SST Cat Ladder,400mm x 4.0m high,EA,1.0,4531284DDC776A4702EA22A0C0638FB35014A,직접자원단가,50.0,0.0,0.0,50.0,50.0,0.0,0.0,50.0,복원,,,,"=ROUND(E461+G461+I461, 2)",0.0,Works particular bill,461,data/unpacked/L2025-00085-1/붙임2. 현지입찰(신규입찰) 서류 및 계약서류(안)/IKHCC Section 4 - IKHCC BLANK BOQ 250903_최종/1 Architectural & summery/BILL No1 -Architectural Works-02. MEP BUILDING(BLANK BILL).xlsx,e882c3f7b2c691fc22ee6ee99fba87f9ca830eb3c133892b8c8800d7d02e97cb
기계·전기동,MEP BUILDING,01021204,01021204  METAL WORKS,THK 0.7 CORRUGATED STEEL SHEET,,M2,27.0,4531284DDC776A4702EA22A0C0638FB35014B,직접자원단가,50.0,0.0,0.0,50.0,1350.0,0.0,0.0,1350.0,복원,,,,"=ROUND(E462+G462+I462, 2)",0.0,Works particular bill,462,data/unpacked/L2025-00085-1/붙임2. 현지입찰(신규입찰) 서류 및 계약서류(안)/IKHCC Section 4 - IKHCC BLANK BOQ 250903_최종/1 Architectural & summery/BILL No1 -Architectural Works-02. MEP BUILDING(BLANK BILL).xlsx,e882c3f7b2c691fc22ee6ee99fba87f9ca830eb3c133892b8c8800d7d02e97cb
기계·전기동,MEP BUILDING,01021302,01021302  STEEL STRUCTURE WORKS,H Shape Steel,"SS275, 175*175*8*11mm",TON,0.867,43AE2142BE773DD372E74EE2E1A955D5C7A4A,직접자원단가,16.29267570169592,2.4113160038509966,0.0,18.703991705546915,14.125749833370362,2.090610975338814,0.0,16.216360808709176,복원,,,,"=ROUND(E509+G509+I509, 2)",0.0,Works particular bill,509,data/unpacked/L2025-00085-1/붙임2. 현지입찰(신규입찰) 서류 및 계약서류(안)/IKHCC Section 4 - IKHCC BLANK BOQ 250903_최종/1 Architectural & summery/BILL No1 -Architectural Works-02. MEP BUILDING(BLANK BILL).xlsx,e882c3f7b2c691fc22ee6ee99fba87f9ca830eb3c133892b8c8800d7d02e97cb
기계·전기동,MEP BUILDING,01021302,01021302  STEEL STRUCTURE WORKS,H Shape Steel,"SS275, 194*150*6*9mm",TON,1.276,43AE2142BE746970424045853B7FD2C14EBD8,직접자원단가,30.54876694067985,0.0,0.0,30.54876694067985,38.98022661630749,0.0,0.0,38.98022661630749,복원,,,,"=ROUND(E510+G510+I510, 2)",0.0,Works particular bill,510,data/unpacked/L2025-00085-1/붙임2. 현지입찰(신규입찰) 서류 및 계약서류(안)/IKHCC Section 4 - IKHCC BLANK BOQ 250903_최종/1 Architectural & summery/BILL No1 -Architectural Works-02. MEP BUILDING(BLANK BILL).xlsx,e882c3f7b2c691fc22ee6ee99fba87f9ca830eb3c133892b8c8800d7d02e97cb
기계·전기동,MEP BUILDING,01021302,01021302  STEEL STRUCTURE WORKS,Light Gage Steel,"C, 150*50*20, t3.2",TON,0.43,43AE2142BE746970424045853B7FD2C14EA36,직접자원단가,30.54876694067985,0.0,0.0,30.54876694067985,13.135969784492335,0.0,0.0,13.135969784492335,복원,,,,"=ROUND(E511+G511+I511, 2)",0.0,Works particular bill,511,data/unpacked/L2025-00085-1/붙임2. 현지입찰(신규입찰) 서류 및 계약서류(안)/IKHCC Section 4 - IKHCC BLANK BOQ 250903_최종/1 Architectural & summery/BILL No1 -Architectural Works-02. MEP BUILDING(BLANK BILL).xlsx,e882c3f7b2c691fc22ee6ee99fba87f9ca830eb3c133892b8c8800d7d02e97cb
기계·전기동,MEP BUILDING,01021302,01021302  STEEL STRUCTURE WORKS,Steel Plate,"SS275, 6.0mm",TON,0.031,4531284DDC776A4702EA22A0C0638FB35037B,직접자원단가,60.0,0.0,0.0,60.0,1.8599999999999999,0.0,0.0,1.8599999999999999,복원,,,,"=ROUND(E512+G512+I512, 2)",0.0,Works particular bill,512,data/unpacked/L2025-00085-1/붙임2. 현지입찰(신규입찰) 서류 및 계약서류(안)/IKHCC Section 4 - IKHCC BLANK BOQ 250903_최종/1 Architectural & summery/BILL No1 -Architectural Works-02. MEP BUILDING(BLANK BILL).xlsx,e882c3f7b2c691fc22ee6ee99fba87f9ca830eb3c133892b8c8800d7d02e97cb
기계·전기동,MEP BUILDING,01021302,01021302  STEEL STRUCTURE WORKS,Steel Plate,"SS275, 8.0mm",TON,0.047,448227450275CD2FB281D8393CD64,복합일위대가,0.32,0.0,0.0,0.32,0.01504,0.0,0.0,0.01504,복원,,,,"=ROUND(E513+G513+I513, 2)",0.0,Works particular bill,513,data/unpacked/L2025-00085-1/붙임2. 현지입찰(신규입찰) 서류 및 계약서류(안)/IKHCC Section 4 - IKHCC BLANK BOQ 250903_최종/1 Architectural & summery/BILL No1 -Architectural Works-02. MEP BUILDING(BLANK BILL).xlsx,e882c3f7b2c691fc22ee6ee99fba87f9ca830eb3c133892b8c8800d7d02e97cb
기계·전기동,MEP BUILDING,01021302,01021302  STEEL STRUCTURE WORKS,Steel Plate,"SS275, 9.0mm",TON,0.056,448227450275C8AE02615B1D5192C,복합일위대가,1.66,0.0,0.0,1.66,0.09296,0.0,0.0,0.09296,복원,,,,"=ROUND(E514+G514+I514, 2)",0.0,Works particular bill,514,data/unpacked/L2025-00085-1/붙임2. 현지입찰(신규입찰) 서류 및 계약서류(안)/IKHCC Section 4 - IKHCC BLANK BOQ 250903_최종/1 Architectural & summery/BILL No1 -Architectural Works-02. MEP BUILDING(BLANK BILL).xlsx,e882c3f7b2c691fc22ee6ee99fba87f9ca830eb3c133892b8c8800d7d02e97cb
기계·전기동,MEP BUILDING,01021302,01021302  STEEL STRUCTURE WORKS,Steel Plate,"SS275, 15mm",TON,0.046,448227450275C8AE02615B1D51A33,복합일위대가,1.39,0.0,0.0,1.39,0.06394,0.0,0.0,0.06394,복원,,,,"=ROUND(E515+G515+I515, 2)",0.0,Works particular bill,515,data/unpacked/L2025-00085-1/붙임2. 현지입찰(신규입찰) 서류 및 계약서류(안)/IKHCC Section 4 - IKHCC BLANK BOQ 250903_최종/1 Architectural & summery/BILL No1 -Architectural Works-02. MEP BUILDING(BLANK BILL).xlsx,e882c3f7b2c691fc22ee6ee99fba87f9ca830eb3c133892b8c8800d7d02e97cb
기계·전기동,MEP BUILDING,01021302,01021302  STEEL STRUCTURE WORKS,Steel Plate,"SS275, 19mm",TON,0.08,448227450275C8AE02615B1D51BD9,복합일위대가,1.02,0.0,0.0,1.02,0.0816,0.0,0.0,0.0816,복원,,,,"=ROUND(E516+G516+I516, 2)",0.0,Works particular bill,516,data/unpacked/L2025-00085-1/붙임2. 현지입찰(신규입찰) 서류 및 계약서류(안)/IKHCC Section 4 - IKHCC BLANK BOQ 250903_최종/1 Architectural & summery/BILL No1 -Architectural Works-02. MEP BUILDING(BLANK BILL).xlsx,e882c3f7b2c691fc22ee6ee99fba87f9ca830eb3c133892b8c8800d7d02e97cb
기계·전기동,MEP BUILDING,01021302,01021302  STEEL STRUCTURE WORKS,High Strength Bolt,"F10T, M20*50mm",SET,9.0,44822343C377C36F323EA2A4272DE,복합일위대가,0.0,10.11,0.0,10.11,0.0,90.99,0.0,90.99,복원,,,,"=ROUND(E517+G517+I517, 2)",0.0,Works particular bill,517,data/unpacked/L2025-00085-1/붙임2. 현지입찰(신규입찰) 서류 및 계약서류(안)/IKHCC Section 4 - IKHCC BLANK BOQ 250903_최종/1 Architectural & summery/BILL No1 -Architectural Works-02. MEP BUILDING(BLANK BILL).xlsx,e882c3f7b2c691fc22ee6ee99fba87f9ca830eb3c133892b8c8800d7d02e97cb
기계·전기동,MEP BUILDING,01021302,01021302  STEEL STRUCTURE WORKS,High Strength Bolt,"F10T, M20*55mm",SET,33.0,44822343C377C36F323EA2A427137,복합일위대가,0.0,10.11,0.0,10.11,0.0,333.63,0.0,333.63,복원,,,,"=ROUND(E518+G518+I518, 2)",0.0,Works particular bill,518,data/unpacked/L2025-00085-1/붙임2. 현지입찰(신규입찰) 서류 및 계약서류(안)/IKHCC Section 4 - IKHCC BLANK BOQ 250903_최종/1 Architectural & summery/BILL No1 -Architectural Works-02. MEP BUILDING(BLANK BILL).xlsx,e882c3f7b2c691fc22ee6ee99fba87f9ca830eb3c133892b8c8800d7d02e97cb
기계·전기동,MEP BUILDING,01021302,01021302  STEEL STRUCTURE WORKS,High Strength Bolt,"F10T, M20*65mm",SET,132.0,448223433D7911ED22A70309B9BA2,복합일위대가,0.0,10.26,0.0,10.26,0.0,1354.32,0.0,1354.32,복원,,,,"=ROUND(E519+G519+I519, 2)",0.0,Works particular bill,519,data/unpacked/L2025-00085-1/붙임2. 현지입찰(신규입찰) 서류 및 계약서류(안)/IKHCC Section 4 - IKHCC BLANK BOQ 250903_최종/1 Architectural & summery/BILL No1 -Architectural Works-02. MEP BUILDING(BLANK BILL).xlsx,e882c3f7b2c691fc22ee6ee99fba87f9ca830eb3c133892b8c8800d7d02e97cb
기계·전기동,MEP BUILDING,01021302,01021302  STEEL STRUCTURE WORKS,Anchor Bolt Install,M20*600mm,EA,17.0,448223433D703D80122AB3ECE4AAB,복합일위대가,0.32,0.0,0.0,0.32,5.44,0.0,0.0,5.44,복원,,,,"=ROUND(E520+G520+I520, 2)",0.0,Works particular bill,520,data/unpacked/L2025-00085-1/붙임2. 현지입찰(신규입찰) 서류 및 계약서류(안)/IKHCC Section 4 - IKHCC BLANK BOQ 250903_최종/1 Architectural & summery/BILL No1 -Architectural Works-02. MEP BUILDING(BLANK BILL).xlsx,e882c3f7b2c691fc22ee6ee99fba87f9ca830eb3c133892b8c8800d7d02e97cb
기계·전기동,MEP BUILDING,01021302,01021302  STEEL STRUCTURE WORKS,Set Anchor Bolt Install,M19*L150mm,EA,26.0,448223432376421D520C7F991B12F,복합일위대가,39.44,18.78,0.11,58.33,1025.44,488.28000000000003,2.86,1516.58,복원,,,,"=ROUND(E521+G521+I521, 2)",0.0,Works particular bill,521,data/unpacked/L2025-00085-1/붙임2. 현지입찰(신규입찰) 서류 및 계약서류(안)/IKHCC Section 4 - IKHCC BLANK BOQ 250903_최종/1 Architectural & summery/BILL No1 -Architectural Works-02. MEP BUILDING(BLANK BILL).xlsx,e882c3f7b2c691fc22ee6ee99fba87f9ca830eb3c133892b8c8800d7d02e97cb
기계·전기동,MEP BUILDING,01021302,01021302  STEEL STRUCTURE WORKS,The Square Steel Pipe For The Construction Structure,100*100*4.5mm(13.49kg),M,23.0,448223432376421D520C7F991B009,복합일위대가,60.53,25.49,0.11,86.13,1392.19,586.27,2.53,1980.9899999999998,복원,,,,"=ROUND(E522+G522+I522, 2)",0.0,Works particular bill,522,data/unpacked/L2025-00085-1/붙임2. 현지입찰(신규입찰) 서류 및 계약서류(안)/IKHCC Section 4 - IKHCC BLANK BOQ 250903_최종/1 Architectural & summery/BILL No1 -Architectural Works-02. MEP BUILDING(BLANK BILL).xlsx,e882c3f7b2c691fc22ee6ee99fba87f9ca830eb3c133892b8c8800d7d02e97cb
기계·전기동,MEP BUILDING,01021303,01021303  FINISH WORKS,0.1mm thick polyethylene sheet(2Layers) under blinding beds.,,M2,60.0,4531284DDC776A4702EA22A0C0638FB35037A,직접자원단가,0.06,0.75,0.0,0.81,3.5999999999999996,45.0,0.0,48.6,복원,,,,"=ROUND(E533+G533+I533, 2)",0.0,Works particular bill,533,data/unpacked/L2025-00085-1/붙임2. 현지입찰(신규입찰) 서류 및 계약서류(안)/IKHCC Section 4 - IKHCC BLANK BOQ 250903_최종/1 Architectural & summery/BILL No1 -Architectural Works-02. MEP BUILDING(BLANK BILL).xlsx,e882c3f7b2c691fc22ee6ee99fba87f9ca830eb3c133892b8c8800d7d02e97cb
기계·전기동,MEP BUILDING,01021304,01021304  METAL WORKS,THK 0.7 CORRUGATED STEEL SHEET,,M2,56.0,43AE2040227AB42452B29C82F0968C772EFD5,직접자원단가,23.624379767459086,0.0,0.0,23.624379767459086,1322.9652669777088,0.0,0.0,1322.9652669777088,복원,,,,"=ROUND(E557+G557+I557, 2)",0.0,Works particular bill,557,data/unpacked/L2025-00085-1/붙임2. 현지입찰(신규입찰) 서류 및 계약서류(안)/IKHCC Section 4 - IKHCC BLANK BOQ 250903_최종/1 Architectural & summery/BILL No1 -Architectural Works-02. MEP BUILDING(BLANK BILL).xlsx,e882c3f7b2c691fc22ee6ee99fba87f9ca830eb3c133892b8c8800d7d02e97cb
연결교량,BRIDGE,010301,010301  STRUCTURE WORKS,HD400 t10,,TON,5.644,43AE2142BE7340A6C27E35B211B31B0401B47,직접자원단가,650.0,50.0,5.0,705.0,3668.6,282.2,28.22,3979.02,복원,,,,"=ROUND(E5+G5+I5, 2)",0.0,Works particular bill,5,data/unpacked/L2025-00085-1/붙임2. 현지입찰(신규입찰) 서류 및 계약서류(안)/IKHCC Section 4 - IKHCC BLANK BOQ 250903_최종/1 Architectural & summery/BILL No1 -Architectural Works-03. BRIDGE(BLANK BILL).xlsx,9af2b1263622fb9487fbf8ea97b31ead65763962f1c58d657985557a58983e83
연결교량,BRIDGE,010301,010301  STRUCTURE WORKS,HD400 t12,,TON,1.382,43AE2142BE7340A6C27E35B211B31B0401B46,직접자원단가,650.0,50.0,5.0,705.0,898.3,69.1,6.909999999999999,974.31,복원,,,,"=ROUND(E6+G6+I6, 2)",0.0,Works particular bill,6,data/unpacked/L2025-00085-1/붙임2. 현지입찰(신규입찰) 서류 및 계약서류(안)/IKHCC Section 4 - IKHCC BLANK BOQ 250903_최종/1 Architectural & summery/BILL No1 -Architectural Works-03. BRIDGE(BLANK BILL).xlsx,9af2b1263622fb9487fbf8ea97b31ead65763962f1c58d657985557a58983e83
연결교량,BRIDGE,010301,010301  STRUCTURE WORKS,HD400 t16,,TON,0.465,43AE2142BE7340A6C27E35B211B31B0401B44,직접자원단가,650.0,50.0,5.0,705.0,302.25,23.25,2.325,327.82500000000005,복원,,,,"=ROUND(E7+G7+I7, 2)",0.0,Works particular bill,7,data/unpacked/L2025-00085-1/붙임2. 현지입찰(신규입찰) 서류 및 계약서류(안)/IKHCC Section 4 - IKHCC BLANK BOQ 250903_최종/1 Architectural & summery/BILL No1 -Architectural Works-03. BRIDGE(BLANK BILL).xlsx,9af2b1263622fb9487fbf8ea97b31ead65763962f1c58d657985557a58983e83
연결교량,BRIDGE,010301,010301  STRUCTURE WORKS,HD400 t20,,TON,11.424,43AE2142BE7340A6C27E35B211B31B0401B43,직접자원단가,650.0,50.0,5.0,705.0,7425.599999999999,571.1999999999999,57.12,8053.92,복원,,,,"=ROUND(E8+G8+I8, 2)",0.0,Works particular bill,8,data/unpacked/L2025-00085-1/붙임2. 현지입찰(신규입찰) 서류 및 계약서류(안)/IKHCC Section 4 - IKHCC BLANK BOQ 250903_최종/1 Architectural & summery/BILL No1 -Architectural Works-03. BRIDGE(BLANK BILL).xlsx,9af2b1263622fb9487fbf8ea97b31ead65763962f1c58d657985557a58983e83
연결교량,BRIDGE,010301,010301  STRUCTURE WORKS,HD400 t25,,TON,4.279,43AE2142BE7340A6C27E35B211B31B0401B42,직접자원단가,650.0,50.0,5.0,705.0,2781.35,213.95,21.395,3016.695,복원,,,,"=ROUND(E9+G9+I9, 2)",0.0,Works particular bill,9,data/unpacked/L2025-00085-1/붙임2. 현지입찰(신규입찰) 서류 및 계약서류(안)/IKHCC Section 4 - IKHCC BLANK BOQ 250903_최종/1 Architectural & summery/BILL No1 -Architectural Works-03. BRIDGE(BLANK BILL).xlsx,9af2b1263622fb9487fbf8ea97b31ead65763962f1c58d657985557a58983e83
연결교량,BRIDGE,010301,010301  STRUCTURE WORKS,concrete(reinforced concrete),"'f'c 350mpa, foucdation",M3,100.0,43AE2142BE72BAF102D45DD52A0CA81817C51,직접자원단가,90.0,10.0,5.0,105.0,9000.0,1000.0,500.0,10500.0,복원,,,,"=ROUND(E10+G10+I10, 2)",0.0,Works particular bill,10,data/unpacked/L2025-00085-1/붙임2. 현지입찰(신규입찰) 서류 및 계약서류(안)/IKHCC Section 4 - IKHCC BLANK BOQ 250903_최종/1 Architectural & summery/BILL No1 -Architectural Works-03. BRIDGE(BLANK BILL).xlsx,9af2b1263622fb9487fbf8ea97b31ead65763962f1c58d657985557a58983e83
연결교량,BRIDGE,010301,010301  STRUCTURE WORKS,concrete(reinforced concrete),"'f'c 300mpa, all members except foundation",M3,70.0,43AE2142BE72BAF102D45DD52A0CA81817F25,직접자원단가,90.0,10.0,5.0,105.0,6300.0,700.0,350.0,7350.0,복원,,,,"=ROUND(E11+G11+I11, 2)",0.0,Works particular bill,11,data/unpacked/L2025-00085-1/붙임2. 현지입찰(신규입찰) 서류 및 계약서류(안)/IKHCC Section 4 - IKHCC BLANK BOQ 250903_최종/1 Architectural & summery/BILL No1 -Architectural Works-03. BRIDGE(BLANK BILL).xlsx,9af2b1263622fb9487fbf8ea97b31ead65763962f1c58d657985557a58983e83
연결교량,BRIDGE,010301,010301  STRUCTURE WORKS,concrete(finish),"'f'c 120mpa, finish work",M3,18.0,43AE2142BE72BAF102D45DD52A0CA81817E1F,직접자원단가,65.0,10.0,2.0,77.0,1170.0,180.0,36.0,1386.0,복원,,,,"=ROUND(E12+G12+I12, 2)",0.0,Works particular bill,12,data/unpacked/L2025-00085-1/붙임2. 현지입찰(신규입찰) 서류 및 계약서류(안)/IKHCC Section 4 - IKHCC BLANK BOQ 250903_최종/1 Architectural & summery/BILL No1 -Architectural Works-03. BRIDGE(BLANK BILL).xlsx,9af2b1263622fb9487fbf8ea97b31ead65763962f1c58d657985557a58983e83
연결교량,BRIDGE,010301,010301  STRUCTURE WORKS,concrete(of leveling layer),"'f'c 80mpa, for leveling layer",M3,8.0,43AE2142BE72BAF102D45DD52A0CA8181799D,직접자원단가,60.0,10.0,2.0,72.0,480.0,80.0,16.0,576.0,복원,,,,"=ROUND(E13+G13+I13, 2)",0.0,Works particular bill,13,data/unpacked/L2025-00085-1/붙임2. 현지입찰(신규입찰) 서류 및 계약서류(안)/IKHCC Section 4 - IKHCC BLANK BOQ 250903_최종/1 Architectural & summery/BILL No1 -Architectural Works-03. BRIDGE(BLANK BILL).xlsx,9af2b1263622fb9487fbf8ea97b31ead65763962f1c58d657985557a58983e83
연결교량,BRIDGE,010301,010301  STRUCTURE WORKS,a mold for concrete,,M2,778.0,44822B4F067B863B02B72E9E748F6,복합일위대가,5.0,15.0,0.0,20.0,3890.0,11670.0,0.0,15560.0,복원,,,,"=ROUND(E14+G14+I14, 2)",0.0,Works particular bill,14,data/unpacked/L2025-00085-1/붙임2. 현지입찰(신규입찰) 서류 및 계약서류(안)/IKHCC Section 4 - IKHCC BLANK BOQ 250903_최종/1 Architectural & summery/BILL No1 -Architectural Works-03. BRIDGE(BLANK BILL).xlsx,9af2b1263622fb9487fbf8ea97b31ead65763962f1c58d657985557a58983e83
연결교량,BRIDGE,010302,010302  MASONRY WORKS,Brick,"190*90*57, FOR Interior wall",EA,3559.0,43AE2142BE7340A532FB6B275834A7AC3881A,직접자원단가,0.8146337850847961,0.0,0.0,0.8146337850847961,2899.281641116789,0.0,0.0,2899.281641116789,복원,,,,"=ROUND(E29+G29+I29, 2)",0.0,Works particular bill,29,data/unpacked/L2025-00085-1/붙임2. 현지입찰(신규입찰) 서류 및 계약서류(안)/IKHCC Section 4 - IKHCC BLANK BOQ 250903_최종/1 Architectural & summery/BILL No1 -Architectural Works-03. BRIDGE(BLANK BILL).xlsx,9af2b1263622fb9487fbf8ea97b31ead65763962f1c58d657985557a58983e83
연결교량,BRIDGE,010302,010302  MASONRY WORKS,"100mm thick brick, Interior wall",,M2,21.0,43AE2142BE7340A532FB6B275834A7AC3881B,직접자원단가,0.8146337850847961,0.0,0.0,0.8146337850847961,17.107309486780718,0.0,0.0,17.107309486780718,복원,,,,"=ROUND(E30+G30+I30, 2)",0.0,Works particular bill,30,data/unpacked/L2025-00085-1/붙임2. 현지입찰(신규입찰) 서류 및 계약서류(안)/IKHCC Section 4 - IKHCC BLANK BOQ 250903_최종/1 Architectural & summery/BILL No1 -Architectural Works-03. BRIDGE(BLANK BILL).xlsx,9af2b1263622fb9487fbf8ea97b31ead65763962f1c58d657985557a58983e83
연결교량,BRIDGE,010302,010302  MASONRY WORKS,"200mm thick brick, Interior wall",,M2,13.0,43AE204010766031C22ED812F512356699399,직접자원단가,1800.0,0.0,0.0,1800.0,23400.0,0.0,0.0,23400.0,복원,,,,"=ROUND(E31+G31+I31, 2)",0.0,Works particular bill,31,data/unpacked/L2025-00085-1/붙임2. 현지입찰(신규입찰) 서류 및 계약서류(안)/IKHCC Section 4 - IKHCC BLANK BOQ 250903_최종/1 Architectural & summery/BILL No1 -Architectural Works-03. BRIDGE(BLANK BILL).xlsx,9af2b1263622fb9487fbf8ea97b31ead65763962f1c58d657985557a58983e83
연결교량,BRIDGE,010302,010302  MASONRY WORKS,"Concrete Lintel, 200mm thick",,M,3.0,43AE204010766031C22ED812F51235669939A,직접자원단가,1800.0,0.0,0.0,1800.0,5400.0,0.0,0.0,5400.0,복원,,,,"=ROUND(E32+G32+I32, 2)",0.0,Works particular bill,32,data/unpacked/L2025-00085-1/붙임2. 현지입찰(신규입찰) 서류 및 계약서류(안)/IKHCC Section 4 - IKHCC BLANK BOQ 250903_최종/1 Architectural & summery/BILL No1 -Architectural Works-03. BRIDGE(BLANK BILL).xlsx,9af2b1263622fb9487fbf8ea97b31ead65763962f1c58d657985557a58983e83
연결교량,BRIDGE,010303,010303  FINISH WORKS,"Thk 2mm,Vinyl Sheet (B / HEAVY DUTY), W/Plastering 58mm thick on concrete floors",,M2,104.0,43AE204010766031C22ED812F5123566991E9,직접자원단가,3.0,0.0,0.0,3.0,312.0,0.0,0.0,312.0,복원,,,,"=ROUND(E53+G53+I53, 2)",0.0,Works particular bill,53,data/unpacked/L2025-00085-1/붙임2. 현지입찰(신규입찰) 서류 및 계약서류(안)/IKHCC Section 4 - IKHCC BLANK BOQ 250903_최종/1 Architectural & summery/BILL No1 -Architectural Works-03. BRIDGE(BLANK BILL).xlsx,9af2b1263622fb9487fbf8ea97b31ead65763962f1c58d657985557a58983e83
연결교량,BRIDGE,010303,010303  FINISH WORKS,"Supplying and laying of 100mm (h), 2T Vinyl Sheet skirting.",,M2,3.0,43AE204010766031C22ED812F5123566991EE,직접자원단가,3.0,0.0,0.0,3.0,9.0,0.0,0.0,9.0,복원,,,,"=ROUND(E54+G54+I54, 2)",0.0,Works particular bill,54,data/unpacked/L2025-00085-1/붙임2. 현지입찰(신규입찰) 서류 및 계약서류(안)/IKHCC Section 4 - IKHCC BLANK BOQ 250903_최종/1 Architectural & summery/BILL No1 -Architectural Works-03. BRIDGE(BLANK BILL).xlsx,9af2b1263622fb9487fbf8ea97b31ead65763962f1c58d657985557a58983e83
연결교량,BRIDGE,010303,010303  FINISH WORKS,"High density Insulation board on Slab,Thk 100mm",,M2,106.0,43AE204010766031C22ED812F5123566991EF,직접자원단가,3.0,0.0,0.0,3.0,318.0,0.0,0.0,318.0,복원,,,,"=ROUND(E55+G55+I55, 2)",0.0,Works particular bill,55,data/unpacked/L2025-00085-1/붙임2. 현지입찰(신규입찰) 서류 및 계약서류(안)/IKHCC Section 4 - IKHCC BLANK BOQ 250903_최종/1 Architectural & summery/BILL No1 -Architectural Works-03. BRIDGE(BLANK BILL).xlsx,9af2b1263622fb9487fbf8ea97b31ead65763962f1c58d657985557a58983e83
연결교량,BRIDGE,010303,010303  FINISH WORKS,"High density Insulation board under Slab,Thk 50mm",,M2,149.0,43AE204010766031C22ED812F5123566991EC,직접자원단가,20.0,19.76,0.4,40.160000000000004,2980.0,2944.2400000000002,59.6,5983.84,복원,,,,"=ROUND(E56+G56+I56, 2)",0.0,Works particular bill,56,data/unpacked/L2025-00085-1/붙임2. 현지입찰(신규입찰) 서류 및 계약서류(안)/IKHCC Section 4 - IKHCC BLANK BOQ 250903_최종/1 Architectural & summery/BILL No1 -Architectural Works-03. BRIDGE(BLANK BILL).xlsx,9af2b1263622fb9487fbf8ea97b31ead65763962f1c58d657985557a58983e83
연결교량,BRIDGE,010303,010303  FINISH WORKS,"EXPANDED POLYSTYRENE,Thk 20mm",,M2,10.0,43AE204010766031C22ED812F5123566991ED,직접자원단가,0.79,0.19,0.05,1.03,7.9,1.9,0.5,10.3,복원,,,,"=ROUND(E57+G57+I57, 2)",0.0,Works particular bill,57,data/unpacked/L2025-00085-1/붙임2. 현지입찰(신규입찰) 서류 및 계약서류(안)/IKHCC Section 4 - IKHCC BLANK BOQ 250903_최종/1 Architectural & summery/BILL No1 -Architectural Works-03. BRIDGE(BLANK BILL).xlsx,9af2b1263622fb9487fbf8ea97b31ead65763962f1c58d657985557a58983e83
연결교량,BRIDGE,010303,010303  FINISH WORKS,THK0.1 PE FILM 2Layers,,M2,115.0,43AE204010766031C22ED812F5123566991E2,직접자원단가,6.88,22.65,0.0,29.529999999999998,791.1999999999999,2604.75,0.0,3395.95,복원,,,,"=ROUND(E58+G58+I58, 2)",0.0,Works particular bill,58,data/unpacked/L2025-00085-1/붙임2. 현지입찰(신규입찰) 서류 및 계약서류(안)/IKHCC Section 4 - IKHCC BLANK BOQ 250903_최종/1 Architectural & summery/BILL No1 -Architectural Works-03. BRIDGE(BLANK BILL).xlsx,9af2b1263622fb9487fbf8ea97b31ead65763962f1c58d657985557a58983e83
연결교량,BRIDGE,010303,010303  FINISH WORKS,0.1mm thick polyethylene sheet(2Layers) under blinding beds.,,M2,121.0,43AE204010766031C22ED812F5123566991E3,직접자원단가,1.0,0.29,0.03,1.32,121.0,35.089999999999996,3.63,159.72,복원,,,,"=ROUND(E59+G59+I59, 2)",0.0,Works particular bill,59,data/unpacked/L2025-00085-1/붙임2. 현지입찰(신규입찰) 서류 및 계약서류(안)/IKHCC Section 4 - IKHCC BLANK BOQ 250903_최종/1 Architectural & summery/BILL No1 -Architectural Works-03. BRIDGE(BLANK BILL).xlsx,9af2b1263622fb9487fbf8ea97b31ead65763962f1c58d657985557a58983e83
연결교량,BRIDGE,010303,010303  FINISH WORKS,EXT. INSUL. FIN. SYS.,50mm,M2,274.0,43AE204010766031C22ED812F5123566990C4,직접자원단가,1.0,0.58,0.06,1.6400000000000001,274.0,158.92,16.439999999999998,449.36,복원,,,,"=ROUND(E60+G60+I60, 2)",0.0,Works particular bill,60,data/unpacked/L2025-00085-1/붙임2. 현지입찰(신규입찰) 서류 및 계약서류(안)/IKHCC Section 4 - IKHCC BLANK BOQ 250903_최종/1 Architectural & summery/BILL No1 -Architectural Works-03. BRIDGE(BLANK BILL).xlsx,9af2b1263622fb9487fbf8ea97b31ead65763962f1c58d657985557a58983e83
연결교량,BRIDGE,010304,010304  WATERPROOFING WORKS,Caulking,"Size 10mm * 10mm, Around The door & window",M,301.0,43AE2142BE708CFFD20BAA9FB5BFCB1E3CD03,직접자원단가,0.3,0.03,0.0,0.32999999999999996,90.3,9.03,0.0,99.32999999999998,복원,,,,"=ROUND(E77+G77+I77, 2)",0.0,Works particular bill,77,data/unpacked/L2025-00085-1/붙임2. 현지입찰(신규입찰) 서류 및 계약서류(안)/IKHCC Section 4 - IKHCC BLANK BOQ 250903_최종/1 Architectural & summery/BILL No1 -Architectural Works-03. BRIDGE(BLANK BILL).xlsx,9af2b1263622fb9487fbf8ea97b31ead65763962f1c58d657985557a58983e83
연결교량,BRIDGE,010304,010304  WATERPROOFING WORKS,"Expansion joint, On Roof @3000x3000",,M,111.0,4531284DDC776A4702EA22A0C0638FB35052E,직접자원단가,6.0,4.0,0.21,10.21,666.0,444.0,23.31,1133.3100000000002,복원,,,,"=ROUND(E78+G78+I78, 2)",0.0,Works particular bill,78,data/unpacked/L2025-00085-1/붙임2. 현지입찰(신규입찰) 서류 및 계약서류(안)/IKHCC Section 4 - IKHCC BLANK BOQ 250903_최종/1 Architectural & summery/BILL No1 -Architectural Works-03. BRIDGE(BLANK BILL).xlsx,9af2b1263622fb9487fbf8ea97b31ead65763962f1c58d657985557a58983e83
연결교량,BRIDGE,010304,010304  WATERPROOFING WORKS,Multi-layer composite waterproofin,FLOOR,M2,115.0,4531284DDC776A4702EA22A0C0638FB350521,직접자원단가,7.0,4.0,0.21,11.21,805.0,460.0,24.15,1289.15,복원,,,,"=ROUND(E79+G79+I79, 2)",0.0,Works particular bill,79,data/unpacked/L2025-00085-1/붙임2. 현지입찰(신규입찰) 서류 및 계약서류(안)/IKHCC Section 4 - IKHCC BLANK BOQ 250903_최종/1 Architectural & summery/BILL No1 -Architectural Works-03. BRIDGE(BLANK BILL).xlsx,9af2b1263622fb9487fbf8ea97b31ead65763962f1c58d657985557a58983e83
연결교량,BRIDGE,010304,010304  WATERPROOFING WORKS,Multi-layer composite waterproofin,WALL,M2,37.0,4531284DDC776A4702EA22A0C0638FB350520,직접자원단가,4.0,5.0,0.0,9.0,148.0,185.0,0.0,333.0,복원,,,,"=ROUND(E80+G80+I80, 2)",0.0,Works particular bill,80,data/unpacked/L2025-00085-1/붙임2. 현지입찰(신규입찰) 서류 및 계약서류(안)/IKHCC Section 4 - IKHCC BLANK BOQ 250903_최종/1 Architectural & summery/BILL No1 -Architectural Works-03. BRIDGE(BLANK BILL).xlsx,9af2b1263622fb9487fbf8ea97b31ead65763962f1c58d657985557a58983e83
연결교량,BRIDGE,010305,010305  METAL WORKS,Suspended PVC Ceiling on M-Bar System,,M2,104.0,4531284DDC776A4702EA22A0C0638FB350402,직접자원단가,69.0,0.0,0.0,69.0,7176.0,0.0,0.0,7176.0,복원,,,,"=ROUND(E101+G101+I101, 2)",0.0,Works particular bill,101,data/unpacked/L2025-00085-1/붙임2. 현지입찰(신규입찰) 서류 및 계약서류(안)/IKHCC Section 4 - IKHCC BLANK BOQ 250903_최종/1 Architectural & summery/BILL No1 -Architectural Works-03. BRIDGE(BLANK BILL).xlsx,9af2b1263622fb9487fbf8ea97b31ead65763962f1c58d657985557a58983e83
연결교량,BRIDGE,010305,010305  METAL WORKS,"AL moulding W-type,15*15*15*15*1.0mm",,M,72.0,4482224D7C7851A6F27977E396BAC,복합일위대가,20.0,10.0,5.0,35.0,1440.0,720.0,360.0,2520.0,복원,,,,"=ROUND(E102+G102+I102, 2)",0.0,Works particular bill,102,data/unpacked/L2025-00085-1/붙임2. 현지입찰(신규입찰) 서류 및 계약서류(안)/IKHCC Section 4 - IKHCC BLANK BOQ 250903_최종/1 Architectural & summery/BILL No1 -Architectural Works-03. BRIDGE(BLANK BILL).xlsx,9af2b1263622fb9487fbf8ea97b31ead65763962f1c58d657985557a58983e83
연결교량,BRIDGE,010305,010305  METAL WORKS,"Supply and fixed of Wiremesh On Floor, #8-150*150",,M2,115.0,4482224D7C7851A6F27977E3968D8,복합일위대가,60.0,5.0,2.0,67.0,6900.0,575.0,230.0,7705.0,복원,,,,"=ROUND(E103+G103+I103, 2)",0.0,Works particular bill,103,data/unpacked/L2025-00085-1/붙임2. 현지입찰(신규입찰) 서류 및 계약서류(안)/IKHCC Section 4 - IKHCC BLANK BOQ 250903_최종/1 Architectural & summery/BILL No1 -Architectural Works-03. BRIDGE(BLANK BILL).xlsx,9af2b1263622fb9487fbf8ea97b31ead65763962f1c58d657985557a58983e83
연결교량,BRIDGE,010305,010305  METAL WORKS,"Expansion joint, On Floor",,M,4.0,4482224D7C7851A6F27977E3969FE,복합일위대가,65.26,27.74,0.0,93.0,261.04,110.96,0.0,372.0,복원,,,,"=ROUND(E104+G104+I104, 2)",0.0,Works particular bill,104,data/unpacked/L2025-00085-1/붙임2. 현지입찰(신규입찰) 서류 및 계약서류(안)/IKHCC Section 4 - IKHCC BLANK BOQ 250903_최종/1 Architectural & summery/BILL No1 -Architectural Works-03. BRIDGE(BLANK BILL).xlsx,9af2b1263622fb9487fbf8ea97b31ead65763962f1c58d657985557a58983e83
연결교량,BRIDGE,010305,010305  METAL WORKS,"Expansion joint, On Wall",,M,6.0,4482224D7C7A0028821FB2B683454,복합일위대가,60.0,5.0,2.0,67.0,360.0,30.0,12.0,402.0,복원,,,,"=ROUND(E105+G105+I105, 2)",0.0,Works particular bill,105,data/unpacked/L2025-00085-1/붙임2. 현지입찰(신규입찰) 서류 및 계약서류(안)/IKHCC Section 4 - IKHCC BLANK BOQ 250903_최종/1 Architectural & summery/BILL No1 -Architectural Works-03. BRIDGE(BLANK BILL).xlsx,9af2b1263622fb9487fbf8ea97b31ead65763962f1c58d657985557a58983e83
연결교량,BRIDGE,010305,010305  METAL WORKS,"Expansion joint, On PARAPET",,M,4.0,4531284DDC776A4702EA22A0C0638FB350401,직접자원단가,3.0,2.09,0.03,5.12,12.0,8.36,0.12,20.48,복원,,,,"=ROUND(E106+G106+I106, 2)",0.0,Works particular bill,106,data/unpacked/L2025-00085-1/붙임2. 현지입찰(신규입찰) 서류 및 계약서류(안)/IKHCC Section 4 - IKHCC BLANK BOQ 250903_최종/1 Architectural & summery/BILL No1 -Architectural Works-03. BRIDGE(BLANK BILL).xlsx,9af2b1263622fb9487fbf8ea97b31ead65763962f1c58d657985557a58983e83
연결교량,BRIDGE,010305,010305  METAL WORKS,"Expansion joint, On CEILING",,M,4.0,4482204849760A9E127F495A4C95F,복합일위대가,47.44,34.64,0.68,82.76,189.76,138.56,2.72,331.04,복원,,,,"=ROUND(E107+G107+I107, 2)",0.0,Works particular bill,107,data/unpacked/L2025-00085-1/붙임2. 현지입찰(신규입찰) 서류 및 계약서류(안)/IKHCC Section 4 - IKHCC BLANK BOQ 250903_최종/1 Architectural & summery/BILL No1 -Architectural Works-03. BRIDGE(BLANK BILL).xlsx,9af2b1263622fb9487fbf8ea97b31ead65763962f1c58d657985557a58983e83
연결교량,BRIDGE,010306,010306  PLASTER WORKS,"Mortar, W/Plastering 20mm thick on concrete walls",,M2,124.0,4482224D47745562E22E70D7BC09A,복합일위대가,2.0,3.0,0.0,5.0,248.0,372.0,0.0,620.0,복원,,,,"=ROUND(E125+G125+I125, 2)",0.0,Works particular bill,125,data/unpacked/L2025-00085-1/붙임2. 현지입찰(신규입찰) 서류 및 계약서류(안)/IKHCC Section 4 - IKHCC BLANK BOQ 250903_최종/1 Architectural & summery/BILL No1 -Architectural Works-03. BRIDGE(BLANK BILL).xlsx,9af2b1263622fb9487fbf8ea97b31ead65763962f1c58d657985557a58983e83
연결교량,BRIDGE,010306,010306  PLASTER WORKS,CONCRETE SURFACE TREATMENT,WALL,M2,37.0,4531284DDC776A4702EA22A0C0638FB350406,직접자원단가,1.65,3.0,0.0,4.65,61.05,111.0,0.0,172.05,복원,,,,"=ROUND(E126+G126+I126, 2)",0.0,Works particular bill,126,data/unpacked/L2025-00085-1/붙임2. 현지입찰(신규입찰) 서류 및 계약서류(안)/IKHCC Section 4 - IKHCC BLANK BOQ 250903_최종/1 Architectural & summery/BILL No1 -Architectural Works-03. BRIDGE(BLANK BILL).xlsx,9af2b1263622fb9487fbf8ea97b31ead65763962f1c58d657985557a58983e83
연결교량,BRIDGE,010306,010306  PLASTER WORKS,Steel Troweled,Floor,M2,230.0,4531284DDC776A4702EA22A0C0638FB350407,직접자원단가,2.71,3.0,0.0,5.71,623.3,690.0,0.0,1313.3,복원,,,,"=ROUND(E127+G127+I127, 2)",0.0,Works particular bill,127,data/unpacked/L2025-00085-1/붙임2. 현지입찰(신규입찰) 서류 및 계약서류(안)/IKHCC Section 4 - IKHCC BLANK BOQ 250903_최종/1 Architectural & summery/BILL No1 -Architectural Works-03. BRIDGE(BLANK BILL).xlsx,9af2b1263622fb9487fbf8ea97b31ead65763962f1c58d657985557a58983e83
연결교량,BRIDGE,010306,010306  PLASTER WORKS,Mortar Infill,Around The door & window,M,42.0,4531284DDC776A4702EA22A0C0638FB350404,직접자원단가,3.37,3.0,0.0,6.37,141.54,126.0,0.0,267.54,복원,,,,"=ROUND(E128+G128+I128, 2)",0.0,Works particular bill,128,data/unpacked/L2025-00085-1/붙임2. 현지입찰(신규입찰) 서류 및 계약서류(안)/IKHCC Section 4 - IKHCC BLANK BOQ 250903_최종/1 Architectural & summery/BILL No1 -Architectural Works-03. BRIDGE(BLANK BILL).xlsx,9af2b1263622fb9487fbf8ea97b31ead65763962f1c58d657985557a58983e83
연결교량,BRIDGE,010306,010306  PLASTER WORKS,Urethane Foam Filling,Around The door & window,M,109.0,4531284DDC776A4702EA22A0C0638FB350405,직접자원단가,1.52,3.0,0.0,4.52,165.68,327.0,0.0,492.67999999999995,복원,,,,"=ROUND(E129+G129+I129, 2)",0.0,Works particular bill,129,data/unpacked/L2025-00085-1/붙임2. 현지입찰(신규입찰) 서류 및 계약서류(안)/IKHCC Section 4 - IKHCC BLANK BOQ 250903_최종/1 Architectural & summery/BILL No1 -Architectural Works-03. BRIDGE(BLANK BILL).xlsx,9af2b1263622fb9487fbf8ea97b31ead65763962f1c58d657985557a58983e83
연결교량,BRIDGE,010307,010307  DOORS & WINDOWS WORKS-1,AW19/01. HOSPITAL/60*150 AL,3.200 x 2.400 = 7.680,EA,4.0,43AE2142BE750E32422BE6D9DD3406C76FA01,직접자원단가,5.0,0.0,0.0,5.0,20.0,0.0,0.0,20.0,복원,,,,"=ROUND(E149+G149+I149, 2)",0.0,Works particular bill,149,data/unpacked/L2025-00085-1/붙임2. 현지입찰(신규입찰) 서류 및 계약서류(안)/IKHCC Section 4 - IKHCC BLANK BOQ 250903_최종/1 Architectural & summery/BILL No1 -Architectural Works-03. BRIDGE(BLANK BILL).xlsx,9af2b1263622fb9487fbf8ea97b31ead65763962f1c58d657985557a58983e83
연결교량,BRIDGE,010307,010307  DOORS & WINDOWS WORKS-1,AW19A/01. HOSPITAL/60*150 AL,3.200 x 2.400 = 7.680,EA,2.0,4531284DDC776A4702EA22A0C0638FB35040A,직접자원단가,110.0,20.0,0.0,130.0,220.0,40.0,0.0,260.0,복원,,,,"=ROUND(E150+G150+I150, 2)",0.0,Works particular bill,150,data/unpacked/L2025-00085-1/붙임2. 현지입찰(신규입찰) 서류 및 계약서류(안)/IKHCC Section 4 - IKHCC BLANK BOQ 250903_최종/1 Architectural & summery/BILL No1 -Architectural Works-03. BRIDGE(BLANK BILL).xlsx,9af2b1263622fb9487fbf8ea97b31ead65763962f1c58d657985557a58983e83
연결교량,BRIDGE,010307,010307  DOORS & WINDOWS WORKS-1,AW19B/01. HOSPITAL/60*150 AL,3.200 x 2.400 = 7.680,EA,6.0,4531284DDC776A4702EA22A0C0638FB35040B,직접자원단가,130.0,0.0,0.0,130.0,780.0,0.0,0.0,780.0,복원,,,,"=ROUND(E151+G151+I151, 2)",0.0,Works particular bill,151,data/unpacked/L2025-00085-1/붙임2. 현지입찰(신규입찰) 서류 및 계약서류(안)/IKHCC Section 4 - IKHCC BLANK BOQ 250903_최종/1 Architectural & summery/BILL No1 -Architectural Works-03. BRIDGE(BLANK BILL).xlsx,9af2b1263622fb9487fbf8ea97b31ead65763962f1c58d657985557a58983e83
연결교량,BRIDGE,010307,010307  DOORS & WINDOWS WORKS-1,FSD02/01. HOSPITAL/STL DOUBLE DOOR,1.800 x 2.200 = 3.960,EA,2.0,4531284DDC776A4702EA22A0C0638FB3507D6,직접자원단가,15.0,2.04,0.0,17.04,30.0,4.08,0.0,34.08,복원,,,,"=ROUND(E152+G152+I152, 2)",0.0,Works particular bill,152,data/unpacked/L2025-00085-1/붙임2. 현지입찰(신규입찰) 서류 및 계약서류(안)/IKHCC Section 4 - IKHCC BLANK BOQ 250903_최종/1 Architectural & summery/BILL No1 -Architectural Works-03. BRIDGE(BLANK BILL).xlsx,9af2b1263622fb9487fbf8ea97b31ead65763962f1c58d657985557a58983e83
연결교량,BRIDGE,010308,010308  GLASS WORKS,Double Glazing,"Double glazing, Transparent, 24 mm",M2,93.0,4531284DDC776A4702EA22A0C0638FB347F74,직접자원단가,40.0,10.0,0.19,50.19,3720.0,930.0,17.67,4667.67,복원,,,,"=ROUND(E173+G173+I173, 2)",0.0,Works particular bill,173,data/unpacked/L2025-00085-1/붙임2. 현지입찰(신규입찰) 서류 및 계약서류(안)/IKHCC Section 4 - IKHCC BLANK BOQ 250903_최종/1 Architectural & summery/BILL No1 -Architectural Works-03. BRIDGE(BLANK BILL).xlsx,9af2b1263622fb9487fbf8ea97b31ead65763962f1c58d657985557a58983e83
연결교량,BRIDGE,010308,010308  GLASS WORKS,Window Glass Installation / Double Glazing,Glass thickness less than 24mm,M2,93.0,4482204849760A9E127F4949DD94E,복합일위대가,9.0,0.0,0.0,9.0,837.0,0.0,0.0,837.0,복원,,,,"=ROUND(E174+G174+I174, 2)",0.0,Works particular bill,174,data/unpacked/L2025-00085-1/붙임2. 현지입찰(신규입찰) 서류 및 계약서류(안)/IKHCC Section 4 - IKHCC BLANK BOQ 250903_최종/1 Architectural & summery/BILL No1 -Architectural Works-03. BRIDGE(BLANK BILL).xlsx,9af2b1263622fb9487fbf8ea97b31ead65763962f1c58d657985557a58983e83
연결교량,BRIDGE,010308,010308  GLASS WORKS,Caulking around double glazing,"5*5, silicone",M,726.0,4482204849760A9E127F4949C332C,복합일위대가,33.36,0.0,0.0,33.36,24219.36,0.0,0.0,24219.36,복원,,,,"=ROUND(E175+G175+I175, 2)",0.0,Works particular bill,175,data/unpacked/L2025-00085-1/붙임2. 현지입찰(신규입찰) 서류 및 계약서류(안)/IKHCC Section 4 - IKHCC BLANK BOQ 250903_최종/1 Architectural & summery/BILL No1 -Architectural Works-03. BRIDGE(BLANK BILL).xlsx,9af2b1263622fb9487fbf8ea97b31ead65763962f1c58d657985557a58983e83
연결교량,BRIDGE,010309,010309  PAINTERS WORKS,Rust Resisting Paint,Steel Frame Face,M2,4.0,4530234CF57486DF6239DCFA4C4,직접자원단가,4887.802710508777,602.8290009627491,325.85351403391843,5816.485225505444,19551.210842035107,2411.3160038509964,1303.4140561356737,23265.940902021775,복원,,,,"=ROUND(E197+G197+I197, 2)",0.0,Works particular bill,197,data/unpacked/L2025-00085-1/붙임2. 현지입찰(신규입찰) 서류 및 계약서류(안)/IKHCC Section 4 - IKHCC BLANK BOQ 250903_최종/1 Architectural & summery/BILL No1 -Architectural Works-03. BRIDGE(BLANK BILL).xlsx,9af2b1263622fb9487fbf8ea97b31ead65763962f1c58d657985557a58983e83
연결교량,BRIDGE,010309,010309  PAINTERS WORKS,Ready Mixed Paint,Steel Frame Face,M2,4.0,4530234CF57486DF6239DCFA4CB,직접자원단가,651.7070280678369,90.42435014441236,44.80485817966378,786.9362363919131,2606.8281122713474,361.69740057764943,179.21943271865513,3147.7449455676524,복원,,,,"=ROUND(E198+G198+I198, 2)",0.0,Works particular bill,198,data/unpacked/L2025-00085-1/붙임2. 현지입찰(신규입찰) 서류 및 계약서류(안)/IKHCC Section 4 - IKHCC BLANK BOQ 250903_최종/1 Architectural & summery/BILL No1 -Architectural Works-03. BRIDGE(BLANK BILL).xlsx,9af2b1263622fb9487fbf8ea97b31ead65763962f1c58d657985557a58983e83
연결교량,BRIDGE,010309,010309  PAINTERS WORKS,Painting on plastered surfaces including Emulsion Paint as per drawing and as specified. (Plastering measured seperately,,M2,124.0,4530234CF57486DF6239DCFA4CA,직접자원단가,162.92675701695921,15.070725024068727,10.182922313559951,188.1804043545879,20202.91787010294,1868.769902984522,1262.6823668814338,23334.370139968898,복원,,,,"=ROUND(E199+G199+I199, 2)",0.0,Works particular bill,199,data/unpacked/L2025-00085-1/붙임2. 현지입찰(신규입찰) 서류 및 계약서류(안)/IKHCC Section 4 - IKHCC BLANK BOQ 250903_최종/1 Architectural & summery/BILL No1 -Architectural Works-03. BRIDGE(BLANK BILL).xlsx,9af2b1263622fb9487fbf8ea97b31ead65763962f1c58d657985557a58983e83
