bid_no,project_no,source_file,source_sheet,source_row,facility,scope_multiplier_scenario_low,scope_multiplier_scenario_high,scope_multiplier_basis,element_context,heading_context,row_type,item_code,description,trade_group,unit_raw,unit_normalized,quantity_base,quantity_formula,quantity_scaled_low,quantity_scaled_high,rate_ugx,rate_formula,amount_ugx,amount_formula,is_priced,qc_flag
L2023-00009-1,2019-00005,data/unpacked/L2023-00009-1/2. 입찰서류(영문)/Part 2(░·╛≈┴÷╜├╝¡)/Section 4. Bill of Quantities_unpriced.xlsx,PRELIMINARIES,7,공통가설·일반조건,1,1,세부시트 1식,,,item_unquantified,A,Bidder to visit Site,가설·일반조건,,,,,,,,,,,False,unquantified_allowance;unpriced_source
L2023-00009-1,2019-00005,data/unpacked/L2023-00009-1/2. 입찰서류(영문)/Part 2(░·╛≈┴÷╜├╝¡)/Section 4. Bill of Quantities_unpriced.xlsx,PRELIMINARIES,8,공통가설·일반조건,1,1,세부시트 1식,,,item_unquantified,B,Measurements,가설·일반조건,,,,,,,,,,,False,unquantified_allowance;unpriced_source
L2023-00009-1,2019-00005,data/unpacked/L2023-00009-1/2. 입찰서류(영문)/Part 2(░·╛≈┴÷╜├╝¡)/Section 4. Bill of Quantities_unpriced.xlsx,PRELIMINARIES,9,공통가설·일반조건,1,1,세부시트 1식,,,item_unquantified,C,Samples (Materials),가설·일반조건,,,,,,,,,,,False,unquantified_allowance;unpriced_source
L2023-00009-1,2019-00005,data/unpacked/L2023-00009-1/2. 입찰서류(영문)/Part 2(░·╛≈┴÷╜├╝¡)/Section 4. Bill of Quantities_unpriced.xlsx,PRELIMINARIES,10,공통가설·일반조건,1,1,세부시트 1식,,,item_unquantified,D,Rejected Workmanship or Materials,가설·일반조건,,,,,,,,,,,False,unquantified_allowance;unpriced_source
L2023-00009-1,2019-00005,data/unpacked/L2023-00009-1/2. 입찰서류(영문)/Part 2(░·╛≈┴÷╜├╝¡)/Section 4. Bill of Quantities_unpriced.xlsx,PRELIMINARIES,11,공통가설·일반조건,1,1,세부시트 1식,,,item_unquantified,E,Program and Progress,가설·일반조건,,,,,,,,,,,False,unquantified_allowance;unpriced_source
L2023-00009-1,2019-00005,data/unpacked/L2023-00009-1/2. 입찰서류(영문)/Part 2(░·╛≈┴÷╜├╝¡)/Section 4. Bill of Quantities_unpriced.xlsx,PRELIMINARIES,12,공통가설·일반조건,1,1,세부시트 1식,,,item_unquantified,F,Progress Photographs,가설·일반조건,,,,,,,,,,,False,unquantified_allowance;unpriced_source
L2023-00009-1,2019-00005,data/unpacked/L2023-00009-1/2. 입찰서류(영문)/Part 2(░·╛≈┴÷╜├╝¡)/Section 4. Bill of Quantities_unpriced.xlsx,PRELIMINARIES,14,공통가설·일반조건,1,1,세부시트 1식,,,item_unquantified,2,TESTING,가설·일반조건,,,,,,,,,,,False,unquantified_allowance;unpriced_source
L2023-00009-1,2019-00005,data/unpacked/L2023-00009-1/2. 입찰서류(영문)/Part 2(░·╛≈┴÷╜├╝¡)/Section 4. Bill of Quantities_unpriced.xlsx,PRELIMINARIES,15,공통가설·일반조건,1,1,세부시트 1식,,,item_unquantified,A,Concrete Tests,가설·일반조건,,,,,,,,,,,False,unquantified_allowance;unpriced_source
L2023-00009-1,2019-00005,data/unpacked/L2023-00009-1/2. 입찰서류(영문)/Part 2(░·╛≈┴÷╜├╝¡)/Section 4. Bill of Quantities_unpriced.xlsx,PRELIMINARIES,16,공통가설·일반조건,1,1,세부시트 1식,,,item_unquantified,B,Payment for materials on Site,가설·일반조건,,,,,,,,,,,False,unquantified_allowance;unpriced_source
L2023-00009-1,2019-00005,data/unpacked/L2023-00009-1/2. 입찰서류(영문)/Part 2(░·╛≈┴÷╜├╝¡)/Section 4. Bill of Quantities_unpriced.xlsx,PRELIMINARIES,17,공통가설·일반조건,1,1,세부시트 1식,,,item_unquantified,C,Priced Bills of Quantities,가설·일반조건,,,,,,,,,,,False,unquantified_allowance;unpriced_source
L2023-00009-1,2019-00005,data/unpacked/L2023-00009-1/2. 입찰서류(영문)/Part 2(░·╛≈┴÷╜├╝¡)/Section 4. Bill of Quantities_unpriced.xlsx,PRELIMINARIES,18,공통가설·일반조건,1,1,세부시트 1식,,,item_unquantified,D,Working and Storage Space,가설·일반조건,,,,,,,,,,,False,unquantified_allowance;unpriced_source
L2023-00009-1,2019-00005,data/unpacked/L2023-00009-1/2. 입찰서류(영문)/Part 2(░·╛≈┴÷╜├╝¡)/Section 4. Bill of Quantities_unpriced.xlsx,PRELIMINARIES,19,공통가설·일반조건,1,1,세부시트 1식,,,item_unquantified,E,Site Instructions Book,가설·일반조건,,,,,,,,,,,False,unquantified_allowance;unpriced_source
L2023-00009-1,2019-00005,data/unpacked/L2023-00009-1/2. 입찰서류(영문)/Part 2(░·╛≈┴÷╜├╝¡)/Section 4. Bill of Quantities_unpriced.xlsx,PRELIMINARIES,21,공통가설·일반조건,1,1,세부시트 1식,,,item_unquantified,3,GENERAL MATTERS,가설·일반조건,,,,,,,,,,,False,unquantified_allowance;unpriced_source
L2023-00009-1,2019-00005,data/unpacked/L2023-00009-1/2. 입찰서류(영문)/Part 2(░·╛≈┴÷╜├╝¡)/Section 4. Bill of Quantities_unpriced.xlsx,PRELIMINARIES,22,공통가설·일반조건,1,1,세부시트 1식,,,item_unquantified,A,Tools and Plant,가설·일반조건,,,,,,,,,,,False,unquantified_allowance;unpriced_source
L2023-00009-1,2019-00005,data/unpacked/L2023-00009-1/2. 입찰서류(영문)/Part 2(░·╛≈┴÷╜├╝¡)/Section 4. Bill of Quantities_unpriced.xlsx,PRELIMINARIES,23,공통가설·일반조건,1,1,세부시트 1식,,,item_unquantified,B,"Safety, Health and Welfare of Work people",가설·일반조건,,,,,,,,,,,False,unquantified_allowance;unpriced_source
L2023-00009-1,2019-00005,data/unpacked/L2023-00009-1/2. 입찰서류(영문)/Part 2(░·╛≈┴÷╜├╝¡)/Section 4. Bill of Quantities_unpriced.xlsx,PRELIMINARIES,24,공통가설·일반조건,1,1,세부시트 1식,,(i) HIV/AIDS and STD Prevention and Sensitization,heading,,(i) HIV/AIDS and STD Prevention and Sensitization,가설·일반조건,,,,,,,,,,,False,unpriced_source
L2023-00009-1,2019-00005,data/unpacked/L2023-00009-1/2. 입찰서류(영문)/Part 2(░·╛≈┴÷╜├╝¡)/Section 4. Bill of Quantities_unpriced.xlsx,PRELIMINARIES,25,공통가설·일반조건,1,1,세부시트 1식,,(ii) Environmental Social Safeguards compliance,heading,,(ii) Environmental Social Safeguards compliance,가설·일반조건,,,,,,,,,,,False,unpriced_source
L2023-00009-1,2019-00005,data/unpacked/L2023-00009-1/2. 입찰서류(영문)/Part 2(░·╛≈┴÷╜├╝¡)/Section 4. Bill of Quantities_unpriced.xlsx,PRELIMINARIES,26,공통가설·일반조건,1,1,세부시트 1식,,(ii) Environmental Social Safeguards compliance,item_unquantified,C,Holidays and Transport for Work people,가설·일반조건,,,,,,,,,,,False,unquantified_allowance;unpriced_source
L2023-00009-1,2019-00005,data/unpacked/L2023-00009-1/2. 입찰서류(영문)/Part 2(░·╛≈┴÷╜├╝¡)/Section 4. Bill of Quantities_unpriced.xlsx,PRELIMINARIES,27,공통가설·일반조건,1,1,세부시트 1식,,(ii) Environmental Social Safeguards compliance,item_unquantified,D,Provide Personal Protective Equipment (PPE),가설·일반조건,,,,,,,,,,,False,unquantified_allowance;unpriced_source
L2023-00009-1,2019-00005,data/unpacked/L2023-00009-1/2. 입찰서류(영문)/Part 2(░·╛≈┴÷╜├╝¡)/Section 4. Bill of Quantities_unpriced.xlsx,PRELIMINARIES,28,공통가설·일반조건,1,1,세부시트 1식,,(ii) Environmental Social Safeguards compliance,item_unquantified,E,Police Regulation,가설·일반조건,,,,,,,,,,,False,unquantified_allowance;unpriced_source
L2023-00009-1,2019-00005,data/unpacked/L2023-00009-1/2. 입찰서류(영문)/Part 2(░·╛≈┴÷╜├╝¡)/Section 4. Bill of Quantities_unpriced.xlsx,PRELIMINARIES,29,공통가설·일반조건,1,1,세부시트 1식,,(ii) Environmental Social Safeguards compliance,item_unquantified,F,Water for the Works,가설·일반조건,,,,,,,,,,,False,unquantified_allowance;unpriced_source
L2023-00009-1,2019-00005,data/unpacked/L2023-00009-1/2. 입찰서류(영문)/Part 2(░·╛≈┴÷╜├╝¡)/Section 4. Bill of Quantities_unpriced.xlsx,PRELIMINARIES,30,공통가설·일반조건,1,1,세부시트 1식,,(ii) Environmental Social Safeguards compliance,item_unquantified,G,Lighting and Power for the Works,가설·일반조건,,,,,,,,,,,False,unquantified_allowance;unpriced_source
L2023-00009-1,2019-00005,data/unpacked/L2023-00009-1/2. 입찰서류(영문)/Part 2(░·╛≈┴÷╜├╝¡)/Section 4. Bill of Quantities_unpriced.xlsx,PRELIMINARIES,31,공통가설·일반조건,1,1,세부시트 1식,,(ii) Environmental Social Safeguards compliance,item_unquantified,H,Crossing and Temporary Roads,가설·일반조건,,,,,,,,,,,False,unquantified_allowance;unpriced_source
L2023-00009-1,2019-00005,data/unpacked/L2023-00009-1/2. 입찰서류(영문)/Part 2(░·╛≈┴÷╜├╝¡)/Section 4. Bill of Quantities_unpriced.xlsx,PRELIMINARIES,32,공통가설·일반조건,1,1,세부시트 1식,,(ii) Environmental Social Safeguards compliance,item_unquantified,I,Contractor's Site Offices,가설·일반조건,,,,,,,,,,,False,unquantified_allowance;unpriced_source
L2023-00009-1,2019-00005,data/unpacked/L2023-00009-1/2. 입찰서류(영문)/Part 2(░·╛≈┴÷╜├╝¡)/Section 4. Bill of Quantities_unpriced.xlsx,PRELIMINARIES,33,공통가설·일반조건,1,1,세부시트 1식,,(ii) Environmental Social Safeguards compliance,item_unquantified,J,Site Meetings,가설·일반조건,,,,,,,,,,,False,unquantified_allowance;unpriced_source
L2023-00009-1,2019-00005,data/unpacked/L2023-00009-1/2. 입찰서류(영문)/Part 2(░·╛≈┴÷╜├╝¡)/Section 4. Bill of Quantities_unpriced.xlsx,PRELIMINARIES,34,공통가설·일반조건,1,1,세부시트 1식,,(ii) Environmental Social Safeguards compliance,item_unquantified,K,Sanitation of the Works,가설·일반조건,,,,,,,,,,,False,unquantified_allowance;unpriced_source
L2023-00009-1,2019-00005,data/unpacked/L2023-00009-1/2. 입찰서류(영문)/Part 2(░·╛≈┴÷╜├╝¡)/Section 4. Bill of Quantities_unpriced.xlsx,PRELIMINARIES,35,공통가설·일반조건,1,1,세부시트 1식,,(ii) Environmental Social Safeguards compliance,item_unquantified,L,Workmen's accomodation,가설·일반조건,,,,,,,,,,,False,unquantified_allowance;unpriced_source
L2023-00009-1,2019-00005,data/unpacked/L2023-00009-1/2. 입찰서류(영문)/Part 2(░·╛≈┴÷╜├╝¡)/Section 4. Bill of Quantities_unpriced.xlsx,PRELIMINARIES,36,공통가설·일반조건,1,1,세부시트 1식,,(ii) Environmental Social Safeguards compliance,item_unquantified,M,Hoarding and Screening,가설·일반조건,,,,,,,,,,,False,unquantified_allowance;unpriced_source
L2023-00009-1,2019-00005,data/unpacked/L2023-00009-1/2. 입찰서류(영문)/Part 2(░·╛≈┴÷╜├╝¡)/Section 4. Bill of Quantities_unpriced.xlsx,PRELIMINARIES,37,공통가설·일반조건,1,1,세부시트 1식,,(ii) Environmental Social Safeguards compliance,item_unquantified,N,Scaffolding,가설·일반조건,,,,,,,,,,,False,unquantified_allowance;unpriced_source
L2023-00009-1,2019-00005,data/unpacked/L2023-00009-1/2. 입찰서류(영문)/Part 2(░·╛≈┴÷╜├╝¡)/Section 4. Bill of Quantities_unpriced.xlsx,PRELIMINARIES,38,공통가설·일반조건,1,1,세부시트 1식,,(ii) Environmental Social Safeguards compliance,item_unquantified,O,Setting-out,가설·일반조건,,,,,,,,,,,False,unquantified_allowance;unpriced_source
L2023-00009-1,2019-00005,data/unpacked/L2023-00009-1/2. 입찰서류(영문)/Part 2(░·╛≈┴÷╜├╝¡)/Section 4. Bill of Quantities_unpriced.xlsx,PRELIMINARIES,39,공통가설·일반조건,1,1,세부시트 1식,,(ii) Environmental Social Safeguards compliance,item_unquantified,P,Site Administration and Security,가설·일반조건,,,,,,,,,,,False,unquantified_allowance;unpriced_source
L2023-00009-1,2019-00005,data/unpacked/L2023-00009-1/2. 입찰서류(영문)/Part 2(░·╛≈┴÷╜├╝¡)/Section 4. Bill of Quantities_unpriced.xlsx,PRELIMINARIES,40,공통가설·일반조건,1,1,세부시트 1식,,(ii) Environmental Social Safeguards compliance,item_unquantified,Q,Engraving/Labelling of the new buildings,가설·일반조건,,,,,,,,,,,False,unquantified_allowance;unpriced_source
L2023-00009-1,2019-00005,data/unpacked/L2023-00009-1/2. 입찰서류(영문)/Part 2(░·╛≈┴÷╜├╝¡)/Section 4. Bill of Quantities_unpriced.xlsx,PRELIMINARIES,42,공통가설·일반조건,1,1,세부시트 1식,,(ii) Environmental Social Safeguards compliance,item_unquantified,4,SERVICES,가설·일반조건,,,,,,,,,,,False,unquantified_allowance;unpriced_source
L2023-00009-1,2019-00005,data/unpacked/L2023-00009-1/2. 입찰서류(영문)/Part 2(░·╛≈┴÷╜├╝¡)/Section 4. Bill of Quantities_unpriced.xlsx,PRELIMINARIES,43,공통가설·일반조건,1,1,세부시트 1식,,(ii) Environmental Social Safeguards compliance,item_unquantified,A,Existing Services,가설·일반조건,,,,,,,,,,,False,unquantified_allowance;unpriced_source
L2023-00009-1,2019-00005,data/unpacked/L2023-00009-1/2. 입찰서류(영문)/Part 2(░·╛≈┴÷╜├╝¡)/Section 4. Bill of Quantities_unpriced.xlsx,PRELIMINARIES,44,공통가설·일반조건,1,1,세부시트 1식,,(ii) Environmental Social Safeguards compliance,item_unquantified,B,Removing Rubbish and Clearing,가설·일반조건,,,,,,,,,,,False,unquantified_allowance;unpriced_source
L2023-00009-1,2019-00005,data/unpacked/L2023-00009-1/2. 입찰서류(영문)/Part 2(░·╛≈┴÷╜├╝¡)/Section 4. Bill of Quantities_unpriced.xlsx,PRELIMINARIES,45,공통가설·일반조건,1,1,세부시트 1식,,(ii) Environmental Social Safeguards compliance,item_unquantified,C,Signboard,가설·일반조건,,,,,,,,,,,False,unquantified_allowance;unpriced_source
L2023-00009-1,2019-00005,data/unpacked/L2023-00009-1/2. 입찰서류(영문)/Part 2(░·╛≈┴÷╜├╝¡)/Section 4. Bill of Quantities_unpriced.xlsx,PRELIMINARIES,47,공통가설·일반조건,1,1,세부시트 1식,,(ii) Environmental Social Safeguards compliance,item_unquantified,5,SECURITIES,가설·일반조건,,,,,,,,,,,False,unquantified_allowance;unpriced_source
L2023-00009-1,2019-00005,data/unpacked/L2023-00009-1/2. 입찰서류(영문)/Part 2(░·╛≈┴÷╜├╝¡)/Section 4. Bill of Quantities_unpriced.xlsx,PRELIMINARIES,48,공통가설·일반조건,1,1,세부시트 1식,,(ii) Environmental Social Safeguards compliance,item_unquantified,A,Liability for Defects,가설·일반조건,,,,,,,,,,,False,unquantified_allowance;unpriced_source
L2023-00009-1,2019-00005,data/unpacked/L2023-00009-1/2. 입찰서류(영문)/Part 2(░·╛≈┴÷╜├╝¡)/Section 4. Bill of Quantities_unpriced.xlsx,PRELIMINARIES,49,공통가설·일반조건,1,1,세부시트 1식,,(ii) Environmental Social Safeguards compliance,item_unquantified,B,Occupation Certificate,가설·일반조건,,,,,,,,,,,False,unquantified_allowance;unpriced_source
L2023-00009-1,2019-00005,data/unpacked/L2023-00009-1/2. 입찰서류(영문)/Part 2(░·╛≈┴÷╜├╝¡)/Section 4. Bill of Quantities_unpriced.xlsx,PRELIMINARIES,50,공통가설·일반조건,1,1,세부시트 1식,,(ii) Environmental Social Safeguards compliance,item_unquantified,C,Contract Conditions,가설·일반조건,,,,,,,,,,,False,unquantified_allowance;unpriced_source
L2023-00009-1,2019-00005,data/unpacked/L2023-00009-1/2. 입찰서류(영문)/Part 2(░·╛≈┴÷╜├╝¡)/Section 4. Bill of Quantities_unpriced.xlsx,PRELIMINARIES,51,공통가설·일반조건,1,1,세부시트 1식,,(i) Insurance of the Works-Contractor's all risks policy,heading,,(i) Insurance of the Works-Contractor's all risks policy,가설·일반조건,,,,,,,,,,,False,unpriced_source
L2023-00009-1,2019-00005,data/unpacked/L2023-00009-1/2. 입찰서류(영문)/Part 2(░·╛≈┴÷╜├╝¡)/Section 4. Bill of Quantities_unpriced.xlsx,PRELIMINARIES,52,공통가설·일반조건,1,1,세부시트 1식,,(i) Insurance of the Works-Contractor's all risks policy,item_unquantified,D,Allow for production of 3 Sets of Hard and Soft Copies for the As built Electrical Installation drawings to be handled over to the Project Manager (and Client) for maintenance and records,가설·일반조건,,,,,,,,,,,False,unquantified_allowance;unpriced_source
L2023-00009-1,2019-00005,data/unpacked/L2023-00009-1/2. 입찰서류(영문)/Part 2(░·╛≈┴÷╜├╝¡)/Section 4. Bill of Quantities_unpriced.xlsx,PRELIMINARIES,54,공통가설·일반조건,1,1,세부시트 1식,,(i) Insurance of the Works-Contractor's all risks policy,total,,TOTAL FOR BILL No 1 (PRELIMINARIES) CARRIED TO MAIN SUMMARY,가설·일반조건,,,,,,,,,,,False,unpriced_source
L2023-00009-1,2019-00005,data/unpacked/L2023-00009-1/2. 입찰서류(영문)/Part 2(░·╛≈┴÷╜├╝¡)/Section 4. Bill of Quantities_unpriced.xlsx,EARTHWORKS,3,부지 토공,1,1,General Summary 수량 1,,,item,A,Excavate oversite average 200mm deep to remove vegetable top soil; spread and level on site as directed,토공·기초,SM,m²,5981.0,,5981.0,5981.0,,,,,False,unpriced_source
L2023-00009-1,2019-00005,data/unpacked/L2023-00009-1/2. 입찰서류(영문)/Part 2(░·╛≈┴÷╜├╝¡)/Section 4. Bill of Quantities_unpriced.xlsx,EARTHWORKS,4,부지 토공,1,1,General Summary 수량 1,,,item,B,Mass excavation to reduce levels commencing from stripped level,토공·기초,CM,m³,1196.0,,1196.0,1196.0,,,,,False,unpriced_source
L2023-00009-1,2019-00005,data/unpacked/L2023-00009-1/2. 입찰서류(영문)/Part 2(░·╛≈┴÷╜├╝¡)/Section 4. Bill of Quantities_unpriced.xlsx,EARTHWORKS,6,부지 토공,1,1,General Summary 수량 1,,,total,,TOTAL CARRIED TO GENERAL SURMARY,토공·기초,,,,,,,,,,,False,unpriced_source
L2023-00009-1,2019-00005,data/unpacked/L2023-00009-1/2. 입찰서류(영문)/Part 2(░·╛≈┴÷╜├╝¡)/Section 4. Bill of Quantities_unpriced.xlsx,2-Stance Pit Latrine,3,2칸 재래식 화장실,1,1,General Summary 수량 1,ELEMENT NO.1,,heading,,ELEMENT NO.1,기타,,,,,,,,,,,False,unpriced_source
L2023-00009-1,2019-00005,data/unpacked/L2023-00009-1/2. 입찰서류(영문)/Part 2(░·╛≈┴÷╜├╝¡)/Section 4. Bill of Quantities_unpriced.xlsx,2-Stance Pit Latrine,4,2칸 재래식 화장실,1,1,General Summary 수량 1,ELEMENT NO.1,SUBSTRUCTURE,heading,,SUBSTRUCTURE,토공·기초,,,,,,,,,,,False,unpriced_source
L2023-00009-1,2019-00005,data/unpacked/L2023-00009-1/2. 입찰서류(영문)/Part 2(░·╛≈┴÷╜├╝¡)/Section 4. Bill of Quantities_unpriced.xlsx,2-Stance Pit Latrine,5,2칸 재래식 화장실,1,1,General Summary 수량 1,ELEMENT NO.1,SUBSTRUCTURE,item,A,"Clear site area for new construction of all under growth small bushes, grub up all tress and any exisiting structures and obstructions and excavate over site to remove top soil average 250mm thick and remove from site",토공·기초,SM,m²,0.0,,0.0,0.0,,,,,False,zero_quantity_check_formula_or_design;unpriced_source
L2023-00009-1,2019-00005,data/unpacked/L2023-00009-1/2. 입찰서류(영문)/Part 2(░·╛≈┴÷╜├╝¡)/Section 4. Bill of Quantities_unpriced.xlsx,2-Stance Pit Latrine,6,2칸 재래식 화장실,1,1,General Summary 수량 1,ELEMENT NO.1,SUBSTRUCTURE,item,B,Treat surface of subsoil or fillings and surroundings with approved chemical anti-termite solution: provide ten year guarantee.,토공·기초,SM,m²,44.75,,44.75,44.75,,,,,False,unpriced_source
L2023-00009-1,2019-00005,data/unpacked/L2023-00009-1/2. 입찰서류(영문)/Part 2(░·╛≈┴÷╜├╝¡)/Section 4. Bill of Quantities_unpriced.xlsx,2-Stance Pit Latrine,7,2칸 재래식 화장실,1,1,General Summary 수량 1,ELEMENT NO.1,Excavation and Earthworks. Note: Rates for excavation to include for keeping excavations free from water and planking and strutting to sides of excavations,heading,,Excavation and Earthworks. Note: Rates for excavation to include for keeping excavations free from water and planking and strutting to sides of excavations,토공·기초,,,,,,,,,,,False,unpriced_source
L2023-00009-1,2019-00005,data/unpacked/L2023-00009-1/2. 입찰서류(영문)/Part 2(░·╛≈┴÷╜├╝¡)/Section 4. Bill of Quantities_unpriced.xlsx,2-Stance Pit Latrine,8,2칸 재래식 화장실,1,1,General Summary 수량 1,ELEMENT NO.1,Excavation and Earthworks. Note: Rates for excavation to include for keeping excavations free from water and planking and strutting to sides of excavations,item,C,Excavate to reduce levels and remove from site.,토공·기초,CM,m³,0.0,=D5*0.25,0.0,0.0,,,,,False,zero_quantity_check_formula_or_design;formula_quantity;unpriced_source
L2023-00009-1,2019-00005,data/unpacked/L2023-00009-1/2. 입찰서류(영문)/Part 2(░·╛≈┴÷╜├╝¡)/Section 4. Bill of Quantities_unpriced.xlsx,2-Stance Pit Latrine,9,2칸 재래식 화장실,1,1,General Summary 수량 1,ELEMENT NO.1,Excavation and Earthworks. Note: Rates for excavation to include for keeping excavations free from water and planking and strutting to sides of excavations,item,D,Excavate trenches for wall foundations: commencing from reduced levels : not exceeding 1.5m deep .,토공·기초,CM,m³,14.16,=(3.4+3.4+0.15+1.2*2+1.65*4+3+4.65)*0.6*1,14.16,14.16,,,,,False,formula_quantity;unpriced_source
L2023-00009-1,2019-00005,data/unpacked/L2023-00009-1/2. 입찰서류(영문)/Part 2(░·╛≈┴÷╜├╝¡)/Section 4. Bill of Quantities_unpriced.xlsx,2-Stance Pit Latrine,10,2칸 재래식 화장실,1,1,General Summary 수량 1,ELEMENT NO.1,Excavation and Earthworks. Note: Rates for excavation to include for keeping excavations free from water and planking and strutting to sides of excavations,item,,Ditto but excavation for the pit n.e 3m deep,토공·기초,CM,m³,9.0,=1.5*2*3,9.0,9.0,,,,,False,formula_quantity;unpriced_source
L2023-00009-1,2019-00005,data/unpacked/L2023-00009-1/2. 입찰서류(영문)/Part 2(░·╛≈┴÷╜├╝¡)/Section 4. Bill of Quantities_unpriced.xlsx,2-Stance Pit Latrine,11,2칸 재래식 화장실,1,1,General Summary 수량 1,ELEMENT NO.1,Excavation and Earthworks. Note: Rates for excavation to include for keeping excavations free from water and planking and strutting to sides of excavations,item,E,"Return, fill and ram: Approved imported marrum around foundations: in 200mm layers compacted to 95% MDD.",토공·기초,CM,m³,8.291999999999998,=D9-D14*0.1-D21*0.2,8.291999999999998,8.291999999999998,,,,,False,formula_quantity;unpriced_source
L2023-00009-1,2019-00005,data/unpacked/L2023-00009-1/2. 입찰서류(영문)/Part 2(░·╛≈┴÷╜├╝¡)/Section 4. Bill of Quantities_unpriced.xlsx,2-Stance Pit Latrine,12,2칸 재래식 화장실,1,1,General Summary 수량 1,ELEMENT NO.1,Excavation and Earthworks. Note: Rates for excavation to include for keeping excavations free from water and planking and strutting to sides of excavations,item,F,150mm thick hard core below ground slab,콘크리트·철근·거푸집,SM,m²,15.54,=(7.95*1.2)+(1*1.5*4),15.54,15.54,,,,,False,formula_quantity;unpriced_source
L2023-00009-1,2019-00005,data/unpacked/L2023-00009-1/2. 입찰서류(영문)/Part 2(░·╛≈┴÷╜├╝¡)/Section 4. Bill of Quantities_unpriced.xlsx,2-Stance Pit Latrine,13,2칸 재래식 화장실,1,1,General Summary 수량 1,ELEMENT NO.1,Reinforced In - Situ Concrete class 25/20mm aggregate,heading,,Reinforced In - Situ Concrete class 25/20mm aggregate,콘크리트·철근·거푸집,,,,,,,,,,,False,unpriced_source
L2023-00009-1,2019-00005,data/unpacked/L2023-00009-1/2. 입찰서류(영문)/Part 2(░·╛≈┴÷╜├╝¡)/Section 4. Bill of Quantities_unpriced.xlsx,2-Stance Pit Latrine,14,2칸 재래식 화장실,1,1,General Summary 수량 1,ELEMENT NO.1,Reinforced In - Situ Concrete class 25/20mm aggregate,item,G,Foundation in trenches,콘크리트·철근·거푸집,SM,m²,14.16,=(3.4+3.4+0.15+1.2*2+1.65*4+3+4.65)*0.6,14.16,14.16,,,,,False,formula_quantity;unpriced_source
L2023-00009-1,2019-00005,data/unpacked/L2023-00009-1/2. 입찰서류(영문)/Part 2(░·╛≈┴÷╜├╝¡)/Section 4. Bill of Quantities_unpriced.xlsx,2-Stance Pit Latrine,15,2칸 재래식 화장실,1,1,General Summary 수량 1,ELEMENT NO.1,Reinforced In - Situ Concrete class 25/20mm aggregate,item,H,150mm ground floor slab Concrete tampered with fabric reinforcement,콘크리트·철근·거푸집,SM,m²,15.54,=D12,15.54,15.54,,,,,False,formula_quantity;unpriced_source
L2023-00009-1,2019-00005,data/unpacked/L2023-00009-1/2. 입찰서류(영문)/Part 2(░·╛≈┴÷╜├╝¡)/Section 4. Bill of Quantities_unpriced.xlsx,2-Stance Pit Latrine,16,2칸 재래식 화장실,1,1,General Summary 수량 1,ELEMENT NO.1,Reinforced In - Situ Concrete class 25/20mm aggregate,item,I,Ramps and splash apron,콘크리트·철근·거푸집,SM,m²,5.399999999999999,=7.95*0.3+1.2*2*0.3+1.5*2*0.3+4.65*0.3,5.399999999999999,5.399999999999999,,,,,False,formula_quantity;unpriced_source
L2023-00009-1,2019-00005,data/unpacked/L2023-00009-1/2. 입찰서류(영문)/Part 2(░·╛≈┴÷╜├╝¡)/Section 4. Bill of Quantities_unpriced.xlsx,2-Stance Pit Latrine,17,2칸 재래식 화장실,1,1,General Summary 수량 1,ELEMENT NO.1,Reinforced In - Situ Concrete class 25/20mm aggregate,item,J,Mesh reinforcement Ref No. A98 size 200 x 200 mm weighing 1.58 kg per square metre: in floor slab: including all necessary supports,콘크리트·철근·거푸집,SM,m²,15.54,=D15,15.54,15.54,,,,,False,formula_quantity;unpriced_source
L2023-00009-1,2019-00005,data/unpacked/L2023-00009-1/2. 입찰서류(영문)/Part 2(░·╛≈┴÷╜├╝¡)/Section 4. Bill of Quantities_unpriced.xlsx,2-Stance Pit Latrine,18,2칸 재래식 화장실,1,1,General Summary 수량 1,ELEMENT NO.1,sawn treated formwork to;,heading,,sawn treated formwork to;,콘크리트·철근·거푸집,,,,,,,,,,,False,unpriced_source
L2023-00009-1,2019-00005,data/unpacked/L2023-00009-1/2. 입찰서류(영문)/Part 2(░·╛≈┴÷╜├╝¡)/Section 4. Bill of Quantities_unpriced.xlsx,2-Stance Pit Latrine,19,2칸 재래식 화장실,1,1,General Summary 수량 1,ELEMENT NO.1,sawn treated formwork to;,item,K,Vertical edges of surface bed : over 75mm but not exceeding 150 mm high.,콘크리트·철근·거푸집,LM,m,21.900000000000002,=2*(7.95+1.2+1.5+0.3),21.900000000000002,21.900000000000002,,,,,False,formula_quantity;unpriced_source
L2023-00009-1,2019-00005,data/unpacked/L2023-00009-1/2. 입찰서류(영문)/Part 2(░·╛≈┴÷╜├╝¡)/Section 4. Bill of Quantities_unpriced.xlsx,2-Stance Pit Latrine,20,2칸 재래식 화장실,1,1,General Summary 수량 1,ELEMENT NO.1,Brickwork in burnt clay bricks in cement and sand mortar (1:3) mix; with and including 25 x 3mm hoop iron strips laid horizontally every alternate course.,heading,,Brickwork in burnt clay bricks in cement and sand mortar (1:3) mix; with and including 25 x 3mm hoop iron strips laid horizontally every alternate course.,조적,,,,,,,,,,,False,unpriced_source
L2023-00009-1,2019-00005,data/unpacked/L2023-00009-1/2. 입찰서류(영문)/Part 2(░·╛≈┴÷╜├╝¡)/Section 4. Bill of Quantities_unpriced.xlsx,2-Stance Pit Latrine,21,2칸 재래식 화장실,1,1,General Summary 수량 1,ELEMENT NO.1,Brickwork in burnt clay bricks in cement and sand mortar (1:3) mix; with and including 25 x 3mm hoop iron strips laid horizontally every alternate course.,item,L,Plinth walling + Splash apron,조적,SM,m²,22.260000000000005,=(3.4+3.4+0.15+1.2*2+1.65*4+3+4.65)*0.6+7.95*0.45+1.2*2*0.45+4.65*0.45+1.5*2*0.45,22.260000000000005,22.260000000000005,,,,,False,formula_quantity;unpriced_source
L2023-00009-1,2019-00005,data/unpacked/L2023-00009-1/2. 입찰서류(영문)/Part 2(░·╛≈┴÷╜├╝¡)/Section 4. Bill of Quantities_unpriced.xlsx,2-Stance Pit Latrine,22,2칸 재래식 화장실,1,1,General Summary 수량 1,ELEMENT NO.1,Brickwork in burnt clay bricks in cement and sand mortar (1:3) mix; with and including 25 x 3mm hoop iron strips laid horizontally every alternate course.,item,M,25mm Thick cement and sand(1:3) wall plaster wood float finished smooth on walls externally.,마감,SM,m²,10.379999999999997,=(3.4+3.4+0.15+1.2*2+1.65*2+4.65)*0.6,10.379999999999997,10.379999999999997,,,,,False,formula_quantity;unpriced_source
L2023-00009-1,2019-00005,data/unpacked/L2023-00009-1/2. 입찰서류(영문)/Part 2(░·╛≈┴÷╜├╝¡)/Section 4. Bill of Quantities_unpriced.xlsx,2-Stance Pit Latrine,23,2칸 재래식 화장실,1,1,General Summary 수량 1,ELEMENT NO.1,Brickwork in burnt clay bricks in cement and sand mortar (1:3) mix; with and including 25 x 3mm hoop iron strips laid horizontally every alternate course.,item,N,Apply 3 coats of black bituminous paint to wooden float finish surface,마감,SM,m²,10.379999999999997,=D22,10.379999999999997,10.379999999999997,,,,,False,formula_quantity;unpriced_source
L2023-00009-1,2019-00005,data/unpacked/L2023-00009-1/2. 입찰서류(영문)/Part 2(░·╛≈┴÷╜├╝¡)/Section 4. Bill of Quantities_unpriced.xlsx,2-Stance Pit Latrine,24,2칸 재래식 화장실,1,1,General Summary 수량 1,ELEMENT NO.1,Sundries,heading,,Sundries,기타,,,,,,,,,,,False,unpriced_source
L2023-00009-1,2019-00005,data/unpacked/L2023-00009-1/2. 입찰서류(영문)/Part 2(░·╛≈┴÷╜├╝¡)/Section 4. Bill of Quantities_unpriced.xlsx,2-Stance Pit Latrine,25,2칸 재래식 화장실,1,1,General Summary 수량 1,ELEMENT NO.1,Sundries,item,O,Damp proof courses : Hessian based bituminous felt: bedded in cement and sand (1:4) mortar : 300mm laps.,지붕,LM,m,23.6,=(3.4+3.4+0.15+1.2*2+1.65*4+3+4.65),23.6,23.6,,,,,False,formula_quantity;unpriced_source
L2023-00009-1,2019-00005,data/unpacked/L2023-00009-1/2. 입찰서류(영문)/Part 2(░·╛≈┴÷╜├╝¡)/Section 4. Bill of Quantities_unpriced.xlsx,2-Stance Pit Latrine,26,2칸 재래식 화장실,1,1,General Summary 수량 1,ELEMENT NO.1,Sundries,total,,Total Substructure,토공·기초,,,,,,,,,,,False,unpriced_source
L2023-00009-1,2019-00005,data/unpacked/L2023-00009-1/2. 입찰서류(영문)/Part 2(░·╛≈┴÷╜├╝¡)/Section 4. Bill of Quantities_unpriced.xlsx,2-Stance Pit Latrine,28,2칸 재래식 화장실,1,1,General Summary 수량 1,ELEMENT NO.2: WALLING AND FRAME,,heading,,ELEMENT NO.2: WALLING AND FRAME,조적,,,,,,,,,,,False,unpriced_source
L2023-00009-1,2019-00005,data/unpacked/L2023-00009-1/2. 입찰서류(영문)/Part 2(░·╛≈┴÷╜├╝¡)/Section 4. Bill of Quantities_unpriced.xlsx,2-Stance Pit Latrine,29,2칸 재래식 화장실,1,1,General Summary 수량 1,ELEMENT NO.2: WALLING AND FRAME,Reinforced in-situ concrete class 25/12mm aggregate in;-,heading,,Reinforced in-situ concrete class 25/12mm aggregate in;-,조적,,,,,,,,,,,False,unpriced_source
L2023-00009-1,2019-00005,data/unpacked/L2023-00009-1/2. 입찰서류(영문)/Part 2(░·╛≈┴÷╜├╝¡)/Section 4. Bill of Quantities_unpriced.xlsx,2-Stance Pit Latrine,30,2칸 재래식 화장실,1,1,General Summary 수량 1,ELEMENT NO.2: WALLING AND FRAME,Reinforced in-situ concrete class 25/12mm aggregate in;-,item,A,Ringbeam,조적,CM,m³,1.0,,1.0,1.0,,,,,False,unpriced_source
L2023-00009-1,2019-00005,data/unpacked/L2023-00009-1/2. 입찰서류(영문)/Part 2(░·╛≈┴÷╜├╝¡)/Section 4. Bill of Quantities_unpriced.xlsx,2-Stance Pit Latrine,31,2칸 재래식 화장실,1,1,General Summary 수량 1,ELEMENT NO.2: WALLING AND FRAME,"Hot rolled High yield ribbed steel bar reinforcement to BS 4449 as described including cutting to lengths, bending, hoisting and fixing including all necessary tying wire and spacing blocks.",heading,,"Hot rolled High yield ribbed steel bar reinforcement to BS 4449 as described including cutting to lengths, bending, hoisting and fixing including all necessary tying wire and spacing blocks.",창호·철물,,,,,,,,,,,False,unpriced_source
L2023-00009-1,2019-00005,data/unpacked/L2023-00009-1/2. 입찰서류(영문)/Part 2(░·╛≈┴÷╜├╝¡)/Section 4. Bill of Quantities_unpriced.xlsx,2-Stance Pit Latrine,32,2칸 재래식 화장실,1,1,General Summary 수량 1,ELEMENT NO.2: WALLING AND FRAME,"Hot rolled High yield ribbed steel bar reinforcement to BS 4449 as described including cutting to lengths, bending, hoisting and fixing including all necessary tying wire and spacing blocks.",item,B,12mm Diameter bars (T12,창호·철물,Kg,kg,45.0,,45.0,45.0,,,,,False,unpriced_source
L2023-00009-1,2019-00005,data/unpacked/L2023-00009-1/2. 입찰서류(영문)/Part 2(░·╛≈┴÷╜├╝¡)/Section 4. Bill of Quantities_unpriced.xlsx,2-Stance Pit Latrine,33,2칸 재래식 화장실,1,1,General Summary 수량 1,ELEMENT NO.2: WALLING AND FRAME,"Hot rolled High yield ribbed steel bar reinforcement to BS 4449 as described including cutting to lengths, bending, hoisting and fixing including all necessary tying wire and spacing blocks.",item,C,8mm Diameter bars,창호·철물,Kg,kg,25.0,,25.0,25.0,,,,,False,unpriced_source
L2023-00009-1,2019-00005,data/unpacked/L2023-00009-1/2. 입찰서류(영문)/Part 2(░·╛≈┴÷╜├╝¡)/Section 4. Bill of Quantities_unpriced.xlsx,2-Stance Pit Latrine,34,2칸 재래식 화장실,1,1,General Summary 수량 1,ELEMENT NO.2: WALLING AND FRAME,"Hot rolled High yield ribbed steel bar reinforcement to BS 4449 as described including cutting to lengths, bending, hoisting and fixing including all necessary tying wire and spacing blocks.",item,D,R08 stirrups cast in ring beam at every truss position for fastening trusses(MS),지붕,Kg,kg,15.0,,15.0,15.0,,,,,False,unpriced_source
L2023-00009-1,2019-00005,data/unpacked/L2023-00009-1/2. 입찰서류(영문)/Part 2(░·╛≈┴÷╜├╝¡)/Section 4. Bill of Quantities_unpriced.xlsx,2-Stance Pit Latrine,35,2칸 재래식 화장실,1,1,General Summary 수량 1,ELEMENT NO.2: WALLING AND FRAME,Sawn treated formwork to;,heading,,Sawn treated formwork to;,조적,,,,,,,,,,,False,unpriced_source
L2023-00009-1,2019-00005,data/unpacked/L2023-00009-1/2. 입찰서류(영문)/Part 2(░·╛≈┴÷╜├╝¡)/Section 4. Bill of Quantities_unpriced.xlsx,2-Stance Pit Latrine,36,2칸 재래식 화장실,1,1,General Summary 수량 1,ELEMENT NO.2: WALLING AND FRAME,Sawn treated formwork to;,item,E,sides and bottom of Ring beam,조적,SM,m²,7.08,=(3.4+3.4+0.15+1.2*2+1.65*4+3+4.65)*0.3,7.08,7.08,,,,,False,formula_quantity;unpriced_source
L2023-00009-1,2019-00005,data/unpacked/L2023-00009-1/2. 입찰서류(영문)/Part 2(░·╛≈┴÷╜├╝¡)/Section 4. Bill of Quantities_unpriced.xlsx,2-Stance Pit Latrine,37,2칸 재래식 화장실,1,1,General Summary 수량 1,ELEMENT NO.2: WALLING AND FRAME,Brickwork,heading,,Brickwork,조적,,,,,,,,,,,False,unpriced_source
L2023-00009-1,2019-00005,data/unpacked/L2023-00009-1/2. 입찰서류(영문)/Part 2(░·╛≈┴÷╜├╝¡)/Section 4. Bill of Quantities_unpriced.xlsx,2-Stance Pit Latrine,38,2칸 재래식 화장실,1,1,General Summary 수량 1,ELEMENT NO.2: WALLING AND FRAME,Brickwork,item,F,150mm thick well burnt clay brick walling bedded and jointed in cement sand(1:3) mortor with and including 25x3mm thick hoop iron strips laid horizontally at every alternate coars,조적,SM,m²,59.22,=((3.4+3.4)*2.1)+(1.2*2*2.1)+1.65*4*2.8+3*2.8+4.65*2.8,59.22,59.22,,,,,False,formula_quantity;unpriced_source
L2023-00009-1,2019-00005,data/unpacked/L2023-00009-1/2. 입찰서류(영문)/Part 2(░·╛≈┴÷╜├╝¡)/Section 4. Bill of Quantities_unpriced.xlsx,2-Stance Pit Latrine,39,2칸 재래식 화장실,1,1,General Summary 수량 1,ELEMENT NO.2: WALLING AND FRAME,Brickwork,total,,Total Walling and Frame,조적,,,,,,,,,,,False,unpriced_source
L2023-00009-1,2019-00005,data/unpacked/L2023-00009-1/2. 입찰서류(영문)/Part 2(░·╛≈┴÷╜├╝¡)/Section 4. Bill of Quantities_unpriced.xlsx,2-Stance Pit Latrine,41,2칸 재래식 화장실,1,1,General Summary 수량 1,ELEMENT NO.3 ROOF CONSTRUCTION,,heading,,ELEMENT NO.3 ROOF CONSTRUCTION,지붕,,,,,,,,,,,False,unpriced_source
L2023-00009-1,2019-00005,data/unpacked/L2023-00009-1/2. 입찰서류(영문)/Part 2(░·╛≈┴÷╜├╝¡)/Section 4. Bill of Quantities_unpriced.xlsx,2-Stance Pit Latrine,42,2칸 재래식 화장실,1,1,General Summary 수량 1,ELEMENT NO.3 ROOF CONSTRUCTION,The following in roof construction including hoisting and fixing approximately 3.0mm above ground level.,heading,,The following in roof construction including hoisting and fixing approximately 3.0mm above ground level.,지붕,,,,,,,,,,,False,unpriced_source
L2023-00009-1,2019-00005,data/unpacked/L2023-00009-1/2. 입찰서류(영문)/Part 2(░·╛≈┴÷╜├╝¡)/Section 4. Bill of Quantities_unpriced.xlsx,2-Stance Pit Latrine,43,2칸 재래식 화장실,1,1,General Summary 수량 1,ELEMENT NO.3 ROOF CONSTRUCTION,Sawn cypress pressure impregnated with preservative:-,heading,,Sawn cypress pressure impregnated with preservative:-,지붕,,,,,,,,,,,False,unpriced_source
L2023-00009-1,2019-00005,data/unpacked/L2023-00009-1/2. 입찰서류(영문)/Part 2(░·╛≈┴÷╜├╝¡)/Section 4. Bill of Quantities_unpriced.xlsx,2-Stance Pit Latrine,44,2칸 재래식 화장실,1,1,General Summary 수량 1,ELEMENT NO.3 ROOF CONSTRUCTION,Sawn cypress pressure impregnated with preservative:-,item,A,75x100mm Tie beam,지붕,Lm,m,7.5,=1.5*5,7.5,7.5,,,,,False,formula_quantity;unpriced_source
L2023-00009-1,2019-00005,data/unpacked/L2023-00009-1/2. 입찰서류(영문)/Part 2(░·╛≈┴÷╜├╝¡)/Section 4. Bill of Quantities_unpriced.xlsx,2-Stance Pit Latrine,45,2칸 재래식 화장실,1,1,General Summary 수량 1,ELEMENT NO.3 ROOF CONSTRUCTION,Sawn cypress pressure impregnated with preservative:-,item,B,75x100mm Rafters,지붕,Lm,m,8.5,=1.7*5,8.5,8.5,,,,,False,formula_quantity;unpriced_source
L2023-00009-1,2019-00005,data/unpacked/L2023-00009-1/2. 입찰서류(영문)/Part 2(░·╛≈┴÷╜├╝¡)/Section 4. Bill of Quantities_unpriced.xlsx,2-Stance Pit Latrine,46,2칸 재래식 화장실,1,1,General Summary 수량 1,ELEMENT NO.3 ROOF CONSTRUCTION,Sawn cypress pressure impregnated with preservative:-,item,C,75x100mm wall plate,지붕,Lm,m,9.3,=4.65*2,9.3,9.3,,,,,False,formula_quantity;unpriced_source
L2023-00009-1,2019-00005,data/unpacked/L2023-00009-1/2. 입찰서류(영문)/Part 2(░·╛≈┴÷╜├╝¡)/Section 4. Bill of Quantities_unpriced.xlsx,2-Stance Pit Latrine,47,2칸 재래식 화장실,1,1,General Summary 수량 1,ELEMENT NO.3 ROOF CONSTRUCTION,Sawn cypress pressure impregnated with preservative:-,item,D,50x100mm struts and Ties,지붕,Lm,m,45.0,,45.0,45.0,,,,,False,unpriced_source
L2023-00009-1,2019-00005,data/unpacked/L2023-00009-1/2. 입찰서류(영문)/Part 2(░·╛≈┴÷╜├╝¡)/Section 4. Bill of Quantities_unpriced.xlsx,2-Stance Pit Latrine,48,2칸 재래식 화장실,1,1,General Summary 수량 1,ELEMENT NO.3 ROOF CONSTRUCTION,Sawn cypress pressure impregnated with preservative:-,item,E,50x100mm purlins,지붕,Lm,m,14.0,,14.0,14.0,,,,,False,unpriced_source
L2023-00009-1,2019-00005,data/unpacked/L2023-00009-1/2. 입찰서류(영문)/Part 2(░·╛≈┴÷╜├╝¡)/Section 4. Bill of Quantities_unpriced.xlsx,2-Stance Pit Latrine,49,2칸 재래식 화장실,1,1,General Summary 수량 1,ELEMENT NO.3 ROOF CONSTRUCTION,Sawn cypress pressure impregnated with preservative:-,item,F,225mm facia board well treated and painted with pproved paint,지붕,Lm,m,12.600000000000001,=4.65*2+1.65*2,12.600000000000001,12.600000000000001,,,,,False,formula_quantity;unpriced_source
L2023-00009-1,2019-00005,data/unpacked/L2023-00009-1/2. 입찰서류(영문)/Part 2(░·╛≈┴÷╜├╝¡)/Section 4. Bill of Quantities_unpriced.xlsx,2-Stance Pit Latrine,50,2칸 재래식 화장실,1,1,General Summary 수량 1,ELEMENT NO.3 ROOF CONSTRUCTION,Sawn cypress pressure impregnated with preservative:-,item,G,Roof Covering: Guage 26 pre-painted iron roofing sheets fixed with 2 side overlaps and 150mm end laps with and including approved roofing nails or galvanized steel drive screws with plastic washers to manufacturer's instructions.,지붕,SM,m²,11.025,=(4.65+0.6)*(1.5+1)-2.1,11.025,11.025,,,,,False,formula_quantity;unpriced_source
L2023-00009-1,2019-00005,data/unpacked/L2023-00009-1/2. 입찰서류(영문)/Part 2(░·╛≈┴÷╜├╝¡)/Section 4. Bill of Quantities_unpriced.xlsx,2-Stance Pit Latrine,51,2칸 재래식 화장실,1,1,General Summary 수량 1,ELEMENT NO.3 ROOF CONSTRUCTION,Sawn cypress pressure impregnated with preservative:-,item,H,Super V translucent sheets fixed on to roof structure with welded mesh underneath,지붕,NO,no.,1.0,,1.0,1.0,,,,,False,unpriced_source
L2023-00009-1,2019-00005,data/unpacked/L2023-00009-1/2. 입찰서류(영문)/Part 2(░·╛≈┴÷╜├╝¡)/Section 4. Bill of Quantities_unpriced.xlsx,2-Stance Pit Latrine,52,2칸 재래식 화장실,1,1,General Summary 수량 1,ELEMENT NO.3 ROOF CONSTRUCTION,Sawn cypress pressure impregnated with preservative:-,total,,Total Roof Construction,지붕,,,,,,,,,,,False,unpriced_source
L2023-00009-1,2019-00005,data/unpacked/L2023-00009-1/2. 입찰서류(영문)/Part 2(░·╛≈┴÷╜├╝¡)/Section 4. Bill of Quantities_unpriced.xlsx,2-Stance Pit Latrine,54,2칸 재래식 화장실,1,1,General Summary 수량 1,ELEMENT NO.3 ROOF CONSTRUCTION,Doors,heading,,Doors,지붕,,,,,,,,,,,False,unpriced_source
L2023-00009-1,2019-00005,data/unpacked/L2023-00009-1/2. 입찰서류(영문)/Part 2(░·╛≈┴÷╜├╝¡)/Section 4. Bill of Quantities_unpriced.xlsx,2-Stance Pit Latrine,55,2칸 재래식 화장실,1,1,General Summary 수량 1,ELEMENT NO.3 ROOF CONSTRUCTION,Doors,total,A,Assemble and fix door and frame total overall size 900x2100mm high overall including 16mm solid bars at 75mm centre as ventilators 400mm high. Includings hinges,지붕,No,no.,3.0,,3.0,3.0,,,,,False,unpriced_source
L2023-00009-1,2019-00005,data/unpacked/L2023-00009-1/2. 입찰서류(영문)/Part 2(░·╛≈┴÷╜├╝¡)/Section 4. Bill of Quantities_unpriced.xlsx,2-Stance Pit Latrine,56,2칸 재래식 화장실,1,1,General Summary 수량 1,ELEMENT NO.3 ROOF CONSTRUCTION,Windows,heading,,Windows,지붕,,,,,,,,,,,False,unpriced_source
L2023-00009-1,2019-00005,data/unpacked/L2023-00009-1/2. 입찰서류(영문)/Part 2(░·╛≈┴÷╜├╝¡)/Section 4. Bill of Quantities_unpriced.xlsx,2-Stance Pit Latrine,57,2칸 재래식 화장실,1,1,General Summary 수량 1,ELEMENT NO.3 ROOF CONSTRUCTION,Windows,total,B,Assemble and fix window and frame total overall size 600x7500mm high overall including 16mm solid bars at 75mm centre as ventilators 300mm high. Including fasteners and stays,지붕,No,no.,2.0,,2.0,2.0,,,,,False,unpriced_source
L2023-00009-1,2019-00005,data/unpacked/L2023-00009-1/2. 입찰서류(영문)/Part 2(░·╛≈┴÷╜├╝¡)/Section 4. Bill of Quantities_unpriced.xlsx,2-Stance Pit Latrine,58,2칸 재래식 화장실,1,1,General Summary 수량 1,ELEMENT NO.3 ROOF CONSTRUCTION,Windows,total,,Total Doors and Windows,지붕,,,,,,,,,,,False,unpriced_source
L2023-00009-1,2019-00005,data/unpacked/L2023-00009-1/2. 입찰서류(영문)/Part 2(░·╛≈┴÷╜├╝¡)/Section 4. Bill of Quantities_unpriced.xlsx,2-Stance Pit Latrine,60,2칸 재래식 화장실,1,1,General Summary 수량 1,ELEMENT NO.3 ROOF CONSTRUCTION,External Finishes,heading,,External Finishes,지붕,,,,,,,,,,,False,unpriced_source
L2023-00009-1,2019-00005,data/unpacked/L2023-00009-1/2. 입찰서류(영문)/Part 2(░·╛≈┴÷╜├╝¡)/Section 4. Bill of Quantities_unpriced.xlsx,2-Stance Pit Latrine,61,2칸 재래식 화장실,1,1,General Summary 수량 1,ELEMENT NO.3 ROOF CONSTRUCTION,External Finishes,item,A,25mm thick cement : sand (1:4) extenal wall rendering in two coats steel trowelled hard and smooth on walls externally,지붕,SM,m²,36.33,=((3.4+3.4+0.15)*2.1)+(1.2*2*2.1)+1.65*2*2.1+4.65*2.1,36.33,36.33,,,,,False,formula_quantity;unpriced_source
L2023-00009-1,2019-00005,data/unpacked/L2023-00009-1/2. 입찰서류(영문)/Part 2(░·╛≈┴÷╜├╝¡)/Section 4. Bill of Quantities_unpriced.xlsx,2-Stance Pit Latrine,62,2칸 재래식 화장실,1,1,General Summary 수량 1,ELEMENT NO.3 ROOF CONSTRUCTION,External Finishes,item,B,Roughcast to rendered walls externally,지붕,SM,m²,36.33,=D61,36.33,36.33,,,,,False,formula_quantity;unpriced_source
L2023-00009-1,2019-00005,data/unpacked/L2023-00009-1/2. 입찰서류(영문)/Part 2(░·╛≈┴÷╜├╝¡)/Section 4. Bill of Quantities_unpriced.xlsx,2-Stance Pit Latrine,63,2칸 재래식 화장실,1,1,General Summary 수량 1,ELEMENT NO.3 ROOF CONSTRUCTION,External Finishes,item,C,Prepare and apply three coats of weather guard paint to rendered walls externally,지붕,SM,m²,36.33,=D62,36.33,36.33,,,,,False,formula_quantity;unpriced_source
L2023-00009-1,2019-00005,data/unpacked/L2023-00009-1/2. 입찰서류(영문)/Part 2(░·╛≈┴÷╜├╝¡)/Section 4. Bill of Quantities_unpriced.xlsx,2-Stance Pit Latrine,64,2칸 재래식 화장실,1,1,General Summary 수량 1,ELEMENT NO.3 ROOF CONSTRUCTION,External Finishes,total,,Total External Finishes,지붕,,,,,,,,,,,False,unpriced_source
L2023-00009-1,2019-00005,data/unpacked/L2023-00009-1/2. 입찰서류(영문)/Part 2(░·╛≈┴÷╜├╝¡)/Section 4. Bill of Quantities_unpriced.xlsx,2-Stance Pit Latrine,66,2칸 재래식 화장실,1,1,General Summary 수량 1,ELEMENT NO.3 ROOF CONSTRUCTION,Internal Finishes,heading,,Internal Finishes,지붕,,,,,,,,,,,False,unpriced_source
L2023-00009-1,2019-00005,data/unpacked/L2023-00009-1/2. 입찰서류(영문)/Part 2(░·╛≈┴÷╜├╝¡)/Section 4. Bill of Quantities_unpriced.xlsx,2-Stance Pit Latrine,67,2칸 재래식 화장실,1,1,General Summary 수량 1,ELEMENT NO.3 ROOF CONSTRUCTION,Internal Finishes,item,D,15mm Cement and sand (1:3) Wall plaster in two coats steel trowelled hard and smooth on wall or cement sand 1:3 mix internally,지붕,SM,m²,65.72999999999999,=D62+1.5*7*2.8,65.72999999999999,65.72999999999999,,,,,False,formula_quantity;unpriced_source
L2023-00009-1,2019-00005,data/unpacked/L2023-00009-1/2. 입찰서류(영문)/Part 2(░·╛≈┴÷╜├╝¡)/Section 4. Bill of Quantities_unpriced.xlsx,2-Stance Pit Latrine,68,2칸 재래식 화장실,1,1,General Summary 수량 1,ELEMENT NO.3 ROOF CONSTRUCTION,Internal Finishes,item,E,25mm thick cement and sand (1:3) screed finished smooth with steel float,지붕,SM,m²,15.54,=D17,15.54,15.54,,,,,False,formula_quantity;unpriced_source
L2023-00009-1,2019-00005,data/unpacked/L2023-00009-1/2. 입찰서류(영문)/Part 2(░·╛≈┴÷╜├╝¡)/Section 4. Bill of Quantities_unpriced.xlsx,2-Stance Pit Latrine,69,2칸 재래식 화장실,1,1,General Summary 수량 1,ELEMENT NO.3 ROOF CONSTRUCTION,Internal Finishes,item,F,Prepare and apply three coats of silk vinyl paint to plastered walls internally,지붕,SM,m²,65.72999999999999,=D67,65.72999999999999,65.72999999999999,,,,,False,formula_quantity;unpriced_source
L2023-00009-1,2019-00005,data/unpacked/L2023-00009-1/2. 입찰서류(영문)/Part 2(░·╛≈┴÷╜├╝¡)/Section 4. Bill of Quantities_unpriced.xlsx,2-Stance Pit Latrine,70,2칸 재래식 화장실,1,1,General Summary 수량 1,ELEMENT NO.3 ROOF CONSTRUCTION,Internal Finishes,total,,Total Internal Finishes,지붕,,,,,,,,,,,False,unpriced_source
L2023-00009-1,2019-00005,data/unpacked/L2023-00009-1/2. 입찰서류(영문)/Part 2(░·╛≈┴÷╜├╝¡)/Section 4. Bill of Quantities_unpriced.xlsx,2-Stance Pit Latrine,72,2칸 재래식 화장실,1,1,General Summary 수량 1,ELEMENT NO.3 ROOF CONSTRUCTION,ELECTRICAL INSTALLATIONS,heading,,ELECTRICAL INSTALLATIONS,전기·전력인입,,,,,,,,,,,False,unpriced_source
L2023-00009-1,2019-00005,data/unpacked/L2023-00009-1/2. 입찰서류(영문)/Part 2(░·╛≈┴÷╜├╝¡)/Section 4. Bill of Quantities_unpriced.xlsx,2-Stance Pit Latrine,73,2칸 재래식 화장실,1,1,General Summary 수량 1,ELEMENT NO.3 ROOF CONSTRUCTION,Lighting Fittings,heading,,Lighting Fittings,전기·전력인입,,,,,,,,,,,False,unpriced_source
L2023-00009-1,2019-00005,data/unpacked/L2023-00009-1/2. 입찰서류(영문)/Part 2(░·╛≈┴÷╜├╝¡)/Section 4. Bill of Quantities_unpriced.xlsx,2-Stance Pit Latrine,74,2칸 재래식 화장실,1,1,General Summary 수량 1,ELEMENT NO.3 ROOF CONSTRUCTION,Lighting Fittings,item,G,"Fresh and contemporary circular,LED panel light surface mounted round 6W",전기·전력인입,NO,no.,4.0,,4.0,4.0,,,,,False,unpriced_source
L2023-00009-1,2019-00005,data/unpacked/L2023-00009-1/2. 입찰서류(영문)/Part 2(░·╛≈┴÷╜├╝¡)/Section 4. Bill of Quantities_unpriced.xlsx,2-Stance Pit Latrine,75,2칸 재래식 화장실,1,1,General Summary 수량 1,ELEMENT NO.3 ROOF CONSTRUCTION,Lighting Fittings,item,H,Security bulkhead with cast aluminium body with glass lens and aluminium louver with 1 x 8W LED lamp,전기·전력인입,NO,no.,3.0,,3.0,3.0,,,,,False,unpriced_source
L2023-00009-1,2019-00005,data/unpacked/L2023-00009-1/2. 입찰서류(영문)/Part 2(░·╛≈┴÷╜├╝¡)/Section 4. Bill of Quantities_unpriced.xlsx,2-Stance Pit Latrine,76,2칸 재래식 화장실,1,1,General Summary 수량 1,ELEMENT NO.3 ROOF CONSTRUCTION,Lighting Fittings,item,J,1 x 18W 1200mm LED single surface mounted batten and all accessories,전기·전력인입,NO,no.,0.0,,0.0,0.0,,,,,False,zero_quantity_check_formula_or_design;unpriced_source
L2023-00009-1,2019-00005,data/unpacked/L2023-00009-1/2. 입찰서류(영문)/Part 2(░·╛≈┴÷╜├╝¡)/Section 4. Bill of Quantities_unpriced.xlsx,2-Stance Pit Latrine,78,2칸 재래식 화장실,1,1,General Summary 수량 1,ELEMENT NO.3 ROOF CONSTRUCTION,Wiring,heading,,Wiring,전기·전력인입,,,,,,,,,,,False,unpriced_source
L2023-00009-1,2019-00005,data/unpacked/L2023-00009-1/2. 입찰서류(영문)/Part 2(░·╛≈┴÷╜├╝¡)/Section 4. Bill of Quantities_unpriced.xlsx,2-Stance Pit Latrine,79,2칸 재래식 화장실,1,1,General Summary 수량 1,ELEMENT NO.3 ROOF CONSTRUCTION,Lighting points,heading,,Lighting points,전기·전력인입,,,,,,,,,,,False,unpriced_source
L2023-00009-1,2019-00005,data/unpacked/L2023-00009-1/2. 입찰서류(영문)/Part 2(░·╛≈┴÷╜├╝¡)/Section 4. Bill of Quantities_unpriced.xlsx,2-Stance Pit Latrine,80,2칸 재래식 화장실,1,1,General Summary 수량 1,ELEMENT NO.3 ROOF CONSTRUCTION,Lighting points,item,K,"All wiring of lighting points are to be connected complete and ready from 10A SP miniature circuit breakers on Consumer unit, using 1.5mm sq. PVC-Insulated single core copper cables drawn in PVC flush installed conduits, through switches, and as per drawings",전기·전력인입,NO,no.,8.0,=3+4+1,8.0,8.0,,,,,False,formula_quantity;unpriced_source
L2023-00009-1,2019-00005,data/unpacked/L2023-00009-1/2. 입찰서류(영문)/Part 2(░·╛≈┴÷╜├╝¡)/Section 4. Bill of Quantities_unpriced.xlsx,2-Stance Pit Latrine,81,2칸 재래식 화장실,1,1,General Summary 수량 1,ELEMENT NO.3 ROOF CONSTRUCTION,Lighting points,item,L,"24-Hour photocell for Security Lights, as to Zodion",전기·전력인입,NO,no.,1.0,,1.0,1.0,,,,,False,unpriced_source
L2023-00009-1,2019-00005,data/unpacked/L2023-00009-1/2. 입찰서류(영문)/Part 2(░·╛≈┴÷╜├╝¡)/Section 4. Bill of Quantities_unpriced.xlsx,2-Stance Pit Latrine,82,2칸 재래식 화장실,1,1,General Summary 수량 1,ELEMENT NO.3 ROOF CONSTRUCTION,Lighting points,item,M,Supply and Install a 8x8 Adaptable Box for Power extension,전기·전력인입,NO,no.,1.0,,1.0,1.0,,,,,False,unpriced_source
L2023-00009-1,2019-00005,data/unpacked/L2023-00009-1/2. 입찰서류(영문)/Part 2(░·╛≈┴÷╜├╝¡)/Section 4. Bill of Quantities_unpriced.xlsx,2-Stance Pit Latrine,84,2칸 재래식 화장실,1,1,General Summary 수량 1,ELEMENT NO.3 ROOF CONSTRUCTION,Lighting points,total,,Total 2 Stance Latrine - Carried to Summary,전기·전력인입,,,,,,,,,,,False,unpriced_source
L2023-00009-1,2019-00005,data/unpacked/L2023-00009-1/2. 입찰서류(영문)/Part 2(░·╛≈┴÷╜├╝¡)/Section 4. Bill of Quantities_unpriced.xlsx,6-Stance water borne Toilet,3,6칸 수세식 화장실,1,1,General Summary 수량 1,ELEMENT NO.1,,heading,,ELEMENT NO.1,급배수·위생,,,,,,,,,,,False,unpriced_source
L2023-00009-1,2019-00005,data/unpacked/L2023-00009-1/2. 입찰서류(영문)/Part 2(░·╛≈┴÷╜├╝¡)/Section 4. Bill of Quantities_unpriced.xlsx,6-Stance water borne Toilet,4,6칸 수세식 화장실,1,1,General Summary 수량 1,ELEMENT NO.1,SUBSTRUCTURE,heading,,SUBSTRUCTURE,급배수·위생,,,,,,,,,,,False,unpriced_source
L2023-00009-1,2019-00005,data/unpacked/L2023-00009-1/2. 입찰서류(영문)/Part 2(░·╛≈┴÷╜├╝¡)/Section 4. Bill of Quantities_unpriced.xlsx,6-Stance water borne Toilet,5,6칸 수세식 화장실,1,1,General Summary 수량 1,ELEMENT NO.1,SUBSTRUCTURE,item,A,"Clear site area for new construction of all under growth small bushes, grub up all tress and any exisiting structures and obstructions and excavate over site to remove top soil average 250mm thick and remove from site",급배수·위생,SM,m²,0.0,,0.0,0.0,,,,,False,zero_quantity_check_formula_or_design;unpriced_source
L2023-00009-1,2019-00005,data/unpacked/L2023-00009-1/2. 입찰서류(영문)/Part 2(░·╛≈┴÷╜├╝¡)/Section 4. Bill of Quantities_unpriced.xlsx,6-Stance water borne Toilet,6,6칸 수세식 화장실,1,1,General Summary 수량 1,ELEMENT NO.1,SUBSTRUCTURE,item,B,Treat surface of subsoil or fillings and surroundings with approved chemical anti-termite solution: provide ten year guarantee.,급배수·위생,SM,m²,87.0,,87.0,87.0,,,,,False,unpriced_source
L2023-00009-1,2019-00005,data/unpacked/L2023-00009-1/2. 입찰서류(영문)/Part 2(░·╛≈┴÷╜├╝¡)/Section 4. Bill of Quantities_unpriced.xlsx,6-Stance water borne Toilet,7,6칸 수세식 화장실,1,1,General Summary 수량 1,ELEMENT NO.1,Excavation and Earthworks. Note: Rates for excavation to include for keeping excavations free from water and planking and strutting to sides of excavations,heading,,Excavation and Earthworks. Note: Rates for excavation to include for keeping excavations free from water and planking and strutting to sides of excavations,급배수·위생,,,,,,,,,,,False,unpriced_source
L2023-00009-1,2019-00005,data/unpacked/L2023-00009-1/2. 입찰서류(영문)/Part 2(░·╛≈┴÷╜├╝¡)/Section 4. Bill of Quantities_unpriced.xlsx,6-Stance water borne Toilet,8,6칸 수세식 화장실,1,1,General Summary 수량 1,ELEMENT NO.1,Excavation and Earthworks. Note: Rates for excavation to include for keeping excavations free from water and planking and strutting to sides of excavations,item,C,Excavate to reduce levels and remove from site.,급배수·위생,CM,m³,0.0,=D5*0.25,0.0,0.0,,,,,False,zero_quantity_check_formula_or_design;formula_quantity;unpriced_source
L2023-00009-1,2019-00005,data/unpacked/L2023-00009-1/2. 입찰서류(영문)/Part 2(░·╛≈┴÷╜├╝¡)/Section 4. Bill of Quantities_unpriced.xlsx,6-Stance water borne Toilet,9,6칸 수세식 화장실,1,1,General Summary 수량 1,ELEMENT NO.1,Excavation and Earthworks. Note: Rates for excavation to include for keeping excavations free from water and planking and strutting to sides of excavations,item,D,Excavate trenches for wall foundations: commencing from reduced levels : not exceeding 1.5m deep .,급배수·위생,CM,m³,21.0,,21.0,21.0,,,,,False,unpriced_source
L2023-00009-1,2019-00005,data/unpacked/L2023-00009-1/2. 입찰서류(영문)/Part 2(░·╛≈┴÷╜├╝¡)/Section 4. Bill of Quantities_unpriced.xlsx,6-Stance water borne Toilet,10,6칸 수세식 화장실,1,1,General Summary 수량 1,ELEMENT NO.1,Excavation and Earthworks. Note: Rates for excavation to include for keeping excavations free from water and planking and strutting to sides of excavations,item,E,"Return, fill and ram: Approved imported marrum around foundations: in 200mm layers compacted to 95% MDD.",급배수·위생,CM,m³,9.339999999999998,=D9-D13*0.1-D20*0.2,9.339999999999998,9.339999999999998,,,,,False,formula_quantity;unpriced_source
L2023-00009-1,2019-00005,data/unpacked/L2023-00009-1/2. 입찰서류(영문)/Part 2(░·╛≈┴÷╜├╝¡)/Section 4. Bill of Quantities_unpriced.xlsx,6-Stance water borne Toilet,11,6칸 수세식 화장실,1,1,General Summary 수량 1,ELEMENT NO.1,Excavation and Earthworks. Note: Rates for excavation to include for keeping excavations free from water and planking and strutting to sides of excavations,item,F,150mm thick hard core below ground slab,급배수·위생,SM,m²,41.39,,41.39,41.39,,,,,False,unpriced_source
L2023-00009-1,2019-00005,data/unpacked/L2023-00009-1/2. 입찰서류(영문)/Part 2(░·╛≈┴÷╜├╝¡)/Section 4. Bill of Quantities_unpriced.xlsx,6-Stance water borne Toilet,12,6칸 수세식 화장실,1,1,General Summary 수량 1,ELEMENT NO.1,Reinforced In - Situ Concrete class 25/20mm aggregate,heading,,Reinforced In - Situ Concrete class 25/20mm aggregate,급배수·위생,,,,,,,,,,,False,unpriced_source
L2023-00009-1,2019-00005,data/unpacked/L2023-00009-1/2. 입찰서류(영문)/Part 2(░·╛≈┴÷╜├╝¡)/Section 4. Bill of Quantities_unpriced.xlsx,6-Stance water borne Toilet,13,6칸 수세식 화장실,1,1,General Summary 수량 1,ELEMENT NO.1,Reinforced In - Situ Concrete class 25/20mm aggregate,item,G,Foundation in trenches,급배수·위생,SM,m²,24.599999999999998,=(8.4*3+7.9*2)*0.6,24.599999999999998,24.599999999999998,,,,,False,formula_quantity;unpriced_source
L2023-00009-1,2019-00005,data/unpacked/L2023-00009-1/2. 입찰서류(영문)/Part 2(░·╛≈┴÷╜├╝¡)/Section 4. Bill of Quantities_unpriced.xlsx,6-Stance water borne Toilet,14,6칸 수세식 화장실,1,1,General Summary 수량 1,ELEMENT NO.1,Reinforced In - Situ Concrete class 25/20mm aggregate,item,H,100mm ground floor slab Concrete tampered with fabric reinforcement,급배수·위생,SM,m²,47.0,,47.0,47.0,,,,,False,unpriced_source
L2023-00009-1,2019-00005,data/unpacked/L2023-00009-1/2. 입찰서류(영문)/Part 2(░·╛≈┴÷╜├╝¡)/Section 4. Bill of Quantities_unpriced.xlsx,6-Stance water borne Toilet,15,6칸 수세식 화장실,1,1,General Summary 수량 1,ELEMENT NO.1,Reinforced In - Situ Concrete class 25/20mm aggregate,item,I,Ramps and splash apron,급배수·위생,SM,m²,16.979999999999997,=(2*(7.9+8.4)*0.3)+1.5*2.4*2,16.979999999999997,16.979999999999997,,,,,False,formula_quantity;unpriced_source
L2023-00009-1,2019-00005,data/unpacked/L2023-00009-1/2. 입찰서류(영문)/Part 2(░·╛≈┴÷╜├╝¡)/Section 4. Bill of Quantities_unpriced.xlsx,6-Stance water borne Toilet,16,6칸 수세식 화장실,1,1,General Summary 수량 1,ELEMENT NO.1,Reinforced In - Situ Concrete class 25/20mm aggregate,item,J,Mesh reinforcement Ref No. A98 size 200 x 200 mm weighing 1.58 kg per square metre: in floor slab: including all necessary supports,급배수·위생,SM,m²,47.0,=D14,47.0,47.0,,,,,False,formula_quantity;unpriced_source
L2023-00009-1,2019-00005,data/unpacked/L2023-00009-1/2. 입찰서류(영문)/Part 2(░·╛≈┴÷╜├╝¡)/Section 4. Bill of Quantities_unpriced.xlsx,6-Stance water borne Toilet,17,6칸 수세식 화장실,1,1,General Summary 수량 1,ELEMENT NO.1,sawn treated formwork to;,heading,,sawn treated formwork to;,급배수·위생,,,,,,,,,,,False,unpriced_source
L2023-00009-1,2019-00005,data/unpacked/L2023-00009-1/2. 입찰서류(영문)/Part 2(░·╛≈┴÷╜├╝¡)/Section 4. Bill of Quantities_unpriced.xlsx,6-Stance water borne Toilet,18,6칸 수세식 화장실,1,1,General Summary 수량 1,ELEMENT NO.1,sawn treated formwork to;,item,K,Vertical edges of surface bed : over 75mm but not exceeding 150 mm high.,급배수·위생,LM,m,28.0,,28.0,28.0,,,,,False,unpriced_source
L2023-00009-1,2019-00005,data/unpacked/L2023-00009-1/2. 입찰서류(영문)/Part 2(░·╛≈┴÷╜├╝¡)/Section 4. Bill of Quantities_unpriced.xlsx,6-Stance water borne Toilet,19,6칸 수세식 화장실,1,1,General Summary 수량 1,ELEMENT NO.1,Brickwork in burnt clay bricks in cement and sand mortar (1:3) mix; with and including 25 x 3mm hoop iron strips laid horizontally every alternate course.,heading,,Brickwork in burnt clay bricks in cement and sand mortar (1:3) mix; with and including 25 x 3mm hoop iron strips laid horizontally every alternate course.,급배수·위생,,,,,,,,,,,False,unpriced_source
L2023-00009-1,2019-00005,data/unpacked/L2023-00009-1/2. 입찰서류(영문)/Part 2(░·╛≈┴÷╜├╝¡)/Section 4. Bill of Quantities_unpriced.xlsx,6-Stance water borne Toilet,20,6칸 수세식 화장실,1,1,General Summary 수량 1,ELEMENT NO.1,Brickwork in burnt clay bricks in cement and sand mortar (1:3) mix; with and including 25 x 3mm hoop iron strips laid horizontally every alternate course.,item,L,Plinth walling + Splash apron,급배수·위생,SM,m²,46.0,,46.0,46.0,,,,,False,unpriced_source
L2023-00009-1,2019-00005,data/unpacked/L2023-00009-1/2. 입찰서류(영문)/Part 2(░·╛≈┴÷╜├╝¡)/Section 4. Bill of Quantities_unpriced.xlsx,6-Stance water borne Toilet,21,6칸 수세식 화장실,1,1,General Summary 수량 1,ELEMENT NO.1,Brickwork in burnt clay bricks in cement and sand mortar (1:3) mix; with and including 25 x 3mm hoop iron strips laid horizontally every alternate course.,item,M,25mm Thick cement and sand(1:3) wall plaster wood float finished smooth on walls externally.,급배수·위생,SM,m²,40.2,=(6.1*4+7.9*2)*1,40.2,40.2,,,,,False,formula_quantity;unpriced_source
L2023-00009-1,2019-00005,data/unpacked/L2023-00009-1/2. 입찰서류(영문)/Part 2(░·╛≈┴÷╜├╝¡)/Section 4. Bill of Quantities_unpriced.xlsx,6-Stance water borne Toilet,22,6칸 수세식 화장실,1,1,General Summary 수량 1,ELEMENT NO.1,Brickwork in burnt clay bricks in cement and sand mortar (1:3) mix; with and including 25 x 3mm hoop iron strips laid horizontally every alternate course.,item,N,Apply 3 coats of black bituminous paint to wooden float finish surface,급배수·위생,SM,m²,40.2,=D21,40.2,40.2,,,,,False,formula_quantity;unpriced_source
L2023-00009-1,2019-00005,data/unpacked/L2023-00009-1/2. 입찰서류(영문)/Part 2(░·╛≈┴÷╜├╝¡)/Section 4. Bill of Quantities_unpriced.xlsx,6-Stance water borne Toilet,23,6칸 수세식 화장실,1,1,General Summary 수량 1,ELEMENT NO.1,Sundries,heading,,Sundries,급배수·위생,,,,,,,,,,,False,unpriced_source
L2023-00009-1,2019-00005,data/unpacked/L2023-00009-1/2. 입찰서류(영문)/Part 2(░·╛≈┴÷╜├╝¡)/Section 4. Bill of Quantities_unpriced.xlsx,6-Stance water borne Toilet,24,6칸 수세식 화장실,1,1,General Summary 수량 1,ELEMENT NO.1,Sundries,item,O,Damp proof courses : Hessian based bituminous felt: bedded in cement and sand (1:4) mortar : 300mm laps.,급배수·위생,LM,m,46.0,,46.0,46.0,,,,,False,unpriced_source
L2023-00009-1,2019-00005,data/unpacked/L2023-00009-1/2. 입찰서류(영문)/Part 2(░·╛≈┴÷╜├╝¡)/Section 4. Bill of Quantities_unpriced.xlsx,6-Stance water borne Toilet,25,6칸 수세식 화장실,1,1,General Summary 수량 1,ELEMENT NO.1,Sundries,total,,Total Substructure,급배수·위생,,,,,,,,,,,False,unpriced_source
L2023-00009-1,2019-00005,data/unpacked/L2023-00009-1/2. 입찰서류(영문)/Part 2(░·╛≈┴÷╜├╝¡)/Section 4. Bill of Quantities_unpriced.xlsx,6-Stance water borne Toilet,27,6칸 수세식 화장실,1,1,General Summary 수량 1,ELEMENT NO.2: WALLING AND FRAME,,heading,,ELEMENT NO.2: WALLING AND FRAME,급배수·위생,,,,,,,,,,,False,unpriced_source
L2023-00009-1,2019-00005,data/unpacked/L2023-00009-1/2. 입찰서류(영문)/Part 2(░·╛≈┴÷╜├╝¡)/Section 4. Bill of Quantities_unpriced.xlsx,6-Stance water borne Toilet,28,6칸 수세식 화장실,1,1,General Summary 수량 1,ELEMENT NO.2: WALLING AND FRAME,Reinforced in-situ concrete class 25/12mm aggregate in;-,heading,,Reinforced in-situ concrete class 25/12mm aggregate in;-,급배수·위생,,,,,,,,,,,False,unpriced_source
L2023-00009-1,2019-00005,data/unpacked/L2023-00009-1/2. 입찰서류(영문)/Part 2(░·╛≈┴÷╜├╝¡)/Section 4. Bill of Quantities_unpriced.xlsx,6-Stance water borne Toilet,29,6칸 수세식 화장실,1,1,General Summary 수량 1,ELEMENT NO.2: WALLING AND FRAME,Reinforced in-situ concrete class 25/12mm aggregate in;-,item,A,Ringbeam,급배수·위생,CM,m³,2.6280000000000006,=(6.1*4+7.9*2+0.9*4)*0.2*0.3,2.6280000000000006,2.6280000000000006,,,,,False,formula_quantity;unpriced_source
L2023-00009-1,2019-00005,data/unpacked/L2023-00009-1/2. 입찰서류(영문)/Part 2(░·╛≈┴÷╜├╝¡)/Section 4. Bill of Quantities_unpriced.xlsx,6-Stance water borne Toilet,30,6칸 수세식 화장실,1,1,General Summary 수량 1,ELEMENT NO.2: WALLING AND FRAME,"Hot rolled High yield ribbed steel bar reinforcement to BS 4449 as described including cutting to lengths, bending, hoisting and fixing including all necessary tying wire and spacing blocks.",heading,,"Hot rolled High yield ribbed steel bar reinforcement to BS 4449 as described including cutting to lengths, bending, hoisting and fixing including all necessary tying wire and spacing blocks.",급배수·위생,,,,,,,,,,,False,unpriced_source
L2023-00009-1,2019-00005,data/unpacked/L2023-00009-1/2. 입찰서류(영문)/Part 2(░·╛≈┴÷╜├╝¡)/Section 4. Bill of Quantities_unpriced.xlsx,6-Stance water borne Toilet,31,6칸 수세식 화장실,1,1,General Summary 수량 1,ELEMENT NO.2: WALLING AND FRAME,"Hot rolled High yield ribbed steel bar reinforcement to BS 4449 as described including cutting to lengths, bending, hoisting and fixing including all necessary tying wire and spacing blocks.",item,B,12mm Diameter bars (T12,급배수·위생,Kg,kg,140.0,,140.0,140.0,,,,,False,unpriced_source
L2023-00009-1,2019-00005,data/unpacked/L2023-00009-1/2. 입찰서류(영문)/Part 2(░·╛≈┴÷╜├╝¡)/Section 4. Bill of Quantities_unpriced.xlsx,6-Stance water borne Toilet,32,6칸 수세식 화장실,1,1,General Summary 수량 1,ELEMENT NO.2: WALLING AND FRAME,"Hot rolled High yield ribbed steel bar reinforcement to BS 4449 as described including cutting to lengths, bending, hoisting and fixing including all necessary tying wire and spacing blocks.",item,C,8mm Diameter bars,급배수·위생,Kg,kg,49.0,,49.0,49.0,,,,,False,unpriced_source
L2023-00009-1,2019-00005,data/unpacked/L2023-00009-1/2. 입찰서류(영문)/Part 2(░·╛≈┴÷╜├╝¡)/Section 4. Bill of Quantities_unpriced.xlsx,6-Stance water borne Toilet,33,6칸 수세식 화장실,1,1,General Summary 수량 1,ELEMENT NO.2: WALLING AND FRAME,"Hot rolled High yield ribbed steel bar reinforcement to BS 4449 as described including cutting to lengths, bending, hoisting and fixing including all necessary tying wire and spacing blocks.",item,D,R08 stirrups cast in ring beam at every truss position for fastening trusses(MS),급배수·위생,Kg,kg,55.0,,55.0,55.0,,,,,False,unpriced_source
L2023-00009-1,2019-00005,data/unpacked/L2023-00009-1/2. 입찰서류(영문)/Part 2(░·╛≈┴÷╜├╝¡)/Section 4. Bill of Quantities_unpriced.xlsx,6-Stance water borne Toilet,34,6칸 수세식 화장실,1,1,General Summary 수량 1,ELEMENT NO.2: WALLING AND FRAME,Sawn treated formwork to;,heading,,Sawn treated formwork to;,급배수·위생,,,,,,,,,,,False,unpriced_source
L2023-00009-1,2019-00005,data/unpacked/L2023-00009-1/2. 입찰서류(영문)/Part 2(░·╛≈┴÷╜├╝¡)/Section 4. Bill of Quantities_unpriced.xlsx,6-Stance water borne Toilet,35,6칸 수세식 화장실,1,1,General Summary 수량 1,ELEMENT NO.2: WALLING AND FRAME,Sawn treated formwork to;,item,E,sides and bottom of Ring beam,급배수·위생,SM,m²,34.0,,34.0,34.0,,,,,False,unpriced_source
L2023-00009-1,2019-00005,data/unpacked/L2023-00009-1/2. 입찰서류(영문)/Part 2(░·╛≈┴÷╜├╝¡)/Section 4. Bill of Quantities_unpriced.xlsx,6-Stance water borne Toilet,36,6칸 수세식 화장실,1,1,General Summary 수량 1,ELEMENT NO.2: WALLING AND FRAME,Brickwork,heading,,Brickwork,급배수·위생,,,,,,,,,,,False,unpriced_source
L2023-00009-1,2019-00005,data/unpacked/L2023-00009-1/2. 입찰서류(영문)/Part 2(░·╛≈┴÷╜├╝¡)/Section 4. Bill of Quantities_unpriced.xlsx,6-Stance water borne Toilet,37,6칸 수세식 화장실,1,1,General Summary 수량 1,ELEMENT NO.2: WALLING AND FRAME,Brickwork,item,F,150mm thick well burnt clay brick walling bedded and jointed in cement sand(1:3) mortor with and including 25x3mm thick hoop iron strips laid horizontally at every alternate coars,급배수·위생,SM,m²,152.0,,152.0,152.0,,,,,False,unpriced_source
L2023-00009-1,2019-00005,data/unpacked/L2023-00009-1/2. 입찰서류(영문)/Part 2(░·╛≈┴÷╜├╝¡)/Section 4. Bill of Quantities_unpriced.xlsx,6-Stance water borne Toilet,38,6칸 수세식 화장실,1,1,General Summary 수량 1,ELEMENT NO.2: WALLING AND FRAME,Brickwork,item,,"DECORATIVE BRICK WALLING COMPRISING ""POMPEI BRICKS"" each size 180 x 180mm jointed in cement and sand (1:3) mortar and painted in coloured cement",급배수·위생,SM,m²,8.8,=2.2*1*4,8.8,8.8,,,,,False,formula_quantity;unpriced_source
L2023-00009-1,2019-00005,data/unpacked/L2023-00009-1/2. 입찰서류(영문)/Part 2(░·╛≈┴÷╜├╝¡)/Section 4. Bill of Quantities_unpriced.xlsx,6-Stance water borne Toilet,39,6칸 수세식 화장실,1,1,General Summary 수량 1,ELEMENT NO.2: WALLING AND FRAME,Brickwork,total,,Total Walling and Frame,급배수·위생,,,,,,,,,,,False,unpriced_source
L2023-00009-1,2019-00005,data/unpacked/L2023-00009-1/2. 입찰서류(영문)/Part 2(░·╛≈┴÷╜├╝¡)/Section 4. Bill of Quantities_unpriced.xlsx,6-Stance water borne Toilet,41,6칸 수세식 화장실,1,1,General Summary 수량 1,ELEMENT NO.3 ROOF CONSTRUCTION & RAINWATER DISPOSAL,,heading,,ELEMENT NO.3 ROOF CONSTRUCTION & RAINWATER DISPOSAL,급배수·위생,,,,,,,,,,,False,unpriced_source
L2023-00009-1,2019-00005,data/unpacked/L2023-00009-1/2. 입찰서류(영문)/Part 2(░·╛≈┴÷╜├╝¡)/Section 4. Bill of Quantities_unpriced.xlsx,6-Stance water borne Toilet,42,6칸 수세식 화장실,1,1,General Summary 수량 1,ELEMENT NO.3 ROOF CONSTRUCTION & RAINWATER DISPOSAL,The following in roof construction including hoisting and fixing approximately 3.0mm above ground level.,heading,,The following in roof construction including hoisting and fixing approximately 3.0mm above ground level.,급배수·위생,,,,,,,,,,,False,unpriced_source
L2023-00009-1,2019-00005,data/unpacked/L2023-00009-1/2. 입찰서류(영문)/Part 2(░·╛≈┴÷╜├╝¡)/Section 4. Bill of Quantities_unpriced.xlsx,6-Stance water borne Toilet,43,6칸 수세식 화장실,1,1,General Summary 수량 1,ELEMENT NO.3 ROOF CONSTRUCTION & RAINWATER DISPOSAL,Sawn cypress pressure impregnated with preservative:-,heading,,Sawn cypress pressure impregnated with preservative:-,급배수·위생,,,,,,,,,,,False,unpriced_source
L2023-00009-1,2019-00005,data/unpacked/L2023-00009-1/2. 입찰서류(영문)/Part 2(░·╛≈┴÷╜├╝¡)/Section 4. Bill of Quantities_unpriced.xlsx,6-Stance water borne Toilet,44,6칸 수세식 화장실,1,1,General Summary 수량 1,ELEMENT NO.3 ROOF CONSTRUCTION & RAINWATER DISPOSAL,Sawn cypress pressure impregnated with preservative:-,item,A,75x100mm Tie beam,급배수·위생,Lm,m,49.0,,49.0,49.0,,,,,False,unpriced_source
L2023-00009-1,2019-00005,data/unpacked/L2023-00009-1/2. 입찰서류(영문)/Part 2(░·╛≈┴÷╜├╝¡)/Section 4. Bill of Quantities_unpriced.xlsx,6-Stance water borne Toilet,45,6칸 수세식 화장실,1,1,General Summary 수량 1,ELEMENT NO.3 ROOF CONSTRUCTION & RAINWATER DISPOSAL,Sawn cypress pressure impregnated with preservative:-,item,B,75x100mm Rafters,급배수·위생,Lm,m,50.0,,50.0,50.0,,,,,False,unpriced_source
L2023-00009-1,2019-00005,data/unpacked/L2023-00009-1/2. 입찰서류(영문)/Part 2(░·╛≈┴÷╜├╝¡)/Section 4. Bill of Quantities_unpriced.xlsx,6-Stance water borne Toilet,46,6칸 수세식 화장실,1,1,General Summary 수량 1,ELEMENT NO.3 ROOF CONSTRUCTION & RAINWATER DISPOSAL,Sawn cypress pressure impregnated with preservative:-,item,C,75x100mm wall plate,급배수·위생,Lm,m,26.0,,26.0,26.0,,,,,False,unpriced_source
L2023-00009-1,2019-00005,data/unpacked/L2023-00009-1/2. 입찰서류(영문)/Part 2(░·╛≈┴÷╜├╝¡)/Section 4. Bill of Quantities_unpriced.xlsx,6-Stance water borne Toilet,47,6칸 수세식 화장실,1,1,General Summary 수량 1,ELEMENT NO.3 ROOF CONSTRUCTION & RAINWATER DISPOSAL,Sawn cypress pressure impregnated with preservative:-,item,D,50x100mm struts and Ties,급배수·위생,Lm,m,46.0,,46.0,46.0,,,,,False,unpriced_source
L2023-00009-1,2019-00005,data/unpacked/L2023-00009-1/2. 입찰서류(영문)/Part 2(░·╛≈┴÷╜├╝¡)/Section 4. Bill of Quantities_unpriced.xlsx,6-Stance water borne Toilet,48,6칸 수세식 화장실,1,1,General Summary 수량 1,ELEMENT NO.3 ROOF CONSTRUCTION & RAINWATER DISPOSAL,Sawn cypress pressure impregnated with preservative:-,item,E,50x100mm purlins,급배수·위생,Lm,m,44.0,,44.0,44.0,,,,,False,unpriced_source
L2023-00009-1,2019-00005,data/unpacked/L2023-00009-1/2. 입찰서류(영문)/Part 2(░·╛≈┴÷╜├╝¡)/Section 4. Bill of Quantities_unpriced.xlsx,6-Stance water borne Toilet,49,6칸 수세식 화장실,1,1,General Summary 수량 1,ELEMENT NO.3 ROOF CONSTRUCTION & RAINWATER DISPOSAL,Sawn cypress pressure impregnated with preservative:-,item,F,225mm facia board well treated and painted with pproved paint,급배수·위생,Lm,m,43.0,,43.0,43.0,,,,,False,unpriced_source
L2023-00009-1,2019-00005,data/unpacked/L2023-00009-1/2. 입찰서류(영문)/Part 2(░·╛≈┴÷╜├╝¡)/Section 4. Bill of Quantities_unpriced.xlsx,6-Stance water borne Toilet,50,6칸 수세식 화장실,1,1,General Summary 수량 1,ELEMENT NO.3 ROOF CONSTRUCTION & RAINWATER DISPOSAL,Sawn cypress pressure impregnated with preservative:-,item,G,Roof Covering: Guage 26 pre-painted iron roofing sheets fixed with 2 side overlaps and 150mm end laps with and including approved roofing nails or galvanized steel drive screws with plastic washers to manufacturer's instructions.,급배수·위생,SM,m²,55.19,=(6.1+1)*(7.9+1)-8,55.19,55.19,,,,,False,formula_quantity;unpriced_source
L2023-00009-1,2019-00005,data/unpacked/L2023-00009-1/2. 입찰서류(영문)/Part 2(░·╛≈┴÷╜├╝¡)/Section 4. Bill of Quantities_unpriced.xlsx,6-Stance water borne Toilet,51,6칸 수세식 화장실,1,1,General Summary 수량 1,ELEMENT NO.3 ROOF CONSTRUCTION & RAINWATER DISPOSAL,Sawn cypress pressure impregnated with preservative:-,item,H,Super V translucent sheets fixed on to roof structure with welded mesh underneath,급배수·위생,NO,no.,4.0,,4.0,4.0,,,,,False,unpriced_source
L2023-00009-1,2019-00005,data/unpacked/L2023-00009-1/2. 입찰서류(영문)/Part 2(░·╛≈┴÷╜├╝¡)/Section 4. Bill of Quantities_unpriced.xlsx,6-Stance water borne Toilet,52,6칸 수세식 화장실,1,1,General Summary 수량 1,ELEMENT NO.3 ROOF CONSTRUCTION & RAINWATER DISPOSAL,Sawn cypress pressure impregnated with preservative:-,item,J,300mm Wide ridge flashing,급배수·위생,LM,m,7.5,,7.5,7.5,,,,,False,unpriced_source
L2023-00009-1,2019-00005,data/unpacked/L2023-00009-1/2. 입찰서류(영문)/Part 2(░·╛≈┴÷╜├╝¡)/Section 4. Bill of Quantities_unpriced.xlsx,6-Stance water borne Toilet,53,6칸 수세식 화장실,1,1,General Summary 수량 1,ELEMENT NO.3 ROOF CONSTRUCTION & RAINWATER DISPOSAL,Sawn cypress pressure impregnated with preservative:-,item,K,130mm diameter half round PVC gutter,급배수·위생,LM,m,15.0,,15.0,15.0,,,,,False,unpriced_source
L2023-00009-1,2019-00005,data/unpacked/L2023-00009-1/2. 입찰서류(영문)/Part 2(░·╛≈┴÷╜├╝¡)/Section 4. Bill of Quantities_unpriced.xlsx,6-Stance water borne Toilet,54,6칸 수세식 화장실,1,1,General Summary 수량 1,ELEMENT NO.3 ROOF CONSTRUCTION & RAINWATER DISPOSAL,Sawn cypress pressure impregnated with preservative:-,item,L,Extra over gutter for outlet to suit 100mm diameter pipe.,급배수·위생,NO,no.,2.0,,2.0,2.0,,,,,False,unpriced_source
L2023-00009-1,2019-00005,data/unpacked/L2023-00009-1/2. 입찰서류(영문)/Part 2(░·╛≈┴÷╜├╝¡)/Section 4. Bill of Quantities_unpriced.xlsx,6-Stance water borne Toilet,55,6칸 수세식 화장실,1,1,General Summary 수량 1,ELEMENT NO.3 ROOF CONSTRUCTION & RAINWATER DISPOSAL,Sawn cypress pressure impregnated with preservative:-,item,N,Extra over gutter for bends,급배수·위생,NO,no.,2.0,,2.0,2.0,,,,,False,unpriced_source
L2023-00009-1,2019-00005,data/unpacked/L2023-00009-1/2. 입찰서류(영문)/Part 2(░·╛≈┴÷╜├╝¡)/Section 4. Bill of Quantities_unpriced.xlsx,6-Stance water borne Toilet,56,6칸 수세식 화장실,1,1,General Summary 수량 1,ELEMENT NO.3 ROOF CONSTRUCTION & RAINWATER DISPOSAL,Sawn cypress pressure impregnated with preservative:-,item,O,100mm diameter PVC down pipe,급배수·위생,LM,m,12.0,,12.0,12.0,,,,,False,unpriced_source
L2023-00009-1,2019-00005,data/unpacked/L2023-00009-1/2. 입찰서류(영문)/Part 2(░·╛≈┴÷╜├╝¡)/Section 4. Bill of Quantities_unpriced.xlsx,6-Stance water borne Toilet,57,6칸 수세식 화장실,1,1,General Summary 수량 1,ELEMENT NO.3 ROOF CONSTRUCTION & RAINWATER DISPOSAL,Sawn cypress pressure impregnated with preservative:-,item,P,Extra over for bends.,급배수·위생,NO,no.,4.0,,4.0,4.0,,,,,False,unpriced_source
L2023-00009-1,2019-00005,data/unpacked/L2023-00009-1/2. 입찰서류(영문)/Part 2(░·╛≈┴÷╜├╝¡)/Section 4. Bill of Quantities_unpriced.xlsx,6-Stance water borne Toilet,58,6칸 수세식 화장실,1,1,General Summary 수량 1,ELEMENT NO.3 ROOF CONSTRUCTION & RAINWATER DISPOSAL,Sawn cypress pressure impregnated with preservative:-,item,Q,Extra over for shoe.,급배수·위생,NO,no.,2.0,,2.0,2.0,,,,,False,unpriced_source
L2023-00009-1,2019-00005,data/unpacked/L2023-00009-1/2. 입찰서류(영문)/Part 2(░·╛≈┴÷╜├╝¡)/Section 4. Bill of Quantities_unpriced.xlsx,6-Stance water borne Toilet,59,6칸 수세식 화장실,1,1,General Summary 수량 1,ELEMENT NO.3 ROOF CONSTRUCTION & RAINWATER DISPOSAL,Sawn cypress pressure impregnated with preservative:-,total,,Total Roof Construction,급배수·위생,,,,,,,,,,,False,unpriced_source
L2023-00009-1,2019-00005,data/unpacked/L2023-00009-1/2. 입찰서류(영문)/Part 2(░·╛≈┴÷╜├╝¡)/Section 4. Bill of Quantities_unpriced.xlsx,6-Stance water borne Toilet,61,6칸 수세식 화장실,1,1,General Summary 수량 1,ELEMENT NO.3 ROOF CONSTRUCTION & RAINWATER DISPOSAL,Doors,heading,,Doors,급배수·위생,,,,,,,,,,,False,unpriced_source
L2023-00009-1,2019-00005,data/unpacked/L2023-00009-1/2. 입찰서류(영문)/Part 2(░·╛≈┴÷╜├╝¡)/Section 4. Bill of Quantities_unpriced.xlsx,6-Stance water borne Toilet,62,6칸 수세식 화장실,1,1,General Summary 수량 1,ELEMENT NO.3 ROOF CONSTRUCTION & RAINWATER DISPOSAL,Doors,total,A,Assemble and fix door and frame total overall size 900x2100mm high overall including 16mm solid bars at 75mm centre as ventilators 400mm high. Includings hinges,급배수·위생,No,no.,6.0,,6.0,6.0,,,,,False,unpriced_source
L2023-00009-1,2019-00005,data/unpacked/L2023-00009-1/2. 입찰서류(영문)/Part 2(░·╛≈┴÷╜├╝¡)/Section 4. Bill of Quantities_unpriced.xlsx,6-Stance water borne Toilet,63,6칸 수세식 화장실,1,1,General Summary 수량 1,ELEMENT NO.3 ROOF CONSTRUCTION & RAINWATER DISPOSAL,Windows,heading,,Windows,급배수·위생,,,,,,,,,,,False,unpriced_source
L2023-00009-1,2019-00005,data/unpacked/L2023-00009-1/2. 입찰서류(영문)/Part 2(░·╛≈┴÷╜├╝¡)/Section 4. Bill of Quantities_unpriced.xlsx,6-Stance water borne Toilet,64,6칸 수세식 화장실,1,1,General Summary 수량 1,ELEMENT NO.3 ROOF CONSTRUCTION & RAINWATER DISPOSAL,Windows,total,,Total Doors and Windows,급배수·위생,,,,,,,,,,,False,unpriced_source
L2023-00009-1,2019-00005,data/unpacked/L2023-00009-1/2. 입찰서류(영문)/Part 2(░·╛≈┴÷╜├╝¡)/Section 4. Bill of Quantities_unpriced.xlsx,6-Stance water borne Toilet,66,6칸 수세식 화장실,1,1,General Summary 수량 1,ELEMENT NO.3 ROOF CONSTRUCTION & RAINWATER DISPOSAL,External Finishes,heading,,External Finishes,급배수·위생,,,,,,,,,,,False,unpriced_source
L2023-00009-1,2019-00005,data/unpacked/L2023-00009-1/2. 입찰서류(영문)/Part 2(░·╛≈┴÷╜├╝¡)/Section 4. Bill of Quantities_unpriced.xlsx,6-Stance water borne Toilet,67,6칸 수세식 화장실,1,1,General Summary 수량 1,ELEMENT NO.3 ROOF CONSTRUCTION & RAINWATER DISPOSAL,External Finishes,item,A,25mm thick cement : sand (1:4) extenal wall rendering in two coats steel trowelled hard and smooth on walls externally,급배수·위생,SM,m²,59.0,,59.0,59.0,,,,,False,unpriced_source
L2023-00009-1,2019-00005,data/unpacked/L2023-00009-1/2. 입찰서류(영문)/Part 2(░·╛≈┴÷╜├╝¡)/Section 4. Bill of Quantities_unpriced.xlsx,6-Stance water borne Toilet,68,6칸 수세식 화장실,1,1,General Summary 수량 1,ELEMENT NO.3 ROOF CONSTRUCTION & RAINWATER DISPOSAL,External Finishes,item,B,Roughcast to rendered walls externally,급배수·위생,SM,m²,59.0,=D67,59.0,59.0,,,,,False,formula_quantity;unpriced_source
L2023-00009-1,2019-00005,data/unpacked/L2023-00009-1/2. 입찰서류(영문)/Part 2(░·╛≈┴÷╜├╝¡)/Section 4. Bill of Quantities_unpriced.xlsx,6-Stance water borne Toilet,69,6칸 수세식 화장실,1,1,General Summary 수량 1,ELEMENT NO.3 ROOF CONSTRUCTION & RAINWATER DISPOSAL,External Finishes,item,C,Prepare and apply three coats of weather guard paint to rendered walls externally,급배수·위생,SM,m²,59.0,=D68,59.0,59.0,,,,,False,formula_quantity;unpriced_source
L2023-00009-1,2019-00005,data/unpacked/L2023-00009-1/2. 입찰서류(영문)/Part 2(░·╛≈┴÷╜├╝¡)/Section 4. Bill of Quantities_unpriced.xlsx,6-Stance water borne Toilet,70,6칸 수세식 화장실,1,1,General Summary 수량 1,ELEMENT NO.3 ROOF CONSTRUCTION & RAINWATER DISPOSAL,External Finishes,total,,Total External Finishes,급배수·위생,,,,,,,,,,,False,unpriced_source
L2023-00009-1,2019-00005,data/unpacked/L2023-00009-1/2. 입찰서류(영문)/Part 2(░·╛≈┴÷╜├╝¡)/Section 4. Bill of Quantities_unpriced.xlsx,6-Stance water borne Toilet,72,6칸 수세식 화장실,1,1,General Summary 수량 1,ELEMENT NO.3 ROOF CONSTRUCTION & RAINWATER DISPOSAL,Internal Finishes,heading,,Internal Finishes,급배수·위생,,,,,,,,,,,False,unpriced_source
L2023-00009-1,2019-00005,data/unpacked/L2023-00009-1/2. 입찰서류(영문)/Part 2(░·╛≈┴÷╜├╝¡)/Section 4. Bill of Quantities_unpriced.xlsx,6-Stance water borne Toilet,73,6칸 수세식 화장실,1,1,General Summary 수량 1,ELEMENT NO.3 ROOF CONSTRUCTION & RAINWATER DISPOSAL,Internal Finishes,item,D,15mm Cement and sand (1:3) Wall plaster in two coats steel trowelled hard and smooth on wall or cement sand 1:3 mix internally,급배수·위생,SM,m²,98.0,,98.0,98.0,,,,,False,unpriced_source
L2023-00009-1,2019-00005,data/unpacked/L2023-00009-1/2. 입찰서류(영문)/Part 2(░·╛≈┴÷╜├╝¡)/Section 4. Bill of Quantities_unpriced.xlsx,6-Stance water borne Toilet,74,6칸 수세식 화장실,1,1,General Summary 수량 1,ELEMENT NO.3 ROOF CONSTRUCTION & RAINWATER DISPOSAL,Internal Finishes,item,E,25mm thick cement and sand (1:3) screed finished smooth with steel float,급배수·위생,SM,m²,43.0,,43.0,43.0,,,,,False,unpriced_source
L2023-00009-1,2019-00005,data/unpacked/L2023-00009-1/2. 입찰서류(영문)/Part 2(░·╛≈┴÷╜├╝¡)/Section 4. Bill of Quantities_unpriced.xlsx,6-Stance water borne Toilet,75,6칸 수세식 화장실,1,1,General Summary 수량 1,ELEMENT NO.3 ROOF CONSTRUCTION & RAINWATER DISPOSAL,Internal Finishes,item,F,Prepare and apply three coats of silk vinyl paint to plastered walls internally,급배수·위생,SM,m²,98.0,=D73,98.0,98.0,,,,,False,formula_quantity;unpriced_source
L2023-00009-1,2019-00005,data/unpacked/L2023-00009-1/2. 입찰서류(영문)/Part 2(░·╛≈┴÷╜├╝¡)/Section 4. Bill of Quantities_unpriced.xlsx,6-Stance water borne Toilet,76,6칸 수세식 화장실,1,1,General Summary 수량 1,ELEMENT NO.3 ROOF CONSTRUCTION & RAINWATER DISPOSAL,Internal Finishes,total,,Total Internal Finishes,급배수·위생,,,,,,,,,,,False,unpriced_source
L2023-00009-1,2019-00005,data/unpacked/L2023-00009-1/2. 입찰서류(영문)/Part 2(░·╛≈┴÷╜├╝¡)/Section 4. Bill of Quantities_unpriced.xlsx,6-Stance water borne Toilet,78,6칸 수세식 화장실,1,1,General Summary 수량 1,ELEMENT NO.3 ROOF CONSTRUCTION & RAINWATER DISPOSAL,Mechanical Installations,heading,,Mechanical Installations,급배수·위생,,,,,,,,,,,False,unpriced_source
L2023-00009-1,2019-00005,data/unpacked/L2023-00009-1/2. 입찰서류(영문)/Part 2(░·╛≈┴÷╜├╝¡)/Section 4. Bill of Quantities_unpriced.xlsx,6-Stance water borne Toilet,79,6칸 수세식 화장실,1,1,General Summary 수량 1,ELEMENT NO.3 ROOF CONSTRUCTION & RAINWATER DISPOSAL,Drainage,heading,,Drainage,급배수·위생,,,,,,,,,,,False,unpriced_source
L2023-00009-1,2019-00005,data/unpacked/L2023-00009-1/2. 입찰서류(영문)/Part 2(░·╛≈┴÷╜├╝¡)/Section 4. Bill of Quantities_unpriced.xlsx,6-Stance water borne Toilet,80,6칸 수세식 화장실,1,1,General Summary 수량 1,ELEMENT NO.3 ROOF CONSTRUCTION & RAINWATER DISPOSAL,Drainage,item,A,PVC Gully Trap,급배수·위생,No,no.,3.0,,3.0,3.0,,,,,False,unpriced_source
L2023-00009-1,2019-00005,data/unpacked/L2023-00009-1/2. 입찰서류(영문)/Part 2(░·╛≈┴÷╜├╝¡)/Section 4. Bill of Quantities_unpriced.xlsx,6-Stance water borne Toilet,81,6칸 수세식 화장실,1,1,General Summary 수량 1,ELEMENT NO.3 ROOF CONSTRUCTION & RAINWATER DISPOSAL,Drainage,item,B,Floor Trap as ARMITAGE SHANKS complete with all accessories,급배수·위생,No,no.,4.0,,4.0,4.0,,,,,False,unpriced_source
L2023-00009-1,2019-00005,data/unpacked/L2023-00009-1/2. 입찰서류(영문)/Part 2(░·╛≈┴÷╜├╝¡)/Section 4. Bill of Quantities_unpriced.xlsx,6-Stance water borne Toilet,82,6칸 수세식 화장실,1,1,General Summary 수량 1,ELEMENT NO.3 ROOF CONSTRUCTION & RAINWATER DISPOSAL,Drainage,item,C,Soak Pit Size approx. 2500mm on top tapering to 1500mm and depth of 1500mm complete with hardcore and all accessories,급배수·위생,Item,item,1.0,,1.0,1.0,,,,,False,unpriced_source
L2023-00009-1,2019-00005,data/unpacked/L2023-00009-1/2. 입찰서류(영문)/Part 2(░·╛≈┴÷╜├╝¡)/Section 4. Bill of Quantities_unpriced.xlsx,6-Stance water borne Toilet,83,6칸 수세식 화장실,1,1,General Summary 수량 1,ELEMENT NO.3 ROOF CONSTRUCTION & RAINWATER DISPOSAL,Drainage,item,D,"Manhole 450 x 600mm in masonry brickwork, rendered smooth inside complete with benching, heavy duty manhole cover made out of concrete and angles and all accessories.",급배수·위생,No,no.,4.0,,4.0,4.0,,,,,False,unpriced_source
L2023-00009-1,2019-00005,data/unpacked/L2023-00009-1/2. 입찰서류(영문)/Part 2(░·╛≈┴÷╜├╝¡)/Section 4. Bill of Quantities_unpriced.xlsx,6-Stance water borne Toilet,84,6칸 수세식 화장실,1,1,General Summary 수량 1,ELEMENT NO.3 ROOF CONSTRUCTION & RAINWATER DISPOSAL,Drainage,item,E,"110mm PVC heavy gauge pipework buried in the ground to a fall of 1:60 complete with excavations, bedding, backfilling and all accessories.",급배수·위생,LM,m,15.0,,15.0,15.0,,,,,False,unpriced_source
L2023-00009-1,2019-00005,data/unpacked/L2023-00009-1/2. 입찰서류(영문)/Part 2(░·╛≈┴÷╜├╝¡)/Section 4. Bill of Quantities_unpriced.xlsx,6-Stance water borne Toilet,85,6칸 수세식 화장실,1,1,General Summary 수량 1,ELEMENT NO.3 ROOF CONSTRUCTION & RAINWATER DISPOSAL,Drainage,item,F,"Wash hand basin with half pedestal complete with one center tap hole, white in color, wall bolts& brackets, Flexible tube 450mm long complete, 32mm chrome plated bottle trap, wall bolts, and 1/2"" Lever action pillar tap with chrome plated handles, 11/4"" chrome plated waste.",급배수·위생,No,no.,4.0,,4.0,4.0,,,,,False,unpriced_source
L2023-00009-1,2019-00005,data/unpacked/L2023-00009-1/2. 입찰서류(영문)/Part 2(░·╛≈┴÷╜├╝¡)/Section 4. Bill of Quantities_unpriced.xlsx,6-Stance water borne Toilet,86,6칸 수세식 화장실,1,1,General Summary 수량 1,ELEMENT NO.3 ROOF CONSTRUCTION & RAINWATER DISPOSAL,Drainage,item,G,Wall mounted stainless steel toilet roll holder,급배수·위생,No,no.,6.0,,6.0,6.0,,,,,False,unpriced_source
L2023-00009-1,2019-00005,data/unpacked/L2023-00009-1/2. 입찰서류(영문)/Part 2(░·╛≈┴÷╜├╝¡)/Section 4. Bill of Quantities_unpriced.xlsx,6-Stance water borne Toilet,87,6칸 수세식 화장실,1,1,General Summary 수량 1,ELEMENT NO.3 ROOF CONSTRUCTION & RAINWATER DISPOSAL,Drainage,item,H,Stainless steel double coat Hooks,급배수·위생,No,no.,6.0,,6.0,6.0,,,,,False,unpriced_source
L2023-00009-1,2019-00005,data/unpacked/L2023-00009-1/2. 입찰서류(영문)/Part 2(░·╛≈┴÷╜├╝¡)/Section 4. Bill of Quantities_unpriced.xlsx,6-Stance water borne Toilet,88,6칸 수세식 화장실,1,1,General Summary 수량 1,ELEMENT NO.3 ROOF CONSTRUCTION & RAINWATER DISPOSAL,Drainage,item,I,"White glazed vitreous china back to wall, top inlet, 'P' or 'S' trap WC bowl to BS 3402 complete with heavy duty seat and cover with steel hinges",급배수·위생,No,no.,6.0,,6.0,6.0,,,,,False,unpriced_source
L2023-00009-1,2019-00005,data/unpacked/L2023-00009-1/2. 입찰서류(영문)/Part 2(░·╛≈┴÷╜├╝¡)/Section 4. Bill of Quantities_unpriced.xlsx,6-Stance water borne Toilet,89,6칸 수세식 화장실,1,1,General Summary 수량 1,ELEMENT NO.3 ROOF CONSTRUCTION & RAINWATER DISPOSAL,Drainage,item,J,Wall hung stainless steel as Franke Urinal bowls,급배수·위생,No,no.,3.0,,3.0,3.0,,,,,False,unpriced_source
L2023-00009-1,2019-00005,data/unpacked/L2023-00009-1/2. 입찰서류(영문)/Part 2(░·╛≈┴÷╜├╝¡)/Section 4. Bill of Quantities_unpriced.xlsx,6-Stance water borne Toilet,91,6칸 수세식 화장실,1,1,General Summary 수량 1,ELEMENT NO.3 ROOF CONSTRUCTION & RAINWATER DISPOSAL,Drainage,item,K,Wall mirrors 600 x 400mm with bevelled edges polished with chrome plated dome shaped screws,급배수·위생,No,no.,4.0,,4.0,4.0,,,,,False,unpriced_source
L2023-00009-1,2019-00005,data/unpacked/L2023-00009-1/2. 입찰서류(영문)/Part 2(░·╛≈┴÷╜├╝¡)/Section 4. Bill of Quantities_unpriced.xlsx,6-Stance water borne Toilet,92,6칸 수세식 화장실,1,1,General Summary 수량 1,ELEMENT NO.3 ROOF CONSTRUCTION & RAINWATER DISPOSAL,Drainage,item,L,"Septic Tank for 40 people in masonry brickwork, rendered smooth inside complete with inlet and outlet manholes benching, heavy duty manhole cover made out of concrete and angles and all accessories.",급배수·위생,No,no.,1.0,,1.0,1.0,,,,,False,unpriced_source
L2023-00009-1,2019-00005,data/unpacked/L2023-00009-1/2. 입찰서류(영문)/Part 2(░·╛≈┴÷╜├╝¡)/Section 4. Bill of Quantities_unpriced.xlsx,6-Stance water borne Toilet,93,6칸 수세식 화장실,1,1,General Summary 수량 1,ELEMENT NO.3 ROOF CONSTRUCTION & RAINWATER DISPOSAL,"All pipe work shall be completed with fittings such as bends elbows, tees and all accessories and shall be inclusive of all builder's work.",heading,,"All pipe work shall be completed with fittings such as bends elbows, tees and all accessories and shall be inclusive of all builder's work.",급배수·위생,,,,,,,,,,,False,unpriced_source
L2023-00009-1,2019-00005,data/unpacked/L2023-00009-1/2. 입찰서류(영문)/Part 2(░·╛≈┴÷╜├╝¡)/Section 4. Bill of Quantities_unpriced.xlsx,6-Stance water borne Toilet,94,6칸 수세식 화장실,1,1,General Summary 수량 1,ELEMENT NO.3 ROOF CONSTRUCTION & RAINWATER DISPOSAL,PIPE WORK,heading,,PIPE WORK,급배수·위생,,,,,,,,,,,False,unpriced_source
L2023-00009-1,2019-00005,data/unpacked/L2023-00009-1/2. 입찰서류(영문)/Part 2(░·╛≈┴÷╜├╝¡)/Section 4. Bill of Quantities_unpriced.xlsx,6-Stance water borne Toilet,95,6칸 수세식 화장실,1,1,General Summary 수량 1,ELEMENT NO.3 ROOF CONSTRUCTION & RAINWATER DISPOSAL,PIPE WORK,item,M,25mm PPR cold water Pipe work complete.,급배수·위생,m,m,14.0,,14.0,14.0,,,,,False,unpriced_source
L2023-00009-1,2019-00005,data/unpacked/L2023-00009-1/2. 입찰서류(영문)/Part 2(░·╛≈┴÷╜├╝¡)/Section 4. Bill of Quantities_unpriced.xlsx,6-Stance water borne Toilet,96,6칸 수세식 화장실,1,1,General Summary 수량 1,ELEMENT NO.3 ROOF CONSTRUCTION & RAINWATER DISPOSAL,PIPE WORK,item,N,20mm PPR cold water Pipe work complete.,급배수·위생,m,m,8.0,,8.0,8.0,,,,,False,unpriced_source
L2023-00009-1,2019-00005,data/unpacked/L2023-00009-1/2. 입찰서류(영문)/Part 2(░·╛≈┴÷╜├╝¡)/Section 4. Bill of Quantities_unpriced.xlsx,6-Stance water borne Toilet,97,6칸 수세식 화장실,1,1,General Summary 수량 1,ELEMENT NO.3 ROOF CONSTRUCTION & RAINWATER DISPOSAL,PIPE WORK,item,O,25mm gate valves,급배수·위생,m,m,1.0,,1.0,1.0,,,,,False,unpriced_source
L2023-00009-1,2019-00005,data/unpacked/L2023-00009-1/2. 입찰서류(영문)/Part 2(░·╛≈┴÷╜├╝¡)/Section 4. Bill of Quantities_unpriced.xlsx,6-Stance water borne Toilet,98,6칸 수세식 화장실,1,1,General Summary 수량 1,ELEMENT NO.3 ROOF CONSTRUCTION & RAINWATER DISPOSAL,PIPE WORK,item,P,20mm angle valves,급배수·위생,m,m,6.0,,6.0,6.0,,,,,False,unpriced_source
L2023-00009-1,2019-00005,data/unpacked/L2023-00009-1/2. 입찰서류(영문)/Part 2(░·╛≈┴÷╜├╝¡)/Section 4. Bill of Quantities_unpriced.xlsx,6-Stance water borne Toilet,99,6칸 수세식 화장실,1,1,General Summary 수량 1,ELEMENT NO.3 ROOF CONSTRUCTION & RAINWATER DISPOSAL,PIPE WORK,item,Q,"Water supply line DN 25mm PN10 HDPE pipe burried in the ground 600mm below formation level complete with excavations, backfilling and making good.",급배수·위생,m,m,40.0,,40.0,40.0,,,,,False,unpriced_source
L2023-00009-1,2019-00005,data/unpacked/L2023-00009-1/2. 입찰서류(영문)/Part 2(░·╛≈┴÷╜├╝¡)/Section 4. Bill of Quantities_unpriced.xlsx,6-Stance water borne Toilet,100,6칸 수세식 화장실,1,1,General Summary 수량 1,ELEMENT NO.3 ROOF CONSTRUCTION & RAINWATER DISPOSAL,Water Tank,heading,,Water Tank,급배수·위생,,,,,,,,,,,False,unpriced_source
L2023-00009-1,2019-00005,data/unpacked/L2023-00009-1/2. 입찰서류(영문)/Part 2(░·╛≈┴÷╜├╝¡)/Section 4. Bill of Quantities_unpriced.xlsx,6-Stance water borne Toilet,101,6칸 수세식 화장실,1,1,General Summary 수량 1,ELEMENT NO.3 ROOF CONSTRUCTION & RAINWATER DISPOSAL,Water Tank,item,R,"Cylindrical PVC vertical water tank 3000 Litres as CrestTanks or equal approved complete with 25mm inlet ball valve, overflow, outlet and wash out and all accessories.",급배수·위생,No,no.,1.0,,1.0,1.0,,,,,False,unpriced_source
L2023-00009-1,2019-00005,data/unpacked/L2023-00009-1/2. 입찰서류(영문)/Part 2(░·╛≈┴÷╜├╝¡)/Section 4. Bill of Quantities_unpriced.xlsx,6-Stance water borne Toilet,102,6칸 수세식 화장실,1,1,General Summary 수량 1,ELEMENT NO.3 ROOF CONSTRUCTION & RAINWATER DISPOSAL,Water Tank,item,S,"Steel stand for above tanks, 3m high fixed in the ground next to the building complete with all accessories.",급배수·위생,No,no.,1.0,,1.0,1.0,,,,,False,unpriced_source
L2023-00009-1,2019-00005,data/unpacked/L2023-00009-1/2. 입찰서류(영문)/Part 2(░·╛≈┴÷╜├╝¡)/Section 4. Bill of Quantities_unpriced.xlsx,6-Stance water borne Toilet,103,6칸 수세식 화장실,1,1,General Summary 수량 1,ELEMENT NO.3 ROOF CONSTRUCTION & RAINWATER DISPOSAL,Water Tank,total,,Total Mechanical Installations,급배수·위생,,,,,,,,,,,False,unpriced_source
L2023-00009-1,2019-00005,data/unpacked/L2023-00009-1/2. 입찰서류(영문)/Part 2(░·╛≈┴÷╜├╝¡)/Section 4. Bill of Quantities_unpriced.xlsx,6-Stance water borne Toilet,105,6칸 수세식 화장실,1,1,General Summary 수량 1,ELEMENT NO.3 ROOF CONSTRUCTION & RAINWATER DISPOSAL,ELECTRICAL INSTALLATIONS,heading,,ELECTRICAL INSTALLATIONS,전기·전력인입,,,,,,,,,,,False,unpriced_source
L2023-00009-1,2019-00005,data/unpacked/L2023-00009-1/2. 입찰서류(영문)/Part 2(░·╛≈┴÷╜├╝¡)/Section 4. Bill of Quantities_unpriced.xlsx,6-Stance water borne Toilet,106,6칸 수세식 화장실,1,1,General Summary 수량 1,ELEMENT NO.3 ROOF CONSTRUCTION & RAINWATER DISPOSAL,Lighting Fittings,heading,,Lighting Fittings,전기·전력인입,,,,,,,,,,,False,unpriced_source
L2023-00009-1,2019-00005,data/unpacked/L2023-00009-1/2. 입찰서류(영문)/Part 2(░·╛≈┴÷╜├╝¡)/Section 4. Bill of Quantities_unpriced.xlsx,6-Stance water borne Toilet,107,6칸 수세식 화장실,1,1,General Summary 수량 1,ELEMENT NO.3 ROOF CONSTRUCTION & RAINWATER DISPOSAL,Lighting Fittings,item,A,"Fresh and contemporary circular,LED panel light surface mounted round 6W",전기·전력인입,NO,no.,10.0,,10.0,10.0,,,,,False,unpriced_source
L2023-00009-1,2019-00005,data/unpacked/L2023-00009-1/2. 입찰서류(영문)/Part 2(░·╛≈┴÷╜├╝¡)/Section 4. Bill of Quantities_unpriced.xlsx,6-Stance water borne Toilet,108,6칸 수세식 화장실,1,1,General Summary 수량 1,ELEMENT NO.3 ROOF CONSTRUCTION & RAINWATER DISPOSAL,Lighting Fittings,item,B,Security bulkhead with cast aluminium body with glass lens and aluminium louver with 1 x 8W LED lamp,전기·전력인입,NO,no.,4.0,,4.0,4.0,,,,,False,unpriced_source
L2023-00009-1,2019-00005,data/unpacked/L2023-00009-1/2. 입찰서류(영문)/Part 2(░·╛≈┴÷╜├╝¡)/Section 4. Bill of Quantities_unpriced.xlsx,6-Stance water borne Toilet,109,6칸 수세식 화장실,1,1,General Summary 수량 1,ELEMENT NO.3 ROOF CONSTRUCTION & RAINWATER DISPOSAL,Lighting Fittings,item,C,1 x 18W 1200mm LED single surface mounted batten and all accessories,전기·전력인입,NO,no.,3.0,,3.0,3.0,,,,,False,unpriced_source
L2023-00009-1,2019-00005,data/unpacked/L2023-00009-1/2. 입찰서류(영문)/Part 2(░·╛≈┴÷╜├╝¡)/Section 4. Bill of Quantities_unpriced.xlsx,6-Stance water borne Toilet,110,6칸 수세식 화장실,1,1,General Summary 수량 1,ELEMENT NO.3 ROOF CONSTRUCTION & RAINWATER DISPOSAL,Switches & Wiring Accessories,heading,,Switches & Wiring Accessories,전기·전력인입,,,,,,,,,,,False,unpriced_source
L2023-00009-1,2019-00005,data/unpacked/L2023-00009-1/2. 입찰서류(영문)/Part 2(░·╛≈┴÷╜├╝¡)/Section 4. Bill of Quantities_unpriced.xlsx,6-Stance water borne Toilet,111,6칸 수세식 화장실,1,1,General Summary 수량 1,ELEMENT NO.3 ROOF CONSTRUCTION & RAINWATER DISPOSAL,Switches & Wiring Accessories,item,D,"6A/240V 3 - Gang 2-Way witches c/w flush mounting box, and accessories",전기·전력인입,NO,no.,2.0,,2.0,2.0,,,,,False,unpriced_source
L2023-00009-1,2019-00005,data/unpacked/L2023-00009-1/2. 입찰서류(영문)/Part 2(░·╛≈┴÷╜├╝¡)/Section 4. Bill of Quantities_unpriced.xlsx,6-Stance water borne Toilet,112,6칸 수세식 화장실,1,1,General Summary 수량 1,ELEMENT NO.3 ROOF CONSTRUCTION & RAINWATER DISPOSAL,Wiring,heading,,Wiring,전기·전력인입,,,,,,,,,,,False,unpriced_source
L2023-00009-1,2019-00005,data/unpacked/L2023-00009-1/2. 입찰서류(영문)/Part 2(░·╛≈┴÷╜├╝¡)/Section 4. Bill of Quantities_unpriced.xlsx,6-Stance water borne Toilet,113,6칸 수세식 화장실,1,1,General Summary 수량 1,ELEMENT NO.3 ROOF CONSTRUCTION & RAINWATER DISPOSAL,Lighting points,heading,E,Lighting points,전기·전력인입,,,,,,,,,,,False,unpriced_source
L2023-00009-1,2019-00005,data/unpacked/L2023-00009-1/2. 입찰서류(영문)/Part 2(░·╛≈┴÷╜├╝¡)/Section 4. Bill of Quantities_unpriced.xlsx,6-Stance water borne Toilet,114,6칸 수세식 화장실,1,1,General Summary 수량 1,ELEMENT NO.3 ROOF CONSTRUCTION & RAINWATER DISPOSAL,Lighting points,item,F,"All wiring of lighting points are to be connected complete and ready from 10A SP miniature circuit breakers on Consumer unit through Adaptable Box, using 1.5mm sq. PVC-Insulated single core copper cables drawn in PVC flush installed conduits, through switches, and as per drawings",전기·전력인입,NO,no.,15.0,,15.0,15.0,,,,,False,unpriced_source
L2023-00009-1,2019-00005,data/unpacked/L2023-00009-1/2. 입찰서류(영문)/Part 2(░·╛≈┴÷╜├╝¡)/Section 4. Bill of Quantities_unpriced.xlsx,6-Stance water borne Toilet,115,6칸 수세식 화장실,1,1,General Summary 수량 1,ELEMENT NO.3 ROOF CONSTRUCTION & RAINWATER DISPOSAL,Lighting points,item,G,"24-Hour photocell for Security Lights, as to Zodion",전기·전력인입,NO,no.,1.0,,1.0,1.0,,,,,False,unpriced_source
L2023-00009-1,2019-00005,data/unpacked/L2023-00009-1/2. 입찰서류(영문)/Part 2(░·╛≈┴÷╜├╝¡)/Section 4. Bill of Quantities_unpriced.xlsx,6-Stance water borne Toilet,116,6칸 수세식 화장실,1,1,General Summary 수량 1,ELEMENT NO.3 ROOF CONSTRUCTION & RAINWATER DISPOSAL,Lighting points,item,H,Supply and Install a 8x8 Adaptable Box for Power extension,전기·전력인입,NO,no.,1.0,,1.0,1.0,,,,,False,unpriced_source
L2023-00009-1,2019-00005,data/unpacked/L2023-00009-1/2. 입찰서류(영문)/Part 2(░·╛≈┴÷╜├╝¡)/Section 4. Bill of Quantities_unpriced.xlsx,6-Stance water borne Toilet,117,6칸 수세식 화장실,1,1,General Summary 수량 1,ELEMENT NO.3 ROOF CONSTRUCTION & RAINWATER DISPOSAL,Lighting points,total,,Total 10 Stance - Carried to Summary,전기·전력인입,,,,,,,,,,,False,unpriced_source
L2023-00009-1,2019-00005,data/unpacked/L2023-00009-1/2. 입찰서류(영문)/Part 2(░·╛≈┴÷╜├╝¡)/Section 4. Bill of Quantities_unpriced.xlsx,Milling Facility.,4,옥수수 가공시설,1,1,General Summary 수량 1,ELEMENT NO.1,,heading,,ELEMENT NO.1,설비·장비,,,,,,,,,,,False,unpriced_source
L2023-00009-1,2019-00005,data/unpacked/L2023-00009-1/2. 입찰서류(영문)/Part 2(░·╛≈┴÷╜├╝¡)/Section 4. Bill of Quantities_unpriced.xlsx,Milling Facility.,5,옥수수 가공시설,1,1,General Summary 수량 1,ELEMENT NO.1,SUBSTRUCTURE,heading,,SUBSTRUCTURE,토공·기초,,,,,,,,,,,False,unpriced_source
L2023-00009-1,2019-00005,data/unpacked/L2023-00009-1/2. 입찰서류(영문)/Part 2(░·╛≈┴÷╜├╝¡)/Section 4. Bill of Quantities_unpriced.xlsx,Milling Facility.,6,옥수수 가공시설,1,1,General Summary 수량 1,ELEMENT NO.1,SUBSTRUCTURE,item,A,"Allow for maintaining and upholding sides of excavation: clear off all fallen material, rubbish",토공·기초,ITEM,item,1.0,,1.0,1.0,,,,,False,unpriced_source
L2023-00009-1,2019-00005,data/unpacked/L2023-00009-1/2. 입찰서류(영문)/Part 2(░·╛≈┴÷╜├╝¡)/Section 4. Bill of Quantities_unpriced.xlsx,Milling Facility.,7,옥수수 가공시설,1,1,General Summary 수량 1,ELEMENT NO.1,SUBSTRUCTURE,item,B,Allow for keeping the whole of the excavation free from general water,토공·기초,ITEM,item,1.0,,1.0,1.0,,,,,False,unpriced_source
L2023-00009-1,2019-00005,data/unpacked/L2023-00009-1/2. 입찰서류(영문)/Part 2(░·╛≈┴÷╜├╝¡)/Section 4. Bill of Quantities_unpriced.xlsx,Milling Facility.,8,옥수수 가공시설,1,1,General Summary 수량 1,ELEMENT NO.1,SUBSTRUCTURE,item,C,Excavate oversite average 200mm deep to remove vegetable top soil; spread and level on site as directed,토공·기초,SM,m²,0.0,,0.0,0.0,,,,,False,zero_quantity_check_formula_or_design;unpriced_source
L2023-00009-1,2019-00005,data/unpacked/L2023-00009-1/2. 입찰서류(영문)/Part 2(░·╛≈┴÷╜├╝¡)/Section 4. Bill of Quantities_unpriced.xlsx,Milling Facility.,9,옥수수 가공시설,1,1,General Summary 수량 1,ELEMENT NO.1,SUBSTRUCTURE,item,D,Mass excavation to reduce levels commencing from stripped level,토공·기초,CM,m³,0.0,,0.0,0.0,,,,,False,zero_quantity_check_formula_or_design;unpriced_source
L2023-00009-1,2019-00005,data/unpacked/L2023-00009-1/2. 입찰서류(영문)/Part 2(░·╛≈┴÷╜├╝¡)/Section 4. Bill of Quantities_unpriced.xlsx,Milling Facility.,10,옥수수 가공시설,1,1,General Summary 수량 1,ELEMENT NO.1,SUBSTRUCTURE,item,E,Excavate for column bases not exceeding 1.5 meters deep from reduced level.,콘크리트·철근·거푸집,CM,m³,54.0,=1.5*1.5*1.5*16,54.0,54.0,,,,,False,formula_quantity;unpriced_source
L2023-00009-1,2019-00005,data/unpacked/L2023-00009-1/2. 입찰서류(영문)/Part 2(░·╛≈┴÷╜├╝¡)/Section 4. Bill of Quantities_unpriced.xlsx,Milling Facility.,11,옥수수 가공시설,1,1,General Summary 수량 1,ELEMENT NO.1,SUBSTRUCTURE,item,F,Ditto but 1.5 to 3.0m deep,토공·기초,CM,m³,0.0,,0.0,0.0,,,,,False,zero_quantity_check_formula_or_design;unpriced_source
L2023-00009-1,2019-00005,data/unpacked/L2023-00009-1/2. 입찰서류(영문)/Part 2(░·╛≈┴÷╜├╝¡)/Section 4. Bill of Quantities_unpriced.xlsx,Milling Facility.,12,옥수수 가공시설,1,1,General Summary 수량 1,ELEMENT NO.1,SUBSTRUCTURE,item,G,Excavate for foundation trench not exceeding 1.5 meters deep from reduced level.,토공·기초,CM,m³,79.0,,79.0,79.0,,,,,False,unpriced_source
L2023-00009-1,2019-00005,data/unpacked/L2023-00009-1/2. 입찰서류(영문)/Part 2(░·╛≈┴÷╜├╝¡)/Section 4. Bill of Quantities_unpriced.xlsx,Milling Facility.,13,옥수수 가공시설,1,1,General Summary 수량 1,ELEMENT NO.1,SUBSTRUCTURE,item,H,Ditto but 1.5 to 3.0m deep,토공·기초,CM,m³,0.0,,0.0,0.0,,,,,False,zero_quantity_check_formula_or_design;unpriced_source
L2023-00009-1,2019-00005,data/unpacked/L2023-00009-1/2. 입찰서류(영문)/Part 2(░·╛≈┴÷╜├╝¡)/Section 4. Bill of Quantities_unpriced.xlsx,Milling Facility.,14,옥수수 가공시설,1,1,General Summary 수량 1,ELEMENT NO.1,SUBSTRUCTURE,item,I,Extra over excavations for excavating in rock.,토공·기초,CM,m³,2.0,,2.0,2.0,,,,,False,unpriced_source
L2023-00009-1,2019-00005,data/unpacked/L2023-00009-1/2. 입찰서류(영문)/Part 2(░·╛≈┴÷╜├╝¡)/Section 4. Bill of Quantities_unpriced.xlsx,Milling Facility.,15,옥수수 가공시설,1,1,General Summary 수량 1,ELEMENT NO.1,SUBSTRUCTURE,item,J,Return fill and ram selected excavated material around foundations.,토공·기초,CM,m³,82.0,,82.0,82.0,,,,,False,unpriced_source
L2023-00009-1,2019-00005,data/unpacked/L2023-00009-1/2. 입찰서류(영문)/Part 2(░·╛≈┴÷╜├╝¡)/Section 4. Bill of Quantities_unpriced.xlsx,Milling Facility.,16,옥수수 가공시설,1,1,General Summary 수량 1,ELEMENT NO.1,SUBSTRUCTURE,item,K,Load and cart away surplus excavated material from site.,토공·기초,CM,m³,41.0,,41.0,41.0,,,,,False,unpriced_source
L2023-00009-1,2019-00005,data/unpacked/L2023-00009-1/2. 입찰서류(영문)/Part 2(░·╛≈┴÷╜├╝¡)/Section 4. Bill of Quantities_unpriced.xlsx,Milling Facility.,17,옥수수 가공시설,1,1,General Summary 수량 1,ELEMENT NO.1,SUBSTRUCTURE,item,L,Approved marrum fill to make up levels; well rolled and compacted to 95% MDD to Engineer's approval,토공·기초,CM,m³,109.0,,109.0,109.0,,,,,False,unpriced_source
L2023-00009-1,2019-00005,data/unpacked/L2023-00009-1/2. 입찰서류(영문)/Part 2(░·╛≈┴÷╜├╝¡)/Section 4. Bill of Quantities_unpriced.xlsx,Milling Facility.,18,옥수수 가공시설,1,1,General Summary 수량 1,ELEMENT NO.1,SUBSTRUCTURE,item,M,"200mm Thick bed of hand packed stone base, well rolled and compacted.",토공·기초,SM,m²,347.0,,347.0,347.0,,,,,False,unpriced_source
L2023-00009-1,2019-00005,data/unpacked/L2023-00009-1/2. 입찰서류(영문)/Part 2(░·╛≈┴÷╜├╝¡)/Section 4. Bill of Quantities_unpriced.xlsx,Milling Facility.,19,옥수수 가공시설,1,1,General Summary 수량 1,ELEMENT NO.1,SUBSTRUCTURE,item,N,"Insecticide treatment to surfaces of hardcore, top of foundation walling, bottom and sides of excavation.",조적,SM,m²,682.8800000000001,=17*3.6*2+19.4*3.6*2+8.7*3.6*2+3.1*3.6+D18,682.8800000000001,682.8800000000001,,,,,False,formula_quantity;unpriced_source
L2023-00009-1,2019-00005,data/unpacked/L2023-00009-1/2. 입찰서류(영문)/Part 2(░·╛≈┴÷╜├╝¡)/Section 4. Bill of Quantities_unpriced.xlsx,Milling Facility.,20,옥수수 가공시설,1,1,General Summary 수량 1,ELEMENT NO.1,COARSE SAND: in,heading,,COARSE SAND: in,설비·장비,,,,,,,,,,,False,unpriced_source
L2023-00009-1,2019-00005,data/unpacked/L2023-00009-1/2. 입찰서류(영문)/Part 2(░·╛≈┴÷╜├╝¡)/Section 4. Bill of Quantities_unpriced.xlsx,Milling Facility.,21,옥수수 가공시설,1,1,General Summary 수량 1,ELEMENT NO.1,COARSE SAND: in,item,O,50mm thick blinding over surfaces of hardcore,토공·기초,SM,m²,347.0,=D18,347.0,347.0,,,,,False,formula_quantity;unpriced_source
L2023-00009-1,2019-00005,data/unpacked/L2023-00009-1/2. 입찰서류(영문)/Part 2(░·╛≈┴÷╜├╝¡)/Section 4. Bill of Quantities_unpriced.xlsx,Milling Facility.,22,옥수수 가공시설,1,1,General Summary 수량 1,ELEMENT NO.1,COARSE SAND: in,item,P,50mm Thick blinding layer under column bases,콘크리트·철근·거푸집,SM,m²,36.0,=D10/1.5,36.0,36.0,,,,,False,formula_quantity;unpriced_source
L2023-00009-1,2019-00005,data/unpacked/L2023-00009-1/2. 입찰서류(영문)/Part 2(░·╛≈┴÷╜├╝¡)/Section 4. Bill of Quantities_unpriced.xlsx,Milling Facility.,23,옥수수 가공시설,1,1,General Summary 수량 1,ELEMENT NO.1,COARSE SAND: in,item,Q,50mm Thick blinding layer under strip foundations,토공·기초,SM,m²,52.666666666666664,=D12/1.5,52.666666666666664,52.666666666666664,,,,,False,formula_quantity;unpriced_source
L2023-00009-1,2019-00005,data/unpacked/L2023-00009-1/2. 입찰서류(영문)/Part 2(░·╛≈┴÷╜├╝¡)/Section 4. Bill of Quantities_unpriced.xlsx,Milling Facility.,24,옥수수 가공시설,1,1,General Summary 수량 1,ELEMENT NO.1,CONCRETE WORK,heading,,CONCRETE WORK,콘크리트·철근·거푸집,,,,,,,,,,,False,unpriced_source
L2023-00009-1,2019-00005,data/unpacked/L2023-00009-1/2. 입찰서류(영문)/Part 2(░·╛≈┴÷╜├╝¡)/Section 4. Bill of Quantities_unpriced.xlsx,Milling Facility.,25,옥수수 가공시설,1,1,General Summary 수량 1,ELEMENT NO.1,VIBRATED MASS CONCRETE CLASS 20; 20mm AGGREGATE : in,heading,,VIBRATED MASS CONCRETE CLASS 20; 20mm AGGREGATE : in,콘크리트·철근·거푸집,,,,,,,,,,,False,unpriced_source
L2023-00009-1,2019-00005,data/unpacked/L2023-00009-1/2. 입찰서류(영문)/Part 2(░·╛≈┴÷╜├╝¡)/Section 4. Bill of Quantities_unpriced.xlsx,Milling Facility.,26,옥수수 가공시설,1,1,General Summary 수량 1,ELEMENT NO.1,VIBRATED MASS CONCRETE CLASS 20; 20mm AGGREGATE : in,item,R,Strip foundations,콘크리트·철근·거푸집,CM,m³,7.8999999999999995,=D23*0.15,7.8999999999999995,7.8999999999999995,,,,,False,formula_quantity;unpriced_source
L2023-00009-1,2019-00005,data/unpacked/L2023-00009-1/2. 입찰서류(영문)/Part 2(░·╛≈┴÷╜├╝¡)/Section 4. Bill of Quantities_unpriced.xlsx,Milling Facility.,27,옥수수 가공시설,1,1,General Summary 수량 1,ELEMENT NO.1,VIBRATED REINFORCED CONCRETE CLASS 25; 20mm AGGREGATE : in,heading,,VIBRATED REINFORCED CONCRETE CLASS 25; 20mm AGGREGATE : in,콘크리트·철근·거푸집,,,,,,,,,,,False,unpriced_source
L2023-00009-1,2019-00005,data/unpacked/L2023-00009-1/2. 입찰서류(영문)/Part 2(░·╛≈┴÷╜├╝¡)/Section 4. Bill of Quantities_unpriced.xlsx,Milling Facility.,28,옥수수 가공시설,1,1,General Summary 수량 1,ELEMENT NO.1,VIBRATED REINFORCED CONCRETE CLASS 25; 20mm AGGREGATE : in,item,S,Column bases,콘크리트·철근·거푸집,CM,m³,6.912,=1.2 * 1.2*0.3*16,6.912,6.912,,,,,False,formula_quantity;unpriced_source
L2023-00009-1,2019-00005,data/unpacked/L2023-00009-1/2. 입찰서류(영문)/Part 2(░·╛≈┴÷╜├╝¡)/Section 4. Bill of Quantities_unpriced.xlsx,Milling Facility.,29,옥수수 가공시설,1,1,General Summary 수량 1,ELEMENT NO.1,VIBRATED REINFORCED CONCRETE CLASS 25; 20mm AGGREGATE : in,item,T,Columns,콘크리트·철근·거푸집,CM,m³,5.76,=0.2*0.3*6*16,5.76,5.76,,,,,False,formula_quantity;unpriced_source
L2023-00009-1,2019-00005,data/unpacked/L2023-00009-1/2. 입찰서류(영문)/Part 2(░·╛≈┴÷╜├╝¡)/Section 4. Bill of Quantities_unpriced.xlsx,Milling Facility.,30,옥수수 가공시설,1,1,General Summary 수량 1,ELEMENT NO.1,VIBRATED REINFORCED CONCRETE CLASS 25; 20mm AGGREGATE : in,item,U,Ground Beam,콘크리트·철근·거푸집,CM,m³,5.598000000000001,=17*0.2*0.3*2+19.4*0.2*0.3*2+8.7*0.2*0.3*2+3.1*0.2*0.3,5.598000000000001,5.598000000000001,,,,,False,formula_quantity;unpriced_source
L2023-00009-1,2019-00005,data/unpacked/L2023-00009-1/2. 입찰서류(영문)/Part 2(░·╛≈┴÷╜├╝¡)/Section 4. Bill of Quantities_unpriced.xlsx,Milling Facility.,31,옥수수 가공시설,1,1,General Summary 수량 1,ELEMENT NO.1,VIBRATED REINFORCED CONCRETE CLASS 25; 20mm AGGREGATE : in,heading,,VIBRATED REINFORCED CONCRETE CLASS 25; 20mm AGGREGATE : in,콘크리트·철근·거푸집,,,,,,,,,,,False,unpriced_source
L2023-00009-1,2019-00005,data/unpacked/L2023-00009-1/2. 입찰서류(영문)/Part 2(░·╛≈┴÷╜├╝¡)/Section 4. Bill of Quantities_unpriced.xlsx,Milling Facility.,32,옥수수 가공시설,1,1,General Summary 수량 1,ELEMENT NO.1,VIBRATED REINFORCED CONCRETE CLASS 25; 20mm AGGREGATE : in,item,V,150mm thick ground floor slab,콘크리트·철근·거푸집,SM,m²,347.0,=D18,347.0,347.0,,,,,False,formula_quantity;unpriced_source
L2023-00009-1,2019-00005,data/unpacked/L2023-00009-1/2. 입찰서류(영문)/Part 2(░·╛≈┴÷╜├╝¡)/Section 4. Bill of Quantities_unpriced.xlsx,Milling Facility.,33,옥수수 가공시설,1,1,General Summary 수량 1,ELEMENT NO.1,"STEEL REINFORCEMENT as described including cutting to length, bending, hoisting and fixing and including all necessary tying wire and spacing blocks",heading,,"STEEL REINFORCEMENT as described including cutting to length, bending, hoisting and fixing and including all necessary tying wire and spacing blocks",창호·철물,,,,,,,,,,,False,unpriced_source
L2023-00009-1,2019-00005,data/unpacked/L2023-00009-1/2. 입찰서류(영문)/Part 2(░·╛≈┴÷╜├╝¡)/Section 4. Bill of Quantities_unpriced.xlsx,Milling Facility.,34,옥수수 가공시설,1,1,General Summary 수량 1,ELEMENT NO.1,MILD STEEL ROUND BARS TO BS 4449,heading,,MILD STEEL ROUND BARS TO BS 4449,설비·장비,,,,,,,,,,,False,unpriced_source
L2023-00009-1,2019-00005,data/unpacked/L2023-00009-1/2. 입찰서류(영문)/Part 2(░·╛≈┴÷╜├╝¡)/Section 4. Bill of Quantities_unpriced.xlsx,Milling Facility.,35,옥수수 가공시설,1,1,General Summary 수량 1,ELEMENT NO.1,MILD STEEL ROUND BARS TO BS 4449,item,W,8mm Diameter bars-stirups,설비·장비,KG,kg,199.09975,=((0.85*465)+(0.85*8*16))*0.395,199.09975,199.09975,,,,,False,formula_quantity;unpriced_source
L2023-00009-1,2019-00005,data/unpacked/L2023-00009-1/2. 입찰서류(영문)/Part 2(░·╛≈┴÷╜├╝¡)/Section 4. Bill of Quantities_unpriced.xlsx,Milling Facility.,36,옥수수 가공시설,1,1,General Summary 수량 1,ELEMENT NO.1,HIGH TENSILE RIBBED BARS TO BS 4449,heading,,HIGH TENSILE RIBBED BARS TO BS 4449,설비·장비,,,,,,,,,,,False,unpriced_source
L2023-00009-1,2019-00005,data/unpacked/L2023-00009-1/2. 입찰서류(영문)/Part 2(░·╛≈┴÷╜├╝¡)/Section 4. Bill of Quantities_unpriced.xlsx,Milling Facility.,37,옥수수 가공시설,1,1,General Summary 수량 1,ELEMENT NO.1,HIGH TENSILE RIBBED BARS TO BS 4449,total,,Total carried to collection,설비·장비,,,,,,,,,,,False,unpriced_source
L2023-00009-1,2019-00005,data/unpacked/L2023-00009-1/2. 입찰서류(영문)/Part 2(░·╛≈┴÷╜├╝¡)/Section 4. Bill of Quantities_unpriced.xlsx,Milling Facility.,39,옥수수 가공시설,1,1,General Summary 수량 1,ELEMENT NO.1,HIGH TENSILE RIBBED BARS TO BS 4449,item,A,12mm Diameter bars-ground beams,콘크리트·철근·거푸집,KG,kg,272.1264,=((17*4*2+19.4*4*2)*1.05)*0.89,272.1264,272.1264,,,,,False,formula_quantity;unpriced_source
L2023-00009-1,2019-00005,data/unpacked/L2023-00009-1/2. 입찰서류(영문)/Part 2(░·╛≈┴÷╜├╝¡)/Section 4. Bill of Quantities_unpriced.xlsx,Milling Facility.,40,옥수수 가공시설,1,1,General Summary 수량 1,ELEMENT NO.1,HIGH TENSILE RIBBED BARS TO BS 4449,item,B,16mm Diameter bars-stub columns,콘크리트·철근·거푸집,KG,kg,303.36,=3*4*16*1.58,303.36,303.36,,,,,False,formula_quantity;unpriced_source
L2023-00009-1,2019-00005,data/unpacked/L2023-00009-1/2. 입찰서류(영문)/Part 2(░·╛≈┴÷╜├╝¡)/Section 4. Bill of Quantities_unpriced.xlsx,Milling Facility.,41,옥수수 가공시설,1,1,General Summary 수량 1,ELEMENT NO.1,STEEL FABRIC REINFORCEMENT TO BS 4483 as described,heading,,STEEL FABRIC REINFORCEMENT TO BS 4483 as described,콘크리트·철근·거푸집,,,,,,,,,,,False,unpriced_source
L2023-00009-1,2019-00005,data/unpacked/L2023-00009-1/2. 입찰서류(영문)/Part 2(░·╛≈┴÷╜├╝¡)/Section 4. Bill of Quantities_unpriced.xlsx,Milling Facility.,42,옥수수 가공시설,1,1,General Summary 수량 1,ELEMENT NO.1,STEEL FABRIC REINFORCEMENT TO BS 4483 as described,item,C,No. A98 Fabric Mesh reinforcement weighing 1.58 kg. per square meter fixed in slab,콘크리트·철근·거푸집,SM,m²,347.0,=D32,347.0,347.0,,,,,False,formula_quantity;unpriced_source
L2023-00009-1,2019-00005,data/unpacked/L2023-00009-1/2. 입찰서류(영문)/Part 2(░·╛≈┴÷╜├╝¡)/Section 4. Bill of Quantities_unpriced.xlsx,Milling Facility.,43,옥수수 가공시설,1,1,General Summary 수량 1,ELEMENT NO.1,FORMWORK TO,heading,,FORMWORK TO,콘크리트·철근·거푸집,,,,,,,,,,,False,unpriced_source
L2023-00009-1,2019-00005,data/unpacked/L2023-00009-1/2. 입찰서류(영문)/Part 2(░·╛≈┴÷╜├╝¡)/Section 4. Bill of Quantities_unpriced.xlsx,Milling Facility.,44,옥수수 가공시설,1,1,General Summary 수량 1,ELEMENT NO.1,FORMWORK TO,item,D,Vertical sides of column bases,콘크리트·철근·거푸집,SM,m²,43.199999999999996,=0.3*6*24,43.199999999999996,43.199999999999996,,,,,False,formula_quantity;unpriced_source
L2023-00009-1,2019-00005,data/unpacked/L2023-00009-1/2. 입찰서류(영문)/Part 2(░·╛≈┴÷╜├╝¡)/Section 4. Bill of Quantities_unpriced.xlsx,Milling Facility.,45,옥수수 가공시설,1,1,General Summary 수량 1,ELEMENT NO.1,FORMWORK TO,item,E,Vertical sides of columns,콘크리트·철근·거푸집,SM,m²,34.56,=2*(0.2+0.4)*1.2*24,34.56,34.56,,,,,False,formula_quantity;unpriced_source
L2023-00009-1,2019-00005,data/unpacked/L2023-00009-1/2. 입찰서류(영문)/Part 2(░·╛≈┴÷╜├╝¡)/Section 4. Bill of Quantities_unpriced.xlsx,Milling Facility.,46,옥수수 가공시설,1,1,General Summary 수량 1,ELEMENT NO.1,FORMWORK TO,item,F,Sides of strip foundation,콘크리트·철근·거푸집,SM,m²,0.0,,0.0,0.0,,,,,False,zero_quantity_check_formula_or_design;unpriced_source
L2023-00009-1,2019-00005,data/unpacked/L2023-00009-1/2. 입찰서류(영문)/Part 2(░·╛≈┴÷╜├╝¡)/Section 4. Bill of Quantities_unpriced.xlsx,Milling Facility.,47,옥수수 가공시설,1,1,General Summary 수량 1,ELEMENT NO.1,FORMWORK TO,item,G,Sides of ground beam,콘크리트·철근·거푸집,SM,m²,56.0,,56.0,56.0,,,,,False,unpriced_source
L2023-00009-1,2019-00005,data/unpacked/L2023-00009-1/2. 입찰서류(영문)/Part 2(░·╛≈┴÷╜├╝¡)/Section 4. Bill of Quantities_unpriced.xlsx,Milling Facility.,48,옥수수 가공시설,1,1,General Summary 수량 1,ELEMENT NO.1,FORMWORK TO,item,H,Edges of slabs 75 to 150mm high,콘크리트·철근·거푸집,LM,m,95.6,=2*(17+19.4)+2*(8.3+3.1),95.6,95.6,,,,,False,formula_quantity;unpriced_source
L2023-00009-1,2019-00005,data/unpacked/L2023-00009-1/2. 입찰서류(영문)/Part 2(░·╛≈┴÷╜├╝¡)/Section 4. Bill of Quantities_unpriced.xlsx,Milling Facility.,49,옥수수 가공시설,1,1,General Summary 수량 1,ELEMENT NO.1,DAMP PROOF COURSES,heading,,DAMP PROOF COURSES,지붕,,,,,,,,,,,False,unpriced_source
L2023-00009-1,2019-00005,data/unpacked/L2023-00009-1/2. 입찰서류(영문)/Part 2(░·╛≈┴÷╜├╝¡)/Section 4. Bill of Quantities_unpriced.xlsx,Milling Facility.,50,옥수수 가공시설,1,1,General Summary 수량 1,ELEMENT NO.1,DAMP PROOF COURSES,item,I,1000 Gauge polythene sheeting laid on blinded hardcore,지붕,SM,m²,347.0,=D42,347.0,347.0,,,,,False,formula_quantity;unpriced_source
L2023-00009-1,2019-00005,data/unpacked/L2023-00009-1/2. 입찰서류(영문)/Part 2(░·╛≈┴÷╜├╝¡)/Section 4. Bill of Quantities_unpriced.xlsx,Milling Facility.,51,옥수수 가공시설,1,1,General Summary 수량 1,ELEMENT NO.1,WALLING,heading,,WALLING,조적,,,,,,,,,,,False,unpriced_source
L2023-00009-1,2019-00005,data/unpacked/L2023-00009-1/2. 입찰서류(영문)/Part 2(░·╛≈┴÷╜├╝¡)/Section 4. Bill of Quantities_unpriced.xlsx,Milling Facility.,52,옥수수 가공시설,1,1,General Summary 수량 1,ELEMENT NO.1,Brickwork in burnt clay bricks in cement and sand mortar (1:3) mix; with and including 25 x 3mm hoop iron strips laid horizontally every alternate course.,heading,,Brickwork in burnt clay bricks in cement and sand mortar (1:3) mix; with and including 25 x 3mm hoop iron strips laid horizontally every alternate course.,조적,,,,,,,,,,,False,unpriced_source
L2023-00009-1,2019-00005,data/unpacked/L2023-00009-1/2. 입찰서류(영문)/Part 2(░·╛≈┴÷╜├╝¡)/Section 4. Bill of Quantities_unpriced.xlsx,Milling Facility.,53,옥수수 가공시설,1,1,General Summary 수량 1,ELEMENT NO.1,Brickwork in burnt clay bricks in cement and sand mortar (1:3) mix; with and including 25 x 3mm hoop iron strips laid horizontally every alternate course.,item,J,200mm Thick walls,조적,SM,m²,74.0,,74.0,74.0,,,,,False,unpriced_source
L2023-00009-1,2019-00005,data/unpacked/L2023-00009-1/2. 입찰서류(영문)/Part 2(░·╛≈┴÷╜├╝¡)/Section 4. Bill of Quantities_unpriced.xlsx,Milling Facility.,54,옥수수 가공시설,1,1,General Summary 수량 1,ELEMENT NO.1,Brickwork in burnt clay bricks in cement and sand mortar (1:3) mix; with and including 25 x 3mm hoop iron strips laid horizontally every alternate course.,item,K,100mm diameter x 6mm thick x 6000mm high galvanised iron class B pipe support with bottom end welded to 110 x 110 x 6mm thick plate set in and including concrete (1:3:6) base size 200 x 200 x 300mm deep and 100 x 80 x 6mm U-plate welded on top end and general painting.,급배수·위생,NO,no.,14.0,,14.0,14.0,,,,,False,unpriced_source
L2023-00009-1,2019-00005,data/unpacked/L2023-00009-1/2. 입찰서류(영문)/Part 2(░·╛≈┴÷╜├╝¡)/Section 4. Bill of Quantities_unpriced.xlsx,Milling Facility.,55,옥수수 가공시설,1,1,General Summary 수량 1,ELEMENT NO.1,"CONSTRUCTION, CONTRACTION & EXPANSION JOINTS",heading,,"CONSTRUCTION, CONTRACTION & EXPANSION JOINTS",설비·장비,,,,,,,,,,,False,unpriced_source
L2023-00009-1,2019-00005,data/unpacked/L2023-00009-1/2. 입찰서류(영문)/Part 2(░·╛≈┴÷╜├╝¡)/Section 4. Bill of Quantities_unpriced.xlsx,Milling Facility.,56,옥수수 가공시설,1,1,General Summary 수량 1,ELEMENT NO.1,"CONSTRUCTION, CONTRACTION & EXPANSION JOINTS",item,L,Saw cut construction joint 15mm x 125mm deep as directed by the Engineer.,설비·장비,LM,m,75.0,,75.0,75.0,,,,,False,unpriced_source
L2023-00009-1,2019-00005,data/unpacked/L2023-00009-1/2. 입찰서류(영문)/Part 2(░·╛≈┴÷╜├╝¡)/Section 4. Bill of Quantities_unpriced.xlsx,Milling Facility.,57,옥수수 가공시설,1,1,General Summary 수량 1,ELEMENT NO.1,"CONSTRUCTION, CONTRACTION & EXPANSION JOINTS",item,M,15 x 15mm Approved mastic sealant in slab,콘크리트·철근·거푸집,LM,m,75.0,=D56,75.0,75.0,,,,,False,formula_quantity;unpriced_source
L2023-00009-1,2019-00005,data/unpacked/L2023-00009-1/2. 입찰서류(영문)/Part 2(░·╛≈┴÷╜├╝¡)/Section 4. Bill of Quantities_unpriced.xlsx,Milling Facility.,58,옥수수 가공시설,1,1,General Summary 수량 1,ELEMENT NO.1,"CONSTRUCTION, CONTRACTION & EXPANSION JOINTS",item,N,15 x 110mm flexcell expansion joints filler in floor slab as directed by the Engineer.,콘크리트·철근·거푸집,LM,m,75.0,,75.0,75.0,,,,,False,unpriced_source
L2023-00009-1,2019-00005,data/unpacked/L2023-00009-1/2. 입찰서류(영문)/Part 2(░·╛≈┴÷╜├╝¡)/Section 4. Bill of Quantities_unpriced.xlsx,Milling Facility.,59,옥수수 가공시설,1,1,General Summary 수량 1,ELEMENT NO.1,MECHANICALLY POWER FLOATED FLOOR FINISH; MECHANICALLY TROWELLED; with and including approved floor hardener; to freshly laid concrete; to,heading,,MECHANICALLY POWER FLOATED FLOOR FINISH; MECHANICALLY TROWELLED; with and including approved floor hardener; to freshly laid concrete; to,마감,,,,,,,,,,,False,unpriced_source
L2023-00009-1,2019-00005,data/unpacked/L2023-00009-1/2. 입찰서류(영문)/Part 2(░·╛≈┴÷╜├╝¡)/Section 4. Bill of Quantities_unpriced.xlsx,Milling Facility.,60,옥수수 가공시설,1,1,General Summary 수량 1,ELEMENT NO.1,MECHANICALLY POWER FLOATED FLOOR FINISH; MECHANICALLY TROWELLED; with and including approved floor hardener; to freshly laid concrete; to,item,O,Floors,마감,SM,m²,347.0,=D42,347.0,347.0,,,,,False,formula_quantity;unpriced_source
L2023-00009-1,2019-00005,data/unpacked/L2023-00009-1/2. 입찰서류(영문)/Part 2(░·╛≈┴÷╜├╝¡)/Section 4. Bill of Quantities_unpriced.xlsx,Milling Facility.,61,옥수수 가공시설,1,1,General Summary 수량 1,ELEMENT NO.1,MECHANICALLY POWER FLOATED FLOOR FINISH; MECHANICALLY TROWELLED; with and including approved floor hardener; to freshly laid concrete; to,total,,Total carried to collection,마감,,,,,,,,,,,False,unpriced_source
L2023-00009-1,2019-00005,data/unpacked/L2023-00009-1/2. 입찰서류(영문)/Part 2(░·╛≈┴÷╜├╝¡)/Section 4. Bill of Quantities_unpriced.xlsx,Milling Facility.,63,옥수수 가공시설,1,1,General Summary 수량 1,ELEMENT NO.1,MECHANICALLY POWER FLOATED FLOOR FINISH; MECHANICALLY TROWELLED; with and including approved floor hardener; to freshly laid concrete; to,total,,COLLECTION,마감,,,,,,,,,,,False,unpriced_source
L2023-00009-1,2019-00005,data/unpacked/L2023-00009-1/2. 입찰서류(영문)/Part 2(░·╛≈┴÷╜├╝¡)/Section 4. Bill of Quantities_unpriced.xlsx,Milling Facility.,64,옥수수 가공시설,1,1,General Summary 수량 1,ELEMENT NO.1,MECHANICALLY POWER FLOATED FLOOR FINISH; MECHANICALLY TROWELLED; with and including approved floor hardener; to freshly laid concrete; to,total,,Total brought forward from Page 1,마감,,,,,,,,,,,False,unpriced_source
L2023-00009-1,2019-00005,data/unpacked/L2023-00009-1/2. 입찰서류(영문)/Part 2(░·╛≈┴÷╜├╝¡)/Section 4. Bill of Quantities_unpriced.xlsx,Milling Facility.,65,옥수수 가공시설,1,1,General Summary 수량 1,ELEMENT NO.1,MECHANICALLY POWER FLOATED FLOOR FINISH; MECHANICALLY TROWELLED; with and including approved floor hardener; to freshly laid concrete; to,total,,Total brought forward from Page 2,마감,,,,,,,,,,,False,unpriced_source
L2023-00009-1,2019-00005,data/unpacked/L2023-00009-1/2. 입찰서류(영문)/Part 2(░·╛≈┴÷╜├╝¡)/Section 4. Bill of Quantities_unpriced.xlsx,Milling Facility.,67,옥수수 가공시설,1,1,General Summary 수량 1,ELEMENT NO.1,MECHANICALLY POWER FLOATED FLOOR FINISH; MECHANICALLY TROWELLED; with and including approved floor hardener; to freshly laid concrete; to,total,,TOTAL CARRIED TO SUMMARY,마감,,,,,,,,,,,False,unpriced_source
L2023-00009-1,2019-00005,data/unpacked/L2023-00009-1/2. 입찰서류(영문)/Part 2(░·╛≈┴÷╜├╝¡)/Section 4. Bill of Quantities_unpriced.xlsx,Milling Facility.,69,옥수수 가공시설,1,1,General Summary 수량 1,ELEMENT NO.2,,heading,,ELEMENT NO.2,설비·장비,,,,,,,,,,,False,unpriced_source
L2023-00009-1,2019-00005,data/unpacked/L2023-00009-1/2. 입찰서류(영문)/Part 2(░·╛≈┴÷╜├╝¡)/Section 4. Bill of Quantities_unpriced.xlsx,Milling Facility.,70,옥수수 가공시설,1,1,General Summary 수량 1,ELEMENT NO.2,R.C. FRAME,heading,,R.C. FRAME,설비·장비,,,,,,,,,,,False,unpriced_source
L2023-00009-1,2019-00005,data/unpacked/L2023-00009-1/2. 입찰서류(영문)/Part 2(░·╛≈┴÷╜├╝¡)/Section 4. Bill of Quantities_unpriced.xlsx,Milling Facility.,71,옥수수 가공시설,1,1,General Summary 수량 1,ELEMENT NO.2,CONCRETE WORK,heading,,CONCRETE WORK,콘크리트·철근·거푸집,,,,,,,,,,,False,unpriced_source
L2023-00009-1,2019-00005,data/unpacked/L2023-00009-1/2. 입찰서류(영문)/Part 2(░·╛≈┴÷╜├╝¡)/Section 4. Bill of Quantities_unpriced.xlsx,Milling Facility.,72,옥수수 가공시설,1,1,General Summary 수량 1,ELEMENT NO.2,VIBRATED REINFORCED CONCRETE CLASS 25; 20mm AGGREGATE : in,heading,,VIBRATED REINFORCED CONCRETE CLASS 25; 20mm AGGREGATE : in,콘크리트·철근·거푸집,,,,,,,,,,,False,unpriced_source
L2023-00009-1,2019-00005,data/unpacked/L2023-00009-1/2. 입찰서류(영문)/Part 2(░·╛≈┴÷╜├╝¡)/Section 4. Bill of Quantities_unpriced.xlsx,Milling Facility.,73,옥수수 가공시설,1,1,General Summary 수량 1,ELEMENT NO.2,VIBRATED REINFORCED CONCRETE CLASS 25; 20mm AGGREGATE : in,item,A,Columns,콘크리트·철근·거푸집,CM,m³,5.76,=0.2*0.3*6*16,5.76,5.76,,,,,False,formula_quantity;unpriced_source
L2023-00009-1,2019-00005,data/unpacked/L2023-00009-1/2. 입찰서류(영문)/Part 2(░·╛≈┴÷╜├╝¡)/Section 4. Bill of Quantities_unpriced.xlsx,Milling Facility.,74,옥수수 가공시설,1,1,General Summary 수량 1,ELEMENT NO.2,VIBRATED REINFORCED CONCRETE CLASS 25; 20mm AGGREGATE : in,item,B,Ring Beams + wall plate beams,콘크리트·철근·거푸집,CM,m³,7.3,,7.3,7.3,,,,,False,unpriced_source
L2023-00009-1,2019-00005,data/unpacked/L2023-00009-1/2. 입찰서류(영문)/Part 2(░·╛≈┴÷╜├╝¡)/Section 4. Bill of Quantities_unpriced.xlsx,Milling Facility.,75,옥수수 가공시설,1,1,General Summary 수량 1,ELEMENT NO.2,"STEEL REINFORCEMENT as described including cutting to length, bending, hoisting and fixing and including all necessary tying wire and spacing blocks",heading,,"STEEL REINFORCEMENT as described including cutting to length, bending, hoisting and fixing and including all necessary tying wire and spacing blocks",창호·철물,,,,,,,,,,,False,unpriced_source
L2023-00009-1,2019-00005,data/unpacked/L2023-00009-1/2. 입찰서류(영문)/Part 2(░·╛≈┴÷╜├╝¡)/Section 4. Bill of Quantities_unpriced.xlsx,Milling Facility.,76,옥수수 가공시설,1,1,General Summary 수량 1,ELEMENT NO.2,MILD STEEL ROUND BARS TO BS 4449,heading,,MILD STEEL ROUND BARS TO BS 4449,설비·장비,,,,,,,,,,,False,unpriced_source
L2023-00009-1,2019-00005,data/unpacked/L2023-00009-1/2. 입찰서류(영문)/Part 2(░·╛≈┴÷╜├╝¡)/Section 4. Bill of Quantities_unpriced.xlsx,Milling Facility.,77,옥수수 가공시설,1,1,General Summary 수량 1,ELEMENT NO.2,MILD STEEL ROUND BARS TO BS 4449,item,C,8mm Diameter bars,설비·장비,KG,kg,839.0,,839.0,839.0,,,,,False,unpriced_source
L2023-00009-1,2019-00005,data/unpacked/L2023-00009-1/2. 입찰서류(영문)/Part 2(░·╛≈┴÷╜├╝¡)/Section 4. Bill of Quantities_unpriced.xlsx,Milling Facility.,78,옥수수 가공시설,1,1,General Summary 수량 1,ELEMENT NO.2,HIGH TENSILE RIBBED BARS TO BS 4449,heading,,HIGH TENSILE RIBBED BARS TO BS 4449,설비·장비,,,,,,,,,,,False,unpriced_source
L2023-00009-1,2019-00005,data/unpacked/L2023-00009-1/2. 입찰서류(영문)/Part 2(░·╛≈┴÷╜├╝¡)/Section 4. Bill of Quantities_unpriced.xlsx,Milling Facility.,79,옥수수 가공시설,1,1,General Summary 수량 1,ELEMENT NO.2,HIGH TENSILE RIBBED BARS TO BS 4449,item,D,12mm Diameter bars,설비·장비,KG,kg,644.0,,644.0,644.0,,,,,False,unpriced_source
L2023-00009-1,2019-00005,data/unpacked/L2023-00009-1/2. 입찰서류(영문)/Part 2(░·╛≈┴÷╜├╝¡)/Section 4. Bill of Quantities_unpriced.xlsx,Milling Facility.,80,옥수수 가공시설,1,1,General Summary 수량 1,ELEMENT NO.2,HIGH TENSILE RIBBED BARS TO BS 4449,item,E,16mm Diameter bars,설비·장비,KG,kg,837.0,,837.0,837.0,,,,,False,unpriced_source
L2023-00009-1,2019-00005,data/unpacked/L2023-00009-1/2. 입찰서류(영문)/Part 2(░·╛≈┴÷╜├╝¡)/Section 4. Bill of Quantities_unpriced.xlsx,Milling Facility.,81,옥수수 가공시설,1,1,General Summary 수량 1,ELEMENT NO.2,FORMWORK TO:,heading,,FORMWORK TO:,콘크리트·철근·거푸집,,,,,,,,,,,False,unpriced_source
L2023-00009-1,2019-00005,data/unpacked/L2023-00009-1/2. 입찰서류(영문)/Part 2(░·╛≈┴÷╜├╝¡)/Section 4. Bill of Quantities_unpriced.xlsx,Milling Facility.,82,옥수수 가공시설,1,1,General Summary 수량 1,ELEMENT NO.2,FORMWORK TO:,item,F,Sides and soffittes of wall plate beams,콘크리트·철근·거푸집,SM,m²,75.0,,75.0,75.0,,,,,False,unpriced_source
L2023-00009-1,2019-00005,data/unpacked/L2023-00009-1/2. 입찰서류(영문)/Part 2(░·╛≈┴÷╜├╝¡)/Section 4. Bill of Quantities_unpriced.xlsx,Milling Facility.,83,옥수수 가공시설,1,1,General Summary 수량 1,ELEMENT NO.2,FORMWORK TO:,item,G,Sides and soffittes of ring beams,콘크리트·철근·거푸집,SM,m²,75.0,,75.0,75.0,,,,,False,unpriced_source
L2023-00009-1,2019-00005,data/unpacked/L2023-00009-1/2. 입찰서류(영문)/Part 2(░·╛≈┴÷╜├╝¡)/Section 4. Bill of Quantities_unpriced.xlsx,Milling Facility.,84,옥수수 가공시설,1,1,General Summary 수량 1,ELEMENT NO.2,FORMWORK TO:,item,H,Vertical sides of columns,콘크리트·철근·거푸집,SM,m²,172.8,=(2*(0.2+0.4))*6*24,172.8,172.8,,,,,False,formula_quantity;unpriced_source
L2023-00009-1,2019-00005,data/unpacked/L2023-00009-1/2. 입찰서류(영문)/Part 2(░·╛≈┴÷╜├╝¡)/Section 4. Bill of Quantities_unpriced.xlsx,Milling Facility.,85,옥수수 가공시설,1,1,General Summary 수량 1,ELEMENT NO.2,FORMWORK TO:,total,,TOTAL CARRIED TO SUMMARY,콘크리트·철근·거푸집,,,,,,,,,,,False,unpriced_source
L2023-00009-1,2019-00005,data/unpacked/L2023-00009-1/2. 입찰서류(영문)/Part 2(░·╛≈┴÷╜├╝¡)/Section 4. Bill of Quantities_unpriced.xlsx,Milling Facility.,87,옥수수 가공시설,1,1,General Summary 수량 1,ELEMENT NO.3,,heading,,ELEMENT NO.3,설비·장비,,,,,,,,,,,False,unpriced_source
L2023-00009-1,2019-00005,data/unpacked/L2023-00009-1/2. 입찰서류(영문)/Part 2(░·╛≈┴÷╜├╝¡)/Section 4. Bill of Quantities_unpriced.xlsx,Milling Facility.,88,옥수수 가공시설,1,1,General Summary 수량 1,ELEMENT NO.3,WALLING,heading,,WALLING,조적,,,,,,,,,,,False,unpriced_source
L2023-00009-1,2019-00005,data/unpacked/L2023-00009-1/2. 입찰서류(영문)/Part 2(░·╛≈┴÷╜├╝¡)/Section 4. Bill of Quantities_unpriced.xlsx,Milling Facility.,89,옥수수 가공시설,1,1,General Summary 수량 1,ELEMENT NO.3,PRECAST CONCRETE CLASS 25; 20mm AGGREGATE : finished fair on all exposed surfaces including bedding and jointing in cement sand (1:3) mortar,heading,,PRECAST CONCRETE CLASS 25; 20mm AGGREGATE : finished fair on all exposed surfaces including bedding and jointing in cement sand (1:3) mortar,마감,,,,,,,,,,,False,unpriced_source
L2023-00009-1,2019-00005,data/unpacked/L2023-00009-1/2. 입찰서류(영문)/Part 2(░·╛≈┴÷╜├╝¡)/Section 4. Bill of Quantities_unpriced.xlsx,Milling Facility.,90,옥수수 가공시설,1,1,General Summary 수량 1,ELEMENT NO.3,PRECAST CONCRETE CLASS 25; 20mm AGGREGATE : finished fair on all exposed surfaces including bedding and jointing in cement sand (1:3) mortar,item,A,300 x 75mm Weathered and throated window cill,창호·철물,LM,m,29.0,,29.0,29.0,,,,,False,unpriced_source
L2023-00009-1,2019-00005,data/unpacked/L2023-00009-1/2. 입찰서류(영문)/Part 2(░·╛≈┴÷╜├╝¡)/Section 4. Bill of Quantities_unpriced.xlsx,Milling Facility.,91,옥수수 가공시설,1,1,General Summary 수량 1,ELEMENT NO.3,PRECAST CONCRETE CLASS 25; 20mm AGGREGATE : finished fair on all exposed surfaces including bedding and jointing in cement sand (1:3) mortar,item,B,225 x 200mm Lintols,마감,LM,m,0.0,,0.0,0.0,,,,,False,zero_quantity_check_formula_or_design;unpriced_source
L2023-00009-1,2019-00005,data/unpacked/L2023-00009-1/2. 입찰서류(영문)/Part 2(░·╛≈┴÷╜├╝¡)/Section 4. Bill of Quantities_unpriced.xlsx,Milling Facility.,92,옥수수 가공시설,1,1,General Summary 수량 1,ELEMENT NO.3,BRICK WORK,heading,,BRICK WORK,조적,,,,,,,,,,,False,unpriced_source
L2023-00009-1,2019-00005,data/unpacked/L2023-00009-1/2. 입찰서류(영문)/Part 2(░·╛≈┴÷╜├╝¡)/Section 4. Bill of Quantities_unpriced.xlsx,Milling Facility.,93,옥수수 가공시설,1,1,General Summary 수량 1,ELEMENT NO.3,Brickwork in burnt clay bricks in cement and sand mortar (1:3) mix; with and including 25 x 3mm hoop iron strips laid horizontally every alternate course.,heading,,Brickwork in burnt clay bricks in cement and sand mortar (1:3) mix; with and including 25 x 3mm hoop iron strips laid horizontally every alternate course.,조적,,,,,,,,,,,False,unpriced_source
L2023-00009-1,2019-00005,data/unpacked/L2023-00009-1/2. 입찰서류(영문)/Part 2(░·╛≈┴÷╜├╝¡)/Section 4. Bill of Quantities_unpriced.xlsx,Milling Facility.,94,옥수수 가공시설,1,1,General Summary 수량 1,ELEMENT NO.3,Brickwork in burnt clay bricks in cement and sand mortar (1:3) mix; with and including 25 x 3mm hoop iron strips laid horizontally every alternate course.,item,C,200mm Thick walls,조적,SM,m²,459.0,,459.0,459.0,,,,,False,unpriced_source
L2023-00009-1,2019-00005,data/unpacked/L2023-00009-1/2. 입찰서류(영문)/Part 2(░·╛≈┴÷╜├╝¡)/Section 4. Bill of Quantities_unpriced.xlsx,Milling Facility.,95,옥수수 가공시설,1,1,General Summary 수량 1,ELEMENT NO.3,Brickwork in burnt clay bricks in cement and sand mortar (1:3) mix; with and including 25 x 3mm hoop iron strips laid horizontally every alternate course.,item,D,150mm Thick walls,조적,SM,m²,0.0,,0.0,0.0,,,,,False,zero_quantity_check_formula_or_design;unpriced_source
L2023-00009-1,2019-00005,data/unpacked/L2023-00009-1/2. 입찰서류(영문)/Part 2(░·╛≈┴÷╜├╝¡)/Section 4. Bill of Quantities_unpriced.xlsx,Milling Facility.,96,옥수수 가공시설,1,1,General Summary 수량 1,ELEMENT NO.3,Brickwork in burnt clay bricks in cement and sand mortar (1:3) mix; with and including 25 x 3mm hoop iron strips laid horizontally every alternate course.,item,E,Labour and Materials in eaves filling in 150mm Brick Walling; 275mm high,조적,LM,m,93.0,,93.0,93.0,,,,,False,unpriced_source
L2023-00009-1,2019-00005,data/unpacked/L2023-00009-1/2. 입찰서류(영문)/Part 2(░·╛≈┴÷╜├╝¡)/Section 4. Bill of Quantities_unpriced.xlsx,Milling Facility.,97,옥수수 가공시설,1,1,General Summary 수량 1,ELEMENT NO.3,"DECORATIVE BRICK WALLING COMPRISING ""POMPEI BRICKS"" each size 180 x 180mm jointed in cement and sand (1:3) mortar and painted in coloured cement",heading,,"DECORATIVE BRICK WALLING COMPRISING ""POMPEI BRICKS"" each size 180 x 180mm jointed in cement and sand (1:3) mortar and painted in coloured cement",마감,,,,,,,,,,,False,unpriced_source
L2023-00009-1,2019-00005,data/unpacked/L2023-00009-1/2. 입찰서류(영문)/Part 2(░·╛≈┴÷╜├╝¡)/Section 4. Bill of Quantities_unpriced.xlsx,Milling Facility.,98,옥수수 가공시설,1,1,General Summary 수량 1,ELEMENT NO.3,"DECORATIVE BRICK WALLING COMPRISING ""POMPEI BRICKS"" each size 180 x 180mm jointed in cement and sand (1:3) mortar and painted in coloured cement",item,F,"100mm thick grille walling, fair faced both sides with neat pointing",마감,SM,m²,32.0,=2*2*8,32.0,32.0,,,,,False,formula_quantity;unpriced_source
L2023-00009-1,2019-00005,data/unpacked/L2023-00009-1/2. 입찰서류(영문)/Part 2(░·╛≈┴÷╜├╝¡)/Section 4. Bill of Quantities_unpriced.xlsx,Milling Facility.,99,옥수수 가공시설,1,1,General Summary 수량 1,ELEMENT NO.3,DAMP PROOF COURSE OF BITUMEN FELT TO B.S 743 Type A with 150mm laps including cement and sand (1:3) levelling bed,heading,,DAMP PROOF COURSE OF BITUMEN FELT TO B.S 743 Type A with 150mm laps including cement and sand (1:3) levelling bed,지붕,,,,,,,,,,,False,unpriced_source
L2023-00009-1,2019-00005,data/unpacked/L2023-00009-1/2. 입찰서류(영문)/Part 2(░·╛≈┴÷╜├╝¡)/Section 4. Bill of Quantities_unpriced.xlsx,Milling Facility.,100,옥수수 가공시설,1,1,General Summary 수량 1,ELEMENT NO.3,DAMP PROOF COURSE OF BITUMEN FELT TO B.S 743 Type A with 150mm laps including cement and sand (1:3) levelling bed,item,G,200mm Wide,지붕,LM,m,93.0,,93.0,93.0,,,,,False,unpriced_source
L2023-00009-1,2019-00005,data/unpacked/L2023-00009-1/2. 입찰서류(영문)/Part 2(░·╛≈┴÷╜├╝¡)/Section 4. Bill of Quantities_unpriced.xlsx,Milling Facility.,101,옥수수 가공시설,1,1,General Summary 수량 1,ELEMENT NO.3,DAMP PROOF COURSE OF BITUMEN FELT TO B.S 743 Type A with 150mm laps including cement and sand (1:3) levelling bed,total,,TOTAL CARRIED TO SUMMARY,지붕,,,,,,,,,,,False,unpriced_source
L2023-00009-1,2019-00005,data/unpacked/L2023-00009-1/2. 입찰서류(영문)/Part 2(░·╛≈┴÷╜├╝¡)/Section 4. Bill of Quantities_unpriced.xlsx,Milling Facility.,103,옥수수 가공시설,1,1,General Summary 수량 1,ELEMENT NO.4,,heading,,ELEMENT NO.4,설비·장비,,,,,,,,,,,False,unpriced_source
L2023-00009-1,2019-00005,data/unpacked/L2023-00009-1/2. 입찰서류(영문)/Part 2(░·╛≈┴÷╜├╝¡)/Section 4. Bill of Quantities_unpriced.xlsx,Milling Facility.,104,옥수수 가공시설,1,1,General Summary 수량 1,ELEMENT NO.4,ROOF AND RAINWATER DISPOSAL,heading,,ROOF AND RAINWATER DISPOSAL,지붕,,,,,,,,,,,False,unpriced_source
L2023-00009-1,2019-00005,data/unpacked/L2023-00009-1/2. 입찰서류(영문)/Part 2(░·╛≈┴÷╜├╝¡)/Section 4. Bill of Quantities_unpriced.xlsx,Milling Facility.,105,옥수수 가공시설,1,1,General Summary 수량 1,ELEMENT NO.4,Structural Steelwork,heading,,Structural Steelwork,설비·장비,,,,,,,,,,,False,unpriced_source
L2023-00009-1,2019-00005,data/unpacked/L2023-00009-1/2. 입찰서류(영문)/Part 2(░·╛≈┴÷╜├╝¡)/Section 4. Bill of Quantities_unpriced.xlsx,Milling Facility.,106,옥수수 가공시설,1,1,General Summary 수량 1,ELEMENT NO.4,"THE RATES FOR STRUCTURAL STEEL WORK SHOULD INCLUDE ALL PLATES, STIFFENERS, BOLTS, WELDED JOINTS, ALL CONNECTIONS AND ACCESSORIES; PAINTING AND DECORATIONS; AS PER THE ARCHITECT’S AND STRUCTURAL ENGINEERS DRAWINGS; THE CONTRACTOR MUST STUDY THE DRAWINGS AND ENSURE THAT HIS PRICE INCLUDES ALL ITEMS AS SHOWN ON THE DRAWINGS",heading,,"THE RATES FOR STRUCTURAL STEEL WORK SHOULD INCLUDE ALL PLATES, STIFFENERS, BOLTS, WELDED JOINTS, ALL CONNECTIONS AND ACCESSORIES; PAINTING AND DECORATIONS; AS PER THE ARCHITECT’S AND STRUCTURAL ENGINEERS DRAWINGS; THE CONTRACTOR MUST STUDY THE DRAWINGS AND ENSURE THAT HIS PRICE INCLUDES ALL ITEMS AS SHOWN ON THE DRAWINGS",마감,,,,,,,,,,,False,unpriced_source
L2023-00009-1,2019-00005,data/unpacked/L2023-00009-1/2. 입찰서류(영문)/Part 2(░·╛≈┴÷╜├╝¡)/Section 4. Bill of Quantities_unpriced.xlsx,Milling Facility.,107,옥수수 가공시설,1,1,General Summary 수량 1,ELEMENT NO.4,Structural Steelwork : framed : one coat red-oxide primer;,heading,,Structural Steelwork : framed : one coat red-oxide primer;,설비·장비,,,,,,,,,,,False,unpriced_source
L2023-00009-1,2019-00005,data/unpacked/L2023-00009-1/2. 입찰서류(영문)/Part 2(░·╛≈┴÷╜├╝¡)/Section 4. Bill of Quantities_unpriced.xlsx,Milling Facility.,108,옥수수 가공시설,1,1,General Summary 수량 1,ELEMENT NO.4,Structural Steelwork : framed : one coat red-oxide primer;,item,A,60 x 40 x 3mm RHS Bottom chord,설비·장비,KG,kg,512.0,,512.0,512.0,,,,,False,unpriced_source
L2023-00009-1,2019-00005,data/unpacked/L2023-00009-1/2. 입찰서류(영문)/Part 2(░·╛≈┴÷╜├╝¡)/Section 4. Bill of Quantities_unpriced.xlsx,Milling Facility.,109,옥수수 가공시설,1,1,General Summary 수량 1,ELEMENT NO.4,Structural Steelwork : framed : one coat red-oxide primer;,item,B,60 x 40 x 3mm RHS Top Chord,설비·장비,KG,kg,540.0,,540.0,540.0,,,,,False,unpriced_source
L2023-00009-1,2019-00005,data/unpacked/L2023-00009-1/2. 입찰서류(영문)/Part 2(░·╛≈┴÷╜├╝¡)/Section 4. Bill of Quantities_unpriced.xlsx,Milling Facility.,110,옥수수 가공시설,1,1,General Summary 수량 1,ELEMENT NO.4,Structural Steelwork : framed : one coat red-oxide primer;,item,C,40 x 40 x 3mm SHS Internal Members,설비·장비,KG,kg,715.0,,715.0,715.0,,,,,False,unpriced_source
L2023-00009-1,2019-00005,data/unpacked/L2023-00009-1/2. 입찰서류(영문)/Part 2(░·╛≈┴÷╜├╝¡)/Section 4. Bill of Quantities_unpriced.xlsx,Milling Facility.,111,옥수수 가공시설,1,1,General Summary 수량 1,ELEMENT NO.4,Structural Steelwork : framed : one coat red-oxide primer;,item,D,100 x 50 x 2mm Z - Purlins weighing 3.54 Kg. per meter: bolted,지붕,KG,kg,1270.0,,1270.0,1270.0,,,,,False,unpriced_source
L2023-00009-1,2019-00005,data/unpacked/L2023-00009-1/2. 입찰서류(영문)/Part 2(░·╛≈┴÷╜├╝¡)/Section 4. Bill of Quantities_unpriced.xlsx,Milling Facility.,112,옥수수 가공시설,1,1,General Summary 수량 1,ELEMENT NO.4,SUNDRIES,heading,,SUNDRIES,설비·장비,,,,,,,,,,,False,unpriced_source
L2023-00009-1,2019-00005,data/unpacked/L2023-00009-1/2. 입찰서류(영문)/Part 2(░·╛≈┴÷╜├╝¡)/Section 4. Bill of Quantities_unpriced.xlsx,Milling Facility.,113,옥수수 가공시설,1,1,General Summary 수량 1,ELEMENT NO.4,SUNDRIES,item,E,225 x 250 x 8mm Plate: 4 No holes for 16mm diameter J-bolts,설비·장비,NO,no.,24.0,,24.0,24.0,,,,,False,unpriced_source
L2023-00009-1,2019-00005,data/unpacked/L2023-00009-1/2. 입찰서류(영문)/Part 2(░·╛≈┴÷╜├╝¡)/Section 4. Bill of Quantities_unpriced.xlsx,Milling Facility.,114,옥수수 가공시설,1,1,General Summary 수량 1,ELEMENT NO.4,SUNDRIES,item,F,40 x 40 x 3mm L-Cleat; 146mm Long: 1 No holes for 12mm diameter bolts: welded to top chord,설비·장비,NO,no.,118.0,,118.0,118.0,,,,,False,unpriced_source
L2023-00009-1,2019-00005,data/unpacked/L2023-00009-1/2. 입찰서류(영문)/Part 2(░·╛≈┴÷╜├╝¡)/Section 4. Bill of Quantities_unpriced.xlsx,Milling Facility.,115,옥수수 가공시설,1,1,General Summary 수량 1,ELEMENT NO.4,SUNDRIES,item,G,"16mm Diameter ""J"" bolts 710mm Long: fixed into concrete; head, nut and washers",콘크리트·철근·거푸집,NO,no.,96.0,,96.0,96.0,,,,,False,unpriced_source
L2023-00009-1,2019-00005,data/unpacked/L2023-00009-1/2. 입찰서류(영문)/Part 2(░·╛≈┴÷╜├╝¡)/Section 4. Bill of Quantities_unpriced.xlsx,Milling Facility.,116,옥수수 가공시설,1,1,General Summary 수량 1,ELEMENT NO.4,SUNDRIES,item,H,"12mm Diameter bolt; 120mm Long; head, nut and washers",설비·장비,NO,no.,118.0,,118.0,118.0,,,,,False,unpriced_source
L2023-00009-1,2019-00005,data/unpacked/L2023-00009-1/2. 입찰서류(영문)/Part 2(░·╛≈┴÷╜├╝¡)/Section 4. Bill of Quantities_unpriced.xlsx,Milling Facility.,117,옥수수 가공시설,1,1,General Summary 수량 1,ELEMENT NO.4,ROOF COVERING,heading,,ROOF COVERING,지붕,,,,,,,,,,,False,unpriced_source
L2023-00009-1,2019-00005,data/unpacked/L2023-00009-1/2. 입찰서류(영문)/Part 2(░·╛≈┴÷╜├╝¡)/Section 4. Bill of Quantities_unpriced.xlsx,Milling Facility.,118,옥수수 가공시설,1,1,General Summary 수량 1,ELEMENT NO.4,26 Gauge pre-painted IT5 roofing sheets : fixed to Z-purlins with self tapping screws : in,heading,,26 Gauge pre-painted IT5 roofing sheets : fixed to Z-purlins with self tapping screws : in,급배수·위생,,,,,,,,,,,False,unpriced_source
L2023-00009-1,2019-00005,data/unpacked/L2023-00009-1/2. 입찰서류(영문)/Part 2(░·╛≈┴÷╜├╝¡)/Section 4. Bill of Quantities_unpriced.xlsx,Milling Facility.,119,옥수수 가공시설,1,1,General Summary 수량 1,ELEMENT NO.4,26 Gauge pre-painted IT5 roofing sheets : fixed to Z-purlins with self tapping screws : in,item,I,Sheet laid sloping not exceeding 45 degrees from horizontal.,급배수·위생,SM,m²,379.0,,379.0,379.0,,,,,False,unpriced_source
L2023-00009-1,2019-00005,data/unpacked/L2023-00009-1/2. 입찰서류(영문)/Part 2(░·╛≈┴÷╜├╝¡)/Section 4. Bill of Quantities_unpriced.xlsx,Milling Facility.,120,옥수수 가공시설,1,1,General Summary 수량 1,ELEMENT NO.4,26 Gauge pre-painted IT5 roofing sheets : fixed to Z-purlins with self tapping screws : in,item,J,300mm Wide ridge flashing,급배수·위생,LM,m,25.0,,25.0,25.0,,,,,False,unpriced_source
L2023-00009-1,2019-00005,data/unpacked/L2023-00009-1/2. 입찰서류(영문)/Part 2(░·╛≈┴÷╜├╝¡)/Section 4. Bill of Quantities_unpriced.xlsx,Milling Facility.,121,옥수수 가공시설,1,1,General Summary 수량 1,ELEMENT NO.4,26 Gauge pre-painted IT5 roofing sheets : fixed to Z-purlins with self tapping screws : in,item,K,300mm Wide hip flashing,급배수·위생,LM,m,0.0,,0.0,0.0,,,,,False,zero_quantity_check_formula_or_design;unpriced_source
L2023-00009-1,2019-00005,data/unpacked/L2023-00009-1/2. 입찰서류(영문)/Part 2(░·╛≈┴÷╜├╝¡)/Section 4. Bill of Quantities_unpriced.xlsx,Milling Facility.,122,옥수수 가공시설,1,1,General Summary 수량 1,ELEMENT NO.4,26 Gauge pre-painted IT5 roofing sheets : fixed to Z-purlins with self tapping screws : in,item,L,Super V translucent sheets fixed on to roof structure with welded mesh underneath,급배수·위생,NO,no.,12.0,,12.0,12.0,,,,,False,unpriced_source
L2023-00009-1,2019-00005,data/unpacked/L2023-00009-1/2. 입찰서류(영문)/Part 2(░·╛≈┴÷╜├╝¡)/Section 4. Bill of Quantities_unpriced.xlsx,Milling Facility.,123,옥수수 가공시설,1,1,General Summary 수량 1,ELEMENT NO.4,26 Gauge pre-painted IT5 roofing sheets : fixed to Z-purlins with self tapping screws : in,item,M,900mm Diameter Roof cyclones fixed on top of the roof,급배수·위생,NO,no.,6.0,,6.0,6.0,,,,,False,unpriced_source
L2023-00009-1,2019-00005,data/unpacked/L2023-00009-1/2. 입찰서류(영문)/Part 2(░·╛≈┴÷╜├╝¡)/Section 4. Bill of Quantities_unpriced.xlsx,Milling Facility.,124,옥수수 가공시설,1,1,General Summary 수량 1,ELEMENT NO.4,BAT PROOFING,heading,,BAT PROOFING,지붕,,,,,,,,,,,False,unpriced_source
L2023-00009-1,2019-00005,data/unpacked/L2023-00009-1/2. 입찰서류(영문)/Part 2(░·╛≈┴÷╜├╝¡)/Section 4. Bill of Quantities_unpriced.xlsx,Milling Facility.,125,옥수수 가공시설,1,1,General Summary 수량 1,ELEMENT NO.4,SUPPLY AND INSTALL APPROVED filler blocks in accordance with manufacturer's instructions; -,heading,,SUPPLY AND INSTALL APPROVED filler blocks in accordance with manufacturer's instructions; -,창호·철물,,,,,,,,,,,False,unpriced_source
L2023-00009-1,2019-00005,data/unpacked/L2023-00009-1/2. 입찰서류(영문)/Part 2(░·╛≈┴÷╜├╝¡)/Section 4. Bill of Quantities_unpriced.xlsx,Milling Facility.,126,옥수수 가공시설,1,1,General Summary 수량 1,ELEMENT NO.4,SUPPLY AND INSTALL APPROVED filler blocks in accordance with manufacturer's instructions; -,item,N,Filler blocks,창호·철물,LM,m,93.0,,93.0,93.0,,,,,False,unpriced_source
L2023-00009-1,2019-00005,data/unpacked/L2023-00009-1/2. 입찰서류(영문)/Part 2(░·╛≈┴÷╜├╝¡)/Section 4. Bill of Quantities_unpriced.xlsx,Milling Facility.,129,옥수수 가공시설,1,1,General Summary 수량 1,ELEMENT NO.4,"MILD STEEL, GRADE GJ",heading,,"MILD STEEL, GRADE GJ",설비·장비,,,,,,,,,,,False,unpriced_source
L2023-00009-1,2019-00005,data/unpacked/L2023-00009-1/2. 입찰서류(영문)/Part 2(░·╛≈┴÷╜├╝¡)/Section 4. Bill of Quantities_unpriced.xlsx,Milling Facility.,130,옥수수 가공시설,1,1,General Summary 수량 1,ELEMENT NO.4,"MILD STEEL, GRADE GJ",item,O,1.5mm thick m.s plate fascia; welded onto steel rafters; with and including 20 x 20 x 2mm stiffeners at 1000mm centres; one coat red oxide primer,지붕,SM,m²,27.9,=93*0.3,27.9,27.9,,,,,False,formula_quantity;unpriced_source
L2023-00009-1,2019-00005,data/unpacked/L2023-00009-1/2. 입찰서류(영문)/Part 2(░·╛≈┴÷╜├╝¡)/Section 4. Bill of Quantities_unpriced.xlsx,Milling Facility.,131,옥수수 가공시설,1,1,General Summary 수량 1,ELEMENT NO.4,Touch-up primer : prepare and apply three coats oil paint : to,heading,,Touch-up primer : prepare and apply three coats oil paint : to,마감,,,,,,,,,,,False,unpriced_source
L2023-00009-1,2019-00005,data/unpacked/L2023-00009-1/2. 입찰서류(영문)/Part 2(░·╛≈┴÷╜├╝¡)/Section 4. Bill of Quantities_unpriced.xlsx,Milling Facility.,132,옥수수 가공시설,1,1,General Summary 수량 1,ELEMENT NO.4,Touch-up primer : prepare and apply three coats oil paint : to,item,P,Structural steel work.,마감,KG,kg,3037.0,=D111+D110+D109+D108,3037.0,3037.0,,,,,False,formula_quantity;unpriced_source
L2023-00009-1,2019-00005,data/unpacked/L2023-00009-1/2. 입찰서류(영문)/Part 2(░·╛≈┴÷╜├╝¡)/Section 4. Bill of Quantities_unpriced.xlsx,Milling Facility.,133,옥수수 가공시설,1,1,General Summary 수량 1,ELEMENT NO.4,Touch-up primer : prepare and apply three coats oil paint : to,item,Q,Fascia Board,지붕,SM,m²,55.8,=D130*2,55.8,55.8,,,,,False,formula_quantity;unpriced_source
L2023-00009-1,2019-00005,data/unpacked/L2023-00009-1/2. 입찰서류(영문)/Part 2(░·╛≈┴÷╜├╝¡)/Section 4. Bill of Quantities_unpriced.xlsx,Milling Facility.,134,옥수수 가공시설,1,1,General Summary 수량 1,ELEMENT NO.4,RAIN WATER DISPOSAL,heading,,RAIN WATER DISPOSAL,설비·장비,,,,,,,,,,,False,unpriced_source
L2023-00009-1,2019-00005,data/unpacked/L2023-00009-1/2. 입찰서류(영문)/Part 2(░·╛≈┴÷╜├╝¡)/Section 4. Bill of Quantities_unpriced.xlsx,Milling Facility.,135,옥수수 가공시설,1,1,General Summary 수량 1,ELEMENT NO.4,PVC Key terrain fixed in accordance with manufacturer's instructions,heading,,PVC Key terrain fixed in accordance with manufacturer's instructions,설비·장비,,,,,,,,,,,False,unpriced_source
L2023-00009-1,2019-00005,data/unpacked/L2023-00009-1/2. 입찰서류(영문)/Part 2(░·╛≈┴÷╜├╝¡)/Section 4. Bill of Quantities_unpriced.xlsx,Milling Facility.,136,옥수수 가공시설,1,1,General Summary 수량 1,ELEMENT NO.4,PVC Key terrain fixed in accordance with manufacturer's instructions,item,R,130mm diameter half round PVC gutter,지붕,LM,m,49.4,=20*2+9.4,49.4,49.4,,,,,False,formula_quantity;unpriced_source
L2023-00009-1,2019-00005,data/unpacked/L2023-00009-1/2. 입찰서류(영문)/Part 2(░·╛≈┴÷╜├╝¡)/Section 4. Bill of Quantities_unpriced.xlsx,Milling Facility.,137,옥수수 가공시설,1,1,General Summary 수량 1,ELEMENT NO.4,PVC Key terrain fixed in accordance with manufacturer's instructions,item,S,Extra over gutter for outlet to suit 100mm diameter pipe.,급배수·위생,NO,no.,8.0,,8.0,8.0,,,,,False,unpriced_source
L2023-00009-1,2019-00005,data/unpacked/L2023-00009-1/2. 입찰서류(영문)/Part 2(░·╛≈┴÷╜├╝¡)/Section 4. Bill of Quantities_unpriced.xlsx,Milling Facility.,138,옥수수 가공시설,1,1,General Summary 수량 1,ELEMENT NO.4,PVC Key terrain fixed in accordance with manufacturer's instructions,item,T,Extra over gutter for bends,지붕,NO,no.,10.0,,10.0,10.0,,,,,False,unpriced_source
L2023-00009-1,2019-00005,data/unpacked/L2023-00009-1/2. 입찰서류(영문)/Part 2(░·╛≈┴÷╜├╝¡)/Section 4. Bill of Quantities_unpriced.xlsx,Milling Facility.,139,옥수수 가공시설,1,1,General Summary 수량 1,ELEMENT NO.4,PVC Key terrain fixed in accordance with manufacturer's instructions,item,U,100mm diameter PVC down pipe,급배수·위생,LM,m,60.0,,60.0,60.0,,,,,False,unpriced_source
L2023-00009-1,2019-00005,data/unpacked/L2023-00009-1/2. 입찰서류(영문)/Part 2(░·╛≈┴÷╜├╝¡)/Section 4. Bill of Quantities_unpriced.xlsx,Milling Facility.,140,옥수수 가공시설,1,1,General Summary 수량 1,ELEMENT NO.4,PVC Key terrain fixed in accordance with manufacturer's instructions,item,V,Extra over for bends.,설비·장비,NO,no.,4.0,,4.0,4.0,,,,,False,unpriced_source
L2023-00009-1,2019-00005,data/unpacked/L2023-00009-1/2. 입찰서류(영문)/Part 2(░·╛≈┴÷╜├╝¡)/Section 4. Bill of Quantities_unpriced.xlsx,Milling Facility.,141,옥수수 가공시설,1,1,General Summary 수량 1,ELEMENT NO.4,PVC Key terrain fixed in accordance with manufacturer's instructions,item,W,Extra over for shoe.,설비·장비,NO,no.,8.0,,8.0,8.0,,,,,False,unpriced_source
L2023-00009-1,2019-00005,data/unpacked/L2023-00009-1/2. 입찰서류(영문)/Part 2(░·╛≈┴÷╜├╝¡)/Section 4. Bill of Quantities_unpriced.xlsx,Milling Facility.,145,옥수수 가공시설,1,1,General Summary 수량 1,ELEMENT NO.4,PVC Key terrain fixed in accordance with manufacturer's instructions,total,,TOTAL CARRIED TO SUMMARY,설비·장비,,,,,,,,,,,False,unpriced_source
L2023-00009-1,2019-00005,data/unpacked/L2023-00009-1/2. 입찰서류(영문)/Part 2(░·╛≈┴÷╜├╝¡)/Section 4. Bill of Quantities_unpriced.xlsx,Milling Facility.,148,옥수수 가공시설,1,1,General Summary 수량 1,ELEMENT NO. 5,,heading,,ELEMENT NO. 5,설비·장비,,,,,,,,,,,False,unpriced_source
L2023-00009-1,2019-00005,data/unpacked/L2023-00009-1/2. 입찰서류(영문)/Part 2(░·╛≈┴÷╜├╝¡)/Section 4. Bill of Quantities_unpriced.xlsx,Milling Facility.,149,옥수수 가공시설,1,1,General Summary 수량 1,ELEMENT NO. 5,DOORS,heading,,DOORS,창호·철물,,,,,,,,,,,False,unpriced_source
L2023-00009-1,2019-00005,data/unpacked/L2023-00009-1/2. 입찰서류(영문)/Part 2(░·╛≈┴÷╜├╝¡)/Section 4. Bill of Quantities_unpriced.xlsx,Milling Facility.,150,옥수수 가공시설,1,1,General Summary 수량 1,ELEMENT NO. 5,STEEL DOORS,heading,,STEEL DOORS,창호·철물,,,,,,,,,,,False,unpriced_source
L2023-00009-1,2019-00005,data/unpacked/L2023-00009-1/2. 입찰서류(영문)/Part 2(░·╛≈┴÷╜├╝¡)/Section 4. Bill of Quantities_unpriced.xlsx,Milling Facility.,151,옥수수 가공시설,1,1,General Summary 수량 1,ELEMENT NO. 5,"Purpose made steel casement Doors manufactured from standard casement 2.0mm thick sections : manufacture, assemble and deliver to site: supply and fix all approved UNION or equal ironmongery : with and including door frames, fixing drilled, plugged and screwed or built into walling: one coat red oxide primer before delivery.",heading,,"Purpose made steel casement Doors manufactured from standard casement 2.0mm thick sections : manufacture, assemble and deliver to site: supply and fix all approved UNION or equal ironmongery : with and including door frames, fixing drilled, plugged and screwed or built into walling: one coat red oxide primer before delivery.",창호·철물,,,,,,,,,,,False,unpriced_source
L2023-00009-1,2019-00005,data/unpacked/L2023-00009-1/2. 입찰서류(영문)/Part 2(░·╛≈┴÷╜├╝¡)/Section 4. Bill of Quantities_unpriced.xlsx,Milling Facility.,152,옥수수 가공시설,1,1,General Summary 수량 1,ELEMENT NO. 5,"Purpose made steel casement Doors manufactured from standard casement 2.0mm thick sections : manufacture, assemble and deliver to site: supply and fix all approved UNION or equal ironmongery : with and including door frames, fixing drilled, plugged and screwed or built into walling: one coat red oxide primer before delivery.",item,A,Door D1 overall size 4000 x 3000mm high comprising of; 1.5mm thick pre-formed mild steel panels 1050mm high; 1.5mm thick pre-formed mild steel louvre blades 400mm high; 6mm thick clear sheet glazed panels 1050mm high.,창호·철물,NO,no.,1.0,,1.0,1.0,,,,,False,unpriced_source
L2023-00009-1,2019-00005,data/unpacked/L2023-00009-1/2. 입찰서류(영문)/Part 2(░·╛≈┴÷╜├╝¡)/Section 4. Bill of Quantities_unpriced.xlsx,Milling Facility.,153,옥수수 가공시설,1,1,General Summary 수량 1,ELEMENT NO. 5,"Purpose made steel casement Doors manufactured from standard casement 2.0mm thick sections : manufacture, assemble and deliver to site: supply and fix all approved UNION or equal ironmongery : with and including door frames, fixing drilled, plugged and screwed or built into walling: one coat red oxide primer before delivery.",item,B,Ditto but 1000x2100mm high,창호·철물,NO,no.,2.0,,2.0,2.0,,,,,False,unpriced_source
L2023-00009-1,2019-00005,data/unpacked/L2023-00009-1/2. 입찰서류(영문)/Part 2(░·╛≈┴÷╜├╝¡)/Section 4. Bill of Quantities_unpriced.xlsx,Milling Facility.,154,옥수수 가공시설,1,1,General Summary 수량 1,ELEMENT NO. 5,"PREPARE SURFACE AND APPLY ETCHING PRIMER; apply one coat primer, one undercoat and two Gloss finishing coats; on metal work : to",heading,,"PREPARE SURFACE AND APPLY ETCHING PRIMER; apply one coat primer, one undercoat and two Gloss finishing coats; on metal work : to",마감,,,,,,,,,,,False,unpriced_source
L2023-00009-1,2019-00005,data/unpacked/L2023-00009-1/2. 입찰서류(영문)/Part 2(░·╛≈┴÷╜├╝¡)/Section 4. Bill of Quantities_unpriced.xlsx,Milling Facility.,155,옥수수 가공시설,1,1,General Summary 수량 1,ELEMENT NO. 5,"PREPARE SURFACE AND APPLY ETCHING PRIMER; apply one coat primer, one undercoat and two Gloss finishing coats; on metal work : to",item,C,Steel door surfaces,창호·철물,SM,m²,16.2,=4*3+1*2.1*2,16.2,16.2,,,,,False,formula_quantity;unpriced_source
L2023-00009-1,2019-00005,data/unpacked/L2023-00009-1/2. 입찰서류(영문)/Part 2(░·╛≈┴÷╜├╝¡)/Section 4. Bill of Quantities_unpriced.xlsx,Milling Facility.,156,옥수수 가공시설,1,1,General Summary 수량 1,ELEMENT NO. 5,"PREPARE SURFACE AND APPLY ETCHING PRIMER; apply one coat primer, one undercoat and two Gloss finishing coats; on metal work : to",total,,TOTAL CARRIED TO SUMMARY,마감,,,,,,,,,,,False,unpriced_source
L2023-00009-1,2019-00005,data/unpacked/L2023-00009-1/2. 입찰서류(영문)/Part 2(░·╛≈┴÷╜├╝¡)/Section 4. Bill of Quantities_unpriced.xlsx,Milling Facility.,158,옥수수 가공시설,1,1,General Summary 수량 1,ELEMENT NO.6,,heading,,ELEMENT NO.6,설비·장비,,,,,,,,,,,False,unpriced_source
L2023-00009-1,2019-00005,data/unpacked/L2023-00009-1/2. 입찰서류(영문)/Part 2(░·╛≈┴÷╜├╝¡)/Section 4. Bill of Quantities_unpriced.xlsx,Milling Facility.,159,옥수수 가공시설,1,1,General Summary 수량 1,ELEMENT NO.6,WINDOWS,heading,,WINDOWS,창호·철물,,,,,,,,,,,False,unpriced_source
L2023-00009-1,2019-00005,data/unpacked/L2023-00009-1/2. 입찰서류(영문)/Part 2(░·╛≈┴÷╜├╝¡)/Section 4. Bill of Quantities_unpriced.xlsx,Milling Facility.,160,옥수수 가공시설,1,1,General Summary 수량 1,ELEMENT NO.6,METAL WORK,heading,,METAL WORK,설비·장비,,,,,,,,,,,False,unpriced_source
L2023-00009-1,2019-00005,data/unpacked/L2023-00009-1/2. 입찰서류(영문)/Part 2(░·╛≈┴÷╜├╝¡)/Section 4. Bill of Quantities_unpriced.xlsx,Milling Facility.,161,옥수수 가공시설,1,1,General Summary 수량 1,ELEMENT NO.6,"PURPOSE MADE WINDOW STANDARD Steel Section for glazing with putty, permanent ventilation comprising T-bar hood and gauze, standard transomes and mullions, heavy duty aluminium friction hinges and fasteners, one coat red oxide etching primer : including 450mm high vents at the top comprising 2mm thick mild steel sheet cranked louvers, 120mm wide bent to shape all welded to window frame; as per Architect's detail drawing.",heading,,"PURPOSE MADE WINDOW STANDARD Steel Section for glazing with putty, permanent ventilation comprising T-bar hood and gauze, standard transomes and mullions, heavy duty aluminium friction hinges and fasteners, one coat red oxide etching primer : including 450mm high vents at the top comprising 2mm thick mild steel sheet cranked louvers, 120mm wide bent to shape all welded to window frame; as per Architect's detail drawing.",창호·철물,,,,,,,,,,,False,unpriced_source
L2023-00009-1,2019-00005,data/unpacked/L2023-00009-1/2. 입찰서류(영문)/Part 2(░·╛≈┴÷╜├╝¡)/Section 4. Bill of Quantities_unpriced.xlsx,Milling Facility.,162,옥수수 가공시설,1,1,General Summary 수량 1,ELEMENT NO.6,"PURPOSE MADE WINDOW STANDARD Steel Section for glazing with putty, permanent ventilation comprising T-bar hood and gauze, standard transomes and mullions, heavy duty aluminium friction hinges and fasteners, one coat red oxide etching primer : including 450mm high vents at the top comprising 2mm thick mild steel sheet cranked louvers, 120mm wide bent to shape all welded to window frame; as per Architect's detail drawing.",item,A,Window W1 overall size 1200 x 1200mm high (overall),창호·철물,NO,no.,2.0,,2.0,2.0,,,,,False,unpriced_source
L2023-00009-1,2019-00005,data/unpacked/L2023-00009-1/2. 입찰서류(영문)/Part 2(░·╛≈┴÷╜├╝¡)/Section 4. Bill of Quantities_unpriced.xlsx,Milling Facility.,163,옥수수 가공시설,1,1,General Summary 수량 1,ELEMENT NO.6,PURPOSE MADE STANDARD Steel burglar proofing made from 25 x 4mm flat bar framing and 12mm solid round mild steel bars : one coat red oxide primer as per Architect's detailed drawing,heading,,PURPOSE MADE STANDARD Steel burglar proofing made from 25 x 4mm flat bar framing and 12mm solid round mild steel bars : one coat red oxide primer as per Architect's detailed drawing,지붕,,,,,,,,,,,False,unpriced_source
L2023-00009-1,2019-00005,data/unpacked/L2023-00009-1/2. 입찰서류(영문)/Part 2(░·╛≈┴÷╜├╝¡)/Section 4. Bill of Quantities_unpriced.xlsx,Milling Facility.,164,옥수수 가공시설,1,1,General Summary 수량 1,ELEMENT NO.6,PURPOSE MADE STANDARD Steel burglar proofing made from 25 x 4mm flat bar framing and 12mm solid round mild steel bars : one coat red oxide primer as per Architect's detailed drawing,item,B,Window W1 overall size 1200 x 1200mm high (overall),지붕,NO,no.,2.0,,2.0,2.0,,,,,False,unpriced_source
L2023-00009-1,2019-00005,data/unpacked/L2023-00009-1/2. 입찰서류(영문)/Part 2(░·╛≈┴÷╜├╝¡)/Section 4. Bill of Quantities_unpriced.xlsx,Milling Facility.,165,옥수수 가공시설,1,1,General Summary 수량 1,ELEMENT NO.6,"PREPARE SURFACE AND APPLY ETCHING PRIMER; apply one coat primer, one undercoat and two Gloss finishing coats; on metal work : to",heading,,"PREPARE SURFACE AND APPLY ETCHING PRIMER; apply one coat primer, one undercoat and two Gloss finishing coats; on metal work : to",마감,,,,,,,,,,,False,unpriced_source
L2023-00009-1,2019-00005,data/unpacked/L2023-00009-1/2. 입찰서류(영문)/Part 2(░·╛≈┴÷╜├╝¡)/Section 4. Bill of Quantities_unpriced.xlsx,Milling Facility.,166,옥수수 가공시설,1,1,General Summary 수량 1,ELEMENT NO.6,"PREPARE SURFACE AND APPLY ETCHING PRIMER; apply one coat primer, one undercoat and two Gloss finishing coats; on metal work : to",item,C,General surfaces,마감,SM,m²,3.0,,3.0,3.0,,,,,False,unpriced_source
L2023-00009-1,2019-00005,data/unpacked/L2023-00009-1/2. 입찰서류(영문)/Part 2(░·╛≈┴÷╜├╝¡)/Section 4. Bill of Quantities_unpriced.xlsx,Milling Facility.,167,옥수수 가공시설,1,1,General Summary 수량 1,ELEMENT NO.6,"PREPARE SURFACE AND APPLY ETCHING PRIMER; apply one coat primer, one undercoat and two Gloss finishing coats; on metal work : to",item,D,Burglar proofing,지붕,SM,m²,3.0,,3.0,3.0,,,,,False,unpriced_source
L2023-00009-1,2019-00005,data/unpacked/L2023-00009-1/2. 입찰서류(영문)/Part 2(░·╛≈┴÷╜├╝¡)/Section 4. Bill of Quantities_unpriced.xlsx,Milling Facility.,168,옥수수 가공시설,1,1,General Summary 수량 1,ELEMENT NO.6,"PREPARE SURFACE AND APPLY ETCHING PRIMER; apply one coat primer, one undercoat and two Gloss finishing coats; on metal work : to",total,,TOTAL CARRIED TO SUMMARY,마감,,,,,,,,,,,False,unpriced_source
L2023-00009-1,2019-00005,data/unpacked/L2023-00009-1/2. 입찰서류(영문)/Part 2(░·╛≈┴÷╜├╝¡)/Section 4. Bill of Quantities_unpriced.xlsx,Milling Facility.,170,옥수수 가공시설,1,1,General Summary 수량 1,ELEMENT NO.7,,heading,,ELEMENT NO.7,설비·장비,,,,,,,,,,,False,unpriced_source
L2023-00009-1,2019-00005,data/unpacked/L2023-00009-1/2. 입찰서류(영문)/Part 2(░·╛≈┴÷╜├╝¡)/Section 4. Bill of Quantities_unpriced.xlsx,Milling Facility.,171,옥수수 가공시설,1,1,General Summary 수량 1,ELEMENT NO.7,EXTERNAL FINISHES,heading,,EXTERNAL FINISHES,마감,,,,,,,,,,,False,unpriced_source
L2023-00009-1,2019-00005,data/unpacked/L2023-00009-1/2. 입찰서류(영문)/Part 2(░·╛≈┴÷╜├╝¡)/Section 4. Bill of Quantities_unpriced.xlsx,Milling Facility.,172,옥수수 가공시설,1,1,General Summary 수량 1,ELEMENT NO.7,WALL FINISHES,heading,,WALL FINISHES,마감,,,,,,,,,,,False,unpriced_source
L2023-00009-1,2019-00005,data/unpacked/L2023-00009-1/2. 입찰서류(영문)/Part 2(░·╛≈┴÷╜├╝¡)/Section 4. Bill of Quantities_unpriced.xlsx,Milling Facility.,173,옥수수 가공시설,1,1,General Summary 수량 1,ELEMENT NO.7,CEMENT AND WASHED SAND (1:3) RENDER trowelled smooth,heading,,CEMENT AND WASHED SAND (1:3) RENDER trowelled smooth,마감,,,,,,,,,,,False,unpriced_source
L2023-00009-1,2019-00005,data/unpacked/L2023-00009-1/2. 입찰서류(영문)/Part 2(░·╛≈┴÷╜├╝¡)/Section 4. Bill of Quantities_unpriced.xlsx,Milling Facility.,174,옥수수 가공시설,1,1,General Summary 수량 1,ELEMENT NO.7,CEMENT AND WASHED SAND (1:3) RENDER trowelled smooth,item,A,12mm Thick to walls.,마감,SM,m²,473.0,,473.0,473.0,,,,,False,unpriced_source
L2023-00009-1,2019-00005,data/unpacked/L2023-00009-1/2. 입찰서류(영문)/Part 2(░·╛≈┴÷╜├╝¡)/Section 4. Bill of Quantities_unpriced.xlsx,Milling Facility.,175,옥수수 가공시설,1,1,General Summary 수량 1,ELEMENT NO.7,PAINTING AND DECORATING,heading,,PAINTING AND DECORATING,마감,,,,,,,,,,,False,unpriced_source
L2023-00009-1,2019-00005,data/unpacked/L2023-00009-1/2. 입찰서류(영문)/Part 2(░·╛≈┴÷╜├╝¡)/Section 4. Bill of Quantities_unpriced.xlsx,Milling Facility.,176,옥수수 가공시설,1,1,General Summary 수량 1,ELEMENT NO.7,Prepare and apply three coats of silk vinyl paint to plastered walls internally,heading,,Prepare and apply three coats of silk vinyl paint to plastered walls internally,마감,,,,,,,,,,,False,unpriced_source
L2023-00009-1,2019-00005,data/unpacked/L2023-00009-1/2. 입찰서류(영문)/Part 2(░·╛≈┴÷╜├╝¡)/Section 4. Bill of Quantities_unpriced.xlsx,Milling Facility.,177,옥수수 가공시설,1,1,General Summary 수량 1,ELEMENT NO.7,Prepare and apply three coats of silk vinyl paint to plastered walls internally,item,B,Rendered surfaces,마감,SM,m²,473.0,=D174,473.0,473.0,,,,,False,formula_quantity;unpriced_source
L2023-00009-1,2019-00005,data/unpacked/L2023-00009-1/2. 입찰서류(영문)/Part 2(░·╛≈┴÷╜├╝¡)/Section 4. Bill of Quantities_unpriced.xlsx,Milling Facility.,178,옥수수 가공시설,1,1,General Summary 수량 1,ELEMENT NO.7,Prepare and apply three coats of silk vinyl paint to plastered walls internally,item,C,Fairfaced surfaces 200 - 300mm wide,마감,LM,m,29.0,=D90,29.0,29.0,,,,,False,formula_quantity;unpriced_source
L2023-00009-1,2019-00005,data/unpacked/L2023-00009-1/2. 입찰서류(영문)/Part 2(░·╛≈┴÷╜├╝¡)/Section 4. Bill of Quantities_unpriced.xlsx,Milling Facility.,179,옥수수 가공시설,1,1,General Summary 수량 1,ELEMENT NO.7,SPLASH APRON,heading,,SPLASH APRON,설비·장비,,,,,,,,,,,False,unpriced_source
L2023-00009-1,2019-00005,data/unpacked/L2023-00009-1/2. 입찰서류(영문)/Part 2(░·╛≈┴÷╜├╝¡)/Section 4. Bill of Quantities_unpriced.xlsx,Milling Facility.,180,옥수수 가공시설,1,1,General Summary 수량 1,ELEMENT NO.7,SPLASH APRON,item,D,75mm thick concrete class 20/20mm aggregate splash laid in bays reinforced with and including fabric mesh reinforcement ref A98 as before described; on and including 30mm sand blinding on 100mm thick hardcore; finished smooth with 10mm thick cement sand screed (1:3) steel trowelled smooth; including all necessary formwork.,마감,SM,m²,93.0,=D126,93.0,93.0,,,,,False,formula_quantity;unpriced_source
L2023-00009-1,2019-00005,data/unpacked/L2023-00009-1/2. 입찰서류(영문)/Part 2(░·╛≈┴÷╜├╝¡)/Section 4. Bill of Quantities_unpriced.xlsx,Milling Facility.,181,옥수수 가공시설,1,1,General Summary 수량 1,ELEMENT NO.7,SPLASH APRON,item,E,100mm thick block walling to sides of splash Apron 400mm deep below reduced level with and including 400mm wide x 200mm thick block footing; plastering and painting to exposed surfaces; necessary excavation and disposal of surplus soil,창호·철물,LM,m,88.0,,88.0,88.0,,,,,False,unpriced_source
L2023-00009-1,2019-00005,data/unpacked/L2023-00009-1/2. 입찰서류(영문)/Part 2(░·╛≈┴÷╜├╝¡)/Section 4. Bill of Quantities_unpriced.xlsx,Milling Facility.,182,옥수수 가공시설,1,1,General Summary 수량 1,ELEMENT NO.7,SPLASH APRON,total,,TOTAL CARRIED TO SUMMARY,설비·장비,,,,,,,,,,,False,unpriced_source
L2023-00009-1,2019-00005,data/unpacked/L2023-00009-1/2. 입찰서류(영문)/Part 2(░·╛≈┴÷╜├╝¡)/Section 4. Bill of Quantities_unpriced.xlsx,Milling Facility.,184,옥수수 가공시설,1,1,General Summary 수량 1,ELEMENT NO.8,,heading,,ELEMENT NO.8,설비·장비,,,,,,,,,,,False,unpriced_source
L2023-00009-1,2019-00005,data/unpacked/L2023-00009-1/2. 입찰서류(영문)/Part 2(░·╛≈┴÷╜├╝¡)/Section 4. Bill of Quantities_unpriced.xlsx,Milling Facility.,185,옥수수 가공시설,1,1,General Summary 수량 1,ELEMENT NO.8,INTERNAL FINISHES,heading,,INTERNAL FINISHES,마감,,,,,,,,,,,False,unpriced_source
L2023-00009-1,2019-00005,data/unpacked/L2023-00009-1/2. 입찰서류(영문)/Part 2(░·╛≈┴÷╜├╝¡)/Section 4. Bill of Quantities_unpriced.xlsx,Milling Facility.,186,옥수수 가공시설,1,1,General Summary 수량 1,ELEMENT NO.8,WALL FINISHES,heading,,WALL FINISHES,마감,,,,,,,,,,,False,unpriced_source
L2023-00009-1,2019-00005,data/unpacked/L2023-00009-1/2. 입찰서류(영문)/Part 2(░·╛≈┴÷╜├╝¡)/Section 4. Bill of Quantities_unpriced.xlsx,Milling Facility.,187,옥수수 가공시설,1,1,General Summary 수량 1,ELEMENT NO.8,"INTERNAL LIME PLASTER First coat of cement lime and sand (1:2:9) second coat of cement, lime putty and sand (1:1.6) Steel trowelled smooth",heading,,"INTERNAL LIME PLASTER First coat of cement lime and sand (1:2:9) second coat of cement, lime putty and sand (1:1.6) Steel trowelled smooth",마감,,,,,,,,,,,False,unpriced_source
L2023-00009-1,2019-00005,data/unpacked/L2023-00009-1/2. 입찰서류(영문)/Part 2(░·╛≈┴÷╜├╝¡)/Section 4. Bill of Quantities_unpriced.xlsx,Milling Facility.,188,옥수수 가공시설,1,1,General Summary 수량 1,ELEMENT NO.8,"INTERNAL LIME PLASTER First coat of cement lime and sand (1:2:9) second coat of cement, lime putty and sand (1:1.6) Steel trowelled smooth",item,A,12mm Thick two coat work to walls,마감,SM,m²,473.0,=D177,473.0,473.0,,,,,False,formula_quantity;unpriced_source
L2023-00009-1,2019-00005,data/unpacked/L2023-00009-1/2. 입찰서류(영문)/Part 2(░·╛≈┴÷╜├╝¡)/Section 4. Bill of Quantities_unpriced.xlsx,Milling Facility.,189,옥수수 가공시설,1,1,General Summary 수량 1,ELEMENT NO.8,Painting and Decorating,heading,,Painting and Decorating,마감,,,,,,,,,,,False,unpriced_source
L2023-00009-1,2019-00005,data/unpacked/L2023-00009-1/2. 입찰서류(영문)/Part 2(░·╛≈┴÷╜├╝¡)/Section 4. Bill of Quantities_unpriced.xlsx,Milling Facility.,190,옥수수 가공시설,1,1,General Summary 수량 1,ELEMENT NO.8,PREPARE AND APPLY ONE MIST COAT AND THREE COATS silk vinyl emulsion paint internally on:,heading,,PREPARE AND APPLY ONE MIST COAT AND THREE COATS silk vinyl emulsion paint internally on:,마감,,,,,,,,,,,False,unpriced_source
L2023-00009-1,2019-00005,data/unpacked/L2023-00009-1/2. 입찰서류(영문)/Part 2(░·╛≈┴÷╜├╝¡)/Section 4. Bill of Quantities_unpriced.xlsx,Milling Facility.,191,옥수수 가공시설,1,1,General Summary 수량 1,ELEMENT NO.8,PREPARE AND APPLY ONE MIST COAT AND THREE COATS silk vinyl emulsion paint internally on:,item,B,Plastered surfaces,마감,SM,m²,473.0,=D188,473.0,473.0,,,,,False,formula_quantity;unpriced_source
L2023-00009-1,2019-00005,data/unpacked/L2023-00009-1/2. 입찰서류(영문)/Part 2(░·╛≈┴÷╜├╝¡)/Section 4. Bill of Quantities_unpriced.xlsx,Milling Facility.,192,옥수수 가공시설,1,1,General Summary 수량 1,ELEMENT NO.8,PREPARE AND APPLY ONE MIST COAT AND THREE COATS silk vinyl emulsion paint internally on:,total,,TOTAL CARRIED TO SUMMARY,마감,,,,,,,,,,,False,unpriced_source
L2023-00009-1,2019-00005,data/unpacked/L2023-00009-1/2. 입찰서류(영문)/Part 2(░·╛≈┴÷╜├╝¡)/Section 4. Bill of Quantities_unpriced.xlsx,Milling Facility.,194,옥수수 가공시설,1,1,General Summary 수량 1,ELEMENT NO.9,,heading,,ELEMENT NO.9,설비·장비,,,,,,,,,,,False,unpriced_source
L2023-00009-1,2019-00005,data/unpacked/L2023-00009-1/2. 입찰서류(영문)/Part 2(░·╛≈┴÷╜├╝¡)/Section 4. Bill of Quantities_unpriced.xlsx,Milling Facility.,195,옥수수 가공시설,1,1,General Summary 수량 1,ELEMENT NO.9,ELECTRICAL INSTALLATIONS,heading,,ELECTRICAL INSTALLATIONS,전기·전력인입,,,,,,,,,,,False,unpriced_source
L2023-00009-1,2019-00005,data/unpacked/L2023-00009-1/2. 입찰서류(영문)/Part 2(░·╛≈┴÷╜├╝¡)/Section 4. Bill of Quantities_unpriced.xlsx,Milling Facility.,196,옥수수 가공시설,1,1,General Summary 수량 1,ELEMENT NO.9,Lighting Fittings,heading,,Lighting Fittings,전기·전력인입,,,,,,,,,,,False,unpriced_source
L2023-00009-1,2019-00005,data/unpacked/L2023-00009-1/2. 입찰서류(영문)/Part 2(░·╛≈┴÷╜├╝¡)/Section 4. Bill of Quantities_unpriced.xlsx,Milling Facility.,197,옥수수 가공시설,1,1,General Summary 수량 1,ELEMENT NO.9,Lighting Fittings,item,A,Security bulkhead with cast aluminium body with glass lens and aluminium louver with 1 x 8W LED lamp,전기·전력인입,NO,no.,5.0,,5.0,5.0,,,,,False,unpriced_source
L2023-00009-1,2019-00005,data/unpacked/L2023-00009-1/2. 입찰서류(영문)/Part 2(░·╛≈┴÷╜├╝¡)/Section 4. Bill of Quantities_unpriced.xlsx,Milling Facility.,198,옥수수 가공시설,1,1,General Summary 수량 1,ELEMENT NO.9,Lighting Fittings,item,B,1 x 18W 1200mm LED single surface mounted batten and all accessories,전기·전력인입,NO,no.,11.0,,11.0,11.0,,,,,False,unpriced_source
L2023-00009-1,2019-00005,data/unpacked/L2023-00009-1/2. 입찰서류(영문)/Part 2(░·╛≈┴÷╜├╝¡)/Section 4. Bill of Quantities_unpriced.xlsx,Milling Facility.,199,옥수수 가공시설,1,1,General Summary 수량 1,ELEMENT NO.9,"Switches, Sockets & Wiring Accessories",heading,,"Switches, Sockets & Wiring Accessories",전기·전력인입,,,,,,,,,,,False,unpriced_source
L2023-00009-1,2019-00005,data/unpacked/L2023-00009-1/2. 입찰서류(영문)/Part 2(░·╛≈┴÷╜├╝¡)/Section 4. Bill of Quantities_unpriced.xlsx,Milling Facility.,200,옥수수 가공시설,1,1,General Summary 수량 1,ELEMENT NO.9,"Switches, Sockets & Wiring Accessories",item,C,"6A/240V 1-Gang 2-Way switches c/w flush mounting box, and accessories",전기·전력인입,NO,no.,2.0,,2.0,2.0,,,,,False,unpriced_source
L2023-00009-1,2019-00005,data/unpacked/L2023-00009-1/2. 입찰서류(영문)/Part 2(░·╛≈┴÷╜├╝¡)/Section 4. Bill of Quantities_unpriced.xlsx,Milling Facility.,201,옥수수 가공시설,1,1,General Summary 수량 1,ELEMENT NO.9,"Switches, Sockets & Wiring Accessories",item,D,"6A/240V 2-Gang 2-Way witches c/w flush mounting box, and accessories",전기·전력인입,NO,no.,1.0,,1.0,1.0,,,,,False,unpriced_source
L2023-00009-1,2019-00005,data/unpacked/L2023-00009-1/2. 입찰서류(영문)/Part 2(░·╛≈┴÷╜├╝¡)/Section 4. Bill of Quantities_unpriced.xlsx,Milling Facility.,202,옥수수 가공시설,1,1,General Summary 수량 1,ELEMENT NO.9,"Switches, Sockets & Wiring Accessories",item,E,"6A/240V 3-Gang 2 way witches c/w flush mounting box, and accessories",전기·전력인입,NO,no.,2.0,,2.0,2.0,,,,,False,unpriced_source
L2023-00009-1,2019-00005,data/unpacked/L2023-00009-1/2. 입찰서류(영문)/Part 2(░·╛≈┴÷╜├╝¡)/Section 4. Bill of Quantities_unpriced.xlsx,Milling Facility.,203,옥수수 가공시설,1,1,General Summary 수량 1,ELEMENT NO.9,"Switches, Sockets & Wiring Accessories",item,F,13A SP 2-Gang plate switched socket outlets c/w neon indicator and flush mounting box,전기·전력인입,NO,no.,8.0,,8.0,8.0,,,,,False,unpriced_source
L2023-00009-1,2019-00005,data/unpacked/L2023-00009-1/2. 입찰서류(영문)/Part 2(░·╛≈┴÷╜├╝¡)/Section 4. Bill of Quantities_unpriced.xlsx,Milling Facility.,204,옥수수 가공시설,1,1,General Summary 수량 1,ELEMENT NO.9,Wiring,heading,,Wiring,전기·전력인입,,,,,,,,,,,False,unpriced_source
L2023-00009-1,2019-00005,data/unpacked/L2023-00009-1/2. 입찰서류(영문)/Part 2(░·╛≈┴÷╜├╝¡)/Section 4. Bill of Quantities_unpriced.xlsx,Milling Facility.,205,옥수수 가공시설,1,1,General Summary 수량 1,ELEMENT NO.9,MAINS POWER SUPPLY AND CONNECTION,heading,,MAINS POWER SUPPLY AND CONNECTION,설비·장비,,,,,,,,,,,False,unpriced_source
L2023-00009-1,2019-00005,data/unpacked/L2023-00009-1/2. 입찰서류(영문)/Part 2(░·╛≈┴÷╜├╝¡)/Section 4. Bill of Quantities_unpriced.xlsx,Milling Facility.,206,옥수수 가공시설,1,1,General Summary 수량 1,ELEMENT NO.9,MAINS POWER SUPPLY AND CONNECTION,item,G,Earthing by 16mm2 stranded bare copper cable complete with all accessories,전기·전력인입,m,m,10.0,,10.0,10.0,,,,,False,unpriced_source
L2023-00009-1,2019-00005,data/unpacked/L2023-00009-1/2. 입찰서류(영문)/Part 2(░·╛≈┴÷╜├╝¡)/Section 4. Bill of Quantities_unpriced.xlsx,Milling Facility.,207,옥수수 가공시설,1,1,General Summary 수량 1,ELEMENT NO.9,MAINS POWER SUPPLY AND CONNECTION,item,H,Earth Electrodes made from hard drawn copper weld complete with cap earth clamp manjole and complete with all accessories,설비·장비,Item,item,1.0,,1.0,1.0,,,,,False,unpriced_source
L2023-00009-1,2019-00005,data/unpacked/L2023-00009-1/2. 입찰서류(영문)/Part 2(░·╛≈┴÷╜├╝¡)/Section 4. Bill of Quantities_unpriced.xlsx,Milling Facility.,208,옥수수 가공시설,1,1,General Summary 수량 1,ELEMENT NO.9,Lighting points,heading,,Lighting points,전기·전력인입,,,,,,,,,,,False,unpriced_source
L2023-00009-1,2019-00005,data/unpacked/L2023-00009-1/2. 입찰서류(영문)/Part 2(░·╛≈┴÷╜├╝¡)/Section 4. Bill of Quantities_unpriced.xlsx,Milling Facility.,209,옥수수 가공시설,1,1,General Summary 수량 1,ELEMENT NO.9,Lighting points,item,I,"All wiring of lighting points are to be connected complete and ready from 10A SP miniature circuit breakers on Consumer unit, using 1.5mm sq. PVC-Insulated single core copper cables drawn in PVC flush installed conduits, through switches, and as per drawings",전기·전력인입,NO,no.,15.0,,15.0,15.0,,,,,False,unpriced_source
L2023-00009-1,2019-00005,data/unpacked/L2023-00009-1/2. 입찰서류(영문)/Part 2(░·╛≈┴÷╜├╝¡)/Section 4. Bill of Quantities_unpriced.xlsx,Milling Facility.,210,옥수수 가공시설,1,1,General Summary 수량 1,ELEMENT NO.9,Power points,heading,,Power points,설비·장비,,,,,,,,,,,False,unpriced_source
L2023-00009-1,2019-00005,data/unpacked/L2023-00009-1/2. 입찰서류(영문)/Part 2(░·╛≈┴÷╜├╝¡)/Section 4. Bill of Quantities_unpriced.xlsx,Milling Facility.,211,옥수수 가공시설,1,1,General Summary 수량 1,ELEMENT NO.9,Power points,item,J,"All wiring of all power points are to be connected complete and ready from 32A SP miniature circuit breakers of the respective Consumer Unit using 2.5mm sq. PVC-Insulated single core copper cables in ring circuit, drawn in PVC flush installed conduits, as per drawings",전기·전력인입,NO,no.,9.0,,9.0,9.0,,,,,False,unpriced_source
L2023-00009-1,2019-00005,data/unpacked/L2023-00009-1/2. 입찰서류(영문)/Part 2(░·╛≈┴÷╜├╝¡)/Section 4. Bill of Quantities_unpriced.xlsx,Milling Facility.,212,옥수수 가공시설,1,1,General Summary 수량 1,ELEMENT NO.9,Low Voltage System Earthing,heading,,Low Voltage System Earthing,설비·장비,,,,,,,,,,,False,unpriced_source
L2023-00009-1,2019-00005,data/unpacked/L2023-00009-1/2. 입찰서류(영문)/Part 2(░·╛≈┴÷╜├╝¡)/Section 4. Bill of Quantities_unpriced.xlsx,Milling Facility.,213,옥수수 가공시설,1,1,General Summary 수량 1,ELEMENT NO.9,Low Voltage System Earthing,item,K,Earth the Low Voltage System so as to achieve a final earth resistance value of not more than 1.0 Ohm and as per IEE Regulations and Code of Practice,설비·장비,ITEM,item,1.0,,1.0,1.0,,,,,False,unpriced_source
L2023-00009-1,2019-00005,data/unpacked/L2023-00009-1/2. 입찰서류(영문)/Part 2(░·╛≈┴÷╜├╝¡)/Section 4. Bill of Quantities_unpriced.xlsx,Milling Facility.,214,옥수수 가공시설,1,1,General Summary 수량 1,ELEMENT NO.9,Low Voltage System Earthing,item,L,Supply and Install a 8x8 Adaptable Box for Power extension,설비·장비,NO,no.,1.0,,1.0,1.0,,,,,False,unpriced_source
L2023-00009-1,2019-00005,data/unpacked/L2023-00009-1/2. 입찰서류(영문)/Part 2(░·╛≈┴÷╜├╝¡)/Section 4. Bill of Quantities_unpriced.xlsx,Milling Facility.,215,옥수수 가공시설,1,1,General Summary 수량 1,ELEMENT NO.9,LIGHTNING PROTECTION SCHEME,heading,,LIGHTNING PROTECTION SCHEME,전기·전력인입,,,,,,,,,,,False,unpriced_source
L2023-00009-1,2019-00005,data/unpacked/L2023-00009-1/2. 입찰서류(영문)/Part 2(░·╛≈┴÷╜├╝¡)/Section 4. Bill of Quantities_unpriced.xlsx,Milling Facility.,216,옥수수 가공시설,1,1,General Summary 수량 1,ELEMENT NO.9,"All items are to be supplied and installed complete with all the required mounting, fixing, clipping, testing, connecting accessories, connected, tested and commissioned to the satisfaction of the Electrical Engineer.",heading,,"All items are to be supplied and installed complete with all the required mounting, fixing, clipping, testing, connecting accessories, connected, tested and commissioned to the satisfaction of the Electrical Engineer.",전기·전력인입,,,,,,,,,,,False,unpriced_source
L2023-00009-1,2019-00005,data/unpacked/L2023-00009-1/2. 입찰서류(영문)/Part 2(░·╛≈┴÷╜├╝¡)/Section 4. Bill of Quantities_unpriced.xlsx,Milling Facility.,217,옥수수 가공시설,1,1,General Summary 수량 1,ELEMENT NO.9,"All items are to be supplied and installed complete with all the required mounting, fixing, clipping, testing, connecting accessories, connected, tested and commissioned to the satisfaction of the Electrical Engineer.",item,M,"25mm x 3mm copper tape as to FURSE manufacture, or approved equivalent.",전기·전력인입,LM,m,28.0,,28.0,28.0,,,,,False,unpriced_source
L2023-00009-1,2019-00005,data/unpacked/L2023-00009-1/2. 입찰서류(영문)/Part 2(░·╛≈┴÷╜├╝¡)/Section 4. Bill of Quantities_unpriced.xlsx,Milling Facility.,218,옥수수 가공시설,1,1,General Summary 수량 1,ELEMENT NO.9,"All items are to be supplied and installed complete with all the required mounting, fixing, clipping, testing, connecting accessories, connected, tested and commissioned to the satisfaction of the Electrical Engineer.",item,N,"25mm x 3mm copper square test clamp, as to FURSE Cat.No. CT 105, or approved equivalent.",전기·전력인입,NO,no.,2.0,,2.0,2.0,,,,,False,unpriced_source
L2023-00009-1,2019-00005,data/unpacked/L2023-00009-1/2. 입찰서류(영문)/Part 2(░·╛≈┴÷╜├╝¡)/Section 4. Bill of Quantities_unpriced.xlsx,Milling Facility.,219,옥수수 가공시설,1,1,General Summary 수량 1,ELEMENT NO.9,"All items are to be supplied and installed complete with all the required mounting, fixing, clipping, testing, connecting accessories, connected, tested and commissioned to the satisfaction of the Electrical Engineer.",item,O,"2000mm x 15mm air rod, as to FURSE Cat. No. RA 240 c/w multiple point, as to FURSE Cat. No. RA 600, air terminal base, as to FURSE Cat. No. SD 105, and ridge saddle, as to FURSE Cat. No. SD 115, or approved equivalent.",전기·전력인입,NO,no.,1.0,,1.0,1.0,,,,,False,unpriced_source
L2023-00009-1,2019-00005,data/unpacked/L2023-00009-1/2. 입찰서류(영문)/Part 2(░·╛≈┴÷╜├╝¡)/Section 4. Bill of Quantities_unpriced.xlsx,Milling Facility.,220,옥수수 가공시설,1,1,General Summary 수량 1,ELEMENT NO.9,"All items are to be supplied and installed complete with all the required mounting, fixing, clipping, testing, connecting accessories, connected, tested and commissioned to the satisfaction of the Electrical Engineer.",item,P,25mm x 3mm tape clips,전기·전력인입,pkts,pkt,10.0,,10.0,10.0,,,,,False,unpriced_source
L2023-00009-1,2019-00005,data/unpacked/L2023-00009-1/2. 입찰서류(영문)/Part 2(░·╛≈┴÷╜├╝¡)/Section 4. Bill of Quantities_unpriced.xlsx,Milling Facility.,221,옥수수 가공시설,1,1,General Summary 수량 1,ELEMENT NO.9,"All items are to be supplied and installed complete with all the required mounting, fixing, clipping, testing, connecting accessories, connected, tested and commissioned to the satisfaction of the Electrical Engineer.",item,Q,"1200mm x 20mm solid copper earth rod, as to FURSE Cat.No. RC 015, and 600x600 earth mat complete with driving stud and coupler, and accessories.",전기·전력인입,NO,no.,1.0,,1.0,1.0,,,,,False,unpriced_source
L2023-00009-1,2019-00005,data/unpacked/L2023-00009-1/2. 입찰서류(영문)/Part 2(░·╛≈┴÷╜├╝¡)/Section 4. Bill of Quantities_unpriced.xlsx,Milling Facility.,222,옥수수 가공시설,1,1,General Summary 수량 1,ELEMENT NO.9,"All items are to be supplied and installed complete with all the required mounting, fixing, clipping, testing, connecting accessories, connected, tested and commissioned to the satisfaction of the Electrical Engineer.",item,R,"Concrete inspection chamber, as to FURSE Cat. No. PT005 or approved equivalent.",전기·전력인입,NO,no.,2.0,,2.0,2.0,,,,,False,unpriced_source
L2023-00009-1,2019-00005,data/unpacked/L2023-00009-1/2. 입찰서류(영문)/Part 2(░·╛≈┴÷╜├╝¡)/Section 4. Bill of Quantities_unpriced.xlsx,Milling Facility.,223,옥수수 가공시설,1,1,General Summary 수량 1,ELEMENT NO.9,"All items are to be supplied and installed complete with all the required mounting, fixing, clipping, testing, connecting accessories, connected, tested and commissioned to the satisfaction of the Electrical Engineer.",item,S,"Allow for testing and improving of earth resistance like charcoal, and all accessories required to achieve an earth resistance of 5 Ohms",전기·전력인입,ITEM,item,1.0,,1.0,1.0,,,,,False,unpriced_source
L2023-00009-1,2019-00005,data/unpacked/L2023-00009-1/2. 입찰서류(영문)/Part 2(░·╛≈┴÷╜├╝¡)/Section 4. Bill of Quantities_unpriced.xlsx,Milling Facility.,224,옥수수 가공시설,1,1,General Summary 수량 1,ELEMENT NO.9,"All items are to be supplied and installed complete with all the required mounting, fixing, clipping, testing, connecting accessories, connected, tested and commissioned to the satisfaction of the Electrical Engineer.",total,,Total Maize Milling Facility& Offices - Carried to Summary,전기·전력인입,,,,,,,,,,,False,unpriced_source
L2023-00009-1,2019-00005,data/unpacked/L2023-00009-1/2. 입찰서류(영문)/Part 2(░·╛≈┴÷╜├╝¡)/Section 4. Bill of Quantities_unpriced.xlsx,ADMIN BLOCK,3,관리동,1,1,General Summary 수량 1,ELEMENT NO 1: SUBSTRUCTURE [ALL PROVISIONAL],,heading,,ELEMENT NO 1: SUBSTRUCTURE [ALL PROVISIONAL],창호·철물,,,,,,,,,,,False,unpriced_source
L2023-00009-1,2019-00005,data/unpacked/L2023-00009-1/2. 입찰서류(영문)/Part 2(░·╛≈┴÷╜├╝¡)/Section 4. Bill of Quantities_unpriced.xlsx,ADMIN BLOCK,4,관리동,1,1,General Summary 수량 1,ELEMENT NO 1: SUBSTRUCTURE [ALL PROVISIONAL],Excavations and Earthworks for site preparation.,heading,,Excavations and Earthworks for site preparation.,창호·철물,,,,,,,,,,,False,unpriced_source
L2023-00009-1,2019-00005,data/unpacked/L2023-00009-1/2. 입찰서류(영문)/Part 2(░·╛≈┴÷╜├╝¡)/Section 4. Bill of Quantities_unpriced.xlsx,ADMIN BLOCK,5,관리동,1,1,General Summary 수량 1,ELEMENT NO 1: SUBSTRUCTURE [ALL PROVISIONAL],Excavations and Earthworks for site preparation.,item,A,Excavate top vegetable soil average 150mm deep and cart to spoil,창호·철물,SM,m²,0.0,,0.0,0.0,,,,,False,zero_quantity_check_formula_or_design;unpriced_source
L2023-00009-1,2019-00005,data/unpacked/L2023-00009-1/2. 입찰서류(영문)/Part 2(░·╛≈┴÷╜├╝¡)/Section 4. Bill of Quantities_unpriced.xlsx,ADMIN BLOCK,6,관리동,1,1,General Summary 수량 1,ELEMENT NO 1: SUBSTRUCTURE [ALL PROVISIONAL],Excavations and Earthworks for site preparation.,item,B,Excavate to reduce levels not exceeding 1.50 metres deep.,창호·철물,CM,m³,0.0,=D5*0.5,0.0,0.0,,,,,False,zero_quantity_check_formula_or_design;formula_quantity;unpriced_source
L2023-00009-1,2019-00005,data/unpacked/L2023-00009-1/2. 입찰서류(영문)/Part 2(░·╛≈┴÷╜├╝¡)/Section 4. Bill of Quantities_unpriced.xlsx,ADMIN BLOCK,7,관리동,1,1,General Summary 수량 1,ELEMENT NO 1: SUBSTRUCTURE [ALL PROVISIONAL],Excavations and Earthworks for site preparation.,item,C,Anti-termite treatment to : sides and bottoms of foundations,창호·철물,SM,m²,136.0,,136.0,136.0,,,,,False,unpriced_source
L2023-00009-1,2019-00005,data/unpacked/L2023-00009-1/2. 입찰서류(영문)/Part 2(░·╛≈┴÷╜├╝¡)/Section 4. Bill of Quantities_unpriced.xlsx,ADMIN BLOCK,8,관리동,1,1,General Summary 수량 1,ELEMENT NO 1: SUBSTRUCTURE [ALL PROVISIONAL],Excavations and Earthworks for site preparation.,item,D,Ditto : stripped surfaces of ground,창호·철물,SM,m²,107.0,,107.0,107.0,,,,,False,unpriced_source
L2023-00009-1,2019-00005,data/unpacked/L2023-00009-1/2. 입찰서류(영문)/Part 2(░·╛≈┴÷╜├╝¡)/Section 4. Bill of Quantities_unpriced.xlsx,ADMIN BLOCK,9,관리동,1,1,General Summary 수량 1,ELEMENT NO 1: SUBSTRUCTURE [ALL PROVISIONAL],Excavations and Earthworks for site preparation.,item,E,Ditto : blinded surfaces of hardcore,창호·철물,SM,m²,205.0,,205.0,205.0,,,,,False,unpriced_source
L2023-00009-1,2019-00005,data/unpacked/L2023-00009-1/2. 입찰서류(영문)/Part 2(░·╛≈┴÷╜├╝¡)/Section 4. Bill of Quantities_unpriced.xlsx,ADMIN BLOCK,10,관리동,1,1,General Summary 수량 1,ELEMENT NO 1: SUBSTRUCTURE [ALL PROVISIONAL],Excavations and Earthworks for foundations.,heading,,Excavations and Earthworks for foundations.,창호·철물,,,,,,,,,,,False,unpriced_source
L2023-00009-1,2019-00005,data/unpacked/L2023-00009-1/2. 입찰서류(영문)/Part 2(░·╛≈┴÷╜├╝¡)/Section 4. Bill of Quantities_unpriced.xlsx,ADMIN BLOCK,11,관리동,1,1,General Summary 수량 1,ELEMENT NO 1: SUBSTRUCTURE [ALL PROVISIONAL],Excavations and Earthworks for foundations.,item,F,Excavate foundation trenches; not exceeding 1.50m deep commencing from stripped level:,창호·철물,CM,m³,64.0,,64.0,64.0,,,,,False,unpriced_source
L2023-00009-1,2019-00005,data/unpacked/L2023-00009-1/2. 입찰서류(영문)/Part 2(░·╛≈┴÷╜├╝¡)/Section 4. Bill of Quantities_unpriced.xlsx,ADMIN BLOCK,12,관리동,1,1,General Summary 수량 1,ELEMENT NO 1: SUBSTRUCTURE [ALL PROVISIONAL],Excavations and Earthworks for foundations.,item,G,Excavate pit for column bases starting from stripped level not exceeding 1.50m deep.,창호·철물,CM,m³,0.0,,0.0,0.0,,,,,False,zero_quantity_check_formula_or_design;unpriced_source
L2023-00009-1,2019-00005,data/unpacked/L2023-00009-1/2. 입찰서류(영문)/Part 2(░·╛≈┴÷╜├╝¡)/Section 4. Bill of Quantities_unpriced.xlsx,ADMIN BLOCK,13,관리동,1,1,General Summary 수량 1,ELEMENT NO 1: SUBSTRUCTURE [ALL PROVISIONAL],Excavations and Earthworks for foundations.,item,H,Extra over excavations : breaking up rock met with in excavations,창호·철물,CM,m³,0.0,,0.0,0.0,,,,,False,zero_quantity_check_formula_or_design;unpriced_source
L2023-00009-1,2019-00005,data/unpacked/L2023-00009-1/2. 입찰서류(영문)/Part 2(░·╛≈┴÷╜├╝¡)/Section 4. Bill of Quantities_unpriced.xlsx,ADMIN BLOCK,14,관리동,1,1,General Summary 수량 1,ELEMENT NO 1: SUBSTRUCTURE [ALL PROVISIONAL],Disposal of excavated materials,heading,,Disposal of excavated materials,창호·철물,,,,,,,,,,,False,unpriced_source
L2023-00009-1,2019-00005,data/unpacked/L2023-00009-1/2. 입찰서류(영문)/Part 2(░·╛≈┴÷╜├╝¡)/Section 4. Bill of Quantities_unpriced.xlsx,ADMIN BLOCK,15,관리동,1,1,General Summary 수량 1,ELEMENT NO 1: SUBSTRUCTURE [ALL PROVISIONAL],Disposal of excavated materials,item,I,"Return, fill and ram: selected excavated materials around foundations,walling and columns; placed in 200mm layers compacted to 95% MDD.",창호·철물,CM,m³,26.0,,26.0,26.0,,,,,False,unpriced_source
L2023-00009-1,2019-00005,data/unpacked/L2023-00009-1/2. 입찰서류(영문)/Part 2(░·╛≈┴÷╜├╝¡)/Section 4. Bill of Quantities_unpriced.xlsx,ADMIN BLOCK,16,관리동,1,1,General Summary 수량 1,ELEMENT NO 1: SUBSTRUCTURE [ALL PROVISIONAL],Disposal of excavated materials,item,J,"Surplus excavated material: Load up, cart, deposit, spread and level on site where directed.",창호·철물,CM,m³,38.0,,38.0,38.0,,,,,False,unpriced_source
L2023-00009-1,2019-00005,data/unpacked/L2023-00009-1/2. 입찰서류(영문)/Part 2(░·╛≈┴÷╜├╝¡)/Section 4. Bill of Quantities_unpriced.xlsx,ADMIN BLOCK,17,관리동,1,1,General Summary 수량 1,ELEMENT NO 1: SUBSTRUCTURE [ALL PROVISIONAL],Fillings,heading,,Fillings,창호·철물,,,,,,,,,,,False,unpriced_source
L2023-00009-1,2019-00005,data/unpacked/L2023-00009-1/2. 입찰서류(영문)/Part 2(░·╛≈┴÷╜├╝¡)/Section 4. Bill of Quantities_unpriced.xlsx,ADMIN BLOCK,18,관리동,1,1,General Summary 수량 1,ELEMENT NO 1: SUBSTRUCTURE [ALL PROVISIONAL],Fillings,item,K,150mm Gravel soil filling : well watered and compacted to MDD 95% : to make up levels under floor bed,창호·철물,SM,m²,61.5,=D9*0.3,61.5,61.5,,,,,False,formula_quantity;unpriced_source
L2023-00009-1,2019-00005,data/unpacked/L2023-00009-1/2. 입찰서류(영문)/Part 2(░·╛≈┴÷╜├╝¡)/Section 4. Bill of Quantities_unpriced.xlsx,ADMIN BLOCK,19,관리동,1,1,General Summary 수량 1,ELEMENT NO 1: SUBSTRUCTURE [ALL PROVISIONAL],Fillings,item,L,150mm Hardcore bed: in broken stone blinded with and including 50mm layer of approved course sand blinding ; under floor bed,창호·철물,SM,m²,205.0,=D9,205.0,205.0,,,,,False,formula_quantity;unpriced_source
L2023-00009-1,2019-00005,data/unpacked/L2023-00009-1/2. 입찰서류(영문)/Part 2(░·╛≈┴÷╜├╝¡)/Section 4. Bill of Quantities_unpriced.xlsx,ADMIN BLOCK,20,관리동,1,1,General Summary 수량 1,ELEMENT NO 1: SUBSTRUCTURE [ALL PROVISIONAL],Fillings,item,M,Ditto : under splash aprons and ramps,창호·철물,SM,m²,46.32,=2*(16.2+3.595+3.405+3.6+0.6*2+10.6)*0.6,46.32,46.32,,,,,False,formula_quantity;unpriced_source
L2023-00009-1,2019-00005,data/unpacked/L2023-00009-1/2. 입찰서류(영문)/Part 2(░·╛≈┴÷╜├╝¡)/Section 4. Bill of Quantities_unpriced.xlsx,ADMIN BLOCK,21,관리동,1,1,General Summary 수량 1,ELEMENT NO 1: SUBSTRUCTURE [ALL PROVISIONAL],In - Situ Mass Concrete class 20/20mm aggregate in;-,heading,,In - Situ Mass Concrete class 20/20mm aggregate in;-,창호·철물,,,,,,,,,,,False,unpriced_source
L2023-00009-1,2019-00005,data/unpacked/L2023-00009-1/2. 입찰서류(영문)/Part 2(░·╛≈┴÷╜├╝¡)/Section 4. Bill of Quantities_unpriced.xlsx,ADMIN BLOCK,22,관리동,1,1,General Summary 수량 1,ELEMENT NO 1: SUBSTRUCTURE [ALL PROVISIONAL],In - Situ Mass Concrete class 20/20mm aggregate in;-,item,N,Foundation in trenches,창호·철물,CM,m³,9.6,,9.6,9.6,,,,,False,unpriced_source
L2023-00009-1,2019-00005,data/unpacked/L2023-00009-1/2. 입찰서류(영문)/Part 2(░·╛≈┴÷╜├╝¡)/Section 4. Bill of Quantities_unpriced.xlsx,ADMIN BLOCK,23,관리동,1,1,General Summary 수량 1,ELEMENT NO 1: SUBSTRUCTURE [ALL PROVISIONAL],Reinforced in-situ concrete class 25/20mm aggregate in;-,heading,,Reinforced in-situ concrete class 25/20mm aggregate in;-,창호·철물,,,,,,,,,,,False,unpriced_source
L2023-00009-1,2019-00005,data/unpacked/L2023-00009-1/2. 입찰서류(영문)/Part 2(░·╛≈┴÷╜├╝¡)/Section 4. Bill of Quantities_unpriced.xlsx,ADMIN BLOCK,24,관리동,1,1,General Summary 수량 1,ELEMENT NO 1: SUBSTRUCTURE [ALL PROVISIONAL],Reinforced in-situ concrete class 25/20mm aggregate in;-,item,O,Column bases,창호·철물,CM,m³,0.0,,0.0,0.0,,,,,False,zero_quantity_check_formula_or_design;unpriced_source
L2023-00009-1,2019-00005,data/unpacked/L2023-00009-1/2. 입찰서류(영문)/Part 2(░·╛≈┴÷╜├╝¡)/Section 4. Bill of Quantities_unpriced.xlsx,ADMIN BLOCK,25,관리동,1,1,General Summary 수량 1,ELEMENT NO 1: SUBSTRUCTURE [ALL PROVISIONAL],Reinforced in-situ concrete class 25/20mm aggregate in;-,item,P,Ramp : size 3000 x 2000 x 250mm thick (average),창호·철물,CM,m³,3.0,=3*2*0.25*2,3.0,3.0,,,,,False,formula_quantity;unpriced_source
L2023-00009-1,2019-00005,data/unpacked/L2023-00009-1/2. 입찰서류(영문)/Part 2(░·╛≈┴÷╜├╝¡)/Section 4. Bill of Quantities_unpriced.xlsx,ADMIN BLOCK,26,관리동,1,1,General Summary 수량 1,ELEMENT NO 1: SUBSTRUCTURE [ALL PROVISIONAL],Reinforced in-situ concrete class 25/20mm aggregate in;-,item,Q,100mm Floor bed,창호·철물,SM,m²,205.0,,205.0,205.0,,,,,False,unpriced_source
L2023-00009-1,2019-00005,data/unpacked/L2023-00009-1/2. 입찰서류(영문)/Part 2(░·╛≈┴÷╜├╝¡)/Section 4. Bill of Quantities_unpriced.xlsx,ADMIN BLOCK,27,관리동,1,1,General Summary 수량 1,ELEMENT NO 1: SUBSTRUCTURE [ALL PROVISIONAL],Reinforced in-situ concrete class 25/20mm aggregate in;-,item,R,Column stubs,창호·철물,CM,m³,0.0,,0.0,0.0,,,,,False,zero_quantity_check_formula_or_design;unpriced_source
L2023-00009-1,2019-00005,data/unpacked/L2023-00009-1/2. 입찰서류(영문)/Part 2(░·╛≈┴÷╜├╝¡)/Section 4. Bill of Quantities_unpriced.xlsx,ADMIN BLOCK,28,관리동,1,1,General Summary 수량 1,ELEMENT NO 1: SUBSTRUCTURE [ALL PROVISIONAL],Reinforced in-situ concrete class 25/20mm aggregate in;-,item,S,Ground beams,창호·철물,CM,m³,0.0,,0.0,0.0,,,,,False,zero_quantity_check_formula_or_design;unpriced_source
L2023-00009-1,2019-00005,data/unpacked/L2023-00009-1/2. 입찰서류(영문)/Part 2(░·╛≈┴÷╜├╝¡)/Section 4. Bill of Quantities_unpriced.xlsx,ADMIN BLOCK,29,관리동,1,1,General Summary 수량 1,ELEMENT NO 1: SUBSTRUCTURE [ALL PROVISIONAL],Reinforced in-situ concrete class 25/20mm aggregate in;-,total,,Total carried to collection,창호·철물,,,,,,,,,,,False,unpriced_source
L2023-00009-1,2019-00005,data/unpacked/L2023-00009-1/2. 입찰서류(영문)/Part 2(░·╛≈┴÷╜├╝¡)/Section 4. Bill of Quantities_unpriced.xlsx,ADMIN BLOCK,31,관리동,1,1,General Summary 수량 1,ELEMENT NO 1: SUBSTRUCTURE [ALL PROVISIONAL],Reinforced in-situ concrete class 25/20mm aggregate in;-,item,A,"100 mm Thick splash apron laid onto and including 100 mm bed of hardcore(MS) 100mm thick well stabilised and compacted murram base,25mm thick Cement-Sand(1:4) screed finished smooth with steel float including all the necessary excavations,part return fill and ram,part removal of exacavated material from site and all the necessary formwork.",창호·철물,SM,m²,38.0,,38.0,38.0,,,,,False,unpriced_source
L2023-00009-1,2019-00005,data/unpacked/L2023-00009-1/2. 입찰서류(영문)/Part 2(░·╛≈┴÷╜├╝¡)/Section 4. Bill of Quantities_unpriced.xlsx,ADMIN BLOCK,32,관리동,1,1,General Summary 수량 1,ELEMENT NO 1: SUBSTRUCTURE [ALL PROVISIONAL],STEEL FABRIC REINFORCEMENT TO BS 4483 as described,heading,,STEEL FABRIC REINFORCEMENT TO BS 4483 as described,창호·철물,,,,,,,,,,,False,unpriced_source
L2023-00009-1,2019-00005,data/unpacked/L2023-00009-1/2. 입찰서류(영문)/Part 2(░·╛≈┴÷╜├╝¡)/Section 4. Bill of Quantities_unpriced.xlsx,ADMIN BLOCK,33,관리동,1,1,General Summary 수량 1,ELEMENT NO 1: SUBSTRUCTURE [ALL PROVISIONAL],STEEL FABRIC REINFORCEMENT TO BS 4483 as described,item,B,No. A98 Fabric Mesh reinforcement weighing 1.58 kg. per square meter fixed in slab,창호·철물,SM,m²,205.0,=D9,205.0,205.0,,,,,False,formula_quantity;unpriced_source
L2023-00009-1,2019-00005,data/unpacked/L2023-00009-1/2. 입찰서류(영문)/Part 2(░·╛≈┴÷╜├╝¡)/Section 4. Bill of Quantities_unpriced.xlsx,ADMIN BLOCK,34,관리동,1,1,General Summary 수량 1,ELEMENT NO 1: SUBSTRUCTURE [ALL PROVISIONAL],"STEEL REINFORCEMENT as described including cutting to length, bending, hoisting and fixing and including all necessary tying wire and spacing blocks",heading,,"STEEL REINFORCEMENT as described including cutting to length, bending, hoisting and fixing and including all necessary tying wire and spacing blocks",창호·철물,,,,,,,,,,,False,unpriced_source
L2023-00009-1,2019-00005,data/unpacked/L2023-00009-1/2. 입찰서류(영문)/Part 2(░·╛≈┴÷╜├╝¡)/Section 4. Bill of Quantities_unpriced.xlsx,ADMIN BLOCK,35,관리동,1,1,General Summary 수량 1,ELEMENT NO 1: SUBSTRUCTURE [ALL PROVISIONAL],"STEEL REINFORCEMENT as described including cutting to length, bending, hoisting and fixing and including all necessary tying wire and spacing blocks",item,C,"12mm Diameter bars(T12); Columns, ground beams & column bases",창호·철물,KG,kg,0.0,,0.0,0.0,,,,,False,zero_quantity_check_formula_or_design;unpriced_source
L2023-00009-1,2019-00005,data/unpacked/L2023-00009-1/2. 입찰서류(영문)/Part 2(░·╛≈┴÷╜├╝¡)/Section 4. Bill of Quantities_unpriced.xlsx,ADMIN BLOCK,36,관리동,1,1,General Summary 수량 1,ELEMENT NO 1: SUBSTRUCTURE [ALL PROVISIONAL],Mild steel bar reinforcement to BS 4461,heading,,Mild steel bar reinforcement to BS 4461,창호·철물,,,,,,,,,,,False,unpriced_source
L2023-00009-1,2019-00005,data/unpacked/L2023-00009-1/2. 입찰서류(영문)/Part 2(░·╛≈┴÷╜├╝¡)/Section 4. Bill of Quantities_unpriced.xlsx,ADMIN BLOCK,37,관리동,1,1,General Summary 수량 1,ELEMENT NO 1: SUBSTRUCTURE [ALL PROVISIONAL],Mild steel bar reinforcement to BS 4461,item,D,8mm Diameter bars,창호·철물,KG,kg,0.0,,0.0,0.0,,,,,False,zero_quantity_check_formula_or_design;unpriced_source
L2023-00009-1,2019-00005,data/unpacked/L2023-00009-1/2. 입찰서류(영문)/Part 2(░·╛≈┴÷╜├╝¡)/Section 4. Bill of Quantities_unpriced.xlsx,ADMIN BLOCK,38,관리동,1,1,General Summary 수량 1,ELEMENT NO 1: SUBSTRUCTURE [ALL PROVISIONAL],Sawn formwork : to,heading,,Sawn formwork : to,창호·철물,,,,,,,,,,,False,unpriced_source
L2023-00009-1,2019-00005,data/unpacked/L2023-00009-1/2. 입찰서류(영문)/Part 2(░·╛≈┴÷╜├╝¡)/Section 4. Bill of Quantities_unpriced.xlsx,ADMIN BLOCK,39,관리동,1,1,General Summary 수량 1,ELEMENT NO 1: SUBSTRUCTURE [ALL PROVISIONAL],Sawn formwork : to,item,E,Vertical sides : foundation bases,창호·철물,SM,m²,0.0,,0.0,0.0,,,,,False,zero_quantity_check_formula_or_design;unpriced_source
L2023-00009-1,2019-00005,data/unpacked/L2023-00009-1/2. 입찰서류(영문)/Part 2(░·╛≈┴÷╜├╝¡)/Section 4. Bill of Quantities_unpriced.xlsx,ADMIN BLOCK,40,관리동,1,1,General Summary 수량 1,ELEMENT NO 1: SUBSTRUCTURE [ALL PROVISIONAL],Sawn formwork : to,item,F,Ditto: Column Stubs,창호·철물,SM,m²,0.0,,0.0,0.0,,,,,False,zero_quantity_check_formula_or_design;unpriced_source
L2023-00009-1,2019-00005,data/unpacked/L2023-00009-1/2. 입찰서류(영문)/Part 2(░·╛≈┴÷╜├╝¡)/Section 4. Bill of Quantities_unpriced.xlsx,ADMIN BLOCK,41,관리동,1,1,General Summary 수량 1,ELEMENT NO 1: SUBSTRUCTURE [ALL PROVISIONAL],Sawn formwork : to,item,G,Sides of Ground beam,창호·철물,SM,m²,0.0,=I29*0.3*2,0.0,0.0,,,,,False,zero_quantity_check_formula_or_design;formula_quantity;unpriced_source
L2023-00009-1,2019-00005,data/unpacked/L2023-00009-1/2. 입찰서류(영문)/Part 2(░·╛≈┴÷╜├╝¡)/Section 4. Bill of Quantities_unpriced.xlsx,ADMIN BLOCK,42,관리동,1,1,General Summary 수량 1,ELEMENT NO 1: SUBSTRUCTURE [ALL PROVISIONAL],Sawn formwork : to,item,H,Edges of slab bed : 75 - 150mm width,창호·철물,LM,m,64.0,,64.0,64.0,,,,,False,unpriced_source
L2023-00009-1,2019-00005,data/unpacked/L2023-00009-1/2. 입찰서류(영문)/Part 2(░·╛≈┴÷╜├╝¡)/Section 4. Bill of Quantities_unpriced.xlsx,ADMIN BLOCK,43,관리동,1,1,General Summary 수량 1,ELEMENT NO 1: SUBSTRUCTURE [ALL PROVISIONAL],Foundation Walls,heading,,Foundation Walls,창호·철물,,,,,,,,,,,False,unpriced_source
L2023-00009-1,2019-00005,data/unpacked/L2023-00009-1/2. 입찰서류(영문)/Part 2(░·╛≈┴÷╜├╝¡)/Section 4. Bill of Quantities_unpriced.xlsx,ADMIN BLOCK,44,관리동,1,1,General Summary 수량 1,ELEMENT NO 1: SUBSTRUCTURE [ALL PROVISIONAL],Brickwork in burnt clay bricks in cement and sand mortar (1:3) mix; with and including 25 x 3mm hoop iron strips laid horizontally every alternate course.,heading,,Brickwork in burnt clay bricks in cement and sand mortar (1:3) mix; with and including 25 x 3mm hoop iron strips laid horizontally every alternate course.,창호·철물,,,,,,,,,,,False,unpriced_source
L2023-00009-1,2019-00005,data/unpacked/L2023-00009-1/2. 입찰서류(영문)/Part 2(░·╛≈┴÷╜├╝¡)/Section 4. Bill of Quantities_unpriced.xlsx,ADMIN BLOCK,45,관리동,1,1,General Summary 수량 1,ELEMENT NO 1: SUBSTRUCTURE [ALL PROVISIONAL],Brickwork in burnt clay bricks in cement and sand mortar (1:3) mix; with and including 25 x 3mm hoop iron strips laid horizontally every alternate course.,item,I,200mm Wall,창호·철물,SM,m²,60.0,,60.0,60.0,,,,,False,unpriced_source
L2023-00009-1,2019-00005,data/unpacked/L2023-00009-1/2. 입찰서류(영문)/Part 2(░·╛≈┴÷╜├╝¡)/Section 4. Bill of Quantities_unpriced.xlsx,ADMIN BLOCK,46,관리동,1,1,General Summary 수량 1,ELEMENT NO 1: SUBSTRUCTURE [ALL PROVISIONAL],DAMP PROOF COURSES,heading,,DAMP PROOF COURSES,지붕,,,,,,,,,,,False,unpriced_source
L2023-00009-1,2019-00005,data/unpacked/L2023-00009-1/2. 입찰서류(영문)/Part 2(░·╛≈┴÷╜├╝¡)/Section 4. Bill of Quantities_unpriced.xlsx,ADMIN BLOCK,47,관리동,1,1,General Summary 수량 1,ELEMENT NO 1: SUBSTRUCTURE [ALL PROVISIONAL],DAMP PROOF COURSES,item,J,1000 Gauge polythene sheeting laid on blinded hardcore,지붕,SM,m²,205.0,=D19,205.0,205.0,,,,,False,formula_quantity;unpriced_source
L2023-00009-1,2019-00005,data/unpacked/L2023-00009-1/2. 입찰서류(영문)/Part 2(░·╛≈┴÷╜├╝¡)/Section 4. Bill of Quantities_unpriced.xlsx,ADMIN BLOCK,48,관리동,1,1,General Summary 수량 1,ELEMENT NO 1: SUBSTRUCTURE [ALL PROVISIONAL],Horizontal Damp proof course : hessian based bituminen felt lapped 150mm on ends laid on cement and sand (1:4) mortar bed,heading,,Horizontal Damp proof course : hessian based bituminen felt lapped 150mm on ends laid on cement and sand (1:4) mortar bed,지붕,,,,,,,,,,,False,unpriced_source
L2023-00009-1,2019-00005,data/unpacked/L2023-00009-1/2. 입찰서류(영문)/Part 2(░·╛≈┴÷╜├╝¡)/Section 4. Bill of Quantities_unpriced.xlsx,ADMIN BLOCK,49,관리동,1,1,General Summary 수량 1,ELEMENT NO 1: SUBSTRUCTURE [ALL PROVISIONAL],Horizontal Damp proof course : hessian based bituminen felt lapped 150mm on ends laid on cement and sand (1:4) mortar bed,item,K,230mm Wide : laid under walls,지붕,LM,m,89.0,,89.0,89.0,,,,,False,unpriced_source
L2023-00009-1,2019-00005,data/unpacked/L2023-00009-1/2. 입찰서류(영문)/Part 2(░·╛≈┴÷╜├╝¡)/Section 4. Bill of Quantities_unpriced.xlsx,ADMIN BLOCK,50,관리동,1,1,General Summary 수량 1,ELEMENT NO 1: SUBSTRUCTURE [ALL PROVISIONAL],Plinth finishes,heading,,Plinth finishes,창호·철물,,,,,,,,,,,False,unpriced_source
L2023-00009-1,2019-00005,data/unpacked/L2023-00009-1/2. 입찰서류(영문)/Part 2(░·╛≈┴÷╜├╝¡)/Section 4. Bill of Quantities_unpriced.xlsx,ADMIN BLOCK,51,관리동,1,1,General Summary 수량 1,ELEMENT NO 1: SUBSTRUCTURE [ALL PROVISIONAL],Plinth finishes,item,L,15mm Cement and sand (1:4) render : steel trowelled smooth,창호·철물,SM,m²,45.0,,45.0,45.0,,,,,False,unpriced_source
L2023-00009-1,2019-00005,data/unpacked/L2023-00009-1/2. 입찰서류(영문)/Part 2(░·╛≈┴÷╜├╝¡)/Section 4. Bill of Quantities_unpriced.xlsx,ADMIN BLOCK,52,관리동,1,1,General Summary 수량 1,ELEMENT NO 1: SUBSTRUCTURE [ALL PROVISIONAL],Plinth finishes,item,M,Prepare and apply three coats bituminous or other approved water resistant paint to : rendered plinth walls,창호·철물,SM,m²,45.0,=D51,45.0,45.0,,,,,False,formula_quantity;unpriced_source
L2023-00009-1,2019-00005,data/unpacked/L2023-00009-1/2. 입찰서류(영문)/Part 2(░·╛≈┴÷╜├╝¡)/Section 4. Bill of Quantities_unpriced.xlsx,ADMIN BLOCK,53,관리동,1,1,General Summary 수량 1,ELEMENT NO 1: SUBSTRUCTURE [ALL PROVISIONAL],Plinth finishes,total,,Total Carried to Collection,창호·철물,,,,,,,,,,,False,unpriced_source
L2023-00009-1,2019-00005,data/unpacked/L2023-00009-1/2. 입찰서류(영문)/Part 2(░·╛≈┴÷╜├╝¡)/Section 4. Bill of Quantities_unpriced.xlsx,ADMIN BLOCK,55,관리동,1,1,General Summary 수량 1,ELEMENT NO 1: SUBSTRUCTURE [ALL PROVISIONAL],Plinth finishes,total,,COLLECTION,창호·철물,,,,,,,,,,,False,unpriced_source
L2023-00009-1,2019-00005,data/unpacked/L2023-00009-1/2. 입찰서류(영문)/Part 2(░·╛≈┴÷╜├╝¡)/Section 4. Bill of Quantities_unpriced.xlsx,ADMIN BLOCK,56,관리동,1,1,General Summary 수량 1,ELEMENT NO 1: SUBSTRUCTURE [ALL PROVISIONAL],Plinth finishes,total,,Total brought forward from Page 1,창호·철물,,,,,,,,,,,False,unpriced_source
L2023-00009-1,2019-00005,data/unpacked/L2023-00009-1/2. 입찰서류(영문)/Part 2(░·╛≈┴÷╜├╝¡)/Section 4. Bill of Quantities_unpriced.xlsx,ADMIN BLOCK,57,관리동,1,1,General Summary 수량 1,ELEMENT NO 1: SUBSTRUCTURE [ALL PROVISIONAL],Plinth finishes,total,,Total brought forward from Page 2,창호·철물,,,,,,,,,,,False,unpriced_source
L2023-00009-1,2019-00005,data/unpacked/L2023-00009-1/2. 입찰서류(영문)/Part 2(░·╛≈┴÷╜├╝¡)/Section 4. Bill of Quantities_unpriced.xlsx,ADMIN BLOCK,58,관리동,1,1,General Summary 수량 1,ELEMENT NO 1: SUBSTRUCTURE [ALL PROVISIONAL],Plinth finishes,total,,TOTAL CARRIED TO SUMMARY,창호·철물,,,,,,,,,,,False,unpriced_source
L2023-00009-1,2019-00005,data/unpacked/L2023-00009-1/2. 입찰서류(영문)/Part 2(░·╛≈┴÷╜├╝¡)/Section 4. Bill of Quantities_unpriced.xlsx,ADMIN BLOCK,60,관리동,1,1,General Summary 수량 1,ELEMENT NO 2: BUILDING FRAME :,,heading,,ELEMENT NO 2: BUILDING FRAME :,창호·철물,,,,,,,,,,,False,unpriced_source
L2023-00009-1,2019-00005,data/unpacked/L2023-00009-1/2. 입찰서류(영문)/Part 2(░·╛≈┴÷╜├╝¡)/Section 4. Bill of Quantities_unpriced.xlsx,ADMIN BLOCK,61,관리동,1,1,General Summary 수량 1,ELEMENT NO 2: BUILDING FRAME :,Reinforced in-situ concrete class 25/20mm aggregate in;-,heading,,Reinforced in-situ concrete class 25/20mm aggregate in;-,창호·철물,,,,,,,,,,,False,unpriced_source
L2023-00009-1,2019-00005,data/unpacked/L2023-00009-1/2. 입찰서류(영문)/Part 2(░·╛≈┴÷╜├╝¡)/Section 4. Bill of Quantities_unpriced.xlsx,ADMIN BLOCK,62,관리동,1,1,General Summary 수량 1,ELEMENT NO 2: BUILDING FRAME :,Reinforced in-situ concrete class 25/20mm aggregate in;-,item,A,Ring beam,창호·철물,CM,m³,4.02,,4.02,4.02,,,,,False,unpriced_source
L2023-00009-1,2019-00005,data/unpacked/L2023-00009-1/2. 입찰서류(영문)/Part 2(░·╛≈┴÷╜├╝¡)/Section 4. Bill of Quantities_unpriced.xlsx,ADMIN BLOCK,63,관리동,1,1,General Summary 수량 1,ELEMENT NO 2: BUILDING FRAME :,Reinforced in-situ concrete class 25/20mm aggregate in;-,item,B,Columns,창호·철물,CM,m³,0.0,,0.0,0.0,,,,,False,zero_quantity_check_formula_or_design;unpriced_source
L2023-00009-1,2019-00005,data/unpacked/L2023-00009-1/2. 입찰서류(영문)/Part 2(░·╛≈┴÷╜├╝¡)/Section 4. Bill of Quantities_unpriced.xlsx,ADMIN BLOCK,64,관리동,1,1,General Summary 수량 1,ELEMENT NO 2: BUILDING FRAME :,"STEEL REINFORCEMENT as described including cutting to length, bending, hoisting and fixing and including all necessary tying wire and spacing blocks",heading,,"STEEL REINFORCEMENT as described including cutting to length, bending, hoisting and fixing and including all necessary tying wire and spacing blocks",창호·철물,,,,,,,,,,,False,unpriced_source
L2023-00009-1,2019-00005,data/unpacked/L2023-00009-1/2. 입찰서류(영문)/Part 2(░·╛≈┴÷╜├╝¡)/Section 4. Bill of Quantities_unpriced.xlsx,ADMIN BLOCK,65,관리동,1,1,General Summary 수량 1,ELEMENT NO 2: BUILDING FRAME :,"STEEL REINFORCEMENT as described including cutting to length, bending, hoisting and fixing and including all necessary tying wire and spacing blocks",item,C,12mm Diameter bars(T12),창호·철물,KG,kg,285.0,,285.0,285.0,,,,,False,unpriced_source
L2023-00009-1,2019-00005,data/unpacked/L2023-00009-1/2. 입찰서류(영문)/Part 2(░·╛≈┴÷╜├╝¡)/Section 4. Bill of Quantities_unpriced.xlsx,ADMIN BLOCK,66,관리동,1,1,General Summary 수량 1,ELEMENT NO 2: BUILDING FRAME :,Mild steel bar reinforcement to BS 4461,heading,,Mild steel bar reinforcement to BS 4461,창호·철물,,,,,,,,,,,False,unpriced_source
L2023-00009-1,2019-00005,data/unpacked/L2023-00009-1/2. 입찰서류(영문)/Part 2(░·╛≈┴÷╜├╝¡)/Section 4. Bill of Quantities_unpriced.xlsx,ADMIN BLOCK,67,관리동,1,1,General Summary 수량 1,ELEMENT NO 2: BUILDING FRAME :,Mild steel bar reinforcement to BS 4461,item,D,8mm Diameter bars,창호·철물,KG,kg,127.0,,127.0,127.0,,,,,False,unpriced_source
L2023-00009-1,2019-00005,data/unpacked/L2023-00009-1/2. 입찰서류(영문)/Part 2(░·╛≈┴÷╜├╝¡)/Section 4. Bill of Quantities_unpriced.xlsx,ADMIN BLOCK,68,관리동,1,1,General Summary 수량 1,ELEMENT NO 2: BUILDING FRAME :,Sawn formwork: to,heading,,Sawn formwork: to,창호·철물,,,,,,,,,,,False,unpriced_source
L2023-00009-1,2019-00005,data/unpacked/L2023-00009-1/2. 입찰서류(영문)/Part 2(░·╛≈┴÷╜├╝¡)/Section 4. Bill of Quantities_unpriced.xlsx,ADMIN BLOCK,69,관리동,1,1,General Summary 수량 1,ELEMENT NO 2: BUILDING FRAME :,Sawn formwork: to,item,E,Sides and soffites : beams,창호·철물,SM,m²,49.0,,49.0,49.0,,,,,False,unpriced_source
L2023-00009-1,2019-00005,data/unpacked/L2023-00009-1/2. 입찰서류(영문)/Part 2(░·╛≈┴÷╜├╝¡)/Section 4. Bill of Quantities_unpriced.xlsx,ADMIN BLOCK,70,관리동,1,1,General Summary 수량 1,ELEMENT NO 2: BUILDING FRAME :,Sawn formwork: to,item,F,Vertical sides : columns,창호·철물,SM,m²,0.0,,0.0,0.0,,,,,False,zero_quantity_check_formula_or_design;unpriced_source
L2023-00009-1,2019-00005,data/unpacked/L2023-00009-1/2. 입찰서류(영문)/Part 2(░·╛≈┴÷╜├╝¡)/Section 4. Bill of Quantities_unpriced.xlsx,ADMIN BLOCK,71,관리동,1,1,General Summary 수량 1,ELEMENT NO 2: BUILDING FRAME :,Sawn formwork: to,total,,TOTAL ELEMENT NO.2 BUILDING FRAME CARRIED TO BILL SUMMARY,창호·철물,,,,,,,,,,,False,unpriced_source
L2023-00009-1,2019-00005,data/unpacked/L2023-00009-1/2. 입찰서류(영문)/Part 2(░·╛≈┴÷╜├╝¡)/Section 4. Bill of Quantities_unpriced.xlsx,ADMIN BLOCK,73,관리동,1,1,General Summary 수량 1,ELEMENT NO 3 : WALLS,,heading,,ELEMENT NO 3 : WALLS,창호·철물,,,,,,,,,,,False,unpriced_source
L2023-00009-1,2019-00005,data/unpacked/L2023-00009-1/2. 입찰서류(영문)/Part 2(░·╛≈┴÷╜├╝¡)/Section 4. Bill of Quantities_unpriced.xlsx,ADMIN BLOCK,74,관리동,1,1,General Summary 수량 1,ELEMENT NO 3 : WALLS,PRECAST CONCRETE CLASS 25; 20mm AGGREGATE : finished fair on all exposed surfaces including bedding and jointing in cement sand (1:3) mortar,heading,,PRECAST CONCRETE CLASS 25; 20mm AGGREGATE : finished fair on all exposed surfaces including bedding and jointing in cement sand (1:3) mortar,창호·철물,,,,,,,,,,,False,unpriced_source
L2023-00009-1,2019-00005,data/unpacked/L2023-00009-1/2. 입찰서류(영문)/Part 2(░·╛≈┴÷╜├╝¡)/Section 4. Bill of Quantities_unpriced.xlsx,ADMIN BLOCK,75,관리동,1,1,General Summary 수량 1,ELEMENT NO 3 : WALLS,PRECAST CONCRETE CLASS 25; 20mm AGGREGATE : finished fair on all exposed surfaces including bedding and jointing in cement sand (1:3) mortar,item,A,300 x 75mm Weathered and throated window cill,창호·철물,LM,m,14.0,,14.0,14.0,,,,,False,unpriced_source
L2023-00009-1,2019-00005,data/unpacked/L2023-00009-1/2. 입찰서류(영문)/Part 2(░·╛≈┴÷╜├╝¡)/Section 4. Bill of Quantities_unpriced.xlsx,ADMIN BLOCK,76,관리동,1,1,General Summary 수량 1,ELEMENT NO 3 : WALLS,Brickwork in burnt clay bricks in cement and sand mortar (1:3) mix; with and including 25 x 3mm hoop iron strips laid horizontally every alternate course.,heading,,Brickwork in burnt clay bricks in cement and sand mortar (1:3) mix; with and including 25 x 3mm hoop iron strips laid horizontally every alternate course.,창호·철물,,,,,,,,,,,False,unpriced_source
L2023-00009-1,2019-00005,data/unpacked/L2023-00009-1/2. 입찰서류(영문)/Part 2(░·╛≈┴÷╜├╝¡)/Section 4. Bill of Quantities_unpriced.xlsx,ADMIN BLOCK,77,관리동,1,1,General Summary 수량 1,ELEMENT NO 3 : WALLS,Brickwork in burnt clay bricks in cement and sand mortar (1:3) mix; with and including 25 x 3mm hoop iron strips laid horizontally every alternate course.,item,B,200mm Wall,창호·철물,SM,m²,242.0,,242.0,242.0,,,,,False,unpriced_source
L2023-00009-1,2019-00005,data/unpacked/L2023-00009-1/2. 입찰서류(영문)/Part 2(░·╛≈┴÷╜├╝¡)/Section 4. Bill of Quantities_unpriced.xlsx,ADMIN BLOCK,78,관리동,1,1,General Summary 수량 1,ELEMENT NO 3 : WALLS,Brickwork in burnt clay bricks in cement and sand mortar (1:3) mix; with and including 25 x 3mm hoop iron strips laid horizontally every alternate course.,item,C,Labour and materials eaves-filling : 200mm walls average 225mm high,창호·철물,LM,m,21.0,,21.0,21.0,,,,,False,unpriced_source
L2023-00009-1,2019-00005,data/unpacked/L2023-00009-1/2. 입찰서류(영문)/Part 2(░·╛≈┴÷╜├╝¡)/Section 4. Bill of Quantities_unpriced.xlsx,ADMIN BLOCK,79,관리동,1,1,General Summary 수량 1,ELEMENT NO 3 : WALLS,Brickwork in burnt clay bricks in cement and sand mortar (1:3) mix; with and including 25 x 3mm hoop iron strips laid horizontally every alternate course.,total,,TOTAL ELEMENT NO.3 (WALLS) CARRIED TO BILL SUMMARY,창호·철물,,,,,,,,,,,False,unpriced_source
L2023-00009-1,2019-00005,data/unpacked/L2023-00009-1/2. 입찰서류(영문)/Part 2(░·╛≈┴÷╜├╝¡)/Section 4. Bill of Quantities_unpriced.xlsx,ADMIN BLOCK,82,관리동,1,1,General Summary 수량 1,ELEMENT NO 4 : ROOF STRUCTURE AND RAINWATER DISPOSAL,,heading,,ELEMENT NO 4 : ROOF STRUCTURE AND RAINWATER DISPOSAL,지붕,,,,,,,,,,,False,unpriced_source
L2023-00009-1,2019-00005,data/unpacked/L2023-00009-1/2. 입찰서류(영문)/Part 2(░·╛≈┴÷╜├╝¡)/Section 4. Bill of Quantities_unpriced.xlsx,ADMIN BLOCK,83,관리동,1,1,General Summary 수량 1,ELEMENT NO 4 : ROOF STRUCTURE AND RAINWATER DISPOSAL,Structural Steelwork,heading,,Structural Steelwork,지붕,,,,,,,,,,,False,unpriced_source
L2023-00009-1,2019-00005,data/unpacked/L2023-00009-1/2. 입찰서류(영문)/Part 2(░·╛≈┴÷╜├╝¡)/Section 4. Bill of Quantities_unpriced.xlsx,ADMIN BLOCK,84,관리동,1,1,General Summary 수량 1,ELEMENT NO 4 : ROOF STRUCTURE AND RAINWATER DISPOSAL,"THE RATES FOR STRUCTURAL STEEL WORK SHOULD INCLUDE ALL PLATES, STIFFENERS, BOLTS, WELDED JOINTS, ALL CONNECTIONS AND ACCESSORIES; PAINTING AND DECORATIONS; AS PER THE ARCHITECT’S AND STRUCTURAL ENGINEERS DRAWINGS; THE CONTRACTOR MUST STUDY THE DRAWINGS AND ENSURE THAT HIS PRICE INCLUDES ALL ITEMS AS SHOWN ON THE DRAWINGS",heading,,"THE RATES FOR STRUCTURAL STEEL WORK SHOULD INCLUDE ALL PLATES, STIFFENERS, BOLTS, WELDED JOINTS, ALL CONNECTIONS AND ACCESSORIES; PAINTING AND DECORATIONS; AS PER THE ARCHITECT’S AND STRUCTURAL ENGINEERS DRAWINGS; THE CONTRACTOR MUST STUDY THE DRAWINGS AND ENSURE THAT HIS PRICE INCLUDES ALL ITEMS AS SHOWN ON THE DRAWINGS",지붕,,,,,,,,,,,False,unpriced_source
L2023-00009-1,2019-00005,data/unpacked/L2023-00009-1/2. 입찰서류(영문)/Part 2(░·╛≈┴÷╜├╝¡)/Section 4. Bill of Quantities_unpriced.xlsx,ADMIN BLOCK,85,관리동,1,1,General Summary 수량 1,ELEMENT NO 4 : ROOF STRUCTURE AND RAINWATER DISPOSAL,Structural Steelwork : framed : one coat red-oxide primer;,heading,,Structural Steelwork : framed : one coat red-oxide primer;,지붕,,,,,,,,,,,False,unpriced_source
L2023-00009-1,2019-00005,data/unpacked/L2023-00009-1/2. 입찰서류(영문)/Part 2(░·╛≈┴÷╜├╝¡)/Section 4. Bill of Quantities_unpriced.xlsx,ADMIN BLOCK,86,관리동,1,1,General Summary 수량 1,ELEMENT NO 4 : ROOF STRUCTURE AND RAINWATER DISPOSAL,Structural Steelwork : framed : one coat red-oxide primer;,item,A,60 x 40 x 3mm RHS Bottom chord,지붕,KG,kg,345.0,,345.0,345.0,,,,,False,unpriced_source
L2023-00009-1,2019-00005,data/unpacked/L2023-00009-1/2. 입찰서류(영문)/Part 2(░·╛≈┴÷╜├╝¡)/Section 4. Bill of Quantities_unpriced.xlsx,ADMIN BLOCK,87,관리동,1,1,General Summary 수량 1,ELEMENT NO 4 : ROOF STRUCTURE AND RAINWATER DISPOSAL,Structural Steelwork : framed : one coat red-oxide primer;,item,B,60 x 40 x 3mm RHS Top Chord,지붕,KG,kg,386.0,,386.0,386.0,,,,,False,unpriced_source
L2023-00009-1,2019-00005,data/unpacked/L2023-00009-1/2. 입찰서류(영문)/Part 2(░·╛≈┴÷╜├╝¡)/Section 4. Bill of Quantities_unpriced.xlsx,ADMIN BLOCK,88,관리동,1,1,General Summary 수량 1,ELEMENT NO 4 : ROOF STRUCTURE AND RAINWATER DISPOSAL,Structural Steelwork : framed : one coat red-oxide primer;,item,C,40 x 40 x 3mm SHS Internal Members,지붕,KG,kg,486.0,,486.0,486.0,,,,,False,unpriced_source
L2023-00009-1,2019-00005,data/unpacked/L2023-00009-1/2. 입찰서류(영문)/Part 2(░·╛≈┴÷╜├╝¡)/Section 4. Bill of Quantities_unpriced.xlsx,ADMIN BLOCK,89,관리동,1,1,General Summary 수량 1,ELEMENT NO 4 : ROOF STRUCTURE AND RAINWATER DISPOSAL,Structural Steelwork : framed : one coat red-oxide primer;,item,D,100 x 50 x 2mm Z - Purlins weighing 3.54 Kg. per meter: bolted,지붕,KG,kg,1024.0,,1024.0,1024.0,,,,,False,unpriced_source
L2023-00009-1,2019-00005,data/unpacked/L2023-00009-1/2. 입찰서류(영문)/Part 2(░·╛≈┴÷╜├╝¡)/Section 4. Bill of Quantities_unpriced.xlsx,ADMIN BLOCK,90,관리동,1,1,General Summary 수량 1,ELEMENT NO 4 : ROOF STRUCTURE AND RAINWATER DISPOSAL,SUNDRIES,heading,,SUNDRIES,지붕,,,,,,,,,,,False,unpriced_source
L2023-00009-1,2019-00005,data/unpacked/L2023-00009-1/2. 입찰서류(영문)/Part 2(░·╛≈┴÷╜├╝¡)/Section 4. Bill of Quantities_unpriced.xlsx,ADMIN BLOCK,91,관리동,1,1,General Summary 수량 1,ELEMENT NO 4 : ROOF STRUCTURE AND RAINWATER DISPOSAL,SUNDRIES,item,E,225 x 250 x 8mm Plate: 4 No holes for 16mm diameter J-bolts,지붕,NO,no.,14.0,,14.0,14.0,,,,,False,unpriced_source
L2023-00009-1,2019-00005,data/unpacked/L2023-00009-1/2. 입찰서류(영문)/Part 2(░·╛≈┴÷╜├╝¡)/Section 4. Bill of Quantities_unpriced.xlsx,ADMIN BLOCK,92,관리동,1,1,General Summary 수량 1,ELEMENT NO 4 : ROOF STRUCTURE AND RAINWATER DISPOSAL,SUNDRIES,item,F,40 x 40 x 3mm L-Cleat; 146mm Long: 1 No holes for 12mm diameter bolts: welded to top chord,지붕,NO,no.,98.0,,98.0,98.0,,,,,False,unpriced_source
L2023-00009-1,2019-00005,data/unpacked/L2023-00009-1/2. 입찰서류(영문)/Part 2(░·╛≈┴÷╜├╝¡)/Section 4. Bill of Quantities_unpriced.xlsx,ADMIN BLOCK,93,관리동,1,1,General Summary 수량 1,ELEMENT NO 4 : ROOF STRUCTURE AND RAINWATER DISPOSAL,SUNDRIES,item,G,"16mm Diameter ""J"" bolts 710mm Long: fixed into concrete; head, nut and washers",지붕,NO,no.,49.0,,49.0,49.0,,,,,False,unpriced_source
L2023-00009-1,2019-00005,data/unpacked/L2023-00009-1/2. 입찰서류(영문)/Part 2(░·╛≈┴÷╜├╝¡)/Section 4. Bill of Quantities_unpriced.xlsx,ADMIN BLOCK,94,관리동,1,1,General Summary 수량 1,ELEMENT NO 4 : ROOF STRUCTURE AND RAINWATER DISPOSAL,SUNDRIES,item,H,"12mm Diameter bolt; 120mm Long; head, nut and washers",지붕,NO,no.,86.0,,86.0,86.0,,,,,False,unpriced_source
L2023-00009-1,2019-00005,data/unpacked/L2023-00009-1/2. 입찰서류(영문)/Part 2(░·╛≈┴÷╜├╝¡)/Section 4. Bill of Quantities_unpriced.xlsx,ADMIN BLOCK,95,관리동,1,1,General Summary 수량 1,ELEMENT NO 4 : ROOF STRUCTURE AND RAINWATER DISPOSAL,ROOF COVERING,heading,,ROOF COVERING,지붕,,,,,,,,,,,False,unpriced_source
L2023-00009-1,2019-00005,data/unpacked/L2023-00009-1/2. 입찰서류(영문)/Part 2(░·╛≈┴÷╜├╝¡)/Section 4. Bill of Quantities_unpriced.xlsx,ADMIN BLOCK,96,관리동,1,1,General Summary 수량 1,ELEMENT NO 4 : ROOF STRUCTURE AND RAINWATER DISPOSAL,26 Gauge pre-painted IT5 roofing sheets : fixed to Z-purlins with self tapping screws : in,heading,,26 Gauge pre-painted IT5 roofing sheets : fixed to Z-purlins with self tapping screws : in,급배수·위생,,,,,,,,,,,False,unpriced_source
L2023-00009-1,2019-00005,data/unpacked/L2023-00009-1/2. 입찰서류(영문)/Part 2(░·╛≈┴÷╜├╝¡)/Section 4. Bill of Quantities_unpriced.xlsx,ADMIN BLOCK,97,관리동,1,1,General Summary 수량 1,ELEMENT NO 4 : ROOF STRUCTURE AND RAINWATER DISPOSAL,26 Gauge pre-painted IT5 roofing sheets : fixed to Z-purlins with self tapping screws : in,item,I,Sheet laid sloping not exceeding 45 degrees from horizontal.,급배수·위생,SM,m²,269.0,,269.0,269.0,,,,,False,unpriced_source
L2023-00009-1,2019-00005,data/unpacked/L2023-00009-1/2. 입찰서류(영문)/Part 2(░·╛≈┴÷╜├╝¡)/Section 4. Bill of Quantities_unpriced.xlsx,ADMIN BLOCK,98,관리동,1,1,General Summary 수량 1,ELEMENT NO 4 : ROOF STRUCTURE AND RAINWATER DISPOSAL,26 Gauge pre-painted IT5 roofing sheets : fixed to Z-purlins with self tapping screws : in,item,J,300mm Wide ridge flashing,급배수·위생,LM,m,25.0,,25.0,25.0,,,,,False,unpriced_source
L2023-00009-1,2019-00005,data/unpacked/L2023-00009-1/2. 입찰서류(영문)/Part 2(░·╛≈┴÷╜├╝¡)/Section 4. Bill of Quantities_unpriced.xlsx,ADMIN BLOCK,99,관리동,1,1,General Summary 수량 1,ELEMENT NO 4 : ROOF STRUCTURE AND RAINWATER DISPOSAL,26 Gauge pre-painted IT5 roofing sheets : fixed to Z-purlins with self tapping screws : in,item,K,300mm Wide hip flashing,급배수·위생,LM,m,0.0,,0.0,0.0,,,,,False,zero_quantity_check_formula_or_design;unpriced_source
L2023-00009-1,2019-00005,data/unpacked/L2023-00009-1/2. 입찰서류(영문)/Part 2(░·╛≈┴÷╜├╝¡)/Section 4. Bill of Quantities_unpriced.xlsx,ADMIN BLOCK,100,관리동,1,1,General Summary 수량 1,ELEMENT NO 4 : ROOF STRUCTURE AND RAINWATER DISPOSAL,"MILD STEEL, GRADE GJ",heading,,"MILD STEEL, GRADE GJ",지붕,,,,,,,,,,,False,unpriced_source
L2023-00009-1,2019-00005,data/unpacked/L2023-00009-1/2. 입찰서류(영문)/Part 2(░·╛≈┴÷╜├╝¡)/Section 4. Bill of Quantities_unpriced.xlsx,ADMIN BLOCK,101,관리동,1,1,General Summary 수량 1,ELEMENT NO 4 : ROOF STRUCTURE AND RAINWATER DISPOSAL,"MILD STEEL, GRADE GJ",item,L,1.5mm thick m.s plate fascia; welded onto steel rafters; with and including 20 x 20 x 2mm stiffeners at 1000mm centres; one coat red oxide primer,지붕,SM,m²,0.0,=I29*0.3,0.0,0.0,,,,,False,zero_quantity_check_formula_or_design;formula_quantity;unpriced_source
L2023-00009-1,2019-00005,data/unpacked/L2023-00009-1/2. 입찰서류(영문)/Part 2(░·╛≈┴÷╜├╝¡)/Section 4. Bill of Quantities_unpriced.xlsx,ADMIN BLOCK,102,관리동,1,1,General Summary 수량 1,ELEMENT NO 4 : ROOF STRUCTURE AND RAINWATER DISPOSAL,Touch-up primer : prepare and apply three coats oil paint : to,heading,,Touch-up primer : prepare and apply three coats oil paint : to,지붕,,,,,,,,,,,False,unpriced_source
L2023-00009-1,2019-00005,data/unpacked/L2023-00009-1/2. 입찰서류(영문)/Part 2(░·╛≈┴÷╜├╝¡)/Section 4. Bill of Quantities_unpriced.xlsx,ADMIN BLOCK,103,관리동,1,1,General Summary 수량 1,ELEMENT NO 4 : ROOF STRUCTURE AND RAINWATER DISPOSAL,Touch-up primer : prepare and apply three coats oil paint : to,item,M,Structural steel work.,지붕,KG,kg,2241.0,=D89+D88+D87+D86,2241.0,2241.0,,,,,False,formula_quantity;unpriced_source
L2023-00009-1,2019-00005,data/unpacked/L2023-00009-1/2. 입찰서류(영문)/Part 2(░·╛≈┴÷╜├╝¡)/Section 4. Bill of Quantities_unpriced.xlsx,ADMIN BLOCK,104,관리동,1,1,General Summary 수량 1,ELEMENT NO 4 : ROOF STRUCTURE AND RAINWATER DISPOSAL,Touch-up primer : prepare and apply three coats oil paint : to,item,N,Fascia Board,지붕,SM,m²,0.0,=D101*2,0.0,0.0,,,,,False,zero_quantity_check_formula_or_design;formula_quantity;unpriced_source
L2023-00009-1,2019-00005,data/unpacked/L2023-00009-1/2. 입찰서류(영문)/Part 2(░·╛≈┴÷╜├╝¡)/Section 4. Bill of Quantities_unpriced.xlsx,ADMIN BLOCK,105,관리동,1,1,General Summary 수량 1,ELEMENT NO 4 : ROOF STRUCTURE AND RAINWATER DISPOSAL,RAIN WATER DISPOSAL,heading,,RAIN WATER DISPOSAL,지붕,,,,,,,,,,,False,unpriced_source
L2023-00009-1,2019-00005,data/unpacked/L2023-00009-1/2. 입찰서류(영문)/Part 2(░·╛≈┴÷╜├╝¡)/Section 4. Bill of Quantities_unpriced.xlsx,ADMIN BLOCK,106,관리동,1,1,General Summary 수량 1,ELEMENT NO 4 : ROOF STRUCTURE AND RAINWATER DISPOSAL,PVC Key terrain fixed in accordance with manufacturer's instructions,heading,,PVC Key terrain fixed in accordance with manufacturer's instructions,지붕,,,,,,,,,,,False,unpriced_source
L2023-00009-1,2019-00005,data/unpacked/L2023-00009-1/2. 입찰서류(영문)/Part 2(░·╛≈┴÷╜├╝¡)/Section 4. Bill of Quantities_unpriced.xlsx,ADMIN BLOCK,107,관리동,1,1,General Summary 수량 1,ELEMENT NO 4 : ROOF STRUCTURE AND RAINWATER DISPOSAL,PVC Key terrain fixed in accordance with manufacturer's instructions,item,O,130mm diameter half round PVC gutter,지붕,LM,m,50.0,,50.0,50.0,,,,,False,unpriced_source
L2023-00009-1,2019-00005,data/unpacked/L2023-00009-1/2. 입찰서류(영문)/Part 2(░·╛≈┴÷╜├╝¡)/Section 4. Bill of Quantities_unpriced.xlsx,ADMIN BLOCK,108,관리동,1,1,General Summary 수량 1,ELEMENT NO 4 : ROOF STRUCTURE AND RAINWATER DISPOSAL,PVC Key terrain fixed in accordance with manufacturer's instructions,item,P,Extra over gutter for outlet to suit 100mm diameter pipe.,급배수·위생,NO,no.,4.0,,4.0,4.0,,,,,False,unpriced_source
L2023-00009-1,2019-00005,data/unpacked/L2023-00009-1/2. 입찰서류(영문)/Part 2(░·╛≈┴÷╜├╝¡)/Section 4. Bill of Quantities_unpriced.xlsx,ADMIN BLOCK,109,관리동,1,1,General Summary 수량 1,ELEMENT NO 4 : ROOF STRUCTURE AND RAINWATER DISPOSAL,PVC Key terrain fixed in accordance with manufacturer's instructions,item,Q,Extra over gutter for bends,지붕,NO,no.,8.0,,8.0,8.0,,,,,False,unpriced_source
L2023-00009-1,2019-00005,data/unpacked/L2023-00009-1/2. 입찰서류(영문)/Part 2(░·╛≈┴÷╜├╝¡)/Section 4. Bill of Quantities_unpriced.xlsx,ADMIN BLOCK,110,관리동,1,1,General Summary 수량 1,ELEMENT NO 4 : ROOF STRUCTURE AND RAINWATER DISPOSAL,PVC Key terrain fixed in accordance with manufacturer's instructions,item,R,100mm diameter PVC down pipe,급배수·위생,LM,m,12.0,,12.0,12.0,,,,,False,unpriced_source
L2023-00009-1,2019-00005,data/unpacked/L2023-00009-1/2. 입찰서류(영문)/Part 2(░·╛≈┴÷╜├╝¡)/Section 4. Bill of Quantities_unpriced.xlsx,ADMIN BLOCK,111,관리동,1,1,General Summary 수량 1,ELEMENT NO 4 : ROOF STRUCTURE AND RAINWATER DISPOSAL,PVC Key terrain fixed in accordance with manufacturer's instructions,item,S,Extra over for bends.,지붕,NO,no.,4.0,,4.0,4.0,,,,,False,unpriced_source
L2023-00009-1,2019-00005,data/unpacked/L2023-00009-1/2. 입찰서류(영문)/Part 2(░·╛≈┴÷╜├╝¡)/Section 4. Bill of Quantities_unpriced.xlsx,ADMIN BLOCK,112,관리동,1,1,General Summary 수량 1,ELEMENT NO 4 : ROOF STRUCTURE AND RAINWATER DISPOSAL,PVC Key terrain fixed in accordance with manufacturer's instructions,item,T,Extra over for shoe.,지붕,NO,no.,4.0,,4.0,4.0,,,,,False,unpriced_source
L2023-00009-1,2019-00005,data/unpacked/L2023-00009-1/2. 입찰서류(영문)/Part 2(░·╛≈┴÷╜├╝¡)/Section 4. Bill of Quantities_unpriced.xlsx,ADMIN BLOCK,113,관리동,1,1,General Summary 수량 1,ELEMENT NO 4 : ROOF STRUCTURE AND RAINWATER DISPOSAL,PVC Key terrain fixed in accordance with manufacturer's instructions,total,,TOTAL ELEMENT NO.4 (ROOF STRUCTURE) CARRIED TO BILL SUMMARY,지붕,,,,,,,,,,,False,unpriced_source
L2023-00009-1,2019-00005,data/unpacked/L2023-00009-1/2. 입찰서류(영문)/Part 2(░·╛≈┴÷╜├╝¡)/Section 4. Bill of Quantities_unpriced.xlsx,ADMIN BLOCK,115,관리동,1,1,General Summary 수량 1,ELEMENT NO 5 : WINDOWS,,heading,,ELEMENT NO 5 : WINDOWS,창호·철물,,,,,,,,,,,False,unpriced_source
L2023-00009-1,2019-00005,data/unpacked/L2023-00009-1/2. 입찰서류(영문)/Part 2(░·╛≈┴÷╜├╝¡)/Section 4. Bill of Quantities_unpriced.xlsx,ADMIN BLOCK,116,관리동,1,1,General Summary 수량 1,ELEMENT NO 5 : WINDOWS,"PURPOSE MADE WINDOW STANDARD Steel Section for glazing with putty, permanent ventilation comprising T-bar hood and gauze, standard transomes and mullions, heavy duty aluminium friction hinges and fasteners, one coat red oxide etching primer : including 450mm high vents at the top comprising 2mm thick mild steel sheet cranked louvers, 120mm wide bent to shape all welded to window frame; as per Architect's detail drawing.",heading,,"PURPOSE MADE WINDOW STANDARD Steel Section for glazing with putty, permanent ventilation comprising T-bar hood and gauze, standard transomes and mullions, heavy duty aluminium friction hinges and fasteners, one coat red oxide etching primer : including 450mm high vents at the top comprising 2mm thick mild steel sheet cranked louvers, 120mm wide bent to shape all welded to window frame; as per Architect's detail drawing.",창호·철물,,,,,,,,,,,False,unpriced_source
L2023-00009-1,2019-00005,data/unpacked/L2023-00009-1/2. 입찰서류(영문)/Part 2(░·╛≈┴÷╜├╝¡)/Section 4. Bill of Quantities_unpriced.xlsx,ADMIN BLOCK,117,관리동,1,1,General Summary 수량 1,ELEMENT NO 5 : WINDOWS,"PURPOSE MADE WINDOW STANDARD Steel Section for glazing with putty, permanent ventilation comprising T-bar hood and gauze, standard transomes and mullions, heavy duty aluminium friction hinges and fasteners, one coat red oxide etching primer : including 450mm high vents at the top comprising 2mm thick mild steel sheet cranked louvers, 120mm wide bent to shape all welded to window frame; as per Architect's detail drawing.",item,A,Window W1 overall size 1200 x 1200mm high (overall),창호·철물,NO,no.,7.0,,7.0,7.0,,,,,False,unpriced_source
L2023-00009-1,2019-00005,data/unpacked/L2023-00009-1/2. 입찰서류(영문)/Part 2(░·╛≈┴÷╜├╝¡)/Section 4. Bill of Quantities_unpriced.xlsx,ADMIN BLOCK,118,관리동,1,1,General Summary 수량 1,ELEMENT NO 5 : WINDOWS,"PURPOSE MADE WINDOW STANDARD Steel Section for glazing with putty, permanent ventilation comprising T-bar hood and gauze, standard transomes and mullions, heavy duty aluminium friction hinges and fasteners, one coat red oxide etching primer : including 450mm high vents at the top comprising 2mm thick mild steel sheet cranked louvers, 120mm wide bent to shape all welded to window frame; as per Architect's detail drawing.",item,B,Window W2 overall size 1500 x 2000mm high (overall),창호·철물,NO,no.,4.0,,4.0,4.0,,,,,False,unpriced_source
L2023-00009-1,2019-00005,data/unpacked/L2023-00009-1/2. 입찰서류(영문)/Part 2(░·╛≈┴÷╜├╝¡)/Section 4. Bill of Quantities_unpriced.xlsx,ADMIN BLOCK,119,관리동,1,1,General Summary 수량 1,ELEMENT NO 5 : WINDOWS,PURPOSE MADE STANDARD Steel burglar proofing made from 25 x 4mm flat bar framing and 12mm solid round mild steel bars : one coat red oxide primer as per Architect's detailed drawing,heading,,PURPOSE MADE STANDARD Steel burglar proofing made from 25 x 4mm flat bar framing and 12mm solid round mild steel bars : one coat red oxide primer as per Architect's detailed drawing,지붕,,,,,,,,,,,False,unpriced_source
L2023-00009-1,2019-00005,data/unpacked/L2023-00009-1/2. 입찰서류(영문)/Part 2(░·╛≈┴÷╜├╝¡)/Section 4. Bill of Quantities_unpriced.xlsx,ADMIN BLOCK,120,관리동,1,1,General Summary 수량 1,ELEMENT NO 5 : WINDOWS,PURPOSE MADE STANDARD Steel burglar proofing made from 25 x 4mm flat bar framing and 12mm solid round mild steel bars : one coat red oxide primer as per Architect's detailed drawing,item,C,Window W1 overall size 1200 x 1200mm high (overall),지붕,NO,no.,7.0,,7.0,7.0,,,,,False,unpriced_source
L2023-00009-1,2019-00005,data/unpacked/L2023-00009-1/2. 입찰서류(영문)/Part 2(░·╛≈┴÷╜├╝¡)/Section 4. Bill of Quantities_unpriced.xlsx,ADMIN BLOCK,121,관리동,1,1,General Summary 수량 1,ELEMENT NO 5 : WINDOWS,PURPOSE MADE STANDARD Steel burglar proofing made from 25 x 4mm flat bar framing and 12mm solid round mild steel bars : one coat red oxide primer as per Architect's detailed drawing,item,D,Window W2 overall size 1500 x 2000mm high (overall),지붕,NO,no.,4.0,,4.0,4.0,,,,,False,unpriced_source
L2023-00009-1,2019-00005,data/unpacked/L2023-00009-1/2. 입찰서류(영문)/Part 2(░·╛≈┴÷╜├╝¡)/Section 4. Bill of Quantities_unpriced.xlsx,ADMIN BLOCK,122,관리동,1,1,General Summary 수량 1,ELEMENT NO 5 : WINDOWS,"PREPARE SURFACE AND APPLY ETCHING PRIMER; apply one coat primer, one undercoat and two Gloss finishing coats; on metal work : to",heading,,"PREPARE SURFACE AND APPLY ETCHING PRIMER; apply one coat primer, one undercoat and two Gloss finishing coats; on metal work : to",창호·철물,,,,,,,,,,,False,unpriced_source
L2023-00009-1,2019-00005,data/unpacked/L2023-00009-1/2. 입찰서류(영문)/Part 2(░·╛≈┴÷╜├╝¡)/Section 4. Bill of Quantities_unpriced.xlsx,ADMIN BLOCK,123,관리동,1,1,General Summary 수량 1,ELEMENT NO 5 : WINDOWS,"PREPARE SURFACE AND APPLY ETCHING PRIMER; apply one coat primer, one undercoat and two Gloss finishing coats; on metal work : to",item,E,General surfaces,창호·철물,SM,m²,22.0,,22.0,22.0,,,,,False,unpriced_source
L2023-00009-1,2019-00005,data/unpacked/L2023-00009-1/2. 입찰서류(영문)/Part 2(░·╛≈┴÷╜├╝¡)/Section 4. Bill of Quantities_unpriced.xlsx,ADMIN BLOCK,124,관리동,1,1,General Summary 수량 1,ELEMENT NO 5 : WINDOWS,"PREPARE SURFACE AND APPLY ETCHING PRIMER; apply one coat primer, one undercoat and two Gloss finishing coats; on metal work : to",item,F,Burglar proofing,지붕,SM,m²,22.0,=D123,22.0,22.0,,,,,False,formula_quantity;unpriced_source
L2023-00009-1,2019-00005,data/unpacked/L2023-00009-1/2. 입찰서류(영문)/Part 2(░·╛≈┴÷╜├╝¡)/Section 4. Bill of Quantities_unpriced.xlsx,ADMIN BLOCK,125,관리동,1,1,General Summary 수량 1,ELEMENT NO 5 : WINDOWS,"PREPARE SURFACE AND APPLY ETCHING PRIMER; apply one coat primer, one undercoat and two Gloss finishing coats; on metal work : to",total,,TOTAL ELEMENT NO.5 (WINDOWS) CARRIED TO BILL SUMMARY,창호·철물,,,,,,,,,,,False,unpriced_source
L2023-00009-1,2019-00005,data/unpacked/L2023-00009-1/2. 입찰서류(영문)/Part 2(░·╛≈┴÷╜├╝¡)/Section 4. Bill of Quantities_unpriced.xlsx,ADMIN BLOCK,127,관리동,1,1,General Summary 수량 1,ELEMENT NO 6 : DOORS,,heading,,ELEMENT NO 6 : DOORS,창호·철물,,,,,,,,,,,False,unpriced_source
L2023-00009-1,2019-00005,data/unpacked/L2023-00009-1/2. 입찰서류(영문)/Part 2(░·╛≈┴÷╜├╝¡)/Section 4. Bill of Quantities_unpriced.xlsx,ADMIN BLOCK,128,관리동,1,1,General Summary 수량 1,ELEMENT NO 6 : DOORS,Metallic doors,heading,,Metallic doors,창호·철물,,,,,,,,,,,False,unpriced_source
L2023-00009-1,2019-00005,data/unpacked/L2023-00009-1/2. 입찰서류(영문)/Part 2(░·╛≈┴÷╜├╝¡)/Section 4. Bill of Quantities_unpriced.xlsx,ADMIN BLOCK,129,관리동,1,1,General Summary 수량 1,ELEMENT NO 6 : DOORS,"Purpose made steel casement Doors manufactured from standard casement 2.0mm thick sections : manufacture, assemble and deliver to site: supply and fix all approved UNION or equal ironmongery : with and including door frames, fixing drilled, plugged and screwed or built into walling: one coat red oxide primer before delivery.",heading,,"Purpose made steel casement Doors manufactured from standard casement 2.0mm thick sections : manufacture, assemble and deliver to site: supply and fix all approved UNION or equal ironmongery : with and including door frames, fixing drilled, plugged and screwed or built into walling: one coat red oxide primer before delivery.",창호·철물,,,,,,,,,,,False,unpriced_source
L2023-00009-1,2019-00005,data/unpacked/L2023-00009-1/2. 입찰서류(영문)/Part 2(░·╛≈┴÷╜├╝¡)/Section 4. Bill of Quantities_unpriced.xlsx,ADMIN BLOCK,130,관리동,1,1,General Summary 수량 1,ELEMENT NO 6 : DOORS,"Purpose made steel casement Doors manufactured from standard casement 2.0mm thick sections : manufacture, assemble and deliver to site: supply and fix all approved UNION or equal ironmongery : with and including door frames, fixing drilled, plugged and screwed or built into walling: one coat red oxide primer before delivery.",item,A,Door D1 overall size 1500 x 2100mm high (overall) as per Architect's detailed drawing,창호·철물,NO,no.,2.0,,2.0,2.0,,,,,False,unpriced_source
L2023-00009-1,2019-00005,data/unpacked/L2023-00009-1/2. 입찰서류(영문)/Part 2(░·╛≈┴÷╜├╝¡)/Section 4. Bill of Quantities_unpriced.xlsx,ADMIN BLOCK,131,관리동,1,1,General Summary 수량 1,ELEMENT NO 6 : DOORS,"Purpose made steel casement Doors manufactured from standard casement 2.0mm thick sections : manufacture, assemble and deliver to site: supply and fix all approved UNION or equal ironmongery : with and including door frames, fixing drilled, plugged and screwed or built into walling: one coat red oxide primer before delivery.",item,B,Door D2 overall size 900 x 2100mm high (overall) ditto,창호·철물,NO,no.,2.0,,2.0,2.0,,,,,False,unpriced_source
L2023-00009-1,2019-00005,data/unpacked/L2023-00009-1/2. 입찰서류(영문)/Part 2(░·╛≈┴÷╜├╝¡)/Section 4. Bill of Quantities_unpriced.xlsx,ADMIN BLOCK,132,관리동,1,1,General Summary 수량 1,ELEMENT NO 6 : DOORS,Painting,heading,,Painting,창호·철물,,,,,,,,,,,False,unpriced_source
L2023-00009-1,2019-00005,data/unpacked/L2023-00009-1/2. 입찰서류(영문)/Part 2(░·╛≈┴÷╜├╝¡)/Section 4. Bill of Quantities_unpriced.xlsx,ADMIN BLOCK,133,관리동,1,1,General Summary 수량 1,ELEMENT NO 6 : DOORS,Painting,item,C,Prepare touch up primer and apply one undercoat and two finishing coats of gloss oil paint: glazed metal doors,창호·철물,SM,m²,13.0,,13.0,13.0,,,,,False,unpriced_source
L2023-00009-1,2019-00005,data/unpacked/L2023-00009-1/2. 입찰서류(영문)/Part 2(░·╛≈┴÷╜├╝¡)/Section 4. Bill of Quantities_unpriced.xlsx,ADMIN BLOCK,134,관리동,1,1,General Summary 수량 1,ELEMENT NO 6 : DOORS,Wooden Doors,heading,,Wooden Doors,창호·철물,,,,,,,,,,,False,unpriced_source
L2023-00009-1,2019-00005,data/unpacked/L2023-00009-1/2. 입찰서류(영문)/Part 2(░·╛≈┴÷╜├╝¡)/Section 4. Bill of Quantities_unpriced.xlsx,ADMIN BLOCK,135,관리동,1,1,General Summary 수량 1,ELEMENT NO 6 : DOORS,Wooden Doors,item,D,45mm thick solid flush door: size 900 x 2100mm high overall,창호·철물,NO,no.,4.0,,4.0,4.0,,,,,False,unpriced_source
L2023-00009-1,2019-00005,data/unpacked/L2023-00009-1/2. 입찰서류(영문)/Part 2(░·╛≈┴÷╜├╝¡)/Section 4. Bill of Quantities_unpriced.xlsx,ADMIN BLOCK,136,관리동,1,1,General Summary 수량 1,ELEMENT NO 6 : DOORS,Wooden Doors,item,E,"Hardwood frame 50 x 150mm rebated, plugged and screwed into parking pieces",창호·철물,LM,m,17.0,,17.0,17.0,,,,,False,unpriced_source
L2023-00009-1,2019-00005,data/unpacked/L2023-00009-1/2. 입찰서류(영문)/Part 2(░·╛≈┴÷╜├╝¡)/Section 4. Bill of Quantities_unpriced.xlsx,ADMIN BLOCK,137,관리동,1,1,General Summary 수량 1,ELEMENT NO 6 : DOORS,Wooden Doors,item,F,Hardwood transome 50 x 150mm rebated,창호·철물,LM,m,4.0,,4.0,4.0,,,,,False,unpriced_source
L2023-00009-1,2019-00005,data/unpacked/L2023-00009-1/2. 입찰서류(영문)/Part 2(░·╛≈┴÷╜├╝¡)/Section 4. Bill of Quantities_unpriced.xlsx,ADMIN BLOCK,138,관리동,1,1,General Summary 수량 1,ELEMENT NO 6 : DOORS,"Supply and fix: English ""Union"" or other equal approved ironmongery: matching screws: locks to include a set of 3 keys. (Prices of locks to be inclusive of handles);",heading,,"Supply and fix: English ""Union"" or other equal approved ironmongery: matching screws: locks to include a set of 3 keys. (Prices of locks to be inclusive of handles);",창호·철물,,,,,,,,,,,False,unpriced_source
L2023-00009-1,2019-00005,data/unpacked/L2023-00009-1/2. 입찰서류(영문)/Part 2(░·╛≈┴÷╜├╝¡)/Section 4. Bill of Quantities_unpriced.xlsx,ADMIN BLOCK,139,관리동,1,1,General Summary 수량 1,ELEMENT NO 6 : DOORS,"Supply and fix: English ""Union"" or other equal approved ironmongery: matching screws: locks to include a set of 3 keys. (Prices of locks to be inclusive of handles);",item,G,3-Lever mortice locks,창호·철물,NO,no.,4.0,,4.0,4.0,,,,,False,unpriced_source
L2023-00009-1,2019-00005,data/unpacked/L2023-00009-1/2. 입찰서류(영문)/Part 2(░·╛≈┴÷╜├╝¡)/Section 4. Bill of Quantities_unpriced.xlsx,ADMIN BLOCK,140,관리동,1,1,General Summary 수량 1,ELEMENT NO 6 : DOORS,"Supply and fix: English ""Union"" or other equal approved ironmongery: matching screws: locks to include a set of 3 keys. (Prices of locks to be inclusive of handles);",item,H,3-Lever casement lock,창호·철물,NO,no.,2.0,,2.0,2.0,,,,,False,unpriced_source
L2023-00009-1,2019-00005,data/unpacked/L2023-00009-1/2. 입찰서류(영문)/Part 2(░·╛≈┴÷╜├╝¡)/Section 4. Bill of Quantities_unpriced.xlsx,ADMIN BLOCK,141,관리동,1,1,General Summary 수량 1,ELEMENT NO 6 : DOORS,"Supply and fix: English ""Union"" or other equal approved ironmongery: matching screws: locks to include a set of 3 keys. (Prices of locks to be inclusive of handles);",item,I,300mm long 25mm pad steel bolt,창호·철물,NO,no.,2.0,,2.0,2.0,,,,,False,unpriced_source
L2023-00009-1,2019-00005,data/unpacked/L2023-00009-1/2. 입찰서류(영문)/Part 2(░·╛≈┴÷╜├╝¡)/Section 4. Bill of Quantities_unpriced.xlsx,ADMIN BLOCK,142,관리동,1,1,General Summary 수량 1,ELEMENT NO 6 : DOORS,"Supply and fix: English ""Union"" or other equal approved ironmongery: matching screws: locks to include a set of 3 keys. (Prices of locks to be inclusive of handles);",item,J,38mm diameter wall/floor mounted rubber door stopper.,창호·철물,NO,no.,4.0,,4.0,4.0,,,,,False,unpriced_source
L2023-00009-1,2019-00005,data/unpacked/L2023-00009-1/2. 입찰서류(영문)/Part 2(░·╛≈┴÷╜├╝¡)/Section 4. Bill of Quantities_unpriced.xlsx,ADMIN BLOCK,143,관리동,1,1,General Summary 수량 1,ELEMENT NO 6 : DOORS,"Supply and fix: English ""Union"" or other equal approved ironmongery: matching screws: locks to include a set of 3 keys. (Prices of locks to be inclusive of handles);",total,,TOTAL ELEMENT NO.6 (DOORS) CARRIED TO BILL SUMMARY,창호·철물,,,,,,,,,,,False,unpriced_source
L2023-00009-1,2019-00005,data/unpacked/L2023-00009-1/2. 입찰서류(영문)/Part 2(░·╛≈┴÷╜├╝¡)/Section 4. Bill of Quantities_unpriced.xlsx,ADMIN BLOCK,145,관리동,1,1,General Summary 수량 1,ELEMENT NO 7 : FLOOR FINISHES,,heading,,ELEMENT NO 7 : FLOOR FINISHES,창호·철물,,,,,,,,,,,False,unpriced_source
L2023-00009-1,2019-00005,data/unpacked/L2023-00009-1/2. 입찰서류(영문)/Part 2(░·╛≈┴÷╜├╝¡)/Section 4. Bill of Quantities_unpriced.xlsx,ADMIN BLOCK,146,관리동,1,1,General Summary 수량 1,ELEMENT NO 7 : FLOOR FINISHES,Cement and sand (1:3),heading,,Cement and sand (1:3),창호·철물,,,,,,,,,,,False,unpriced_source
L2023-00009-1,2019-00005,data/unpacked/L2023-00009-1/2. 입찰서류(영문)/Part 2(░·╛≈┴÷╜├╝¡)/Section 4. Bill of Quantities_unpriced.xlsx,ADMIN BLOCK,147,관리동,1,1,General Summary 수량 1,ELEMENT NO 7 : FLOOR FINISHES,Cement and sand (1:3),item,A,25mm Screed : steel trowelled smooth,창호·철물,SM,m²,205.0,=D33,205.0,205.0,,,,,False,formula_quantity;unpriced_source
L2023-00009-1,2019-00005,data/unpacked/L2023-00009-1/2. 입찰서류(영문)/Part 2(░·╛≈┴÷╜├╝¡)/Section 4. Bill of Quantities_unpriced.xlsx,ADMIN BLOCK,148,관리동,1,1,General Summary 수량 1,ELEMENT NO 7 : FLOOR FINISHES,Cement and sand (1:3),item,B,100 x 25mm Skirt : square top and coved junction at bottom,창호·철물,LM,m,83.0,,83.0,83.0,,,,,False,unpriced_source
L2023-00009-1,2019-00005,data/unpacked/L2023-00009-1/2. 입찰서류(영문)/Part 2(░·╛≈┴÷╜├╝¡)/Section 4. Bill of Quantities_unpriced.xlsx,ADMIN BLOCK,149,관리동,1,1,General Summary 수량 1,ELEMENT NO 7 : FLOOR FINISHES,Prepare and apply three coats vinyl silk emulsion paint on,heading,,Prepare and apply three coats vinyl silk emulsion paint on,창호·철물,,,,,,,,,,,False,unpriced_source
L2023-00009-1,2019-00005,data/unpacked/L2023-00009-1/2. 입찰서류(영문)/Part 2(░·╛≈┴÷╜├╝¡)/Section 4. Bill of Quantities_unpriced.xlsx,ADMIN BLOCK,150,관리동,1,1,General Summary 수량 1,ELEMENT NO 7 : FLOOR FINISHES,Prepare and apply three coats vinyl silk emulsion paint on,item,C,Plaster skirt : 75 - 150mm girth,창호·철물,LM,m,83.0,=D148,83.0,83.0,,,,,False,formula_quantity;unpriced_source
L2023-00009-1,2019-00005,data/unpacked/L2023-00009-1/2. 입찰서류(영문)/Part 2(░·╛≈┴÷╜├╝¡)/Section 4. Bill of Quantities_unpriced.xlsx,ADMIN BLOCK,151,관리동,1,1,General Summary 수량 1,ELEMENT NO 7 : FLOOR FINISHES,Prepare and apply three coats vinyl silk emulsion paint on,total,,TOTAL ELEMENT NO.7 (FLOOR FINISHES) CARRIED TO BILL SUMMARY,창호·철물,,,,,,,,,,,False,unpriced_source
L2023-00009-1,2019-00005,data/unpacked/L2023-00009-1/2. 입찰서류(영문)/Part 2(░·╛≈┴÷╜├╝¡)/Section 4. Bill of Quantities_unpriced.xlsx,ADMIN BLOCK,153,관리동,1,1,General Summary 수량 1,ELEMENT NO 8 : WALL FINISHES,,heading,,ELEMENT NO 8 : WALL FINISHES,창호·철물,,,,,,,,,,,False,unpriced_source
L2023-00009-1,2019-00005,data/unpacked/L2023-00009-1/2. 입찰서류(영문)/Part 2(░·╛≈┴÷╜├╝¡)/Section 4. Bill of Quantities_unpriced.xlsx,ADMIN BLOCK,154,관리동,1,1,General Summary 수량 1,ELEMENT NO 8 : WALL FINISHES,External wall finishes,heading,,External wall finishes,창호·철물,,,,,,,,,,,False,unpriced_source
L2023-00009-1,2019-00005,data/unpacked/L2023-00009-1/2. 입찰서류(영문)/Part 2(░·╛≈┴÷╜├╝¡)/Section 4. Bill of Quantities_unpriced.xlsx,ADMIN BLOCK,155,관리동,1,1,General Summary 수량 1,ELEMENT NO 8 : WALL FINISHES,Cement and sand (1:4),heading,,Cement and sand (1:4),창호·철물,,,,,,,,,,,False,unpriced_source
L2023-00009-1,2019-00005,data/unpacked/L2023-00009-1/2. 입찰서류(영문)/Part 2(░·╛≈┴÷╜├╝¡)/Section 4. Bill of Quantities_unpriced.xlsx,ADMIN BLOCK,156,관리동,1,1,General Summary 수량 1,ELEMENT NO 8 : WALL FINISHES,Cement and sand (1:4),item,A,15mm thick 3 layer render to walls including tyrolean cement and washed sand (1:2) sprayed onto rendered surface.,창호·철물,SM,m²,242.0,=D77,242.0,242.0,,,,,False,formula_quantity;unpriced_source
L2023-00009-1,2019-00005,data/unpacked/L2023-00009-1/2. 입찰서류(영문)/Part 2(░·╛≈┴÷╜├╝¡)/Section 4. Bill of Quantities_unpriced.xlsx,ADMIN BLOCK,157,관리동,1,1,General Summary 수량 1,ELEMENT NO 8 : WALL FINISHES,Cement and sand (1:4),item,B,300 x 25mm Rendered skirt,창호·철물,LM,m,68.0,=2*(10+24),68.0,68.0,,,,,False,formula_quantity;unpriced_source
L2023-00009-1,2019-00005,data/unpacked/L2023-00009-1/2. 입찰서류(영문)/Part 2(░·╛≈┴÷╜├╝¡)/Section 4. Bill of Quantities_unpriced.xlsx,ADMIN BLOCK,158,관리동,1,1,General Summary 수량 1,ELEMENT NO 8 : WALL FINISHES,Prepare surfaces: apply three coats weather guard emulsion paint,heading,,Prepare surfaces: apply three coats weather guard emulsion paint,창호·철물,,,,,,,,,,,False,unpriced_source
L2023-00009-1,2019-00005,data/unpacked/L2023-00009-1/2. 입찰서류(영문)/Part 2(░·╛≈┴÷╜├╝¡)/Section 4. Bill of Quantities_unpriced.xlsx,ADMIN BLOCK,159,관리동,1,1,General Summary 수량 1,ELEMENT NO 8 : WALL FINISHES,Prepare surfaces: apply three coats weather guard emulsion paint,item,C,Rendered surfaces : walls,창호·철물,SM,m²,242.0,=D156,242.0,242.0,,,,,False,formula_quantity;unpriced_source
L2023-00009-1,2019-00005,data/unpacked/L2023-00009-1/2. 입찰서류(영문)/Part 2(░·╛≈┴÷╜├╝¡)/Section 4. Bill of Quantities_unpriced.xlsx,ADMIN BLOCK,160,관리동,1,1,General Summary 수량 1,ELEMENT NO 8 : WALL FINISHES,Prepare and apply three coats bituminous paint on;-,heading,,Prepare and apply three coats bituminous paint on;-,창호·철물,,,,,,,,,,,False,unpriced_source
L2023-00009-1,2019-00005,data/unpacked/L2023-00009-1/2. 입찰서류(영문)/Part 2(░·╛≈┴÷╜├╝¡)/Section 4. Bill of Quantities_unpriced.xlsx,ADMIN BLOCK,161,관리동,1,1,General Summary 수량 1,ELEMENT NO 8 : WALL FINISHES,Prepare and apply three coats bituminous paint on;-,item,D,300 x 10mm Rendered Skirt,창호·철물,LM,m,68.0,=D157,68.0,68.0,,,,,False,formula_quantity;unpriced_source
L2023-00009-1,2019-00005,data/unpacked/L2023-00009-1/2. 입찰서류(영문)/Part 2(░·╛≈┴÷╜├╝¡)/Section 4. Bill of Quantities_unpriced.xlsx,ADMIN BLOCK,162,관리동,1,1,General Summary 수량 1,ELEMENT NO 8 : WALL FINISHES,Internal wall finishes,heading,,Internal wall finishes,창호·철물,,,,,,,,,,,False,unpriced_source
L2023-00009-1,2019-00005,data/unpacked/L2023-00009-1/2. 입찰서류(영문)/Part 2(░·╛≈┴÷╜├╝¡)/Section 4. Bill of Quantities_unpriced.xlsx,ADMIN BLOCK,163,관리동,1,1,General Summary 수량 1,ELEMENT NO 8 : WALL FINISHES,Internal wall finishes,total,,TOTAL ELEMENT NO.8 (WALL FINISHES) CARRIED TO BILL SUMMARY,창호·철물,,,,,,,,,,,False,unpriced_source
L2023-00009-1,2019-00005,data/unpacked/L2023-00009-1/2. 입찰서류(영문)/Part 2(░·╛≈┴÷╜├╝¡)/Section 4. Bill of Quantities_unpriced.xlsx,ADMIN BLOCK,165,관리동,1,1,General Summary 수량 1,ELEMENT NO 9 : ROOF FINISHES,,heading,,ELEMENT NO 9 : ROOF FINISHES,지붕,,,,,,,,,,,False,unpriced_source
L2023-00009-1,2019-00005,data/unpacked/L2023-00009-1/2. 입찰서류(영문)/Part 2(░·╛≈┴÷╜├╝¡)/Section 4. Bill of Quantities_unpriced.xlsx,ADMIN BLOCK,166,관리동,1,1,General Summary 수량 1,ELEMENT NO 9 : ROOF FINISHES,Ceiling Construction,heading,,Ceiling Construction,지붕,,,,,,,,,,,False,unpriced_source
L2023-00009-1,2019-00005,data/unpacked/L2023-00009-1/2. 입찰서류(영문)/Part 2(░·╛≈┴÷╜├╝¡)/Section 4. Bill of Quantities_unpriced.xlsx,ADMIN BLOCK,167,관리동,1,1,General Summary 수량 1,ELEMENT NO 9 : ROOF FINISHES,Ceiling Construction,item,A,50 X 100 ceiling battens at perimeter plugged.,지붕,LM,m,326.0,,326.0,326.0,,,,,False,unpriced_source
L2023-00009-1,2019-00005,data/unpacked/L2023-00009-1/2. 입찰서류(영문)/Part 2(░·╛≈┴÷╜├╝¡)/Section 4. Bill of Quantities_unpriced.xlsx,ADMIN BLOCK,168,관리동,1,1,General Summary 수량 1,ELEMENT NO 9 : ROOF FINISHES,Ceiling Construction,item,B,"Ceiling brandering, 75 x 50 mm members one way set into timber truss and tie members and 50 x 50 mm memebers at 600 centers other way.",지붕,LM,m,359.0,,359.0,359.0,,,,,False,unpriced_source
L2023-00009-1,2019-00005,data/unpacked/L2023-00009-1/2. 입찰서류(영문)/Part 2(░·╛≈┴÷╜├╝¡)/Section 4. Bill of Quantities_unpriced.xlsx,ADMIN BLOCK,169,관리동,1,1,General Summary 수량 1,ELEMENT NO 9 : ROOF FINISHES,Ceiling Construction,item,C,Expanded metal lath ceiling comprising of cement-sand pricking mortar mix (1:3) 2 coats finished with steel float.,지붕,SM,m²,205.0,=D147,205.0,205.0,,,,,False,formula_quantity;unpriced_source
L2023-00009-1,2019-00005,data/unpacked/L2023-00009-1/2. 입찰서류(영문)/Part 2(░·╛≈┴÷╜├╝¡)/Section 4. Bill of Quantities_unpriced.xlsx,ADMIN BLOCK,170,관리동,1,1,General Summary 수량 1,ELEMENT NO 9 : ROOF FINISHES,Cement/lime putty/sand (1:2:9):single layer;-,heading,,Cement/lime putty/sand (1:2:9):single layer;-,지붕,,,,,,,,,,,False,unpriced_source
L2023-00009-1,2019-00005,data/unpacked/L2023-00009-1/2. 입찰서류(영문)/Part 2(░·╛≈┴÷╜├╝¡)/Section 4. Bill of Quantities_unpriced.xlsx,ADMIN BLOCK,171,관리동,1,1,General Summary 수량 1,ELEMENT NO 9 : ROOF FINISHES,Cement/lime putty/sand (1:2:9):single layer;-,item,D,15mm Plaster to : Walls and Concrete surfaces : steel trowelled smooth,지붕,SM,m²,268.0,,268.0,268.0,,,,,False,unpriced_source
L2023-00009-1,2019-00005,data/unpacked/L2023-00009-1/2. 입찰서류(영문)/Part 2(░·╛≈┴÷╜├╝¡)/Section 4. Bill of Quantities_unpriced.xlsx,ADMIN BLOCK,172,관리동,1,1,General Summary 수량 1,ELEMENT NO 9 : ROOF FINISHES,Cement/lime putty/sand (1:2:9):single layer;-,item,E,Ditto : Conice; Cement sand mortar (mix 1:4),지붕,LM,m,83.0,=D150,83.0,83.0,,,,,False,formula_quantity;unpriced_source
L2023-00009-1,2019-00005,data/unpacked/L2023-00009-1/2. 입찰서류(영문)/Part 2(░·╛≈┴÷╜├╝¡)/Section 4. Bill of Quantities_unpriced.xlsx,ADMIN BLOCK,173,관리동,1,1,General Summary 수량 1,ELEMENT NO 9 : ROOF FINISHES,Painting,heading,,Painting,지붕,,,,,,,,,,,False,unpriced_source
L2023-00009-1,2019-00005,data/unpacked/L2023-00009-1/2. 입찰서류(영문)/Part 2(░·╛≈┴÷╜├╝¡)/Section 4. Bill of Quantities_unpriced.xlsx,ADMIN BLOCK,174,관리동,1,1,General Summary 수량 1,ELEMENT NO 9 : ROOF FINISHES,Prepare surfaces: apply three coats vinyl silk soft white emulsion paint: on steel trowelled plaster: to,heading,,Prepare surfaces: apply three coats vinyl silk soft white emulsion paint: on steel trowelled plaster: to,지붕,,,,,,,,,,,False,unpriced_source
L2023-00009-1,2019-00005,data/unpacked/L2023-00009-1/2. 입찰서류(영문)/Part 2(░·╛≈┴÷╜├╝¡)/Section 4. Bill of Quantities_unpriced.xlsx,ADMIN BLOCK,175,관리동,1,1,General Summary 수량 1,ELEMENT NO 9 : ROOF FINISHES,Prepare surfaces: apply three coats vinyl silk soft white emulsion paint: on steel trowelled plaster: to,item,F,Ceiling soffits,지붕,SM,m²,205.0,=D169,205.0,205.0,,,,,False,formula_quantity;unpriced_source
L2023-00009-1,2019-00005,data/unpacked/L2023-00009-1/2. 입찰서류(영문)/Part 2(░·╛≈┴÷╜├╝¡)/Section 4. Bill of Quantities_unpriced.xlsx,ADMIN BLOCK,176,관리동,1,1,General Summary 수량 1,ELEMENT NO 9 : ROOF FINISHES,Prepare surfaces: apply three coats vinyl silk soft white emulsion paint: on steel trowelled plaster: to,total,,TOTAL ELEMENT NO.9 (ROOF FINISHES) CARRIED TO BILL SUMMARY,지붕,,,,,,,,,,,False,unpriced_source
L2023-00009-1,2019-00005,data/unpacked/L2023-00009-1/2. 입찰서류(영문)/Part 2(░·╛≈┴÷╜├╝¡)/Section 4. Bill of Quantities_unpriced.xlsx,ADMIN BLOCK,178,관리동,1,1,General Summary 수량 1,ELEMENT NO.10,,heading,,ELEMENT NO.10,창호·철물,,,,,,,,,,,False,unpriced_source
L2023-00009-1,2019-00005,data/unpacked/L2023-00009-1/2. 입찰서류(영문)/Part 2(░·╛≈┴÷╜├╝¡)/Section 4. Bill of Quantities_unpriced.xlsx,ADMIN BLOCK,179,관리동,1,1,General Summary 수량 1,ELEMENT NO.10,ELECTRICAL INSTALLATIONS,heading,,ELECTRICAL INSTALLATIONS,전기·전력인입,,,,,,,,,,,False,unpriced_source
L2023-00009-1,2019-00005,data/unpacked/L2023-00009-1/2. 입찰서류(영문)/Part 2(░·╛≈┴÷╜├╝¡)/Section 4. Bill of Quantities_unpriced.xlsx,ADMIN BLOCK,180,관리동,1,1,General Summary 수량 1,ELEMENT NO.10,Community Hall & Market Administration Block,heading,,Community Hall & Market Administration Block,창호·철물,,,,,,,,,,,False,unpriced_source
L2023-00009-1,2019-00005,data/unpacked/L2023-00009-1/2. 입찰서류(영문)/Part 2(░·╛≈┴÷╜├╝¡)/Section 4. Bill of Quantities_unpriced.xlsx,ADMIN BLOCK,181,관리동,1,1,General Summary 수량 1,ELEMENT NO.10,Community Hall & Market Administration Block,item,A,"Metalcased and Lockable 100A, 12-Way Low Voltage SPN MCB-type Consumer Unit, c/w 63A DP Mains isolator, SP MCBs, Busbars, and all other accessories",전기·전력인입,NO,no.,1.0,,1.0,1.0,,,,,False,unpriced_source
L2023-00009-1,2019-00005,data/unpacked/L2023-00009-1/2. 입찰서류(영문)/Part 2(░·╛≈┴÷╜├╝¡)/Section 4. Bill of Quantities_unpriced.xlsx,ADMIN BLOCK,182,관리동,1,1,General Summary 수량 1,ELEMENT NO.10,Community Hall & Market Administration Block,item,B,Meter box for UMEME Connection,창호·철물,NO,no.,1.0,,1.0,1.0,,,,,False,unpriced_source
L2023-00009-1,2019-00005,data/unpacked/L2023-00009-1/2. 입찰서류(영문)/Part 2(░·╛≈┴÷╜├╝¡)/Section 4. Bill of Quantities_unpriced.xlsx,ADMIN BLOCK,183,관리동,1,1,General Summary 수량 1,ELEMENT NO.10,Community Hall & Market Administration Block,item,C,Allow for UMEME power connection to the Utility meter box Complete with the meter and all accessories.(PS),창호·철물,Item,item,1.0,,1.0,1.0,,,,,False,unpriced_source
L2023-00009-1,2019-00005,data/unpacked/L2023-00009-1/2. 입찰서류(영문)/Part 2(░·╛≈┴÷╜├╝¡)/Section 4. Bill of Quantities_unpriced.xlsx,ADMIN BLOCK,184,관리동,1,1,General Summary 수량 1,ELEMENT NO.10,Lighting Fittings,heading,,Lighting Fittings,전기·전력인입,,,,,,,,,,,False,unpriced_source
L2023-00009-1,2019-00005,data/unpacked/L2023-00009-1/2. 입찰서류(영문)/Part 2(░·╛≈┴÷╜├╝¡)/Section 4. Bill of Quantities_unpriced.xlsx,ADMIN BLOCK,185,관리동,1,1,General Summary 수량 1,ELEMENT NO.10,Lighting Fittings,item,D,High performance LED panel LED Light Square 6W,전기·전력인입,NO,no.,2.0,,2.0,2.0,,,,,False,unpriced_source
L2023-00009-1,2019-00005,data/unpacked/L2023-00009-1/2. 입찰서류(영문)/Part 2(░·╛≈┴÷╜├╝¡)/Section 4. Bill of Quantities_unpriced.xlsx,ADMIN BLOCK,186,관리동,1,1,General Summary 수량 1,ELEMENT NO.10,Lighting Fittings,item,E,"Fresh and contemporary circular,LED panel light surface mounted round 6W",전기·전력인입,NO,no.,11.0,,11.0,11.0,,,,,False,unpriced_source
L2023-00009-1,2019-00005,data/unpacked/L2023-00009-1/2. 입찰서류(영문)/Part 2(░·╛≈┴÷╜├╝¡)/Section 4. Bill of Quantities_unpriced.xlsx,ADMIN BLOCK,187,관리동,1,1,General Summary 수량 1,ELEMENT NO.10,Lighting Fittings,item,F,Circular Spot Lights,전기·전력인입,NO,no.,6.0,,6.0,6.0,,,,,False,unpriced_source
L2023-00009-1,2019-00005,data/unpacked/L2023-00009-1/2. 입찰서류(영문)/Part 2(░·╛≈┴÷╜├╝¡)/Section 4. Bill of Quantities_unpriced.xlsx,ADMIN BLOCK,188,관리동,1,1,General Summary 수량 1,ELEMENT NO.10,Lighting Fittings,item,G,Security bulkhead with cast aluminium body with glass lens and aluminium louver with 1 x 8W LED lamp,전기·전력인입,NO,no.,7.0,,7.0,7.0,,,,,False,unpriced_source
L2023-00009-1,2019-00005,data/unpacked/L2023-00009-1/2. 입찰서류(영문)/Part 2(░·╛≈┴÷╜├╝¡)/Section 4. Bill of Quantities_unpriced.xlsx,ADMIN BLOCK,189,관리동,1,1,General Summary 수량 1,ELEMENT NO.10,Lighting Fittings,item,H,1 x 18W 1200mm LED single surface mounted batten and all accessories,전기·전력인입,NO,no.,14.0,,14.0,14.0,,,,,False,unpriced_source
L2023-00009-1,2019-00005,data/unpacked/L2023-00009-1/2. 입찰서류(영문)/Part 2(░·╛≈┴÷╜├╝¡)/Section 4. Bill of Quantities_unpriced.xlsx,ADMIN BLOCK,190,관리동,1,1,General Summary 수량 1,ELEMENT NO.10,"Switches, Sockets & Wiring Accessories",heading,,"Switches, Sockets & Wiring Accessories",전기·전력인입,,,,,,,,,,,False,unpriced_source
L2023-00009-1,2019-00005,data/unpacked/L2023-00009-1/2. 입찰서류(영문)/Part 2(░·╛≈┴÷╜├╝¡)/Section 4. Bill of Quantities_unpriced.xlsx,ADMIN BLOCK,191,관리동,1,1,General Summary 수량 1,ELEMENT NO.10,"Switches, Sockets & Wiring Accessories",item,I,"6A/240V 1-Gang 2-Way switches c/w flush mounting box, and accessories",전기·전력인입,NO,no.,5.0,,5.0,5.0,,,,,False,unpriced_source
L2023-00009-1,2019-00005,data/unpacked/L2023-00009-1/2. 입찰서류(영문)/Part 2(░·╛≈┴÷╜├╝¡)/Section 4. Bill of Quantities_unpriced.xlsx,ADMIN BLOCK,192,관리동,1,1,General Summary 수량 1,ELEMENT NO.10,"Switches, Sockets & Wiring Accessories",item,J,"6A/240V 2-Gang 2-Way witches c/w flush mounting box, and accessories",전기·전력인입,NO,no.,1.0,,1.0,1.0,,,,,False,unpriced_source
L2023-00009-1,2019-00005,data/unpacked/L2023-00009-1/2. 입찰서류(영문)/Part 2(░·╛≈┴÷╜├╝¡)/Section 4. Bill of Quantities_unpriced.xlsx,ADMIN BLOCK,193,관리동,1,1,General Summary 수량 1,ELEMENT NO.10,"Switches, Sockets & Wiring Accessories",item,K,"6A/240V 3-Gang 2 way witches c/w flush mounting box, and accessories",전기·전력인입,NO,no.,1.0,,1.0,1.0,,,,,False,unpriced_source
L2023-00009-1,2019-00005,data/unpacked/L2023-00009-1/2. 입찰서류(영문)/Part 2(░·╛≈┴÷╜├╝¡)/Section 4. Bill of Quantities_unpriced.xlsx,ADMIN BLOCK,194,관리동,1,1,General Summary 수량 1,ELEMENT NO.10,"Switches, Sockets & Wiring Accessories",item,L,13A SP 2-Gang plate switched socket outlets c/w neon indicator and flush mounting box,전기·전력인입,NO,no.,20.0,,20.0,20.0,,,,,False,unpriced_source
L2023-00009-1,2019-00005,data/unpacked/L2023-00009-1/2. 입찰서류(영문)/Part 2(░·╛≈┴÷╜├╝¡)/Section 4. Bill of Quantities_unpriced.xlsx,ADMIN BLOCK,195,관리동,1,1,General Summary 수량 1,ELEMENT NO.10,Wiring,heading,,Wiring,전기·전력인입,,,,,,,,,,,False,unpriced_source
L2023-00009-1,2019-00005,data/unpacked/L2023-00009-1/2. 입찰서류(영문)/Part 2(░·╛≈┴÷╜├╝¡)/Section 4. Bill of Quantities_unpriced.xlsx,ADMIN BLOCK,196,관리동,1,1,General Summary 수량 1,ELEMENT NO.10,MAINS POWER SUPPLY AND CONNECTION,heading,,MAINS POWER SUPPLY AND CONNECTION,창호·철물,,,,,,,,,,,False,unpriced_source
L2023-00009-1,2019-00005,data/unpacked/L2023-00009-1/2. 입찰서류(영문)/Part 2(░·╛≈┴÷╜├╝¡)/Section 4. Bill of Quantities_unpriced.xlsx,ADMIN BLOCK,197,관리동,1,1,General Summary 수량 1,ELEMENT NO.10,MAINS POWER SUPPLY AND CONNECTION,item,M,Earthing by 16mm2 stranded bare copper cable complete with all accessories,전기·전력인입,m,m,10.0,,10.0,10.0,,,,,False,unpriced_source
L2023-00009-1,2019-00005,data/unpacked/L2023-00009-1/2. 입찰서류(영문)/Part 2(░·╛≈┴÷╜├╝¡)/Section 4. Bill of Quantities_unpriced.xlsx,ADMIN BLOCK,198,관리동,1,1,General Summary 수량 1,ELEMENT NO.10,MAINS POWER SUPPLY AND CONNECTION,item,N,Earth Electrodes made from hard drawn copper weld complete with cap earth clamp manjole and complete with all accessories,창호·철물,Item,item,1.0,,1.0,1.0,,,,,False,unpriced_source
L2023-00009-1,2019-00005,data/unpacked/L2023-00009-1/2. 입찰서류(영문)/Part 2(░·╛≈┴÷╜├╝¡)/Section 4. Bill of Quantities_unpriced.xlsx,ADMIN BLOCK,199,관리동,1,1,General Summary 수량 1,ELEMENT NO.10,MAINS POWER SUPPLY AND CONNECTION,item,O,3 x 16mm sq PVC single core cables wired from the utility meter to the consumer unit through 32mm PVC conduits,전기·전력인입,LM,m,15.0,,15.0,15.0,,,,,False,unpriced_source
L2023-00009-1,2019-00005,data/unpacked/L2023-00009-1/2. 입찰서류(영문)/Part 2(░·╛≈┴÷╜├╝¡)/Section 4. Bill of Quantities_unpriced.xlsx,ADMIN BLOCK,200,관리동,1,1,General Summary 수량 1,ELEMENT NO.10,Lighting points,heading,,Lighting points,전기·전력인입,,,,,,,,,,,False,unpriced_source
L2023-00009-1,2019-00005,data/unpacked/L2023-00009-1/2. 입찰서류(영문)/Part 2(░·╛≈┴÷╜├╝¡)/Section 4. Bill of Quantities_unpriced.xlsx,ADMIN BLOCK,201,관리동,1,1,General Summary 수량 1,ELEMENT NO.10,Lighting points,item,P,"All wiring of lighting points are to be connected complete and ready from 10A SP miniature circuit breakers on Consumer unit, using 1.5mm sq. PVC-Insulated single core copper cables drawn in PVC flush installed conduits, through switches, and as per drawings",전기·전력인입,NO,no.,18.0,,18.0,18.0,,,,,False,unpriced_source
L2023-00009-1,2019-00005,data/unpacked/L2023-00009-1/2. 입찰서류(영문)/Part 2(░·╛≈┴÷╜├╝¡)/Section 4. Bill of Quantities_unpriced.xlsx,ADMIN BLOCK,202,관리동,1,1,General Summary 수량 1,ELEMENT NO.10,Power points,heading,,Power points,창호·철물,,,,,,,,,,,False,unpriced_source
L2023-00009-1,2019-00005,data/unpacked/L2023-00009-1/2. 입찰서류(영문)/Part 2(░·╛≈┴÷╜├╝¡)/Section 4. Bill of Quantities_unpriced.xlsx,ADMIN BLOCK,203,관리동,1,1,General Summary 수량 1,ELEMENT NO.10,Power points,item,Q,"All wiring of all power points are to be connected complete and ready from 32A SP miniature circuit breakers of the respective Consumer Unit using 2.5mm sq. PVC-Insulated single core copper cables in ring circuit, drawn in PVC flush installed conduits, as per drawings",전기·전력인입,NO,no.,15.0,,15.0,15.0,,,,,False,unpriced_source
L2023-00009-1,2019-00005,data/unpacked/L2023-00009-1/2. 입찰서류(영문)/Part 2(░·╛≈┴÷╜├╝¡)/Section 4. Bill of Quantities_unpriced.xlsx,ADMIN BLOCK,204,관리동,1,1,General Summary 수량 1,ELEMENT NO.10,Power points,item,R,"24-Hour photocell for Security Lights, as to Zodion",전기·전력인입,NO,no.,1.0,,1.0,1.0,,,,,False,unpriced_source
L2023-00009-1,2019-00005,data/unpacked/L2023-00009-1/2. 입찰서류(영문)/Part 2(░·╛≈┴÷╜├╝¡)/Section 4. Bill of Quantities_unpriced.xlsx,ADMIN BLOCK,205,관리동,1,1,General Summary 수량 1,ELEMENT NO.10,Low Voltage System Earthing,heading,,Low Voltage System Earthing,창호·철물,,,,,,,,,,,False,unpriced_source
L2023-00009-1,2019-00005,data/unpacked/L2023-00009-1/2. 입찰서류(영문)/Part 2(░·╛≈┴÷╜├╝¡)/Section 4. Bill of Quantities_unpriced.xlsx,ADMIN BLOCK,206,관리동,1,1,General Summary 수량 1,ELEMENT NO.10,Low Voltage System Earthing,item,S,Earth the Low Voltage System so as to achieve a final earth resistance value of not more than 1.0 Ohm and as per IEE Regulations and Code of Practice,창호·철물,ITEM,item,1.0,,1.0,1.0,,,,,False,unpriced_source
L2023-00009-1,2019-00005,data/unpacked/L2023-00009-1/2. 입찰서류(영문)/Part 2(░·╛≈┴÷╜├╝¡)/Section 4. Bill of Quantities_unpriced.xlsx,ADMIN BLOCK,207,관리동,1,1,General Summary 수량 1,ELEMENT NO.10,Low Voltage System Earthing,item,T,Supply and Install a 8x8 Adaptable Box for Power extension,창호·철물,NO,no.,1.0,,1.0,1.0,,,,,False,unpriced_source
L2023-00009-1,2019-00005,data/unpacked/L2023-00009-1/2. 입찰서류(영문)/Part 2(░·╛≈┴÷╜├╝¡)/Section 4. Bill of Quantities_unpriced.xlsx,ADMIN BLOCK,208,관리동,1,1,General Summary 수량 1,ELEMENT NO.10,LIGHTNING PROTECTION SCHEME,heading,,LIGHTNING PROTECTION SCHEME,전기·전력인입,,,,,,,,,,,False,unpriced_source
L2023-00009-1,2019-00005,data/unpacked/L2023-00009-1/2. 입찰서류(영문)/Part 2(░·╛≈┴÷╜├╝¡)/Section 4. Bill of Quantities_unpriced.xlsx,ADMIN BLOCK,209,관리동,1,1,General Summary 수량 1,ELEMENT NO.10,"All items are to be supplied and installed complete with all the required mounting, fixing, clipping, testing, connecting accessories, connected, tested and commissioned to the satisfaction of the Electrical Engineer.",heading,,"All items are to be supplied and installed complete with all the required mounting, fixing, clipping, testing, connecting accessories, connected, tested and commissioned to the satisfaction of the Electrical Engineer.",전기·전력인입,,,,,,,,,,,False,unpriced_source
L2023-00009-1,2019-00005,data/unpacked/L2023-00009-1/2. 입찰서류(영문)/Part 2(░·╛≈┴÷╜├╝¡)/Section 4. Bill of Quantities_unpriced.xlsx,ADMIN BLOCK,211,관리동,1,1,General Summary 수량 1,ELEMENT NO.10,"All items are to be supplied and installed complete with all the required mounting, fixing, clipping, testing, connecting accessories, connected, tested and commissioned to the satisfaction of the Electrical Engineer.",item,U,"25mm x 3mm copper tape as to FURSE manufacture, or approved equivalent.",전기·전력인입,LM,m,24.0,,24.0,24.0,,,,,False,unpriced_source
L2023-00009-1,2019-00005,data/unpacked/L2023-00009-1/2. 입찰서류(영문)/Part 2(░·╛≈┴÷╜├╝¡)/Section 4. Bill of Quantities_unpriced.xlsx,ADMIN BLOCK,212,관리동,1,1,General Summary 수량 1,ELEMENT NO.10,"All items are to be supplied and installed complete with all the required mounting, fixing, clipping, testing, connecting accessories, connected, tested and commissioned to the satisfaction of the Electrical Engineer.",item,V,"25mm x 3mm copper square test clamp, as to FURSE Cat.No. CT 105, or approved equivalent.",전기·전력인입,NO,no.,2.0,,2.0,2.0,,,,,False,unpriced_source
L2023-00009-1,2019-00005,data/unpacked/L2023-00009-1/2. 입찰서류(영문)/Part 2(░·╛≈┴÷╜├╝¡)/Section 4. Bill of Quantities_unpriced.xlsx,ADMIN BLOCK,213,관리동,1,1,General Summary 수량 1,ELEMENT NO.10,"All items are to be supplied and installed complete with all the required mounting, fixing, clipping, testing, connecting accessories, connected, tested and commissioned to the satisfaction of the Electrical Engineer.",item,W,"2000mm x 15mm air rod, as to FURSE Cat. No. RA 240 c/w multiple point, as to FURSE Cat. No. RA 600, air terminal base, as to FURSE Cat. No. SD 105, and ridge saddle, as to FURSE Cat. No. SD 115, or approved equivalent.",전기·전력인입,NO,no.,1.0,,1.0,1.0,,,,,False,unpriced_source
L2023-00009-1,2019-00005,data/unpacked/L2023-00009-1/2. 입찰서류(영문)/Part 2(░·╛≈┴÷╜├╝¡)/Section 4. Bill of Quantities_unpriced.xlsx,ADMIN BLOCK,214,관리동,1,1,General Summary 수량 1,ELEMENT NO.10,"All items are to be supplied and installed complete with all the required mounting, fixing, clipping, testing, connecting accessories, connected, tested and commissioned to the satisfaction of the Electrical Engineer.",item,X,25mm x 3mm tape clip as FURSE cat CP210,전기·전력인입,pkts,pkt,8.0,,8.0,8.0,,,,,False,unpriced_source
L2023-00009-1,2019-00005,data/unpacked/L2023-00009-1/2. 입찰서류(영문)/Part 2(░·╛≈┴÷╜├╝¡)/Section 4. Bill of Quantities_unpriced.xlsx,ADMIN BLOCK,215,관리동,1,1,General Summary 수량 1,ELEMENT NO.10,"All items are to be supplied and installed complete with all the required mounting, fixing, clipping, testing, connecting accessories, connected, tested and commissioned to the satisfaction of the Electrical Engineer.",item,Y,"1200mm x 20mm solid copper earth rod, as to FURSE Cat.No. RC 015, and 600x600 earth mat complete with driving stud and coupler, and accessories.",전기·전력인입,NO,no.,1.0,,1.0,1.0,,,,,False,unpriced_source
L2023-00009-1,2019-00005,data/unpacked/L2023-00009-1/2. 입찰서류(영문)/Part 2(░·╛≈┴÷╜├╝¡)/Section 4. Bill of Quantities_unpriced.xlsx,ADMIN BLOCK,216,관리동,1,1,General Summary 수량 1,ELEMENT NO.10,"All items are to be supplied and installed complete with all the required mounting, fixing, clipping, testing, connecting accessories, connected, tested and commissioned to the satisfaction of the Electrical Engineer.",item,Z,"Concrete inspection chamber, as to FURSE Cat. No. PT005 or approved equivalent.",전기·전력인입,NO,no.,2.0,,2.0,2.0,,,,,False,unpriced_source
L2023-00009-1,2019-00005,data/unpacked/L2023-00009-1/2. 입찰서류(영문)/Part 2(░·╛≈┴÷╜├╝¡)/Section 4. Bill of Quantities_unpriced.xlsx,ADMIN BLOCK,217,관리동,1,1,General Summary 수량 1,ELEMENT NO.10,"All items are to be supplied and installed complete with all the required mounting, fixing, clipping, testing, connecting accessories, connected, tested and commissioned to the satisfaction of the Electrical Engineer.",item,AA,"Allow for testing and improving of earth resistance like charcoal, and all accessories required to achieve an earth resistance of 5 Ohms",전기·전력인입,ITEM,item,1.0,,1.0,1.0,,,,,False,unpriced_source
L2023-00009-1,2019-00005,data/unpacked/L2023-00009-1/2. 입찰서류(영문)/Part 2(░·╛≈┴÷╜├╝¡)/Section 4. Bill of Quantities_unpriced.xlsx,ADMIN BLOCK,218,관리동,1,1,General Summary 수량 1,ELEMENT NO.10,"All items are to be supplied and installed complete with all the required mounting, fixing, clipping, testing, connecting accessories, connected, tested and commissioned to the satisfaction of the Electrical Engineer.",total,,Total - Community and Market Admin Block - Carried to Collection,전기·전력인입,,,,,,,,,,,False,unpriced_source
L2023-00009-1,2019-00005,data/unpacked/L2023-00009-1/2. 입찰서류(영문)/Part 2(░·╛≈┴÷╜├╝¡)/Section 4. Bill of Quantities_unpriced.xlsx,ADMIN BLOCK,220,관리동,1,1,General Summary 수량 1,ELEMENT NO.11,,heading,,ELEMENT NO.11,창호·철물,,,,,,,,,,,False,unpriced_source
L2023-00009-1,2019-00005,data/unpacked/L2023-00009-1/2. 입찰서류(영문)/Part 2(░·╛≈┴÷╜├╝¡)/Section 4. Bill of Quantities_unpriced.xlsx,ADMIN BLOCK,221,관리동,1,1,General Summary 수량 1,ELEMENT NO.11,MECHANICAL INSTALLATIONS,heading,,MECHANICAL INSTALLATIONS,창호·철물,,,,,,,,,,,False,unpriced_source
L2023-00009-1,2019-00005,data/unpacked/L2023-00009-1/2. 입찰서류(영문)/Part 2(░·╛≈┴÷╜├╝¡)/Section 4. Bill of Quantities_unpriced.xlsx,ADMIN BLOCK,222,관리동,1,1,General Summary 수량 1,ELEMENT NO.11,Drainage,heading,,Drainage,급배수·위생,,,,,,,,,,,False,unpriced_source
L2023-00009-1,2019-00005,data/unpacked/L2023-00009-1/2. 입찰서류(영문)/Part 2(░·╛≈┴÷╜├╝¡)/Section 4. Bill of Quantities_unpriced.xlsx,ADMIN BLOCK,223,관리동,1,1,General Summary 수량 1,ELEMENT NO.11,Drainage,item,A,PVC Gully Trap,급배수·위생,No,no.,1.0,,1.0,1.0,,,,,False,unpriced_source
L2023-00009-1,2019-00005,data/unpacked/L2023-00009-1/2. 입찰서류(영문)/Part 2(░·╛≈┴÷╜├╝¡)/Section 4. Bill of Quantities_unpriced.xlsx,ADMIN BLOCK,224,관리동,1,1,General Summary 수량 1,ELEMENT NO.11,Drainage,item,B,Floor Trap as ARMITAGE SHANKS complete with all accessories,급배수·위생,No,no.,1.0,,1.0,1.0,,,,,False,unpriced_source
L2023-00009-1,2019-00005,data/unpacked/L2023-00009-1/2. 입찰서류(영문)/Part 2(░·╛≈┴÷╜├╝¡)/Section 4. Bill of Quantities_unpriced.xlsx,ADMIN BLOCK,225,관리동,1,1,General Summary 수량 1,ELEMENT NO.11,Drainage,item,C,"Manhole 450 x 600mm in masonry brickwork, rendered smooth inside complete with benching, heavy duty manhole cover made out of concrete and angles and all accessories.",급배수·위생,No,no.,2.0,,2.0,2.0,,,,,False,unpriced_source
L2023-00009-1,2019-00005,data/unpacked/L2023-00009-1/2. 입찰서류(영문)/Part 2(░·╛≈┴÷╜├╝¡)/Section 4. Bill of Quantities_unpriced.xlsx,ADMIN BLOCK,226,관리동,1,1,General Summary 수량 1,ELEMENT NO.11,Drainage,item,D,"110mm PVC heavy gauge pipework buried in the ground to a fall of 1:60 complete with excavations, bedding, backfilling and all accessories.",급배수·위생,LM,m,10.0,,10.0,10.0,,,,,False,unpriced_source
L2023-00009-1,2019-00005,data/unpacked/L2023-00009-1/2. 입찰서류(영문)/Part 2(░·╛≈┴÷╜├╝¡)/Section 4. Bill of Quantities_unpriced.xlsx,ADMIN BLOCK,227,관리동,1,1,General Summary 수량 1,ELEMENT NO.11,Drainage,item,E,"Wash hand basin with half pedestal complete with one center tap hole, white in color, wall bolts& brackets, Flexible tube 450mm long complete, 32mm chrome plated bottle trap, wall bolts, and 1/2"" Lever action pillar tap with chrome plated handles, 11/4"" chrome plated waste.",급배수·위생,No,no.,1.0,,1.0,1.0,,,,,False,unpriced_source
L2023-00009-1,2019-00005,data/unpacked/L2023-00009-1/2. 입찰서류(영문)/Part 2(░·╛≈┴÷╜├╝¡)/Section 4. Bill of Quantities_unpriced.xlsx,ADMIN BLOCK,228,관리동,1,1,General Summary 수량 1,ELEMENT NO.11,Drainage,item,F,Wall mounted stainless steel toilet roll holder,급배수·위생,No,no.,1.0,,1.0,1.0,,,,,False,unpriced_source
L2023-00009-1,2019-00005,data/unpacked/L2023-00009-1/2. 입찰서류(영문)/Part 2(░·╛≈┴÷╜├╝¡)/Section 4. Bill of Quantities_unpriced.xlsx,ADMIN BLOCK,229,관리동,1,1,General Summary 수량 1,ELEMENT NO.11,Drainage,item,G,Stainless steel double coat Hooks,급배수·위생,No,no.,1.0,,1.0,1.0,,,,,False,unpriced_source
L2023-00009-1,2019-00005,data/unpacked/L2023-00009-1/2. 입찰서류(영문)/Part 2(░·╛≈┴÷╜├╝¡)/Section 4. Bill of Quantities_unpriced.xlsx,ADMIN BLOCK,230,관리동,1,1,General Summary 수량 1,ELEMENT NO.11,Drainage,item,H,"White glazed vitreous china back to wall, top inlet, 'P' or 'S' trap WC bowl to BS 3402 complete with heavy duty seat and cover with steel hinges",급배수·위생,No,no.,1.0,,1.0,1.0,,,,,False,unpriced_source
L2023-00009-1,2019-00005,data/unpacked/L2023-00009-1/2. 입찰서류(영문)/Part 2(░·╛≈┴÷╜├╝¡)/Section 4. Bill of Quantities_unpriced.xlsx,ADMIN BLOCK,231,관리동,1,1,General Summary 수량 1,ELEMENT NO.11,Drainage,item,I,Wall mirrors 600 x 400mm with bevelled edges polished with chrome plated dome shaped screws,급배수·위생,No,no.,1.0,,1.0,1.0,,,,,False,unpriced_source
L2023-00009-1,2019-00005,data/unpacked/L2023-00009-1/2. 입찰서류(영문)/Part 2(░·╛≈┴÷╜├╝¡)/Section 4. Bill of Quantities_unpriced.xlsx,ADMIN BLOCK,232,관리동,1,1,General Summary 수량 1,ELEMENT NO.11,"All pipe work shall be completed with fittings such as bends elbows, tees and all accessories and shall be inclusive of all builder's work.",heading,,"All pipe work shall be completed with fittings such as bends elbows, tees and all accessories and shall be inclusive of all builder's work.",급배수·위생,,,,,,,,,,,False,unpriced_source
L2023-00009-1,2019-00005,data/unpacked/L2023-00009-1/2. 입찰서류(영문)/Part 2(░·╛≈┴÷╜├╝¡)/Section 4. Bill of Quantities_unpriced.xlsx,ADMIN BLOCK,233,관리동,1,1,General Summary 수량 1,ELEMENT NO.11,PIPE WORK,heading,,PIPE WORK,급배수·위생,,,,,,,,,,,False,unpriced_source
L2023-00009-1,2019-00005,data/unpacked/L2023-00009-1/2. 입찰서류(영문)/Part 2(░·╛≈┴÷╜├╝¡)/Section 4. Bill of Quantities_unpriced.xlsx,ADMIN BLOCK,234,관리동,1,1,General Summary 수량 1,ELEMENT NO.11,PIPE WORK,item,J,25mm PPR cold water Pipe work complete.,급배수·위생,m,m,12.0,,12.0,12.0,,,,,False,unpriced_source
L2023-00009-1,2019-00005,data/unpacked/L2023-00009-1/2. 입찰서류(영문)/Part 2(░·╛≈┴÷╜├╝¡)/Section 4. Bill of Quantities_unpriced.xlsx,ADMIN BLOCK,235,관리동,1,1,General Summary 수량 1,ELEMENT NO.11,PIPE WORK,item,K,20mm PPR cold water Pipe work complete.,급배수·위생,m,m,3.0,,3.0,3.0,,,,,False,unpriced_source
L2023-00009-1,2019-00005,data/unpacked/L2023-00009-1/2. 입찰서류(영문)/Part 2(░·╛≈┴÷╜├╝¡)/Section 4. Bill of Quantities_unpriced.xlsx,ADMIN BLOCK,236,관리동,1,1,General Summary 수량 1,ELEMENT NO.11,PIPE WORK,item,L,25mm gate valves,급배수·위생,m,m,1.0,,1.0,1.0,,,,,False,unpriced_source
L2023-00009-1,2019-00005,data/unpacked/L2023-00009-1/2. 입찰서류(영문)/Part 2(░·╛≈┴÷╜├╝¡)/Section 4. Bill of Quantities_unpriced.xlsx,ADMIN BLOCK,237,관리동,1,1,General Summary 수량 1,ELEMENT NO.11,PIPE WORK,item,M,20mm angle valves,급배수·위생,m,m,1.0,,1.0,1.0,,,,,False,unpriced_source
L2023-00009-1,2019-00005,data/unpacked/L2023-00009-1/2. 입찰서류(영문)/Part 2(░·╛≈┴÷╜├╝¡)/Section 4. Bill of Quantities_unpriced.xlsx,ADMIN BLOCK,238,관리동,1,1,General Summary 수량 1,ELEMENT NO.11,PIPE WORK,total,,Total Mechanical Installations,급배수·위생,,,,,,,,,,,False,unpriced_source
L2023-00009-1,2019-00005,data/unpacked/L2023-00009-1/2. 입찰서류(영문)/Part 2(░·╛≈┴÷╜├╝¡)/Section 4. Bill of Quantities_unpriced.xlsx,MARKET SHED.,4,여성친화형 시장 쉼터,5,6,"세부시트는 1동, General Summary는 5동이나 재공고 전기공종 제목은 6동을 명시하여 범위 확인 필요",ELEMENT NO.1,,heading,,ELEMENT NO.1,기타,,,,,,,,,,,False,unpriced_source
L2023-00009-1,2019-00005,data/unpacked/L2023-00009-1/2. 입찰서류(영문)/Part 2(░·╛≈┴÷╜├╝¡)/Section 4. Bill of Quantities_unpriced.xlsx,MARKET SHED.,5,여성친화형 시장 쉼터,5,6,"세부시트는 1동, General Summary는 5동이나 재공고 전기공종 제목은 6동을 명시하여 범위 확인 필요",ELEMENT NO.1,SUBSTRUCTURE,heading,,SUBSTRUCTURE,토공·기초,,,,,,,,,,,False,unpriced_source
L2023-00009-1,2019-00005,data/unpacked/L2023-00009-1/2. 입찰서류(영문)/Part 2(░·╛≈┴÷╜├╝¡)/Section 4. Bill of Quantities_unpriced.xlsx,MARKET SHED.,6,여성친화형 시장 쉼터,5,6,"세부시트는 1동, General Summary는 5동이나 재공고 전기공종 제목은 6동을 명시하여 범위 확인 필요",ELEMENT NO.1,SUBSTRUCTURE,item,A,Excavate oversite average 200mm deep to remove vegetable top soil; spread and level on site as directed,토공·기초,SM,m²,0.0,,0.0,0.0,,,,,False,zero_quantity_check_formula_or_design;scope_multiplier_applied_for_scenario;scope_multiplier_conflict;unpriced_source
L2023-00009-1,2019-00005,data/unpacked/L2023-00009-1/2. 입찰서류(영문)/Part 2(░·╛≈┴÷╜├╝¡)/Section 4. Bill of Quantities_unpriced.xlsx,MARKET SHED.,7,여성친화형 시장 쉼터,5,6,"세부시트는 1동, General Summary는 5동이나 재공고 전기공종 제목은 6동을 명시하여 범위 확인 필요",ELEMENT NO.1,SUBSTRUCTURE,item,B,Mass excavation to reduce levels commencing from stripped level,토공·기초,CM,m³,0.0,,0.0,0.0,,,,,False,zero_quantity_check_formula_or_design;scope_multiplier_applied_for_scenario;scope_multiplier_conflict;unpriced_source
L2023-00009-1,2019-00005,data/unpacked/L2023-00009-1/2. 입찰서류(영문)/Part 2(░·╛≈┴÷╜├╝¡)/Section 4. Bill of Quantities_unpriced.xlsx,MARKET SHED.,8,여성친화형 시장 쉼터,5,6,"세부시트는 1동, General Summary는 5동이나 재공고 전기공종 제목은 6동을 명시하여 범위 확인 필요",ELEMENT NO.1,SUBSTRUCTURE,item,C,Excavate for foundation trench not exceeding 1.5 meters deep from reduced level.,토공·기초,CM,m³,8.19,=1.3*0.6*1.5*7,40.949999999999996,49.14,,,,,False,formula_quantity;scope_multiplier_applied_for_scenario;scope_multiplier_conflict;unpriced_source
L2023-00009-1,2019-00005,data/unpacked/L2023-00009-1/2. 입찰서류(영문)/Part 2(░·╛≈┴÷╜├╝¡)/Section 4. Bill of Quantities_unpriced.xlsx,MARKET SHED.,9,여성친화형 시장 쉼터,5,6,"세부시트는 1동, General Summary는 5동이나 재공고 전기공종 제목은 6동을 명시하여 범위 확인 필요",ELEMENT NO.1,SUBSTRUCTURE,item,D,Return fill and ram selected excavated material around foundations.,토공·기초,CM,m³,1.1899999999999995,=D8-D18-D29*0.2,5.9499999999999975,7.139999999999997,,,,,False,formula_quantity;scope_multiplier_applied_for_scenario;scope_multiplier_conflict;unpriced_source
L2023-00009-1,2019-00005,data/unpacked/L2023-00009-1/2. 입찰서류(영문)/Part 2(░·╛≈┴÷╜├╝¡)/Section 4. Bill of Quantities_unpriced.xlsx,MARKET SHED.,10,여성친화형 시장 쉼터,5,6,"세부시트는 1동, General Summary는 5동이나 재공고 전기공종 제목은 6동을 명시하여 범위 확인 필요",ELEMENT NO.1,SUBSTRUCTURE,item,E,Load and cart away surplus excavated material from site.,토공·기초,CM,m³,13.0,,65.0,78.0,,,,,False,scope_multiplier_applied_for_scenario;scope_multiplier_conflict;unpriced_source
L2023-00009-1,2019-00005,data/unpacked/L2023-00009-1/2. 입찰서류(영문)/Part 2(░·╛≈┴÷╜├╝¡)/Section 4. Bill of Quantities_unpriced.xlsx,MARKET SHED.,11,여성친화형 시장 쉼터,5,6,"세부시트는 1동, General Summary는 5동이나 재공고 전기공종 제목은 6동을 명시하여 범위 확인 필요",ELEMENT NO.1,SUBSTRUCTURE,item,F,Approved marrum fill to make up levels; well rolled and compacted to 95% MDD to Engineer's approval,토공·기초,CM,m³,13.0,,65.0,78.0,,,,,False,scope_multiplier_applied_for_scenario;scope_multiplier_conflict;unpriced_source
L2023-00009-1,2019-00005,data/unpacked/L2023-00009-1/2. 입찰서류(영문)/Part 2(░·╛≈┴÷╜├╝¡)/Section 4. Bill of Quantities_unpriced.xlsx,MARKET SHED.,12,여성친화형 시장 쉼터,5,6,"세부시트는 1동, General Summary는 5동이나 재공고 전기공종 제목은 6동을 명시하여 범위 확인 필요",ELEMENT NO.1,SUBSTRUCTURE,item,G,"200mm Thick bed of hand packed stone base, well rolled and compacted.",토공·기초,SM,m²,40.8,=3.4*2*6,204.0,244.79999999999998,,,,,False,formula_quantity;scope_multiplier_applied_for_scenario;scope_multiplier_conflict;unpriced_source
L2023-00009-1,2019-00005,data/unpacked/L2023-00009-1/2. 입찰서류(영문)/Part 2(░·╛≈┴÷╜├╝¡)/Section 4. Bill of Quantities_unpriced.xlsx,MARKET SHED.,13,여성친화형 시장 쉼터,5,6,"세부시트는 1동, General Summary는 5동이나 재공고 전기공종 제목은 6동을 명시하여 범위 확인 필요",ELEMENT NO.1,SUBSTRUCTURE,item,H,"Insecticide treatment to surfaces of hardcore, top of foundation walling, bottom and sides of excavation.",조적,SM,m²,73.56,=1.3*3.6*7+D12,367.8,441.36,,,,,False,formula_quantity;scope_multiplier_applied_for_scenario;scope_multiplier_conflict;unpriced_source
L2023-00009-1,2019-00005,data/unpacked/L2023-00009-1/2. 입찰서류(영문)/Part 2(░·╛≈┴÷╜├╝¡)/Section 4. Bill of Quantities_unpriced.xlsx,MARKET SHED.,14,여성친화형 시장 쉼터,5,6,"세부시트는 1동, General Summary는 5동이나 재공고 전기공종 제목은 6동을 명시하여 범위 확인 필요",ELEMENT NO.1,COARSE SAND: in,heading,,COARSE SAND: in,기타,,,,,,,,,,,False,unpriced_source
L2023-00009-1,2019-00005,data/unpacked/L2023-00009-1/2. 입찰서류(영문)/Part 2(░·╛≈┴÷╜├╝¡)/Section 4. Bill of Quantities_unpriced.xlsx,MARKET SHED.,15,여성친화형 시장 쉼터,5,6,"세부시트는 1동, General Summary는 5동이나 재공고 전기공종 제목은 6동을 명시하여 범위 확인 필요",ELEMENT NO.1,COARSE SAND: in,item,I,50mm thick blinding over surfaces of hardcore,토공·기초,SM,m²,40.8,=D12,204.0,244.79999999999998,,,,,False,formula_quantity;scope_multiplier_applied_for_scenario;scope_multiplier_conflict;unpriced_source
L2023-00009-1,2019-00005,data/unpacked/L2023-00009-1/2. 입찰서류(영문)/Part 2(░·╛≈┴÷╜├╝¡)/Section 4. Bill of Quantities_unpriced.xlsx,MARKET SHED.,16,여성친화형 시장 쉼터,5,6,"세부시트는 1동, General Summary는 5동이나 재공고 전기공종 제목은 6동을 명시하여 범위 확인 필요",ELEMENT NO.1,CONCRETE WORK,heading,,CONCRETE WORK,콘크리트·철근·거푸집,,,,,,,,,,,False,unpriced_source
L2023-00009-1,2019-00005,data/unpacked/L2023-00009-1/2. 입찰서류(영문)/Part 2(░·╛≈┴÷╜├╝¡)/Section 4. Bill of Quantities_unpriced.xlsx,MARKET SHED.,17,여성친화형 시장 쉼터,5,6,"세부시트는 1동, General Summary는 5동이나 재공고 전기공종 제목은 6동을 명시하여 범위 확인 필요",ELEMENT NO.1,VIBRATED MASS CONCRETE CLASS 20; 20mm AGGREGATE : in,heading,,VIBRATED MASS CONCRETE CLASS 20; 20mm AGGREGATE : in,콘크리트·철근·거푸집,,,,,,,,,,,False,unpriced_source
L2023-00009-1,2019-00005,data/unpacked/L2023-00009-1/2. 입찰서류(영문)/Part 2(░·╛≈┴÷╜├╝¡)/Section 4. Bill of Quantities_unpriced.xlsx,MARKET SHED.,18,여성친화형 시장 쉼터,5,6,"세부시트는 1동, General Summary는 5동이나 재공고 전기공종 제목은 6동을 명시하여 범위 확인 필요",ELEMENT NO.1,VIBRATED MASS CONCRETE CLASS 20; 20mm AGGREGATE : in,item,J,Strip foundations,콘크리트·철근·거푸집,CM,m³,1.0,,5.0,6.0,,,,,False,scope_multiplier_applied_for_scenario;scope_multiplier_conflict;unpriced_source
L2023-00009-1,2019-00005,data/unpacked/L2023-00009-1/2. 입찰서류(영문)/Part 2(░·╛≈┴÷╜├╝¡)/Section 4. Bill of Quantities_unpriced.xlsx,MARKET SHED.,19,여성친화형 시장 쉼터,5,6,"세부시트는 1동, General Summary는 5동이나 재공고 전기공종 제목은 6동을 명시하여 범위 확인 필요",ELEMENT NO.1,VIBRATED REINFORCED CONCRETE CLASS 30; 20mm AGGREGATE : in,heading,,VIBRATED REINFORCED CONCRETE CLASS 30; 20mm AGGREGATE : in,콘크리트·철근·거푸집,,,,,,,,,,,False,unpriced_source
L2023-00009-1,2019-00005,data/unpacked/L2023-00009-1/2. 입찰서류(영문)/Part 2(░·╛≈┴÷╜├╝¡)/Section 4. Bill of Quantities_unpriced.xlsx,MARKET SHED.,20,여성친화형 시장 쉼터,5,6,"세부시트는 1동, General Summary는 5동이나 재공고 전기공종 제목은 6동을 명시하여 범위 확인 필요",ELEMENT NO.1,VIBRATED REINFORCED CONCRETE CLASS 30; 20mm AGGREGATE : in,item,K,100mm thick ground floor slab,콘크리트·철근·거푸집,SM,m²,40.8,=D12,204.0,244.79999999999998,,,,,False,formula_quantity;scope_multiplier_applied_for_scenario;scope_multiplier_conflict;unpriced_source
L2023-00009-1,2019-00005,data/unpacked/L2023-00009-1/2. 입찰서류(영문)/Part 2(░·╛≈┴÷╜├╝¡)/Section 4. Bill of Quantities_unpriced.xlsx,MARKET SHED.,21,여성친화형 시장 쉼터,5,6,"세부시트는 1동, General Summary는 5동이나 재공고 전기공종 제목은 6동을 명시하여 범위 확인 필요",ELEMENT NO.1,STEEL FABRIC REINFORCEMENT TO BS 4483 as described,heading,,STEEL FABRIC REINFORCEMENT TO BS 4483 as described,콘크리트·철근·거푸집,,,,,,,,,,,False,unpriced_source
L2023-00009-1,2019-00005,data/unpacked/L2023-00009-1/2. 입찰서류(영문)/Part 2(░·╛≈┴÷╜├╝¡)/Section 4. Bill of Quantities_unpriced.xlsx,MARKET SHED.,22,여성친화형 시장 쉼터,5,6,"세부시트는 1동, General Summary는 5동이나 재공고 전기공종 제목은 6동을 명시하여 범위 확인 필요",ELEMENT NO.1,STEEL FABRIC REINFORCEMENT TO BS 4483 as described,item,L,No. A98 Fabric Mesh reinforcement weighing 1.58kg. per square meter fixed in slab,콘크리트·철근·거푸집,SM,m²,40.8,=D20,204.0,244.79999999999998,,,,,False,formula_quantity;scope_multiplier_applied_for_scenario;scope_multiplier_conflict;unpriced_source
L2023-00009-1,2019-00005,data/unpacked/L2023-00009-1/2. 입찰서류(영문)/Part 2(░·╛≈┴÷╜├╝¡)/Section 4. Bill of Quantities_unpriced.xlsx,MARKET SHED.,23,여성친화형 시장 쉼터,5,6,"세부시트는 1동, General Summary는 5동이나 재공고 전기공종 제목은 6동을 명시하여 범위 확인 필요",ELEMENT NO.1,FORMWORK TO,heading,,FORMWORK TO,콘크리트·철근·거푸집,,,,,,,,,,,False,unpriced_source
L2023-00009-1,2019-00005,data/unpacked/L2023-00009-1/2. 입찰서류(영문)/Part 2(░·╛≈┴÷╜├╝¡)/Section 4. Bill of Quantities_unpriced.xlsx,MARKET SHED.,24,여성친화형 시장 쉼터,5,6,"세부시트는 1동, General Summary는 5동이나 재공고 전기공종 제목은 6동을 명시하여 범위 확인 필요",ELEMENT NO.1,FORMWORK TO,item,M,Edges of slabs 75 to 150mm high,콘크리트·철근·거푸집,LM,m,31.5,=2*(12.15+3.6),157.5,189.0,,,,,False,formula_quantity;scope_multiplier_applied_for_scenario;scope_multiplier_conflict;unpriced_source
L2023-00009-1,2019-00005,data/unpacked/L2023-00009-1/2. 입찰서류(영문)/Part 2(░·╛≈┴÷╜├╝¡)/Section 4. Bill of Quantities_unpriced.xlsx,MARKET SHED.,25,여성친화형 시장 쉼터,5,6,"세부시트는 1동, General Summary는 5동이나 재공고 전기공종 제목은 6동을 명시하여 범위 확인 필요",ELEMENT NO.1,DAMP PROOF COURSES,heading,,DAMP PROOF COURSES,지붕,,,,,,,,,,,False,unpriced_source
L2023-00009-1,2019-00005,data/unpacked/L2023-00009-1/2. 입찰서류(영문)/Part 2(░·╛≈┴÷╜├╝¡)/Section 4. Bill of Quantities_unpriced.xlsx,MARKET SHED.,26,여성친화형 시장 쉼터,5,6,"세부시트는 1동, General Summary는 5동이나 재공고 전기공종 제목은 6동을 명시하여 범위 확인 필요",ELEMENT NO.1,DAMP PROOF COURSES,item,N,1000 Gauge polythene sheeting laid on blinded hardcore,지붕,SM,m²,40.8,=D22,204.0,244.79999999999998,,,,,False,formula_quantity;scope_multiplier_applied_for_scenario;scope_multiplier_conflict;unpriced_source
L2023-00009-1,2019-00005,data/unpacked/L2023-00009-1/2. 입찰서류(영문)/Part 2(░·╛≈┴÷╜├╝¡)/Section 4. Bill of Quantities_unpriced.xlsx,MARKET SHED.,27,여성친화형 시장 쉼터,5,6,"세부시트는 1동, General Summary는 5동이나 재공고 전기공종 제목은 6동을 명시하여 범위 확인 필요",ELEMENT NO.1,WALLING,heading,,WALLING,조적,,,,,,,,,,,False,unpriced_source
L2023-00009-1,2019-00005,data/unpacked/L2023-00009-1/2. 입찰서류(영문)/Part 2(░·╛≈┴÷╜├╝¡)/Section 4. Bill of Quantities_unpriced.xlsx,MARKET SHED.,28,여성친화형 시장 쉼터,5,6,"세부시트는 1동, General Summary는 5동이나 재공고 전기공종 제목은 6동을 명시하여 범위 확인 필요",ELEMENT NO.1,Brickwork in burnt clay bricks in cement and sand mortar (1:3) mix; with and including 25 x 3mm hoop iron strips laid horizontally every alternate course.,heading,,Brickwork in burnt clay bricks in cement and sand mortar (1:3) mix; with and including 25 x 3mm hoop iron strips laid horizontally every alternate course.,조적,,,,,,,,,,,False,unpriced_source
L2023-00009-1,2019-00005,data/unpacked/L2023-00009-1/2. 입찰서류(영문)/Part 2(░·╛≈┴÷╜├╝¡)/Section 4. Bill of Quantities_unpriced.xlsx,MARKET SHED.,29,여성친화형 시장 쉼터,5,6,"세부시트는 1동, General Summary는 5동이나 재공고 전기공종 제목은 6동을 명시하여 범위 확인 필요",ELEMENT NO.1,Brickwork in burnt clay bricks in cement and sand mortar (1:3) mix; with and including 25 x 3mm hoop iron strips laid horizontally every alternate course.,item,O,200mm Thick walls,조적,SM,m²,30.0,,150.0,180.0,,,,,False,scope_multiplier_applied_for_scenario;scope_multiplier_conflict;unpriced_source
L2023-00009-1,2019-00005,data/unpacked/L2023-00009-1/2. 입찰서류(영문)/Part 2(░·╛≈┴÷╜├╝¡)/Section 4. Bill of Quantities_unpriced.xlsx,MARKET SHED.,30,여성친화형 시장 쉼터,5,6,"세부시트는 1동, General Summary는 5동이나 재공고 전기공종 제목은 6동을 명시하여 범위 확인 필요",ELEMENT NO.1,Brickwork in burnt clay bricks in cement and sand mortar (1:3) mix; with and including 25 x 3mm hoop iron strips laid horizontally every alternate course.,item,P,75mm diameter x 6mm thick x 3200mm high galvanised iron class B pipe support with bottom end welded to 110 x 110 x 6mm thick plate set in and including concrete (1:3:6) base size 200 x 200 x 300mm deep and 100 x 80 x 6mm U-plate welded on top end and general painting.,급배수·위생,NO,no.,14.0,,70.0,84.0,,,,,False,scope_multiplier_applied_for_scenario;scope_multiplier_conflict;unpriced_source
L2023-00009-1,2019-00005,data/unpacked/L2023-00009-1/2. 입찰서류(영문)/Part 2(░·╛≈┴÷╜├╝¡)/Section 4. Bill of Quantities_unpriced.xlsx,MARKET SHED.,31,여성친화형 시장 쉼터,5,6,"세부시트는 1동, General Summary는 5동이나 재공고 전기공종 제목은 6동을 명시하여 범위 확인 필요",ELEMENT NO.1,Brickwork in burnt clay bricks in cement and sand mortar (1:3) mix; with and including 25 x 3mm hoop iron strips laid horizontally every alternate course.,total,,TOTAL CARRIED TO SUMMARY,조적,,,,,,,,,,,False,unpriced_source
L2023-00009-1,2019-00005,data/unpacked/L2023-00009-1/2. 입찰서류(영문)/Part 2(░·╛≈┴÷╜├╝¡)/Section 4. Bill of Quantities_unpriced.xlsx,MARKET SHED.,33,여성친화형 시장 쉼터,5,6,"세부시트는 1동, General Summary는 5동이나 재공고 전기공종 제목은 6동을 명시하여 범위 확인 필요",ELEMENT NO.2,,heading,,ELEMENT NO.2,기타,,,,,,,,,,,False,unpriced_source
L2023-00009-1,2019-00005,data/unpacked/L2023-00009-1/2. 입찰서류(영문)/Part 2(░·╛≈┴÷╜├╝¡)/Section 4. Bill of Quantities_unpriced.xlsx,MARKET SHED.,34,여성친화형 시장 쉼터,5,6,"세부시트는 1동, General Summary는 5동이나 재공고 전기공종 제목은 6동을 명시하여 범위 확인 필요",ELEMENT NO.2,WALLING,heading,,WALLING,조적,,,,,,,,,,,False,unpriced_source
L2023-00009-1,2019-00005,data/unpacked/L2023-00009-1/2. 입찰서류(영문)/Part 2(░·╛≈┴÷╜├╝¡)/Section 4. Bill of Quantities_unpriced.xlsx,MARKET SHED.,35,여성친화형 시장 쉼터,5,6,"세부시트는 1동, General Summary는 5동이나 재공고 전기공종 제목은 6동을 명시하여 범위 확인 필요",ELEMENT NO.2,BRICK WORK,heading,,BRICK WORK,조적,,,,,,,,,,,False,unpriced_source
L2023-00009-1,2019-00005,data/unpacked/L2023-00009-1/2. 입찰서류(영문)/Part 2(░·╛≈┴÷╜├╝¡)/Section 4. Bill of Quantities_unpriced.xlsx,MARKET SHED.,36,여성친화형 시장 쉼터,5,6,"세부시트는 1동, General Summary는 5동이나 재공고 전기공종 제목은 6동을 명시하여 범위 확인 필요",ELEMENT NO.2,Brickwork in burnt clay bricks in cement and sand mortar (1:3) mix; with and including 25 x 3mm hoop iron strips laid horizontally every alternate course.,heading,,Brickwork in burnt clay bricks in cement and sand mortar (1:3) mix; with and including 25 x 3mm hoop iron strips laid horizontally every alternate course.,조적,,,,,,,,,,,False,unpriced_source
L2023-00009-1,2019-00005,data/unpacked/L2023-00009-1/2. 입찰서류(영문)/Part 2(░·╛≈┴÷╜├╝¡)/Section 4. Bill of Quantities_unpriced.xlsx,MARKET SHED.,37,여성친화형 시장 쉼터,5,6,"세부시트는 1동, General Summary는 5동이나 재공고 전기공종 제목은 6동을 명시하여 범위 확인 필요",ELEMENT NO.2,Brickwork in burnt clay bricks in cement and sand mortar (1:3) mix; with and including 25 x 3mm hoop iron strips laid horizontally every alternate course.,item,A,200mm Thick walls,조적,SM,m²,29.0,,145.0,174.0,,,,,False,scope_multiplier_applied_for_scenario;scope_multiplier_conflict;unpriced_source
L2023-00009-1,2019-00005,data/unpacked/L2023-00009-1/2. 입찰서류(영문)/Part 2(░·╛≈┴÷╜├╝¡)/Section 4. Bill of Quantities_unpriced.xlsx,MARKET SHED.,38,여성친화형 시장 쉼터,5,6,"세부시트는 1동, General Summary는 5동이나 재공고 전기공종 제목은 6동을 명시하여 범위 확인 필요",ELEMENT NO.2,DAMP PROOF COURSE OF BITUMEN FELT TO B.S 743 Type A with 150mm laps including cement and sand (1:3) levelling bed,heading,,DAMP PROOF COURSE OF BITUMEN FELT TO B.S 743 Type A with 150mm laps including cement and sand (1:3) levelling bed,지붕,,,,,,,,,,,False,unpriced_source
L2023-00009-1,2019-00005,data/unpacked/L2023-00009-1/2. 입찰서류(영문)/Part 2(░·╛≈┴÷╜├╝¡)/Section 4. Bill of Quantities_unpriced.xlsx,MARKET SHED.,39,여성친화형 시장 쉼터,5,6,"세부시트는 1동, General Summary는 5동이나 재공고 전기공종 제목은 6동을 명시하여 범위 확인 필요",ELEMENT NO.2,DAMP PROOF COURSE OF BITUMEN FELT TO B.S 743 Type A with 150mm laps including cement and sand (1:3) levelling bed,item,B,200mm Wide,지붕,LM,m,23.0,,115.0,138.0,,,,,False,scope_multiplier_applied_for_scenario;scope_multiplier_conflict;unpriced_source
L2023-00009-1,2019-00005,data/unpacked/L2023-00009-1/2. 입찰서류(영문)/Part 2(░·╛≈┴÷╜├╝¡)/Section 4. Bill of Quantities_unpriced.xlsx,MARKET SHED.,40,여성친화형 시장 쉼터,5,6,"세부시트는 1동, General Summary는 5동이나 재공고 전기공종 제목은 6동을 명시하여 범위 확인 필요",ELEMENT NO.2,DAMP PROOF COURSE OF BITUMEN FELT TO B.S 743 Type A with 150mm laps including cement and sand (1:3) levelling bed,item,C,75mm thick concrete class 20/20mm aggregate slab on top of lockups with and including fabric mesh reinforcement ref A98 as before described; finished smooth with 10mm thick cement sand screed (1:3) steel trowelled smooth; including all necessary formwork.,지붕,SM,m²,9.72,=0.8*12.15,48.6,58.32000000000001,,,,,False,formula_quantity;scope_multiplier_applied_for_scenario;scope_multiplier_conflict;unpriced_source
L2023-00009-1,2019-00005,data/unpacked/L2023-00009-1/2. 입찰서류(영문)/Part 2(░·╛≈┴÷╜├╝¡)/Section 4. Bill of Quantities_unpriced.xlsx,MARKET SHED.,41,여성친화형 시장 쉼터,5,6,"세부시트는 1동, General Summary는 5동이나 재공고 전기공종 제목은 6동을 명시하여 범위 확인 필요",ELEMENT NO.2,DAMP PROOF COURSE OF BITUMEN FELT TO B.S 743 Type A with 150mm laps including cement and sand (1:3) levelling bed,total,,TOTAL CARRIED TO SUMMARY,지붕,,,,,,,,,,,False,unpriced_source
L2023-00009-1,2019-00005,data/unpacked/L2023-00009-1/2. 입찰서류(영문)/Part 2(░·╛≈┴÷╜├╝¡)/Section 4. Bill of Quantities_unpriced.xlsx,MARKET SHED.,43,여성친화형 시장 쉼터,5,6,"세부시트는 1동, General Summary는 5동이나 재공고 전기공종 제목은 6동을 명시하여 범위 확인 필요",ELEMENT NO.4,,heading,,ELEMENT NO.4,기타,,,,,,,,,,,False,unpriced_source
L2023-00009-1,2019-00005,data/unpacked/L2023-00009-1/2. 입찰서류(영문)/Part 2(░·╛≈┴÷╜├╝¡)/Section 4. Bill of Quantities_unpriced.xlsx,MARKET SHED.,44,여성친화형 시장 쉼터,5,6,"세부시트는 1동, General Summary는 5동이나 재공고 전기공종 제목은 6동을 명시하여 범위 확인 필요",ELEMENT NO.4,ROOF AND RAINWATER DISPOSAL,heading,,ROOF AND RAINWATER DISPOSAL,지붕,,,,,,,,,,,False,unpriced_source
L2023-00009-1,2019-00005,data/unpacked/L2023-00009-1/2. 입찰서류(영문)/Part 2(░·╛≈┴÷╜├╝¡)/Section 4. Bill of Quantities_unpriced.xlsx,MARKET SHED.,45,여성친화형 시장 쉼터,5,6,"세부시트는 1동, General Summary는 5동이나 재공고 전기공종 제목은 6동을 명시하여 범위 확인 필요",ELEMENT NO.4,The following in roof construction including hoisting and fixing approximately 3.0mm above ground level.,heading,,The following in roof construction including hoisting and fixing approximately 3.0mm above ground level.,지붕,,,,,,,,,,,False,unpriced_source
L2023-00009-1,2019-00005,data/unpacked/L2023-00009-1/2. 입찰서류(영문)/Part 2(░·╛≈┴÷╜├╝¡)/Section 4. Bill of Quantities_unpriced.xlsx,MARKET SHED.,46,여성친화형 시장 쉼터,5,6,"세부시트는 1동, General Summary는 5동이나 재공고 전기공종 제목은 6동을 명시하여 범위 확인 필요",ELEMENT NO.4,Sawn cypress pressure impregnated with preservative:-,heading,,Sawn cypress pressure impregnated with preservative:-,기타,,,,,,,,,,,False,unpriced_source
L2023-00009-1,2019-00005,data/unpacked/L2023-00009-1/2. 입찰서류(영문)/Part 2(░·╛≈┴÷╜├╝¡)/Section 4. Bill of Quantities_unpriced.xlsx,MARKET SHED.,47,여성친화형 시장 쉼터,5,6,"세부시트는 1동, General Summary는 5동이나 재공고 전기공종 제목은 6동을 명시하여 범위 확인 필요",ELEMENT NO.4,Sawn cypress pressure impregnated with preservative:-,item,A,75x100mm Tie beam,콘크리트·철근·거푸집,Lm,m,32.199999999999996,=4.6*7,160.99999999999997,193.2,,,,,False,formula_quantity;scope_multiplier_applied_for_scenario;scope_multiplier_conflict;unpriced_source
L2023-00009-1,2019-00005,data/unpacked/L2023-00009-1/2. 입찰서류(영문)/Part 2(░·╛≈┴÷╜├╝¡)/Section 4. Bill of Quantities_unpriced.xlsx,MARKET SHED.,48,여성친화형 시장 쉼터,5,6,"세부시트는 1동, General Summary는 5동이나 재공고 전기공종 제목은 6동을 명시하여 범위 확인 필요",ELEMENT NO.4,Sawn cypress pressure impregnated with preservative:-,item,B,75x100mm Rafters,지붕,Lm,m,39.199999999999996,=2.8*2*7,195.99999999999997,235.2,,,,,False,formula_quantity;scope_multiplier_applied_for_scenario;scope_multiplier_conflict;unpriced_source
L2023-00009-1,2019-00005,data/unpacked/L2023-00009-1/2. 입찰서류(영문)/Part 2(░·╛≈┴÷╜├╝¡)/Section 4. Bill of Quantities_unpriced.xlsx,MARKET SHED.,49,여성친화형 시장 쉼터,5,6,"세부시트는 1동, General Summary는 5동이나 재공고 전기공종 제목은 6동을 명시하여 범위 확인 필요",ELEMENT NO.4,Sawn cypress pressure impregnated with preservative:-,item,C,75x100mm wall plate,기타,Lm,m,24.3,=12.15*2,121.5,145.8,,,,,False,formula_quantity;scope_multiplier_applied_for_scenario;scope_multiplier_conflict;unpriced_source
L2023-00009-1,2019-00005,data/unpacked/L2023-00009-1/2. 입찰서류(영문)/Part 2(░·╛≈┴÷╜├╝¡)/Section 4. Bill of Quantities_unpriced.xlsx,MARKET SHED.,50,여성친화형 시장 쉼터,5,6,"세부시트는 1동, General Summary는 5동이나 재공고 전기공종 제목은 6동을 명시하여 범위 확인 필요",ELEMENT NO.4,Sawn cypress pressure impregnated with preservative:-,item,D,50x100mm struts and Ties,기타,Lm,m,55.0,,275.0,330.0,,,,,False,scope_multiplier_applied_for_scenario;scope_multiplier_conflict;unpriced_source
L2023-00009-1,2019-00005,data/unpacked/L2023-00009-1/2. 입찰서류(영문)/Part 2(░·╛≈┴÷╜├╝¡)/Section 4. Bill of Quantities_unpriced.xlsx,MARKET SHED.,51,여성친화형 시장 쉼터,5,6,"세부시트는 1동, General Summary는 5동이나 재공고 전기공종 제목은 6동을 명시하여 범위 확인 필요",ELEMENT NO.4,Sawn cypress pressure impregnated with preservative:-,item,E,50x100mm purlins,지붕,Lm,m,105.2,=13.15*4*2,526.0,631.2,,,,,False,formula_quantity;scope_multiplier_applied_for_scenario;scope_multiplier_conflict;unpriced_source
L2023-00009-1,2019-00005,data/unpacked/L2023-00009-1/2. 입찰서류(영문)/Part 2(░·╛≈┴÷╜├╝¡)/Section 4. Bill of Quantities_unpriced.xlsx,MARKET SHED.,52,여성친화형 시장 쉼터,5,6,"세부시트는 1동, General Summary는 5동이나 재공고 전기공종 제목은 6동을 명시하여 범위 확인 필요",ELEMENT NO.4,Sawn cypress pressure impregnated with preservative:-,item,F,225mm facia board well treated and painted with pproved paint,지붕,Lm,m,37.5,=2.8*4+13.15*2,187.5,225.0,,,,,False,formula_quantity;scope_multiplier_applied_for_scenario;scope_multiplier_conflict;unpriced_source
L2023-00009-1,2019-00005,data/unpacked/L2023-00009-1/2. 입찰서류(영문)/Part 2(░·╛≈┴÷╜├╝¡)/Section 4. Bill of Quantities_unpriced.xlsx,MARKET SHED.,53,여성친화형 시장 쉼터,5,6,"세부시트는 1동, General Summary는 5동이나 재공고 전기공종 제목은 6동을 명시하여 범위 확인 필요",ELEMENT NO.4,Sawn cypress pressure impregnated with preservative:-,item,G,Roof Covering: Guage 26 pre-painted iron roofing sheets fixed with 2 side overlaps and 150mm end laps with and including approved roofing nails or galvanized steel drive screws with plastic washers to manufacturer's instructions.,지붕,SM,m²,60.489999999999995,=(12.15+0.5*2)*(3.6+0.5*2),302.45,362.93999999999994,,,,,False,formula_quantity;scope_multiplier_applied_for_scenario;scope_multiplier_conflict;unpriced_source
L2023-00009-1,2019-00005,data/unpacked/L2023-00009-1/2. 입찰서류(영문)/Part 2(░·╛≈┴÷╜├╝¡)/Section 4. Bill of Quantities_unpriced.xlsx,MARKET SHED.,54,여성친화형 시장 쉼터,5,6,"세부시트는 1동, General Summary는 5동이나 재공고 전기공종 제목은 6동을 명시하여 범위 확인 필요",ELEMENT NO.4,Sawn cypress pressure impregnated with preservative:-,item,H,Super V translucent sheets fixed on to roof structure without welded mesh underneath,지붕,NO,no.,6.0,,30.0,36.0,,,,,False,scope_multiplier_applied_for_scenario;scope_multiplier_conflict;unpriced_source
L2023-00009-1,2019-00005,data/unpacked/L2023-00009-1/2. 입찰서류(영문)/Part 2(░·╛≈┴÷╜├╝¡)/Section 4. Bill of Quantities_unpriced.xlsx,MARKET SHED.,55,여성친화형 시장 쉼터,5,6,"세부시트는 1동, General Summary는 5동이나 재공고 전기공종 제목은 6동을 명시하여 범위 확인 필요",ELEMENT NO.4,Sawn cypress pressure impregnated with preservative:-,item,I,300mm Wide ridge flashing,기타,LM,m,13.15,=12.15+0.5*2,65.75,78.9,,,,,False,formula_quantity;scope_multiplier_applied_for_scenario;scope_multiplier_conflict;unpriced_source
L2023-00009-1,2019-00005,data/unpacked/L2023-00009-1/2. 입찰서류(영문)/Part 2(░·╛≈┴÷╜├╝¡)/Section 4. Bill of Quantities_unpriced.xlsx,MARKET SHED.,56,여성친화형 시장 쉼터,5,6,"세부시트는 1동, General Summary는 5동이나 재공고 전기공종 제목은 6동을 명시하여 범위 확인 필요",ELEMENT NO.4,Sawn cypress pressure impregnated with preservative:-,total,,TOTAL CARRIED TO SUMMARY,기타,,,,,,,,,,,False,unpriced_source
L2023-00009-1,2019-00005,data/unpacked/L2023-00009-1/2. 입찰서류(영문)/Part 2(░·╛≈┴÷╜├╝¡)/Section 4. Bill of Quantities_unpriced.xlsx,MARKET SHED.,58,여성친화형 시장 쉼터,5,6,"세부시트는 1동, General Summary는 5동이나 재공고 전기공종 제목은 6동을 명시하여 범위 확인 필요",ELEMENT NO. 5,,heading,,ELEMENT NO. 5,기타,,,,,,,,,,,False,unpriced_source
L2023-00009-1,2019-00005,data/unpacked/L2023-00009-1/2. 입찰서류(영문)/Part 2(░·╛≈┴÷╜├╝¡)/Section 4. Bill of Quantities_unpriced.xlsx,MARKET SHED.,59,여성친화형 시장 쉼터,5,6,"세부시트는 1동, General Summary는 5동이나 재공고 전기공종 제목은 6동을 명시하여 범위 확인 필요",ELEMENT NO. 5,DOORS,heading,,DOORS,창호·철물,,,,,,,,,,,False,unpriced_source
L2023-00009-1,2019-00005,data/unpacked/L2023-00009-1/2. 입찰서류(영문)/Part 2(░·╛≈┴÷╜├╝¡)/Section 4. Bill of Quantities_unpriced.xlsx,MARKET SHED.,60,여성친화형 시장 쉼터,5,6,"세부시트는 1동, General Summary는 5동이나 재공고 전기공종 제목은 6동을 명시하여 범위 확인 필요",ELEMENT NO. 5,STEEL DOORS,heading,,STEEL DOORS,창호·철물,,,,,,,,,,,False,unpriced_source
L2023-00009-1,2019-00005,data/unpacked/L2023-00009-1/2. 입찰서류(영문)/Part 2(░·╛≈┴÷╜├╝¡)/Section 4. Bill of Quantities_unpriced.xlsx,MARKET SHED.,61,여성친화형 시장 쉼터,5,6,"세부시트는 1동, General Summary는 5동이나 재공고 전기공종 제목은 6동을 명시하여 범위 확인 필요",ELEMENT NO. 5,"Purpose made steel casement Doors manufactured from standard casement 2.0mm thick sections : manufacture, assemble and deliver to site: supply and fix all approved UNION or equal ironmongery : with and including door frames, fixing drilled, plugged and screwed or built into walling: one coat red oxide primer before delivery.",heading,,"Purpose made steel casement Doors manufactured from standard casement 2.0mm thick sections : manufacture, assemble and deliver to site: supply and fix all approved UNION or equal ironmongery : with and including door frames, fixing drilled, plugged and screwed or built into walling: one coat red oxide primer before delivery.",창호·철물,,,,,,,,,,,False,unpriced_source
L2023-00009-1,2019-00005,data/unpacked/L2023-00009-1/2. 입찰서류(영문)/Part 2(░·╛≈┴÷╜├╝¡)/Section 4. Bill of Quantities_unpriced.xlsx,MARKET SHED.,62,여성친화형 시장 쉼터,5,6,"세부시트는 1동, General Summary는 5동이나 재공고 전기공종 제목은 6동을 명시하여 범위 확인 필요",ELEMENT NO. 5,"Purpose made steel casement Doors manufactured from standard casement 2.0mm thick sections : manufacture, assemble and deliver to site: supply and fix all approved UNION or equal ironmongery : with and including door frames, fixing drilled, plugged and screwed or built into walling: one coat red oxide primer before delivery.",item,A,Door overall size 1525 x 1300mm high comprising of; 1.5mm thick pre-formed mild steel panels,창호·철물,NO,no.,6.0,,30.0,36.0,,,,,False,scope_multiplier_applied_for_scenario;scope_multiplier_conflict;unpriced_source
L2023-00009-1,2019-00005,data/unpacked/L2023-00009-1/2. 입찰서류(영문)/Part 2(░·╛≈┴÷╜├╝¡)/Section 4. Bill of Quantities_unpriced.xlsx,MARKET SHED.,63,여성친화형 시장 쉼터,5,6,"세부시트는 1동, General Summary는 5동이나 재공고 전기공종 제목은 6동을 명시하여 범위 확인 필요",ELEMENT NO. 5,"PREPARE SURFACE AND APPLY ETCHING PRIMER; apply one coat primer, one undercoat and two Gloss finishing coats; on metal work : to",heading,,"PREPARE SURFACE AND APPLY ETCHING PRIMER; apply one coat primer, one undercoat and two Gloss finishing coats; on metal work : to",마감,,,,,,,,,,,False,unpriced_source
L2023-00009-1,2019-00005,data/unpacked/L2023-00009-1/2. 입찰서류(영문)/Part 2(░·╛≈┴÷╜├╝¡)/Section 4. Bill of Quantities_unpriced.xlsx,MARKET SHED.,64,여성친화형 시장 쉼터,5,6,"세부시트는 1동, General Summary는 5동이나 재공고 전기공종 제목은 6동을 명시하여 범위 확인 필요",ELEMENT NO. 5,"PREPARE SURFACE AND APPLY ETCHING PRIMER; apply one coat primer, one undercoat and two Gloss finishing coats; on metal work : to",item,B,Steel door surfaces,창호·철물,SM,m²,11.895,=1.525*1.3*6,59.474999999999994,71.37,,,,,False,formula_quantity;scope_multiplier_applied_for_scenario;scope_multiplier_conflict;unpriced_source
L2023-00009-1,2019-00005,data/unpacked/L2023-00009-1/2. 입찰서류(영문)/Part 2(░·╛≈┴÷╜├╝¡)/Section 4. Bill of Quantities_unpriced.xlsx,MARKET SHED.,65,여성친화형 시장 쉼터,5,6,"세부시트는 1동, General Summary는 5동이나 재공고 전기공종 제목은 6동을 명시하여 범위 확인 필요",ELEMENT NO. 5,"PREPARE SURFACE AND APPLY ETCHING PRIMER; apply one coat primer, one undercoat and two Gloss finishing coats; on metal work : to",total,,TOTAL CARRIED TO SUMMARY,마감,,,,,,,,,,,False,unpriced_source
L2023-00009-1,2019-00005,data/unpacked/L2023-00009-1/2. 입찰서류(영문)/Part 2(░·╛≈┴÷╜├╝¡)/Section 4. Bill of Quantities_unpriced.xlsx,MARKET SHED.,67,여성친화형 시장 쉼터,5,6,"세부시트는 1동, General Summary는 5동이나 재공고 전기공종 제목은 6동을 명시하여 범위 확인 필요",ELEMENT NO.6,,heading,,ELEMENT NO.6,기타,,,,,,,,,,,False,unpriced_source
L2023-00009-1,2019-00005,data/unpacked/L2023-00009-1/2. 입찰서류(영문)/Part 2(░·╛≈┴÷╜├╝¡)/Section 4. Bill of Quantities_unpriced.xlsx,MARKET SHED.,68,여성친화형 시장 쉼터,5,6,"세부시트는 1동, General Summary는 5동이나 재공고 전기공종 제목은 6동을 명시하여 범위 확인 필요",ELEMENT NO.6,EXTERNAL FINISHES,heading,,EXTERNAL FINISHES,마감,,,,,,,,,,,False,unpriced_source
L2023-00009-1,2019-00005,data/unpacked/L2023-00009-1/2. 입찰서류(영문)/Part 2(░·╛≈┴÷╜├╝¡)/Section 4. Bill of Quantities_unpriced.xlsx,MARKET SHED.,69,여성친화형 시장 쉼터,5,6,"세부시트는 1동, General Summary는 5동이나 재공고 전기공종 제목은 6동을 명시하여 범위 확인 필요",ELEMENT NO.6,WALL FINISHES,heading,,WALL FINISHES,마감,,,,,,,,,,,False,unpriced_source
L2023-00009-1,2019-00005,data/unpacked/L2023-00009-1/2. 입찰서류(영문)/Part 2(░·╛≈┴÷╜├╝¡)/Section 4. Bill of Quantities_unpriced.xlsx,MARKET SHED.,70,여성친화형 시장 쉼터,5,6,"세부시트는 1동, General Summary는 5동이나 재공고 전기공종 제목은 6동을 명시하여 범위 확인 필요",ELEMENT NO.6,CEMENT AND WASHED SAND (1:3) RENDER trowelled smooth,heading,,CEMENT AND WASHED SAND (1:3) RENDER trowelled smooth,마감,,,,,,,,,,,False,unpriced_source
L2023-00009-1,2019-00005,data/unpacked/L2023-00009-1/2. 입찰서류(영문)/Part 2(░·╛≈┴÷╜├╝¡)/Section 4. Bill of Quantities_unpriced.xlsx,MARKET SHED.,71,여성친화형 시장 쉼터,5,6,"세부시트는 1동, General Summary는 5동이나 재공고 전기공종 제목은 6동을 명시하여 범위 확인 필요",ELEMENT NO.6,CEMENT AND WASHED SAND (1:3) RENDER trowelled smooth,item,A,12mm Thick to walls.,마감,SM,m²,58.0,=D37*2,290.0,348.0,,,,,False,formula_quantity;scope_multiplier_applied_for_scenario;scope_multiplier_conflict;unpriced_source
L2023-00009-1,2019-00005,data/unpacked/L2023-00009-1/2. 입찰서류(영문)/Part 2(░·╛≈┴÷╜├╝¡)/Section 4. Bill of Quantities_unpriced.xlsx,MARKET SHED.,72,여성친화형 시장 쉼터,5,6,"세부시트는 1동, General Summary는 5동이나 재공고 전기공종 제목은 6동을 명시하여 범위 확인 필요",ELEMENT NO.6,PAINTING AND DECORATING,heading,,PAINTING AND DECORATING,마감,,,,,,,,,,,False,unpriced_source
L2023-00009-1,2019-00005,data/unpacked/L2023-00009-1/2. 입찰서류(영문)/Part 2(░·╛≈┴÷╜├╝¡)/Section 4. Bill of Quantities_unpriced.xlsx,MARKET SHED.,73,여성친화형 시장 쉼터,5,6,"세부시트는 1동, General Summary는 5동이나 재공고 전기공종 제목은 6동을 명시하여 범위 확인 필요",ELEMENT NO.6,Prepare and apply three coats of silk vinyl paint to plastered walls internally,heading,,Prepare and apply three coats of silk vinyl paint to plastered walls internally,마감,,,,,,,,,,,False,unpriced_source
L2023-00009-1,2019-00005,data/unpacked/L2023-00009-1/2. 입찰서류(영문)/Part 2(░·╛≈┴÷╜├╝¡)/Section 4. Bill of Quantities_unpriced.xlsx,MARKET SHED.,74,여성친화형 시장 쉼터,5,6,"세부시트는 1동, General Summary는 5동이나 재공고 전기공종 제목은 6동을 명시하여 범위 확인 필요",ELEMENT NO.6,Prepare and apply three coats of silk vinyl paint to plastered walls internally,item,B,Rendered surfaces,마감,SM,m²,58.0,=D71,290.0,348.0,,,,,False,formula_quantity;scope_multiplier_applied_for_scenario;scope_multiplier_conflict;unpriced_source
L2023-00009-1,2019-00005,data/unpacked/L2023-00009-1/2. 입찰서류(영문)/Part 2(░·╛≈┴÷╜├╝¡)/Section 4. Bill of Quantities_unpriced.xlsx,MARKET SHED.,75,여성친화형 시장 쉼터,5,6,"세부시트는 1동, General Summary는 5동이나 재공고 전기공종 제목은 6동을 명시하여 범위 확인 필요",ELEMENT NO.6,SPLASH APRON,heading,,SPLASH APRON,기타,,,,,,,,,,,False,unpriced_source
L2023-00009-1,2019-00005,data/unpacked/L2023-00009-1/2. 입찰서류(영문)/Part 2(░·╛≈┴÷╜├╝¡)/Section 4. Bill of Quantities_unpriced.xlsx,MARKET SHED.,76,여성친화형 시장 쉼터,5,6,"세부시트는 1동, General Summary는 5동이나 재공고 전기공종 제목은 6동을 명시하여 범위 확인 필요",ELEMENT NO.6,SPLASH APRON,item,C,75mm thick concrete class 20/20mm aggregate splash laid in bays reinforced with and including fabric mesh reinforcement ref A98 as before described; on and including 30mm sand blinding on 100mm thick hardcore; finished smooth with 10mm thick cement sand screed (1:3) steel trowelled smooth; including all necessary formwork.,마감,SM,m²,35.5,=2*(4.6+13.15),177.5,213.0,,,,,False,formula_quantity;scope_multiplier_applied_for_scenario;scope_multiplier_conflict;unpriced_source
L2023-00009-1,2019-00005,data/unpacked/L2023-00009-1/2. 입찰서류(영문)/Part 2(░·╛≈┴÷╜├╝¡)/Section 4. Bill of Quantities_unpriced.xlsx,MARKET SHED.,77,여성친화형 시장 쉼터,5,6,"세부시트는 1동, General Summary는 5동이나 재공고 전기공종 제목은 6동을 명시하여 범위 확인 필요",ELEMENT NO.6,SPLASH APRON,item,D,100mm thick block walling to sides of splash Apron 400mm deep below reduced level with and including 400mm wide x 200mm thick block footing; plastering and painting to exposed surfaces; necessary excavation and disposal of surplus soil,창호·철물,LM,m,35.5,=D76,177.5,213.0,,,,,False,formula_quantity;scope_multiplier_applied_for_scenario;scope_multiplier_conflict;unpriced_source
L2023-00009-1,2019-00005,data/unpacked/L2023-00009-1/2. 입찰서류(영문)/Part 2(░·╛≈┴÷╜├╝¡)/Section 4. Bill of Quantities_unpriced.xlsx,MARKET SHED.,78,여성친화형 시장 쉼터,5,6,"세부시트는 1동, General Summary는 5동이나 재공고 전기공종 제목은 6동을 명시하여 범위 확인 필요",ELEMENT NO.6,SPLASH APRON,total,,TOTAL CARRIED TO SUMMARY,기타,,,,,,,,,,,False,unpriced_source
L2023-00009-1,2019-00005,data/unpacked/L2023-00009-1/2. 입찰서류(영문)/Part 2(░·╛≈┴÷╜├╝¡)/Section 4. Bill of Quantities_unpriced.xlsx,MARKET SHED.,80,여성친화형 시장 쉼터,5,6,"세부시트는 1동, General Summary는 5동이나 재공고 전기공종 제목은 6동을 명시하여 범위 확인 필요",ELEMENT NO.9,,heading,,ELEMENT NO.9,기타,,,,,,,,,,,False,unpriced_source
L2023-00009-1,2019-00005,data/unpacked/L2023-00009-1/2. 입찰서류(영문)/Part 2(░·╛≈┴÷╜├╝¡)/Section 4. Bill of Quantities_unpriced.xlsx,MARKET SHED.,81,여성친화형 시장 쉼터,5,6,"세부시트는 1동, General Summary는 5동이나 재공고 전기공종 제목은 6동을 명시하여 범위 확인 필요",ELEMENT NO.9,ELECTRICAL INSTALLATIONS FOR ALL 6 No. SHEDS,heading,,ELECTRICAL INSTALLATIONS FOR ALL 6 No. SHEDS,전기·전력인입,,,,,,,,,,,False,unpriced_source
L2023-00009-1,2019-00005,data/unpacked/L2023-00009-1/2. 입찰서류(영문)/Part 2(░·╛≈┴÷╜├╝¡)/Section 4. Bill of Quantities_unpriced.xlsx,MARKET SHED.,82,여성친화형 시장 쉼터,5,6,"세부시트는 1동, General Summary는 5동이나 재공고 전기공종 제목은 6동을 명시하여 범위 확인 필요",ELEMENT NO.9,Lighting Fittings,heading,,Lighting Fittings,전기·전력인입,,,,,,,,,,,False,unpriced_source
L2023-00009-1,2019-00005,data/unpacked/L2023-00009-1/2. 입찰서류(영문)/Part 2(░·╛≈┴÷╜├╝¡)/Section 4. Bill of Quantities_unpriced.xlsx,MARKET SHED.,83,여성친화형 시장 쉼터,5,6,"세부시트는 1동, General Summary는 5동이나 재공고 전기공종 제목은 6동을 명시하여 범위 확인 필요",ELEMENT NO.9,Lighting Fittings,item,,Security bulkhead with cast aluminium body with glass lens and aluminium louver with 1 x 8W LED lamp,전기·전력인입,NO,no.,10.0,,50.0,60.0,,,,,False,scope_multiplier_applied_for_scenario;scope_multiplier_conflict;unpriced_source
L2023-00009-1,2019-00005,data/unpacked/L2023-00009-1/2. 입찰서류(영문)/Part 2(░·╛≈┴÷╜├╝¡)/Section 4. Bill of Quantities_unpriced.xlsx,MARKET SHED.,84,여성친화형 시장 쉼터,5,6,"세부시트는 1동, General Summary는 5동이나 재공고 전기공종 제목은 6동을 명시하여 범위 확인 필요",ELEMENT NO.9,Lighting Fittings,item,,1 x 18W 1200mm LED single surface mounted batten and all accessories,전기·전력인입,NO,no.,30.0,,150.0,180.0,,,,,False,scope_multiplier_applied_for_scenario;scope_multiplier_conflict;unpriced_source
L2023-00009-1,2019-00005,data/unpacked/L2023-00009-1/2. 입찰서류(영문)/Part 2(░·╛≈┴÷╜├╝¡)/Section 4. Bill of Quantities_unpriced.xlsx,MARKET SHED.,85,여성친화형 시장 쉼터,5,6,"세부시트는 1동, General Summary는 5동이나 재공고 전기공종 제목은 6동을 명시하여 범위 확인 필요",ELEMENT NO.9,"Switches, Sockets & Wiring Accessories",heading,,"Switches, Sockets & Wiring Accessories",전기·전력인입,,,,,,,,,,,False,unpriced_source
L2023-00009-1,2019-00005,data/unpacked/L2023-00009-1/2. 입찰서류(영문)/Part 2(░·╛≈┴÷╜├╝¡)/Section 4. Bill of Quantities_unpriced.xlsx,MARKET SHED.,86,여성친화형 시장 쉼터,5,6,"세부시트는 1동, General Summary는 5동이나 재공고 전기공종 제목은 6동을 명시하여 범위 확인 필요",ELEMENT NO.9,"Switches, Sockets & Wiring Accessories",item,,"6A/240V 1-Gang 2-Way switches c/w flush mounting box, and accessories",전기·전력인입,NO,no.,0.0,,0.0,0.0,,,,,False,zero_quantity_check_formula_or_design;scope_multiplier_applied_for_scenario;scope_multiplier_conflict;unpriced_source
L2023-00009-1,2019-00005,data/unpacked/L2023-00009-1/2. 입찰서류(영문)/Part 2(░·╛≈┴÷╜├╝¡)/Section 4. Bill of Quantities_unpriced.xlsx,MARKET SHED.,87,여성친화형 시장 쉼터,5,6,"세부시트는 1동, General Summary는 5동이나 재공고 전기공종 제목은 6동을 명시하여 범위 확인 필요",ELEMENT NO.9,"Switches, Sockets & Wiring Accessories",item,,"6A/240V 2-Gang 2-Way witches c/w flush mounting box, and accessories",전기·전력인입,NO,no.,5.0,,25.0,30.0,,,,,False,scope_multiplier_applied_for_scenario;scope_multiplier_conflict;unpriced_source
L2023-00009-1,2019-00005,data/unpacked/L2023-00009-1/2. 입찰서류(영문)/Part 2(░·╛≈┴÷╜├╝¡)/Section 4. Bill of Quantities_unpriced.xlsx,MARKET SHED.,88,여성친화형 시장 쉼터,5,6,"세부시트는 1동, General Summary는 5동이나 재공고 전기공종 제목은 6동을 명시하여 범위 확인 필요",ELEMENT NO.9,"Switches, Sockets & Wiring Accessories",item,,"6A/240V 3-Gang 2 way witches c/w flush mounting box, and accessories",전기·전력인입,NO,no.,0.0,,0.0,0.0,,,,,False,zero_quantity_check_formula_or_design;scope_multiplier_applied_for_scenario;scope_multiplier_conflict;unpriced_source
L2023-00009-1,2019-00005,data/unpacked/L2023-00009-1/2. 입찰서류(영문)/Part 2(░·╛≈┴÷╜├╝¡)/Section 4. Bill of Quantities_unpriced.xlsx,MARKET SHED.,89,여성친화형 시장 쉼터,5,6,"세부시트는 1동, General Summary는 5동이나 재공고 전기공종 제목은 6동을 명시하여 범위 확인 필요",ELEMENT NO.9,"Switches, Sockets & Wiring Accessories",item,,13A SP 2-Gang plate switched socket outlets c/w neon indicator and flush mounting box,전기·전력인입,NO,no.,0.0,,0.0,0.0,,,,,False,zero_quantity_check_formula_or_design;scope_multiplier_applied_for_scenario;scope_multiplier_conflict;unpriced_source
L2023-00009-1,2019-00005,data/unpacked/L2023-00009-1/2. 입찰서류(영문)/Part 2(░·╛≈┴÷╜├╝¡)/Section 4. Bill of Quantities_unpriced.xlsx,MARKET SHED.,90,여성친화형 시장 쉼터,5,6,"세부시트는 1동, General Summary는 5동이나 재공고 전기공종 제목은 6동을 명시하여 범위 확인 필요",ELEMENT NO.9,Wiring,heading,,Wiring,전기·전력인입,,,,,,,,,,,False,unpriced_source
L2023-00009-1,2019-00005,data/unpacked/L2023-00009-1/2. 입찰서류(영문)/Part 2(░·╛≈┴÷╜├╝¡)/Section 4. Bill of Quantities_unpriced.xlsx,MARKET SHED.,91,여성친화형 시장 쉼터,5,6,"세부시트는 1동, General Summary는 5동이나 재공고 전기공종 제목은 6동을 명시하여 범위 확인 필요",ELEMENT NO.9,MAINS POWER SUPPLY AND CONNECTION,heading,,MAINS POWER SUPPLY AND CONNECTION,기타,,,,,,,,,,,False,unpriced_source
L2023-00009-1,2019-00005,data/unpacked/L2023-00009-1/2. 입찰서류(영문)/Part 2(░·╛≈┴÷╜├╝¡)/Section 4. Bill of Quantities_unpriced.xlsx,MARKET SHED.,92,여성친화형 시장 쉼터,5,6,"세부시트는 1동, General Summary는 5동이나 재공고 전기공종 제목은 6동을 명시하여 범위 확인 필요",ELEMENT NO.9,MAINS POWER SUPPLY AND CONNECTION,item,,Earthing by 16mm2 stranded bare copper cable complete with all accessories,전기·전력인입,m,m,10.0,,50.0,60.0,,,,,False,scope_multiplier_applied_for_scenario;scope_multiplier_conflict;unpriced_source
L2023-00009-1,2019-00005,data/unpacked/L2023-00009-1/2. 입찰서류(영문)/Part 2(░·╛≈┴÷╜├╝¡)/Section 4. Bill of Quantities_unpriced.xlsx,MARKET SHED.,93,여성친화형 시장 쉼터,5,6,"세부시트는 1동, General Summary는 5동이나 재공고 전기공종 제목은 6동을 명시하여 범위 확인 필요",ELEMENT NO.9,MAINS POWER SUPPLY AND CONNECTION,item,,Earth Electrodes made from hard drawn copper weld complete with cap earth clamp manjole and complete with all accessories,기타,Item,item,1.0,,5.0,6.0,,,,,False,scope_multiplier_applied_for_scenario;scope_multiplier_conflict;unpriced_source
L2023-00009-1,2019-00005,data/unpacked/L2023-00009-1/2. 입찰서류(영문)/Part 2(░·╛≈┴÷╜├╝¡)/Section 4. Bill of Quantities_unpriced.xlsx,MARKET SHED.,94,여성친화형 시장 쉼터,5,6,"세부시트는 1동, General Summary는 5동이나 재공고 전기공종 제목은 6동을 명시하여 범위 확인 필요",ELEMENT NO.9,Lighting points,heading,,Lighting points,전기·전력인입,,,,,,,,,,,False,unpriced_source
L2023-00009-1,2019-00005,data/unpacked/L2023-00009-1/2. 입찰서류(영문)/Part 2(░·╛≈┴÷╜├╝¡)/Section 4. Bill of Quantities_unpriced.xlsx,MARKET SHED.,95,여성친화형 시장 쉼터,5,6,"세부시트는 1동, General Summary는 5동이나 재공고 전기공종 제목은 6동을 명시하여 범위 확인 필요",ELEMENT NO.9,Lighting points,item,,"All wiring of lighting points are to be connected complete and ready from 10A SP miniature circuit breakers on Consumer unit, using 1.5mm sq. PVC-Insulated single core copper cables drawn in PVC flush installed conduits, through switches, and as per drawings",전기·전력인입,NO,no.,30.0,,150.0,180.0,,,,,False,scope_multiplier_applied_for_scenario;scope_multiplier_conflict;unpriced_source
L2023-00009-1,2019-00005,data/unpacked/L2023-00009-1/2. 입찰서류(영문)/Part 2(░·╛≈┴÷╜├╝¡)/Section 4. Bill of Quantities_unpriced.xlsx,MARKET SHED.,96,여성친화형 시장 쉼터,5,6,"세부시트는 1동, General Summary는 5동이나 재공고 전기공종 제목은 6동을 명시하여 범위 확인 필요",ELEMENT NO.9,Power points,heading,,Power points,기타,,,,,,,,,,,False,unpriced_source
L2023-00009-1,2019-00005,data/unpacked/L2023-00009-1/2. 입찰서류(영문)/Part 2(░·╛≈┴÷╜├╝¡)/Section 4. Bill of Quantities_unpriced.xlsx,MARKET SHED.,97,여성친화형 시장 쉼터,5,6,"세부시트는 1동, General Summary는 5동이나 재공고 전기공종 제목은 6동을 명시하여 범위 확인 필요",ELEMENT NO.9,Power points,item,,"All wiring of all power points are to be connected complete and ready from 32A SP miniature circuit breakers of the respective Consumer Unit using 2.5mm sq. PVC-Insulated single core copper cables in ring circuit, drawn in PVC flush installed conduits, as per drawings",전기·전력인입,NO,no.,0.0,,0.0,0.0,,,,,False,zero_quantity_check_formula_or_design;scope_multiplier_applied_for_scenario;scope_multiplier_conflict;unpriced_source
L2023-00009-1,2019-00005,data/unpacked/L2023-00009-1/2. 입찰서류(영문)/Part 2(░·╛≈┴÷╜├╝¡)/Section 4. Bill of Quantities_unpriced.xlsx,MARKET SHED.,98,여성친화형 시장 쉼터,5,6,"세부시트는 1동, General Summary는 5동이나 재공고 전기공종 제목은 6동을 명시하여 범위 확인 필요",ELEMENT NO.9,Low Voltage System Earthing,heading,,Low Voltage System Earthing,기타,,,,,,,,,,,False,unpriced_source
L2023-00009-1,2019-00005,data/unpacked/L2023-00009-1/2. 입찰서류(영문)/Part 2(░·╛≈┴÷╜├╝¡)/Section 4. Bill of Quantities_unpriced.xlsx,MARKET SHED.,99,여성친화형 시장 쉼터,5,6,"세부시트는 1동, General Summary는 5동이나 재공고 전기공종 제목은 6동을 명시하여 범위 확인 필요",ELEMENT NO.9,Low Voltage System Earthing,item,,Earth the Low Voltage System so as to achieve a final earth resistance value of not more than 1.0 Ohm and as per IEE Regulations and Code of Practice,기타,ITEM,item,1.0,,5.0,6.0,,,,,False,scope_multiplier_applied_for_scenario;scope_multiplier_conflict;unpriced_source
L2023-00009-1,2019-00005,data/unpacked/L2023-00009-1/2. 입찰서류(영문)/Part 2(░·╛≈┴÷╜├╝¡)/Section 4. Bill of Quantities_unpriced.xlsx,MARKET SHED.,100,여성친화형 시장 쉼터,5,6,"세부시트는 1동, General Summary는 5동이나 재공고 전기공종 제목은 6동을 명시하여 범위 확인 필요",ELEMENT NO.9,Low Voltage System Earthing,item,,Supply and Install a 8x8 Adaptable Box for Connection from Main source,기타,NO,no.,1.0,,5.0,6.0,,,,,False,scope_multiplier_applied_for_scenario;scope_multiplier_conflict;unpriced_source
L2023-00009-1,2019-00005,data/unpacked/L2023-00009-1/2. 입찰서류(영문)/Part 2(░·╛≈┴÷╜├╝¡)/Section 4. Bill of Quantities_unpriced.xlsx,MARKET SHED.,101,여성친화형 시장 쉼터,5,6,"세부시트는 1동, General Summary는 5동이나 재공고 전기공종 제목은 6동을 명시하여 범위 확인 필요",ELEMENT NO.9,LIGHTNING PROTECTION SCHEME,heading,,LIGHTNING PROTECTION SCHEME,전기·전력인입,,,,,,,,,,,False,unpriced_source
L2023-00009-1,2019-00005,data/unpacked/L2023-00009-1/2. 입찰서류(영문)/Part 2(░·╛≈┴÷╜├╝¡)/Section 4. Bill of Quantities_unpriced.xlsx,MARKET SHED.,102,여성친화형 시장 쉼터,5,6,"세부시트는 1동, General Summary는 5동이나 재공고 전기공종 제목은 6동을 명시하여 범위 확인 필요",ELEMENT NO.9,"All items are to be supplied and installed complete with all the required mounting, fixing, clipping, testing, connecting accessories, connected, tested and commissioned to the satisfaction of the Electrical Engineer.",heading,,"All items are to be supplied and installed complete with all the required mounting, fixing, clipping, testing, connecting accessories, connected, tested and commissioned to the satisfaction of the Electrical Engineer.",전기·전력인입,,,,,,,,,,,False,unpriced_source
L2023-00009-1,2019-00005,data/unpacked/L2023-00009-1/2. 입찰서류(영문)/Part 2(░·╛≈┴÷╜├╝¡)/Section 4. Bill of Quantities_unpriced.xlsx,MARKET SHED.,103,여성친화형 시장 쉼터,5,6,"세부시트는 1동, General Summary는 5동이나 재공고 전기공종 제목은 6동을 명시하여 범위 확인 필요",ELEMENT NO.9,"All items are to be supplied and installed complete with all the required mounting, fixing, clipping, testing, connecting accessories, connected, tested and commissioned to the satisfaction of the Electrical Engineer.",item,,"25mm x 3mm copper tape as to FURSE manufacture, or approved equivalent.",전기·전력인입,LM,m,40.0,,200.0,240.0,,,,,False,scope_multiplier_applied_for_scenario;scope_multiplier_conflict;unpriced_source
L2023-00009-1,2019-00005,data/unpacked/L2023-00009-1/2. 입찰서류(영문)/Part 2(░·╛≈┴÷╜├╝¡)/Section 4. Bill of Quantities_unpriced.xlsx,MARKET SHED.,104,여성친화형 시장 쉼터,5,6,"세부시트는 1동, General Summary는 5동이나 재공고 전기공종 제목은 6동을 명시하여 범위 확인 필요",ELEMENT NO.9,"All items are to be supplied and installed complete with all the required mounting, fixing, clipping, testing, connecting accessories, connected, tested and commissioned to the satisfaction of the Electrical Engineer.",item,,"25mm x 3mm copper square test clamp, as to FURSE Cat.No. CT 105, or approved equivalent.",전기·전력인입,NO,no.,2.0,,10.0,12.0,,,,,False,scope_multiplier_applied_for_scenario;scope_multiplier_conflict;unpriced_source
L2023-00009-1,2019-00005,data/unpacked/L2023-00009-1/2. 입찰서류(영문)/Part 2(░·╛≈┴÷╜├╝¡)/Section 4. Bill of Quantities_unpriced.xlsx,MARKET SHED.,105,여성친화형 시장 쉼터,5,6,"세부시트는 1동, General Summary는 5동이나 재공고 전기공종 제목은 6동을 명시하여 범위 확인 필요",ELEMENT NO.9,"All items are to be supplied and installed complete with all the required mounting, fixing, clipping, testing, connecting accessories, connected, tested and commissioned to the satisfaction of the Electrical Engineer.",item,,"2000mm x 15mm air rod, as to FURSE Cat. No. RA 240 c/w multiple point, as to FURSE Cat. No. RA 600, air terminal base, as to FURSE Cat. No. SD 105, and ridge saddle, as to FURSE Cat. No. SD 115, or approved equivalent.",전기·전력인입,NO,no.,1.0,,5.0,6.0,,,,,False,scope_multiplier_applied_for_scenario;scope_multiplier_conflict;unpriced_source
L2023-00009-1,2019-00005,data/unpacked/L2023-00009-1/2. 입찰서류(영문)/Part 2(░·╛≈┴÷╜├╝¡)/Section 4. Bill of Quantities_unpriced.xlsx,MARKET SHED.,106,여성친화형 시장 쉼터,5,6,"세부시트는 1동, General Summary는 5동이나 재공고 전기공종 제목은 6동을 명시하여 범위 확인 필요",ELEMENT NO.9,"All items are to be supplied and installed complete with all the required mounting, fixing, clipping, testing, connecting accessories, connected, tested and commissioned to the satisfaction of the Electrical Engineer.",item,,25mm x 3mm Tape Clips,전기·전력인입,pkts,pkt,8.0,,40.0,48.0,,,,,False,scope_multiplier_applied_for_scenario;scope_multiplier_conflict;unpriced_source
L2023-00009-1,2019-00005,data/unpacked/L2023-00009-1/2. 입찰서류(영문)/Part 2(░·╛≈┴÷╜├╝¡)/Section 4. Bill of Quantities_unpriced.xlsx,MARKET SHED.,107,여성친화형 시장 쉼터,5,6,"세부시트는 1동, General Summary는 5동이나 재공고 전기공종 제목은 6동을 명시하여 범위 확인 필요",ELEMENT NO.9,"All items are to be supplied and installed complete with all the required mounting, fixing, clipping, testing, connecting accessories, connected, tested and commissioned to the satisfaction of the Electrical Engineer.",item,,"1200mm x 20mm solid copper earth rod, as to FURSE Cat.No. RC 015, and 600x600 earth mat complete with driving stud and coupler, and accessories.",전기·전력인입,NO,no.,1.0,,5.0,6.0,,,,,False,scope_multiplier_applied_for_scenario;scope_multiplier_conflict;unpriced_source
L2023-00009-1,2019-00005,data/unpacked/L2023-00009-1/2. 입찰서류(영문)/Part 2(░·╛≈┴÷╜├╝¡)/Section 4. Bill of Quantities_unpriced.xlsx,MARKET SHED.,108,여성친화형 시장 쉼터,5,6,"세부시트는 1동, General Summary는 5동이나 재공고 전기공종 제목은 6동을 명시하여 범위 확인 필요",ELEMENT NO.9,"All items are to be supplied and installed complete with all the required mounting, fixing, clipping, testing, connecting accessories, connected, tested and commissioned to the satisfaction of the Electrical Engineer.",item,,"Concrete inspection chamber, as to FURSE Cat. No. PT005 or approved equivalent.",전기·전력인입,NO,no.,1.0,,5.0,6.0,,,,,False,scope_multiplier_applied_for_scenario;scope_multiplier_conflict;unpriced_source
L2023-00009-1,2019-00005,data/unpacked/L2023-00009-1/2. 입찰서류(영문)/Part 2(░·╛≈┴÷╜├╝¡)/Section 4. Bill of Quantities_unpriced.xlsx,MARKET SHED.,109,여성친화형 시장 쉼터,5,6,"세부시트는 1동, General Summary는 5동이나 재공고 전기공종 제목은 6동을 명시하여 범위 확인 필요",ELEMENT NO.9,"All items are to be supplied and installed complete with all the required mounting, fixing, clipping, testing, connecting accessories, connected, tested and commissioned to the satisfaction of the Electrical Engineer.",item,,"Allow for testing and improving of earth resistance like charcoal, and all accessories required to achieve an earth resistance of 5 Ohms",전기·전력인입,ITEM,item,1.0,,5.0,6.0,,,,,False,scope_multiplier_applied_for_scenario;scope_multiplier_conflict;unpriced_source
L2023-00009-1,2019-00005,data/unpacked/L2023-00009-1/2. 입찰서류(영문)/Part 2(░·╛≈┴÷╜├╝¡)/Section 4. Bill of Quantities_unpriced.xlsx,MARKET SHED.,110,여성친화형 시장 쉼터,5,6,"세부시트는 1동, General Summary는 5동이나 재공고 전기공종 제목은 6동을 명시하여 범위 확인 필요",ELEMENT NO.9,"All items are to be supplied and installed complete with all the required mounting, fixing, clipping, testing, connecting accessories, connected, tested and commissioned to the satisfaction of the Electrical Engineer.",total,,Total Market Sheds -6 No. Carried to Collection,전기·전력인입,,,,,,,,,,,False,unpriced_source
L2023-00009-1,2019-00005,data/unpacked/L2023-00009-1/2. 입찰서류(영문)/Part 2(░·╛≈┴÷╜├╝¡)/Section 4. Bill of Quantities_unpriced.xlsx,RAINWATER HARVESTING,2,"빗물저장시설 10,000L",2,2,"세부시트는 1기, General Summary 수량 2",,"The following in 1No. 10,000L Rainwater storage tank including tank base",heading,,"The following in 1No. 10,000L Rainwater storage tank including tank base",급배수·빗물이용,,,,,,,,,,,False,unpriced_source
L2023-00009-1,2019-00005,data/unpacked/L2023-00009-1/2. 입찰서류(영문)/Part 2(░·╛≈┴÷╜├╝¡)/Section 4. Bill of Quantities_unpriced.xlsx,RAINWATER HARVESTING,3,"빗물저장시설 10,000L",2,2,"세부시트는 1기, General Summary 수량 2",,"The following in 1No. 10,000L Rainwater storage tank including tank base",item,A,Excavation (150mm deep),급배수·빗물이용,SM,m²,9.0,,18.0,18.0,,,,,False,scope_multiplier_applied_for_scenario;unpriced_source
L2023-00009-1,2019-00005,data/unpacked/L2023-00009-1/2. 입찰서류(영문)/Part 2(░·╛≈┴÷╜├╝¡)/Section 4. Bill of Quantities_unpriced.xlsx,RAINWATER HARVESTING,4,"빗물저장시설 10,000L",2,2,"세부시트는 1기, General Summary 수량 2",,"The following in 1No. 10,000L Rainwater storage tank including tank base",item,B,Anti-termite treatment: sides and bottoms of foundations,급배수·빗물이용,SM,m²,14.0,,28.0,28.0,,,,,False,scope_multiplier_applied_for_scenario;unpriced_source
L2023-00009-1,2019-00005,data/unpacked/L2023-00009-1/2. 입찰서류(영문)/Part 2(░·╛≈┴÷╜├╝¡)/Section 4. Bill of Quantities_unpriced.xlsx,RAINWATER HARVESTING,5,"빗물저장시설 10,000L",2,2,"세부시트는 1기, General Summary 수량 2",,"The following in 1No. 10,000L Rainwater storage tank including tank base",item,C,Ditto: blinded surfaces of hardcore,급배수·빗물이용,SM,m²,6.0,,12.0,12.0,,,,,False,scope_multiplier_applied_for_scenario;unpriced_source
L2023-00009-1,2019-00005,data/unpacked/L2023-00009-1/2. 입찰서류(영문)/Part 2(░·╛≈┴÷╜├╝¡)/Section 4. Bill of Quantities_unpriced.xlsx,RAINWATER HARVESTING,6,"빗물저장시설 10,000L",2,2,"세부시트는 1기, General Summary 수량 2",,"The following in 1No. 10,000L Rainwater storage tank including tank base",item,D,Excavation (n.e. 1.50m deep),급배수·빗물이용,CM,m³,3.0,,6.0,6.0,,,,,False,scope_multiplier_applied_for_scenario;unpriced_source
L2023-00009-1,2019-00005,data/unpacked/L2023-00009-1/2. 입찰서류(영문)/Part 2(░·╛≈┴÷╜├╝¡)/Section 4. Bill of Quantities_unpriced.xlsx,RAINWATER HARVESTING,7,"빗물저장시설 10,000L",2,2,"세부시트는 1기, General Summary 수량 2",,"The following in 1No. 10,000L Rainwater storage tank including tank base",item,E,"Return, fill and ram",급배수·빗물이용,CM,m³,1.0,,2.0,2.0,,,,,False,scope_multiplier_applied_for_scenario;unpriced_source
L2023-00009-1,2019-00005,data/unpacked/L2023-00009-1/2. 입찰서류(영문)/Part 2(░·╛≈┴÷╜├╝¡)/Section 4. Bill of Quantities_unpriced.xlsx,RAINWATER HARVESTING,8,"빗물저장시설 10,000L",2,2,"세부시트는 1기, General Summary 수량 2",,"The following in 1No. 10,000L Rainwater storage tank including tank base",item,F,Surplus excavated material,급배수·빗물이용,CM,m³,2.0,,4.0,4.0,,,,,False,scope_multiplier_applied_for_scenario;unpriced_source
L2023-00009-1,2019-00005,data/unpacked/L2023-00009-1/2. 입찰서류(영문)/Part 2(░·╛≈┴÷╜├╝¡)/Section 4. Bill of Quantities_unpriced.xlsx,RAINWATER HARVESTING,9,"빗물저장시설 10,000L",2,2,"세부시트는 1기, General Summary 수량 2",,"The following in 1No. 10,000L Rainwater storage tank including tank base",item,G,125mm Murrum filling,급배수·빗물이용,SM,m²,6.0,,12.0,12.0,,,,,False,scope_multiplier_applied_for_scenario;unpriced_source
L2023-00009-1,2019-00005,data/unpacked/L2023-00009-1/2. 입찰서류(영문)/Part 2(░·╛≈┴÷╜├╝¡)/Section 4. Bill of Quantities_unpriced.xlsx,RAINWATER HARVESTING,10,"빗물저장시설 10,000L",2,2,"세부시트는 1기, General Summary 수량 2",,"The following in 1No. 10,000L Rainwater storage tank including tank base",item,H,150mm Hardcore bed,급배수·빗물이용,SM,m²,6.0,,12.0,12.0,,,,,False,scope_multiplier_applied_for_scenario;unpriced_source
L2023-00009-1,2019-00005,data/unpacked/L2023-00009-1/2. 입찰서류(영문)/Part 2(░·╛≈┴÷╜├╝¡)/Section 4. Bill of Quantities_unpriced.xlsx,RAINWATER HARVESTING,11,"빗물저장시설 10,000L",2,2,"세부시트는 1기, General Summary 수량 2",,"The following in 1No. 10,000L Rainwater storage tank including tank base",item,I,Plain concrete class 15/20mm aggregates (mix 1:3:6) in: foundation trenches,급배수·빗물이용,CM,m³,1.0,,2.0,2.0,,,,,False,scope_multiplier_applied_for_scenario;unpriced_source
L2023-00009-1,2019-00005,data/unpacked/L2023-00009-1/2. 입찰서류(영문)/Part 2(░·╛≈┴÷╜├╝¡)/Section 4. Bill of Quantities_unpriced.xlsx,RAINWATER HARVESTING,12,"빗물저장시설 10,000L",2,2,"세부시트는 1기, General Summary 수량 2",,"The following in 1No. 10,000L Rainwater storage tank including tank base",item,J,Ditto: 100mm Floor bed,급배수·빗물이용,SM,m²,9.0,,18.0,18.0,,,,,False,scope_multiplier_applied_for_scenario;unpriced_source
L2023-00009-1,2019-00005,data/unpacked/L2023-00009-1/2. 입찰서류(영문)/Part 2(░·╛≈┴÷╜├╝¡)/Section 4. Bill of Quantities_unpriced.xlsx,RAINWATER HARVESTING,13,"빗물저장시설 10,000L",2,2,"세부시트는 1기, General Summary 수량 2",,"The following in 1No. 10,000L Rainwater storage tank including tank base",item,K,Formwork,급배수·빗물이용,LM,m,7.0,,14.0,14.0,,,,,False,scope_multiplier_applied_for_scenario;unpriced_source
L2023-00009-1,2019-00005,data/unpacked/L2023-00009-1/2. 입찰서류(영문)/Part 2(░·╛≈┴÷╜├╝¡)/Section 4. Bill of Quantities_unpriced.xlsx,RAINWATER HARVESTING,14,"빗물저장시설 10,000L",2,2,"세부시트는 1기, General Summary 수량 2",,"The following in 1No. 10,000L Rainwater storage tank including tank base",item,L,200mm brick wall,급배수·빗물이용,SM,m²,4.0,,8.0,8.0,,,,,False,scope_multiplier_applied_for_scenario;unpriced_source
L2023-00009-1,2019-00005,data/unpacked/L2023-00009-1/2. 입찰서류(영문)/Part 2(░·╛≈┴÷╜├╝¡)/Section 4. Bill of Quantities_unpriced.xlsx,RAINWATER HARVESTING,15,"빗물저장시설 10,000L",2,2,"세부시트는 1기, General Summary 수량 2",,"The following in 1No. 10,000L Rainwater storage tank including tank base",item,M,15mm cement and sand (1:4) mortar,급배수·빗물이용,SM,m²,4.0,,8.0,8.0,,,,,False,scope_multiplier_applied_for_scenario;unpriced_source
L2023-00009-1,2019-00005,data/unpacked/L2023-00009-1/2. 입찰서류(영문)/Part 2(░·╛≈┴÷╜├╝¡)/Section 4. Bill of Quantities_unpriced.xlsx,RAINWATER HARVESTING,16,"빗물저장시설 10,000L",2,2,"세부시트는 1기, General Summary 수량 2",,"The following in 1No. 10,000L Rainwater storage tank including tank base",item,N,"10,000L PVC tanks as Crestank or approved equal, complete with 20mm washout and 20mm overflow pipe.",급배수·빗물이용,NO,no.,1.0,,2.0,2.0,,,,,False,scope_multiplier_applied_for_scenario;unpriced_source
L2023-00009-1,2019-00005,data/unpacked/L2023-00009-1/2. 입찰서류(영문)/Part 2(░·╛≈┴÷╜├╝¡)/Section 4. Bill of Quantities_unpriced.xlsx,RAINWATER HARVESTING,17,"빗물저장시설 10,000L",2,2,"세부시트는 1기, General Summary 수량 2",,"The following in 1No. 10,000L Rainwater storage tank including tank base",item,O,12mm Bip tap,급배수·빗물이용,NO,no.,1.0,,2.0,2.0,,,,,False,scope_multiplier_applied_for_scenario;unpriced_source
L2023-00009-1,2019-00005,data/unpacked/L2023-00009-1/2. 입찰서류(영문)/Part 2(░·╛≈┴÷╜├╝¡)/Section 4. Bill of Quantities_unpriced.xlsx,RAINWATER HARVESTING,18,"빗물저장시설 10,000L",2,2,"세부시트는 1기, General Summary 수량 2",,"The following in 1No. 10,000L Rainwater storage tank including tank base",item,P,Allow for drain-off pipe for first rains,급배수·빗물이용,Item,item,1.0,,2.0,2.0,,,,,False,scope_multiplier_applied_for_scenario;unpriced_source
L2023-00009-1,2019-00005,data/unpacked/L2023-00009-1/2. 입찰서류(영문)/Part 2(░·╛≈┴÷╜├╝¡)/Section 4. Bill of Quantities_unpriced.xlsx,RAINWATER HARVESTING,19,"빗물저장시설 10,000L",2,2,"세부시트는 1기, General Summary 수량 2",,"The following in 1No. 10,000L Rainwater storage tank including tank base",item,Q,200mm protective brick wall,급배수·빗물이용,SM,m²,8.0,,16.0,16.0,,,,,False,scope_multiplier_applied_for_scenario;unpriced_source
L2023-00009-1,2019-00005,data/unpacked/L2023-00009-1/2. 입찰서류(영문)/Part 2(░·╛≈┴÷╜├╝¡)/Section 4. Bill of Quantities_unpriced.xlsx,RAINWATER HARVESTING,20,"빗물저장시설 10,000L",2,2,"세부시트는 1기, General Summary 수량 2",,"The following in 1No. 10,000L Rainwater storage tank including tank base",item,R,15mm cement and sand (1:4) render,급배수·빗물이용,SM,m²,8.0,,16.0,16.0,,,,,False,scope_multiplier_applied_for_scenario;unpriced_source
L2023-00009-1,2019-00005,data/unpacked/L2023-00009-1/2. 입찰서류(영문)/Part 2(░·╛≈┴÷╜├╝¡)/Section 4. Bill of Quantities_unpriced.xlsx,RAINWATER HARVESTING,21,"빗물저장시설 10,000L",2,2,"세부시트는 1기, General Summary 수량 2",,"The following in 1No. 10,000L Rainwater storage tank including tank base",item,S,50mm uPVC pipe embedded in brickwork,급배수·빗물이용,Item,item,1.0,,2.0,2.0,,,,,False,scope_multiplier_applied_for_scenario;unpriced_source
L2023-00009-1,2019-00005,data/unpacked/L2023-00009-1/2. 입찰서류(영문)/Part 2(░·╛≈┴÷╜├╝¡)/Section 4. Bill of Quantities_unpriced.xlsx,RAINWATER HARVESTING,22,"빗물저장시설 10,000L",2,2,"세부시트는 1기, General Summary 수량 2",,"The following in 1No. 10,000L Rainwater storage tank including tank base",item,T,230mm Concrete copping (mix 1:1.5:3),급배수·빗물이용,LM,m,14.0,,28.0,28.0,,,,,False,scope_multiplier_applied_for_scenario;unpriced_source
L2023-00009-1,2019-00005,data/unpacked/L2023-00009-1/2. 입찰서류(영문)/Part 2(░·╛≈┴÷╜├╝¡)/Section 4. Bill of Quantities_unpriced.xlsx,RAINWATER HARVESTING,23,"빗물저장시설 10,000L",2,2,"세부시트는 1기, General Summary 수량 2",,"The following in 1No. 10,000L Rainwater storage tank including tank base",item,U,Supply and install 160mm pvc rain water gutter including all fittings,급배수·빗물이용,LM,m,30.0,,60.0,60.0,,,,,False,scope_multiplier_applied_for_scenario;unpriced_source
L2023-00009-1,2019-00005,data/unpacked/L2023-00009-1/2. 입찰서류(영문)/Part 2(░·╛≈┴÷╜├╝¡)/Section 4. Bill of Quantities_unpriced.xlsx,RAINWATER HARVESTING,24,"빗물저장시설 10,000L",2,2,"세부시트는 1기, General Summary 수량 2",,Single Phase Water pump,heading,,Single Phase Water pump,급배수·빗물이용,,,,,,,,,,,False,unpriced_source
L2023-00009-1,2019-00005,data/unpacked/L2023-00009-1/2. 입찰서류(영문)/Part 2(░·╛≈┴÷╜├╝¡)/Section 4. Bill of Quantities_unpriced.xlsx,RAINWATER HARVESTING,25,"빗물저장시설 10,000L",2,2,"세부시트는 1기, General Summary 수량 2",,Single Phase Water pump,item,V,"Pump, Pedrollo, type PKm 60 - 1, 0.37KW (to be supplied by Davis & Shirtliff (Int) Ltd.)",급배수·빗물이용,NO,no.,1.0,,2.0,2.0,,,,,False,scope_multiplier_applied_for_scenario;unpriced_source
L2023-00009-1,2019-00005,data/unpacked/L2023-00009-1/2. 입찰서류(영문)/Part 2(░·╛≈┴÷╜├╝¡)/Section 4. Bill of Quantities_unpriced.xlsx,RAINWATER HARVESTING,26,"빗물저장시설 10,000L",2,2,"세부시트는 1기, General Summary 수량 2",,Single Phase Water pump,total,,TOTAL CARRIED TO COLLECTION,급배수·빗물이용,,,,,,,,,,,False,unpriced_source
L2023-00009-1,2019-00005,data/unpacked/L2023-00009-1/2. 입찰서류(영문)/Part 2(░·╛≈┴÷╜├╝¡)/Section 4. Bill of Quantities_unpriced.xlsx,FIRE SUPRESSION SYSTEM,2,소화설비,1,1,General Summary 수량 1,,Fire Supression System( Extinguishers),heading,,Fire Supression System( Extinguishers),소방,,,,,,,,,,,False,unpriced_source
L2023-00009-1,2019-00005,data/unpacked/L2023-00009-1/2. 입찰서류(영문)/Part 2(░·╛≈┴÷╜├╝¡)/Section 4. Bill of Quantities_unpriced.xlsx,FIRE SUPRESSION SYSTEM,5,소화설비,1,1,General Summary 수량 1,,Fire Supression System( Extinguishers),item,A,9kg powder type wall mounted fire extinguisher as Nafco or equal approved.,소방,No.,no.,8.0,,8.0,8.0,,,,,False,unpriced_source
L2023-00009-1,2019-00005,data/unpacked/L2023-00009-1/2. 입찰서류(영문)/Part 2(░·╛≈┴÷╜├╝¡)/Section 4. Bill of Quantities_unpriced.xlsx,FIRE SUPRESSION SYSTEM,8,소화설비,1,1,General Summary 수량 1,,Fire Supression System( Extinguishers),total,,Total carried to Collection,소방,,,,,,,,,,,False,unpriced_source
L2023-00009-1,2019-00005,data/unpacked/L2023-00009-1/2. 입찰서류(영문)/Part 2(░·╛≈┴÷╜├╝¡)/Section 4. Bill of Quantities_unpriced.xlsx,EXTERNAL WORKS,3,외부공사,1,1,General Summary 수량 1,,CHAIN LINK FENCE,heading,1,CHAIN LINK FENCE,외부공사,,,,,,,,,,,False,unpriced_source
L2023-00009-1,2019-00005,data/unpacked/L2023-00009-1/2. 입찰서류(영문)/Part 2(░·╛≈┴÷╜├╝¡)/Section 4. Bill of Quantities_unpriced.xlsx,EXTERNAL WORKS,4,외부공사,1,1,General Summary 수량 1,,Chain link fencing: 50 x 50 X 4mm Mild Steel Angle posts: excavate 300x300x600mm deep post holes and dispose off surplus spoil: concrete grade 15 concrete filling 300mm deep . Including 200 x 300mm grade 15 Concrete Haunching,heading,,Chain link fencing: 50 x 50 X 4mm Mild Steel Angle posts: excavate 300x300x600mm deep post holes and dispose off surplus spoil: concrete grade 15 concrete filling 300mm deep . Including 200 x 300mm grade 15 Concrete Haunching,외부공사,,,,,,,,,,,False,unpriced_source
L2023-00009-1,2019-00005,data/unpacked/L2023-00009-1/2. 입찰서류(영문)/Part 2(░·╛≈┴÷╜├╝¡)/Section 4. Bill of Quantities_unpriced.xlsx,EXTERNAL WORKS,5,외부공사,1,1,General Summary 수량 1,,Chain link fencing: 50 x 50 X 4mm Mild Steel Angle posts: excavate 300x300x600mm deep post holes and dispose off surplus spoil: concrete grade 15 concrete filling 300mm deep . Including 200 x 300mm grade 15 Concrete Haunching,item,A,"1800mm High fencing: 10 gauge chain link mesh wired to 3No. 2.5mm diameter galvanized steel line wire: wires threaded through posts: 1900mm long 50 x 50 X 4mm Mild Steel Angle posts: with cranked top :1800mm high above ground level at 3.0 meter centers with 300x300x 500mm deep concrete C20 base: three lines of 2.5mm diameter barbed wire (Posts, Chain link, barbed wire, etc measured together)",외부공사,LM,m,308.0,,308.0,308.0,,,,,False,unpriced_source
L2023-00009-1,2019-00005,data/unpacked/L2023-00009-1/2. 입찰서류(영문)/Part 2(░·╛≈┴÷╜├╝¡)/Section 4. Bill of Quantities_unpriced.xlsx,EXTERNAL WORKS,6,외부공사,1,1,General Summary 수량 1,,Chain link fencing: 50 x 50 X 4mm Mild Steel Angle posts: excavate 300x300x600mm deep post holes and dispose off surplus spoil: concrete grade 15 concrete filling 300mm deep . Including 200 x 300mm grade 15 Concrete Haunching,item,B,Extra for corner/intermediate post: 2No. 75 x 75 X 4mm Mild Steel Angle posts fixed with concrete class C20.,외부공사,NO,no.,38.0,,38.0,38.0,,,,,False,unpriced_source
L2023-00009-1,2019-00005,data/unpacked/L2023-00009-1/2. 입찰서류(영문)/Part 2(░·╛≈┴÷╜├╝¡)/Section 4. Bill of Quantities_unpriced.xlsx,EXTERNAL WORKS,7,외부공사,1,1,General Summary 수량 1,,Chain link fencing: 50 x 50 X 4mm Mild Steel Angle posts: excavate 300x300x600mm deep post holes and dispose off surplus spoil: concrete grade 15 concrete filling 300mm deep . Including 200 x 300mm grade 15 Concrete Haunching,item,C,Formwork surported to to receive 100mm haunching concrete,외부공사,LM,m,618.0,,618.0,618.0,,,,,False,unpriced_source
L2023-00009-1,2019-00005,data/unpacked/L2023-00009-1/2. 입찰서류(영문)/Part 2(░·╛≈┴÷╜├╝¡)/Section 4. Bill of Quantities_unpriced.xlsx,EXTERNAL WORKS,8,외부공사,1,1,General Summary 수량 1,,Chain link fencing: 50 x 50 X 4mm Mild Steel Angle posts: excavate 300x300x600mm deep post holes and dispose off surplus spoil: concrete grade 15 concrete filling 300mm deep . Including 200 x 300mm grade 15 Concrete Haunching,item,D,Extra grade 15 concrete 100 mm thick 200mm wide for concrete hauching,외부공사,LM,m,308.0,,308.0,308.0,,,,,False,unpriced_source
L2023-00009-1,2019-00005,data/unpacked/L2023-00009-1/2. 입찰서류(영문)/Part 2(░·╛≈┴÷╜├╝¡)/Section 4. Bill of Quantities_unpriced.xlsx,EXTERNAL WORKS,9,외부공사,1,1,General Summary 수량 1,,Metallic grille Gates,heading,2,Metallic grille Gates,외부공사,,,,,,,,,,,False,unpriced_source
L2023-00009-1,2019-00005,data/unpacked/L2023-00009-1/2. 입찰서류(영문)/Part 2(░·╛≈┴÷╜├╝¡)/Section 4. Bill of Quantities_unpriced.xlsx,EXTERNAL WORKS,10,외부공사,1,1,General Summary 수량 1,,Metallic grille Gates,item,E,Fabricate and install metallic grillesgates made of 50mm x 3mm SHS welded at 100mm centre onto 100mm x 50mm x 3mm RHS framework - size 4000mm wide x 2000mm height,외부공사,NO,no.,1.0,,1.0,1.0,,,,,False,unpriced_source
L2023-00009-1,2019-00005,data/unpacked/L2023-00009-1/2. 입찰서류(영문)/Part 2(░·╛≈┴÷╜├╝¡)/Section 4. Bill of Quantities_unpriced.xlsx,EXTERNAL WORKS,11,외부공사,1,1,General Summary 수량 1,,STORMWATER DRAINAGE INFRONT OF THE MARKET,heading,3,STORMWATER DRAINAGE INFRONT OF THE MARKET,외부공사,,,,,,,,,,,False,unpriced_source
L2023-00009-1,2019-00005,data/unpacked/L2023-00009-1/2. 입찰서류(영문)/Part 2(░·╛≈┴÷╜├╝¡)/Section 4. Bill of Quantities_unpriced.xlsx,EXTERNAL WORKS,12,외부공사,1,1,General Summary 수량 1,,STORMWATER DRAINAGE INFRONT OF THE MARKET,item,F,"Construction of stormwater Channel comprising of stone slates bound together with cement sand mortar(1:4), 200mm thick base 600mm wide, 200mm thick sloping sides to form 400mm deep channel 300mm wide at the bottom and 600mm wide on top.",외부공사,LM,m,0.0,,0.0,0.0,,,,,False,zero_quantity_check_formula_or_design;unpriced_source
L2023-00009-1,2019-00005,data/unpacked/L2023-00009-1/2. 입찰서류(영문)/Part 2(░·╛≈┴÷╜├╝¡)/Section 4. Bill of Quantities_unpriced.xlsx,EXTERNAL WORKS,13,외부공사,1,1,General Summary 수량 1,,ENTRANCE AND EXIT TO THE MARKET; ACCESS TO MILLING FACILITY,heading,4,ENTRANCE AND EXIT TO THE MARKET; ACCESS TO MILLING FACILITY,외부공사,,,,,,,,,,,False,unpriced_source
L2023-00009-1,2019-00005,data/unpacked/L2023-00009-1/2. 입찰서류(영문)/Part 2(░·╛≈┴÷╜├╝¡)/Section 4. Bill of Quantities_unpriced.xlsx,EXTERNAL WORKS,14,외부공사,1,1,General Summary 수량 1,,ENTRANCE AND EXIT TO THE MARKET; ACCESS TO MILLING FACILITY,item,G,"Construct 4m wide access to the facility comprising of 600mm diameter culverts laid on 150mm C15 Concrete base,with 300mm compacted granular materials surrounding and 150mm C25 thick Concrete wearing course reinforced with BRC A98 1500mm long balanced on either side of the culverts.",외부공사,No.,no.,3.0,,3.0,3.0,,,,,False,unpriced_source
L2023-00009-1,2019-00005,data/unpacked/L2023-00009-1/2. 입찰서류(영문)/Part 2(░·╛≈┴÷╜├╝¡)/Section 4. Bill of Quantities_unpriced.xlsx,EXTERNAL WORKS,15,외부공사,1,1,General Summary 수량 1,,ENTRANCE AND EXIT TO THE MARKET; ACCESS TO MILLING FACILITY,item,H,Construct 200mm thick Stone Pitched Head walls up to 300mm above the wearing course,외부공사,SM,m²,12.0,,12.0,12.0,,,,,False,unpriced_source
L2023-00009-1,2019-00005,data/unpacked/L2023-00009-1/2. 입찰서류(영문)/Part 2(░·╛≈┴÷╜├╝¡)/Section 4. Bill of Quantities_unpriced.xlsx,EXTERNAL WORKS,16,외부공사,1,1,General Summary 수량 1,,"Driveways, pathways and Parking including Cabro-paving",heading,5,"Driveways, pathways and Parking including Cabro-paving",외부공사,,,,,,,,,,,False,unpriced_source
L2023-00009-1,2019-00005,data/unpacked/L2023-00009-1/2. 입찰서류(영문)/Part 2(░·╛≈┴÷╜├╝¡)/Section 4. Bill of Quantities_unpriced.xlsx,EXTERNAL WORKS,17,외부공사,1,1,General Summary 수량 1,,"Driveways, pathways and Parking including Cabro-paving",item,I,"Provide granular materials, mixed with murram, spread water and compact in layers not exceeding 150mm to at least 95% MOD, AASHATO.",외부공사,SM,m²,4490.0,,4490.0,4490.0,,,,,False,unpriced_source
L2023-00009-1,2019-00005,data/unpacked/L2023-00009-1/2. 입찰서류(영문)/Part 2(░·╛≈┴÷╜├╝¡)/Section 4. Bill of Quantities_unpriced.xlsx,EXTERNAL WORKS,18,외부공사,1,1,General Summary 수량 1,,Cabro-Paving,heading,,Cabro-Paving,외부공사,,,,,,,,,,,False,unpriced_source
L2023-00009-1,2019-00005,data/unpacked/L2023-00009-1/2. 입찰서류(영문)/Part 2(░·╛≈┴÷╜├╝¡)/Section 4. Bill of Quantities_unpriced.xlsx,EXTERNAL WORKS,19,외부공사,1,1,General Summary 수량 1,,Cabro-Paving,item,J,Supply and lay 50mm bed of coarse aggregate sand sub-base,외부공사,SM,m²,0.0,,0.0,0.0,,,,,False,zero_quantity_check_formula_or_design;unpriced_source
L2023-00009-1,2019-00005,data/unpacked/L2023-00009-1/2. 입찰서류(영문)/Part 2(░·╛≈┴÷╜├╝¡)/Section 4. Bill of Quantities_unpriced.xlsx,EXTERNAL WORKS,20,외부공사,1,1,General Summary 수량 1,,blinding ready to receive the concrete pavers.,heading,,blinding ready to receive the concrete pavers.,외부공사,,,,,,,,,,,False,unpriced_source
L2023-00009-1,2019-00005,data/unpacked/L2023-00009-1/2. 입찰서류(영문)/Part 2(░·╛≈┴÷╜├╝¡)/Section 4. Bill of Quantities_unpriced.xlsx,EXTERNAL WORKS,21,외부공사,1,1,General Summary 수량 1,,Supply and fix 60mm thick approved medium duty concrete paving,heading,K,Supply and fix 60mm thick approved medium duty concrete paving,외부공사,,,,,,,,,,,False,unpriced_source
L2023-00009-1,2019-00005,data/unpacked/L2023-00009-1/2. 입찰서류(영문)/Part 2(░·╛≈┴÷╜├╝¡)/Section 4. Bill of Quantities_unpriced.xlsx,EXTERNAL WORKS,22,외부공사,1,1,General Summary 수량 1,,blocks of minimum strength 45N/mm2 bedding and jointing on the,heading,,blocks of minimum strength 45N/mm2 bedding and jointing on the,외부공사,,,,,,,,,,,False,unpriced_source
L2023-00009-1,2019-00005,data/unpacked/L2023-00009-1/2. 입찰서류(영문)/Part 2(░·╛≈┴÷╜├╝¡)/Section 4. Bill of Quantities_unpriced.xlsx,EXTERNAL WORKS,23,외부공사,1,1,General Summary 수량 1,,sub-base blinding (measured separately above). The contractor will,heading,,sub-base blinding (measured separately above). The contractor will,외부공사,,,,,,,,,,,False,unpriced_source
L2023-00009-1,2019-00005,data/unpacked/L2023-00009-1/2. 입찰서류(영문)/Part 2(░·╛≈┴÷╜├╝¡)/Section 4. Bill of Quantities_unpriced.xlsx,EXTERNAL WORKS,24,외부공사,1,1,General Summary 수량 1,,sub-base blinding (measured separately above). The contractor will,item,,provider samples of pavers to the client for selecting the suitable,외부공사,SM,m²,0.0,,0.0,0.0,,,,,False,zero_quantity_check_formula_or_design;unpriced_source
L2023-00009-1,2019-00005,data/unpacked/L2023-00009-1/2. 입찰서류(영문)/Part 2(░·╛≈┴÷╜├╝¡)/Section 4. Bill of Quantities_unpriced.xlsx,EXTERNAL WORKS,25,외부공사,1,1,General Summary 수량 1,,choice.,heading,,choice.,외부공사,,,,,,,,,,,False,unpriced_source
L2023-00009-1,2019-00005,data/unpacked/L2023-00009-1/2. 입찰서류(영문)/Part 2(░·╛≈┴÷╜├╝¡)/Section 4. Bill of Quantities_unpriced.xlsx,EXTERNAL WORKS,26,외부공사,1,1,General Summary 수량 1,,Limiting access around Market Sheds by un authorised people,heading,6,Limiting access around Market Sheds by un authorised people,외부공사,,,,,,,,,,,False,unpriced_source
L2023-00009-1,2019-00005,data/unpacked/L2023-00009-1/2. 입찰서류(영문)/Part 2(░·╛≈┴÷╜├╝¡)/Section 4. Bill of Quantities_unpriced.xlsx,EXTERNAL WORKS,27,외부공사,1,1,General Summary 수량 1,,Limiting access around Market Sheds by un authorised people,item,L,Fabricate and install metallic illes gates made of 25mm x 3mm SHS welded at 100mm center onto 100mm x 50mm x 3mm RHS framework - size 4000mm wide x 2000mm height,외부공사,NO,no.,4.0,,4.0,4.0,,,,,False,unpriced_source
L2023-00009-1,2019-00005,data/unpacked/L2023-00009-1/2. 입찰서류(영문)/Part 2(░·╛≈┴÷╜├╝¡)/Section 4. Bill of Quantities_unpriced.xlsx,EXTERNAL WORKS,28,외부공사,1,1,General Summary 수량 1,,BUILT-UP GARBAGE BUNKERS,heading,7,BUILT-UP GARBAGE BUNKERS,외부공사,,,,,,,,,,,False,unpriced_source
L2023-00009-1,2019-00005,data/unpacked/L2023-00009-1/2. 입찰서류(영문)/Part 2(░·╛≈┴÷╜├╝¡)/Section 4. Bill of Quantities_unpriced.xlsx,EXTERNAL WORKS,29,외부공사,1,1,General Summary 수량 1,,BUILT-UP GARBAGE BUNKERS,item,,Allow for construction of fixed segregated garbage bunkers in ordinary clay brick work walling well plastered and painted to the engineer's details,외부공사,LS,item,1.0,,1.0,1.0,,,,,False,unpriced_source
L2023-00009-1,2019-00005,data/unpacked/L2023-00009-1/2. 입찰서류(영문)/Part 2(░·╛≈┴÷╜├╝¡)/Section 4. Bill of Quantities_unpriced.xlsx,EXTERNAL WORKS,30,외부공사,1,1,General Summary 수량 1,,BUILT-UP GARBAGE BUNKERS,item,M,Excavate for foundation trench not exceeding 0.5 meters deep from reduced level.,외부공사,CM,m³,7.5,,7.5,7.5,,,,,False,unpriced_source
L2023-00009-1,2019-00005,data/unpacked/L2023-00009-1/2. 입찰서류(영문)/Part 2(░·╛≈┴÷╜├╝¡)/Section 4. Bill of Quantities_unpriced.xlsx,EXTERNAL WORKS,31,외부공사,1,1,General Summary 수량 1,,BUILT-UP GARBAGE BUNKERS,item,N,Return fill and ram selected excavated material around foundations.,외부공사,CM,m³,5.2,,5.2,5.2,,,,,False,unpriced_source
L2023-00009-1,2019-00005,data/unpacked/L2023-00009-1/2. 입찰서류(영문)/Part 2(░·╛≈┴÷╜├╝¡)/Section 4. Bill of Quantities_unpriced.xlsx,EXTERNAL WORKS,32,외부공사,1,1,General Summary 수량 1,,BUILT-UP GARBAGE BUNKERS,item,O,Load and cart away surplus excavated material from site.,외부공사,CM,m³,2.3,,2.3,2.3,,,,,False,unpriced_source
L2023-00009-1,2019-00005,data/unpacked/L2023-00009-1/2. 입찰서류(영문)/Part 2(░·╛≈┴÷╜├╝¡)/Section 4. Bill of Quantities_unpriced.xlsx,EXTERNAL WORKS,33,외부공사,1,1,General Summary 수량 1,,BUILT-UP GARBAGE BUNKERS,item,P,Approved marrum fill to make up levels; well rolled and compacted to 95% MDD to Engineer's approval,외부공사,CM,m³,1.0,,1.0,1.0,,,,,False,unpriced_source
L2023-00009-1,2019-00005,data/unpacked/L2023-00009-1/2. 입찰서류(영문)/Part 2(░·╛≈┴÷╜├╝¡)/Section 4. Bill of Quantities_unpriced.xlsx,EXTERNAL WORKS,34,외부공사,1,1,General Summary 수량 1,,BUILT-UP GARBAGE BUNKERS,item,Q,"200mm Thick bed of hand packed stone base, well rolled and compacted.",외부공사,SM,m²,18.0,,18.0,18.0,,,,,False,unpriced_source
L2023-00009-1,2019-00005,data/unpacked/L2023-00009-1/2. 입찰서류(영문)/Part 2(░·╛≈┴÷╜├╝¡)/Section 4. Bill of Quantities_unpriced.xlsx,EXTERNAL WORKS,35,외부공사,1,1,General Summary 수량 1,,BUILT-UP GARBAGE BUNKERS,item,R,"Insecticide treatment to surfaces of hardcore, top of foundation walling, bottom and sides of excavation.",외부공사,SM,m²,44.0,,44.0,44.0,,,,,False,unpriced_source
L2023-00009-1,2019-00005,data/unpacked/L2023-00009-1/2. 입찰서류(영문)/Part 2(░·╛≈┴÷╜├╝¡)/Section 4. Bill of Quantities_unpriced.xlsx,EXTERNAL WORKS,36,외부공사,1,1,General Summary 수량 1,,COARSE SAND: in,heading,,COARSE SAND: in,외부공사,,,,,,,,,,,False,unpriced_source
L2023-00009-1,2019-00005,data/unpacked/L2023-00009-1/2. 입찰서류(영문)/Part 2(░·╛≈┴÷╜├╝¡)/Section 4. Bill of Quantities_unpriced.xlsx,EXTERNAL WORKS,37,외부공사,1,1,General Summary 수량 1,,COARSE SAND: in,item,S,50mm thick blinding over surfaces of hardcore,외부공사,SM,m²,18.0,=D34,18.0,18.0,,,,,False,formula_quantity;unpriced_source
L2023-00009-1,2019-00005,data/unpacked/L2023-00009-1/2. 입찰서류(영문)/Part 2(░·╛≈┴÷╜├╝¡)/Section 4. Bill of Quantities_unpriced.xlsx,EXTERNAL WORKS,38,외부공사,1,1,General Summary 수량 1,,CONCRETE WORK,heading,,CONCRETE WORK,외부공사,,,,,,,,,,,False,unpriced_source
L2023-00009-1,2019-00005,data/unpacked/L2023-00009-1/2. 입찰서류(영문)/Part 2(░·╛≈┴÷╜├╝¡)/Section 4. Bill of Quantities_unpriced.xlsx,EXTERNAL WORKS,39,외부공사,1,1,General Summary 수량 1,,VIBRATED MASS CONCRETE CLASS 20; 20mm AGGREGATE : in,heading,,VIBRATED MASS CONCRETE CLASS 20; 20mm AGGREGATE : in,외부공사,,,,,,,,,,,False,unpriced_source
L2023-00009-1,2019-00005,data/unpacked/L2023-00009-1/2. 입찰서류(영문)/Part 2(░·╛≈┴÷╜├╝¡)/Section 4. Bill of Quantities_unpriced.xlsx,EXTERNAL WORKS,40,외부공사,1,1,General Summary 수량 1,,VIBRATED MASS CONCRETE CLASS 20; 20mm AGGREGATE : in,item,T,Strip foundations,외부공사,CM,m³,2.34,,2.34,2.34,,,,,False,unpriced_source
L2023-00009-1,2019-00005,data/unpacked/L2023-00009-1/2. 입찰서류(영문)/Part 2(░·╛≈┴÷╜├╝¡)/Section 4. Bill of Quantities_unpriced.xlsx,EXTERNAL WORKS,41,외부공사,1,1,General Summary 수량 1,,VIBRATED REINFORCED CONCRETE CLASS 25; 20mm AGGREGATE : in,heading,,VIBRATED REINFORCED CONCRETE CLASS 25; 20mm AGGREGATE : in,외부공사,,,,,,,,,,,False,unpriced_source
L2023-00009-1,2019-00005,data/unpacked/L2023-00009-1/2. 입찰서류(영문)/Part 2(░·╛≈┴÷╜├╝¡)/Section 4. Bill of Quantities_unpriced.xlsx,EXTERNAL WORKS,42,외부공사,1,1,General Summary 수량 1,,VIBRATED REINFORCED CONCRETE CLASS 25; 20mm AGGREGATE : in,item,U,150mm thick ground floor slab,외부공사,SM,m²,18.0,=D34,18.0,18.0,,,,,False,formula_quantity;unpriced_source
L2023-00009-1,2019-00005,data/unpacked/L2023-00009-1/2. 입찰서류(영문)/Part 2(░·╛≈┴÷╜├╝¡)/Section 4. Bill of Quantities_unpriced.xlsx,EXTERNAL WORKS,43,외부공사,1,1,General Summary 수량 1,,STEEL FABRIC REINFORCEMENT TO BS 4483 as described,heading,,STEEL FABRIC REINFORCEMENT TO BS 4483 as described,외부공사,,,,,,,,,,,False,unpriced_source
L2023-00009-1,2019-00005,data/unpacked/L2023-00009-1/2. 입찰서류(영문)/Part 2(░·╛≈┴÷╜├╝¡)/Section 4. Bill of Quantities_unpriced.xlsx,EXTERNAL WORKS,44,외부공사,1,1,General Summary 수량 1,,STEEL FABRIC REINFORCEMENT TO BS 4483 as described,item,V,No. A142 Fabric Mesh reinforcement weighing 2.22 kg. per square meter fixed in slab,외부공사,SM,m²,18.0,=D42,18.0,18.0,,,,,False,formula_quantity;unpriced_source
L2023-00009-1,2019-00005,data/unpacked/L2023-00009-1/2. 입찰서류(영문)/Part 2(░·╛≈┴÷╜├╝¡)/Section 4. Bill of Quantities_unpriced.xlsx,EXTERNAL WORKS,45,외부공사,1,1,General Summary 수량 1,,FORMWORK TO,heading,,FORMWORK TO,외부공사,,,,,,,,,,,False,unpriced_source
L2023-00009-1,2019-00005,data/unpacked/L2023-00009-1/2. 입찰서류(영문)/Part 2(░·╛≈┴÷╜├╝¡)/Section 4. Bill of Quantities_unpriced.xlsx,EXTERNAL WORKS,46,외부공사,1,1,General Summary 수량 1,,FORMWORK TO,item,W,Edges of slabs 75 to 150mm high,외부공사,LM,m,10.4,,10.4,10.4,,,,,False,unpriced_source
L2023-00009-1,2019-00005,data/unpacked/L2023-00009-1/2. 입찰서류(영문)/Part 2(░·╛≈┴÷╜├╝¡)/Section 4. Bill of Quantities_unpriced.xlsx,EXTERNAL WORKS,47,외부공사,1,1,General Summary 수량 1,,DAMP PROOF COURSES,heading,,DAMP PROOF COURSES,외부공사,,,,,,,,,,,False,unpriced_source
L2023-00009-1,2019-00005,data/unpacked/L2023-00009-1/2. 입찰서류(영문)/Part 2(░·╛≈┴÷╜├╝¡)/Section 4. Bill of Quantities_unpriced.xlsx,EXTERNAL WORKS,48,외부공사,1,1,General Summary 수량 1,,DAMP PROOF COURSES,item,X,1000 Gauge polythene sheeting laid on blinded hardcore,외부공사,SM,m²,18.0,=D44,18.0,18.0,,,,,False,formula_quantity;unpriced_source
L2023-00009-1,2019-00005,data/unpacked/L2023-00009-1/2. 입찰서류(영문)/Part 2(░·╛≈┴÷╜├╝¡)/Section 4. Bill of Quantities_unpriced.xlsx,EXTERNAL WORKS,49,외부공사,1,1,General Summary 수량 1,,PLINTH WALLING,heading,,PLINTH WALLING,외부공사,,,,,,,,,,,False,unpriced_source
L2023-00009-1,2019-00005,data/unpacked/L2023-00009-1/2. 입찰서류(영문)/Part 2(░·╛≈┴÷╜├╝¡)/Section 4. Bill of Quantities_unpriced.xlsx,EXTERNAL WORKS,50,외부공사,1,1,General Summary 수량 1,,Solid concrete blockwork jointed and pointed in cement sand (1:3) mortar : with and including hoop iron wall ties every alternative course : in,heading,,Solid concrete blockwork jointed and pointed in cement sand (1:3) mortar : with and including hoop iron wall ties every alternative course : in,외부공사,,,,,,,,,,,False,unpriced_source
L2023-00009-1,2019-00005,data/unpacked/L2023-00009-1/2. 입찰서류(영문)/Part 2(░·╛≈┴÷╜├╝¡)/Section 4. Bill of Quantities_unpriced.xlsx,EXTERNAL WORKS,51,외부공사,1,1,General Summary 수량 1,,Solid concrete blockwork jointed and pointed in cement sand (1:3) mortar : with and including hoop iron wall ties every alternative course : in,item,Y,200mm Thick walls,외부공사,SM,m²,11.7,,11.7,11.7,,,,,False,unpriced_source
L2023-00009-1,2019-00005,data/unpacked/L2023-00009-1/2. 입찰서류(영문)/Part 2(░·╛≈┴÷╜├╝¡)/Section 4. Bill of Quantities_unpriced.xlsx,EXTERNAL WORKS,52,외부공사,1,1,General Summary 수량 1,,WALLING,heading,,WALLING,외부공사,,,,,,,,,,,False,unpriced_source
L2023-00009-1,2019-00005,data/unpacked/L2023-00009-1/2. 입찰서류(영문)/Part 2(░·╛≈┴÷╜├╝¡)/Section 4. Bill of Quantities_unpriced.xlsx,EXTERNAL WORKS,53,외부공사,1,1,General Summary 수량 1,,BRICK WORK,heading,,BRICK WORK,외부공사,,,,,,,,,,,False,unpriced_source
L2023-00009-1,2019-00005,data/unpacked/L2023-00009-1/2. 입찰서류(영문)/Part 2(░·╛≈┴÷╜├╝¡)/Section 4. Bill of Quantities_unpriced.xlsx,EXTERNAL WORKS,54,외부공사,1,1,General Summary 수량 1,,Brickwork in burnt clay bricks in cement and sand mortar (1:3) mix; with and including 25 x 3mm hoop iron strips laid horizontally every alternate course.,heading,,Brickwork in burnt clay bricks in cement and sand mortar (1:3) mix; with and including 25 x 3mm hoop iron strips laid horizontally every alternate course.,외부공사,,,,,,,,,,,False,unpriced_source
L2023-00009-1,2019-00005,data/unpacked/L2023-00009-1/2. 입찰서류(영문)/Part 2(░·╛≈┴÷╜├╝¡)/Section 4. Bill of Quantities_unpriced.xlsx,EXTERNAL WORKS,55,외부공사,1,1,General Summary 수량 1,,Brickwork in burnt clay bricks in cement and sand mortar (1:3) mix; with and including 25 x 3mm hoop iron strips laid horizontally every alternate course.,item,Z,200mm Thick walls,외부공사,SM,m²,27.0,,27.0,27.0,,,,,False,unpriced_source
L2023-00009-1,2019-00005,data/unpacked/L2023-00009-1/2. 입찰서류(영문)/Part 2(░·╛≈┴÷╜├╝¡)/Section 4. Bill of Quantities_unpriced.xlsx,EXTERNAL WORKS,56,외부공사,1,1,General Summary 수량 1,,DAMP PROOF COURSE OF BITUMEN FELT TO B.S 743 Type A with 150mm laps including cement and sand (1:3) levelling bed,heading,,DAMP PROOF COURSE OF BITUMEN FELT TO B.S 743 Type A with 150mm laps including cement and sand (1:3) levelling bed,외부공사,,,,,,,,,,,False,unpriced_source
L2023-00009-1,2019-00005,data/unpacked/L2023-00009-1/2. 입찰서류(영문)/Part 2(░·╛≈┴÷╜├╝¡)/Section 4. Bill of Quantities_unpriced.xlsx,EXTERNAL WORKS,57,외부공사,1,1,General Summary 수량 1,,DAMP PROOF COURSE OF BITUMEN FELT TO B.S 743 Type A with 150mm laps including cement and sand (1:3) levelling bed,item,AA,200mm Wide,외부공사,LM,m,26.0,,26.0,26.0,,,,,False,unpriced_source
L2023-00009-1,2019-00005,data/unpacked/L2023-00009-1/2. 입찰서류(영문)/Part 2(░·╛≈┴÷╜├╝¡)/Section 4. Bill of Quantities_unpriced.xlsx,EXTERNAL WORKS,58,외부공사,1,1,General Summary 수량 1,,CEMENT AND WASHED SAND (1:3) RENDER trowelled smooth,heading,,CEMENT AND WASHED SAND (1:3) RENDER trowelled smooth,외부공사,,,,,,,,,,,False,unpriced_source
L2023-00009-1,2019-00005,data/unpacked/L2023-00009-1/2. 입찰서류(영문)/Part 2(░·╛≈┴÷╜├╝¡)/Section 4. Bill of Quantities_unpriced.xlsx,EXTERNAL WORKS,59,외부공사,1,1,General Summary 수량 1,,CEMENT AND WASHED SAND (1:3) RENDER trowelled smooth,item,AB,12mm Thick to walls.,외부공사,SM,m²,54.0,,54.0,54.0,,,,,False,unpriced_source
L2023-00009-1,2019-00005,data/unpacked/L2023-00009-1/2. 입찰서류(영문)/Part 2(░·╛≈┴÷╜├╝¡)/Section 4. Bill of Quantities_unpriced.xlsx,EXTERNAL WORKS,60,외부공사,1,1,General Summary 수량 1,,PAINTING AND DECORATING,heading,,PAINTING AND DECORATING,외부공사,,,,,,,,,,,False,unpriced_source
L2023-00009-1,2019-00005,data/unpacked/L2023-00009-1/2. 입찰서류(영문)/Part 2(░·╛≈┴÷╜├╝¡)/Section 4. Bill of Quantities_unpriced.xlsx,EXTERNAL WORKS,61,외부공사,1,1,General Summary 수량 1,,Prepare and apply three coats of weather guard paint to rendered walls,heading,,Prepare and apply three coats of weather guard paint to rendered walls,외부공사,,,,,,,,,,,False,unpriced_source
L2023-00009-1,2019-00005,data/unpacked/L2023-00009-1/2. 입찰서류(영문)/Part 2(░·╛≈┴÷╜├╝¡)/Section 4. Bill of Quantities_unpriced.xlsx,EXTERNAL WORKS,62,외부공사,1,1,General Summary 수량 1,,Prepare and apply three coats of weather guard paint to rendered walls,item,AC,Rendered surfaces,외부공사,SM,m²,54.0,=D59,54.0,54.0,,,,,False,formula_quantity;unpriced_source
L2023-00009-1,2019-00005,data/unpacked/L2023-00009-1/2. 입찰서류(영문)/Part 2(░·╛≈┴÷╜├╝¡)/Section 4. Bill of Quantities_unpriced.xlsx,EXTERNAL WORKS,63,외부공사,1,1,General Summary 수량 1,,Solar Street Lighting System,heading,7,Solar Street Lighting System,외부공사,,,,,,,,,,,False,unpriced_source
L2023-00009-1,2019-00005,data/unpacked/L2023-00009-1/2. 입찰서류(영문)/Part 2(░·╛≈┴÷╜├╝¡)/Section 4. Bill of Quantities_unpriced.xlsx,EXTERNAL WORKS,64,외부공사,1,1,General Summary 수량 1,,Solar Street Lighting System,item,,"60W LED Solar Street light, V1,V2, with lithium ferro phosphate battery, solar panel , charger and PIR sensor built into luminare, alluminium pressure die-cast housing with anti-corrosive coating, UV stabilized polycarbonate cover, battery type-lithium ferro phosphate, Life P04 IP 384Wh, efficiency 175lm/W rating IP65, housing aluminium pressure diecast with anti-corrossive coating, UV stabilized anti corrosive colour, >90% efficiency. With 6m high,150mm Dia galvanised steel pole complete with 1.5m long &75 one arm, held by 400x400x10mm Galvanised steel plate & 16mm Dia J bolts cast in 800mm high 400x400 C25 Concrete block for type PSL above.",외부공사,NO,no.,3.0,,3.0,3.0,,,,,False,unpriced_source
L2023-00009-1,2019-00005,data/unpacked/L2023-00009-1/2. 입찰서류(영문)/Part 2(░·╛≈┴÷╜├╝¡)/Section 4. Bill of Quantities_unpriced.xlsx,EXTERNAL WORKS,65,외부공사,1,1,General Summary 수량 1,,Solar Street Lighting System,item,8,"Underground CU Cable 4core to connect transmit power to Market shed and Toilet, then from Maize Mill to Latrine",외부공사,LM,m,45.0,,45.0,45.0,,,,,False,unpriced_source
L2023-00009-1,2019-00005,data/unpacked/L2023-00009-1/2. 입찰서류(영문)/Part 2(░·╛≈┴÷╜├╝¡)/Section 4. Bill of Quantities_unpriced.xlsx,EXTERNAL WORKS,67,외부공사,1,1,General Summary 수량 1,,Solar Street Lighting System,total,,TOTAL CARRIED TO COLLECTION,외부공사,,,,,,,,,,,False,unpriced_source
L2023-00009-1,2019-00005,data/unpacked/L2023-00009-1/2. 입찰서류(영문)/Part 2(░·╛≈┴÷╜├╝¡)/Section 4. Bill of Quantities_unpriced.xlsx,SUPPLY OF 33KV LINE,6,33kV 전력인입,1,1,General Summary 수량 1,,,item,1,MV POLE 14m,전기·전력인입,EACH,no.,1.0,,1.0,1.0,,,,,False,unpriced_source
L2023-00009-1,2019-00005,data/unpacked/L2023-00009-1/2. 입찰서류(영문)/Part 2(░·╛≈┴÷╜├╝¡)/Section 4. Bill of Quantities_unpriced.xlsx,SUPPLY OF 33KV LINE,7,33kV 전력인입,1,1,General Summary 수량 1,,,item,2,MV POLE 12m,전기·전력인입,EACH,no.,3.0,,3.0,3.0,,,,,False,unpriced_source
L2023-00009-1,2019-00005,data/unpacked/L2023-00009-1/2. 입찰서류(영문)/Part 2(░·╛≈┴÷╜├╝¡)/Section 4. Bill of Quantities_unpriced.xlsx,SUPPLY OF 33KV LINE,8,33kV 전력인입,1,1,General Summary 수량 1,,,item,3,MV POLE 10m,전기·전력인입,EACH,no.,1.0,,1.0,1.0,,,,,False,unpriced_source
L2023-00009-1,2019-00005,data/unpacked/L2023-00009-1/2. 입찰서류(영문)/Part 2(░·╛≈┴÷╜├╝¡)/Section 4. Bill of Quantities_unpriced.xlsx,SUPPLY OF 33KV LINE,9,33kV 전력인입,1,1,General Summary 수량 1,,,item,4,POLE SAVER,전기·전력인입,EACH,no.,5.0,=E8+E7+E6,5.0,5.0,,,,,False,formula_quantity;unpriced_source
L2023-00009-1,2019-00005,data/unpacked/L2023-00009-1/2. 입찰서류(영문)/Part 2(░·╛≈┴÷╜├╝¡)/Section 4. Bill of Quantities_unpriced.xlsx,SUPPLY OF 33KV LINE,10,33kV 전력인입,1,1,General Summary 수량 1,,,item,5,T-OFF CROSS ARMS 33kV,전기·전력인입,EACH,no.,1.0,,1.0,1.0,,,,,False,unpriced_source
L2023-00009-1,2019-00005,data/unpacked/L2023-00009-1/2. 입찰서류(영문)/Part 2(░·╛≈┴÷╜├╝¡)/Section 4. Bill of Quantities_unpriced.xlsx,SUPPLY OF 33KV LINE,11,33kV 전력인입,1,1,General Summary 수량 1,,,item,6,TERMINAL CROSSARM 33kV,전기·전력인입,EACH,no.,1.0,,1.0,1.0,,,,,False,unpriced_source
L2023-00009-1,2019-00005,data/unpacked/L2023-00009-1/2. 입찰서류(영문)/Part 2(░·╛≈┴÷╜├╝¡)/Section 4. Bill of Quantities_unpriced.xlsx,SUPPLY OF 33KV LINE,12,33kV 전력인입,1,1,General Summary 수량 1,,,item,7,INTERMEDIATE CROSSARM 33kV,전기·전력인입,EACH,no.,1.0,,1.0,1.0,,,,,False,unpriced_source
L2023-00009-1,2019-00005,data/unpacked/L2023-00009-1/2. 입찰서류(영문)/Part 2(░·╛≈┴÷╜├╝¡)/Section 4. Bill of Quantities_unpriced.xlsx,SUPPLY OF 33KV LINE,13,33kV 전력인입,1,1,General Summary 수량 1,,,item,8,DROP OUT FUSED ISOLATOR SUPPORT 33kV,전기·전력인입,EACH,no.,1.0,,1.0,1.0,,,,,False,unpriced_source
L2023-00009-1,2019-00005,data/unpacked/L2023-00009-1/2. 입찰서류(영문)/Part 2(░·╛≈┴÷╜├╝¡)/Section 4. Bill of Quantities_unpriced.xlsx,SUPPLY OF 33KV LINE,14,33kV 전력인입,1,1,General Summary 수량 1,,,item,9,PIN INSULATORS R90 COMPLETE WITH SPINDLE,전기·전력인입,EACH,no.,6.0,,6.0,6.0,,,,,False,unpriced_source
L2023-00009-1,2019-00005,data/unpacked/L2023-00009-1/2. 입찰서류(영문)/Part 2(░·╛≈┴÷╜├╝¡)/Section 4. Bill of Quantities_unpriced.xlsx,SUPPLY OF 33KV LINE,15,33kV 전력인입,1,1,General Summary 수량 1,,,item,10,BOLTS & NUTS 3/4X12'',전기·전력인입,EACH,no.,18.0,=10+4+4,18.0,18.0,,,,,False,formula_quantity;unpriced_source
L2023-00009-1,2019-00005,data/unpacked/L2023-00009-1/2. 입찰서류(영문)/Part 2(░·╛≈┴÷╜├╝¡)/Section 4. Bill of Quantities_unpriced.xlsx,SUPPLY OF 33KV LINE,16,33kV 전력인입,1,1,General Summary 수량 1,,,item,11,BOLTS & NUTS 3/4X2'',전기·전력인입,EACH,no.,12.0,,12.0,12.0,,,,,False,unpriced_source
L2023-00009-1,2019-00005,data/unpacked/L2023-00009-1/2. 입찰서류(영문)/Part 2(░·╛≈┴÷╜├╝¡)/Section 4. Bill of Quantities_unpriced.xlsx,SUPPLY OF 33KV LINE,17,33kV 전력인입,1,1,General Summary 수량 1,,,item,12,POLYMERIC INSULATORS 33kV COMPLETE SET,전기·전력인입,SET,set,6.0,,6.0,6.0,,,,,False,unpriced_source
L2023-00009-1,2019-00005,data/unpacked/L2023-00009-1/2. 입찰서류(영문)/Part 2(░·╛≈┴÷╜├╝¡)/Section 4. Bill of Quantities_unpriced.xlsx,SUPPLY OF 33KV LINE,18,33kV 전력인입,1,1,General Summary 수량 1,,,item,13,PREFORMED DEAD ENDS 100sqmm,전기·전력인입,EACH,no.,6.0,,6.0,6.0,,,,,False,unpriced_source
L2023-00009-1,2019-00005,data/unpacked/L2023-00009-1/2. 입찰서류(영문)/Part 2(░·╛≈┴÷╜├╝¡)/Section 4. Bill of Quantities_unpriced.xlsx,SUPPLY OF 33KV LINE,19,33kV 전력인입,1,1,General Summary 수량 1,,,item,14,MV EARTHWIRE,전기·전력인입,METERS,m,1500.0,,1500.0,1500.0,,,,,False,unpriced_source
L2023-00009-1,2019-00005,data/unpacked/L2023-00009-1/2. 입찰서류(영문)/Part 2(░·╛≈┴÷╜├╝¡)/Section 4. Bill of Quantities_unpriced.xlsx,SUPPLY OF 33KV LINE,20,33kV 전력인입,1,1,General Summary 수량 1,,,item,15,MV STAY ASSEMBLY,전기·전력인입,SET,set,4.0,,4.0,4.0,,,,,False,unpriced_source
L2023-00009-1,2019-00005,data/unpacked/L2023-00009-1/2. 입찰서류(영문)/Part 2(░·╛≈┴÷╜├╝¡)/Section 4. Bill of Quantities_unpriced.xlsx,SUPPLY OF 33KV LINE,21,33kV 전력인입,1,1,General Summary 수량 1,,,item,16,DROP OUT FUSED ISOLATOR-33KV,전기·전력인입,SET,set,1.0,,1.0,1.0,,,,,False,unpriced_source
L2023-00009-1,2019-00005,data/unpacked/L2023-00009-1/2. 입찰서류(영문)/Part 2(░·╛≈┴÷╜├╝¡)/Section 4. Bill of Quantities_unpriced.xlsx,SUPPLY OF 33KV LINE,22,33kV 전력인입,1,1,General Summary 수량 1,,,item,17,PARALLEL MV GROOVE CLAMP -100MMSQ,전기·전력인입,EACH,no.,18.0,,18.0,18.0,,,,,False,unpriced_source
L2023-00009-1,2019-00005,data/unpacked/L2023-00009-1/2. 입찰서류(영문)/Part 2(░·╛≈┴÷╜├╝¡)/Section 4. Bill of Quantities_unpriced.xlsx,SUPPLY OF 33KV LINE,23,33kV 전력인입,1,1,General Summary 수량 1,,,item,18,MV AAAC 100sqmm - CONDUCTOR,전기·전력인입,METERS,m,198.75,=53*3*1.25,198.75,198.75,,,,,False,formula_quantity;unpriced_source
L2023-00009-1,2019-00005,data/unpacked/L2023-00009-1/2. 입찰서류(영문)/Part 2(░·╛≈┴÷╜├╝¡)/Section 4. Bill of Quantities_unpriced.xlsx,SUPPLY OF 33KV LINE,24,33kV 전력인입,1,1,General Summary 수량 1,,,item,19,THREE-PHASE ABC 50sqmm,전기·전력인입,METERS,m,43.199999999999996,=36*1.2,43.199999999999996,43.199999999999996,,,,,False,formula_quantity;unpriced_source
L2023-00009-1,2019-00005,data/unpacked/L2023-00009-1/2. 입찰서류(영문)/Part 2(░·╛≈┴÷╜├╝¡)/Section 4. Bill of Quantities_unpriced.xlsx,SUPPLY OF 33KV LINE,25,33kV 전력인입,1,1,General Summary 수량 1,,,item,20,LV ABC CABLE ACCESSORIES,전기·전력인입,NO.,no.,1.0,,1.0,1.0,,,,,False,unpriced_source
L2023-00009-1,2019-00005,data/unpacked/L2023-00009-1/2. 입찰서류(영문)/Part 2(░·╛≈┴÷╜├╝¡)/Section 4. Bill of Quantities_unpriced.xlsx,SUPPLY OF 33KV LINE,26,33kV 전력인입,1,1,General Summary 수량 1,,,item,21,LV STAY ASSEMBLY - COMPLETE,전기·전력인입,NO.,no.,1.0,,1.0,1.0,,,,,False,unpriced_source
L2023-00009-1,2019-00005,data/unpacked/L2023-00009-1/2. 입찰서류(영문)/Part 2(░·╛≈┴÷╜├╝¡)/Section 4. Bill of Quantities_unpriced.xlsx,SUPPLY OF 33KV LINE,27,33kV 전력인입,1,1,General Summary 수량 1,,,item,22,UMEME 3 PHASE METER BOX,전기·전력인입,EACH,no.,1.0,,1.0,1.0,,,,,False,unpriced_source
L2023-00009-1,2019-00005,data/unpacked/L2023-00009-1/2. 입찰서류(영문)/Part 2(░·╛≈┴÷╜├╝¡)/Section 4. Bill of Quantities_unpriced.xlsx,SUPPLY OF 33KV LINE,28,33kV 전력인입,1,1,General Summary 수량 1,,,item,23,33KV SURGE ARRESTORS,전기·전력인입,SET,set,2.0,,2.0,2.0,,,,,False,unpriced_source
L2023-00009-1,2019-00005,data/unpacked/L2023-00009-1/2. 입찰서류(영문)/Part 2(░·╛≈┴÷╜├╝¡)/Section 4. Bill of Quantities_unpriced.xlsx,SUPPLY OF 33KV LINE,29,33kV 전력인입,1,1,General Summary 수량 1,,,item,24,250A 3PHASE CIRCUIT BREAKER,전기·전력인입,PIECES,no.,1.0,,1.0,1.0,,,,,False,unpriced_source
L2023-00009-1,2019-00005,data/unpacked/L2023-00009-1/2. 입찰서류(영문)/Part 2(░·╛≈┴÷╜├╝¡)/Section 4. Bill of Quantities_unpriced.xlsx,SUPPLY OF 33KV LINE,30,33kV 전력인입,1,1,General Summary 수량 1,,,item,25,80A Single Pole CIRCUIT BREAKER,전기·전력인입,PIECES,no.,3.0,,3.0,3.0,,,,,False,unpriced_source
L2023-00009-1,2019-00005,data/unpacked/L2023-00009-1/2. 입찰서류(영문)/Part 2(░·╛≈┴÷╜├╝¡)/Section 4. Bill of Quantities_unpriced.xlsx,SUPPLY OF 33KV LINE,31,33kV 전력인입,1,1,General Summary 수량 1,,,item,26,"315KVA, 33KV/LV TRANSFORMER 3PHASE",전기·전력인입,EACH,no.,1.0,,1.0,1.0,,,,,False,unpriced_source
L2023-00009-1,2019-00005,data/unpacked/L2023-00009-1/2. 입찰서류(영문)/Part 2(░·╛≈┴÷╜├╝¡)/Section 4. Bill of Quantities_unpriced.xlsx,SUPPLY OF 33KV LINE,32,33kV 전력인입,1,1,General Summary 수량 1,,,item,27,TRANSFORMER TESTING AND LABELLING,전기·전력인입,ITEM,item,1.0,,1.0,1.0,,,,,False,unpriced_source
L2023-00009-1,2019-00005,data/unpacked/L2023-00009-1/2. 입찰서류(영문)/Part 2(░·╛≈┴÷╜├╝¡)/Section 4. Bill of Quantities_unpriced.xlsx,SUPPLY OF 33KV LINE,33,33kV 전력인입,1,1,General Summary 수량 1,,,item,28,TRANSFORMER PLATFORM - COMPLETE,전기·전력인입,SET,set,1.0,,1.0,1.0,,,,,False,unpriced_source
L2023-00009-1,2019-00005,data/unpacked/L2023-00009-1/2. 입찰서류(영문)/Part 2(░·╛≈┴÷╜├╝¡)/Section 4. Bill of Quantities_unpriced.xlsx,SUPPLY OF 33KV LINE,34,33kV 전력인입,1,1,General Summary 수량 1,,,item,29,KVA Umeme Meter - 400/5A,전기·전력인입,ITEM,item,1.0,,1.0,1.0,,,,,False,unpriced_source
L2023-00009-1,2019-00005,data/unpacked/L2023-00009-1/2. 입찰서류(영문)/Part 2(░·╛≈┴÷╜├╝¡)/Section 4. Bill of Quantities_unpriced.xlsx,SUPPLY OF 33KV LINE,35,33kV 전력인입,1,1,General Summary 수량 1,,,item,30,120mmsq LV 4 Core UG Cable,전기·전력인입,METERS,m,28.0,,28.0,28.0,,,,,False,unpriced_source
L2023-00009-1,2019-00005,data/unpacked/L2023-00009-1/2. 입찰서류(영문)/Part 2(░·╛≈┴÷╜├╝¡)/Section 4. Bill of Quantities_unpriced.xlsx,SUPPLY OF 33KV LINE,36,33kV 전력인입,1,1,General Summary 수량 1,,,item,31,TRANSFORMER WIRING - 120sqmm PVC Insulated Cable,전기·전력인입,METERS,m,30.0,,30.0,30.0,,,,,False,unpriced_source
L2023-00009-1,2019-00005,data/unpacked/L2023-00009-1/2. 입찰서류(영문)/Part 2(░·╛≈┴÷╜├╝¡)/Section 4. Bill of Quantities_unpriced.xlsx,SUPPLY OF 33KV LINE,37,33kV 전력인입,1,1,General Summary 수량 1,,,item,32,Cable Terminations - 95sqmm,전기·전력인입,SET,set,2.0,,2.0,2.0,,,,,False,unpriced_source
L2023-00009-1,2019-00005,data/unpacked/L2023-00009-1/2. 입찰서류(영문)/Part 2(░·╛≈┴÷╜├╝¡)/Section 4. Bill of Quantities_unpriced.xlsx,SUPPLY OF 33KV LINE,38,33kV 전력인입,1,1,General Summary 수량 1,,,item,33,Cable Bracket,전기·전력인입,EACH,no.,1.0,,1.0,1.0,,,,,False,unpriced_source
L2023-00009-1,2019-00005,data/unpacked/L2023-00009-1/2. 입찰서류(영문)/Part 2(░·╛≈┴÷╜├╝¡)/Section 4. Bill of Quantities_unpriced.xlsx,SUPPLY OF 33KV LINE,39,33kV 전력인입,1,1,General Summary 수량 1,,,item,34,CABLE LUGS 120sqmm BIMETAL,전기·전력인입,EACH,no.,12.0,,12.0,12.0,,,,,False,unpriced_source
L2023-00009-1,2019-00005,data/unpacked/L2023-00009-1/2. 입찰서류(영문)/Part 2(░·╛≈┴÷╜├╝¡)/Section 4. Bill of Quantities_unpriced.xlsx,SUPPLY OF 33KV LINE,40,33kV 전력인입,1,1,General Summary 수량 1,,,item,35,CABLE LUGS 100sqmm BIMETAL,전기·전력인입,EACH,no.,3.0,,3.0,3.0,,,,,False,unpriced_source
L2023-00009-1,2019-00005,data/unpacked/L2023-00009-1/2. 입찰서류(영문)/Part 2(░·╛≈┴÷╜├╝¡)/Section 4. Bill of Quantities_unpriced.xlsx,SUPPLY OF 33KV LINE,41,33kV 전력인입,1,1,General Summary 수량 1,,,item,36,CABLE LUGS 95sqmm CU,전기·전력인입,EACH,no.,6.0,,6.0,6.0,,,,,False,unpriced_source
L2023-00009-1,2019-00005,data/unpacked/L2023-00009-1/2. 입찰서류(영문)/Part 2(░·╛≈┴÷╜├╝¡)/Section 4. Bill of Quantities_unpriced.xlsx,SUPPLY OF 33KV LINE,42,33kV 전력인입,1,1,General Summary 수량 1,,,item,37,INSULATED LUG for ABC 70sqmm,전기·전력인입,EACH,no.,4.0,,4.0,4.0,,,,,False,unpriced_source
L2023-00009-1,2019-00005,data/unpacked/L2023-00009-1/2. 입찰서류(영문)/Part 2(░·╛≈┴÷╜├╝¡)/Section 4. Bill of Quantities_unpriced.xlsx,SUPPLY OF 33KV LINE,43,33kV 전력인입,1,1,General Summary 수량 1,,,item,38,"EARTHING DETAILS-EARTH RODS, EARTHWIRE AND CARBONATE",전기·전력인입,ITEM,item,2.0,,2.0,2.0,,,,,False,unpriced_source
L2023-00009-1,2019-00005,data/unpacked/L2023-00009-1/2. 입찰서류(영문)/Part 2(░·╛≈┴÷╜├╝¡)/Section 4. Bill of Quantities_unpriced.xlsx,SUPPLY OF 33KV LINE,44,33kV 전력인입,1,1,General Summary 수량 1,,,item,39,DANGER SIGN PLATE,전기·전력인입,EACH,no.,5.0,=E6+E7+E8,5.0,5.0,,,,,False,formula_quantity;unpriced_source
L2023-00009-1,2019-00005,data/unpacked/L2023-00009-1/2. 입찰서류(영문)/Part 2(░·╛≈┴÷╜├╝¡)/Section 4. Bill of Quantities_unpriced.xlsx,SUPPLY OF 33KV LINE,45,33kV 전력인입,1,1,General Summary 수량 1,,,item,40,POLE CAP,전기·전력인입,EACH,no.,5.0,=E6+E7+E8,5.0,5.0,,,,,False,formula_quantity;unpriced_source
L2023-00009-1,2019-00005,data/unpacked/L2023-00009-1/2. 입찰서류(영문)/Part 2(░·╛≈┴÷╜├╝¡)/Section 4. Bill of Quantities_unpriced.xlsx,SUPPLY OF 33KV LINE,46,33kV 전력인입,1,1,General Summary 수량 1,,,item,41,"INSPECTION AND COMMISSIONNG,SURVEY WORKS & UMEME DOCUMENTATION",전기·전력인입,ITEM,item,1.0,,1.0,1.0,,,,,False,unpriced_source
L2023-00009-1,2019-00005,data/unpacked/L2023-00009-1/2. 입찰서류(영문)/Part 2(░·╛≈┴÷╜├╝¡)/Section 4. Bill of Quantities_unpriced.xlsx,SUPPLY OF 33KV LINE,47,33kV 전력인입,1,1,General Summary 수량 1,,,total,,SUB TOTAL 1,전기·전력인입,,,,,,,,,,,False,unpriced_source
L2023-00009-1,2019-00005,data/unpacked/L2023-00009-1/2. 입찰서류(영문)/Part 2(░·╛≈┴÷╜├╝¡)/Section 4. Bill of Quantities_unpriced.xlsx,SUPPLY OF 33KV LINE,48,33kV 전력인입,1,1,General Summary 수량 1,,LABOUR,heading,,LABOUR,전기·전력인입,,,,,,,,,,,False,unpriced_source
L2023-00009-1,2019-00005,data/unpacked/L2023-00009-1/2. 입찰서류(영문)/Part 2(░·╛≈┴÷╜├╝¡)/Section 4. Bill of Quantities_unpriced.xlsx,SUPPLY OF 33KV LINE,49,33kV 전력인입,1,1,General Summary 수량 1,,LABOUR,total,,GRAND TOTAL,전기·전력인입,,,,,,,,,,,False,unpriced_source
