bid_no,project_no,country_ko,project_name,source_file,extension,bytes,indexed,text_chunks,evidence_count,candidate_types,exclusion_reason
L2021-00031-1,2019-00045,파키스탄,파키스탄 태양전지모듈 인증시험소 설립사업('19-'23/950만불),L2021-00031-1/2. Chapters/Chapter 2. Bid BoQ_1021/1)CIVIL (With Cover)_1008.xls,.xls,406528,True,460,1,BOQ,
L2021-00031-1,2019-00045,파키스탄,파키스탄 태양전지모듈 인증시험소 설립사업('19-'23/950만불),L2021-00031-1/2. Chapters/Chapter 2. Bid BoQ_1021/2)GUARD-ROOM_1008.xls,.xls,82432,True,77,0,BOQ,
L2021-00031-1,2019-00045,파키스탄,파키스탄 태양전지모듈 인증시험소 설립사업('19-'23/950만불),L2021-00031-1/2. Chapters/Chapter 2. Bid BoQ_1021/3)BOUNDARY WALL_1008.xlsx,.xlsx,33332,True,101,0,BOQ,
L2021-00031-1,2019-00045,파키스탄,파키스탄 태양전지모듈 인증시험소 설립사업('19-'23/950만불),L2021-00031-1/2. Chapters/Chapter 2. Bid BoQ_1021/4)Electric-1008.xlsx,.xlsx,31152,True,304,0,BOQ,
L2021-00031-1,2019-00045,파키스탄,파키스탄 태양전지모듈 인증시험소 설립사업('19-'23/950만불),L2021-00031-1/2. Chapters/Chapter 2. Bid BoQ_1021/5)FLS-1008.xlsx,.xlsx,41873,True,174,0,BOQ,
L2021-00031-1,2019-00045,파키스탄,파키스탄 태양전지모듈 인증시험소 설립사업('19-'23/950만불),L2021-00031-1/2. Chapters/Chapter 2. Bid BoQ_1021/6)HVAC_1008.xlsx,.xlsx,17962,True,56,0,BOQ,
L2022-00032-1,2016-20176,도미니카,도미니카공화국 미성년자 임신방지 및 여성보건환경개선 3차 사업('18-'24/470만불),L2022-00032-1/(붙임3) 설계 및 규정참고자료(영문)/Attachment (Design Documents) 3. BOQ (blanked)/BOQ (unit price blanked).pdf,.pdf,505425,True,20,6,BOQ | 가격·견적,
L2022-00032-1,2016-20176,도미니카,도미니카공화국 미성년자 임신방지 및 여성보건환경개선 3차 사업('18-'24/470만불),L2022-00032-1/(붙임3) 설계 및 규정참고자료(영문)/Attachment (Design Documents) 3. BOQ (blanked)/BOQ (unit price blanked).XLS,.xls,684544,True,664,0,BOQ | 가격·견적,
L2022-00040-1,2016-20176,도미니카,도미니카공화국 미성년자 임신방지 및 여성보건환경개선 3차 사업('18-'24/470만불),L2022-00040-1/(붙임3) 설계 및 규정참고자료(영문)/Attachment (Design Documents) 3. BOQ (blanked)/BOQ (unit price blanked).pdf,.pdf,505425,True,20,6,BOQ | 가격·견적,
L2022-00040-1,2016-20176,도미니카,도미니카공화국 미성년자 임신방지 및 여성보건환경개선 3차 사업('18-'24/470만불),L2022-00040-1/(붙임3) 설계 및 규정참고자료(영문)/Attachment (Design Documents) 3. BOQ (blanked)/BOQ (unit price blanked).XLS,.xls,684544,True,664,0,BOQ | 가격·견적,
L2023-00036-1,2020-00086,우즈베키스탄,"우즈베키스탄 우르겐치 직업훈련원 건립 및 직업훈련 제도역량 공고화 지원 사업('20-'24/1,400만불)",L2023-00036-1/붙임3_입찰관련서류_검토완_0717/Section 4.  Bill of Quantities(Not-Priced)/.Urgench_CM_Comments_Arch_VTC_and_TTC_ENG_20230707.zip,.zip,6277094,True,0,0,BOQ | 가격·견적,
L2023-00036-1,2020-00086,우즈베키스탄,"우즈베키스탄 우르겐치 직업훈련원 건립 및 직업훈련 제도역량 공고화 지원 사업('20-'24/1,400만불)",L2023-00036-1/붙임3_입찰관련서류_검토완_0717/Section 4.  Bill of Quantities(Not-Priced)/.Urgench_CM_Comments_Arch_VTC_and_TTC_ENG_20230707/1.1.Urgench_CM_Comments_Arch_VTC_and_TTC_ENG_20230505.xlsx,.xlsx,26633,True,64,0,BOQ | 가격·견적,
L2023-00036-1,2020-00086,우즈베키스탄,"우즈베키스탄 우르겐치 직업훈련원 건립 및 직업훈련 제도역량 공고화 지원 사업('20-'24/1,400만불)",L2023-00036-1/붙임3_입찰관련서류_검토완_0717/Section 4.  Bill of Quantities(Not-Priced)/.Urgench_CM_Comments_Arch_VTC_and_TTC_ENG_20230707/1.2. Urgench CM Comments(Elec)_VTC+TTC-(ENG)__20230707.xlsx,.xlsx,18391,True,51,0,BOQ | 가격·견적,
L2023-00036-1,2020-00086,우즈베키스탄,"우즈베키스탄 우르겐치 직업훈련원 건립 및 직업훈련 제도역량 공고화 지원 사업('20-'24/1,400만불)",L2023-00036-1/붙임3_입찰관련서류_검토완_0717/Section 4.  Bill of Quantities(Not-Priced)/.Urgench_CM_Comments_Arch_VTC_and_TTC_ENG_20230707/1.3.1. Urgench CM Comments(Mech) VTC_20230704_R3.xlsx,.xlsx,6188237,True,96,0,BOQ | 가격·견적,
L2023-00036-1,2020-00086,우즈베키스탄,"우즈베키스탄 우르겐치 직업훈련원 건립 및 직업훈련 제도역량 공고화 지원 사업('20-'24/1,400만불)",L2023-00036-1/붙임3_입찰관련서류_검토완_0717/Section 4.  Bill of Quantities(Not-Priced)/.Urgench_CM_Comments_Arch_VTC_and_TTC_ENG_20230707/1.3.2. Urgench CM Comments(Mech)_Tashkent_TTC_Drawings_20230704.xlsx,.xlsx,788369,True,15,0,BOQ | 도면 | 가격·견적,
L2023-00036-1,2020-00086,우즈베키스탄,"우즈베키스탄 우르겐치 직업훈련원 건립 및 직업훈련 제도역량 공고화 지원 사업('20-'24/1,400만불)",L2023-00036-1/붙임3_입찰관련서류_검토완_0717/Section 4.  Bill of Quantities(Not-Priced)/.Urgench_CM_Comments_Arch_VTC_and_TTC_ENG_20230707/1.3.3. Urgench CM_Comments_Mech_VTC_and_TTC_Main_ENG_20230707.xlsx.docx,.docx,16615,True,9,0,BOQ | 가격·견적,
L2023-00036-1,2020-00086,우즈베키스탄,"우즈베키스탄 우르겐치 직업훈련원 건립 및 직업훈련 제도역량 공고화 지원 사업('20-'24/1,400만불)",L2023-00036-1/붙임3_입찰관련서류_검토완_0717/Section 4.  Bill of Quantities(Not-Priced)/.Urgench_CM_Comments_Arch_VTC_and_TTC_ENG_20230707/1.4. Urgench CM_Comments_PMC_VTC_and_TTC_ENG_20230707.xlsx,.xlsx,18240,True,24,0,BOQ | 가격·견적,
L2023-00036-1,2020-00086,우즈베키스탄,"우즈베키스탄 우르겐치 직업훈련원 건립 및 직업훈련 제도역량 공고화 지원 사업('20-'24/1,400만불)",L2023-00036-1/붙임3_입찰관련서류_검토완_0717/Section 4.  Bill of Quantities(Not-Priced)/Estimate Detailed Conditions)(VTC+TTC)_Final_.docx,.docx,80256,True,128,0,BOQ | 가격·견적,
L2023-00036-1,2020-00086,우즈베키스탄,"우즈베키스탄 우르겐치 직업훈련원 건립 및 직업훈련 제도역량 공고화 지원 사업('20-'24/1,400만불)",L2023-00036-1/붙임3_입찰관련서류_검토완_0717/Section 4.  Bill of Quantities(Not-Priced)/Section 4. Bill of Quantity(Not-Priced) Summary.xls,.xls,76800,True,115,5,BOQ | 가격·견적,
L2023-00036-1,2020-00086,우즈베키스탄,"우즈베키스탄 우르겐치 직업훈련원 건립 및 직업훈련 제도역량 공고화 지원 사업('20-'24/1,400만불)",L2023-00036-1/붙임3_입찰관련서류_검토완_0717/Section 4.  Bill of Quantities(Not-Priced)/공내역서/Total Table(VTC+TTC o).xls,.xls,46592,True,57,3,BOQ | 가격·견적,
L2023-00036-1,2020-00086,우즈베키스탄,"우즈베키스탄 우르겐치 직업훈련원 건립 및 직업훈련 제도역량 공고화 지원 사업('20-'24/1,400만불)",L2023-00036-1/붙임3_입찰관련서류_검토완_0717/Section 4.  Bill of Quantities(Not-Priced)/공내역서/TTC견적서/Estimate Manual(VTC+TTC).docx,.docx,61925,True,108,0,BOQ | 가격·견적,
L2023-00036-1,2020-00086,우즈베키스탄,"우즈베키스탄 우르겐치 직업훈련원 건립 및 직업훈련 제도역량 공고화 지원 사업('20-'24/1,400만불)",L2023-00036-1/붙임3_입찰관련서류_검토완_0717/Section 4.  Bill of Quantities(Not-Priced)/공내역서/TTC견적서/Total Table(TTC o).xls,.xls,46080,True,27,0,BOQ | 가격·견적,
L2023-00036-1,2020-00086,우즈베키스탄,"우즈베키스탄 우르겐치 직업훈련원 건립 및 직업훈련 제도역량 공고화 지원 사업('20-'24/1,400만불)",L2023-00036-1/붙임3_입찰관련서류_검토완_0717/Section 4.  Bill of Quantities(Not-Priced)/공내역서/TTC견적서/TTC(Teacher Traing Center)/1 КЖ(Structure)/bv1960bvvv.xlsx,.xlsx,182869,True,2397,0,BOQ | 가격·견적,
L2023-00036-1,2020-00086,우즈베키스탄,"우즈베키스탄 우르겐치 직업훈련원 건립 및 직업훈련 제도역량 공고화 지원 사업('20-'24/1,400만불)",L2023-00036-1/붙임3_입찰관련서류_검토완_0717/Section 4.  Bill of Quantities(Not-Priced)/공내역서/TTC견적서/TTC(Teacher Traing Center)/1 КЖ(Structure)/ra1960.xlsx,.xlsx,22697,True,112,0,BOQ | 가격·견적,
L2023-00036-1,2020-00086,우즈베키스탄,"우즈베키스탄 우르겐치 직업훈련원 건립 및 직업훈련 제도역량 공고화 지원 사업('20-'24/1,400만불)",L2023-00036-1/붙임3_입찰관련서류_검토완_0717/Section 4.  Bill of Quantities(Not-Priced)/공내역서/TTC견적서/TTC(Teacher Traing Center)/10 СКС(Network)/bv880.xlsx,.xlsx,18727,True,82,0,BOQ | 가격·견적,
L2023-00036-1,2020-00086,우즈베키스탄,"우즈베키스탄 우르겐치 직업훈련원 건립 및 직업훈련 제도역량 공고화 지원 사업('20-'24/1,400만불)",L2023-00036-1/붙임3_입찰관련서류_검토완_0717/Section 4.  Bill of Quantities(Not-Priced)/공내역서/TTC견적서/TTC(Teacher Traing Center)/10 СКС(Network)/ra880.xlsx,.xlsx,18030,True,65,0,BOQ | 가격·견적,
L2023-00036-1,2020-00086,우즈베키스탄,"우즈베키스탄 우르겐치 직업훈련원 건립 및 직업훈련 제도역량 공고화 지원 사업('20-'24/1,400만불)",L2023-00036-1/붙임3_입찰관련서류_검토완_0717/Section 4.  Bill of Quantities(Not-Priced)/공내역서/TTC견적서/TTC(Teacher Traing Center)/11 ПС(Fire Alarm)/bv890.xlsx,.xlsx,16239,True,60,0,BOQ | 가격·견적,
L2023-00036-1,2020-00086,우즈베키스탄,"우즈베키스탄 우르겐치 직업훈련원 건립 및 직업훈련 제도역량 공고화 지원 사업('20-'24/1,400만불)",L2023-00036-1/붙임3_입찰관련서류_검토완_0717/Section 4.  Bill of Quantities(Not-Priced)/공내역서/TTC견적서/TTC(Teacher Traing Center)/11 ПС(Fire Alarm)/ra890.xlsx,.xlsx,16065,True,45,0,BOQ | 가격·견적,
L2023-00036-1,2020-00086,우즈베키스탄,"우즈베키스탄 우르겐치 직업훈련원 건립 및 직업훈련 제도역량 공고화 지원 사업('20-'24/1,400만불)",L2023-00036-1/붙임3_입찰관련서류_검토완_0717/Section 4.  Bill of Quantities(Not-Priced)/공내역서/TTC견적서/TTC(Teacher Traing Center)/12 OB( Heating & Ventilation)/bv900.xlsx,.xlsx,57114,True,597,0,BOQ | 가격·견적,
L2023-00036-1,2020-00086,우즈베키스탄,"우즈베키스탄 우르겐치 직업훈련원 건립 및 직업훈련 제도역량 공고화 지원 사업('20-'24/1,400만불)",L2023-00036-1/붙임3_입찰관련서류_검토완_0717/Section 4.  Bill of Quantities(Not-Priced)/공내역서/TTC견적서/TTC(Teacher Traing Center)/12 OB( Heating & Ventilation)/ra900.xlsx,.xlsx,25457,True,162,0,BOQ | 가격·견적,
L2023-00036-1,2020-00086,우즈베키스탄,"우즈베키스탄 우르겐치 직업훈련원 건립 및 직업훈련 제도역량 공고화 지원 사업('20-'24/1,400만불)",L2023-00036-1/붙임3_입찰관련서류_검토완_0717/Section 4.  Bill of Quantities(Not-Priced)/공내역서/TTC견적서/TTC(Teacher Traing Center)/13 ТП(Transformers)/13-1 AC(Architecture+Structure)/bv13610.xls,.xls,48640,True,70,0,BOQ | 가격·견적,
L2023-00036-1,2020-00086,우즈베키스탄,"우즈베키스탄 우르겐치 직업훈련원 건립 및 직업훈련 제도역량 공고화 지원 사업('20-'24/1,400만불)",L2023-00036-1/붙임3_입찰관련서류_검토완_0717/Section 4.  Bill of Quantities(Not-Priced)/공내역서/TTC견적서/TTC(Teacher Traing Center)/13 ТП(Transformers)/13-1 AC(Architecture+Structure)/ra13610.xls,.xls,80896,True,213,0,BOQ | 가격·견적,
L2023-00036-1,2020-00086,우즈베키스탄,"우즈베키스탄 우르겐치 직업훈련원 건립 및 직업훈련 제도역량 공고화 지원 사업('20-'24/1,400만불)",L2023-00036-1/붙임3_입찰관련서류_검토완_0717/Section 4.  Bill of Quantities(Not-Priced)/공내역서/TTC견적서/TTC(Teacher Traing Center)/13 ТП(Transformers)/13-2 ЭО(Electric)/bv13620.xls,.xls,41984,True,48,0,BOQ | 가격·견적,
L2023-00036-1,2020-00086,우즈베키스탄,"우즈베키스탄 우르겐치 직업훈련원 건립 및 직업훈련 제도역량 공고화 지원 사업('20-'24/1,400만불)",L2023-00036-1/붙임3_입찰관련서류_검토완_0717/Section 4.  Bill of Quantities(Not-Priced)/공내역서/TTC견적서/TTC(Teacher Traing Center)/13 ТП(Transformers)/13-2 ЭО(Electric)/ra13620.xls,.xls,65024,True,145,0,BOQ | 가격·견적,
L2023-00036-1,2020-00086,우즈베키스탄,"우즈베키스탄 우르겐치 직업훈련원 건립 및 직업훈련 제도역량 공고화 지원 사업('20-'24/1,400만불)",L2023-00036-1/붙임3_입찰관련서류_검토완_0717/Section 4.  Bill of Quantities(Not-Priced)/공내역서/TTC견적서/TTC(Teacher Traing Center)/2 АР(Architecture)/bv3030.xlsx,.xlsx,84434,True,921,0,BOQ | 가격·견적,
L2023-00036-1,2020-00086,우즈베키스탄,"우즈베키스탄 우르겐치 직업훈련원 건립 및 직업훈련 제도역량 공고화 지원 사업('20-'24/1,400만불)",L2023-00036-1/붙임3_입찰관련서류_검토완_0717/Section 4.  Bill of Quantities(Not-Priced)/공내역서/TTC견적서/TTC(Teacher Traing Center)/2 АР(Architecture)/ra3030.xlsx,.xlsx,27171,True,160,0,BOQ | 가격·견적,
L2023-00036-1,2020-00086,우즈베키스탄,"우즈베키스탄 우르겐치 직업훈련원 건립 및 직업훈련 제도역량 공고화 지원 사업('20-'24/1,400만불)",L2023-00036-1/붙임3_입찰관련서류_검토완_0717/Section 4.  Bill of Quantities(Not-Priced)/공내역서/TTC견적서/TTC(Teacher Traing Center)/3 ГП(Site Plan & Landscape+Outdoor Infra)/bv3060.xlsx,.xlsx,27660,True,191,0,BOQ | 가격·견적,
L2023-00036-1,2020-00086,우즈베키스탄,"우즈베키스탄 우르겐치 직업훈련원 건립 및 직업훈련 제도역량 공고화 지원 사업('20-'24/1,400만불)",L2023-00036-1/붙임3_입찰관련서류_검토완_0717/Section 4.  Bill of Quantities(Not-Priced)/공내역서/TTC견적서/TTC(Teacher Traing Center)/3 ГП(Site Plan & Landscape+Outdoor Infra)/ra3060.xlsx,.xlsx,18388,True,69,0,BOQ | 가격·견적,
L2023-00036-1,2020-00086,우즈베키스탄,"우즈베키스탄 우르겐치 직업훈련원 건립 및 직업훈련 제도역량 공고화 지원 사업('20-'24/1,400만불)",L2023-00036-1/붙임3_입찰관련서류_검토완_0717/Section 4.  Bill of Quantities(Not-Priced)/공내역서/TTC견적서/TTC(Teacher Traing Center)/4 Fence & Gate/bv1970.xlsx,.xlsx,31247,True,238,0,BOQ | 가격·견적,
L2023-00036-1,2020-00086,우즈베키스탄,"우즈베키스탄 우르겐치 직업훈련원 건립 및 직업훈련 제도역량 공고화 지원 사업('20-'24/1,400만불)",L2023-00036-1/붙임3_입찰관련서류_검토완_0717/Section 4.  Bill of Quantities(Not-Priced)/공내역서/TTC견적서/TTC(Teacher Traing Center)/4 Fence & Gate/ra1970.xlsx,.xlsx,17488,True,63,0,BOQ | 가격·견적,
L2023-00036-1,2020-00086,우즈베키스탄,"우즈베키스탄 우르겐치 직업훈련원 건립 및 직업훈련 제도역량 공고화 지원 사업('20-'24/1,400만불)",L2023-00036-1/붙임3_입찰관련서류_검토완_0717/Section 4.  Bill of Quantities(Not-Priced)/공내역서/TTC견적서/TTC(Teacher Traing Center)/5 BK(Water & Drain)/bv3070.xlsx,.xlsx,49531,True,515,0,BOQ | 가격·견적,
L2023-00036-1,2020-00086,우즈베키스탄,"우즈베키스탄 우르겐치 직업훈련원 건립 및 직업훈련 제도역량 공고화 지원 사업('20-'24/1,400만불)",L2023-00036-1/붙임3_입찰관련서류_검토완_0717/Section 4.  Bill of Quantities(Not-Priced)/공내역서/TTC견적서/TTC(Teacher Traing Center)/5 BK(Water & Drain)/ra3070.xlsx,.xlsx,25278,True,149,0,BOQ | 가격·견적,
L2023-00036-1,2020-00086,우즈베키스탄,"우즈베키스탄 우르겐치 직업훈련원 건립 및 직업훈련 제도역량 공고화 지원 사업('20-'24/1,400만불)",L2023-00036-1/붙임3_입찰관련서류_검토완_0717/Section 4.  Bill of Quantities(Not-Priced)/공내역서/TTC견적서/TTC(Teacher Traing Center)/6 BH(CCTV)/bv3040.xlsx,.xlsx,17421,True,82,0,BOQ | 가격·견적,
L2023-00036-1,2020-00086,우즈베키스탄,"우즈베키스탄 우르겐치 직업훈련원 건립 및 직업훈련 제도역량 공고화 지원 사업('20-'24/1,400만불)",L2023-00036-1/붙임3_입찰관련서류_검토완_0717/Section 4.  Bill of Quantities(Not-Priced)/공내역서/TTC견적서/TTC(Teacher Traing Center)/6 BH(CCTV)/ra3040.xlsx,.xlsx,15692,True,41,0,BOQ | 가격·견적,
L2023-00036-1,2020-00086,우즈베키스탄,"우즈베키스탄 우르겐치 직업훈련원 건립 및 직업훈련 제도역량 공고화 지원 사업('20-'24/1,400만불)",L2023-00036-1/붙임3_입찰관련서류_검토완_0717/Section 4.  Bill of Quantities(Not-Priced)/공내역서/TTC견적서/TTC(Teacher Traing Center)/7 CO(Suond)/bv3050.xlsx,.xlsx,19167,True,93,0,BOQ | 가격·견적,
L2023-00036-1,2020-00086,우즈베키스탄,"우즈베키스탄 우르겐치 직업훈련원 건립 및 직업훈련 제도역량 공고화 지원 사업('20-'24/1,400만불)",L2023-00036-1/붙임3_입찰관련서류_검토완_0717/Section 4.  Bill of Quantities(Not-Priced)/공내역서/TTC견적서/TTC(Teacher Traing Center)/7 CO(Suond)/ra3050.xlsx,.xlsx,16144,True,46,0,BOQ | 가격·견적,
L2023-00036-1,2020-00086,우즈베키스탄,"우즈베키스탄 우르겐치 직업훈련원 건립 및 직업훈련 제도역량 공고화 지원 사업('20-'24/1,400만불)",L2023-00036-1/붙임3_입찰관련서류_검토완_0717/Section 4.  Bill of Quantities(Not-Priced)/공내역서/TTC견적서/TTC(Teacher Traing Center)/8 TX(Technology)/bv1980.xlsx,.xlsx,26757,True,214,0,BOQ | 가격·견적,
L2023-00036-1,2020-00086,우즈베키스탄,"우즈베키스탄 우르겐치 직업훈련원 건립 및 직업훈련 제도역량 공고화 지원 사업('20-'24/1,400만불)",L2023-00036-1/붙임3_입찰관련서류_검토완_0717/Section 4.  Bill of Quantities(Not-Priced)/공내역서/TTC견적서/TTC(Teacher Traing Center)/8 TX(Technology)/ra1980.xlsx,.xlsx,20617,True,89,0,BOQ | 가격·견적,
L2023-00036-1,2020-00086,우즈베키스탄,"우즈베키스탄 우르겐치 직업훈련원 건립 및 직업훈련 제도역량 공고화 지원 사업('20-'24/1,400만불)",L2023-00036-1/붙임3_입찰관련서류_검토완_0717/Section 4.  Bill of Quantities(Not-Priced)/공내역서/TTC견적서/TTC(Teacher Traing Center)/9 ЭО(Electric)/bv870.xlsx,.xlsx,24024,True,149,0,BOQ | 가격·견적,
L2023-00036-1,2020-00086,우즈베키스탄,"우즈베키스탄 우르겐치 직업훈련원 건립 및 직업훈련 제도역량 공고화 지원 사업('20-'24/1,400만불)",L2023-00036-1/붙임3_입찰관련서류_검토완_0717/Section 4.  Bill of Quantities(Not-Priced)/공내역서/TTC견적서/TTC(Teacher Traing Center)/9 ЭО(Electric)/ra870.xlsx,.xlsx,17554,True,61,0,BOQ | 가격·견적,
L2023-00036-1,2020-00086,우즈베키스탄,"우즈베키스탄 우르겐치 직업훈련원 건립 및 직업훈련 제도역량 공고화 지원 사업('20-'24/1,400만불)",L2023-00036-1/붙임3_입찰관련서류_검토완_0717/Section 4.  Bill of Quantities(Not-Priced)/공내역서/TTC견적서/TTC(Teacher Traing Center)/СВОДКА(TTC Total sum. o).xlsx,.xlsx,32243,True,18,0,BOQ | 가격·견적,
L2023-00036-1,2020-00086,우즈베키스탄,"우즈베키스탄 우르겐치 직업훈련원 건립 및 직업훈련 제도역량 공고화 지원 사업('20-'24/1,400만불)",L2023-00036-1/붙임3_입찰관련서류_검토완_0717/Section 4.  Bill of Quantities(Not-Priced)/공내역서/VTC견적서/0 ГП(Site Plan & Landscape+Outdoor Infra)/0-1 ГП(Site Plan+Landscape)/13403_vfor.xls,.xls,40960,True,47,0,BOQ | 가격·견적,
L2023-00036-1,2020-00086,우즈베키스탄,"우즈베키스탄 우르겐치 직업훈련원 건립 및 직업훈련 제도역량 공고화 지원 사업('20-'24/1,400만불)",L2023-00036-1/붙임3_입찰관련서류_검토완_0717/Section 4.  Bill of Quantities(Not-Priced)/공내역서/VTC견적서/0 ГП(Site Plan & Landscape+Outdoor Infra)/0-1 ГП(Site Plan+Landscape)/13403_vrmu.xls,.xls,57344,True,109,0,BOQ | 가격·견적,
L2023-00036-1,2020-00086,우즈베키스탄,"우즈베키스탄 우르겐치 직업훈련원 건립 및 직업훈련 제도역량 공고화 지원 사업('20-'24/1,400만불)",L2023-00036-1/붙임3_입찰관련서류_검토완_0717/Section 4.  Bill of Quantities(Not-Priced)/공내역서/VTC견적서/0 ГП(Site Plan & Landscape+Outdoor Infra)/0-1 ГП(Site Plan+Landscape)/bv13400.xls,.xls,100864,True,327,0,BOQ | 가격·견적,
L2023-00036-1,2020-00086,우즈베키스탄,"우즈베키스탄 우르겐치 직업훈련원 건립 및 직업훈련 제도역량 공고화 지원 사업('20-'24/1,400만불)",L2023-00036-1/붙임3_입찰관련서류_검토완_0717/Section 4.  Bill of Quantities(Not-Priced)/공내역서/VTC견적서/0 ГП(Site Plan & Landscape+Outdoor Infra)/0-10 ПВ(Landscape Water Piping)/13703_vfor.xls,.xls,44544,True,82,0,BOQ | 가격·견적,
L2023-00036-1,2020-00086,우즈베키스탄,"우즈베키스탄 우르겐치 직업훈련원 건립 및 직업훈련 제도역량 공고화 지원 사업('20-'24/1,400만불)",L2023-00036-1/붙임3_입찰관련서류_검토완_0717/Section 4.  Bill of Quantities(Not-Priced)/공내역서/VTC견적서/0 ГП(Site Plan & Landscape+Outdoor Infra)/0-10 ПВ(Landscape Water Piping)/13703_vrmu.xls,.xls,67584,True,139,0,BOQ | 가격·견적,
L2023-00036-1,2020-00086,우즈베키스탄,"우즈베키스탄 우르겐치 직업훈련원 건립 및 직업훈련 제도역량 공고화 지원 사업('20-'24/1,400만불)",L2023-00036-1/붙임3_입찰관련서류_검토완_0717/Section 4.  Bill of Quantities(Not-Priced)/공내역서/VTC견적서/0 ГП(Site Plan & Landscape+Outdoor Infra)/0-10 ПВ(Landscape Water Piping)/bv13700.xls,.xls,108032,True,392,0,BOQ | 가격·견적,
L2023-00036-1,2020-00086,우즈베키스탄,"우즈베키스탄 우르겐치 직업훈련원 건립 및 직업훈련 제도역량 공고화 지원 사업('20-'24/1,400만불)",L2023-00036-1/붙임3_입찰관련서류_검토완_0717/Section 4.  Bill of Quantities(Not-Priced)/공내역서/VTC견적서/0 ГП(Site Plan & Landscape+Outdoor Infra)/0-11 СВ(Underground Water Pumping)/13713_vfor.xls,.xls,40448,True,43,0,BOQ | 가격·견적,
L2023-00036-1,2020-00086,우즈베키스탄,"우즈베키스탄 우르겐치 직업훈련원 건립 및 직업훈련 제도역량 공고화 지원 사업('20-'24/1,400만불)",L2023-00036-1/붙임3_입찰관련서류_검토완_0717/Section 4.  Bill of Quantities(Not-Priced)/공내역서/VTC견적서/0 ГП(Site Plan & Landscape+Outdoor Infra)/0-11 СВ(Underground Water Pumping)/13713_vrmu.xls,.xls,67072,True,128,0,BOQ | 가격·견적,
L2023-00036-1,2020-00086,우즈베키스탄,"우즈베키스탄 우르겐치 직업훈련원 건립 및 직업훈련 제도역량 공고화 지원 사업('20-'24/1,400만불)",L2023-00036-1/붙임3_입찰관련서류_검토완_0717/Section 4.  Bill of Quantities(Not-Priced)/공내역서/VTC견적서/0 ГП(Site Plan & Landscape+Outdoor Infra)/0-11 СВ(Underground Water Pumping)/bv13710.xls,.xls,108544,True,406,0,BOQ | 가격·견적,
L2023-00036-1,2020-00086,우즈베키스탄,"우즈베키스탄 우르겐치 직업훈련원 건립 및 직업훈련 제도역량 공고화 지원 사업('20-'24/1,400만불)",L2023-00036-1/붙임3_입찰관련서류_검토완_0717/Section 4.  Bill of Quantities(Not-Priced)/공내역서/VTC견적서/0 ГП(Site Plan & Landscape+Outdoor Infra)/0-12 АСКУЭ((Automatic Pump system)/13723_vfor.xls,.xls,33792,True,23,0,BOQ | 가격·견적,
L2023-00036-1,2020-00086,우즈베키스탄,"우즈베키스탄 우르겐치 직업훈련원 건립 및 직업훈련 제도역량 공고화 지원 사업('20-'24/1,400만불)",L2023-00036-1/붙임3_입찰관련서류_검토완_0717/Section 4.  Bill of Quantities(Not-Priced)/공내역서/VTC견적서/0 ГП(Site Plan & Landscape+Outdoor Infra)/0-12 АСКУЭ((Automatic Pump system)/13723_vrmu.xls,.xls,49152,True,77,0,BOQ | 가격·견적,
L2023-00036-1,2020-00086,우즈베키스탄,"우즈베키스탄 우르겐치 직업훈련원 건립 및 직업훈련 제도역량 공고화 지원 사업('20-'24/1,400만불)",L2023-00036-1/붙임3_입찰관련서류_검토완_0717/Section 4.  Bill of Quantities(Not-Priced)/공내역서/VTC견적서/0 ГП(Site Plan & Landscape+Outdoor Infra)/0-12 АСКУЭ((Automatic Pump system)/bv13720.xls,.xls,54784,True,133,0,BOQ | 가격·견적,
L2023-00036-1,2020-00086,우즈베키스탄,"우즈베키스탄 우르겐치 직업훈련원 건립 및 직업훈련 제도역량 공고화 지원 사업('20-'24/1,400만불)",L2023-00036-1/붙임3_입찰관련서류_검토완_0717/Section 4.  Bill of Quantities(Not-Priced)/공내역서/VTC견적서/0 ГП(Site Plan & Landscape+Outdoor Infra)/0-2 ФУТБОЛНОЕ ПОЛЕ(Football)/13413_vfor.xls,.xls,35840,True,26,0,BOQ | 가격·견적,
L2023-00036-1,2020-00086,우즈베키스탄,"우즈베키스탄 우르겐치 직업훈련원 건립 및 직업훈련 제도역량 공고화 지원 사업('20-'24/1,400만불)",L2023-00036-1/붙임3_입찰관련서류_검토완_0717/Section 4.  Bill of Quantities(Not-Priced)/공내역서/VTC견적서/0 ГП(Site Plan & Landscape+Outdoor Infra)/0-2 ФУТБОЛНОЕ ПОЛЕ(Football)/13413_vrmu.xls,.xls,54784,True,93,0,BOQ | 가격·견적,
L2023-00036-1,2020-00086,우즈베키스탄,"우즈베키스탄 우르겐치 직업훈련원 건립 및 직업훈련 제도역량 공고화 지원 사업('20-'24/1,400만불)",L2023-00036-1/붙임3_입찰관련서류_검토완_0717/Section 4.  Bill of Quantities(Not-Priced)/공내역서/VTC견적서/0 ГП(Site Plan & Landscape+Outdoor Infra)/0-2 ФУТБОЛНОЕ ПОЛЕ(Football)/bv13410.xls,.xls,82432,True,232,0,BOQ | 가격·견적,
L2023-00036-1,2020-00086,우즈베키스탄,"우즈베키스탄 우르겐치 직업훈련원 건립 및 직업훈련 제도역량 공고화 지원 사업('20-'24/1,400만불)",L2023-00036-1/붙임3_입찰관련서류_검토완_0717/Section 4.  Bill of Quantities(Not-Priced)/공내역서/VTC견적서/0 ГП(Site Plan & Landscape+Outdoor Infra)/0-3 БЕСЕДКА 5 ШТ(Pargola)/13633_vfor.xls,.xls,34304,True,31,0,BOQ | 가격·견적,
L2023-00036-1,2020-00086,우즈베키스탄,"우즈베키스탄 우르겐치 직업훈련원 건립 및 직업훈련 제도역량 공고화 지원 사업('20-'24/1,400만불)",L2023-00036-1/붙임3_입찰관련서류_검토완_0717/Section 4.  Bill of Quantities(Not-Priced)/공내역서/VTC견적서/0 ГП(Site Plan & Landscape+Outdoor Infra)/0-3 БЕСЕДКА 5 ШТ(Pargola)/13633_vrmu.xls,.xls,54784,True,95,0,BOQ | 가격·견적,
L2023-00036-1,2020-00086,우즈베키스탄,"우즈베키스탄 우르겐치 직업훈련원 건립 및 직업훈련 제도역량 공고화 지원 사업('20-'24/1,400만불)",L2023-00036-1/붙임3_입찰관련서류_검토완_0717/Section 4.  Bill of Quantities(Not-Priced)/공내역서/VTC견적서/0 ГП(Site Plan & Landscape+Outdoor Infra)/0-3 БЕСЕДКА 5 ШТ(Pargola)/bv13630.xls,.xls,86016,True,264,0,BOQ | 가격·견적,
L2023-00036-1,2020-00086,우즈베키스탄,"우즈베키스탄 우르겐치 직업훈련원 건립 및 직업훈련 제도역량 공고화 지원 사업('20-'24/1,400만불)",L2023-00036-1/붙임3_입찰관련서류_검토완_0717/Section 4.  Bill of Quantities(Not-Priced)/공내역서/VTC견적서/0 ГП(Site Plan & Landscape+Outdoor Infra)/0-4 ФЛАГШТОК(Flog pole)/13643_vfor.xls,.xls,36352,True,39,0,BOQ | 가격·견적,
L2023-00036-1,2020-00086,우즈베키스탄,"우즈베키스탄 우르겐치 직업훈련원 건립 및 직업훈련 제도역량 공고화 지원 사업('20-'24/1,400만불)",L2023-00036-1/붙임3_입찰관련서류_검토완_0717/Section 4.  Bill of Quantities(Not-Priced)/공내역서/VTC견적서/0 ГП(Site Plan & Landscape+Outdoor Infra)/0-4 ФЛАГШТОК(Flog pole)/13643_vrmu.xls,.xls,55808,True,103,0,BOQ | 가격·견적,
L2023-00036-1,2020-00086,우즈베키스탄,"우즈베키스탄 우르겐치 직업훈련원 건립 및 직업훈련 제도역량 공고화 지원 사업('20-'24/1,400만불)",L2023-00036-1/붙임3_입찰관련서류_검토완_0717/Section 4.  Bill of Quantities(Not-Priced)/공내역서/VTC견적서/0 ГП(Site Plan & Landscape+Outdoor Infra)/0-4 ФЛАГШТОК(Flog pole)/bv13640.xls,.xls,79872,True,223,0,BOQ | 가격·견적,
L2023-00036-1,2020-00086,우즈베키스탄,"우즈베키스탄 우르겐치 직업훈련원 건립 및 직업훈련 제도역량 공고화 지원 사업('20-'24/1,400만불)",L2023-00036-1/붙임3_입찰관련서류_검토완_0717/Section 4.  Bill of Quantities(Not-Priced)/공내역서/VTC견적서/0 ГП(Site Plan & Landscape+Outdoor Infra)/0-5 ГСН(Outdoor Gas Infra)/13653_vfor.xls,.xls,50176,True,77,0,BOQ | 가격·견적,
L2023-00036-1,2020-00086,우즈베키스탄,"우즈베키스탄 우르겐치 직업훈련원 건립 및 직업훈련 제도역량 공고화 지원 사업('20-'24/1,400만불)",L2023-00036-1/붙임3_입찰관련서류_검토완_0717/Section 4.  Bill of Quantities(Not-Priced)/공내역서/VTC견적서/0 ГП(Site Plan & Landscape+Outdoor Infra)/0-5 ГСН(Outdoor Gas Infra)/13653_vrmu.xls,.xls,83968,True,185,0,BOQ | 가격·견적,
L2023-00036-1,2020-00086,우즈베키스탄,"우즈베키스탄 우르겐치 직업훈련원 건립 및 직업훈련 제도역량 공고화 지원 사업('20-'24/1,400만불)",L2023-00036-1/붙임3_입찰관련서류_검토완_0717/Section 4.  Bill of Quantities(Not-Priced)/공내역서/VTC견적서/0 ГП(Site Plan & Landscape+Outdoor Infra)/0-5 ГСН(Outdoor Gas Infra)/bv13650.xls,.xls,158208,True,624,0,BOQ | 가격·견적,
L2023-00036-1,2020-00086,우즈베키스탄,"우즈베키스탄 우르겐치 직업훈련원 건립 및 직업훈련 제도역량 공고화 지원 사업('20-'24/1,400만불)",L2023-00036-1/붙임3_입찰관련서류_검토완_0717/Section 4.  Bill of Quantities(Not-Priced)/공내역서/VTC견적서/0 ГП(Site Plan & Landscape+Outdoor Infra)/0-6 ЭС(Outdoor Electric Infra)/13663_vfor.xls,.xls,37888,True,33,0,BOQ | 가격·견적,
L2023-00036-1,2020-00086,우즈베키스탄,"우즈베키스탄 우르겐치 직업훈련원 건립 및 직업훈련 제도역량 공고화 지원 사업('20-'24/1,400만불)",L2023-00036-1/붙임3_입찰관련서류_검토완_0717/Section 4.  Bill of Quantities(Not-Priced)/공내역서/VTC견적서/0 ГП(Site Plan & Landscape+Outdoor Infra)/0-6 ЭС(Outdoor Electric Infra)/13663_vrmu.xls,.xls,55296,True,95,0,BOQ | 가격·견적,
L2023-00036-1,2020-00086,우즈베키스탄,"우즈베키스탄 우르겐치 직업훈련원 건립 및 직업훈련 제도역량 공고화 지원 사업('20-'24/1,400만불)",L2023-00036-1/붙임3_입찰관련서류_검토완_0717/Section 4.  Bill of Quantities(Not-Priced)/공내역서/VTC견적서/0 ГП(Site Plan & Landscape+Outdoor Infra)/0-6 ЭС(Outdoor Electric Infra)/bv13660.xls,.xls,85504,True,245,0,BOQ | 가격·견적,
L2023-00036-1,2020-00086,우즈베키스탄,"우즈베키스탄 우르겐치 직업훈련원 건립 및 직업훈련 제도역량 공고화 지원 사업('20-'24/1,400만불)",L2023-00036-1/붙임3_입찰관련서류_검토완_0717/Section 4.  Bill of Quantities(Not-Priced)/공내역서/VTC견적서/0 ГП(Site Plan & Landscape+Outdoor Infra)/0-7 НЭО(Outdoor Lighting)/13673_vfor.xls,.xls,39936,True,42,0,BOQ | 가격·견적,
L2023-00036-1,2020-00086,우즈베키스탄,"우즈베키스탄 우르겐치 직업훈련원 건립 및 직업훈련 제도역량 공고화 지원 사업('20-'24/1,400만불)",L2023-00036-1/붙임3_입찰관련서류_검토완_0717/Section 4.  Bill of Quantities(Not-Priced)/공내역서/VTC견적서/0 ГП(Site Plan & Landscape+Outdoor Infra)/0-7 НЭО(Outdoor Lighting)/13673_vrmu.xls,.xls,59904,True,117,0,BOQ | 가격·견적,
L2023-00036-1,2020-00086,우즈베키스탄,"우즈베키스탄 우르겐치 직업훈련원 건립 및 직업훈련 제도역량 공고화 지원 사업('20-'24/1,400만불)",L2023-00036-1/붙임3_입찰관련서류_검토완_0717/Section 4.  Bill of Quantities(Not-Priced)/공내역서/VTC견적서/0 ГП(Site Plan & Landscape+Outdoor Infra)/0-7 НЭО(Outdoor Lighting)/bv13670.xls,.xls,88576,True,272,0,BOQ | 가격·견적,
L2023-00036-1,2020-00086,우즈베키스탄,"우즈베키스탄 우르겐치 직업훈련원 건립 및 직업훈련 제도역량 공고화 지원 사업('20-'24/1,400만불)",L2023-00036-1/붙임3_입찰관련서류_검토완_0717/Section 4.  Bill of Quantities(Not-Priced)/공내역서/VTC견적서/0 ГП(Site Plan & Landscape+Outdoor Infra)/0-8 НСС(Outside CCTV)/13683_vfor.xls,.xls,43008,True,59,0,BOQ | 가격·견적,
L2023-00036-1,2020-00086,우즈베키스탄,"우즈베키스탄 우르겐치 직업훈련원 건립 및 직업훈련 제도역량 공고화 지원 사업('20-'24/1,400만불)",L2023-00036-1/붙임3_입찰관련서류_검토완_0717/Section 4.  Bill of Quantities(Not-Priced)/공내역서/VTC견적서/0 ГП(Site Plan & Landscape+Outdoor Infra)/0-8 НСС(Outside CCTV)/13683_vrmu.xls,.xls,58880,True,118,0,BOQ | 가격·견적,
L2023-00036-1,2020-00086,우즈베키스탄,"우즈베키스탄 우르겐치 직업훈련원 건립 및 직업훈련 제도역량 공고화 지원 사업('20-'24/1,400만불)",L2023-00036-1/붙임3_입찰관련서류_검토완_0717/Section 4.  Bill of Quantities(Not-Priced)/공내역서/VTC견적서/0 ГП(Site Plan & Landscape+Outdoor Infra)/0-8 НСС(Outside CCTV)/bv13680.xls,.xls,90624,True,260,0,BOQ | 가격·견적,
L2023-00036-1,2020-00086,우즈베키스탄,"우즈베키스탄 우르겐치 직업훈련원 건립 및 직업훈련 제도역량 공고화 지원 사업('20-'24/1,400만불)",L2023-00036-1/붙임3_입찰관련서류_검토완_0717/Section 4.  Bill of Quantities(Not-Priced)/공내역서/VTC견적서/0 ГП(Site Plan & Landscape+Outdoor Infra)/0-9 НВК(Outside Water Piping)/13693_vfor.xls,.xls,50688,True,93,0,BOQ | 가격·견적,
L2023-00036-1,2020-00086,우즈베키스탄,"우즈베키스탄 우르겐치 직업훈련원 건립 및 직업훈련 제도역량 공고화 지원 사업('20-'24/1,400만불)",L2023-00036-1/붙임3_입찰관련서류_검토완_0717/Section 4.  Bill of Quantities(Not-Priced)/공내역서/VTC견적서/0 ГП(Site Plan & Landscape+Outdoor Infra)/0-9 НВК(Outside Water Piping)/13693_vrmu.xls,.xls,73728,True,149,0,BOQ | 가격·견적,
L2023-00036-1,2020-00086,우즈베키스탄,"우즈베키스탄 우르겐치 직업훈련원 건립 및 직업훈련 제도역량 공고화 지원 사업('20-'24/1,400만불)",L2023-00036-1/붙임3_입찰관련서류_검토완_0717/Section 4.  Bill of Quantities(Not-Priced)/공내역서/VTC견적서/0 ГП(Site Plan & Landscape+Outdoor Infra)/0-9 НВК(Outside Water Piping)/bv13690.xls,.xls,160256,True,679,0,BOQ | 가격·견적,
L2023-00036-1,2020-00086,우즈베키스탄,"우즈베키스탄 우르겐치 직업훈련원 건립 및 직업훈련 제도역량 공고화 지원 사업('20-'24/1,400만불)",L2023-00036-1/붙임3_입찰관련서류_검토완_0717/Section 4.  Bill of Quantities(Not-Priced)/공내역서/VTC견적서/0 ГП(Site Plan & Landscape+Outdoor Infra)/СВОДКА ГП o.xls,.xls,45568,True,24,0,BOQ | 가격·견적,
L2023-00036-1,2020-00086,우즈베키스탄,"우즈베키스탄 우르겐치 직업훈련원 건립 및 직업훈련 제도역량 공고화 지원 사업('20-'24/1,400만불)",L2023-00036-1/붙임3_입찰관련서류_검토완_0717/Section 4.  Bill of Quantities(Not-Priced)/공내역서/VTC견적서/0 ГП(Site Plan & Landscape+Outdoor Infra)/Титул  ГП.doc,.doc,31232,True,16,0,BOQ | 가격·견적,
L2023-00036-1,2020-00086,우즈베키스탄,"우즈베키스탄 우르겐치 직업훈련원 건립 및 직업훈련 제도역량 공고화 지원 사업('20-'24/1,400만불)",L2023-00036-1/붙임3_입찰관련서류_검토완_0717/Section 4.  Bill of Quantities(Not-Priced)/공내역서/VTC견적서/1 АДМИН ЗДАНИЕ(Admin. Build)/1-1 КЖ(Structure)/13063_vfor.xls,.xls,118272,True,685,0,BOQ | 가격·견적,
L2023-00036-1,2020-00086,우즈베키스탄,"우즈베키스탄 우르겐치 직업훈련원 건립 및 직업훈련 제도역량 공고화 지원 사업('20-'24/1,400만불)",L2023-00036-1/붙임3_입찰관련서류_검토완_0717/Section 4.  Bill of Quantities(Not-Priced)/공내역서/VTC견적서/1 АДМИН ЗДАНИЕ(Admin. Build)/1-1 КЖ(Structure)/13063_vrmu.xls,.xls,79360,True,189,0,BOQ | 가격·견적,
L2023-00036-1,2020-00086,우즈베키스탄,"우즈베키스탄 우르겐치 직업훈련원 건립 및 직업훈련 제도역량 공고화 지원 사업('20-'24/1,400만불)",L2023-00036-1/붙임3_입찰관련서류_검토완_0717/Section 4.  Bill of Quantities(Not-Priced)/공내역서/VTC견적서/1 АДМИН ЗДАНИЕ(Admin. Build)/1-1 КЖ(Structure)/bv13060.xls,.xls,726528,True,4818,0,BOQ | 가격·견적,
L2023-00036-1,2020-00086,우즈베키스탄,"우즈베키스탄 우르겐치 직업훈련원 건립 및 직업훈련 제도역량 공고화 지원 사업('20-'24/1,400만불)",L2023-00036-1/붙임3_입찰관련서류_검토완_0717/Section 4.  Bill of Quantities(Not-Priced)/공내역서/VTC견적서/1 АДМИН ЗДАНИЕ(Admin. Build)/1-10 ЛИФТ(ELEV)/13753_vfor.xls,.xls,30208,True,13,0,BOQ | 가격·견적,
L2023-00036-1,2020-00086,우즈베키스탄,"우즈베키스탄 우르겐치 직업훈련원 건립 및 직업훈련 제도역량 공고화 지원 사업('20-'24/1,400만불)",L2023-00036-1/붙임3_입찰관련서류_검토완_0717/Section 4.  Bill of Quantities(Not-Priced)/공내역서/VTC견적서/1 АДМИН ЗДАНИЕ(Admin. Build)/1-10 ЛИФТ(ELEV)/13753_vrmu.xls,.xls,43008,True,62,0,BOQ | 가격·견적,
L2023-00036-1,2020-00086,우즈베키스탄,"우즈베키스탄 우르겐치 직업훈련원 건립 및 직업훈련 제도역량 공고화 지원 사업('20-'24/1,400만불)",L2023-00036-1/붙임3_입찰관련서류_검토완_0717/Section 4.  Bill of Quantities(Not-Priced)/공내역서/VTC견적서/1 АДМИН ЗДАНИЕ(Admin. Build)/1-10 ЛИФТ(ELEV)/bv13750.xls,.xls,54784,True,106,0,BOQ | 가격·견적,
L2023-00036-1,2020-00086,우즈베키스탄,"우즈베키스탄 우르겐치 직업훈련원 건립 및 직업훈련 제도역량 공고화 지원 사업('20-'24/1,400만불)",L2023-00036-1/붙임3_입찰관련서류_검토완_0717/Section 4.  Bill of Quantities(Not-Priced)/공내역서/VTC견적서/1 АДМИН ЗДАНИЕ(Admin. Build)/1-2 АР(Architecture)/13373_vfor.xls,.xls,53248,True,117,0,BOQ | 가격·견적,
L2023-00036-1,2020-00086,우즈베키스탄,"우즈베키스탄 우르겐치 직업훈련원 건립 및 직업훈련 제도역량 공고화 지원 사업('20-'24/1,400만불)",L2023-00036-1/붙임3_입찰관련서류_검토완_0717/Section 4.  Bill of Quantities(Not-Priced)/공내역서/VTC견적서/1 АДМИН ЗДАНИЕ(Admin. Build)/1-2 АР(Architecture)/13373_vrmu.xls,.xls,78336,True,197,0,BOQ | 가격·견적,
L2023-00036-1,2020-00086,우즈베키스탄,"우즈베키스탄 우르겐치 직업훈련원 건립 및 직업훈련 제도역량 공고화 지원 사업('20-'24/1,400만불)",L2023-00036-1/붙임3_입찰관련서류_검토완_0717/Section 4.  Bill of Quantities(Not-Priced)/공내역서/VTC견적서/1 АДМИН ЗДАНИЕ(Admin. Build)/1-2 АР(Architecture)/bv13370.xls,.xls,210944,True,1028,0,BOQ | 가격·견적,
L2023-00036-1,2020-00086,우즈베키스탄,"우즈베키스탄 우르겐치 직업훈련원 건립 및 직업훈련 제도역량 공고화 지원 사업('20-'24/1,400만불)",L2023-00036-1/붙임3_입찰관련서류_검토완_0717/Section 4.  Bill of Quantities(Not-Priced)/공내역서/VTC견적서/1 АДМИН ЗДАНИЕ(Admin. Build)/1-3 ОВ(Heating & Ventilation)/13483_vfor.xls,.xls,99328,True,392,0,BOQ | 가격·견적,
L2023-00036-1,2020-00086,우즈베키스탄,"우즈베키스탄 우르겐치 직업훈련원 건립 및 직업훈련 제도역량 공고화 지원 사업('20-'24/1,400만불)",L2023-00036-1/붙임3_입찰관련서류_검토완_0717/Section 4.  Bill of Quantities(Not-Priced)/공내역서/VTC견적서/1 АДМИН ЗДАНИЕ(Admin. Build)/1-3 ОВ(Heating & Ventilation)/13483_vrmu.xls,.xls,103936,True,271,0,BOQ | 가격·견적,
L2023-00036-1,2020-00086,우즈베키스탄,"우즈베키스탄 우르겐치 직업훈련원 건립 및 직업훈련 제도역량 공고화 지원 사업('20-'24/1,400만불)",L2023-00036-1/붙임3_입찰관련서류_검토완_0717/Section 4.  Bill of Quantities(Not-Priced)/공내역서/VTC견적서/1 АДМИН ЗДАНИЕ(Admin. Build)/1-3 ОВ(Heating & Ventilation)/bv13480.xls,.xls,427008,True,2582,0,BOQ | 가격·견적,
L2023-00036-1,2020-00086,우즈베키스탄,"우즈베키스탄 우르겐치 직업훈련원 건립 및 직업훈련 제도역량 공고화 지원 사업('20-'24/1,400만불)",L2023-00036-1/붙임3_입찰관련서류_검토완_0717/Section 4.  Bill of Quantities(Not-Priced)/공내역서/VTC견적서/1 АДМИН ЗДАНИЕ(Admin. Build)/1-4 ВК(Water & Sewer & Fireplug)/13133_vfor.xls,.xls,52736,True,126,0,BOQ | 가격·견적,
L2023-00036-1,2020-00086,우즈베키스탄,"우즈베키스탄 우르겐치 직업훈련원 건립 및 직업훈련 제도역량 공고화 지원 사업('20-'24/1,400만불)",L2023-00036-1/붙임3_입찰관련서류_검토완_0717/Section 4.  Bill of Quantities(Not-Priced)/공내역서/VTC견적서/1 АДМИН ЗДАНИЕ(Admin. Build)/1-4 ВК(Water & Sewer & Fireplug)/13133_vrmu.xls,.xls,79360,True,196,0,BOQ | 가격·견적,
L2023-00036-1,2020-00086,우즈베키스탄,"우즈베키스탄 우르겐치 직업훈련원 건립 및 직업훈련 제도역량 공고화 지원 사업('20-'24/1,400만불)",L2023-00036-1/붙임3_입찰관련서류_검토완_0717/Section 4.  Bill of Quantities(Not-Priced)/공내역서/VTC견적서/1 АДМИН ЗДАНИЕ(Admin. Build)/1-4 ВК(Water & Sewer & Fireplug)/bv13130.xls,.xls,154624,True,675,0,BOQ | 가격·견적,
L2023-00036-1,2020-00086,우즈베키스탄,"우즈베키스탄 우르겐치 직업훈련원 건립 및 직업훈련 제도역량 공고화 지원 사업('20-'24/1,400만불)",L2023-00036-1/붙임3_입찰관련서류_검토완_0717/Section 4.  Bill of Quantities(Not-Priced)/공내역서/VTC견적서/1 АДМИН ЗДАНИЕ(Admin. Build)/1-5 ЭО(Electric)/13493_vrmu.xls,.xls,95744,True,175,0,BOQ | 가격·견적,
L2023-00036-1,2020-00086,우즈베키스탄,"우즈베키스탄 우르겐치 직업훈련원 건립 및 직업훈련 제도역량 공고화 지원 사업('20-'24/1,400만불)",L2023-00036-1/붙임3_입찰관련서류_검토완_0717/Section 4.  Bill of Quantities(Not-Priced)/공내역서/VTC견적서/1 АДМИН ЗДАНИЕ(Admin. Build)/1-5 ЭО(Electric)/bv13490.xls,.xls,158720,True,568,0,BOQ | 가격·견적,
L2023-00036-1,2020-00086,우즈베키스탄,"우즈베키스탄 우르겐치 직업훈련원 건립 및 직업훈련 제도역량 공고화 지원 사업('20-'24/1,400만불)",L2023-00036-1/붙임3_입찰관련서류_검토완_0717/Section 4.  Bill of Quantities(Not-Priced)/공내역서/VTC견적서/1 АДМИН ЗДАНИЕ(Admin. Build)/1-6 ПС(Fire Alarm)/13253_vfor.xls,.xls,36864,True,43,0,BOQ | 가격·견적,
L2023-00036-1,2020-00086,우즈베키스탄,"우즈베키스탄 우르겐치 직업훈련원 건립 및 직업훈련 제도역량 공고화 지원 사업('20-'24/1,400만불)",L2023-00036-1/붙임3_입찰관련서류_검토완_0717/Section 4.  Bill of Quantities(Not-Priced)/공내역서/VTC견적서/1 АДМИН ЗДАНИЕ(Admin. Build)/1-6 ПС(Fire Alarm)/13253_vrmu.xls,.xls,49152,True,85,0,BOQ | 가격·견적,
L2023-00036-1,2020-00086,우즈베키스탄,"우즈베키스탄 우르겐치 직업훈련원 건립 및 직업훈련 제도역량 공고화 지원 사업('20-'24/1,400만불)",L2023-00036-1/붙임3_입찰관련서류_검토완_0717/Section 4.  Bill of Quantities(Not-Priced)/공내역서/VTC견적서/1 АДМИН ЗДАНИЕ(Admin. Build)/1-6 ПС(Fire Alarm)/bv13250.xls,.xls,71680,True,198,0,BOQ | 가격·견적,
L2023-00036-1,2020-00086,우즈베키스탄,"우즈베키스탄 우르겐치 직업훈련원 건립 및 직업훈련 제도역량 공고화 지원 사업('20-'24/1,400만불)","L2023-00036-1/붙임3_입찰관련서류_검토완_0717/Section 4.  Bill of Quantities(Not-Priced)/공내역서/VTC견적서/1 АДМИН ЗДАНИЕ(Admin. Build)/1-7 ВН, СКС(CCTV & Network)/13263_vfor.xls",.xls,47616,True,82,0,BOQ | 가격·견적,
L2023-00036-1,2020-00086,우즈베키스탄,"우즈베키스탄 우르겐치 직업훈련원 건립 및 직업훈련 제도역량 공고화 지원 사업('20-'24/1,400만불)","L2023-00036-1/붙임3_입찰관련서류_검토완_0717/Section 4.  Bill of Quantities(Not-Priced)/공내역서/VTC견적서/1 АДМИН ЗДАНИЕ(Admin. Build)/1-7 ВН, СКС(CCTV & Network)/13263_vrmu.xls",.xls,68608,True,150,0,BOQ | 가격·견적,
L2023-00036-1,2020-00086,우즈베키스탄,"우즈베키스탄 우르겐치 직업훈련원 건립 및 직업훈련 제도역량 공고화 지원 사업('20-'24/1,400만불)","L2023-00036-1/붙임3_입찰관련서류_검토완_0717/Section 4.  Bill of Quantities(Not-Priced)/공내역서/VTC견적서/1 АДМИН ЗДАНИЕ(Admin. Build)/1-7 ВН, СКС(CCTV & Network)/bv13260.xls",.xls,107520,True,377,0,BOQ | 가격·견적,
L2023-00036-1,2020-00086,우즈베키스탄,"우즈베키스탄 우르겐치 직업훈련원 건립 및 직업훈련 제도역량 공고화 지원 사업('20-'24/1,400만불)",L2023-00036-1/붙임3_입찰관련서류_검토완_0717/Section 4.  Bill of Quantities(Not-Priced)/공내역서/VTC견적서/1 АДМИН ЗДАНИЕ(Admin. Build)/1-8 ТМ (Boiler & Solar heating)/13423_vfor.xls,.xls,59392,True,122,0,BOQ | 가격·견적,
L2023-00036-1,2020-00086,우즈베키스탄,"우즈베키스탄 우르겐치 직업훈련원 건립 및 직업훈련 제도역량 공고화 지원 사업('20-'24/1,400만불)",L2023-00036-1/붙임3_입찰관련서류_검토완_0717/Section 4.  Bill of Quantities(Not-Priced)/공내역서/VTC견적서/1 АДМИН ЗДАНИЕ(Admin. Build)/1-8 ТМ (Boiler & Solar heating)/13423_vrmu.xls,.xls,84480,True,197,0,BOQ | 가격·견적,
L2023-00036-1,2020-00086,우즈베키스탄,"우즈베키스탄 우르겐치 직업훈련원 건립 및 직업훈련 제도역량 공고화 지원 사업('20-'24/1,400만불)",L2023-00036-1/붙임3_입찰관련서류_검토완_0717/Section 4.  Bill of Quantities(Not-Priced)/공내역서/VTC견적서/1 АДМИН ЗДАНИЕ(Admin. Build)/1-8 ТМ (Boiler & Solar heating)/bv13420.xls,.xls,164864,True,703,0,BOQ | 가격·견적,
L2023-00036-1,2020-00086,우즈베키스탄,"우즈베키스탄 우르겐치 직업훈련원 건립 및 직업훈련 제도역량 공고화 지원 사업('20-'24/1,400만불)",L2023-00036-1/붙임3_입찰관련서류_검토완_0717/Section 4.  Bill of Quantities(Not-Priced)/공내역서/VTC견적서/1 АДМИН ЗДАНИЕ(Admin. Build)/1-9 ГСВ(Gas)/13463_vfor.xls,.xls,37888,True,36,0,BOQ | 가격·견적,
L2023-00036-1,2020-00086,우즈베키스탄,"우즈베키스탄 우르겐치 직업훈련원 건립 및 직업훈련 제도역량 공고화 지원 사업('20-'24/1,400만불)",L2023-00036-1/붙임3_입찰관련서류_검토완_0717/Section 4.  Bill of Quantities(Not-Priced)/공내역서/VTC견적서/1 АДМИН ЗДАНИЕ(Admin. Build)/1-9 ГСВ(Gas)/13463_vrmu.xls,.xls,57344,True,99,0,BOQ | 가격·견적,
L2023-00036-1,2020-00086,우즈베키스탄,"우즈베키스탄 우르겐치 직업훈련원 건립 및 직업훈련 제도역량 공고화 지원 사업('20-'24/1,400만불)",L2023-00036-1/붙임3_입찰관련서류_검토완_0717/Section 4.  Bill of Quantities(Not-Priced)/공내역서/VTC견적서/1 АДМИН ЗДАНИЕ(Admin. Build)/1-9 ГСВ(Gas)/bv13460.xls,.xls,96256,True,318,0,BOQ | 가격·견적,
L2023-00036-1,2020-00086,우즈베키스탄,"우즈베키스탄 우르겐치 직업훈련원 건립 및 직업훈련 제도역량 공고화 지원 사업('20-'24/1,400만불)",L2023-00036-1/붙임3_입찰관련서류_검토완_0717/Section 4.  Bill of Quantities(Not-Priced)/공내역서/VTC견적서/1 АДМИН ЗДАНИЕ(Admin. Build)/СВОДКА АДМИН ЗДАНИЕ o.xls,.xls,43008,True,22,0,BOQ | 가격·견적,
L2023-00036-1,2020-00086,우즈베키스탄,"우즈베키스탄 우르겐치 직업훈련원 건립 및 직업훈련 제도역량 공고화 지원 사업('20-'24/1,400만불)",L2023-00036-1/붙임3_입찰관련서류_검토완_0717/Section 4.  Bill of Quantities(Not-Priced)/공내역서/VTC견적서/1 АДМИН ЗДАНИЕ(Admin. Build)/Титул  ТОМ II.doc,.doc,30720,True,18,0,BOQ | 가격·견적,
L2023-00036-1,2020-00086,우즈베키스탄,"우즈베키스탄 우르겐치 직업훈련원 건립 및 직업훈련 제도역량 공고화 지원 사업('20-'24/1,400만불)",L2023-00036-1/붙임3_입찰관련서류_검토완_0717/Section 4.  Bill of Quantities(Not-Priced)/공내역서/VTC견적서/2 УПК(Practice and Education Building)/2-1 КЖ(Structure)/13013_vfor.xls,.xls,90112,True,415,0,BOQ | 가격·견적,
L2023-00036-1,2020-00086,우즈베키스탄,"우즈베키스탄 우르겐치 직업훈련원 건립 및 직업훈련 제도역량 공고화 지원 사업('20-'24/1,400만불)",L2023-00036-1/붙임3_입찰관련서류_검토완_0717/Section 4.  Bill of Quantities(Not-Priced)/공내역서/VTC견적서/2 УПК(Practice and Education Building)/2-1 КЖ(Structure)/13013_vrmu.xls,.xls,78336,True,177,0,BOQ | 가격·견적,
L2023-00036-1,2020-00086,우즈베키스탄,"우즈베키스탄 우르겐치 직업훈련원 건립 및 직업훈련 제도역량 공고화 지원 사업('20-'24/1,400만불)",L2023-00036-1/붙임3_입찰관련서류_검토완_0717/Section 4.  Bill of Quantities(Not-Priced)/공내역서/VTC견적서/2 УПК(Practice and Education Building)/2-1 КЖ(Structure)/bv13010.xls,.xls,438784,True,2699,0,BOQ | 가격·견적,
L2023-00036-1,2020-00086,우즈베키스탄,"우즈베키스탄 우르겐치 직업훈련원 건립 및 직업훈련 제도역량 공고화 지원 사업('20-'24/1,400만불)",L2023-00036-1/붙임3_입찰관련서류_검토완_0717/Section 4.  Bill of Quantities(Not-Priced)/공내역서/VTC견적서/2 УПК(Practice and Education Building)/2-2 АР(Architecture)/13183_vfor.xls,.xls,57344,True,119,0,BOQ | 가격·견적,
L2023-00036-1,2020-00086,우즈베키스탄,"우즈베키스탄 우르겐치 직업훈련원 건립 및 직업훈련 제도역량 공고화 지원 사업('20-'24/1,400만불)",L2023-00036-1/붙임3_입찰관련서류_검토완_0717/Section 4.  Bill of Quantities(Not-Priced)/공내역서/VTC견적서/2 УПК(Practice and Education Building)/2-2 АР(Architecture)/13183_vrmu.xls,.xls,82432,True,213,0,BOQ | 가격·견적,
L2023-00036-1,2020-00086,우즈베키스탄,"우즈베키스탄 우르겐치 직업훈련원 건립 및 직업훈련 제도역량 공고화 지원 사업('20-'24/1,400만불)",L2023-00036-1/붙임3_입찰관련서류_검토완_0717/Section 4.  Bill of Quantities(Not-Priced)/공내역서/VTC견적서/2 УПК(Practice and Education Building)/2-2 АР(Architecture)/bv13180.xls,.xls,216064,True,1035,0,BOQ | 가격·견적,
L2023-00036-1,2020-00086,우즈베키스탄,"우즈베키스탄 우르겐치 직업훈련원 건립 및 직업훈련 제도역량 공고화 지원 사업('20-'24/1,400만불)",L2023-00036-1/붙임3_입찰관련서류_검토완_0717/Section 4.  Bill of Quantities(Not-Priced)/공내역서/VTC견적서/2 УПК(Practice and Education Building)/2-3 ОВ(Heating & Ventilation)/13513_vfor.xls,.xls,99840,True,408,0,BOQ | 가격·견적,
L2023-00036-1,2020-00086,우즈베키스탄,"우즈베키스탄 우르겐치 직업훈련원 건립 및 직업훈련 제도역량 공고화 지원 사업('20-'24/1,400만불)",L2023-00036-1/붙임3_입찰관련서류_검토완_0717/Section 4.  Bill of Quantities(Not-Priced)/공내역서/VTC견적서/2 УПК(Practice and Education Building)/2-3 ОВ(Heating & Ventilation)/13513_vrmu.xls,.xls,100352,True,255,0,BOQ | 가격·견적,
L2023-00036-1,2020-00086,우즈베키스탄,"우즈베키스탄 우르겐치 직업훈련원 건립 및 직업훈련 제도역량 공고화 지원 사업('20-'24/1,400만불)",L2023-00036-1/붙임3_입찰관련서류_검토완_0717/Section 4.  Bill of Quantities(Not-Priced)/공내역서/VTC견적서/2 УПК(Practice and Education Building)/2-3 ОВ(Heating & Ventilation)/bv13510.xls,.xls,450048,True,2760,0,BOQ | 가격·견적,
L2023-00036-1,2020-00086,우즈베키스탄,"우즈베키스탄 우르겐치 직업훈련원 건립 및 직업훈련 제도역량 공고화 지원 사업('20-'24/1,400만불)",L2023-00036-1/붙임3_입찰관련서류_검토완_0717/Section 4.  Bill of Quantities(Not-Priced)/공내역서/VTC견적서/2 УПК(Practice and Education Building)/2-4 ВК(Water & Sewer & Fireplug)/13123_vfor.xls,.xls,59904,True,151,0,BOQ | 가격·견적,
L2023-00036-1,2020-00086,우즈베키스탄,"우즈베키스탄 우르겐치 직업훈련원 건립 및 직업훈련 제도역량 공고화 지원 사업('20-'24/1,400만불)",L2023-00036-1/붙임3_입찰관련서류_검토완_0717/Section 4.  Bill of Quantities(Not-Priced)/공내역서/VTC견적서/2 УПК(Practice and Education Building)/2-4 ВК(Water & Sewer & Fireplug)/13123_vrmu.xls,.xls,88576,True,225,0,BOQ | 가격·견적,
L2023-00036-1,2020-00086,우즈베키스탄,"우즈베키스탄 우르겐치 직업훈련원 건립 및 직업훈련 제도역량 공고화 지원 사업('20-'24/1,400만불)",L2023-00036-1/붙임3_입찰관련서류_검토완_0717/Section 4.  Bill of Quantities(Not-Priced)/공내역서/VTC견적서/2 УПК(Practice and Education Building)/2-4 ВК(Water & Sewer & Fireplug)/bv13120.xls,.xls,172032,True,757,0,BOQ | 가격·견적,
L2023-00036-1,2020-00086,우즈베키스탄,"우즈베키스탄 우르겐치 직업훈련원 건립 및 직업훈련 제도역량 공고화 지원 사업('20-'24/1,400만불)",L2023-00036-1/붙임3_입찰관련서류_검토완_0717/Section 4.  Bill of Quantities(Not-Priced)/공내역서/VTC견적서/2 УПК(Practice and Education Building)/2-5 ЭО(Electric)/13593_vfor.xls,.xls,76288,True,127,0,BOQ | 가격·견적,
L2023-00036-1,2020-00086,우즈베키스탄,"우즈베키스탄 우르겐치 직업훈련원 건립 및 직업훈련 제도역량 공고화 지원 사업('20-'24/1,400만불)",L2023-00036-1/붙임3_입찰관련서류_검토완_0717/Section 4.  Bill of Quantities(Not-Priced)/공내역서/VTC견적서/2 УПК(Practice and Education Building)/2-5 ЭО(Electric)/13593_vrmu.xls,.xls,88064,True,169,0,BOQ | 가격·견적,
L2023-00036-1,2020-00086,우즈베키스탄,"우즈베키스탄 우르겐치 직업훈련원 건립 및 직업훈련 제도역량 공고화 지원 사업('20-'24/1,400만불)",L2023-00036-1/붙임3_입찰관련서류_검토완_0717/Section 4.  Bill of Quantities(Not-Priced)/공내역서/VTC견적서/2 УПК(Practice and Education Building)/2-5 ЭО(Electric)/bv13590.xls,.xls,165376,True,652,0,BOQ | 가격·견적,
L2023-00036-1,2020-00086,우즈베키스탄,"우즈베키스탄 우르겐치 직업훈련원 건립 및 직업훈련 제도역량 공고화 지원 사업('20-'24/1,400만불)",L2023-00036-1/붙임3_입찰관련서류_검토완_0717/Section 4.  Bill of Quantities(Not-Priced)/공내역서/VTC견적서/2 УПК(Practice and Education Building)/2-6 ПС(Fire Alarm)/13273_vfor.xls,.xls,39424,True,56,0,BOQ | 가격·견적,
L2023-00036-1,2020-00086,우즈베키스탄,"우즈베키스탄 우르겐치 직업훈련원 건립 및 직업훈련 제도역량 공고화 지원 사업('20-'24/1,400만불)",L2023-00036-1/붙임3_입찰관련서류_검토완_0717/Section 4.  Bill of Quantities(Not-Priced)/공내역서/VTC견적서/2 УПК(Practice and Education Building)/2-6 ПС(Fire Alarm)/13273_vrmu.xls,.xls,51712,True,93,0,BOQ | 가격·견적,
L2023-00036-1,2020-00086,우즈베키스탄,"우즈베키스탄 우르겐치 직업훈련원 건립 및 직업훈련 제도역량 공고화 지원 사업('20-'24/1,400만불)",L2023-00036-1/붙임3_입찰관련서류_검토완_0717/Section 4.  Bill of Quantities(Not-Priced)/공내역서/VTC견적서/2 УПК(Practice and Education Building)/2-6 ПС(Fire Alarm)/bv13270.xls,.xls,81408,True,253,0,BOQ | 가격·견적,
L2023-00036-1,2020-00086,우즈베키스탄,"우즈베키스탄 우르겐치 직업훈련원 건립 및 직업훈련 제도역량 공고화 지원 사업('20-'24/1,400만불)","L2023-00036-1/붙임3_입찰관련서류_검토완_0717/Section 4.  Bill of Quantities(Not-Priced)/공내역서/VTC견적서/2 УПК(Practice and Education Building)/2-7 ВН, СКС(CCTV & Network)/13283_vfor.xls",.xls,47104,True,86,0,BOQ | 가격·견적,
L2023-00036-1,2020-00086,우즈베키스탄,"우즈베키스탄 우르겐치 직업훈련원 건립 및 직업훈련 제도역량 공고화 지원 사업('20-'24/1,400만불)","L2023-00036-1/붙임3_입찰관련서류_검토완_0717/Section 4.  Bill of Quantities(Not-Priced)/공내역서/VTC견적서/2 УПК(Practice and Education Building)/2-7 ВН, СКС(CCTV & Network)/13283_vrmu.xls",.xls,67072,True,150,0,BOQ | 가격·견적,
L2023-00036-1,2020-00086,우즈베키스탄,"우즈베키스탄 우르겐치 직업훈련원 건립 및 직업훈련 제도역량 공고화 지원 사업('20-'24/1,400만불)","L2023-00036-1/붙임3_입찰관련서류_검토완_0717/Section 4.  Bill of Quantities(Not-Priced)/공내역서/VTC견적서/2 УПК(Practice and Education Building)/2-7 ВН, СКС(CCTV & Network)/bv13280.xls",.xls,108032,True,394,0,BOQ | 가격·견적,
L2023-00036-1,2020-00086,우즈베키스탄,"우즈베키스탄 우르겐치 직업훈련원 건립 및 직업훈련 제도역량 공고화 지원 사업('20-'24/1,400만불)",L2023-00036-1/붙임3_입찰관련서류_검토완_0717/Section 4.  Bill of Quantities(Not-Priced)/공내역서/VTC견적서/2 УПК(Practice and Education Building)/2-8 ТМ(Boiler & Solar heating)/13433_vfor.xls,.xls,61952,True,129,0,BOQ | 가격·견적,
L2023-00036-1,2020-00086,우즈베키스탄,"우즈베키스탄 우르겐치 직업훈련원 건립 및 직업훈련 제도역량 공고화 지원 사업('20-'24/1,400만불)",L2023-00036-1/붙임3_입찰관련서류_검토완_0717/Section 4.  Bill of Quantities(Not-Priced)/공내역서/VTC견적서/2 УПК(Practice and Education Building)/2-8 ТМ(Boiler & Solar heating)/13433_vrmu.xls,.xls,86528,True,202,0,BOQ | 가격·견적,
L2023-00036-1,2020-00086,우즈베키스탄,"우즈베키스탄 우르겐치 직업훈련원 건립 및 직업훈련 제도역량 공고화 지원 사업('20-'24/1,400만불)",L2023-00036-1/붙임3_입찰관련서류_검토완_0717/Section 4.  Bill of Quantities(Not-Priced)/공내역서/VTC견적서/2 УПК(Practice and Education Building)/2-8 ТМ(Boiler & Solar heating)/bv13430.xls,.xls,178176,True,781,0,BOQ | 가격·견적,
L2023-00036-1,2020-00086,우즈베키스탄,"우즈베키스탄 우르겐치 직업훈련원 건립 및 직업훈련 제도역량 공고화 지원 사업('20-'24/1,400만불)",L2023-00036-1/붙임3_입찰관련서류_검토완_0717/Section 4.  Bill of Quantities(Not-Priced)/공내역서/VTC견적서/2 УПК(Practice and Education Building)/2-9 ГСВ(Gas)/13583_vfor.xls,.xls,38400,True,38,0,BOQ | 가격·견적,
L2023-00036-1,2020-00086,우즈베키스탄,"우즈베키스탄 우르겐치 직업훈련원 건립 및 직업훈련 제도역량 공고화 지원 사업('20-'24/1,400만불)",L2023-00036-1/붙임3_입찰관련서류_검토완_0717/Section 4.  Bill of Quantities(Not-Priced)/공내역서/VTC견적서/2 УПК(Practice and Education Building)/2-9 ГСВ(Gas)/13583_vrmu.xls,.xls,58368,True,102,0,BOQ | 가격·견적,
L2023-00036-1,2020-00086,우즈베키스탄,"우즈베키스탄 우르겐치 직업훈련원 건립 및 직업훈련 제도역량 공고화 지원 사업('20-'24/1,400만불)",L2023-00036-1/붙임3_입찰관련서류_검토완_0717/Section 4.  Bill of Quantities(Not-Priced)/공내역서/VTC견적서/2 УПК(Practice and Education Building)/2-9 ГСВ(Gas)/bv13580.xls,.xls,97792,True,323,0,BOQ | 가격·견적,
L2023-00036-1,2020-00086,우즈베키스탄,"우즈베키스탄 우르겐치 직업훈련원 건립 및 직업훈련 제도역량 공고화 지원 사업('20-'24/1,400만불)",L2023-00036-1/붙임3_입찰관련서류_검토완_0717/Section 4.  Bill of Quantities(Not-Priced)/공내역서/VTC견적서/2 УПК(Practice and Education Building)/СВОДКА УНП o.xls,.xls,41984,True,21,0,BOQ | 가격·견적,
L2023-00036-1,2020-00086,우즈베키스탄,"우즈베키스탄 우르겐치 직업훈련원 건립 및 직업훈련 제도역량 공고화 지원 사업('20-'24/1,400만불)",L2023-00036-1/붙임3_입찰관련서류_검토완_0717/Section 4.  Bill of Quantities(Not-Priced)/공내역서/VTC견적서/2 УПК(Practice and Education Building)/Титул  ТОМ III.doc,.doc,31232,True,18,0,BOQ | 가격·견적,
L2023-00036-1,2020-00086,우즈베키스탄,"우즈베키스탄 우르겐치 직업훈련원 건립 및 직업훈련 제도역량 공고화 지원 사업('20-'24/1,400만불)",L2023-00036-1/붙임3_입찰관련서류_검토완_0717/Section 4.  Bill of Quantities(Not-Priced)/공내역서/VTC견적서/3 ОБЩЕЖИТИЕ(Dormitory)/3-1 КЖ(Structure)/13023_vfor.xls,.xls,71168,True,225,0,BOQ | 가격·견적,
L2023-00036-1,2020-00086,우즈베키스탄,"우즈베키스탄 우르겐치 직업훈련원 건립 및 직업훈련 제도역량 공고화 지원 사업('20-'24/1,400만불)",L2023-00036-1/붙임3_입찰관련서류_검토완_0717/Section 4.  Bill of Quantities(Not-Priced)/공내역서/VTC견적서/3 ОБЩЕЖИТИЕ(Dormitory)/3-1 КЖ(Structure)/13023_vrmu.xls,.xls,71168,True,156,0,BOQ | 가격·견적,
L2023-00036-1,2020-00086,우즈베키스탄,"우즈베키스탄 우르겐치 직업훈련원 건립 및 직업훈련 제도역량 공고화 지원 사업('20-'24/1,400만불)",L2023-00036-1/붙임3_입찰관련서류_검토완_0717/Section 4.  Bill of Quantities(Not-Priced)/공내역서/VTC견적서/3 ОБЩЕЖИТИЕ(Dormitory)/3-1 КЖ(Structure)/bv13020.xls,.xls,286208,True,1569,0,BOQ | 가격·견적,
L2023-00036-1,2020-00086,우즈베키스탄,"우즈베키스탄 우르겐치 직업훈련원 건립 및 직업훈련 제도역량 공고화 지원 사업('20-'24/1,400만불)",L2023-00036-1/붙임3_입찰관련서류_검토완_0717/Section 4.  Bill of Quantities(Not-Priced)/공내역서/VTC견적서/3 ОБЩЕЖИТИЕ(Dormitory)/3-2 АР(Architecture)/13093_vfor.xls,.xls,60928,True,119,0,BOQ | 가격·견적,
L2023-00036-1,2020-00086,우즈베키스탄,"우즈베키스탄 우르겐치 직업훈련원 건립 및 직업훈련 제도역량 공고화 지원 사업('20-'24/1,400만불)",L2023-00036-1/붙임3_입찰관련서류_검토완_0717/Section 4.  Bill of Quantities(Not-Priced)/공내역서/VTC견적서/3 ОБЩЕЖИТИЕ(Dormitory)/3-2 АР(Architecture)/13093_vrmu.xls,.xls,71168,True,169,0,BOQ | 가격·견적,
L2023-00036-1,2020-00086,우즈베키스탄,"우즈베키스탄 우르겐치 직업훈련원 건립 및 직업훈련 제도역량 공고화 지원 사업('20-'24/1,400만불)",L2023-00036-1/붙임3_입찰관련서류_검토완_0717/Section 4.  Bill of Quantities(Not-Priced)/공내역서/VTC견적서/3 ОБЩЕЖИТИЕ(Dormitory)/3-2 АР(Architecture)/bv13090.xls,.xls,209920,True,1002,0,BOQ | 가격·견적,
L2023-00036-1,2020-00086,우즈베키스탄,"우즈베키스탄 우르겐치 직업훈련원 건립 및 직업훈련 제도역량 공고화 지원 사업('20-'24/1,400만불)",L2023-00036-1/붙임3_입찰관련서류_검토완_0717/Section 4.  Bill of Quantities(Not-Priced)/공내역서/VTC견적서/3 ОБЩЕЖИТИЕ(Dormitory)/3-3 ОВ(Heating & Ventilation)/13103_vfor.xls,.xls,51712,True,58,0,BOQ | 가격·견적,
L2023-00036-1,2020-00086,우즈베키스탄,"우즈베키스탄 우르겐치 직업훈련원 건립 및 직업훈련 제도역량 공고화 지원 사업('20-'24/1,400만불)",L2023-00036-1/붙임3_입찰관련서류_검토완_0717/Section 4.  Bill of Quantities(Not-Priced)/공내역서/VTC견적서/3 ОБЩЕЖИТИЕ(Dormitory)/3-3 ОВ(Heating & Ventilation)/13103_vrmu.xls,.xls,61440,True,114,0,BOQ | 가격·견적,
L2023-00036-1,2020-00086,우즈베키스탄,"우즈베키스탄 우르겐치 직업훈련원 건립 및 직업훈련 제도역량 공고화 지원 사업('20-'24/1,400만불)",L2023-00036-1/붙임3_입찰관련서류_검토완_0717/Section 4.  Bill of Quantities(Not-Priced)/공내역서/VTC견적서/3 ОБЩЕЖИТИЕ(Dormitory)/3-3 ОВ(Heating & Ventilation)/bv13100.xls,.xls,118784,True,419,0,BOQ | 가격·견적,
L2023-00036-1,2020-00086,우즈베키스탄,"우즈베키스탄 우르겐치 직업훈련원 건립 및 직업훈련 제도역량 공고화 지원 사업('20-'24/1,400만불)",L2023-00036-1/붙임3_입찰관련서류_검토완_0717/Section 4.  Bill of Quantities(Not-Priced)/공내역서/VTC견적서/3 ОБЩЕЖИТИЕ(Dormitory)/3-4 ВК(Water & Sewer & Fireplug)/13113_vfor.xls,.xls,62464,True,139,0,BOQ | 가격·견적,
L2023-00036-1,2020-00086,우즈베키스탄,"우즈베키스탄 우르겐치 직업훈련원 건립 및 직업훈련 제도역량 공고화 지원 사업('20-'24/1,400만불)",L2023-00036-1/붙임3_입찰관련서류_검토완_0717/Section 4.  Bill of Quantities(Not-Priced)/공내역서/VTC견적서/3 ОБЩЕЖИТИЕ(Dormitory)/3-4 ВК(Water & Sewer & Fireplug)/13113_vrmu.xls,.xls,78336,True,192,0,BOQ | 가격·견적,
L2023-00036-1,2020-00086,우즈베키스탄,"우즈베키스탄 우르겐치 직업훈련원 건립 및 직업훈련 제도역량 공고화 지원 사업('20-'24/1,400만불)",L2023-00036-1/붙임3_입찰관련서류_검토완_0717/Section 4.  Bill of Quantities(Not-Priced)/공내역서/VTC견적서/3 ОБЩЕЖИТИЕ(Dormitory)/3-4 ВК(Water & Sewer & Fireplug)/bv13110.xls,.xls,162816,True,687,0,BOQ | 가격·견적,
L2023-00036-1,2020-00086,우즈베키스탄,"우즈베키스탄 우르겐치 직업훈련원 건립 및 직업훈련 제도역량 공고화 지원 사업('20-'24/1,400만불)",L2023-00036-1/붙임3_입찰관련서류_검토완_0717/Section 4.  Bill of Quantities(Not-Priced)/공내역서/VTC견적서/3 ОБЩЕЖИТИЕ(Dormitory)/3-5 ЭО(Electric)/13393_vfor.xls,.xls,74752,True,105,0,BOQ | 가격·견적,
L2023-00036-1,2020-00086,우즈베키스탄,"우즈베키스탄 우르겐치 직업훈련원 건립 및 직업훈련 제도역량 공고화 지원 사업('20-'24/1,400만불)",L2023-00036-1/붙임3_입찰관련서류_검토완_0717/Section 4.  Bill of Quantities(Not-Priced)/공내역서/VTC견적서/3 ОБЩЕЖИТИЕ(Dormitory)/3-5 ЭО(Electric)/13393_vrmu.xls,.xls,78336,True,154,0,BOQ | 가격·견적,
L2023-00036-1,2020-00086,우즈베키스탄,"우즈베키스탄 우르겐치 직업훈련원 건립 및 직업훈련 제도역량 공고화 지원 사업('20-'24/1,400만불)",L2023-00036-1/붙임3_입찰관련서류_검토완_0717/Section 4.  Bill of Quantities(Not-Priced)/공내역서/VTC견적서/3 ОБЩЕЖИТИЕ(Dormitory)/3-5 ЭО(Electric)/bv13390.xls,.xls,160768,True,617,0,BOQ | 가격·견적,
L2023-00036-1,2020-00086,우즈베키스탄,"우즈베키스탄 우르겐치 직업훈련원 건립 및 직업훈련 제도역량 공고화 지원 사업('20-'24/1,400만불)",L2023-00036-1/붙임3_입찰관련서류_검토완_0717/Section 4.  Bill of Quantities(Not-Priced)/공내역서/VTC견적서/3 ОБЩЕЖИТИЕ(Dormitory)/3-6 ПС(Fire Alarm)/13293_vfor.xls,.xls,47616,True,54,0,BOQ | 가격·견적,
L2023-00036-1,2020-00086,우즈베키스탄,"우즈베키스탄 우르겐치 직업훈련원 건립 및 직업훈련 제도역량 공고화 지원 사업('20-'24/1,400만불)",L2023-00036-1/붙임3_입찰관련서류_검토완_0717/Section 4.  Bill of Quantities(Not-Priced)/공내역서/VTC견적서/3 ОБЩЕЖИТИЕ(Dormitory)/3-6 ПС(Fire Alarm)/13293_vrmu.xls,.xls,52736,True,91,0,BOQ | 가격·견적,
L2023-00036-1,2020-00086,우즈베키스탄,"우즈베키스탄 우르겐치 직업훈련원 건립 및 직업훈련 제도역량 공고화 지원 사업('20-'24/1,400만불)",L2023-00036-1/붙임3_입찰관련서류_검토완_0717/Section 4.  Bill of Quantities(Not-Priced)/공내역서/VTC견적서/3 ОБЩЕЖИТИЕ(Dormitory)/3-6 ПС(Fire Alarm)/bv13290.xls,.xls,86016,True,249,0,BOQ | 가격·견적,
L2023-00036-1,2020-00086,우즈베키스탄,"우즈베키스탄 우르겐치 직업훈련원 건립 및 직업훈련 제도역량 공고화 지원 사업('20-'24/1,400만불)","L2023-00036-1/붙임3_입찰관련서류_검토완_0717/Section 4.  Bill of Quantities(Not-Priced)/공내역서/VTC견적서/3 ОБЩЕЖИТИЕ(Dormitory)/3-7 ВН, СКС(CCTV & Network)/13303_vfor.xls",.xls,48640,True,55,0,BOQ | 가격·견적,
L2023-00036-1,2020-00086,우즈베키스탄,"우즈베키스탄 우르겐치 직업훈련원 건립 및 직업훈련 제도역량 공고화 지원 사업('20-'24/1,400만불)","L2023-00036-1/붙임3_입찰관련서류_검토완_0717/Section 4.  Bill of Quantities(Not-Priced)/공내역서/VTC견적서/3 ОБЩЕЖИТИЕ(Dormitory)/3-7 ВН, СКС(CCTV & Network)/13303_vrmu.xls",.xls,55808,True,110,0,BOQ | 가격·견적,
L2023-00036-1,2020-00086,우즈베키스탄,"우즈베키스탄 우르겐치 직업훈련원 건립 및 직업훈련 제도역량 공고화 지원 사업('20-'24/1,400만불)","L2023-00036-1/붙임3_입찰관련서류_검토완_0717/Section 4.  Bill of Quantities(Not-Priced)/공내역서/VTC견적서/3 ОБЩЕЖИТИЕ(Dormitory)/3-7 ВН, СКС(CCTV & Network)/bv13300.xls",.xls,91136,True,258,0,BOQ | 가격·견적,
L2023-00036-1,2020-00086,우즈베키스탄,"우즈베키스탄 우르겐치 직업훈련원 건립 및 직업훈련 제도역량 공고화 지원 사업('20-'24/1,400만불)",L2023-00036-1/붙임3_입찰관련서류_검토완_0717/Section 4.  Bill of Quantities(Not-Priced)/공내역서/VTC견적서/3 ОБЩЕЖИТИЕ(Dormitory)/3-8 ТМ(Boiler & Solar heating)/13443_vfor.xls,.xls,70144,True,126,0,BOQ | 가격·견적,
L2023-00036-1,2020-00086,우즈베키스탄,"우즈베키스탄 우르겐치 직업훈련원 건립 및 직업훈련 제도역량 공고화 지원 사업('20-'24/1,400만불)",L2023-00036-1/붙임3_입찰관련서류_검토완_0717/Section 4.  Bill of Quantities(Not-Priced)/공내역서/VTC견적서/3 ОБЩЕЖИТИЕ(Dormitory)/3-8 ТМ(Boiler & Solar heating)/13443_vrmu.xls,.xls,86528,True,201,0,BOQ | 가격·견적,
L2023-00036-1,2020-00086,우즈베키스탄,"우즈베키스탄 우르겐치 직업훈련원 건립 및 직업훈련 제도역량 공고화 지원 사업('20-'24/1,400만불)",L2023-00036-1/붙임3_입찰관련서류_검토완_0717/Section 4.  Bill of Quantities(Not-Priced)/공내역서/VTC견적서/3 ОБЩЕЖИТИЕ(Dormitory)/3-8 ТМ(Boiler & Solar heating)/bv13440.xls,.xls,176128,True,725,0,BOQ | 가격·견적,
L2023-00036-1,2020-00086,우즈베키스탄,"우즈베키스탄 우르겐치 직업훈련원 건립 및 직업훈련 제도역량 공고화 지원 사업('20-'24/1,400만불)",L2023-00036-1/붙임3_입찰관련서류_검토완_0717/Section 4.  Bill of Quantities(Not-Priced)/공내역서/VTC견적서/3 ОБЩЕЖИТИЕ(Dormitory)/3-9 ГСВ(Gas)/13453_vfor.xls,.xls,44544,True,35,0,BOQ | 가격·견적,
L2023-00036-1,2020-00086,우즈베키스탄,"우즈베키스탄 우르겐치 직업훈련원 건립 및 직업훈련 제도역량 공고화 지원 사업('20-'24/1,400만불)",L2023-00036-1/붙임3_입찰관련서류_검토완_0717/Section 4.  Bill of Quantities(Not-Priced)/공내역서/VTC견적서/3 ОБЩЕЖИТИЕ(Dormitory)/3-9 ГСВ(Gas)/13453_vrmu.xls,.xls,54272,True,98,0,BOQ | 가격·견적,
L2023-00036-1,2020-00086,우즈베키스탄,"우즈베키스탄 우르겐치 직업훈련원 건립 및 직업훈련 제도역량 공고화 지원 사업('20-'24/1,400만불)",L2023-00036-1/붙임3_입찰관련서류_검토완_0717/Section 4.  Bill of Quantities(Not-Priced)/공내역서/VTC견적서/3 ОБЩЕЖИТИЕ(Dormitory)/3-9 ГСВ(Gas)/bv13450.xls,.xls,101888,True,316,0,BOQ | 가격·견적,
L2023-00036-1,2020-00086,우즈베키스탄,"우즈베키스탄 우르겐치 직업훈련원 건립 및 직업훈련 제도역량 공고화 지원 사업('20-'24/1,400만불)",L2023-00036-1/붙임3_입찰관련서류_검토완_0717/Section 4.  Bill of Quantities(Not-Priced)/공내역서/VTC견적서/3 ОБЩЕЖИТИЕ(Dormitory)/СВОДКА ОБЩЕЖИТИЕ o.xls,.xls,41984,True,21,0,BOQ | 가격·견적,
L2023-00036-1,2020-00086,우즈베키스탄,"우즈베키스탄 우르겐치 직업훈련원 건립 및 직업훈련 제도역량 공고화 지원 사업('20-'24/1,400만불)",L2023-00036-1/붙임3_입찰관련서류_검토완_0717/Section 4.  Bill of Quantities(Not-Priced)/공내역서/VTC견적서/4 БУФЕТ(Cafeteria)/4-1 КЖ(Structure)/13003_vfor.xls,.xls,50688,True,78,0,BOQ | 가격·견적,
L2023-00036-1,2020-00086,우즈베키스탄,"우즈베키스탄 우르겐치 직업훈련원 건립 및 직업훈련 제도역량 공고화 지원 사업('20-'24/1,400만불)",L2023-00036-1/붙임3_입찰관련서류_검토완_0717/Section 4.  Bill of Quantities(Not-Priced)/공내역서/VTC견적서/4 БУФЕТ(Cafeteria)/4-1 КЖ(Structure)/13003_vrmu.xls,.xls,62464,True,127,0,BOQ | 가격·견적,
L2023-00036-1,2020-00086,우즈베키스탄,"우즈베키스탄 우르겐치 직업훈련원 건립 및 직업훈련 제도역량 공고화 지원 사업('20-'24/1,400만불)",L2023-00036-1/붙임3_입찰관련서류_검토완_0717/Section 4.  Bill of Quantities(Not-Priced)/공내역서/VTC견적서/4 БУФЕТ(Cafeteria)/4-1 КЖ(Structure)/bv13000.xls,.xls,156672,True,673,0,BOQ | 가격·견적,
L2023-00036-1,2020-00086,우즈베키스탄,"우즈베키스탄 우르겐치 직업훈련원 건립 및 직업훈련 제도역량 공고화 지원 사업('20-'24/1,400만불)",L2023-00036-1/붙임3_입찰관련서류_검토완_0717/Section 4.  Bill of Quantities(Not-Priced)/공내역서/VTC견적서/4 БУФЕТ(Cafeteria)/4-2 АР(Architecture)/13173_vfor.xls,.xls,46080,True,40,0,BOQ | 가격·견적,
L2023-00036-1,2020-00086,우즈베키스탄,"우즈베키스탄 우르겐치 직업훈련원 건립 및 직업훈련 제도역량 공고화 지원 사업('20-'24/1,400만불)",L2023-00036-1/붙임3_입찰관련서류_검토완_0717/Section 4.  Bill of Quantities(Not-Priced)/공내역서/VTC견적서/4 БУФЕТ(Cafeteria)/4-2 АР(Architecture)/13173_vrmu.xls,.xls,57344,True,121,0,BOQ | 가격·견적,
L2023-00036-1,2020-00086,우즈베키스탄,"우즈베키스탄 우르겐치 직업훈련원 건립 및 직업훈련 제도역량 공고화 지원 사업('20-'24/1,400만불)",L2023-00036-1/붙임3_입찰관련서류_검토완_0717/Section 4.  Bill of Quantities(Not-Priced)/공내역서/VTC견적서/4 БУФЕТ(Cafeteria)/4-2 АР(Architecture)/bv13170.xls,.xls,115200,True,396,0,BOQ | 가격·견적,
L2023-00036-1,2020-00086,우즈베키스탄,"우즈베키스탄 우르겐치 직업훈련원 건립 및 직업훈련 제도역량 공고화 지원 사업('20-'24/1,400만불)",L2023-00036-1/붙임3_입찰관련서류_검토완_0717/Section 4.  Bill of Quantities(Not-Priced)/공내역서/VTC견적서/4 БУФЕТ(Cafeteria)/4-3 ОВ(Heating & Ventilation)/13573_vfor.xls,.xls,51200,True,75,0,BOQ | 가격·견적,
L2023-00036-1,2020-00086,우즈베키스탄,"우즈베키스탄 우르겐치 직업훈련원 건립 및 직업훈련 제도역량 공고화 지원 사업('20-'24/1,400만불)",L2023-00036-1/붙임3_입찰관련서류_검토완_0717/Section 4.  Bill of Quantities(Not-Priced)/공내역서/VTC견적서/4 БУФЕТ(Cafeteria)/4-3 ОВ(Heating & Ventilation)/13573_vrmu.xls,.xls,60928,True,128,0,BOQ | 가격·견적,
L2023-00036-1,2020-00086,우즈베키스탄,"우즈베키스탄 우르겐치 직업훈련원 건립 및 직업훈련 제도역량 공고화 지원 사업('20-'24/1,400만불)",L2023-00036-1/붙임3_입찰관련서류_검토완_0717/Section 4.  Bill of Quantities(Not-Priced)/공내역서/VTC견적서/4 БУФЕТ(Cafeteria)/4-3 ОВ(Heating & Ventilation)/bv13570.xls,.xls,122368,True,471,0,BOQ | 가격·견적,
L2023-00036-1,2020-00086,우즈베키스탄,"우즈베키스탄 우르겐치 직업훈련원 건립 및 직업훈련 제도역량 공고화 지원 사업('20-'24/1,400만불)",L2023-00036-1/붙임3_입찰관련서류_검토완_0717/Section 4.  Bill of Quantities(Not-Priced)/공내역서/VTC견적서/4 БУФЕТ(Cafeteria)/4-4 ВК(Water & Sewer & Fireplug)/13143_vfor.xls,.xls,44544,True,47,0,BOQ | 가격·견적,
L2023-00036-1,2020-00086,우즈베키스탄,"우즈베키스탄 우르겐치 직업훈련원 건립 및 직업훈련 제도역량 공고화 지원 사업('20-'24/1,400만불)",L2023-00036-1/붙임3_입찰관련서류_검토완_0717/Section 4.  Bill of Quantities(Not-Priced)/공내역서/VTC견적서/4 БУФЕТ(Cafeteria)/4-4 ВК(Water & Sewer & Fireplug)/13143_vrmu.xls,.xls,58880,True,119,0,BOQ | 가격·견적,
L2023-00036-1,2020-00086,우즈베키스탄,"우즈베키스탄 우르겐치 직업훈련원 건립 및 직업훈련 제도역량 공고화 지원 사업('20-'24/1,400만불)",L2023-00036-1/붙임3_입찰관련서류_검토완_0717/Section 4.  Bill of Quantities(Not-Priced)/공내역서/VTC견적서/4 БУФЕТ(Cafeteria)/4-4 ВК(Water & Sewer & Fireplug)/bv13140.xls,.xls,101376,True,321,0,BOQ | 가격·견적,
L2023-00036-1,2020-00086,우즈베키스탄,"우즈베키스탄 우르겐치 직업훈련원 건립 및 직업훈련 제도역량 공고화 지원 사업('20-'24/1,400만불)",L2023-00036-1/붙임3_입찰관련서류_검토완_0717/Section 4.  Bill of Quantities(Not-Priced)/공내역서/VTC견적서/4 БУФЕТ(Cafeteria)/4-5 ЭО(Electric)/13383_vfor.xls,.xls,52736,True,57,0,BOQ | 가격·견적,
L2023-00036-1,2020-00086,우즈베키스탄,"우즈베키스탄 우르겐치 직업훈련원 건립 및 직업훈련 제도역량 공고화 지원 사업('20-'24/1,400만불)",L2023-00036-1/붙임3_입찰관련서류_검토완_0717/Section 4.  Bill of Quantities(Not-Priced)/공내역서/VTC견적서/4 БУФЕТ(Cafeteria)/4-5 ЭО(Electric)/13383_vrmu.xls,.xls,60416,True,112,0,BOQ | 가격·견적,
L2023-00036-1,2020-00086,우즈베키스탄,"우즈베키스탄 우르겐치 직업훈련원 건립 및 직업훈련 제도역량 공고화 지원 사업('20-'24/1,400만불)",L2023-00036-1/붙임3_입찰관련서류_검토완_0717/Section 4.  Bill of Quantities(Not-Priced)/공내역서/VTC견적서/4 БУФЕТ(Cafeteria)/4-5 ЭО(Electric)/bv13380.xls,.xls,105984,True,339,0,BOQ | 가격·견적,
L2023-00036-1,2020-00086,우즈베키스탄,"우즈베키스탄 우르겐치 직업훈련원 건립 및 직업훈련 제도역량 공고화 지원 사업('20-'24/1,400만불)",L2023-00036-1/붙임3_입찰관련서류_검토완_0717/Section 4.  Bill of Quantities(Not-Priced)/공내역서/VTC견적서/4 БУФЕТ(Cafeteria)/4-6 ПС(Fire Alarm)/13313_vfor.xls,.xls,40960,True,32,0,BOQ | 가격·견적,
L2023-00036-1,2020-00086,우즈베키스탄,"우즈베키스탄 우르겐치 직업훈련원 건립 및 직업훈련 제도역량 공고화 지원 사업('20-'24/1,400만불)",L2023-00036-1/붙임3_입찰관련서류_검토완_0717/Section 4.  Bill of Quantities(Not-Priced)/공내역서/VTC견적서/4 БУФЕТ(Cafeteria)/4-6 ПС(Fire Alarm)/13313_vrmu.xls,.xls,46080,True,75,0,BOQ | 가격·견적,
L2023-00036-1,2020-00086,우즈베키스탄,"우즈베키스탄 우르겐치 직업훈련원 건립 및 직업훈련 제도역량 공고화 지원 사업('20-'24/1,400만불)",L2023-00036-1/붙임3_입찰관련서류_검토완_0717/Section 4.  Bill of Quantities(Not-Priced)/공내역서/VTC견적서/4 БУФЕТ(Cafeteria)/4-6 ПС(Fire Alarm)/bv13310.xls,.xls,69120,True,147,0,BOQ | 가격·견적,
L2023-00036-1,2020-00086,우즈베키스탄,"우즈베키스탄 우르겐치 직업훈련원 건립 및 직업훈련 제도역량 공고화 지원 사업('20-'24/1,400만불)","L2023-00036-1/붙임3_입찰관련서류_검토완_0717/Section 4.  Bill of Quantities(Not-Priced)/공내역서/VTC견적서/4 БУФЕТ(Cafeteria)/4-7 ВН, СКС(CCTV & Network)/13323_vfor.xls",.xls,47616,True,59,0,BOQ | 가격·견적,
L2023-00036-1,2020-00086,우즈베키스탄,"우즈베키스탄 우르겐치 직업훈련원 건립 및 직업훈련 제도역량 공고화 지원 사업('20-'24/1,400만불)","L2023-00036-1/붙임3_입찰관련서류_검토완_0717/Section 4.  Bill of Quantities(Not-Priced)/공내역서/VTC견적서/4 БУФЕТ(Cafeteria)/4-7 ВН, СКС(CCTV & Network)/13323_vrmu.xls",.xls,56832,True,114,0,BOQ | 가격·견적,
L2023-00036-1,2020-00086,우즈베키스탄,"우즈베키스탄 우르겐치 직업훈련원 건립 및 직업훈련 제도역량 공고화 지원 사업('20-'24/1,400만불)","L2023-00036-1/붙임3_입찰관련서류_검토완_0717/Section 4.  Bill of Quantities(Not-Priced)/공내역서/VTC견적서/4 БУФЕТ(Cafeteria)/4-7 ВН, СКС(CCTV & Network)/bv13320.xls",.xls,87040,True,268,0,BOQ | 가격·견적,
L2023-00036-1,2020-00086,우즈베키스탄,"우즈베키스탄 우르겐치 직업훈련원 건립 및 직업훈련 제도역량 공고화 지원 사업('20-'24/1,400만불)",L2023-00036-1/붙임3_입찰관련서류_검토완_0717/Section 4.  Bill of Quantities(Not-Priced)/공내역서/VTC견적서/4 БУФЕТ(Cafeteria)/4-8 ГСВ(Gas)/13473_vfor.xls,.xls,43008,True,30,0,BOQ | 가격·견적,
L2023-00036-1,2020-00086,우즈베키스탄,"우즈베키스탄 우르겐치 직업훈련원 건립 및 직업훈련 제도역량 공고화 지원 사업('20-'24/1,400만불)",L2023-00036-1/붙임3_입찰관련서류_검토완_0717/Section 4.  Bill of Quantities(Not-Priced)/공내역서/VTC견적서/4 БУФЕТ(Cafeteria)/4-8 ГСВ(Gas)/13473_vrmu.xls,.xls,51712,True,85,0,BOQ | 가격·견적,
L2023-00036-1,2020-00086,우즈베키스탄,"우즈베키스탄 우르겐치 직업훈련원 건립 및 직업훈련 제도역량 공고화 지원 사업('20-'24/1,400만불)",L2023-00036-1/붙임3_입찰관련서류_검토완_0717/Section 4.  Bill of Quantities(Not-Priced)/공내역서/VTC견적서/4 БУФЕТ(Cafeteria)/4-8 ГСВ(Gas)/bv13470.xls,.xls,86528,True,236,0,BOQ | 가격·견적,
L2023-00036-1,2020-00086,우즈베키스탄,"우즈베키스탄 우르겐치 직업훈련원 건립 및 직업훈련 제도역량 공고화 지원 사업('20-'24/1,400만불)",L2023-00036-1/붙임3_입찰관련서류_검토완_0717/Section 4.  Bill of Quantities(Not-Priced)/공내역서/VTC견적서/4 БУФЕТ(Cafeteria)/4-9 ТХ/13743_vfor.xls,.xls,33280,True,23,0,BOQ | 가격·견적,
L2023-00036-1,2020-00086,우즈베키스탄,"우즈베키스탄 우르겐치 직업훈련원 건립 및 직업훈련 제도역량 공고화 지원 사업('20-'24/1,400만불)",L2023-00036-1/붙임3_입찰관련서류_검토완_0717/Section 4.  Bill of Quantities(Not-Priced)/공내역서/VTC견적서/4 БУФЕТ(Cafeteria)/4-9 ТХ/13743_vrmu.xls,.xls,44032,True,56,0,BOQ | 가격·견적,
L2023-00036-1,2020-00086,우즈베키스탄,"우즈베키스탄 우르겐치 직업훈련원 건립 및 직업훈련 제도역량 공고화 지원 사업('20-'24/1,400만불)",L2023-00036-1/붙임3_입찰관련서류_검토완_0717/Section 4.  Bill of Quantities(Not-Priced)/공내역서/VTC견적서/4 БУФЕТ(Cafeteria)/4-9 ТХ/bv13740.xls,.xls,45056,True,72,0,BOQ | 가격·견적,
L2023-00036-1,2020-00086,우즈베키스탄,"우즈베키스탄 우르겐치 직업훈련원 건립 및 직업훈련 제도역량 공고화 지원 사업('20-'24/1,400만불)",L2023-00036-1/붙임3_입찰관련서류_검토완_0717/Section 4.  Bill of Quantities(Not-Priced)/공내역서/VTC견적서/4 БУФЕТ(Cafeteria)/СВОДКА БУФЕТ o.xls,.xls,41984,True,21,0,BOQ | 가격·견적,
L2023-00036-1,2020-00086,우즈베키스탄,"우즈베키스탄 우르겐치 직업훈련원 건립 및 직업훈련 제도역량 공고화 지원 사업('20-'24/1,400만불)",L2023-00036-1/붙임3_입찰관련서류_검토완_0717/Section 4.  Bill of Quantities(Not-Priced)/공내역서/VTC견적서/4 БУФЕТ(Cafeteria)/Титул  ТОМ V.doc,.doc,31232,True,18,0,BOQ | 가격·견적,
L2023-00036-1,2020-00086,우즈베키스탄,"우즈베키스탄 우르겐치 직업훈련원 건립 및 직업훈련 제도역량 공고화 지원 사업('20-'24/1,400만불)",L2023-00036-1/붙임3_입찰관련서류_검토완_0717/Section 4.  Bill of Quantities(Not-Priced)/공내역서/VTC견적서/5 МИНИКУХНЯ(Mini Cafe)/5-1 КЖ(Structure)/13043_vfor.xls,.xls,48128,True,95,0,BOQ | 가격·견적,
L2023-00036-1,2020-00086,우즈베키스탄,"우즈베키스탄 우르겐치 직업훈련원 건립 및 직업훈련 제도역량 공고화 지원 사업('20-'24/1,400만불)",L2023-00036-1/붙임3_입찰관련서류_검토완_0717/Section 4.  Bill of Quantities(Not-Priced)/공내역서/VTC견적서/5 МИНИКУХНЯ(Mini Cafe)/5-1 КЖ(Structure)/13043_vrmu.xls,.xls,64000,True,157,0,BOQ | 가격·견적,
L2023-00036-1,2020-00086,우즈베키스탄,"우즈베키스탄 우르겐치 직업훈련원 건립 및 직업훈련 제도역량 공고화 지원 사업('20-'24/1,400만불)",L2023-00036-1/붙임3_입찰관련서류_검토완_0717/Section 4.  Bill of Quantities(Not-Priced)/공내역서/VTC견적서/5 МИНИКУХНЯ(Mini Cafe)/5-1 КЖ(Structure)/bv13040.xls,.xls,174592,True,805,0,BOQ | 가격·견적,
L2023-00036-1,2020-00086,우즈베키스탄,"우즈베키스탄 우르겐치 직업훈련원 건립 및 직업훈련 제도역량 공고화 지원 사업('20-'24/1,400만불)",L2023-00036-1/붙임3_입찰관련서류_검토완_0717/Section 4.  Bill of Quantities(Not-Priced)/공내역서/VTC견적서/5 МИНИКУХНЯ(Mini Cafe)/5-2 АР(Architecture)/13193_vfor.xls,.xls,40960,True,50,0,BOQ | 가격·견적,
L2023-00036-1,2020-00086,우즈베키스탄,"우즈베키스탄 우르겐치 직업훈련원 건립 및 직업훈련 제도역량 공고화 지원 사업('20-'24/1,400만불)",L2023-00036-1/붙임3_입찰관련서류_검토완_0717/Section 4.  Bill of Quantities(Not-Priced)/공내역서/VTC견적서/5 МИНИКУХНЯ(Mini Cafe)/5-2 АР(Architecture)/13193_vrmu.xls,.xls,59392,True,128,0,BOQ | 가격·견적,
L2023-00036-1,2020-00086,우즈베키스탄,"우즈베키스탄 우르겐치 직업훈련원 건립 및 직업훈련 제도역량 공고화 지원 사업('20-'24/1,400만불)",L2023-00036-1/붙임3_입찰관련서류_검토완_0717/Section 4.  Bill of Quantities(Not-Priced)/공내역서/VTC견적서/5 МИНИКУХНЯ(Mini Cafe)/5-2 АР(Architecture)/bv13190.xls,.xls,114176,True,431,0,BOQ | 가격·견적,
L2023-00036-1,2020-00086,우즈베키스탄,"우즈베키스탄 우르겐치 직업훈련원 건립 및 직업훈련 제도역량 공고화 지원 사업('20-'24/1,400만불)",L2023-00036-1/붙임3_입찰관련서류_검토완_0717/Section 4.  Bill of Quantities(Not-Priced)/공내역서/VTC견적서/5 МИНИКУХНЯ(Mini Cafe)/5-3 ОВ(Heating & Ventilation)/13543_vfor.xls,.xls,32768,True,21,0,BOQ | 가격·견적,
L2023-00036-1,2020-00086,우즈베키스탄,"우즈베키스탄 우르겐치 직업훈련원 건립 및 직업훈련 제도역량 공고화 지원 사업('20-'24/1,400만불)",L2023-00036-1/붙임3_입찰관련서류_검토완_0717/Section 4.  Bill of Quantities(Not-Priced)/공내역서/VTC견적서/5 МИНИКУХНЯ(Mini Cafe)/5-3 ОВ(Heating & Ventilation)/13543_vrmu.xls,.xls,49664,True,72,0,BOQ | 가격·견적,
L2023-00036-1,2020-00086,우즈베키스탄,"우즈베키스탄 우르겐치 직업훈련원 건립 및 직업훈련 제도역량 공고화 지원 사업('20-'24/1,400만불)",L2023-00036-1/붙임3_입찰관련서류_검토완_0717/Section 4.  Bill of Quantities(Not-Priced)/공내역서/VTC견적서/5 МИНИКУХНЯ(Mini Cafe)/5-3 ОВ(Heating & Ventilation)/bv13540.xls,.xls,65536,True,160,0,BOQ | 가격·견적,
L2023-00036-1,2020-00086,우즈베키스탄,"우즈베키스탄 우르겐치 직업훈련원 건립 및 직업훈련 제도역량 공고화 지원 사업('20-'24/1,400만불)",L2023-00036-1/붙임3_입찰관련서류_검토완_0717/Section 4.  Bill of Quantities(Not-Priced)/공내역서/VTC견적서/5 МИНИКУХНЯ(Mini Cafe)/5-4 ВК(Water & Sewer & Fireplug)/13153_vfor.xls,.xls,38912,True,61,0,BOQ | 가격·견적,
L2023-00036-1,2020-00086,우즈베키스탄,"우즈베키스탄 우르겐치 직업훈련원 건립 및 직업훈련 제도역량 공고화 지원 사업('20-'24/1,400만불)",L2023-00036-1/붙임3_입찰관련서류_검토완_0717/Section 4.  Bill of Quantities(Not-Priced)/공내역서/VTC견적서/5 МИНИКУХНЯ(Mini Cafe)/5-4 ВК(Water & Sewer & Fireplug)/13153_vrmu.xls,.xls,55296,True,116,0,BOQ | 가격·견적,
L2023-00036-1,2020-00086,우즈베키스탄,"우즈베키스탄 우르겐치 직업훈련원 건립 및 직업훈련 제도역량 공고화 지원 사업('20-'24/1,400만불)",L2023-00036-1/붙임3_입찰관련서류_검토완_0717/Section 4.  Bill of Quantities(Not-Priced)/공내역서/VTC견적서/5 МИНИКУХНЯ(Mini Cafe)/5-4 ВК(Water & Sewer & Fireplug)/bv13150.xls,.xls,81920,True,265,0,BOQ | 가격·견적,
L2023-00036-1,2020-00086,우즈베키스탄,"우즈베키스탄 우르겐치 직업훈련원 건립 및 직업훈련 제도역량 공고화 지원 사업('20-'24/1,400만불)",L2023-00036-1/붙임3_입찰관련서류_검토완_0717/Section 4.  Bill of Quantities(Not-Priced)/공내역서/VTC견적서/5 МИНИКУХНЯ(Mini Cafe)/5-5 ЭО(Electric)/13523_vfor.xls,.xls,38912,True,34,0,BOQ | 가격·견적,
L2023-00036-1,2020-00086,우즈베키스탄,"우즈베키스탄 우르겐치 직업훈련원 건립 및 직업훈련 제도역량 공고화 지원 사업('20-'24/1,400만불)",L2023-00036-1/붙임3_입찰관련서류_검토완_0717/Section 4.  Bill of Quantities(Not-Priced)/공내역서/VTC견적서/5 МИНИКУХНЯ(Mini Cafe)/5-5 ЭО(Electric)/13523_vrmu.xls,.xls,51712,True,80,0,BOQ | 가격·견적,
L2023-00036-1,2020-00086,우즈베키스탄,"우즈베키스탄 우르겐치 직업훈련원 건립 및 직업훈련 제도역량 공고화 지원 사업('20-'24/1,400만불)",L2023-00036-1/붙임3_입찰관련서류_검토완_0717/Section 4.  Bill of Quantities(Not-Priced)/공내역서/VTC견적서/5 МИНИКУХНЯ(Mini Cafe)/5-5 ЭО(Electric)/bv13520.xls,.xls,72704,True,189,0,BOQ | 가격·견적,
L2023-00036-1,2020-00086,우즈베키스탄,"우즈베키스탄 우르겐치 직업훈련원 건립 및 직업훈련 제도역량 공고화 지원 사업('20-'24/1,400만불)",L2023-00036-1/붙임3_입찰관련서류_검토완_0717/Section 4.  Bill of Quantities(Not-Priced)/공내역서/VTC견적서/5 МИНИКУХНЯ(Mini Cafe)/5-6 ПС(Fire Alarm)/13333_vfor.xls,.xls,35328,True,32,0,BOQ | 가격·견적,
L2023-00036-1,2020-00086,우즈베키스탄,"우즈베키스탄 우르겐치 직업훈련원 건립 및 직업훈련 제도역량 공고화 지원 사업('20-'24/1,400만불)",L2023-00036-1/붙임3_입찰관련서류_검토완_0717/Section 4.  Bill of Quantities(Not-Priced)/공내역서/VTC견적서/5 МИНИКУХНЯ(Mini Cafe)/5-6 ПС(Fire Alarm)/13333_vrmu.xls,.xls,45568,True,75,0,BOQ | 가격·견적,
L2023-00036-1,2020-00086,우즈베키스탄,"우즈베키스탄 우르겐치 직업훈련원 건립 및 직업훈련 제도역량 공고화 지원 사업('20-'24/1,400만불)",L2023-00036-1/붙임3_입찰관련서류_검토완_0717/Section 4.  Bill of Quantities(Not-Priced)/공내역서/VTC견적서/5 МИНИКУХНЯ(Mini Cafe)/5-6 ПС(Fire Alarm)/bv13330.xls,.xls,62976,True,147,0,BOQ | 가격·견적,
L2023-00036-1,2020-00086,우즈베키스탄,"우즈베키스탄 우르겐치 직업훈련원 건립 및 직업훈련 제도역량 공고화 지원 사업('20-'24/1,400만불)","L2023-00036-1/붙임3_입찰관련서류_검토완_0717/Section 4.  Bill of Quantities(Not-Priced)/공내역서/VTC견적서/5 МИНИКУХНЯ(Mini Cafe)/5-7 ВН, СКС(CCTV & Network)/13343_vfor.xls",.xls,42496,True,59,0,BOQ | 가격·견적,
L2023-00036-1,2020-00086,우즈베키스탄,"우즈베키스탄 우르겐치 직업훈련원 건립 및 직업훈련 제도역량 공고화 지원 사업('20-'24/1,400만불)","L2023-00036-1/붙임3_입찰관련서류_검토완_0717/Section 4.  Bill of Quantities(Not-Priced)/공내역서/VTC견적서/5 МИНИКУХНЯ(Mini Cafe)/5-7 ВН, СКС(CCTV & Network)/13343_vrmu.xls",.xls,57344,True,116,0,BOQ | 가격·견적,
L2023-00036-1,2020-00086,우즈베키스탄,"우즈베키스탄 우르겐치 직업훈련원 건립 및 직업훈련 제도역량 공고화 지원 사업('20-'24/1,400만불)","L2023-00036-1/붙임3_입찰관련서류_검토완_0717/Section 4.  Bill of Quantities(Not-Priced)/공내역서/VTC견적서/5 МИНИКУХНЯ(Mini Cafe)/5-7 ВН, СКС(CCTV & Network)/bv13340.xls",.xls,87552,True,271,0,BOQ | 가격·견적,
L2023-00036-1,2020-00086,우즈베키스탄,"우즈베키스탄 우르겐치 직업훈련원 건립 및 직업훈련 제도역량 공고화 지원 사업('20-'24/1,400만불)",L2023-00036-1/붙임3_입찰관련서류_검토완_0717/Section 4.  Bill of Quantities(Not-Priced)/공내역서/VTC견적서/5 МИНИКУХНЯ(Mini Cafe)/СВОДКА МИНИ-КУХНЯ o.xls,.xls,40448,True,19,0,BOQ | 가격·견적,
L2023-00036-1,2020-00086,우즈베키스탄,"우즈베키스탄 우르겐치 직업훈련원 건립 및 직업훈련 제도역량 공고화 지원 사업('20-'24/1,400만불)",L2023-00036-1/붙임3_입찰관련서류_검토완_0717/Section 4.  Bill of Quantities(Not-Priced)/공내역서/VTC견적서/5 МИНИКУХНЯ(Mini Cafe)/Титул  ТОМ VI.doc,.doc,31232,True,18,0,BOQ | 가격·견적,
L2023-00036-1,2020-00086,우즈베키스탄,"우즈베키스탄 우르겐치 직업훈련원 건립 및 직업훈련 제도역량 공고화 지원 사업('20-'24/1,400만불)",L2023-00036-1/붙임3_입찰관련서류_검토완_0717/Section 4.  Bill of Quantities(Not-Priced)/공내역서/VTC견적서/6 КПП(Guard House+Fence & Gate)/6-1 КЖ(Structure)/13053_vfor.xls,.xls,57856,True,89,0,BOQ | 가격·견적,
L2023-00036-1,2020-00086,우즈베키스탄,"우즈베키스탄 우르겐치 직업훈련원 건립 및 직업훈련 제도역량 공고화 지원 사업('20-'24/1,400만불)",L2023-00036-1/붙임3_입찰관련서류_검토완_0717/Section 4.  Bill of Quantities(Not-Priced)/공내역서/VTC견적서/6 КПП(Guard House+Fence & Gate)/6-1 КЖ(Structure)/13053_vrmu.xls,.xls,72704,True,146,0,BOQ | 가격·견적,
L2023-00036-1,2020-00086,우즈베키스탄,"우즈베키스탄 우르겐치 직업훈련원 건립 및 직업훈련 제도역량 공고화 지원 사업('20-'24/1,400만불)",L2023-00036-1/붙임3_입찰관련서류_검토완_0717/Section 4.  Bill of Quantities(Not-Priced)/공내역서/VTC견적서/6 КПП(Guard House+Fence & Gate)/6-1 КЖ(Structure)/bv13050.xls,.xls,186368,True,735,0,BOQ | 가격·견적,
L2023-00036-1,2020-00086,우즈베키스탄,"우즈베키스탄 우르겐치 직업훈련원 건립 및 직업훈련 제도역량 공고화 지원 사업('20-'24/1,400만불)",L2023-00036-1/붙임3_입찰관련서류_검토완_0717/Section 4.  Bill of Quantities(Not-Priced)/공내역서/VTC견적서/6 КПП(Guard House+Fence & Gate)/6-2 АР(Architecture)/13203_vfor.xls,.xls,48640,True,54,0,BOQ | 가격·견적,
L2023-00036-1,2020-00086,우즈베키스탄,"우즈베키스탄 우르겐치 직업훈련원 건립 및 직업훈련 제도역량 공고화 지원 사업('20-'24/1,400만불)",L2023-00036-1/붙임3_입찰관련서류_검토완_0717/Section 4.  Bill of Quantities(Not-Priced)/공내역서/VTC견적서/6 КПП(Guard House+Fence & Gate)/6-2 АР(Architecture)/13203_vrmu.xls,.xls,61440,True,136,0,BOQ | 가격·견적,
L2023-00036-1,2020-00086,우즈베키스탄,"우즈베키스탄 우르겐치 직업훈련원 건립 및 직업훈련 제도역량 공고화 지원 사업('20-'24/1,400만불)",L2023-00036-1/붙임3_입찰관련서류_검토완_0717/Section 4.  Bill of Quantities(Not-Priced)/공내역서/VTC견적서/6 КПП(Guard House+Fence & Gate)/6-2 АР(Architecture)/bv13200.xls,.xls,129024,True,479,0,BOQ | 가격·견적,
L2023-00036-1,2020-00086,우즈베키스탄,"우즈베키스탄 우르겐치 직업훈련원 건립 및 직업훈련 제도역량 공고화 지원 사업('20-'24/1,400만불)",L2023-00036-1/붙임3_입찰관련서류_검토완_0717/Section 4.  Bill of Quantities(Not-Priced)/공내역서/VTC견적서/6 КПП(Guard House+Fence & Gate)/6-3 ОВ(Heating & Ventilation)/13553_vfor.xls,.xls,39424,True,16,0,BOQ | 가격·견적,
L2023-00036-1,2020-00086,우즈베키스탄,"우즈베키스탄 우르겐치 직업훈련원 건립 및 직업훈련 제도역량 공고화 지원 사업('20-'24/1,400만불)",L2023-00036-1/붙임3_입찰관련서류_검토완_0717/Section 4.  Bill of Quantities(Not-Priced)/공내역서/VTC견적서/6 КПП(Guard House+Fence & Gate)/6-3 ОВ(Heating & Ventilation)/13553_vrmu.xls,.xls,47104,True,70,0,BOQ | 가격·견적,
L2023-00036-1,2020-00086,우즈베키스탄,"우즈베키스탄 우르겐치 직업훈련원 건립 및 직업훈련 제도역량 공고화 지원 사업('20-'24/1,400만불)",L2023-00036-1/붙임3_입찰관련서류_검토완_0717/Section 4.  Bill of Quantities(Not-Priced)/공내역서/VTC견적서/6 КПП(Guard House+Fence & Gate)/6-3 ОВ(Heating & Ventilation)/bv13550.xls,.xls,64000,True,113,0,BOQ | 가격·견적,
L2023-00036-1,2020-00086,우즈베키스탄,"우즈베키스탄 우르겐치 직업훈련원 건립 및 직업훈련 제도역량 공고화 지원 사업('20-'24/1,400만불)",L2023-00036-1/붙임3_입찰관련서류_검토완_0717/Section 4.  Bill of Quantities(Not-Priced)/공내역서/VTC견적서/6 КПП(Guard House+Fence & Gate)/6-4 ВК(Water & Sewer & Fire plug)/13163_vfor.xls,.xls,42496,True,40,0,BOQ | 가격·견적,
L2023-00036-1,2020-00086,우즈베키스탄,"우즈베키스탄 우르겐치 직업훈련원 건립 및 직업훈련 제도역량 공고화 지원 사업('20-'24/1,400만불)",L2023-00036-1/붙임3_입찰관련서류_검토완_0717/Section 4.  Bill of Quantities(Not-Priced)/공내역서/VTC견적서/6 КПП(Guard House+Fence & Gate)/6-4 ВК(Water & Sewer & Fire plug)/13163_vrmu.xls,.xls,51712,True,96,0,BOQ | 가격·견적,
L2023-00036-1,2020-00086,우즈베키스탄,"우즈베키스탄 우르겐치 직업훈련원 건립 및 직업훈련 제도역량 공고화 지원 사업('20-'24/1,400만불)",L2023-00036-1/붙임3_입찰관련서류_검토완_0717/Section 4.  Bill of Quantities(Not-Priced)/공내역서/VTC견적서/6 КПП(Guard House+Fence & Gate)/6-4 ВК(Water & Sewer & Fire plug)/bv13160.xls,.xls,81408,True,210,0,BOQ | 가격·견적,
L2023-00036-1,2020-00086,우즈베키스탄,"우즈베키스탄 우르겐치 직업훈련원 건립 및 직업훈련 제도역량 공고화 지원 사업('20-'24/1,400만불)",L2023-00036-1/붙임3_입찰관련서류_검토완_0717/Section 4.  Bill of Quantities(Not-Priced)/공내역서/VTC견적서/6 КПП(Guard House+Fence & Gate)/6-5 ЭО(Electric)/13533_vfor.xls,.xls,45568,True,34,0,BOQ | 가격·견적,
L2023-00036-1,2020-00086,우즈베키스탄,"우즈베키스탄 우르겐치 직업훈련원 건립 및 직업훈련 제도역량 공고화 지원 사업('20-'24/1,400만불)",L2023-00036-1/붙임3_입찰관련서류_검토완_0717/Section 4.  Bill of Quantities(Not-Priced)/공내역서/VTC견적서/6 КПП(Guard House+Fence & Gate)/6-5 ЭО(Electric)/13533_vrmu.xls,.xls,51712,True,80,0,BOQ | 가격·견적,
L2023-00036-1,2020-00086,우즈베키스탄,"우즈베키스탄 우르겐치 직업훈련원 건립 및 직업훈련 제도역량 공고화 지원 사업('20-'24/1,400만불)",L2023-00036-1/붙임3_입찰관련서류_검토완_0717/Section 4.  Bill of Quantities(Not-Priced)/공내역서/VTC견적서/6 КПП(Guard House+Fence & Gate)/6-5 ЭО(Electric)/bv13530.xls,.xls,77824,True,190,0,BOQ | 가격·견적,
L2023-00036-1,2020-00086,우즈베키스탄,"우즈베키스탄 우르겐치 직업훈련원 건립 및 직업훈련 제도역량 공고화 지원 사업('20-'24/1,400만불)",L2023-00036-1/붙임3_입찰관련서류_검토완_0717/Section 4.  Bill of Quantities(Not-Priced)/공내역서/VTC견적서/6 КПП(Guard House+Fence & Gate)/6-6 ПС(Fire Alarm)/13353_vfor.xls,.xls,39936,True,32,0,BOQ | 가격·견적,
L2023-00036-1,2020-00086,우즈베키스탄,"우즈베키스탄 우르겐치 직업훈련원 건립 및 직업훈련 제도역량 공고화 지원 사업('20-'24/1,400만불)",L2023-00036-1/붙임3_입찰관련서류_검토완_0717/Section 4.  Bill of Quantities(Not-Priced)/공내역서/VTC견적서/6 КПП(Guard House+Fence & Gate)/6-6 ПС(Fire Alarm)/13353_vrmu.xls,.xls,45568,True,74,0,BOQ | 가격·견적,
L2023-00036-1,2020-00086,우즈베키스탄,"우즈베키스탄 우르겐치 직업훈련원 건립 및 직업훈련 제도역량 공고화 지원 사업('20-'24/1,400만불)",L2023-00036-1/붙임3_입찰관련서류_검토완_0717/Section 4.  Bill of Quantities(Not-Priced)/공내역서/VTC견적서/6 КПП(Guard House+Fence & Gate)/6-6 ПС(Fire Alarm)/bv13350.xls,.xls,68608,True,146,0,BOQ | 가격·견적,
L2023-00036-1,2020-00086,우즈베키스탄,"우즈베키스탄 우르겐치 직업훈련원 건립 및 직업훈련 제도역량 공고화 지원 사업('20-'24/1,400만불)","L2023-00036-1/붙임3_입찰관련서류_검토완_0717/Section 4.  Bill of Quantities(Not-Priced)/공내역서/VTC견적서/6 КПП(Guard House+Fence & Gate)/6-7 ВН, СКС(CCTV & Network)/13363_vfor.xls",.xls,48128,True,52,0,BOQ | 가격·견적,
L2023-00036-1,2020-00086,우즈베키스탄,"우즈베키스탄 우르겐치 직업훈련원 건립 및 직업훈련 제도역량 공고화 지원 사업('20-'24/1,400만불)","L2023-00036-1/붙임3_입찰관련서류_검토완_0717/Section 4.  Bill of Quantities(Not-Priced)/공내역서/VTC견적서/6 КПП(Guard House+Fence & Gate)/6-7 ВН, СКС(CCTV & Network)/13363_vrmu.xls",.xls,57344,True,108,0,BOQ | 가격·견적,
L2023-00036-1,2020-00086,우즈베키스탄,"우즈베키스탄 우르겐치 직업훈련원 건립 및 직업훈련 제도역량 공고화 지원 사업('20-'24/1,400만불)","L2023-00036-1/붙임3_입찰관련서류_검토완_0717/Section 4.  Bill of Quantities(Not-Priced)/공내역서/VTC견적서/6 КПП(Guard House+Fence & Gate)/6-7 ВН, СКС(CCTV & Network)/bv13360.xls",.xls,88576,True,250,0,BOQ | 가격·견적,
L2023-00036-1,2020-00086,우즈베키스탄,"우즈베키스탄 우르겐치 직업훈련원 건립 및 직업훈련 제도역량 공고화 지원 사업('20-'24/1,400만불)",L2023-00036-1/붙임3_입찰관련서류_검토완_0717/Section 4.  Bill of Quantities(Not-Priced)/공내역서/VTC견적서/6 КПП(Guard House+Fence & Gate)/СВОДКА КПП o.xls,.xls,39936,True,19,0,BOQ | 가격·견적,
L2023-00036-1,2020-00086,우즈베키스탄,"우즈베키스탄 우르겐치 직업훈련원 건립 및 직업훈련 제도역량 공고화 지원 사업('20-'24/1,400만불)",L2023-00036-1/붙임3_입찰관련서류_검토완_0717/Section 4.  Bill of Quantities(Not-Priced)/공내역서/VTC견적서/6 КПП(Guard House+Fence & Gate)/Титул  ТОМ VII.doc,.doc,31232,True,18,0,BOQ | 가격·견적,
L2023-00036-1,2020-00086,우즈베키스탄,"우즈베키스탄 우르겐치 직업훈련원 건립 및 직업훈련 제도역량 공고화 지원 사업('20-'24/1,400만불)",L2023-00036-1/붙임3_입찰관련서류_검토완_0717/Section 4.  Bill of Quantities(Not-Priced)/공내역서/VTC견적서/7 КОМПРЕССОРАНЯ(Comp.+GAS storage)/7-1 КЖ(Structure)/13073_vfor.xls,.xls,45056,True,49,0,BOQ | 가격·견적,
L2023-00036-1,2020-00086,우즈베키스탄,"우즈베키스탄 우르겐치 직업훈련원 건립 및 직업훈련 제도역량 공고화 지원 사업('20-'24/1,400만불)",L2023-00036-1/붙임3_입찰관련서류_검토완_0717/Section 4.  Bill of Quantities(Not-Priced)/공내역서/VTC견적서/7 КОМПРЕССОРАНЯ(Comp.+GAS storage)/7-1 КЖ(Structure)/13073_vrmu.xls,.xls,57344,True,109,0,BOQ | 가격·견적,
L2023-00036-1,2020-00086,우즈베키스탄,"우즈베키스탄 우르겐치 직업훈련원 건립 및 직업훈련 제도역량 공고화 지원 사업('20-'24/1,400만불)",L2023-00036-1/붙임3_입찰관련서류_검토완_0717/Section 4.  Bill of Quantities(Not-Priced)/공내역서/VTC견적서/7 КОМПРЕССОРАНЯ(Comp.+GAS storage)/7-1 КЖ(Structure)/bv13070.xls,.xls,126464,True,488,0,BOQ | 가격·견적,
L2023-00036-1,2020-00086,우즈베키스탄,"우즈베키스탄 우르겐치 직업훈련원 건립 및 직업훈련 제도역량 공고화 지원 사업('20-'24/1,400만불)",L2023-00036-1/붙임3_입찰관련서류_검토완_0717/Section 4.  Bill of Quantities(Not-Priced)/공내역서/VTC견적서/7 КОМПРЕССОРАНЯ(Comp.+GAS storage)/7-2 АР(Architecture)/13083_vfor.xls,.xls,37888,True,17,0,BOQ | 가격·견적,
L2023-00036-1,2020-00086,우즈베키스탄,"우즈베키스탄 우르겐치 직업훈련원 건립 및 직업훈련 제도역량 공고화 지원 사업('20-'24/1,400만불)",L2023-00036-1/붙임3_입찰관련서류_검토완_0717/Section 4.  Bill of Quantities(Not-Priced)/공내역서/VTC견적서/7 КОМПРЕССОРАНЯ(Comp.+GAS storage)/7-2 АР(Architecture)/13083_vrmu.xls,.xls,48128,True,72,0,BOQ | 가격·견적,
L2023-00036-1,2020-00086,우즈베키스탄,"우즈베키스탄 우르겐치 직업훈련원 건립 및 직업훈련 제도역량 공고화 지원 사업('20-'24/1,400만불)",L2023-00036-1/붙임3_입찰관련서류_검토완_0717/Section 4.  Bill of Quantities(Not-Priced)/공내역서/VTC견적서/7 КОМПРЕССОРАНЯ(Comp.+GAS storage)/7-2 АР(Architecture)/bv13080.xls,.xls,76800,True,178,0,BOQ | 가격·견적,
L2023-00036-1,2020-00086,우즈베키스탄,"우즈베키스탄 우르겐치 직업훈련원 건립 및 직업훈련 제도역량 공고화 지원 사업('20-'24/1,400만불)",L2023-00036-1/붙임3_입찰관련서류_검토완_0717/Section 4.  Bill of Quantities(Not-Priced)/공내역서/VTC견적서/7 КОМПРЕССОРАНЯ(Comp.+GAS storage)/7-3 ЭО(Electric)/13503_vfor.xls,.xls,44544,True,30,0,BOQ | 가격·견적,
L2023-00036-1,2020-00086,우즈베키스탄,"우즈베키스탄 우르겐치 직업훈련원 건립 및 직업훈련 제도역량 공고화 지원 사업('20-'24/1,400만불)",L2023-00036-1/붙임3_입찰관련서류_검토완_0717/Section 4.  Bill of Quantities(Not-Priced)/공내역서/VTC견적서/7 КОМПРЕССОРАНЯ(Comp.+GAS storage)/7-3 ЭО(Electric)/13503_vrmu.xls,.xls,51200,True,80,0,BOQ | 가격·견적,
L2023-00036-1,2020-00086,우즈베키스탄,"우즈베키스탄 우르겐치 직업훈련원 건립 및 직업훈련 제도역량 공고화 지원 사업('20-'24/1,400만불)",L2023-00036-1/붙임3_입찰관련서류_검토완_0717/Section 4.  Bill of Quantities(Not-Priced)/공내역서/VTC견적서/7 КОМПРЕССОРАНЯ(Comp.+GAS storage)/7-3 ЭО(Electric)/bv13500.xls,.xls,76800,True,169,0,BOQ | 가격·견적,
L2023-00036-1,2020-00086,우즈베키스탄,"우즈베키스탄 우르겐치 직업훈련원 건립 및 직업훈련 제도역량 공고화 지원 사업('20-'24/1,400만불)",L2023-00036-1/붙임3_입찰관련서류_검토완_0717/Section 4.  Bill of Quantities(Not-Priced)/공내역서/VTC견적서/7 КОМПРЕССОРАНЯ(Comp.+GAS storage)/СВОДКА КОМПРЕССОРНАЯ o.xls,.xls,38400,True,15,0,BOQ | 가격·견적,
L2023-00036-1,2020-00086,우즈베키스탄,"우즈베키스탄 우르겐치 직업훈련원 건립 및 직업훈련 제도역량 공고화 지원 사업('20-'24/1,400만불)",L2023-00036-1/붙임3_입찰관련서류_검토완_0717/Section 4.  Bill of Quantities(Not-Priced)/공내역서/VTC견적서/7 КОМПРЕССОРАНЯ(Comp.+GAS storage)/Титул  ТОМ VIII.doc,.doc,31232,True,18,0,BOQ | 가격·견적,
L2023-00036-1,2020-00086,우즈베키스탄,"우즈베키스탄 우르겐치 직업훈련원 건립 및 직업훈련 제도역량 공고화 지원 사업('20-'24/1,400만불)",L2023-00036-1/붙임3_입찰관련서류_검토완_0717/Section 4.  Bill of Quantities(Not-Priced)/공내역서/VTC견적서/8 ПОЖАРНАЯ ЕМЪКОСТЬ(Fire Tank)/8-1 АС(Architecture+Structure)/13563_vfor.xls,.xls,48128,True,66,0,BOQ | 가격·견적,
L2023-00036-1,2020-00086,우즈베키스탄,"우즈베키스탄 우르겐치 직업훈련원 건립 및 직업훈련 제도역량 공고화 지원 사업('20-'24/1,400만불)",L2023-00036-1/붙임3_입찰관련서류_검토완_0717/Section 4.  Bill of Quantities(Not-Priced)/공내역서/VTC견적서/8 ПОЖАРНАЯ ЕМЪКОСТЬ(Fire Tank)/8-1 АС(Architecture+Structure)/13563_vrmu.xls,.xls,56832,True,104,0,BOQ | 가격·견적,
L2023-00036-1,2020-00086,우즈베키스탄,"우즈베키스탄 우르겐치 직업훈련원 건립 및 직업훈련 제도역량 공고화 지원 사업('20-'24/1,400만불)",L2023-00036-1/붙임3_입찰관련서류_검토완_0717/Section 4.  Bill of Quantities(Not-Priced)/공내역서/VTC견적서/8 ПОЖАРНАЯ ЕМЪКОСТЬ(Fire Tank)/8-1 АС(Architecture+Structure)/bv13560.xls,.xls,143360,True,597,0,BOQ | 가격·견적,
L2023-00036-1,2020-00086,우즈베키스탄,"우즈베키스탄 우르겐치 직업훈련원 건립 및 직업훈련 제도역량 공고화 지원 사업('20-'24/1,400만불)",L2023-00036-1/붙임3_입찰관련서류_검토완_0717/Section 4.  Bill of Quantities(Not-Priced)/공내역서/VTC견적서/8 ПОЖАРНАЯ ЕМЪКОСТЬ(Fire Tank)/8-2 ТХ(Technology Plan)/13603_vfor.xls,.xls,35840,True,31,0,BOQ | 가격·견적,
L2023-00036-1,2020-00086,우즈베키스탄,"우즈베키스탄 우르겐치 직업훈련원 건립 및 직업훈련 제도역량 공고화 지원 사업('20-'24/1,400만불)",L2023-00036-1/붙임3_입찰관련서류_검토완_0717/Section 4.  Bill of Quantities(Not-Priced)/공내역서/VTC견적서/8 ПОЖАРНАЯ ЕМЪКОСТЬ(Fire Tank)/8-2 ТХ(Technology Plan)/13603_vrmu.xls,.xls,53248,True,86,0,BOQ | 가격·견적,
L2023-00036-1,2020-00086,우즈베키스탄,"우즈베키스탄 우르겐치 직업훈련원 건립 및 직업훈련 제도역량 공고화 지원 사업('20-'24/1,400만불)",L2023-00036-1/붙임3_입찰관련서류_검토완_0717/Section 4.  Bill of Quantities(Not-Priced)/공내역서/VTC견적서/8 ПОЖАРНАЯ ЕМЪКОСТЬ(Fire Tank)/8-2 ТХ(Technology Plan)/bv13600.xls,.xls,80896,True,239,0,BOQ | 가격·견적,
L2023-00036-1,2020-00086,우즈베키스탄,"우즈베키스탄 우르겐치 직업훈련원 건립 및 직업훈련 제도역량 공고화 지원 사업('20-'24/1,400만불)",L2023-00036-1/붙임3_입찰관련서류_검토완_0717/Section 4.  Bill of Quantities(Not-Priced)/공내역서/VTC견적서/8 ПОЖАРНАЯ ЕМЪКОСТЬ(Fire Tank)/8-3 ЭО(Electric)/13733_vfor.xls,.xls,40448,True,44,0,BOQ | 가격·견적,
L2023-00036-1,2020-00086,우즈베키스탄,"우즈베키스탄 우르겐치 직업훈련원 건립 및 직업훈련 제도역량 공고화 지원 사업('20-'24/1,400만불)",L2023-00036-1/붙임3_입찰관련서류_검토완_0717/Section 4.  Bill of Quantities(Not-Priced)/공내역서/VTC견적서/8 ПОЖАРНАЯ ЕМЪКОСТЬ(Fire Tank)/8-3 ЭО(Electric)/13733_vrmu.xls,.xls,55296,True,105,0,BOQ | 가격·견적,
L2023-00036-1,2020-00086,우즈베키스탄,"우즈베키스탄 우르겐치 직업훈련원 건립 및 직업훈련 제도역량 공고화 지원 사업('20-'24/1,400만불)",L2023-00036-1/붙임3_입찰관련서류_검토완_0717/Section 4.  Bill of Quantities(Not-Priced)/공내역서/VTC견적서/8 ПОЖАРНАЯ ЕМЪКОСТЬ(Fire Tank)/8-3 ЭО(Electric)/bv13730.xls,.xls,90112,True,295,0,BOQ | 가격·견적,
L2023-00036-1,2020-00086,우즈베키스탄,"우즈베키스탄 우르겐치 직업훈련원 건립 및 직업훈련 제도역량 공고화 지원 사업('20-'24/1,400만불)",L2023-00036-1/붙임3_입찰관련서류_검토완_0717/Section 4.  Bill of Quantities(Not-Priced)/공내역서/VTC견적서/8 ПОЖАРНАЯ ЕМЪКОСТЬ(Fire Tank)/СВОДКА НАСОСНАЯ o.xls,.xls,36864,True,15,0,BOQ | 가격·견적,
L2023-00036-1,2020-00086,우즈베키스탄,"우즈베키스탄 우르겐치 직업훈련원 건립 및 직업훈련 제도역량 공고화 지원 사업('20-'24/1,400만불)",L2023-00036-1/붙임3_입찰관련서류_검토완_0717/Section 4.  Bill of Quantities(Not-Priced)/공내역서/VTC견적서/8 ПОЖАРНАЯ ЕМЪКОСТЬ(Fire Tank)/Титул  ТОМ VIII.doc,.doc,31232,True,18,0,BOQ | 가격·견적,
L2023-00036-1,2020-00086,우즈베키스탄,"우즈베키스탄 우르겐치 직업훈련원 건립 및 직업훈련 제도역량 공고화 지원 사업('20-'24/1,400만불)",L2023-00036-1/붙임3_입찰관련서류_검토완_0717/Section 4.  Bill of Quantities(Not-Priced)/공내역서/VTC견적서/9 ТП(Transformers)/9-1 AC(Architecture+Structure)/13613_vfor.xls,.xls,43520,True,25,0,BOQ | 가격·견적,
L2023-00036-1,2020-00086,우즈베키스탄,"우즈베키스탄 우르겐치 직업훈련원 건립 및 직업훈련 제도역량 공고화 지원 사업('20-'24/1,400만불)",L2023-00036-1/붙임3_입찰관련서류_검토완_0717/Section 4.  Bill of Quantities(Not-Priced)/공내역서/VTC견적서/9 ТП(Transformers)/9-1 AC(Architecture+Structure)/13613_vrmu.xls,.xls,52224,True,84,0,BOQ | 가격·견적,
L2023-00036-1,2020-00086,우즈베키스탄,"우즈베키스탄 우르겐치 직업훈련원 건립 및 직업훈련 제도역량 공고화 지원 사업('20-'24/1,400만불)",L2023-00036-1/붙임3_입찰관련서류_검토완_0717/Section 4.  Bill of Quantities(Not-Priced)/공내역서/VTC견적서/9 ТП(Transformers)/9-1 AC(Architecture+Structure)/bv13610.xls,.xls,87552,True,213,0,BOQ | 가격·견적,
L2023-00036-1,2020-00086,우즈베키스탄,"우즈베키스탄 우르겐치 직업훈련원 건립 및 직업훈련 제도역량 공고화 지원 사업('20-'24/1,400만불)",L2023-00036-1/붙임3_입찰관련서류_검토완_0717/Section 4.  Bill of Quantities(Not-Priced)/공내역서/VTC견적서/9 ТП(Transformers)/9-2 ЭО(Electric)/13623_vfor.xls,.xls,43520,True,28,0,BOQ | 가격·견적,
L2023-00036-1,2020-00086,우즈베키스탄,"우즈베키스탄 우르겐치 직업훈련원 건립 및 직업훈련 제도역량 공고화 지원 사업('20-'24/1,400만불)",L2023-00036-1/붙임3_입찰관련서류_검토완_0717/Section 4.  Bill of Quantities(Not-Priced)/공내역서/VTC견적서/9 ТП(Transformers)/9-2 ЭО(Electric)/13623_vrmu.xls,.xls,44544,True,57,0,BOQ | 가격·견적,
L2023-00036-1,2020-00086,우즈베키스탄,"우즈베키스탄 우르겐치 직업훈련원 건립 및 직업훈련 제도역량 공고화 지원 사업('20-'24/1,400만불)",L2023-00036-1/붙임3_입찰관련서류_검토완_0717/Section 4.  Bill of Quantities(Not-Priced)/공내역서/VTC견적서/9 ТП(Transformers)/9-2 ЭО(Electric)/bv13620.xls,.xls,72192,True,145,0,BOQ | 가격·견적,
L2023-00036-1,2020-00086,우즈베키스탄,"우즈베키스탄 우르겐치 직업훈련원 건립 및 직업훈련 제도역량 공고화 지원 사업('20-'24/1,400만불)",L2023-00036-1/붙임3_입찰관련서류_검토완_0717/Section 4.  Bill of Quantities(Not-Priced)/공내역서/VTC견적서/9 ТП(Transformers)/СВОДКА ТП o.xls,.xls,37376,True,14,0,BOQ | 가격·견적,
L2023-00036-1,2020-00086,우즈베키스탄,"우즈베키스탄 우르겐치 직업훈련원 건립 및 직업훈련 제도역량 공고화 지원 사업('20-'24/1,400만불)",L2023-00036-1/붙임3_입찰관련서류_검토완_0717/Section 4.  Bill of Quantities(Not-Priced)/공내역서/VTC견적서/9 ТП(Transformers)/Титул  ТОМ XI.doc,.doc,31232,True,18,0,BOQ | 가격·견적,
L2023-00036-1,2020-00086,우즈베키스탄,"우즈베키스탄 우르겐치 직업훈련원 건립 및 직업훈련 제도역량 공고화 지원 사업('20-'24/1,400만불)",L2023-00036-1/붙임3_입찰관련서류_검토완_0717/Section 4.  Bill of Quantities(Not-Priced)/공내역서/VTC견적서/Estimate Manual(VTC+TTC).docx,.docx,61925,True,108,0,BOQ | 가격·견적,
L2023-00036-1,2020-00086,우즈베키스탄,"우즈베키스탄 우르겐치 직업훈련원 건립 및 직업훈련 제도역량 공고화 지원 사업('20-'24/1,400만불)",L2023-00036-1/붙임3_입찰관련서류_검토완_0717/Section 4.  Bill of Quantities(Not-Priced)/공내역서/VTC견적서/Total Table(VTC o).xls,.xls,53248,True,37,0,BOQ | 가격·견적,
L2023-00053-1,2020-00086,우즈베키스탄,"우즈베키스탄 우르겐치 직업훈련원 건립 및 직업훈련 제도역량 공고화 지원 사업('20-'24/1,400만불)",L2023-00053-1/Urgench VTC Bid Attachment Documents/Urgench VTC Bid Attachment Documents/Section 4.  Bill of Quantities(Not-Priced)/.Urgench_CM_Comments_Arch_VTC_and_TTC_ENG_20230707.zip,.zip,6277094,True,0,0,BOQ | 가격·견적,
L2023-00053-1,2020-00086,우즈베키스탄,"우즈베키스탄 우르겐치 직업훈련원 건립 및 직업훈련 제도역량 공고화 지원 사업('20-'24/1,400만불)",L2023-00053-1/Urgench VTC Bid Attachment Documents/Urgench VTC Bid Attachment Documents/Section 4.  Bill of Quantities(Not-Priced)/.Urgench_CM_Comments_Arch_VTC_and_TTC_ENG_20230707/1.1.Urgench_CM_Comments_Arch_VTC_and_TTC_ENG_20230505.xlsx,.xlsx,26633,True,64,0,BOQ | 가격·견적,
L2023-00053-1,2020-00086,우즈베키스탄,"우즈베키스탄 우르겐치 직업훈련원 건립 및 직업훈련 제도역량 공고화 지원 사업('20-'24/1,400만불)",L2023-00053-1/Urgench VTC Bid Attachment Documents/Urgench VTC Bid Attachment Documents/Section 4.  Bill of Quantities(Not-Priced)/.Urgench_CM_Comments_Arch_VTC_and_TTC_ENG_20230707/1.2. Urgench CM Comments(Elec)_VTC+TTC-(ENG)__20230707.xlsx,.xlsx,18391,True,51,0,BOQ | 가격·견적,
L2023-00053-1,2020-00086,우즈베키스탄,"우즈베키스탄 우르겐치 직업훈련원 건립 및 직업훈련 제도역량 공고화 지원 사업('20-'24/1,400만불)",L2023-00053-1/Urgench VTC Bid Attachment Documents/Urgench VTC Bid Attachment Documents/Section 4.  Bill of Quantities(Not-Priced)/.Urgench_CM_Comments_Arch_VTC_and_TTC_ENG_20230707/1.3.1. Urgench CM Comments(Mech) VTC_20230704_R3.xlsx,.xlsx,6188237,True,96,0,BOQ | 가격·견적,
L2023-00053-1,2020-00086,우즈베키스탄,"우즈베키스탄 우르겐치 직업훈련원 건립 및 직업훈련 제도역량 공고화 지원 사업('20-'24/1,400만불)",L2023-00053-1/Urgench VTC Bid Attachment Documents/Urgench VTC Bid Attachment Documents/Section 4.  Bill of Quantities(Not-Priced)/.Urgench_CM_Comments_Arch_VTC_and_TTC_ENG_20230707/1.3.2. Urgench CM Comments(Mech)_Tashkent_TTC_Drawings_20230704.xlsx,.xlsx,788369,True,15,0,BOQ | 도면 | 가격·견적,
L2023-00053-1,2020-00086,우즈베키스탄,"우즈베키스탄 우르겐치 직업훈련원 건립 및 직업훈련 제도역량 공고화 지원 사업('20-'24/1,400만불)",L2023-00053-1/Urgench VTC Bid Attachment Documents/Urgench VTC Bid Attachment Documents/Section 4.  Bill of Quantities(Not-Priced)/.Urgench_CM_Comments_Arch_VTC_and_TTC_ENG_20230707/1.3.3. Urgench CM_Comments_Mech_VTC_and_TTC_Main_ENG_20230707.xlsx.docx,.docx,16615,True,9,0,BOQ | 가격·견적,
L2023-00053-1,2020-00086,우즈베키스탄,"우즈베키스탄 우르겐치 직업훈련원 건립 및 직업훈련 제도역량 공고화 지원 사업('20-'24/1,400만불)",L2023-00053-1/Urgench VTC Bid Attachment Documents/Urgench VTC Bid Attachment Documents/Section 4.  Bill of Quantities(Not-Priced)/.Urgench_CM_Comments_Arch_VTC_and_TTC_ENG_20230707/1.4. Urgench CM_Comments_PMC_VTC_and_TTC_ENG_20230707.xlsx,.xlsx,18240,True,24,0,BOQ | 가격·견적,
L2023-00053-1,2020-00086,우즈베키스탄,"우즈베키스탄 우르겐치 직업훈련원 건립 및 직업훈련 제도역량 공고화 지원 사업('20-'24/1,400만불)",L2023-00053-1/Urgench VTC Bid Attachment Documents/Urgench VTC Bid Attachment Documents/Section 4.  Bill of Quantities(Not-Priced)/Estimate Detailed Conditions)(VTC+TTC)_Final_.docx,.docx,80256,True,128,0,BOQ | 가격·견적,
L2023-00053-1,2020-00086,우즈베키스탄,"우즈베키스탄 우르겐치 직업훈련원 건립 및 직업훈련 제도역량 공고화 지원 사업('20-'24/1,400만불)",L2023-00053-1/Urgench VTC Bid Attachment Documents/Urgench VTC Bid Attachment Documents/Section 4.  Bill of Quantities(Not-Priced)/Section 4. Bill of Quantity(Not-Priced) Summary.xls,.xls,76800,True,115,5,BOQ | 가격·견적,
L2023-00053-1,2020-00086,우즈베키스탄,"우즈베키스탄 우르겐치 직업훈련원 건립 및 직업훈련 제도역량 공고화 지원 사업('20-'24/1,400만불)",L2023-00053-1/Urgench VTC Bid Attachment Documents/Urgench VTC Bid Attachment Documents/Section 4.  Bill of Quantities(Not-Priced)/공내역서/Total Table(VTC+TTC o).xls,.xls,46592,True,57,3,BOQ | 가격·견적,
L2023-00053-1,2020-00086,우즈베키스탄,"우즈베키스탄 우르겐치 직업훈련원 건립 및 직업훈련 제도역량 공고화 지원 사업('20-'24/1,400만불)",L2023-00053-1/Urgench VTC Bid Attachment Documents/Urgench VTC Bid Attachment Documents/Section 4.  Bill of Quantities(Not-Priced)/공내역서/TTC견적서/Estimate Manual(VTC+TTC).docx,.docx,61925,True,108,0,BOQ | 가격·견적,
L2023-00053-1,2020-00086,우즈베키스탄,"우즈베키스탄 우르겐치 직업훈련원 건립 및 직업훈련 제도역량 공고화 지원 사업('20-'24/1,400만불)",L2023-00053-1/Urgench VTC Bid Attachment Documents/Urgench VTC Bid Attachment Documents/Section 4.  Bill of Quantities(Not-Priced)/공내역서/TTC견적서/Total Table(TTC o).xls,.xls,46080,True,27,0,BOQ | 가격·견적,
L2023-00053-1,2020-00086,우즈베키스탄,"우즈베키스탄 우르겐치 직업훈련원 건립 및 직업훈련 제도역량 공고화 지원 사업('20-'24/1,400만불)",L2023-00053-1/Urgench VTC Bid Attachment Documents/Urgench VTC Bid Attachment Documents/Section 4.  Bill of Quantities(Not-Priced)/공내역서/TTC견적서/TTC(Teacher Traing Center)/1 КЖ(Structure)/bv1960bvvv.xlsx,.xlsx,182869,True,2397,0,BOQ | 가격·견적,
L2023-00053-1,2020-00086,우즈베키스탄,"우즈베키스탄 우르겐치 직업훈련원 건립 및 직업훈련 제도역량 공고화 지원 사업('20-'24/1,400만불)",L2023-00053-1/Urgench VTC Bid Attachment Documents/Urgench VTC Bid Attachment Documents/Section 4.  Bill of Quantities(Not-Priced)/공내역서/TTC견적서/TTC(Teacher Traing Center)/1 КЖ(Structure)/ra1960.xlsx,.xlsx,22697,True,112,0,BOQ | 가격·견적,
L2023-00053-1,2020-00086,우즈베키스탄,"우즈베키스탄 우르겐치 직업훈련원 건립 및 직업훈련 제도역량 공고화 지원 사업('20-'24/1,400만불)",L2023-00053-1/Urgench VTC Bid Attachment Documents/Urgench VTC Bid Attachment Documents/Section 4.  Bill of Quantities(Not-Priced)/공내역서/TTC견적서/TTC(Teacher Traing Center)/10 СКС(Network)/bv880.xlsx,.xlsx,18727,True,82,0,BOQ | 가격·견적,
L2023-00053-1,2020-00086,우즈베키스탄,"우즈베키스탄 우르겐치 직업훈련원 건립 및 직업훈련 제도역량 공고화 지원 사업('20-'24/1,400만불)",L2023-00053-1/Urgench VTC Bid Attachment Documents/Urgench VTC Bid Attachment Documents/Section 4.  Bill of Quantities(Not-Priced)/공내역서/TTC견적서/TTC(Teacher Traing Center)/10 СКС(Network)/ra880.xlsx,.xlsx,18030,True,65,0,BOQ | 가격·견적,
L2023-00053-1,2020-00086,우즈베키스탄,"우즈베키스탄 우르겐치 직업훈련원 건립 및 직업훈련 제도역량 공고화 지원 사업('20-'24/1,400만불)",L2023-00053-1/Urgench VTC Bid Attachment Documents/Urgench VTC Bid Attachment Documents/Section 4.  Bill of Quantities(Not-Priced)/공내역서/TTC견적서/TTC(Teacher Traing Center)/11 ПС(Fire Alarm)/bv890.xlsx,.xlsx,16239,True,60,0,BOQ | 가격·견적,
L2023-00053-1,2020-00086,우즈베키스탄,"우즈베키스탄 우르겐치 직업훈련원 건립 및 직업훈련 제도역량 공고화 지원 사업('20-'24/1,400만불)",L2023-00053-1/Urgench VTC Bid Attachment Documents/Urgench VTC Bid Attachment Documents/Section 4.  Bill of Quantities(Not-Priced)/공내역서/TTC견적서/TTC(Teacher Traing Center)/11 ПС(Fire Alarm)/ra890.xlsx,.xlsx,16065,True,45,0,BOQ | 가격·견적,
L2023-00053-1,2020-00086,우즈베키스탄,"우즈베키스탄 우르겐치 직업훈련원 건립 및 직업훈련 제도역량 공고화 지원 사업('20-'24/1,400만불)",L2023-00053-1/Urgench VTC Bid Attachment Documents/Urgench VTC Bid Attachment Documents/Section 4.  Bill of Quantities(Not-Priced)/공내역서/TTC견적서/TTC(Teacher Traing Center)/12 OB( Heating & Ventilation)/bv900.xlsx,.xlsx,57114,True,597,0,BOQ | 가격·견적,
L2023-00053-1,2020-00086,우즈베키스탄,"우즈베키스탄 우르겐치 직업훈련원 건립 및 직업훈련 제도역량 공고화 지원 사업('20-'24/1,400만불)",L2023-00053-1/Urgench VTC Bid Attachment Documents/Urgench VTC Bid Attachment Documents/Section 4.  Bill of Quantities(Not-Priced)/공내역서/TTC견적서/TTC(Teacher Traing Center)/12 OB( Heating & Ventilation)/ra900.xlsx,.xlsx,25457,True,162,0,BOQ | 가격·견적,
L2023-00053-1,2020-00086,우즈베키스탄,"우즈베키스탄 우르겐치 직업훈련원 건립 및 직업훈련 제도역량 공고화 지원 사업('20-'24/1,400만불)",L2023-00053-1/Urgench VTC Bid Attachment Documents/Urgench VTC Bid Attachment Documents/Section 4.  Bill of Quantities(Not-Priced)/공내역서/TTC견적서/TTC(Teacher Traing Center)/13 ТП(Transformers)/13-1 AC(Architecture+Structure)/bv13610.xls,.xls,48640,True,70,0,BOQ | 가격·견적,
L2023-00053-1,2020-00086,우즈베키스탄,"우즈베키스탄 우르겐치 직업훈련원 건립 및 직업훈련 제도역량 공고화 지원 사업('20-'24/1,400만불)",L2023-00053-1/Urgench VTC Bid Attachment Documents/Urgench VTC Bid Attachment Documents/Section 4.  Bill of Quantities(Not-Priced)/공내역서/TTC견적서/TTC(Teacher Traing Center)/13 ТП(Transformers)/13-1 AC(Architecture+Structure)/ra13610.xls,.xls,80896,True,213,0,BOQ | 가격·견적,
L2023-00053-1,2020-00086,우즈베키스탄,"우즈베키스탄 우르겐치 직업훈련원 건립 및 직업훈련 제도역량 공고화 지원 사업('20-'24/1,400만불)",L2023-00053-1/Urgench VTC Bid Attachment Documents/Urgench VTC Bid Attachment Documents/Section 4.  Bill of Quantities(Not-Priced)/공내역서/TTC견적서/TTC(Teacher Traing Center)/13 ТП(Transformers)/13-2 ЭО(Electric)/bv13620.xls,.xls,41984,True,48,0,BOQ | 가격·견적,
L2023-00053-1,2020-00086,우즈베키스탄,"우즈베키스탄 우르겐치 직업훈련원 건립 및 직업훈련 제도역량 공고화 지원 사업('20-'24/1,400만불)",L2023-00053-1/Urgench VTC Bid Attachment Documents/Urgench VTC Bid Attachment Documents/Section 4.  Bill of Quantities(Not-Priced)/공내역서/TTC견적서/TTC(Teacher Traing Center)/13 ТП(Transformers)/13-2 ЭО(Electric)/ra13620.xls,.xls,65024,True,145,0,BOQ | 가격·견적,
L2023-00053-1,2020-00086,우즈베키스탄,"우즈베키스탄 우르겐치 직업훈련원 건립 및 직업훈련 제도역량 공고화 지원 사업('20-'24/1,400만불)",L2023-00053-1/Urgench VTC Bid Attachment Documents/Urgench VTC Bid Attachment Documents/Section 4.  Bill of Quantities(Not-Priced)/공내역서/TTC견적서/TTC(Teacher Traing Center)/2 АР(Architecture)/bv3030.xlsx,.xlsx,84434,True,921,0,BOQ | 가격·견적,
L2023-00053-1,2020-00086,우즈베키스탄,"우즈베키스탄 우르겐치 직업훈련원 건립 및 직업훈련 제도역량 공고화 지원 사업('20-'24/1,400만불)",L2023-00053-1/Urgench VTC Bid Attachment Documents/Urgench VTC Bid Attachment Documents/Section 4.  Bill of Quantities(Not-Priced)/공내역서/TTC견적서/TTC(Teacher Traing Center)/2 АР(Architecture)/ra3030.xlsx,.xlsx,27171,True,160,0,BOQ | 가격·견적,
L2023-00053-1,2020-00086,우즈베키스탄,"우즈베키스탄 우르겐치 직업훈련원 건립 및 직업훈련 제도역량 공고화 지원 사업('20-'24/1,400만불)",L2023-00053-1/Urgench VTC Bid Attachment Documents/Urgench VTC Bid Attachment Documents/Section 4.  Bill of Quantities(Not-Priced)/공내역서/TTC견적서/TTC(Teacher Traing Center)/3 ГП(Site Plan & Landscape+Outdoor Infra)/bv3060.xlsx,.xlsx,27660,True,191,0,BOQ | 가격·견적,
L2023-00053-1,2020-00086,우즈베키스탄,"우즈베키스탄 우르겐치 직업훈련원 건립 및 직업훈련 제도역량 공고화 지원 사업('20-'24/1,400만불)",L2023-00053-1/Urgench VTC Bid Attachment Documents/Urgench VTC Bid Attachment Documents/Section 4.  Bill of Quantities(Not-Priced)/공내역서/TTC견적서/TTC(Teacher Traing Center)/3 ГП(Site Plan & Landscape+Outdoor Infra)/ra3060.xlsx,.xlsx,18388,True,69,0,BOQ | 가격·견적,
L2023-00053-1,2020-00086,우즈베키스탄,"우즈베키스탄 우르겐치 직업훈련원 건립 및 직업훈련 제도역량 공고화 지원 사업('20-'24/1,400만불)",L2023-00053-1/Urgench VTC Bid Attachment Documents/Urgench VTC Bid Attachment Documents/Section 4.  Bill of Quantities(Not-Priced)/공내역서/TTC견적서/TTC(Teacher Traing Center)/4 Fence & Gate/bv1970.xlsx,.xlsx,31247,True,238,0,BOQ | 가격·견적,
L2023-00053-1,2020-00086,우즈베키스탄,"우즈베키스탄 우르겐치 직업훈련원 건립 및 직업훈련 제도역량 공고화 지원 사업('20-'24/1,400만불)",L2023-00053-1/Urgench VTC Bid Attachment Documents/Urgench VTC Bid Attachment Documents/Section 4.  Bill of Quantities(Not-Priced)/공내역서/TTC견적서/TTC(Teacher Traing Center)/4 Fence & Gate/ra1970.xlsx,.xlsx,17488,True,63,0,BOQ | 가격·견적,
L2023-00053-1,2020-00086,우즈베키스탄,"우즈베키스탄 우르겐치 직업훈련원 건립 및 직업훈련 제도역량 공고화 지원 사업('20-'24/1,400만불)",L2023-00053-1/Urgench VTC Bid Attachment Documents/Urgench VTC Bid Attachment Documents/Section 4.  Bill of Quantities(Not-Priced)/공내역서/TTC견적서/TTC(Teacher Traing Center)/5 BK(Water & Drain)/bv3070.xlsx,.xlsx,49531,True,515,0,BOQ | 가격·견적,
L2023-00053-1,2020-00086,우즈베키스탄,"우즈베키스탄 우르겐치 직업훈련원 건립 및 직업훈련 제도역량 공고화 지원 사업('20-'24/1,400만불)",L2023-00053-1/Urgench VTC Bid Attachment Documents/Urgench VTC Bid Attachment Documents/Section 4.  Bill of Quantities(Not-Priced)/공내역서/TTC견적서/TTC(Teacher Traing Center)/5 BK(Water & Drain)/ra3070.xlsx,.xlsx,25278,True,149,0,BOQ | 가격·견적,
L2023-00053-1,2020-00086,우즈베키스탄,"우즈베키스탄 우르겐치 직업훈련원 건립 및 직업훈련 제도역량 공고화 지원 사업('20-'24/1,400만불)",L2023-00053-1/Urgench VTC Bid Attachment Documents/Urgench VTC Bid Attachment Documents/Section 4.  Bill of Quantities(Not-Priced)/공내역서/TTC견적서/TTC(Teacher Traing Center)/6 BH(CCTV)/bv3040.xlsx,.xlsx,17421,True,82,0,BOQ | 가격·견적,
L2023-00053-1,2020-00086,우즈베키스탄,"우즈베키스탄 우르겐치 직업훈련원 건립 및 직업훈련 제도역량 공고화 지원 사업('20-'24/1,400만불)",L2023-00053-1/Urgench VTC Bid Attachment Documents/Urgench VTC Bid Attachment Documents/Section 4.  Bill of Quantities(Not-Priced)/공내역서/TTC견적서/TTC(Teacher Traing Center)/6 BH(CCTV)/ra3040.xlsx,.xlsx,15692,True,41,0,BOQ | 가격·견적,
L2023-00053-1,2020-00086,우즈베키스탄,"우즈베키스탄 우르겐치 직업훈련원 건립 및 직업훈련 제도역량 공고화 지원 사업('20-'24/1,400만불)",L2023-00053-1/Urgench VTC Bid Attachment Documents/Urgench VTC Bid Attachment Documents/Section 4.  Bill of Quantities(Not-Priced)/공내역서/TTC견적서/TTC(Teacher Traing Center)/7 CO(Suond)/bv3050.xlsx,.xlsx,19167,True,93,0,BOQ | 가격·견적,
L2023-00053-1,2020-00086,우즈베키스탄,"우즈베키스탄 우르겐치 직업훈련원 건립 및 직업훈련 제도역량 공고화 지원 사업('20-'24/1,400만불)",L2023-00053-1/Urgench VTC Bid Attachment Documents/Urgench VTC Bid Attachment Documents/Section 4.  Bill of Quantities(Not-Priced)/공내역서/TTC견적서/TTC(Teacher Traing Center)/7 CO(Suond)/ra3050.xlsx,.xlsx,16144,True,46,0,BOQ | 가격·견적,
L2023-00053-1,2020-00086,우즈베키스탄,"우즈베키스탄 우르겐치 직업훈련원 건립 및 직업훈련 제도역량 공고화 지원 사업('20-'24/1,400만불)",L2023-00053-1/Urgench VTC Bid Attachment Documents/Urgench VTC Bid Attachment Documents/Section 4.  Bill of Quantities(Not-Priced)/공내역서/TTC견적서/TTC(Teacher Traing Center)/8 TX(Technology)/bv1980.xlsx,.xlsx,26757,True,214,0,BOQ | 가격·견적,
L2023-00053-1,2020-00086,우즈베키스탄,"우즈베키스탄 우르겐치 직업훈련원 건립 및 직업훈련 제도역량 공고화 지원 사업('20-'24/1,400만불)",L2023-00053-1/Urgench VTC Bid Attachment Documents/Urgench VTC Bid Attachment Documents/Section 4.  Bill of Quantities(Not-Priced)/공내역서/TTC견적서/TTC(Teacher Traing Center)/8 TX(Technology)/ra1980.xlsx,.xlsx,20617,True,89,0,BOQ | 가격·견적,
L2023-00053-1,2020-00086,우즈베키스탄,"우즈베키스탄 우르겐치 직업훈련원 건립 및 직업훈련 제도역량 공고화 지원 사업('20-'24/1,400만불)",L2023-00053-1/Urgench VTC Bid Attachment Documents/Urgench VTC Bid Attachment Documents/Section 4.  Bill of Quantities(Not-Priced)/공내역서/TTC견적서/TTC(Teacher Traing Center)/9 ЭО(Electric)/bv870.xlsx,.xlsx,24024,True,149,0,BOQ | 가격·견적,
L2023-00053-1,2020-00086,우즈베키스탄,"우즈베키스탄 우르겐치 직업훈련원 건립 및 직업훈련 제도역량 공고화 지원 사업('20-'24/1,400만불)",L2023-00053-1/Urgench VTC Bid Attachment Documents/Urgench VTC Bid Attachment Documents/Section 4.  Bill of Quantities(Not-Priced)/공내역서/TTC견적서/TTC(Teacher Traing Center)/9 ЭО(Electric)/ra870.xlsx,.xlsx,17554,True,61,0,BOQ | 가격·견적,
L2023-00053-1,2020-00086,우즈베키스탄,"우즈베키스탄 우르겐치 직업훈련원 건립 및 직업훈련 제도역량 공고화 지원 사업('20-'24/1,400만불)",L2023-00053-1/Urgench VTC Bid Attachment Documents/Urgench VTC Bid Attachment Documents/Section 4.  Bill of Quantities(Not-Priced)/공내역서/TTC견적서/TTC(Teacher Traing Center)/СВОДКА(TTC Total sum. o).xlsx,.xlsx,32243,True,18,0,BOQ | 가격·견적,
L2023-00053-1,2020-00086,우즈베키스탄,"우즈베키스탄 우르겐치 직업훈련원 건립 및 직업훈련 제도역량 공고화 지원 사업('20-'24/1,400만불)",L2023-00053-1/Urgench VTC Bid Attachment Documents/Urgench VTC Bid Attachment Documents/Section 4.  Bill of Quantities(Not-Priced)/공내역서/VTC견적서/0 ГП(Site Plan & Landscape+Outdoor Infra)/0-1 ГП(Site Plan+Landscape)/13403_vfor.xls,.xls,40960,True,47,0,BOQ | 가격·견적,
L2023-00053-1,2020-00086,우즈베키스탄,"우즈베키스탄 우르겐치 직업훈련원 건립 및 직업훈련 제도역량 공고화 지원 사업('20-'24/1,400만불)",L2023-00053-1/Urgench VTC Bid Attachment Documents/Urgench VTC Bid Attachment Documents/Section 4.  Bill of Quantities(Not-Priced)/공내역서/VTC견적서/0 ГП(Site Plan & Landscape+Outdoor Infra)/0-1 ГП(Site Plan+Landscape)/13403_vrmu.xls,.xls,57344,True,109,0,BOQ | 가격·견적,
L2023-00053-1,2020-00086,우즈베키스탄,"우즈베키스탄 우르겐치 직업훈련원 건립 및 직업훈련 제도역량 공고화 지원 사업('20-'24/1,400만불)",L2023-00053-1/Urgench VTC Bid Attachment Documents/Urgench VTC Bid Attachment Documents/Section 4.  Bill of Quantities(Not-Priced)/공내역서/VTC견적서/0 ГП(Site Plan & Landscape+Outdoor Infra)/0-1 ГП(Site Plan+Landscape)/bv13400.xls,.xls,100864,True,327,0,BOQ | 가격·견적,
L2023-00053-1,2020-00086,우즈베키스탄,"우즈베키스탄 우르겐치 직업훈련원 건립 및 직업훈련 제도역량 공고화 지원 사업('20-'24/1,400만불)",L2023-00053-1/Urgench VTC Bid Attachment Documents/Urgench VTC Bid Attachment Documents/Section 4.  Bill of Quantities(Not-Priced)/공내역서/VTC견적서/0 ГП(Site Plan & Landscape+Outdoor Infra)/0-10 ПВ(Landscape Water Piping)/13703_vfor.xls,.xls,44544,True,82,0,BOQ | 가격·견적,
L2023-00053-1,2020-00086,우즈베키스탄,"우즈베키스탄 우르겐치 직업훈련원 건립 및 직업훈련 제도역량 공고화 지원 사업('20-'24/1,400만불)",L2023-00053-1/Urgench VTC Bid Attachment Documents/Urgench VTC Bid Attachment Documents/Section 4.  Bill of Quantities(Not-Priced)/공내역서/VTC견적서/0 ГП(Site Plan & Landscape+Outdoor Infra)/0-10 ПВ(Landscape Water Piping)/13703_vrmu.xls,.xls,67584,True,139,0,BOQ | 가격·견적,
L2023-00053-1,2020-00086,우즈베키스탄,"우즈베키스탄 우르겐치 직업훈련원 건립 및 직업훈련 제도역량 공고화 지원 사업('20-'24/1,400만불)",L2023-00053-1/Urgench VTC Bid Attachment Documents/Urgench VTC Bid Attachment Documents/Section 4.  Bill of Quantities(Not-Priced)/공내역서/VTC견적서/0 ГП(Site Plan & Landscape+Outdoor Infra)/0-10 ПВ(Landscape Water Piping)/bv13700.xls,.xls,108032,True,392,0,BOQ | 가격·견적,
L2023-00053-1,2020-00086,우즈베키스탄,"우즈베키스탄 우르겐치 직업훈련원 건립 및 직업훈련 제도역량 공고화 지원 사업('20-'24/1,400만불)",L2023-00053-1/Urgench VTC Bid Attachment Documents/Urgench VTC Bid Attachment Documents/Section 4.  Bill of Quantities(Not-Priced)/공내역서/VTC견적서/0 ГП(Site Plan & Landscape+Outdoor Infra)/0-11 СВ(Underground Water Pumping)/13713_vfor.xls,.xls,40448,True,43,0,BOQ | 가격·견적,
L2023-00053-1,2020-00086,우즈베키스탄,"우즈베키스탄 우르겐치 직업훈련원 건립 및 직업훈련 제도역량 공고화 지원 사업('20-'24/1,400만불)",L2023-00053-1/Urgench VTC Bid Attachment Documents/Urgench VTC Bid Attachment Documents/Section 4.  Bill of Quantities(Not-Priced)/공내역서/VTC견적서/0 ГП(Site Plan & Landscape+Outdoor Infra)/0-11 СВ(Underground Water Pumping)/13713_vrmu.xls,.xls,67072,True,128,0,BOQ | 가격·견적,
L2023-00053-1,2020-00086,우즈베키스탄,"우즈베키스탄 우르겐치 직업훈련원 건립 및 직업훈련 제도역량 공고화 지원 사업('20-'24/1,400만불)",L2023-00053-1/Urgench VTC Bid Attachment Documents/Urgench VTC Bid Attachment Documents/Section 4.  Bill of Quantities(Not-Priced)/공내역서/VTC견적서/0 ГП(Site Plan & Landscape+Outdoor Infra)/0-11 СВ(Underground Water Pumping)/bv13710.xls,.xls,108544,True,406,0,BOQ | 가격·견적,
L2023-00053-1,2020-00086,우즈베키스탄,"우즈베키스탄 우르겐치 직업훈련원 건립 및 직업훈련 제도역량 공고화 지원 사업('20-'24/1,400만불)",L2023-00053-1/Urgench VTC Bid Attachment Documents/Urgench VTC Bid Attachment Documents/Section 4.  Bill of Quantities(Not-Priced)/공내역서/VTC견적서/0 ГП(Site Plan & Landscape+Outdoor Infra)/0-12 АСКУЭ((Automatic Pump system)/13723_vfor.xls,.xls,33792,True,23,0,BOQ | 가격·견적,
L2023-00053-1,2020-00086,우즈베키스탄,"우즈베키스탄 우르겐치 직업훈련원 건립 및 직업훈련 제도역량 공고화 지원 사업('20-'24/1,400만불)",L2023-00053-1/Urgench VTC Bid Attachment Documents/Urgench VTC Bid Attachment Documents/Section 4.  Bill of Quantities(Not-Priced)/공내역서/VTC견적서/0 ГП(Site Plan & Landscape+Outdoor Infra)/0-12 АСКУЭ((Automatic Pump system)/13723_vrmu.xls,.xls,49152,True,77,0,BOQ | 가격·견적,
L2023-00053-1,2020-00086,우즈베키스탄,"우즈베키스탄 우르겐치 직업훈련원 건립 및 직업훈련 제도역량 공고화 지원 사업('20-'24/1,400만불)",L2023-00053-1/Urgench VTC Bid Attachment Documents/Urgench VTC Bid Attachment Documents/Section 4.  Bill of Quantities(Not-Priced)/공내역서/VTC견적서/0 ГП(Site Plan & Landscape+Outdoor Infra)/0-12 АСКУЭ((Automatic Pump system)/bv13720.xls,.xls,54784,True,133,0,BOQ | 가격·견적,
L2023-00053-1,2020-00086,우즈베키스탄,"우즈베키스탄 우르겐치 직업훈련원 건립 및 직업훈련 제도역량 공고화 지원 사업('20-'24/1,400만불)",L2023-00053-1/Urgench VTC Bid Attachment Documents/Urgench VTC Bid Attachment Documents/Section 4.  Bill of Quantities(Not-Priced)/공내역서/VTC견적서/0 ГП(Site Plan & Landscape+Outdoor Infra)/0-2 ФУТБОЛНОЕ ПОЛЕ(Football)/13413_vfor.xls,.xls,35840,True,26,0,BOQ | 가격·견적,
L2023-00053-1,2020-00086,우즈베키스탄,"우즈베키스탄 우르겐치 직업훈련원 건립 및 직업훈련 제도역량 공고화 지원 사업('20-'24/1,400만불)",L2023-00053-1/Urgench VTC Bid Attachment Documents/Urgench VTC Bid Attachment Documents/Section 4.  Bill of Quantities(Not-Priced)/공내역서/VTC견적서/0 ГП(Site Plan & Landscape+Outdoor Infra)/0-2 ФУТБОЛНОЕ ПОЛЕ(Football)/13413_vrmu.xls,.xls,54784,True,93,0,BOQ | 가격·견적,
L2023-00053-1,2020-00086,우즈베키스탄,"우즈베키스탄 우르겐치 직업훈련원 건립 및 직업훈련 제도역량 공고화 지원 사업('20-'24/1,400만불)",L2023-00053-1/Urgench VTC Bid Attachment Documents/Urgench VTC Bid Attachment Documents/Section 4.  Bill of Quantities(Not-Priced)/공내역서/VTC견적서/0 ГП(Site Plan & Landscape+Outdoor Infra)/0-2 ФУТБОЛНОЕ ПОЛЕ(Football)/bv13410.xls,.xls,82432,True,232,0,BOQ | 가격·견적,
L2023-00053-1,2020-00086,우즈베키스탄,"우즈베키스탄 우르겐치 직업훈련원 건립 및 직업훈련 제도역량 공고화 지원 사업('20-'24/1,400만불)",L2023-00053-1/Urgench VTC Bid Attachment Documents/Urgench VTC Bid Attachment Documents/Section 4.  Bill of Quantities(Not-Priced)/공내역서/VTC견적서/0 ГП(Site Plan & Landscape+Outdoor Infra)/0-3 БЕСЕДКА 5 ШТ(Pargola)/13633_vfor.xls,.xls,34304,True,31,0,BOQ | 가격·견적,
L2023-00053-1,2020-00086,우즈베키스탄,"우즈베키스탄 우르겐치 직업훈련원 건립 및 직업훈련 제도역량 공고화 지원 사업('20-'24/1,400만불)",L2023-00053-1/Urgench VTC Bid Attachment Documents/Urgench VTC Bid Attachment Documents/Section 4.  Bill of Quantities(Not-Priced)/공내역서/VTC견적서/0 ГП(Site Plan & Landscape+Outdoor Infra)/0-3 БЕСЕДКА 5 ШТ(Pargola)/13633_vrmu.xls,.xls,54784,True,95,0,BOQ | 가격·견적,
L2023-00053-1,2020-00086,우즈베키스탄,"우즈베키스탄 우르겐치 직업훈련원 건립 및 직업훈련 제도역량 공고화 지원 사업('20-'24/1,400만불)",L2023-00053-1/Urgench VTC Bid Attachment Documents/Urgench VTC Bid Attachment Documents/Section 4.  Bill of Quantities(Not-Priced)/공내역서/VTC견적서/0 ГП(Site Plan & Landscape+Outdoor Infra)/0-3 БЕСЕДКА 5 ШТ(Pargola)/bv13630.xls,.xls,86016,True,264,0,BOQ | 가격·견적,
L2023-00053-1,2020-00086,우즈베키스탄,"우즈베키스탄 우르겐치 직업훈련원 건립 및 직업훈련 제도역량 공고화 지원 사업('20-'24/1,400만불)",L2023-00053-1/Urgench VTC Bid Attachment Documents/Urgench VTC Bid Attachment Documents/Section 4.  Bill of Quantities(Not-Priced)/공내역서/VTC견적서/0 ГП(Site Plan & Landscape+Outdoor Infra)/0-4 ФЛАГШТОК(Flog pole)/13643_vfor.xls,.xls,36352,True,39,0,BOQ | 가격·견적,
L2023-00053-1,2020-00086,우즈베키스탄,"우즈베키스탄 우르겐치 직업훈련원 건립 및 직업훈련 제도역량 공고화 지원 사업('20-'24/1,400만불)",L2023-00053-1/Urgench VTC Bid Attachment Documents/Urgench VTC Bid Attachment Documents/Section 4.  Bill of Quantities(Not-Priced)/공내역서/VTC견적서/0 ГП(Site Plan & Landscape+Outdoor Infra)/0-4 ФЛАГШТОК(Flog pole)/13643_vrmu.xls,.xls,55808,True,103,0,BOQ | 가격·견적,
L2023-00053-1,2020-00086,우즈베키스탄,"우즈베키스탄 우르겐치 직업훈련원 건립 및 직업훈련 제도역량 공고화 지원 사업('20-'24/1,400만불)",L2023-00053-1/Urgench VTC Bid Attachment Documents/Urgench VTC Bid Attachment Documents/Section 4.  Bill of Quantities(Not-Priced)/공내역서/VTC견적서/0 ГП(Site Plan & Landscape+Outdoor Infra)/0-4 ФЛАГШТОК(Flog pole)/bv13640.xls,.xls,79872,True,223,0,BOQ | 가격·견적,
L2023-00053-1,2020-00086,우즈베키스탄,"우즈베키스탄 우르겐치 직업훈련원 건립 및 직업훈련 제도역량 공고화 지원 사업('20-'24/1,400만불)",L2023-00053-1/Urgench VTC Bid Attachment Documents/Urgench VTC Bid Attachment Documents/Section 4.  Bill of Quantities(Not-Priced)/공내역서/VTC견적서/0 ГП(Site Plan & Landscape+Outdoor Infra)/0-5 ГСН(Outdoor Gas Infra)/13653_vfor.xls,.xls,50176,True,77,0,BOQ | 가격·견적,
L2023-00053-1,2020-00086,우즈베키스탄,"우즈베키스탄 우르겐치 직업훈련원 건립 및 직업훈련 제도역량 공고화 지원 사업('20-'24/1,400만불)",L2023-00053-1/Urgench VTC Bid Attachment Documents/Urgench VTC Bid Attachment Documents/Section 4.  Bill of Quantities(Not-Priced)/공내역서/VTC견적서/0 ГП(Site Plan & Landscape+Outdoor Infra)/0-5 ГСН(Outdoor Gas Infra)/13653_vrmu.xls,.xls,83968,True,185,0,BOQ | 가격·견적,
L2023-00053-1,2020-00086,우즈베키스탄,"우즈베키스탄 우르겐치 직업훈련원 건립 및 직업훈련 제도역량 공고화 지원 사업('20-'24/1,400만불)",L2023-00053-1/Urgench VTC Bid Attachment Documents/Urgench VTC Bid Attachment Documents/Section 4.  Bill of Quantities(Not-Priced)/공내역서/VTC견적서/0 ГП(Site Plan & Landscape+Outdoor Infra)/0-5 ГСН(Outdoor Gas Infra)/bv13650.xls,.xls,158208,True,624,0,BOQ | 가격·견적,
L2023-00053-1,2020-00086,우즈베키스탄,"우즈베키스탄 우르겐치 직업훈련원 건립 및 직업훈련 제도역량 공고화 지원 사업('20-'24/1,400만불)",L2023-00053-1/Urgench VTC Bid Attachment Documents/Urgench VTC Bid Attachment Documents/Section 4.  Bill of Quantities(Not-Priced)/공내역서/VTC견적서/0 ГП(Site Plan & Landscape+Outdoor Infra)/0-6 ЭС(Outdoor Electric Infra)/13663_vfor.xls,.xls,37888,True,33,0,BOQ | 가격·견적,
L2023-00053-1,2020-00086,우즈베키스탄,"우즈베키스탄 우르겐치 직업훈련원 건립 및 직업훈련 제도역량 공고화 지원 사업('20-'24/1,400만불)",L2023-00053-1/Urgench VTC Bid Attachment Documents/Urgench VTC Bid Attachment Documents/Section 4.  Bill of Quantities(Not-Priced)/공내역서/VTC견적서/0 ГП(Site Plan & Landscape+Outdoor Infra)/0-6 ЭС(Outdoor Electric Infra)/13663_vrmu.xls,.xls,55296,True,95,0,BOQ | 가격·견적,
L2023-00053-1,2020-00086,우즈베키스탄,"우즈베키스탄 우르겐치 직업훈련원 건립 및 직업훈련 제도역량 공고화 지원 사업('20-'24/1,400만불)",L2023-00053-1/Urgench VTC Bid Attachment Documents/Urgench VTC Bid Attachment Documents/Section 4.  Bill of Quantities(Not-Priced)/공내역서/VTC견적서/0 ГП(Site Plan & Landscape+Outdoor Infra)/0-6 ЭС(Outdoor Electric Infra)/bv13660.xls,.xls,85504,True,245,0,BOQ | 가격·견적,
L2023-00053-1,2020-00086,우즈베키스탄,"우즈베키스탄 우르겐치 직업훈련원 건립 및 직업훈련 제도역량 공고화 지원 사업('20-'24/1,400만불)",L2023-00053-1/Urgench VTC Bid Attachment Documents/Urgench VTC Bid Attachment Documents/Section 4.  Bill of Quantities(Not-Priced)/공내역서/VTC견적서/0 ГП(Site Plan & Landscape+Outdoor Infra)/0-7 НЭО(Outdoor Lighting)/13673_vfor.xls,.xls,39936,True,42,0,BOQ | 가격·견적,
L2023-00053-1,2020-00086,우즈베키스탄,"우즈베키스탄 우르겐치 직업훈련원 건립 및 직업훈련 제도역량 공고화 지원 사업('20-'24/1,400만불)",L2023-00053-1/Urgench VTC Bid Attachment Documents/Urgench VTC Bid Attachment Documents/Section 4.  Bill of Quantities(Not-Priced)/공내역서/VTC견적서/0 ГП(Site Plan & Landscape+Outdoor Infra)/0-7 НЭО(Outdoor Lighting)/13673_vrmu.xls,.xls,59904,True,117,0,BOQ | 가격·견적,
L2023-00053-1,2020-00086,우즈베키스탄,"우즈베키스탄 우르겐치 직업훈련원 건립 및 직업훈련 제도역량 공고화 지원 사업('20-'24/1,400만불)",L2023-00053-1/Urgench VTC Bid Attachment Documents/Urgench VTC Bid Attachment Documents/Section 4.  Bill of Quantities(Not-Priced)/공내역서/VTC견적서/0 ГП(Site Plan & Landscape+Outdoor Infra)/0-7 НЭО(Outdoor Lighting)/bv13670.xls,.xls,88576,True,272,0,BOQ | 가격·견적,
L2023-00053-1,2020-00086,우즈베키스탄,"우즈베키스탄 우르겐치 직업훈련원 건립 및 직업훈련 제도역량 공고화 지원 사업('20-'24/1,400만불)",L2023-00053-1/Urgench VTC Bid Attachment Documents/Urgench VTC Bid Attachment Documents/Section 4.  Bill of Quantities(Not-Priced)/공내역서/VTC견적서/0 ГП(Site Plan & Landscape+Outdoor Infra)/0-8 НСС(Outside CCTV)/13683_vfor.xls,.xls,43008,True,59,0,BOQ | 가격·견적,
L2023-00053-1,2020-00086,우즈베키스탄,"우즈베키스탄 우르겐치 직업훈련원 건립 및 직업훈련 제도역량 공고화 지원 사업('20-'24/1,400만불)",L2023-00053-1/Urgench VTC Bid Attachment Documents/Urgench VTC Bid Attachment Documents/Section 4.  Bill of Quantities(Not-Priced)/공내역서/VTC견적서/0 ГП(Site Plan & Landscape+Outdoor Infra)/0-8 НСС(Outside CCTV)/13683_vrmu.xls,.xls,58880,True,118,0,BOQ | 가격·견적,
L2023-00053-1,2020-00086,우즈베키스탄,"우즈베키스탄 우르겐치 직업훈련원 건립 및 직업훈련 제도역량 공고화 지원 사업('20-'24/1,400만불)",L2023-00053-1/Urgench VTC Bid Attachment Documents/Urgench VTC Bid Attachment Documents/Section 4.  Bill of Quantities(Not-Priced)/공내역서/VTC견적서/0 ГП(Site Plan & Landscape+Outdoor Infra)/0-8 НСС(Outside CCTV)/bv13680.xls,.xls,90624,True,260,0,BOQ | 가격·견적,
L2023-00053-1,2020-00086,우즈베키스탄,"우즈베키스탄 우르겐치 직업훈련원 건립 및 직업훈련 제도역량 공고화 지원 사업('20-'24/1,400만불)",L2023-00053-1/Urgench VTC Bid Attachment Documents/Urgench VTC Bid Attachment Documents/Section 4.  Bill of Quantities(Not-Priced)/공내역서/VTC견적서/0 ГП(Site Plan & Landscape+Outdoor Infra)/0-9 НВК(Outside Water Piping)/13693_vfor.xls,.xls,50688,True,93,0,BOQ | 가격·견적,
L2023-00053-1,2020-00086,우즈베키스탄,"우즈베키스탄 우르겐치 직업훈련원 건립 및 직업훈련 제도역량 공고화 지원 사업('20-'24/1,400만불)",L2023-00053-1/Urgench VTC Bid Attachment Documents/Urgench VTC Bid Attachment Documents/Section 4.  Bill of Quantities(Not-Priced)/공내역서/VTC견적서/0 ГП(Site Plan & Landscape+Outdoor Infra)/0-9 НВК(Outside Water Piping)/13693_vrmu.xls,.xls,73728,True,149,0,BOQ | 가격·견적,
L2023-00053-1,2020-00086,우즈베키스탄,"우즈베키스탄 우르겐치 직업훈련원 건립 및 직업훈련 제도역량 공고화 지원 사업('20-'24/1,400만불)",L2023-00053-1/Urgench VTC Bid Attachment Documents/Urgench VTC Bid Attachment Documents/Section 4.  Bill of Quantities(Not-Priced)/공내역서/VTC견적서/0 ГП(Site Plan & Landscape+Outdoor Infra)/0-9 НВК(Outside Water Piping)/bv13690.xls,.xls,160256,True,679,0,BOQ | 가격·견적,
L2023-00053-1,2020-00086,우즈베키스탄,"우즈베키스탄 우르겐치 직업훈련원 건립 및 직업훈련 제도역량 공고화 지원 사업('20-'24/1,400만불)",L2023-00053-1/Urgench VTC Bid Attachment Documents/Urgench VTC Bid Attachment Documents/Section 4.  Bill of Quantities(Not-Priced)/공내역서/VTC견적서/0 ГП(Site Plan & Landscape+Outdoor Infra)/СВОДКА ГП o.xls,.xls,45568,True,24,0,BOQ | 가격·견적,
L2023-00053-1,2020-00086,우즈베키스탄,"우즈베키스탄 우르겐치 직업훈련원 건립 및 직업훈련 제도역량 공고화 지원 사업('20-'24/1,400만불)",L2023-00053-1/Urgench VTC Bid Attachment Documents/Urgench VTC Bid Attachment Documents/Section 4.  Bill of Quantities(Not-Priced)/공내역서/VTC견적서/0 ГП(Site Plan & Landscape+Outdoor Infra)/Титул  ГП.doc,.doc,31232,True,16,0,BOQ | 가격·견적,
L2023-00053-1,2020-00086,우즈베키스탄,"우즈베키스탄 우르겐치 직업훈련원 건립 및 직업훈련 제도역량 공고화 지원 사업('20-'24/1,400만불)",L2023-00053-1/Urgench VTC Bid Attachment Documents/Urgench VTC Bid Attachment Documents/Section 4.  Bill of Quantities(Not-Priced)/공내역서/VTC견적서/1 АДМИН ЗДАНИЕ(Admin. Build)/1-1 КЖ(Structure)/13063_vfor.xls,.xls,118272,True,685,0,BOQ | 가격·견적,
L2023-00053-1,2020-00086,우즈베키스탄,"우즈베키스탄 우르겐치 직업훈련원 건립 및 직업훈련 제도역량 공고화 지원 사업('20-'24/1,400만불)",L2023-00053-1/Urgench VTC Bid Attachment Documents/Urgench VTC Bid Attachment Documents/Section 4.  Bill of Quantities(Not-Priced)/공내역서/VTC견적서/1 АДМИН ЗДАНИЕ(Admin. Build)/1-1 КЖ(Structure)/13063_vrmu.xls,.xls,79360,True,189,0,BOQ | 가격·견적,
L2023-00053-1,2020-00086,우즈베키스탄,"우즈베키스탄 우르겐치 직업훈련원 건립 및 직업훈련 제도역량 공고화 지원 사업('20-'24/1,400만불)",L2023-00053-1/Urgench VTC Bid Attachment Documents/Urgench VTC Bid Attachment Documents/Section 4.  Bill of Quantities(Not-Priced)/공내역서/VTC견적서/1 АДМИН ЗДАНИЕ(Admin. Build)/1-1 КЖ(Structure)/bv13060.xls,.xls,726528,True,4818,0,BOQ | 가격·견적,
L2023-00053-1,2020-00086,우즈베키스탄,"우즈베키스탄 우르겐치 직업훈련원 건립 및 직업훈련 제도역량 공고화 지원 사업('20-'24/1,400만불)",L2023-00053-1/Urgench VTC Bid Attachment Documents/Urgench VTC Bid Attachment Documents/Section 4.  Bill of Quantities(Not-Priced)/공내역서/VTC견적서/1 АДМИН ЗДАНИЕ(Admin. Build)/1-10 ЛИФТ(ELEV)/13753_vfor.xls,.xls,30208,True,13,0,BOQ | 가격·견적,
L2023-00053-1,2020-00086,우즈베키스탄,"우즈베키스탄 우르겐치 직업훈련원 건립 및 직업훈련 제도역량 공고화 지원 사업('20-'24/1,400만불)",L2023-00053-1/Urgench VTC Bid Attachment Documents/Urgench VTC Bid Attachment Documents/Section 4.  Bill of Quantities(Not-Priced)/공내역서/VTC견적서/1 АДМИН ЗДАНИЕ(Admin. Build)/1-10 ЛИФТ(ELEV)/13753_vrmu.xls,.xls,43008,True,62,0,BOQ | 가격·견적,
L2023-00053-1,2020-00086,우즈베키스탄,"우즈베키스탄 우르겐치 직업훈련원 건립 및 직업훈련 제도역량 공고화 지원 사업('20-'24/1,400만불)",L2023-00053-1/Urgench VTC Bid Attachment Documents/Urgench VTC Bid Attachment Documents/Section 4.  Bill of Quantities(Not-Priced)/공내역서/VTC견적서/1 АДМИН ЗДАНИЕ(Admin. Build)/1-10 ЛИФТ(ELEV)/bv13750.xls,.xls,54784,True,106,0,BOQ | 가격·견적,
L2023-00053-1,2020-00086,우즈베키스탄,"우즈베키스탄 우르겐치 직업훈련원 건립 및 직업훈련 제도역량 공고화 지원 사업('20-'24/1,400만불)",L2023-00053-1/Urgench VTC Bid Attachment Documents/Urgench VTC Bid Attachment Documents/Section 4.  Bill of Quantities(Not-Priced)/공내역서/VTC견적서/1 АДМИН ЗДАНИЕ(Admin. Build)/1-2 АР(Architecture)/13373_vfor.xls,.xls,53248,True,117,0,BOQ | 가격·견적,
L2023-00053-1,2020-00086,우즈베키스탄,"우즈베키스탄 우르겐치 직업훈련원 건립 및 직업훈련 제도역량 공고화 지원 사업('20-'24/1,400만불)",L2023-00053-1/Urgench VTC Bid Attachment Documents/Urgench VTC Bid Attachment Documents/Section 4.  Bill of Quantities(Not-Priced)/공내역서/VTC견적서/1 АДМИН ЗДАНИЕ(Admin. Build)/1-2 АР(Architecture)/13373_vrmu.xls,.xls,78336,True,197,0,BOQ | 가격·견적,
L2023-00053-1,2020-00086,우즈베키스탄,"우즈베키스탄 우르겐치 직업훈련원 건립 및 직업훈련 제도역량 공고화 지원 사업('20-'24/1,400만불)",L2023-00053-1/Urgench VTC Bid Attachment Documents/Urgench VTC Bid Attachment Documents/Section 4.  Bill of Quantities(Not-Priced)/공내역서/VTC견적서/1 АДМИН ЗДАНИЕ(Admin. Build)/1-2 АР(Architecture)/bv13370.xls,.xls,210944,True,1028,0,BOQ | 가격·견적,
L2023-00053-1,2020-00086,우즈베키스탄,"우즈베키스탄 우르겐치 직업훈련원 건립 및 직업훈련 제도역량 공고화 지원 사업('20-'24/1,400만불)",L2023-00053-1/Urgench VTC Bid Attachment Documents/Urgench VTC Bid Attachment Documents/Section 4.  Bill of Quantities(Not-Priced)/공내역서/VTC견적서/1 АДМИН ЗДАНИЕ(Admin. Build)/1-3 ОВ(Heating & Ventilation)/13483_vfor.xls,.xls,99328,True,392,0,BOQ | 가격·견적,
L2023-00053-1,2020-00086,우즈베키스탄,"우즈베키스탄 우르겐치 직업훈련원 건립 및 직업훈련 제도역량 공고화 지원 사업('20-'24/1,400만불)",L2023-00053-1/Urgench VTC Bid Attachment Documents/Urgench VTC Bid Attachment Documents/Section 4.  Bill of Quantities(Not-Priced)/공내역서/VTC견적서/1 АДМИН ЗДАНИЕ(Admin. Build)/1-3 ОВ(Heating & Ventilation)/13483_vrmu.xls,.xls,103936,True,271,0,BOQ | 가격·견적,
L2023-00053-1,2020-00086,우즈베키스탄,"우즈베키스탄 우르겐치 직업훈련원 건립 및 직업훈련 제도역량 공고화 지원 사업('20-'24/1,400만불)",L2023-00053-1/Urgench VTC Bid Attachment Documents/Urgench VTC Bid Attachment Documents/Section 4.  Bill of Quantities(Not-Priced)/공내역서/VTC견적서/1 АДМИН ЗДАНИЕ(Admin. Build)/1-3 ОВ(Heating & Ventilation)/bv13480.xls,.xls,427008,True,2582,0,BOQ | 가격·견적,
L2023-00053-1,2020-00086,우즈베키스탄,"우즈베키스탄 우르겐치 직업훈련원 건립 및 직업훈련 제도역량 공고화 지원 사업('20-'24/1,400만불)",L2023-00053-1/Urgench VTC Bid Attachment Documents/Urgench VTC Bid Attachment Documents/Section 4.  Bill of Quantities(Not-Priced)/공내역서/VTC견적서/1 АДМИН ЗДАНИЕ(Admin. Build)/1-4 ВК(Water & Sewer & Fireplug)/13133_vfor.xls,.xls,52736,True,126,0,BOQ | 가격·견적,
L2023-00053-1,2020-00086,우즈베키스탄,"우즈베키스탄 우르겐치 직업훈련원 건립 및 직업훈련 제도역량 공고화 지원 사업('20-'24/1,400만불)",L2023-00053-1/Urgench VTC Bid Attachment Documents/Urgench VTC Bid Attachment Documents/Section 4.  Bill of Quantities(Not-Priced)/공내역서/VTC견적서/1 АДМИН ЗДАНИЕ(Admin. Build)/1-4 ВК(Water & Sewer & Fireplug)/13133_vrmu.xls,.xls,79360,True,196,0,BOQ | 가격·견적,
L2023-00053-1,2020-00086,우즈베키스탄,"우즈베키스탄 우르겐치 직업훈련원 건립 및 직업훈련 제도역량 공고화 지원 사업('20-'24/1,400만불)",L2023-00053-1/Urgench VTC Bid Attachment Documents/Urgench VTC Bid Attachment Documents/Section 4.  Bill of Quantities(Not-Priced)/공내역서/VTC견적서/1 АДМИН ЗДАНИЕ(Admin. Build)/1-4 ВК(Water & Sewer & Fireplug)/bv13130.xls,.xls,154624,True,675,0,BOQ | 가격·견적,
L2023-00053-1,2020-00086,우즈베키스탄,"우즈베키스탄 우르겐치 직업훈련원 건립 및 직업훈련 제도역량 공고화 지원 사업('20-'24/1,400만불)",L2023-00053-1/Urgench VTC Bid Attachment Documents/Urgench VTC Bid Attachment Documents/Section 4.  Bill of Quantities(Not-Priced)/공내역서/VTC견적서/1 АДМИН ЗДАНИЕ(Admin. Build)/1-5 ЭО(Electric)/13493_vrmu.xls,.xls,95744,True,175,0,BOQ | 가격·견적,
L2023-00053-1,2020-00086,우즈베키스탄,"우즈베키스탄 우르겐치 직업훈련원 건립 및 직업훈련 제도역량 공고화 지원 사업('20-'24/1,400만불)",L2023-00053-1/Urgench VTC Bid Attachment Documents/Urgench VTC Bid Attachment Documents/Section 4.  Bill of Quantities(Not-Priced)/공내역서/VTC견적서/1 АДМИН ЗДАНИЕ(Admin. Build)/1-5 ЭО(Electric)/bv13490.xls,.xls,158720,True,568,0,BOQ | 가격·견적,
L2023-00053-1,2020-00086,우즈베키스탄,"우즈베키스탄 우르겐치 직업훈련원 건립 및 직업훈련 제도역량 공고화 지원 사업('20-'24/1,400만불)",L2023-00053-1/Urgench VTC Bid Attachment Documents/Urgench VTC Bid Attachment Documents/Section 4.  Bill of Quantities(Not-Priced)/공내역서/VTC견적서/1 АДМИН ЗДАНИЕ(Admin. Build)/1-6 ПС(Fire Alarm)/13253_vfor.xls,.xls,36864,True,43,0,BOQ | 가격·견적,
L2023-00053-1,2020-00086,우즈베키스탄,"우즈베키스탄 우르겐치 직업훈련원 건립 및 직업훈련 제도역량 공고화 지원 사업('20-'24/1,400만불)",L2023-00053-1/Urgench VTC Bid Attachment Documents/Urgench VTC Bid Attachment Documents/Section 4.  Bill of Quantities(Not-Priced)/공내역서/VTC견적서/1 АДМИН ЗДАНИЕ(Admin. Build)/1-6 ПС(Fire Alarm)/13253_vrmu.xls,.xls,49152,True,85,0,BOQ | 가격·견적,
L2023-00053-1,2020-00086,우즈베키스탄,"우즈베키스탄 우르겐치 직업훈련원 건립 및 직업훈련 제도역량 공고화 지원 사업('20-'24/1,400만불)",L2023-00053-1/Urgench VTC Bid Attachment Documents/Urgench VTC Bid Attachment Documents/Section 4.  Bill of Quantities(Not-Priced)/공내역서/VTC견적서/1 АДМИН ЗДАНИЕ(Admin. Build)/1-6 ПС(Fire Alarm)/bv13250.xls,.xls,71680,True,198,0,BOQ | 가격·견적,
L2023-00053-1,2020-00086,우즈베키스탄,"우즈베키스탄 우르겐치 직업훈련원 건립 및 직업훈련 제도역량 공고화 지원 사업('20-'24/1,400만불)","L2023-00053-1/Urgench VTC Bid Attachment Documents/Urgench VTC Bid Attachment Documents/Section 4.  Bill of Quantities(Not-Priced)/공내역서/VTC견적서/1 АДМИН ЗДАНИЕ(Admin. Build)/1-7 ВН, СКС(CCTV & Network)/13263_vfor.xls",.xls,47616,True,82,0,BOQ | 가격·견적,
L2023-00053-1,2020-00086,우즈베키스탄,"우즈베키스탄 우르겐치 직업훈련원 건립 및 직업훈련 제도역량 공고화 지원 사업('20-'24/1,400만불)","L2023-00053-1/Urgench VTC Bid Attachment Documents/Urgench VTC Bid Attachment Documents/Section 4.  Bill of Quantities(Not-Priced)/공내역서/VTC견적서/1 АДМИН ЗДАНИЕ(Admin. Build)/1-7 ВН, СКС(CCTV & Network)/13263_vrmu.xls",.xls,68608,True,150,0,BOQ | 가격·견적,
L2023-00053-1,2020-00086,우즈베키스탄,"우즈베키스탄 우르겐치 직업훈련원 건립 및 직업훈련 제도역량 공고화 지원 사업('20-'24/1,400만불)","L2023-00053-1/Urgench VTC Bid Attachment Documents/Urgench VTC Bid Attachment Documents/Section 4.  Bill of Quantities(Not-Priced)/공내역서/VTC견적서/1 АДМИН ЗДАНИЕ(Admin. Build)/1-7 ВН, СКС(CCTV & Network)/bv13260.xls",.xls,107520,True,377,0,BOQ | 가격·견적,
L2023-00053-1,2020-00086,우즈베키스탄,"우즈베키스탄 우르겐치 직업훈련원 건립 및 직업훈련 제도역량 공고화 지원 사업('20-'24/1,400만불)",L2023-00053-1/Urgench VTC Bid Attachment Documents/Urgench VTC Bid Attachment Documents/Section 4.  Bill of Quantities(Not-Priced)/공내역서/VTC견적서/1 АДМИН ЗДАНИЕ(Admin. Build)/1-8 ТМ (Boiler & Solar heating)/13423_vfor.xls,.xls,59392,True,122,0,BOQ | 가격·견적,
L2023-00053-1,2020-00086,우즈베키스탄,"우즈베키스탄 우르겐치 직업훈련원 건립 및 직업훈련 제도역량 공고화 지원 사업('20-'24/1,400만불)",L2023-00053-1/Urgench VTC Bid Attachment Documents/Urgench VTC Bid Attachment Documents/Section 4.  Bill of Quantities(Not-Priced)/공내역서/VTC견적서/1 АДМИН ЗДАНИЕ(Admin. Build)/1-8 ТМ (Boiler & Solar heating)/13423_vrmu.xls,.xls,84480,True,197,0,BOQ | 가격·견적,
L2023-00053-1,2020-00086,우즈베키스탄,"우즈베키스탄 우르겐치 직업훈련원 건립 및 직업훈련 제도역량 공고화 지원 사업('20-'24/1,400만불)",L2023-00053-1/Urgench VTC Bid Attachment Documents/Urgench VTC Bid Attachment Documents/Section 4.  Bill of Quantities(Not-Priced)/공내역서/VTC견적서/1 АДМИН ЗДАНИЕ(Admin. Build)/1-8 ТМ (Boiler & Solar heating)/bv13420.xls,.xls,164864,True,703,0,BOQ | 가격·견적,
L2023-00053-1,2020-00086,우즈베키스탄,"우즈베키스탄 우르겐치 직업훈련원 건립 및 직업훈련 제도역량 공고화 지원 사업('20-'24/1,400만불)",L2023-00053-1/Urgench VTC Bid Attachment Documents/Urgench VTC Bid Attachment Documents/Section 4.  Bill of Quantities(Not-Priced)/공내역서/VTC견적서/1 АДМИН ЗДАНИЕ(Admin. Build)/1-9 ГСВ(Gas)/13463_vfor.xls,.xls,37888,True,36,0,BOQ | 가격·견적,
L2023-00053-1,2020-00086,우즈베키스탄,"우즈베키스탄 우르겐치 직업훈련원 건립 및 직업훈련 제도역량 공고화 지원 사업('20-'24/1,400만불)",L2023-00053-1/Urgench VTC Bid Attachment Documents/Urgench VTC Bid Attachment Documents/Section 4.  Bill of Quantities(Not-Priced)/공내역서/VTC견적서/1 АДМИН ЗДАНИЕ(Admin. Build)/1-9 ГСВ(Gas)/13463_vrmu.xls,.xls,57344,True,99,0,BOQ | 가격·견적,
L2023-00053-1,2020-00086,우즈베키스탄,"우즈베키스탄 우르겐치 직업훈련원 건립 및 직업훈련 제도역량 공고화 지원 사업('20-'24/1,400만불)",L2023-00053-1/Urgench VTC Bid Attachment Documents/Urgench VTC Bid Attachment Documents/Section 4.  Bill of Quantities(Not-Priced)/공내역서/VTC견적서/1 АДМИН ЗДАНИЕ(Admin. Build)/1-9 ГСВ(Gas)/bv13460.xls,.xls,96256,True,318,0,BOQ | 가격·견적,
L2023-00053-1,2020-00086,우즈베키스탄,"우즈베키스탄 우르겐치 직업훈련원 건립 및 직업훈련 제도역량 공고화 지원 사업('20-'24/1,400만불)",L2023-00053-1/Urgench VTC Bid Attachment Documents/Urgench VTC Bid Attachment Documents/Section 4.  Bill of Quantities(Not-Priced)/공내역서/VTC견적서/1 АДМИН ЗДАНИЕ(Admin. Build)/СВОДКА АДМИН ЗДАНИЕ o.xls,.xls,43008,True,22,0,BOQ | 가격·견적,
L2023-00053-1,2020-00086,우즈베키스탄,"우즈베키스탄 우르겐치 직업훈련원 건립 및 직업훈련 제도역량 공고화 지원 사업('20-'24/1,400만불)",L2023-00053-1/Urgench VTC Bid Attachment Documents/Urgench VTC Bid Attachment Documents/Section 4.  Bill of Quantities(Not-Priced)/공내역서/VTC견적서/1 АДМИН ЗДАНИЕ(Admin. Build)/Титул  ТОМ II.doc,.doc,30720,True,18,0,BOQ | 가격·견적,
L2023-00053-1,2020-00086,우즈베키스탄,"우즈베키스탄 우르겐치 직업훈련원 건립 및 직업훈련 제도역량 공고화 지원 사업('20-'24/1,400만불)",L2023-00053-1/Urgench VTC Bid Attachment Documents/Urgench VTC Bid Attachment Documents/Section 4.  Bill of Quantities(Not-Priced)/공내역서/VTC견적서/2 УПК(Practice and Education Building)/2-1 КЖ(Structure)/13013_vfor.xls,.xls,90112,True,415,0,BOQ | 가격·견적,
L2023-00053-1,2020-00086,우즈베키스탄,"우즈베키스탄 우르겐치 직업훈련원 건립 및 직업훈련 제도역량 공고화 지원 사업('20-'24/1,400만불)",L2023-00053-1/Urgench VTC Bid Attachment Documents/Urgench VTC Bid Attachment Documents/Section 4.  Bill of Quantities(Not-Priced)/공내역서/VTC견적서/2 УПК(Practice and Education Building)/2-1 КЖ(Structure)/13013_vrmu.xls,.xls,78336,True,177,0,BOQ | 가격·견적,
L2023-00053-1,2020-00086,우즈베키스탄,"우즈베키스탄 우르겐치 직업훈련원 건립 및 직업훈련 제도역량 공고화 지원 사업('20-'24/1,400만불)",L2023-00053-1/Urgench VTC Bid Attachment Documents/Urgench VTC Bid Attachment Documents/Section 4.  Bill of Quantities(Not-Priced)/공내역서/VTC견적서/2 УПК(Practice and Education Building)/2-1 КЖ(Structure)/bv13010.xls,.xls,438784,True,2699,0,BOQ | 가격·견적,
L2023-00053-1,2020-00086,우즈베키스탄,"우즈베키스탄 우르겐치 직업훈련원 건립 및 직업훈련 제도역량 공고화 지원 사업('20-'24/1,400만불)",L2023-00053-1/Urgench VTC Bid Attachment Documents/Urgench VTC Bid Attachment Documents/Section 4.  Bill of Quantities(Not-Priced)/공내역서/VTC견적서/2 УПК(Practice and Education Building)/2-2 АР(Architecture)/13183_vfor.xls,.xls,57344,True,119,0,BOQ | 가격·견적,
L2023-00053-1,2020-00086,우즈베키스탄,"우즈베키스탄 우르겐치 직업훈련원 건립 및 직업훈련 제도역량 공고화 지원 사업('20-'24/1,400만불)",L2023-00053-1/Urgench VTC Bid Attachment Documents/Urgench VTC Bid Attachment Documents/Section 4.  Bill of Quantities(Not-Priced)/공내역서/VTC견적서/2 УПК(Practice and Education Building)/2-2 АР(Architecture)/13183_vrmu.xls,.xls,82432,True,213,0,BOQ | 가격·견적,
L2023-00053-1,2020-00086,우즈베키스탄,"우즈베키스탄 우르겐치 직업훈련원 건립 및 직업훈련 제도역량 공고화 지원 사업('20-'24/1,400만불)",L2023-00053-1/Urgench VTC Bid Attachment Documents/Urgench VTC Bid Attachment Documents/Section 4.  Bill of Quantities(Not-Priced)/공내역서/VTC견적서/2 УПК(Practice and Education Building)/2-2 АР(Architecture)/bv13180.xls,.xls,216064,True,1035,0,BOQ | 가격·견적,
L2023-00053-1,2020-00086,우즈베키스탄,"우즈베키스탄 우르겐치 직업훈련원 건립 및 직업훈련 제도역량 공고화 지원 사업('20-'24/1,400만불)",L2023-00053-1/Urgench VTC Bid Attachment Documents/Urgench VTC Bid Attachment Documents/Section 4.  Bill of Quantities(Not-Priced)/공내역서/VTC견적서/2 УПК(Practice and Education Building)/2-3 ОВ(Heating & Ventilation)/13513_vfor.xls,.xls,99840,True,408,0,BOQ | 가격·견적,
L2023-00053-1,2020-00086,우즈베키스탄,"우즈베키스탄 우르겐치 직업훈련원 건립 및 직업훈련 제도역량 공고화 지원 사업('20-'24/1,400만불)",L2023-00053-1/Urgench VTC Bid Attachment Documents/Urgench VTC Bid Attachment Documents/Section 4.  Bill of Quantities(Not-Priced)/공내역서/VTC견적서/2 УПК(Practice and Education Building)/2-3 ОВ(Heating & Ventilation)/13513_vrmu.xls,.xls,100352,True,255,0,BOQ | 가격·견적,
L2023-00053-1,2020-00086,우즈베키스탄,"우즈베키스탄 우르겐치 직업훈련원 건립 및 직업훈련 제도역량 공고화 지원 사업('20-'24/1,400만불)",L2023-00053-1/Urgench VTC Bid Attachment Documents/Urgench VTC Bid Attachment Documents/Section 4.  Bill of Quantities(Not-Priced)/공내역서/VTC견적서/2 УПК(Practice and Education Building)/2-3 ОВ(Heating & Ventilation)/bv13510.xls,.xls,450048,True,2760,0,BOQ | 가격·견적,
L2023-00053-1,2020-00086,우즈베키스탄,"우즈베키스탄 우르겐치 직업훈련원 건립 및 직업훈련 제도역량 공고화 지원 사업('20-'24/1,400만불)",L2023-00053-1/Urgench VTC Bid Attachment Documents/Urgench VTC Bid Attachment Documents/Section 4.  Bill of Quantities(Not-Priced)/공내역서/VTC견적서/2 УПК(Practice and Education Building)/2-4 ВК(Water & Sewer & Fireplug)/13123_vfor.xls,.xls,59904,True,151,0,BOQ | 가격·견적,
L2023-00053-1,2020-00086,우즈베키스탄,"우즈베키스탄 우르겐치 직업훈련원 건립 및 직업훈련 제도역량 공고화 지원 사업('20-'24/1,400만불)",L2023-00053-1/Urgench VTC Bid Attachment Documents/Urgench VTC Bid Attachment Documents/Section 4.  Bill of Quantities(Not-Priced)/공내역서/VTC견적서/2 УПК(Practice and Education Building)/2-4 ВК(Water & Sewer & Fireplug)/13123_vrmu.xls,.xls,88576,True,225,0,BOQ | 가격·견적,
L2023-00053-1,2020-00086,우즈베키스탄,"우즈베키스탄 우르겐치 직업훈련원 건립 및 직업훈련 제도역량 공고화 지원 사업('20-'24/1,400만불)",L2023-00053-1/Urgench VTC Bid Attachment Documents/Urgench VTC Bid Attachment Documents/Section 4.  Bill of Quantities(Not-Priced)/공내역서/VTC견적서/2 УПК(Practice and Education Building)/2-4 ВК(Water & Sewer & Fireplug)/bv13120.xls,.xls,172032,True,757,0,BOQ | 가격·견적,
L2023-00053-1,2020-00086,우즈베키스탄,"우즈베키스탄 우르겐치 직업훈련원 건립 및 직업훈련 제도역량 공고화 지원 사업('20-'24/1,400만불)",L2023-00053-1/Urgench VTC Bid Attachment Documents/Urgench VTC Bid Attachment Documents/Section 4.  Bill of Quantities(Not-Priced)/공내역서/VTC견적서/2 УПК(Practice and Education Building)/2-5 ЭО(Electric)/13593_vfor.xls,.xls,76288,True,127,0,BOQ | 가격·견적,
L2023-00053-1,2020-00086,우즈베키스탄,"우즈베키스탄 우르겐치 직업훈련원 건립 및 직업훈련 제도역량 공고화 지원 사업('20-'24/1,400만불)",L2023-00053-1/Urgench VTC Bid Attachment Documents/Urgench VTC Bid Attachment Documents/Section 4.  Bill of Quantities(Not-Priced)/공내역서/VTC견적서/2 УПК(Practice and Education Building)/2-5 ЭО(Electric)/13593_vrmu.xls,.xls,88064,True,169,0,BOQ | 가격·견적,
L2023-00053-1,2020-00086,우즈베키스탄,"우즈베키스탄 우르겐치 직업훈련원 건립 및 직업훈련 제도역량 공고화 지원 사업('20-'24/1,400만불)",L2023-00053-1/Urgench VTC Bid Attachment Documents/Urgench VTC Bid Attachment Documents/Section 4.  Bill of Quantities(Not-Priced)/공내역서/VTC견적서/2 УПК(Practice and Education Building)/2-5 ЭО(Electric)/bv13590.xls,.xls,165376,True,652,0,BOQ | 가격·견적,
L2023-00053-1,2020-00086,우즈베키스탄,"우즈베키스탄 우르겐치 직업훈련원 건립 및 직업훈련 제도역량 공고화 지원 사업('20-'24/1,400만불)",L2023-00053-1/Urgench VTC Bid Attachment Documents/Urgench VTC Bid Attachment Documents/Section 4.  Bill of Quantities(Not-Priced)/공내역서/VTC견적서/2 УПК(Practice and Education Building)/2-6 ПС(Fire Alarm)/13273_vfor.xls,.xls,39424,True,56,0,BOQ | 가격·견적,
L2023-00053-1,2020-00086,우즈베키스탄,"우즈베키스탄 우르겐치 직업훈련원 건립 및 직업훈련 제도역량 공고화 지원 사업('20-'24/1,400만불)",L2023-00053-1/Urgench VTC Bid Attachment Documents/Urgench VTC Bid Attachment Documents/Section 4.  Bill of Quantities(Not-Priced)/공내역서/VTC견적서/2 УПК(Practice and Education Building)/2-6 ПС(Fire Alarm)/13273_vrmu.xls,.xls,51712,True,93,0,BOQ | 가격·견적,
L2023-00053-1,2020-00086,우즈베키스탄,"우즈베키스탄 우르겐치 직업훈련원 건립 및 직업훈련 제도역량 공고화 지원 사업('20-'24/1,400만불)",L2023-00053-1/Urgench VTC Bid Attachment Documents/Urgench VTC Bid Attachment Documents/Section 4.  Bill of Quantities(Not-Priced)/공내역서/VTC견적서/2 УПК(Practice and Education Building)/2-6 ПС(Fire Alarm)/bv13270.xls,.xls,81408,True,253,0,BOQ | 가격·견적,
L2023-00053-1,2020-00086,우즈베키스탄,"우즈베키스탄 우르겐치 직업훈련원 건립 및 직업훈련 제도역량 공고화 지원 사업('20-'24/1,400만불)","L2023-00053-1/Urgench VTC Bid Attachment Documents/Urgench VTC Bid Attachment Documents/Section 4.  Bill of Quantities(Not-Priced)/공내역서/VTC견적서/2 УПК(Practice and Education Building)/2-7 ВН, СКС(CCTV & Network)/13283_vfor.xls",.xls,47104,True,86,0,BOQ | 가격·견적,
L2023-00053-1,2020-00086,우즈베키스탄,"우즈베키스탄 우르겐치 직업훈련원 건립 및 직업훈련 제도역량 공고화 지원 사업('20-'24/1,400만불)","L2023-00053-1/Urgench VTC Bid Attachment Documents/Urgench VTC Bid Attachment Documents/Section 4.  Bill of Quantities(Not-Priced)/공내역서/VTC견적서/2 УПК(Practice and Education Building)/2-7 ВН, СКС(CCTV & Network)/13283_vrmu.xls",.xls,67072,True,150,0,BOQ | 가격·견적,
L2023-00053-1,2020-00086,우즈베키스탄,"우즈베키스탄 우르겐치 직업훈련원 건립 및 직업훈련 제도역량 공고화 지원 사업('20-'24/1,400만불)","L2023-00053-1/Urgench VTC Bid Attachment Documents/Urgench VTC Bid Attachment Documents/Section 4.  Bill of Quantities(Not-Priced)/공내역서/VTC견적서/2 УПК(Practice and Education Building)/2-7 ВН, СКС(CCTV & Network)/bv13280.xls",.xls,108032,True,394,0,BOQ | 가격·견적,
L2023-00053-1,2020-00086,우즈베키스탄,"우즈베키스탄 우르겐치 직업훈련원 건립 및 직업훈련 제도역량 공고화 지원 사업('20-'24/1,400만불)",L2023-00053-1/Urgench VTC Bid Attachment Documents/Urgench VTC Bid Attachment Documents/Section 4.  Bill of Quantities(Not-Priced)/공내역서/VTC견적서/2 УПК(Practice and Education Building)/2-8 ТМ(Boiler & Solar heating)/13433_vfor.xls,.xls,61952,True,129,0,BOQ | 가격·견적,
L2023-00053-1,2020-00086,우즈베키스탄,"우즈베키스탄 우르겐치 직업훈련원 건립 및 직업훈련 제도역량 공고화 지원 사업('20-'24/1,400만불)",L2023-00053-1/Urgench VTC Bid Attachment Documents/Urgench VTC Bid Attachment Documents/Section 4.  Bill of Quantities(Not-Priced)/공내역서/VTC견적서/2 УПК(Practice and Education Building)/2-8 ТМ(Boiler & Solar heating)/13433_vrmu.xls,.xls,86528,True,202,0,BOQ | 가격·견적,
L2023-00053-1,2020-00086,우즈베키스탄,"우즈베키스탄 우르겐치 직업훈련원 건립 및 직업훈련 제도역량 공고화 지원 사업('20-'24/1,400만불)",L2023-00053-1/Urgench VTC Bid Attachment Documents/Urgench VTC Bid Attachment Documents/Section 4.  Bill of Quantities(Not-Priced)/공내역서/VTC견적서/2 УПК(Practice and Education Building)/2-8 ТМ(Boiler & Solar heating)/bv13430.xls,.xls,178176,True,781,0,BOQ | 가격·견적,
L2023-00053-1,2020-00086,우즈베키스탄,"우즈베키스탄 우르겐치 직업훈련원 건립 및 직업훈련 제도역량 공고화 지원 사업('20-'24/1,400만불)",L2023-00053-1/Urgench VTC Bid Attachment Documents/Urgench VTC Bid Attachment Documents/Section 4.  Bill of Quantities(Not-Priced)/공내역서/VTC견적서/2 УПК(Practice and Education Building)/2-9 ГСВ(Gas)/13583_vfor.xls,.xls,38400,True,38,0,BOQ | 가격·견적,
L2023-00053-1,2020-00086,우즈베키스탄,"우즈베키스탄 우르겐치 직업훈련원 건립 및 직업훈련 제도역량 공고화 지원 사업('20-'24/1,400만불)",L2023-00053-1/Urgench VTC Bid Attachment Documents/Urgench VTC Bid Attachment Documents/Section 4.  Bill of Quantities(Not-Priced)/공내역서/VTC견적서/2 УПК(Practice and Education Building)/2-9 ГСВ(Gas)/13583_vrmu.xls,.xls,58368,True,102,0,BOQ | 가격·견적,
L2023-00053-1,2020-00086,우즈베키스탄,"우즈베키스탄 우르겐치 직업훈련원 건립 및 직업훈련 제도역량 공고화 지원 사업('20-'24/1,400만불)",L2023-00053-1/Urgench VTC Bid Attachment Documents/Urgench VTC Bid Attachment Documents/Section 4.  Bill of Quantities(Not-Priced)/공내역서/VTC견적서/2 УПК(Practice and Education Building)/2-9 ГСВ(Gas)/bv13580.xls,.xls,97792,True,323,0,BOQ | 가격·견적,
L2023-00053-1,2020-00086,우즈베키스탄,"우즈베키스탄 우르겐치 직업훈련원 건립 및 직업훈련 제도역량 공고화 지원 사업('20-'24/1,400만불)",L2023-00053-1/Urgench VTC Bid Attachment Documents/Urgench VTC Bid Attachment Documents/Section 4.  Bill of Quantities(Not-Priced)/공내역서/VTC견적서/2 УПК(Practice and Education Building)/СВОДКА УНП o.xls,.xls,41984,True,21,0,BOQ | 가격·견적,
L2023-00053-1,2020-00086,우즈베키스탄,"우즈베키스탄 우르겐치 직업훈련원 건립 및 직업훈련 제도역량 공고화 지원 사업('20-'24/1,400만불)",L2023-00053-1/Urgench VTC Bid Attachment Documents/Urgench VTC Bid Attachment Documents/Section 4.  Bill of Quantities(Not-Priced)/공내역서/VTC견적서/2 УПК(Practice and Education Building)/Титул  ТОМ III.doc,.doc,31232,True,18,0,BOQ | 가격·견적,
L2023-00053-1,2020-00086,우즈베키스탄,"우즈베키스탄 우르겐치 직업훈련원 건립 및 직업훈련 제도역량 공고화 지원 사업('20-'24/1,400만불)",L2023-00053-1/Urgench VTC Bid Attachment Documents/Urgench VTC Bid Attachment Documents/Section 4.  Bill of Quantities(Not-Priced)/공내역서/VTC견적서/3 ОБЩЕЖИТИЕ(Dormitory)/3-1 КЖ(Structure)/13023_vfor.xls,.xls,71168,True,225,0,BOQ | 가격·견적,
L2023-00053-1,2020-00086,우즈베키스탄,"우즈베키스탄 우르겐치 직업훈련원 건립 및 직업훈련 제도역량 공고화 지원 사업('20-'24/1,400만불)",L2023-00053-1/Urgench VTC Bid Attachment Documents/Urgench VTC Bid Attachment Documents/Section 4.  Bill of Quantities(Not-Priced)/공내역서/VTC견적서/3 ОБЩЕЖИТИЕ(Dormitory)/3-1 КЖ(Structure)/13023_vrmu.xls,.xls,71168,True,156,0,BOQ | 가격·견적,
L2023-00053-1,2020-00086,우즈베키스탄,"우즈베키스탄 우르겐치 직업훈련원 건립 및 직업훈련 제도역량 공고화 지원 사업('20-'24/1,400만불)",L2023-00053-1/Urgench VTC Bid Attachment Documents/Urgench VTC Bid Attachment Documents/Section 4.  Bill of Quantities(Not-Priced)/공내역서/VTC견적서/3 ОБЩЕЖИТИЕ(Dormitory)/3-1 КЖ(Structure)/bv13020.xls,.xls,286208,True,1569,0,BOQ | 가격·견적,
L2023-00053-1,2020-00086,우즈베키스탄,"우즈베키스탄 우르겐치 직업훈련원 건립 및 직업훈련 제도역량 공고화 지원 사업('20-'24/1,400만불)",L2023-00053-1/Urgench VTC Bid Attachment Documents/Urgench VTC Bid Attachment Documents/Section 4.  Bill of Quantities(Not-Priced)/공내역서/VTC견적서/3 ОБЩЕЖИТИЕ(Dormitory)/3-2 АР(Architecture)/13093_vfor.xls,.xls,60928,True,119,0,BOQ | 가격·견적,
L2023-00053-1,2020-00086,우즈베키스탄,"우즈베키스탄 우르겐치 직업훈련원 건립 및 직업훈련 제도역량 공고화 지원 사업('20-'24/1,400만불)",L2023-00053-1/Urgench VTC Bid Attachment Documents/Urgench VTC Bid Attachment Documents/Section 4.  Bill of Quantities(Not-Priced)/공내역서/VTC견적서/3 ОБЩЕЖИТИЕ(Dormitory)/3-2 АР(Architecture)/13093_vrmu.xls,.xls,71168,True,169,0,BOQ | 가격·견적,
L2023-00053-1,2020-00086,우즈베키스탄,"우즈베키스탄 우르겐치 직업훈련원 건립 및 직업훈련 제도역량 공고화 지원 사업('20-'24/1,400만불)",L2023-00053-1/Urgench VTC Bid Attachment Documents/Urgench VTC Bid Attachment Documents/Section 4.  Bill of Quantities(Not-Priced)/공내역서/VTC견적서/3 ОБЩЕЖИТИЕ(Dormitory)/3-2 АР(Architecture)/bv13090.xls,.xls,209920,True,1002,0,BOQ | 가격·견적,
L2023-00053-1,2020-00086,우즈베키스탄,"우즈베키스탄 우르겐치 직업훈련원 건립 및 직업훈련 제도역량 공고화 지원 사업('20-'24/1,400만불)",L2023-00053-1/Urgench VTC Bid Attachment Documents/Urgench VTC Bid Attachment Documents/Section 4.  Bill of Quantities(Not-Priced)/공내역서/VTC견적서/3 ОБЩЕЖИТИЕ(Dormitory)/3-3 ОВ(Heating & Ventilation)/13103_vfor.xls,.xls,51712,True,58,0,BOQ | 가격·견적,
L2023-00053-1,2020-00086,우즈베키스탄,"우즈베키스탄 우르겐치 직업훈련원 건립 및 직업훈련 제도역량 공고화 지원 사업('20-'24/1,400만불)",L2023-00053-1/Urgench VTC Bid Attachment Documents/Urgench VTC Bid Attachment Documents/Section 4.  Bill of Quantities(Not-Priced)/공내역서/VTC견적서/3 ОБЩЕЖИТИЕ(Dormitory)/3-3 ОВ(Heating & Ventilation)/13103_vrmu.xls,.xls,61440,True,114,0,BOQ | 가격·견적,
L2023-00053-1,2020-00086,우즈베키스탄,"우즈베키스탄 우르겐치 직업훈련원 건립 및 직업훈련 제도역량 공고화 지원 사업('20-'24/1,400만불)",L2023-00053-1/Urgench VTC Bid Attachment Documents/Urgench VTC Bid Attachment Documents/Section 4.  Bill of Quantities(Not-Priced)/공내역서/VTC견적서/3 ОБЩЕЖИТИЕ(Dormitory)/3-3 ОВ(Heating & Ventilation)/bv13100.xls,.xls,118784,True,419,0,BOQ | 가격·견적,
L2023-00053-1,2020-00086,우즈베키스탄,"우즈베키스탄 우르겐치 직업훈련원 건립 및 직업훈련 제도역량 공고화 지원 사업('20-'24/1,400만불)",L2023-00053-1/Urgench VTC Bid Attachment Documents/Urgench VTC Bid Attachment Documents/Section 4.  Bill of Quantities(Not-Priced)/공내역서/VTC견적서/3 ОБЩЕЖИТИЕ(Dormitory)/3-4 ВК(Water & Sewer & Fireplug)/13113_vfor.xls,.xls,62464,True,139,0,BOQ | 가격·견적,
L2023-00053-1,2020-00086,우즈베키스탄,"우즈베키스탄 우르겐치 직업훈련원 건립 및 직업훈련 제도역량 공고화 지원 사업('20-'24/1,400만불)",L2023-00053-1/Urgench VTC Bid Attachment Documents/Urgench VTC Bid Attachment Documents/Section 4.  Bill of Quantities(Not-Priced)/공내역서/VTC견적서/3 ОБЩЕЖИТИЕ(Dormitory)/3-4 ВК(Water & Sewer & Fireplug)/13113_vrmu.xls,.xls,78336,True,192,0,BOQ | 가격·견적,
L2023-00053-1,2020-00086,우즈베키스탄,"우즈베키스탄 우르겐치 직업훈련원 건립 및 직업훈련 제도역량 공고화 지원 사업('20-'24/1,400만불)",L2023-00053-1/Urgench VTC Bid Attachment Documents/Urgench VTC Bid Attachment Documents/Section 4.  Bill of Quantities(Not-Priced)/공내역서/VTC견적서/3 ОБЩЕЖИТИЕ(Dormitory)/3-4 ВК(Water & Sewer & Fireplug)/bv13110.xls,.xls,162816,True,687,0,BOQ | 가격·견적,
L2023-00053-1,2020-00086,우즈베키스탄,"우즈베키스탄 우르겐치 직업훈련원 건립 및 직업훈련 제도역량 공고화 지원 사업('20-'24/1,400만불)",L2023-00053-1/Urgench VTC Bid Attachment Documents/Urgench VTC Bid Attachment Documents/Section 4.  Bill of Quantities(Not-Priced)/공내역서/VTC견적서/3 ОБЩЕЖИТИЕ(Dormitory)/3-5 ЭО(Electric)/13393_vfor.xls,.xls,74752,True,105,0,BOQ | 가격·견적,
L2023-00053-1,2020-00086,우즈베키스탄,"우즈베키스탄 우르겐치 직업훈련원 건립 및 직업훈련 제도역량 공고화 지원 사업('20-'24/1,400만불)",L2023-00053-1/Urgench VTC Bid Attachment Documents/Urgench VTC Bid Attachment Documents/Section 4.  Bill of Quantities(Not-Priced)/공내역서/VTC견적서/3 ОБЩЕЖИТИЕ(Dormitory)/3-5 ЭО(Electric)/13393_vrmu.xls,.xls,78336,True,154,0,BOQ | 가격·견적,
L2023-00053-1,2020-00086,우즈베키스탄,"우즈베키스탄 우르겐치 직업훈련원 건립 및 직업훈련 제도역량 공고화 지원 사업('20-'24/1,400만불)",L2023-00053-1/Urgench VTC Bid Attachment Documents/Urgench VTC Bid Attachment Documents/Section 4.  Bill of Quantities(Not-Priced)/공내역서/VTC견적서/3 ОБЩЕЖИТИЕ(Dormitory)/3-5 ЭО(Electric)/bv13390.xls,.xls,160768,True,617,0,BOQ | 가격·견적,
L2023-00053-1,2020-00086,우즈베키스탄,"우즈베키스탄 우르겐치 직업훈련원 건립 및 직업훈련 제도역량 공고화 지원 사업('20-'24/1,400만불)",L2023-00053-1/Urgench VTC Bid Attachment Documents/Urgench VTC Bid Attachment Documents/Section 4.  Bill of Quantities(Not-Priced)/공내역서/VTC견적서/3 ОБЩЕЖИТИЕ(Dormitory)/3-6 ПС(Fire Alarm)/13293_vfor.xls,.xls,47616,True,54,0,BOQ | 가격·견적,
L2023-00053-1,2020-00086,우즈베키스탄,"우즈베키스탄 우르겐치 직업훈련원 건립 및 직업훈련 제도역량 공고화 지원 사업('20-'24/1,400만불)",L2023-00053-1/Urgench VTC Bid Attachment Documents/Urgench VTC Bid Attachment Documents/Section 4.  Bill of Quantities(Not-Priced)/공내역서/VTC견적서/3 ОБЩЕЖИТИЕ(Dormitory)/3-6 ПС(Fire Alarm)/13293_vrmu.xls,.xls,52736,True,91,0,BOQ | 가격·견적,
L2023-00053-1,2020-00086,우즈베키스탄,"우즈베키스탄 우르겐치 직업훈련원 건립 및 직업훈련 제도역량 공고화 지원 사업('20-'24/1,400만불)",L2023-00053-1/Urgench VTC Bid Attachment Documents/Urgench VTC Bid Attachment Documents/Section 4.  Bill of Quantities(Not-Priced)/공내역서/VTC견적서/3 ОБЩЕЖИТИЕ(Dormitory)/3-6 ПС(Fire Alarm)/bv13290.xls,.xls,86016,True,249,0,BOQ | 가격·견적,
L2023-00053-1,2020-00086,우즈베키스탄,"우즈베키스탄 우르겐치 직업훈련원 건립 및 직업훈련 제도역량 공고화 지원 사업('20-'24/1,400만불)","L2023-00053-1/Urgench VTC Bid Attachment Documents/Urgench VTC Bid Attachment Documents/Section 4.  Bill of Quantities(Not-Priced)/공내역서/VTC견적서/3 ОБЩЕЖИТИЕ(Dormitory)/3-7 ВН, СКС(CCTV & Network)/13303_vfor.xls",.xls,48640,True,55,0,BOQ | 가격·견적,
L2023-00053-1,2020-00086,우즈베키스탄,"우즈베키스탄 우르겐치 직업훈련원 건립 및 직업훈련 제도역량 공고화 지원 사업('20-'24/1,400만불)","L2023-00053-1/Urgench VTC Bid Attachment Documents/Urgench VTC Bid Attachment Documents/Section 4.  Bill of Quantities(Not-Priced)/공내역서/VTC견적서/3 ОБЩЕЖИТИЕ(Dormitory)/3-7 ВН, СКС(CCTV & Network)/13303_vrmu.xls",.xls,55808,True,110,0,BOQ | 가격·견적,
L2023-00053-1,2020-00086,우즈베키스탄,"우즈베키스탄 우르겐치 직업훈련원 건립 및 직업훈련 제도역량 공고화 지원 사업('20-'24/1,400만불)","L2023-00053-1/Urgench VTC Bid Attachment Documents/Urgench VTC Bid Attachment Documents/Section 4.  Bill of Quantities(Not-Priced)/공내역서/VTC견적서/3 ОБЩЕЖИТИЕ(Dormitory)/3-7 ВН, СКС(CCTV & Network)/bv13300.xls",.xls,91136,True,258,0,BOQ | 가격·견적,
L2023-00053-1,2020-00086,우즈베키스탄,"우즈베키스탄 우르겐치 직업훈련원 건립 및 직업훈련 제도역량 공고화 지원 사업('20-'24/1,400만불)",L2023-00053-1/Urgench VTC Bid Attachment Documents/Urgench VTC Bid Attachment Documents/Section 4.  Bill of Quantities(Not-Priced)/공내역서/VTC견적서/3 ОБЩЕЖИТИЕ(Dormitory)/3-8 ТМ(Boiler & Solar heating)/13443_vfor.xls,.xls,70144,True,126,0,BOQ | 가격·견적,
L2023-00053-1,2020-00086,우즈베키스탄,"우즈베키스탄 우르겐치 직업훈련원 건립 및 직업훈련 제도역량 공고화 지원 사업('20-'24/1,400만불)",L2023-00053-1/Urgench VTC Bid Attachment Documents/Urgench VTC Bid Attachment Documents/Section 4.  Bill of Quantities(Not-Priced)/공내역서/VTC견적서/3 ОБЩЕЖИТИЕ(Dormitory)/3-8 ТМ(Boiler & Solar heating)/13443_vrmu.xls,.xls,86528,True,201,0,BOQ | 가격·견적,
L2023-00053-1,2020-00086,우즈베키스탄,"우즈베키스탄 우르겐치 직업훈련원 건립 및 직업훈련 제도역량 공고화 지원 사업('20-'24/1,400만불)",L2023-00053-1/Urgench VTC Bid Attachment Documents/Urgench VTC Bid Attachment Documents/Section 4.  Bill of Quantities(Not-Priced)/공내역서/VTC견적서/3 ОБЩЕЖИТИЕ(Dormitory)/3-8 ТМ(Boiler & Solar heating)/bv13440.xls,.xls,176128,True,725,0,BOQ | 가격·견적,
L2023-00053-1,2020-00086,우즈베키스탄,"우즈베키스탄 우르겐치 직업훈련원 건립 및 직업훈련 제도역량 공고화 지원 사업('20-'24/1,400만불)",L2023-00053-1/Urgench VTC Bid Attachment Documents/Urgench VTC Bid Attachment Documents/Section 4.  Bill of Quantities(Not-Priced)/공내역서/VTC견적서/3 ОБЩЕЖИТИЕ(Dormitory)/3-9 ГСВ(Gas)/13453_vfor.xls,.xls,44544,True,35,0,BOQ | 가격·견적,
L2023-00053-1,2020-00086,우즈베키스탄,"우즈베키스탄 우르겐치 직업훈련원 건립 및 직업훈련 제도역량 공고화 지원 사업('20-'24/1,400만불)",L2023-00053-1/Urgench VTC Bid Attachment Documents/Urgench VTC Bid Attachment Documents/Section 4.  Bill of Quantities(Not-Priced)/공내역서/VTC견적서/3 ОБЩЕЖИТИЕ(Dormitory)/3-9 ГСВ(Gas)/13453_vrmu.xls,.xls,54272,True,98,0,BOQ | 가격·견적,
L2023-00053-1,2020-00086,우즈베키스탄,"우즈베키스탄 우르겐치 직업훈련원 건립 및 직업훈련 제도역량 공고화 지원 사업('20-'24/1,400만불)",L2023-00053-1/Urgench VTC Bid Attachment Documents/Urgench VTC Bid Attachment Documents/Section 4.  Bill of Quantities(Not-Priced)/공내역서/VTC견적서/3 ОБЩЕЖИТИЕ(Dormitory)/3-9 ГСВ(Gas)/bv13450.xls,.xls,101888,True,316,0,BOQ | 가격·견적,
L2023-00053-1,2020-00086,우즈베키스탄,"우즈베키스탄 우르겐치 직업훈련원 건립 및 직업훈련 제도역량 공고화 지원 사업('20-'24/1,400만불)",L2023-00053-1/Urgench VTC Bid Attachment Documents/Urgench VTC Bid Attachment Documents/Section 4.  Bill of Quantities(Not-Priced)/공내역서/VTC견적서/3 ОБЩЕЖИТИЕ(Dormitory)/СВОДКА ОБЩЕЖИТИЕ o.xls,.xls,41984,True,21,0,BOQ | 가격·견적,
L2023-00053-1,2020-00086,우즈베키스탄,"우즈베키스탄 우르겐치 직업훈련원 건립 및 직업훈련 제도역량 공고화 지원 사업('20-'24/1,400만불)",L2023-00053-1/Urgench VTC Bid Attachment Documents/Urgench VTC Bid Attachment Documents/Section 4.  Bill of Quantities(Not-Priced)/공내역서/VTC견적서/4 БУФЕТ(Cafeteria)/4-1 КЖ(Structure)/13003_vfor.xls,.xls,50688,True,78,0,BOQ | 가격·견적,
L2023-00053-1,2020-00086,우즈베키스탄,"우즈베키스탄 우르겐치 직업훈련원 건립 및 직업훈련 제도역량 공고화 지원 사업('20-'24/1,400만불)",L2023-00053-1/Urgench VTC Bid Attachment Documents/Urgench VTC Bid Attachment Documents/Section 4.  Bill of Quantities(Not-Priced)/공내역서/VTC견적서/4 БУФЕТ(Cafeteria)/4-1 КЖ(Structure)/13003_vrmu.xls,.xls,62464,True,127,0,BOQ | 가격·견적,
L2023-00053-1,2020-00086,우즈베키스탄,"우즈베키스탄 우르겐치 직업훈련원 건립 및 직업훈련 제도역량 공고화 지원 사업('20-'24/1,400만불)",L2023-00053-1/Urgench VTC Bid Attachment Documents/Urgench VTC Bid Attachment Documents/Section 4.  Bill of Quantities(Not-Priced)/공내역서/VTC견적서/4 БУФЕТ(Cafeteria)/4-1 КЖ(Structure)/bv13000.xls,.xls,156672,True,673,0,BOQ | 가격·견적,
L2023-00053-1,2020-00086,우즈베키스탄,"우즈베키스탄 우르겐치 직업훈련원 건립 및 직업훈련 제도역량 공고화 지원 사업('20-'24/1,400만불)",L2023-00053-1/Urgench VTC Bid Attachment Documents/Urgench VTC Bid Attachment Documents/Section 4.  Bill of Quantities(Not-Priced)/공내역서/VTC견적서/4 БУФЕТ(Cafeteria)/4-2 АР(Architecture)/13173_vfor.xls,.xls,46080,True,40,0,BOQ | 가격·견적,
L2023-00053-1,2020-00086,우즈베키스탄,"우즈베키스탄 우르겐치 직업훈련원 건립 및 직업훈련 제도역량 공고화 지원 사업('20-'24/1,400만불)",L2023-00053-1/Urgench VTC Bid Attachment Documents/Urgench VTC Bid Attachment Documents/Section 4.  Bill of Quantities(Not-Priced)/공내역서/VTC견적서/4 БУФЕТ(Cafeteria)/4-2 АР(Architecture)/13173_vrmu.xls,.xls,57344,True,121,0,BOQ | 가격·견적,
L2023-00053-1,2020-00086,우즈베키스탄,"우즈베키스탄 우르겐치 직업훈련원 건립 및 직업훈련 제도역량 공고화 지원 사업('20-'24/1,400만불)",L2023-00053-1/Urgench VTC Bid Attachment Documents/Urgench VTC Bid Attachment Documents/Section 4.  Bill of Quantities(Not-Priced)/공내역서/VTC견적서/4 БУФЕТ(Cafeteria)/4-2 АР(Architecture)/bv13170.xls,.xls,115200,True,396,0,BOQ | 가격·견적,
L2023-00053-1,2020-00086,우즈베키스탄,"우즈베키스탄 우르겐치 직업훈련원 건립 및 직업훈련 제도역량 공고화 지원 사업('20-'24/1,400만불)",L2023-00053-1/Urgench VTC Bid Attachment Documents/Urgench VTC Bid Attachment Documents/Section 4.  Bill of Quantities(Not-Priced)/공내역서/VTC견적서/4 БУФЕТ(Cafeteria)/4-3 ОВ(Heating & Ventilation)/13573_vfor.xls,.xls,51200,True,75,0,BOQ | 가격·견적,
L2023-00053-1,2020-00086,우즈베키스탄,"우즈베키스탄 우르겐치 직업훈련원 건립 및 직업훈련 제도역량 공고화 지원 사업('20-'24/1,400만불)",L2023-00053-1/Urgench VTC Bid Attachment Documents/Urgench VTC Bid Attachment Documents/Section 4.  Bill of Quantities(Not-Priced)/공내역서/VTC견적서/4 БУФЕТ(Cafeteria)/4-3 ОВ(Heating & Ventilation)/13573_vrmu.xls,.xls,60928,True,128,0,BOQ | 가격·견적,
L2023-00053-1,2020-00086,우즈베키스탄,"우즈베키스탄 우르겐치 직업훈련원 건립 및 직업훈련 제도역량 공고화 지원 사업('20-'24/1,400만불)",L2023-00053-1/Urgench VTC Bid Attachment Documents/Urgench VTC Bid Attachment Documents/Section 4.  Bill of Quantities(Not-Priced)/공내역서/VTC견적서/4 БУФЕТ(Cafeteria)/4-3 ОВ(Heating & Ventilation)/bv13570.xls,.xls,122368,True,471,0,BOQ | 가격·견적,
L2023-00053-1,2020-00086,우즈베키스탄,"우즈베키스탄 우르겐치 직업훈련원 건립 및 직업훈련 제도역량 공고화 지원 사업('20-'24/1,400만불)",L2023-00053-1/Urgench VTC Bid Attachment Documents/Urgench VTC Bid Attachment Documents/Section 4.  Bill of Quantities(Not-Priced)/공내역서/VTC견적서/4 БУФЕТ(Cafeteria)/4-4 ВК(Water & Sewer & Fireplug)/13143_vfor.xls,.xls,44544,True,47,0,BOQ | 가격·견적,
L2023-00053-1,2020-00086,우즈베키스탄,"우즈베키스탄 우르겐치 직업훈련원 건립 및 직업훈련 제도역량 공고화 지원 사업('20-'24/1,400만불)",L2023-00053-1/Urgench VTC Bid Attachment Documents/Urgench VTC Bid Attachment Documents/Section 4.  Bill of Quantities(Not-Priced)/공내역서/VTC견적서/4 БУФЕТ(Cafeteria)/4-4 ВК(Water & Sewer & Fireplug)/13143_vrmu.xls,.xls,58880,True,119,0,BOQ | 가격·견적,
L2023-00053-1,2020-00086,우즈베키스탄,"우즈베키스탄 우르겐치 직업훈련원 건립 및 직업훈련 제도역량 공고화 지원 사업('20-'24/1,400만불)",L2023-00053-1/Urgench VTC Bid Attachment Documents/Urgench VTC Bid Attachment Documents/Section 4.  Bill of Quantities(Not-Priced)/공내역서/VTC견적서/4 БУФЕТ(Cafeteria)/4-4 ВК(Water & Sewer & Fireplug)/bv13140.xls,.xls,101376,True,321,0,BOQ | 가격·견적,
L2023-00053-1,2020-00086,우즈베키스탄,"우즈베키스탄 우르겐치 직업훈련원 건립 및 직업훈련 제도역량 공고화 지원 사업('20-'24/1,400만불)",L2023-00053-1/Urgench VTC Bid Attachment Documents/Urgench VTC Bid Attachment Documents/Section 4.  Bill of Quantities(Not-Priced)/공내역서/VTC견적서/4 БУФЕТ(Cafeteria)/4-5 ЭО(Electric)/13383_vfor.xls,.xls,52736,True,57,0,BOQ | 가격·견적,
L2023-00053-1,2020-00086,우즈베키스탄,"우즈베키스탄 우르겐치 직업훈련원 건립 및 직업훈련 제도역량 공고화 지원 사업('20-'24/1,400만불)",L2023-00053-1/Urgench VTC Bid Attachment Documents/Urgench VTC Bid Attachment Documents/Section 4.  Bill of Quantities(Not-Priced)/공내역서/VTC견적서/4 БУФЕТ(Cafeteria)/4-5 ЭО(Electric)/13383_vrmu.xls,.xls,60416,True,112,0,BOQ | 가격·견적,
L2023-00053-1,2020-00086,우즈베키스탄,"우즈베키스탄 우르겐치 직업훈련원 건립 및 직업훈련 제도역량 공고화 지원 사업('20-'24/1,400만불)",L2023-00053-1/Urgench VTC Bid Attachment Documents/Urgench VTC Bid Attachment Documents/Section 4.  Bill of Quantities(Not-Priced)/공내역서/VTC견적서/4 БУФЕТ(Cafeteria)/4-5 ЭО(Electric)/bv13380.xls,.xls,105984,True,339,0,BOQ | 가격·견적,
L2023-00053-1,2020-00086,우즈베키스탄,"우즈베키스탄 우르겐치 직업훈련원 건립 및 직업훈련 제도역량 공고화 지원 사업('20-'24/1,400만불)",L2023-00053-1/Urgench VTC Bid Attachment Documents/Urgench VTC Bid Attachment Documents/Section 4.  Bill of Quantities(Not-Priced)/공내역서/VTC견적서/4 БУФЕТ(Cafeteria)/4-6 ПС(Fire Alarm)/13313_vfor.xls,.xls,40960,True,32,0,BOQ | 가격·견적,
L2023-00053-1,2020-00086,우즈베키스탄,"우즈베키스탄 우르겐치 직업훈련원 건립 및 직업훈련 제도역량 공고화 지원 사업('20-'24/1,400만불)",L2023-00053-1/Urgench VTC Bid Attachment Documents/Urgench VTC Bid Attachment Documents/Section 4.  Bill of Quantities(Not-Priced)/공내역서/VTC견적서/4 БУФЕТ(Cafeteria)/4-6 ПС(Fire Alarm)/13313_vrmu.xls,.xls,46080,True,75,0,BOQ | 가격·견적,
L2023-00053-1,2020-00086,우즈베키스탄,"우즈베키스탄 우르겐치 직업훈련원 건립 및 직업훈련 제도역량 공고화 지원 사업('20-'24/1,400만불)",L2023-00053-1/Urgench VTC Bid Attachment Documents/Urgench VTC Bid Attachment Documents/Section 4.  Bill of Quantities(Not-Priced)/공내역서/VTC견적서/4 БУФЕТ(Cafeteria)/4-6 ПС(Fire Alarm)/bv13310.xls,.xls,69120,True,147,0,BOQ | 가격·견적,
L2023-00053-1,2020-00086,우즈베키스탄,"우즈베키스탄 우르겐치 직업훈련원 건립 및 직업훈련 제도역량 공고화 지원 사업('20-'24/1,400만불)","L2023-00053-1/Urgench VTC Bid Attachment Documents/Urgench VTC Bid Attachment Documents/Section 4.  Bill of Quantities(Not-Priced)/공내역서/VTC견적서/4 БУФЕТ(Cafeteria)/4-7 ВН, СКС(CCTV & Network)/13323_vfor.xls",.xls,47616,True,59,0,BOQ | 가격·견적,
L2023-00053-1,2020-00086,우즈베키스탄,"우즈베키스탄 우르겐치 직업훈련원 건립 및 직업훈련 제도역량 공고화 지원 사업('20-'24/1,400만불)","L2023-00053-1/Urgench VTC Bid Attachment Documents/Urgench VTC Bid Attachment Documents/Section 4.  Bill of Quantities(Not-Priced)/공내역서/VTC견적서/4 БУФЕТ(Cafeteria)/4-7 ВН, СКС(CCTV & Network)/13323_vrmu.xls",.xls,56832,True,114,0,BOQ | 가격·견적,
L2023-00053-1,2020-00086,우즈베키스탄,"우즈베키스탄 우르겐치 직업훈련원 건립 및 직업훈련 제도역량 공고화 지원 사업('20-'24/1,400만불)","L2023-00053-1/Urgench VTC Bid Attachment Documents/Urgench VTC Bid Attachment Documents/Section 4.  Bill of Quantities(Not-Priced)/공내역서/VTC견적서/4 БУФЕТ(Cafeteria)/4-7 ВН, СКС(CCTV & Network)/bv13320.xls",.xls,87040,True,268,0,BOQ | 가격·견적,
L2023-00053-1,2020-00086,우즈베키스탄,"우즈베키스탄 우르겐치 직업훈련원 건립 및 직업훈련 제도역량 공고화 지원 사업('20-'24/1,400만불)",L2023-00053-1/Urgench VTC Bid Attachment Documents/Urgench VTC Bid Attachment Documents/Section 4.  Bill of Quantities(Not-Priced)/공내역서/VTC견적서/4 БУФЕТ(Cafeteria)/4-8 ГСВ(Gas)/13473_vfor.xls,.xls,43008,True,30,0,BOQ | 가격·견적,
L2023-00053-1,2020-00086,우즈베키스탄,"우즈베키스탄 우르겐치 직업훈련원 건립 및 직업훈련 제도역량 공고화 지원 사업('20-'24/1,400만불)",L2023-00053-1/Urgench VTC Bid Attachment Documents/Urgench VTC Bid Attachment Documents/Section 4.  Bill of Quantities(Not-Priced)/공내역서/VTC견적서/4 БУФЕТ(Cafeteria)/4-8 ГСВ(Gas)/13473_vrmu.xls,.xls,51712,True,85,0,BOQ | 가격·견적,
L2023-00053-1,2020-00086,우즈베키스탄,"우즈베키스탄 우르겐치 직업훈련원 건립 및 직업훈련 제도역량 공고화 지원 사업('20-'24/1,400만불)",L2023-00053-1/Urgench VTC Bid Attachment Documents/Urgench VTC Bid Attachment Documents/Section 4.  Bill of Quantities(Not-Priced)/공내역서/VTC견적서/4 БУФЕТ(Cafeteria)/4-8 ГСВ(Gas)/bv13470.xls,.xls,86528,True,236,0,BOQ | 가격·견적,
L2023-00053-1,2020-00086,우즈베키스탄,"우즈베키스탄 우르겐치 직업훈련원 건립 및 직업훈련 제도역량 공고화 지원 사업('20-'24/1,400만불)",L2023-00053-1/Urgench VTC Bid Attachment Documents/Urgench VTC Bid Attachment Documents/Section 4.  Bill of Quantities(Not-Priced)/공내역서/VTC견적서/4 БУФЕТ(Cafeteria)/4-9 ТХ/13743_vfor.xls,.xls,33280,True,23,0,BOQ | 가격·견적,
L2023-00053-1,2020-00086,우즈베키스탄,"우즈베키스탄 우르겐치 직업훈련원 건립 및 직업훈련 제도역량 공고화 지원 사업('20-'24/1,400만불)",L2023-00053-1/Urgench VTC Bid Attachment Documents/Urgench VTC Bid Attachment Documents/Section 4.  Bill of Quantities(Not-Priced)/공내역서/VTC견적서/4 БУФЕТ(Cafeteria)/4-9 ТХ/13743_vrmu.xls,.xls,44032,True,56,0,BOQ | 가격·견적,
L2023-00053-1,2020-00086,우즈베키스탄,"우즈베키스탄 우르겐치 직업훈련원 건립 및 직업훈련 제도역량 공고화 지원 사업('20-'24/1,400만불)",L2023-00053-1/Urgench VTC Bid Attachment Documents/Urgench VTC Bid Attachment Documents/Section 4.  Bill of Quantities(Not-Priced)/공내역서/VTC견적서/4 БУФЕТ(Cafeteria)/4-9 ТХ/bv13740.xls,.xls,45056,True,72,0,BOQ | 가격·견적,
L2023-00053-1,2020-00086,우즈베키스탄,"우즈베키스탄 우르겐치 직업훈련원 건립 및 직업훈련 제도역량 공고화 지원 사업('20-'24/1,400만불)",L2023-00053-1/Urgench VTC Bid Attachment Documents/Urgench VTC Bid Attachment Documents/Section 4.  Bill of Quantities(Not-Priced)/공내역서/VTC견적서/4 БУФЕТ(Cafeteria)/СВОДКА БУФЕТ o.xls,.xls,41984,True,21,0,BOQ | 가격·견적,
L2023-00053-1,2020-00086,우즈베키스탄,"우즈베키스탄 우르겐치 직업훈련원 건립 및 직업훈련 제도역량 공고화 지원 사업('20-'24/1,400만불)",L2023-00053-1/Urgench VTC Bid Attachment Documents/Urgench VTC Bid Attachment Documents/Section 4.  Bill of Quantities(Not-Priced)/공내역서/VTC견적서/4 БУФЕТ(Cafeteria)/Титул  ТОМ V.doc,.doc,31232,True,18,0,BOQ | 가격·견적,
L2023-00053-1,2020-00086,우즈베키스탄,"우즈베키스탄 우르겐치 직업훈련원 건립 및 직업훈련 제도역량 공고화 지원 사업('20-'24/1,400만불)",L2023-00053-1/Urgench VTC Bid Attachment Documents/Urgench VTC Bid Attachment Documents/Section 4.  Bill of Quantities(Not-Priced)/공내역서/VTC견적서/5 МИНИКУХНЯ(Mini Cafe)/5-1 КЖ(Structure)/13043_vfor.xls,.xls,48128,True,95,0,BOQ | 가격·견적,
L2023-00053-1,2020-00086,우즈베키스탄,"우즈베키스탄 우르겐치 직업훈련원 건립 및 직업훈련 제도역량 공고화 지원 사업('20-'24/1,400만불)",L2023-00053-1/Urgench VTC Bid Attachment Documents/Urgench VTC Bid Attachment Documents/Section 4.  Bill of Quantities(Not-Priced)/공내역서/VTC견적서/5 МИНИКУХНЯ(Mini Cafe)/5-1 КЖ(Structure)/13043_vrmu.xls,.xls,64000,True,157,0,BOQ | 가격·견적,
L2023-00053-1,2020-00086,우즈베키스탄,"우즈베키스탄 우르겐치 직업훈련원 건립 및 직업훈련 제도역량 공고화 지원 사업('20-'24/1,400만불)",L2023-00053-1/Urgench VTC Bid Attachment Documents/Urgench VTC Bid Attachment Documents/Section 4.  Bill of Quantities(Not-Priced)/공내역서/VTC견적서/5 МИНИКУХНЯ(Mini Cafe)/5-1 КЖ(Structure)/bv13040.xls,.xls,174592,True,805,0,BOQ | 가격·견적,
L2023-00053-1,2020-00086,우즈베키스탄,"우즈베키스탄 우르겐치 직업훈련원 건립 및 직업훈련 제도역량 공고화 지원 사업('20-'24/1,400만불)",L2023-00053-1/Urgench VTC Bid Attachment Documents/Urgench VTC Bid Attachment Documents/Section 4.  Bill of Quantities(Not-Priced)/공내역서/VTC견적서/5 МИНИКУХНЯ(Mini Cafe)/5-2 АР(Architecture)/13193_vfor.xls,.xls,40960,True,50,0,BOQ | 가격·견적,
L2023-00053-1,2020-00086,우즈베키스탄,"우즈베키스탄 우르겐치 직업훈련원 건립 및 직업훈련 제도역량 공고화 지원 사업('20-'24/1,400만불)",L2023-00053-1/Urgench VTC Bid Attachment Documents/Urgench VTC Bid Attachment Documents/Section 4.  Bill of Quantities(Not-Priced)/공내역서/VTC견적서/5 МИНИКУХНЯ(Mini Cafe)/5-2 АР(Architecture)/13193_vrmu.xls,.xls,59392,True,128,0,BOQ | 가격·견적,
L2023-00053-1,2020-00086,우즈베키스탄,"우즈베키스탄 우르겐치 직업훈련원 건립 및 직업훈련 제도역량 공고화 지원 사업('20-'24/1,400만불)",L2023-00053-1/Urgench VTC Bid Attachment Documents/Urgench VTC Bid Attachment Documents/Section 4.  Bill of Quantities(Not-Priced)/공내역서/VTC견적서/5 МИНИКУХНЯ(Mini Cafe)/5-2 АР(Architecture)/bv13190.xls,.xls,114176,True,431,0,BOQ | 가격·견적,
L2023-00053-1,2020-00086,우즈베키스탄,"우즈베키스탄 우르겐치 직업훈련원 건립 및 직업훈련 제도역량 공고화 지원 사업('20-'24/1,400만불)",L2023-00053-1/Urgench VTC Bid Attachment Documents/Urgench VTC Bid Attachment Documents/Section 4.  Bill of Quantities(Not-Priced)/공내역서/VTC견적서/5 МИНИКУХНЯ(Mini Cafe)/5-3 ОВ(Heating & Ventilation)/13543_vfor.xls,.xls,32768,True,21,0,BOQ | 가격·견적,
L2023-00053-1,2020-00086,우즈베키스탄,"우즈베키스탄 우르겐치 직업훈련원 건립 및 직업훈련 제도역량 공고화 지원 사업('20-'24/1,400만불)",L2023-00053-1/Urgench VTC Bid Attachment Documents/Urgench VTC Bid Attachment Documents/Section 4.  Bill of Quantities(Not-Priced)/공내역서/VTC견적서/5 МИНИКУХНЯ(Mini Cafe)/5-3 ОВ(Heating & Ventilation)/13543_vrmu.xls,.xls,49664,True,72,0,BOQ | 가격·견적,
L2023-00053-1,2020-00086,우즈베키스탄,"우즈베키스탄 우르겐치 직업훈련원 건립 및 직업훈련 제도역량 공고화 지원 사업('20-'24/1,400만불)",L2023-00053-1/Urgench VTC Bid Attachment Documents/Urgench VTC Bid Attachment Documents/Section 4.  Bill of Quantities(Not-Priced)/공내역서/VTC견적서/5 МИНИКУХНЯ(Mini Cafe)/5-3 ОВ(Heating & Ventilation)/bv13540.xls,.xls,65536,True,160,0,BOQ | 가격·견적,
L2023-00053-1,2020-00086,우즈베키스탄,"우즈베키스탄 우르겐치 직업훈련원 건립 및 직업훈련 제도역량 공고화 지원 사업('20-'24/1,400만불)",L2023-00053-1/Urgench VTC Bid Attachment Documents/Urgench VTC Bid Attachment Documents/Section 4.  Bill of Quantities(Not-Priced)/공내역서/VTC견적서/5 МИНИКУХНЯ(Mini Cafe)/5-4 ВК(Water & Sewer & Fireplug)/13153_vfor.xls,.xls,38912,True,61,0,BOQ | 가격·견적,
L2023-00053-1,2020-00086,우즈베키스탄,"우즈베키스탄 우르겐치 직업훈련원 건립 및 직업훈련 제도역량 공고화 지원 사업('20-'24/1,400만불)",L2023-00053-1/Urgench VTC Bid Attachment Documents/Urgench VTC Bid Attachment Documents/Section 4.  Bill of Quantities(Not-Priced)/공내역서/VTC견적서/5 МИНИКУХНЯ(Mini Cafe)/5-4 ВК(Water & Sewer & Fireplug)/13153_vrmu.xls,.xls,55296,True,116,0,BOQ | 가격·견적,
L2023-00053-1,2020-00086,우즈베키스탄,"우즈베키스탄 우르겐치 직업훈련원 건립 및 직업훈련 제도역량 공고화 지원 사업('20-'24/1,400만불)",L2023-00053-1/Urgench VTC Bid Attachment Documents/Urgench VTC Bid Attachment Documents/Section 4.  Bill of Quantities(Not-Priced)/공내역서/VTC견적서/5 МИНИКУХНЯ(Mini Cafe)/5-4 ВК(Water & Sewer & Fireplug)/bv13150.xls,.xls,81920,True,265,0,BOQ | 가격·견적,
L2023-00053-1,2020-00086,우즈베키스탄,"우즈베키스탄 우르겐치 직업훈련원 건립 및 직업훈련 제도역량 공고화 지원 사업('20-'24/1,400만불)",L2023-00053-1/Urgench VTC Bid Attachment Documents/Urgench VTC Bid Attachment Documents/Section 4.  Bill of Quantities(Not-Priced)/공내역서/VTC견적서/5 МИНИКУХНЯ(Mini Cafe)/5-5 ЭО(Electric)/13523_vfor.xls,.xls,38912,True,34,0,BOQ | 가격·견적,
L2023-00053-1,2020-00086,우즈베키스탄,"우즈베키스탄 우르겐치 직업훈련원 건립 및 직업훈련 제도역량 공고화 지원 사업('20-'24/1,400만불)",L2023-00053-1/Urgench VTC Bid Attachment Documents/Urgench VTC Bid Attachment Documents/Section 4.  Bill of Quantities(Not-Priced)/공내역서/VTC견적서/5 МИНИКУХНЯ(Mini Cafe)/5-5 ЭО(Electric)/13523_vrmu.xls,.xls,51712,True,80,0,BOQ | 가격·견적,
L2023-00053-1,2020-00086,우즈베키스탄,"우즈베키스탄 우르겐치 직업훈련원 건립 및 직업훈련 제도역량 공고화 지원 사업('20-'24/1,400만불)",L2023-00053-1/Urgench VTC Bid Attachment Documents/Urgench VTC Bid Attachment Documents/Section 4.  Bill of Quantities(Not-Priced)/공내역서/VTC견적서/5 МИНИКУХНЯ(Mini Cafe)/5-5 ЭО(Electric)/bv13520.xls,.xls,72704,True,189,0,BOQ | 가격·견적,
L2023-00053-1,2020-00086,우즈베키스탄,"우즈베키스탄 우르겐치 직업훈련원 건립 및 직업훈련 제도역량 공고화 지원 사업('20-'24/1,400만불)",L2023-00053-1/Urgench VTC Bid Attachment Documents/Urgench VTC Bid Attachment Documents/Section 4.  Bill of Quantities(Not-Priced)/공내역서/VTC견적서/5 МИНИКУХНЯ(Mini Cafe)/5-6 ПС(Fire Alarm)/13333_vfor.xls,.xls,35328,True,32,0,BOQ | 가격·견적,
L2023-00053-1,2020-00086,우즈베키스탄,"우즈베키스탄 우르겐치 직업훈련원 건립 및 직업훈련 제도역량 공고화 지원 사업('20-'24/1,400만불)",L2023-00053-1/Urgench VTC Bid Attachment Documents/Urgench VTC Bid Attachment Documents/Section 4.  Bill of Quantities(Not-Priced)/공내역서/VTC견적서/5 МИНИКУХНЯ(Mini Cafe)/5-6 ПС(Fire Alarm)/13333_vrmu.xls,.xls,45568,True,75,0,BOQ | 가격·견적,
L2023-00053-1,2020-00086,우즈베키스탄,"우즈베키스탄 우르겐치 직업훈련원 건립 및 직업훈련 제도역량 공고화 지원 사업('20-'24/1,400만불)",L2023-00053-1/Urgench VTC Bid Attachment Documents/Urgench VTC Bid Attachment Documents/Section 4.  Bill of Quantities(Not-Priced)/공내역서/VTC견적서/5 МИНИКУХНЯ(Mini Cafe)/5-6 ПС(Fire Alarm)/bv13330.xls,.xls,62976,True,147,0,BOQ | 가격·견적,
L2023-00053-1,2020-00086,우즈베키스탄,"우즈베키스탄 우르겐치 직업훈련원 건립 및 직업훈련 제도역량 공고화 지원 사업('20-'24/1,400만불)","L2023-00053-1/Urgench VTC Bid Attachment Documents/Urgench VTC Bid Attachment Documents/Section 4.  Bill of Quantities(Not-Priced)/공내역서/VTC견적서/5 МИНИКУХНЯ(Mini Cafe)/5-7 ВН, СКС(CCTV & Network)/13343_vfor.xls",.xls,42496,True,59,0,BOQ | 가격·견적,
L2023-00053-1,2020-00086,우즈베키스탄,"우즈베키스탄 우르겐치 직업훈련원 건립 및 직업훈련 제도역량 공고화 지원 사업('20-'24/1,400만불)","L2023-00053-1/Urgench VTC Bid Attachment Documents/Urgench VTC Bid Attachment Documents/Section 4.  Bill of Quantities(Not-Priced)/공내역서/VTC견적서/5 МИНИКУХНЯ(Mini Cafe)/5-7 ВН, СКС(CCTV & Network)/13343_vrmu.xls",.xls,57344,True,116,0,BOQ | 가격·견적,
L2023-00053-1,2020-00086,우즈베키스탄,"우즈베키스탄 우르겐치 직업훈련원 건립 및 직업훈련 제도역량 공고화 지원 사업('20-'24/1,400만불)","L2023-00053-1/Urgench VTC Bid Attachment Documents/Urgench VTC Bid Attachment Documents/Section 4.  Bill of Quantities(Not-Priced)/공내역서/VTC견적서/5 МИНИКУХНЯ(Mini Cafe)/5-7 ВН, СКС(CCTV & Network)/bv13340.xls",.xls,87552,True,271,0,BOQ | 가격·견적,
L2023-00053-1,2020-00086,우즈베키스탄,"우즈베키스탄 우르겐치 직업훈련원 건립 및 직업훈련 제도역량 공고화 지원 사업('20-'24/1,400만불)",L2023-00053-1/Urgench VTC Bid Attachment Documents/Urgench VTC Bid Attachment Documents/Section 4.  Bill of Quantities(Not-Priced)/공내역서/VTC견적서/5 МИНИКУХНЯ(Mini Cafe)/СВОДКА МИНИ-КУХНЯ o.xls,.xls,40448,True,19,0,BOQ | 가격·견적,
L2023-00053-1,2020-00086,우즈베키스탄,"우즈베키스탄 우르겐치 직업훈련원 건립 및 직업훈련 제도역량 공고화 지원 사업('20-'24/1,400만불)",L2023-00053-1/Urgench VTC Bid Attachment Documents/Urgench VTC Bid Attachment Documents/Section 4.  Bill of Quantities(Not-Priced)/공내역서/VTC견적서/5 МИНИКУХНЯ(Mini Cafe)/Титул  ТОМ VI.doc,.doc,31232,True,18,0,BOQ | 가격·견적,
L2023-00053-1,2020-00086,우즈베키스탄,"우즈베키스탄 우르겐치 직업훈련원 건립 및 직업훈련 제도역량 공고화 지원 사업('20-'24/1,400만불)",L2023-00053-1/Urgench VTC Bid Attachment Documents/Urgench VTC Bid Attachment Documents/Section 4.  Bill of Quantities(Not-Priced)/공내역서/VTC견적서/6 КПП(Guard House+Fence & Gate)/6-1 КЖ(Structure)/13053_vfor.xls,.xls,57856,True,89,0,BOQ | 가격·견적,
L2023-00053-1,2020-00086,우즈베키스탄,"우즈베키스탄 우르겐치 직업훈련원 건립 및 직업훈련 제도역량 공고화 지원 사업('20-'24/1,400만불)",L2023-00053-1/Urgench VTC Bid Attachment Documents/Urgench VTC Bid Attachment Documents/Section 4.  Bill of Quantities(Not-Priced)/공내역서/VTC견적서/6 КПП(Guard House+Fence & Gate)/6-1 КЖ(Structure)/13053_vrmu.xls,.xls,72704,True,146,0,BOQ | 가격·견적,
L2023-00053-1,2020-00086,우즈베키스탄,"우즈베키스탄 우르겐치 직업훈련원 건립 및 직업훈련 제도역량 공고화 지원 사업('20-'24/1,400만불)",L2023-00053-1/Urgench VTC Bid Attachment Documents/Urgench VTC Bid Attachment Documents/Section 4.  Bill of Quantities(Not-Priced)/공내역서/VTC견적서/6 КПП(Guard House+Fence & Gate)/6-1 КЖ(Structure)/bv13050.xls,.xls,186368,True,735,0,BOQ | 가격·견적,
L2023-00053-1,2020-00086,우즈베키스탄,"우즈베키스탄 우르겐치 직업훈련원 건립 및 직업훈련 제도역량 공고화 지원 사업('20-'24/1,400만불)",L2023-00053-1/Urgench VTC Bid Attachment Documents/Urgench VTC Bid Attachment Documents/Section 4.  Bill of Quantities(Not-Priced)/공내역서/VTC견적서/6 КПП(Guard House+Fence & Gate)/6-2 АР(Architecture)/13203_vfor.xls,.xls,48640,True,54,0,BOQ | 가격·견적,
L2023-00053-1,2020-00086,우즈베키스탄,"우즈베키스탄 우르겐치 직업훈련원 건립 및 직업훈련 제도역량 공고화 지원 사업('20-'24/1,400만불)",L2023-00053-1/Urgench VTC Bid Attachment Documents/Urgench VTC Bid Attachment Documents/Section 4.  Bill of Quantities(Not-Priced)/공내역서/VTC견적서/6 КПП(Guard House+Fence & Gate)/6-2 АР(Architecture)/13203_vrmu.xls,.xls,61440,True,136,0,BOQ | 가격·견적,
L2023-00053-1,2020-00086,우즈베키스탄,"우즈베키스탄 우르겐치 직업훈련원 건립 및 직업훈련 제도역량 공고화 지원 사업('20-'24/1,400만불)",L2023-00053-1/Urgench VTC Bid Attachment Documents/Urgench VTC Bid Attachment Documents/Section 4.  Bill of Quantities(Not-Priced)/공내역서/VTC견적서/6 КПП(Guard House+Fence & Gate)/6-2 АР(Architecture)/bv13200.xls,.xls,129024,True,479,0,BOQ | 가격·견적,
L2023-00053-1,2020-00086,우즈베키스탄,"우즈베키스탄 우르겐치 직업훈련원 건립 및 직업훈련 제도역량 공고화 지원 사업('20-'24/1,400만불)",L2023-00053-1/Urgench VTC Bid Attachment Documents/Urgench VTC Bid Attachment Documents/Section 4.  Bill of Quantities(Not-Priced)/공내역서/VTC견적서/6 КПП(Guard House+Fence & Gate)/6-3 ОВ(Heating & Ventilation)/13553_vfor.xls,.xls,39424,True,16,0,BOQ | 가격·견적,
L2023-00053-1,2020-00086,우즈베키스탄,"우즈베키스탄 우르겐치 직업훈련원 건립 및 직업훈련 제도역량 공고화 지원 사업('20-'24/1,400만불)",L2023-00053-1/Urgench VTC Bid Attachment Documents/Urgench VTC Bid Attachment Documents/Section 4.  Bill of Quantities(Not-Priced)/공내역서/VTC견적서/6 КПП(Guard House+Fence & Gate)/6-3 ОВ(Heating & Ventilation)/13553_vrmu.xls,.xls,47104,True,70,0,BOQ | 가격·견적,
L2023-00053-1,2020-00086,우즈베키스탄,"우즈베키스탄 우르겐치 직업훈련원 건립 및 직업훈련 제도역량 공고화 지원 사업('20-'24/1,400만불)",L2023-00053-1/Urgench VTC Bid Attachment Documents/Urgench VTC Bid Attachment Documents/Section 4.  Bill of Quantities(Not-Priced)/공내역서/VTC견적서/6 КПП(Guard House+Fence & Gate)/6-3 ОВ(Heating & Ventilation)/bv13550.xls,.xls,64000,True,113,0,BOQ | 가격·견적,
L2023-00053-1,2020-00086,우즈베키스탄,"우즈베키스탄 우르겐치 직업훈련원 건립 및 직업훈련 제도역량 공고화 지원 사업('20-'24/1,400만불)",L2023-00053-1/Urgench VTC Bid Attachment Documents/Urgench VTC Bid Attachment Documents/Section 4.  Bill of Quantities(Not-Priced)/공내역서/VTC견적서/6 КПП(Guard House+Fence & Gate)/6-4 ВК(Water & Sewer & Fire plug)/13163_vfor.xls,.xls,42496,True,40,0,BOQ | 가격·견적,
L2023-00053-1,2020-00086,우즈베키스탄,"우즈베키스탄 우르겐치 직업훈련원 건립 및 직업훈련 제도역량 공고화 지원 사업('20-'24/1,400만불)",L2023-00053-1/Urgench VTC Bid Attachment Documents/Urgench VTC Bid Attachment Documents/Section 4.  Bill of Quantities(Not-Priced)/공내역서/VTC견적서/6 КПП(Guard House+Fence & Gate)/6-4 ВК(Water & Sewer & Fire plug)/13163_vrmu.xls,.xls,51712,True,96,0,BOQ | 가격·견적,
L2023-00053-1,2020-00086,우즈베키스탄,"우즈베키스탄 우르겐치 직업훈련원 건립 및 직업훈련 제도역량 공고화 지원 사업('20-'24/1,400만불)",L2023-00053-1/Urgench VTC Bid Attachment Documents/Urgench VTC Bid Attachment Documents/Section 4.  Bill of Quantities(Not-Priced)/공내역서/VTC견적서/6 КПП(Guard House+Fence & Gate)/6-4 ВК(Water & Sewer & Fire plug)/bv13160.xls,.xls,81408,True,210,0,BOQ | 가격·견적,
L2023-00053-1,2020-00086,우즈베키스탄,"우즈베키스탄 우르겐치 직업훈련원 건립 및 직업훈련 제도역량 공고화 지원 사업('20-'24/1,400만불)",L2023-00053-1/Urgench VTC Bid Attachment Documents/Urgench VTC Bid Attachment Documents/Section 4.  Bill of Quantities(Not-Priced)/공내역서/VTC견적서/6 КПП(Guard House+Fence & Gate)/6-5 ЭО(Electric)/13533_vfor.xls,.xls,45568,True,34,0,BOQ | 가격·견적,
L2023-00053-1,2020-00086,우즈베키스탄,"우즈베키스탄 우르겐치 직업훈련원 건립 및 직업훈련 제도역량 공고화 지원 사업('20-'24/1,400만불)",L2023-00053-1/Urgench VTC Bid Attachment Documents/Urgench VTC Bid Attachment Documents/Section 4.  Bill of Quantities(Not-Priced)/공내역서/VTC견적서/6 КПП(Guard House+Fence & Gate)/6-5 ЭО(Electric)/13533_vrmu.xls,.xls,51712,True,80,0,BOQ | 가격·견적,
L2023-00053-1,2020-00086,우즈베키스탄,"우즈베키스탄 우르겐치 직업훈련원 건립 및 직업훈련 제도역량 공고화 지원 사업('20-'24/1,400만불)",L2023-00053-1/Urgench VTC Bid Attachment Documents/Urgench VTC Bid Attachment Documents/Section 4.  Bill of Quantities(Not-Priced)/공내역서/VTC견적서/6 КПП(Guard House+Fence & Gate)/6-5 ЭО(Electric)/bv13530.xls,.xls,77824,True,190,0,BOQ | 가격·견적,
L2023-00053-1,2020-00086,우즈베키스탄,"우즈베키스탄 우르겐치 직업훈련원 건립 및 직업훈련 제도역량 공고화 지원 사업('20-'24/1,400만불)",L2023-00053-1/Urgench VTC Bid Attachment Documents/Urgench VTC Bid Attachment Documents/Section 4.  Bill of Quantities(Not-Priced)/공내역서/VTC견적서/6 КПП(Guard House+Fence & Gate)/6-6 ПС(Fire Alarm)/13353_vfor.xls,.xls,39936,True,32,0,BOQ | 가격·견적,
L2023-00053-1,2020-00086,우즈베키스탄,"우즈베키스탄 우르겐치 직업훈련원 건립 및 직업훈련 제도역량 공고화 지원 사업('20-'24/1,400만불)",L2023-00053-1/Urgench VTC Bid Attachment Documents/Urgench VTC Bid Attachment Documents/Section 4.  Bill of Quantities(Not-Priced)/공내역서/VTC견적서/6 КПП(Guard House+Fence & Gate)/6-6 ПС(Fire Alarm)/13353_vrmu.xls,.xls,45568,True,74,0,BOQ | 가격·견적,
L2023-00053-1,2020-00086,우즈베키스탄,"우즈베키스탄 우르겐치 직업훈련원 건립 및 직업훈련 제도역량 공고화 지원 사업('20-'24/1,400만불)",L2023-00053-1/Urgench VTC Bid Attachment Documents/Urgench VTC Bid Attachment Documents/Section 4.  Bill of Quantities(Not-Priced)/공내역서/VTC견적서/6 КПП(Guard House+Fence & Gate)/6-6 ПС(Fire Alarm)/bv13350.xls,.xls,68608,True,146,0,BOQ | 가격·견적,
L2023-00053-1,2020-00086,우즈베키스탄,"우즈베키스탄 우르겐치 직업훈련원 건립 및 직업훈련 제도역량 공고화 지원 사업('20-'24/1,400만불)","L2023-00053-1/Urgench VTC Bid Attachment Documents/Urgench VTC Bid Attachment Documents/Section 4.  Bill of Quantities(Not-Priced)/공내역서/VTC견적서/6 КПП(Guard House+Fence & Gate)/6-7 ВН, СКС(CCTV & Network)/13363_vfor.xls",.xls,48128,True,52,0,BOQ | 가격·견적,
L2023-00053-1,2020-00086,우즈베키스탄,"우즈베키스탄 우르겐치 직업훈련원 건립 및 직업훈련 제도역량 공고화 지원 사업('20-'24/1,400만불)","L2023-00053-1/Urgench VTC Bid Attachment Documents/Urgench VTC Bid Attachment Documents/Section 4.  Bill of Quantities(Not-Priced)/공내역서/VTC견적서/6 КПП(Guard House+Fence & Gate)/6-7 ВН, СКС(CCTV & Network)/13363_vrmu.xls",.xls,57344,True,108,0,BOQ | 가격·견적,
L2023-00053-1,2020-00086,우즈베키스탄,"우즈베키스탄 우르겐치 직업훈련원 건립 및 직업훈련 제도역량 공고화 지원 사업('20-'24/1,400만불)","L2023-00053-1/Urgench VTC Bid Attachment Documents/Urgench VTC Bid Attachment Documents/Section 4.  Bill of Quantities(Not-Priced)/공내역서/VTC견적서/6 КПП(Guard House+Fence & Gate)/6-7 ВН, СКС(CCTV & Network)/bv13360.xls",.xls,88576,True,250,0,BOQ | 가격·견적,
L2023-00053-1,2020-00086,우즈베키스탄,"우즈베키스탄 우르겐치 직업훈련원 건립 및 직업훈련 제도역량 공고화 지원 사업('20-'24/1,400만불)",L2023-00053-1/Urgench VTC Bid Attachment Documents/Urgench VTC Bid Attachment Documents/Section 4.  Bill of Quantities(Not-Priced)/공내역서/VTC견적서/6 КПП(Guard House+Fence & Gate)/СВОДКА КПП o.xls,.xls,39936,True,19,0,BOQ | 가격·견적,
L2023-00053-1,2020-00086,우즈베키스탄,"우즈베키스탄 우르겐치 직업훈련원 건립 및 직업훈련 제도역량 공고화 지원 사업('20-'24/1,400만불)",L2023-00053-1/Urgench VTC Bid Attachment Documents/Urgench VTC Bid Attachment Documents/Section 4.  Bill of Quantities(Not-Priced)/공내역서/VTC견적서/6 КПП(Guard House+Fence & Gate)/Титул  ТОМ VII.doc,.doc,31232,True,18,0,BOQ | 가격·견적,
L2023-00053-1,2020-00086,우즈베키스탄,"우즈베키스탄 우르겐치 직업훈련원 건립 및 직업훈련 제도역량 공고화 지원 사업('20-'24/1,400만불)",L2023-00053-1/Urgench VTC Bid Attachment Documents/Urgench VTC Bid Attachment Documents/Section 4.  Bill of Quantities(Not-Priced)/공내역서/VTC견적서/7 КОМПРЕССОРАНЯ(Comp.+GAS storage)/7-1 КЖ(Structure)/13073_vfor.xls,.xls,45056,True,49,0,BOQ | 가격·견적,
L2023-00053-1,2020-00086,우즈베키스탄,"우즈베키스탄 우르겐치 직업훈련원 건립 및 직업훈련 제도역량 공고화 지원 사업('20-'24/1,400만불)",L2023-00053-1/Urgench VTC Bid Attachment Documents/Urgench VTC Bid Attachment Documents/Section 4.  Bill of Quantities(Not-Priced)/공내역서/VTC견적서/7 КОМПРЕССОРАНЯ(Comp.+GAS storage)/7-1 КЖ(Structure)/13073_vrmu.xls,.xls,57344,True,109,0,BOQ | 가격·견적,
L2023-00053-1,2020-00086,우즈베키스탄,"우즈베키스탄 우르겐치 직업훈련원 건립 및 직업훈련 제도역량 공고화 지원 사업('20-'24/1,400만불)",L2023-00053-1/Urgench VTC Bid Attachment Documents/Urgench VTC Bid Attachment Documents/Section 4.  Bill of Quantities(Not-Priced)/공내역서/VTC견적서/7 КОМПРЕССОРАНЯ(Comp.+GAS storage)/7-1 КЖ(Structure)/bv13070.xls,.xls,126464,True,488,0,BOQ | 가격·견적,
L2023-00053-1,2020-00086,우즈베키스탄,"우즈베키스탄 우르겐치 직업훈련원 건립 및 직업훈련 제도역량 공고화 지원 사업('20-'24/1,400만불)",L2023-00053-1/Urgench VTC Bid Attachment Documents/Urgench VTC Bid Attachment Documents/Section 4.  Bill of Quantities(Not-Priced)/공내역서/VTC견적서/7 КОМПРЕССОРАНЯ(Comp.+GAS storage)/7-2 АР(Architecture)/13083_vfor.xls,.xls,37888,True,17,0,BOQ | 가격·견적,
L2023-00053-1,2020-00086,우즈베키스탄,"우즈베키스탄 우르겐치 직업훈련원 건립 및 직업훈련 제도역량 공고화 지원 사업('20-'24/1,400만불)",L2023-00053-1/Urgench VTC Bid Attachment Documents/Urgench VTC Bid Attachment Documents/Section 4.  Bill of Quantities(Not-Priced)/공내역서/VTC견적서/7 КОМПРЕССОРАНЯ(Comp.+GAS storage)/7-2 АР(Architecture)/13083_vrmu.xls,.xls,48128,True,72,0,BOQ | 가격·견적,
L2023-00053-1,2020-00086,우즈베키스탄,"우즈베키스탄 우르겐치 직업훈련원 건립 및 직업훈련 제도역량 공고화 지원 사업('20-'24/1,400만불)",L2023-00053-1/Urgench VTC Bid Attachment Documents/Urgench VTC Bid Attachment Documents/Section 4.  Bill of Quantities(Not-Priced)/공내역서/VTC견적서/7 КОМПРЕССОРАНЯ(Comp.+GAS storage)/7-2 АР(Architecture)/bv13080.xls,.xls,76800,True,178,0,BOQ | 가격·견적,
L2023-00053-1,2020-00086,우즈베키스탄,"우즈베키스탄 우르겐치 직업훈련원 건립 및 직업훈련 제도역량 공고화 지원 사업('20-'24/1,400만불)",L2023-00053-1/Urgench VTC Bid Attachment Documents/Urgench VTC Bid Attachment Documents/Section 4.  Bill of Quantities(Not-Priced)/공내역서/VTC견적서/7 КОМПРЕССОРАНЯ(Comp.+GAS storage)/7-3 ЭО(Electric)/13503_vfor.xls,.xls,44544,True,30,0,BOQ | 가격·견적,
L2023-00053-1,2020-00086,우즈베키스탄,"우즈베키스탄 우르겐치 직업훈련원 건립 및 직업훈련 제도역량 공고화 지원 사업('20-'24/1,400만불)",L2023-00053-1/Urgench VTC Bid Attachment Documents/Urgench VTC Bid Attachment Documents/Section 4.  Bill of Quantities(Not-Priced)/공내역서/VTC견적서/7 КОМПРЕССОРАНЯ(Comp.+GAS storage)/7-3 ЭО(Electric)/13503_vrmu.xls,.xls,51200,True,80,0,BOQ | 가격·견적,
L2023-00053-1,2020-00086,우즈베키스탄,"우즈베키스탄 우르겐치 직업훈련원 건립 및 직업훈련 제도역량 공고화 지원 사업('20-'24/1,400만불)",L2023-00053-1/Urgench VTC Bid Attachment Documents/Urgench VTC Bid Attachment Documents/Section 4.  Bill of Quantities(Not-Priced)/공내역서/VTC견적서/7 КОМПРЕССОРАНЯ(Comp.+GAS storage)/7-3 ЭО(Electric)/bv13500.xls,.xls,76800,True,169,0,BOQ | 가격·견적,
L2023-00053-1,2020-00086,우즈베키스탄,"우즈베키스탄 우르겐치 직업훈련원 건립 및 직업훈련 제도역량 공고화 지원 사업('20-'24/1,400만불)",L2023-00053-1/Urgench VTC Bid Attachment Documents/Urgench VTC Bid Attachment Documents/Section 4.  Bill of Quantities(Not-Priced)/공내역서/VTC견적서/7 КОМПРЕССОРАНЯ(Comp.+GAS storage)/СВОДКА КОМПРЕССОРНАЯ o.xls,.xls,38400,True,15,0,BOQ | 가격·견적,
L2023-00053-1,2020-00086,우즈베키스탄,"우즈베키스탄 우르겐치 직업훈련원 건립 및 직업훈련 제도역량 공고화 지원 사업('20-'24/1,400만불)",L2023-00053-1/Urgench VTC Bid Attachment Documents/Urgench VTC Bid Attachment Documents/Section 4.  Bill of Quantities(Not-Priced)/공내역서/VTC견적서/7 КОМПРЕССОРАНЯ(Comp.+GAS storage)/Титул  ТОМ VIII.doc,.doc,31232,True,18,0,BOQ | 가격·견적,
L2023-00053-1,2020-00086,우즈베키스탄,"우즈베키스탄 우르겐치 직업훈련원 건립 및 직업훈련 제도역량 공고화 지원 사업('20-'24/1,400만불)",L2023-00053-1/Urgench VTC Bid Attachment Documents/Urgench VTC Bid Attachment Documents/Section 4.  Bill of Quantities(Not-Priced)/공내역서/VTC견적서/8 ПОЖАРНАЯ ЕМЪКОСТЬ(Fire Tank)/8-1 АС(Architecture+Structure)/13563_vfor.xls,.xls,48128,True,66,0,BOQ | 가격·견적,
L2023-00053-1,2020-00086,우즈베키스탄,"우즈베키스탄 우르겐치 직업훈련원 건립 및 직업훈련 제도역량 공고화 지원 사업('20-'24/1,400만불)",L2023-00053-1/Urgench VTC Bid Attachment Documents/Urgench VTC Bid Attachment Documents/Section 4.  Bill of Quantities(Not-Priced)/공내역서/VTC견적서/8 ПОЖАРНАЯ ЕМЪКОСТЬ(Fire Tank)/8-1 АС(Architecture+Structure)/13563_vrmu.xls,.xls,56832,True,104,0,BOQ | 가격·견적,
L2023-00053-1,2020-00086,우즈베키스탄,"우즈베키스탄 우르겐치 직업훈련원 건립 및 직업훈련 제도역량 공고화 지원 사업('20-'24/1,400만불)",L2023-00053-1/Urgench VTC Bid Attachment Documents/Urgench VTC Bid Attachment Documents/Section 4.  Bill of Quantities(Not-Priced)/공내역서/VTC견적서/8 ПОЖАРНАЯ ЕМЪКОСТЬ(Fire Tank)/8-1 АС(Architecture+Structure)/bv13560.xls,.xls,143360,True,597,0,BOQ | 가격·견적,
L2023-00053-1,2020-00086,우즈베키스탄,"우즈베키스탄 우르겐치 직업훈련원 건립 및 직업훈련 제도역량 공고화 지원 사업('20-'24/1,400만불)",L2023-00053-1/Urgench VTC Bid Attachment Documents/Urgench VTC Bid Attachment Documents/Section 4.  Bill of Quantities(Not-Priced)/공내역서/VTC견적서/8 ПОЖАРНАЯ ЕМЪКОСТЬ(Fire Tank)/8-2 ТХ(Technology Plan)/13603_vfor.xls,.xls,35840,True,31,0,BOQ | 가격·견적,
L2023-00053-1,2020-00086,우즈베키스탄,"우즈베키스탄 우르겐치 직업훈련원 건립 및 직업훈련 제도역량 공고화 지원 사업('20-'24/1,400만불)",L2023-00053-1/Urgench VTC Bid Attachment Documents/Urgench VTC Bid Attachment Documents/Section 4.  Bill of Quantities(Not-Priced)/공내역서/VTC견적서/8 ПОЖАРНАЯ ЕМЪКОСТЬ(Fire Tank)/8-2 ТХ(Technology Plan)/13603_vrmu.xls,.xls,53248,True,86,0,BOQ | 가격·견적,
L2023-00053-1,2020-00086,우즈베키스탄,"우즈베키스탄 우르겐치 직업훈련원 건립 및 직업훈련 제도역량 공고화 지원 사업('20-'24/1,400만불)",L2023-00053-1/Urgench VTC Bid Attachment Documents/Urgench VTC Bid Attachment Documents/Section 4.  Bill of Quantities(Not-Priced)/공내역서/VTC견적서/8 ПОЖАРНАЯ ЕМЪКОСТЬ(Fire Tank)/8-2 ТХ(Technology Plan)/bv13600.xls,.xls,80896,True,239,0,BOQ | 가격·견적,
L2023-00053-1,2020-00086,우즈베키스탄,"우즈베키스탄 우르겐치 직업훈련원 건립 및 직업훈련 제도역량 공고화 지원 사업('20-'24/1,400만불)",L2023-00053-1/Urgench VTC Bid Attachment Documents/Urgench VTC Bid Attachment Documents/Section 4.  Bill of Quantities(Not-Priced)/공내역서/VTC견적서/8 ПОЖАРНАЯ ЕМЪКОСТЬ(Fire Tank)/8-3 ЭО(Electric)/13733_vfor.xls,.xls,40448,True,44,0,BOQ | 가격·견적,
L2023-00053-1,2020-00086,우즈베키스탄,"우즈베키스탄 우르겐치 직업훈련원 건립 및 직업훈련 제도역량 공고화 지원 사업('20-'24/1,400만불)",L2023-00053-1/Urgench VTC Bid Attachment Documents/Urgench VTC Bid Attachment Documents/Section 4.  Bill of Quantities(Not-Priced)/공내역서/VTC견적서/8 ПОЖАРНАЯ ЕМЪКОСТЬ(Fire Tank)/8-3 ЭО(Electric)/13733_vrmu.xls,.xls,55296,True,105,0,BOQ | 가격·견적,
L2023-00053-1,2020-00086,우즈베키스탄,"우즈베키스탄 우르겐치 직업훈련원 건립 및 직업훈련 제도역량 공고화 지원 사업('20-'24/1,400만불)",L2023-00053-1/Urgench VTC Bid Attachment Documents/Urgench VTC Bid Attachment Documents/Section 4.  Bill of Quantities(Not-Priced)/공내역서/VTC견적서/8 ПОЖАРНАЯ ЕМЪКОСТЬ(Fire Tank)/8-3 ЭО(Electric)/bv13730.xls,.xls,90112,True,295,0,BOQ | 가격·견적,
L2023-00053-1,2020-00086,우즈베키스탄,"우즈베키스탄 우르겐치 직업훈련원 건립 및 직업훈련 제도역량 공고화 지원 사업('20-'24/1,400만불)",L2023-00053-1/Urgench VTC Bid Attachment Documents/Urgench VTC Bid Attachment Documents/Section 4.  Bill of Quantities(Not-Priced)/공내역서/VTC견적서/8 ПОЖАРНАЯ ЕМЪКОСТЬ(Fire Tank)/СВОДКА НАСОСНАЯ o.xls,.xls,36864,True,15,0,BOQ | 가격·견적,
L2023-00053-1,2020-00086,우즈베키스탄,"우즈베키스탄 우르겐치 직업훈련원 건립 및 직업훈련 제도역량 공고화 지원 사업('20-'24/1,400만불)",L2023-00053-1/Urgench VTC Bid Attachment Documents/Urgench VTC Bid Attachment Documents/Section 4.  Bill of Quantities(Not-Priced)/공내역서/VTC견적서/8 ПОЖАРНАЯ ЕМЪКОСТЬ(Fire Tank)/Титул  ТОМ VIII.doc,.doc,31232,True,18,0,BOQ | 가격·견적,
L2023-00053-1,2020-00086,우즈베키스탄,"우즈베키스탄 우르겐치 직업훈련원 건립 및 직업훈련 제도역량 공고화 지원 사업('20-'24/1,400만불)",L2023-00053-1/Urgench VTC Bid Attachment Documents/Urgench VTC Bid Attachment Documents/Section 4.  Bill of Quantities(Not-Priced)/공내역서/VTC견적서/9 ТП(Transformers)/9-1 AC(Architecture+Structure)/13613_vfor.xls,.xls,43520,True,25,0,BOQ | 가격·견적,
L2023-00053-1,2020-00086,우즈베키스탄,"우즈베키스탄 우르겐치 직업훈련원 건립 및 직업훈련 제도역량 공고화 지원 사업('20-'24/1,400만불)",L2023-00053-1/Urgench VTC Bid Attachment Documents/Urgench VTC Bid Attachment Documents/Section 4.  Bill of Quantities(Not-Priced)/공내역서/VTC견적서/9 ТП(Transformers)/9-1 AC(Architecture+Structure)/13613_vrmu.xls,.xls,52224,True,84,0,BOQ | 가격·견적,
L2023-00053-1,2020-00086,우즈베키스탄,"우즈베키스탄 우르겐치 직업훈련원 건립 및 직업훈련 제도역량 공고화 지원 사업('20-'24/1,400만불)",L2023-00053-1/Urgench VTC Bid Attachment Documents/Urgench VTC Bid Attachment Documents/Section 4.  Bill of Quantities(Not-Priced)/공내역서/VTC견적서/9 ТП(Transformers)/9-1 AC(Architecture+Structure)/bv13610.xls,.xls,87552,True,213,0,BOQ | 가격·견적,
L2023-00053-1,2020-00086,우즈베키스탄,"우즈베키스탄 우르겐치 직업훈련원 건립 및 직업훈련 제도역량 공고화 지원 사업('20-'24/1,400만불)",L2023-00053-1/Urgench VTC Bid Attachment Documents/Urgench VTC Bid Attachment Documents/Section 4.  Bill of Quantities(Not-Priced)/공내역서/VTC견적서/9 ТП(Transformers)/9-2 ЭО(Electric)/13623_vfor.xls,.xls,43520,True,28,0,BOQ | 가격·견적,
L2023-00053-1,2020-00086,우즈베키스탄,"우즈베키스탄 우르겐치 직업훈련원 건립 및 직업훈련 제도역량 공고화 지원 사업('20-'24/1,400만불)",L2023-00053-1/Urgench VTC Bid Attachment Documents/Urgench VTC Bid Attachment Documents/Section 4.  Bill of Quantities(Not-Priced)/공내역서/VTC견적서/9 ТП(Transformers)/9-2 ЭО(Electric)/13623_vrmu.xls,.xls,44544,True,57,0,BOQ | 가격·견적,
L2023-00053-1,2020-00086,우즈베키스탄,"우즈베키스탄 우르겐치 직업훈련원 건립 및 직업훈련 제도역량 공고화 지원 사업('20-'24/1,400만불)",L2023-00053-1/Urgench VTC Bid Attachment Documents/Urgench VTC Bid Attachment Documents/Section 4.  Bill of Quantities(Not-Priced)/공내역서/VTC견적서/9 ТП(Transformers)/9-2 ЭО(Electric)/bv13620.xls,.xls,72192,True,145,0,BOQ | 가격·견적,
L2023-00053-1,2020-00086,우즈베키스탄,"우즈베키스탄 우르겐치 직업훈련원 건립 및 직업훈련 제도역량 공고화 지원 사업('20-'24/1,400만불)",L2023-00053-1/Urgench VTC Bid Attachment Documents/Urgench VTC Bid Attachment Documents/Section 4.  Bill of Quantities(Not-Priced)/공내역서/VTC견적서/9 ТП(Transformers)/СВОДКА ТП o.xls,.xls,37376,True,14,0,BOQ | 가격·견적,
L2023-00053-1,2020-00086,우즈베키스탄,"우즈베키스탄 우르겐치 직업훈련원 건립 및 직업훈련 제도역량 공고화 지원 사업('20-'24/1,400만불)",L2023-00053-1/Urgench VTC Bid Attachment Documents/Urgench VTC Bid Attachment Documents/Section 4.  Bill of Quantities(Not-Priced)/공내역서/VTC견적서/9 ТП(Transformers)/Титул  ТОМ XI.doc,.doc,31232,True,18,0,BOQ | 가격·견적,
L2023-00053-1,2020-00086,우즈베키스탄,"우즈베키스탄 우르겐치 직업훈련원 건립 및 직업훈련 제도역량 공고화 지원 사업('20-'24/1,400만불)",L2023-00053-1/Urgench VTC Bid Attachment Documents/Urgench VTC Bid Attachment Documents/Section 4.  Bill of Quantities(Not-Priced)/공내역서/VTC견적서/Estimate Manual(VTC+TTC).docx,.docx,61925,True,108,0,BOQ | 가격·견적,
L2023-00053-1,2020-00086,우즈베키스탄,"우즈베키스탄 우르겐치 직업훈련원 건립 및 직업훈련 제도역량 공고화 지원 사업('20-'24/1,400만불)",L2023-00053-1/Urgench VTC Bid Attachment Documents/Urgench VTC Bid Attachment Documents/Section 4.  Bill of Quantities(Not-Priced)/공내역서/VTC견적서/Total Table(VTC o).xls,.xls,53248,True,37,0,BOQ | 가격·견적,
L2024-00039-1,2014-00016,이라크,이라크 한-이라크 직업훈련원 2차 지원사업('14-'25/541만불),L2024-00039-1/붙임3. Bidding Documents_20240702/Section 4 - BOQ/NEW BOQs (14-MAY-23)_공BOQ_20240416.xlsx,.xlsx,168572,True,678,1,BOQ,
L2024-00039-1,2014-00016,이라크,이라크 한-이라크 직업훈련원 2차 지원사업('14-'25/541만불),L2024-00039-1/붙임3. 입찰서류 및 계약서류(안)_재공고(20240701)/Section 4 - BOQ/NEW BOQs (14-MAY-23)_공BOQ_20240416.xlsx,.xlsx,168572,True,678,1,BOQ,
L2025-00012-1,2013-00064,볼리비아,볼리비아 고원지역 농업기계화 및 농민 역량강화를 통한 생산성증대 지원사업('13-'25/500만불),L2025-00012-1/(붙임2) 입찰 관련 부속서류/Q-Lab_Chacala_Bidding Doc/Section 4. Q-Lab_Chacala_BOQ_blanked/A1 ARCHITECTURE CHACALA.xlsx,.xlsx,779128,True,9122,107,BOQ,
L2025-00012-1,2013-00064,볼리비아,볼리비아 고원지역 농업기계화 및 농민 역량강화를 통한 생산성증대 지원사업('13-'25/500만불),L2025-00012-1/(붙임2) 입찰 관련 부속서류/Q-Lab_Chacala_Bidding Doc/Section 4. Q-Lab_Chacala_BOQ_blanked/A2 HA STRUCTURE.xls,.xls,1555456,True,1015,13,BOQ,
L2025-00012-1,2013-00064,볼리비아,볼리비아 고원지역 농업기계화 및 농민 역량강화를 통한 생산성증대 지원사업('13-'25/500만불),L2025-00012-1/(붙임2) 입찰 관련 부속서류/Q-Lab_Chacala_Bidding Doc/Section 4. Q-Lab_Chacala_BOQ_blanked/A3 EM STRUCTURE.xls,.xls,1427456,True,71,1,BOQ,
L2025-00012-1,2013-00064,볼리비아,볼리비아 고원지역 농업기계화 및 농민 역량강화를 통한 생산성증대 지원사업('13-'25/500만불),L2025-00012-1/(붙임2) 입찰 관련 부속서류/Q-Lab_Chacala_Bidding Doc/Section 4. Q-Lab_Chacala_BOQ_blanked/B ELECTRIC SYSTEM.xlsx,.xlsx,109607,True,454,6,BOQ,
L2025-00012-1,2013-00064,볼리비아,볼리비아 고원지역 농업기계화 및 농민 역량강화를 통한 생산성증대 지원사업('13-'25/500만불),L2025-00012-1/(붙임2) 입찰 관련 부속서류/Q-Lab_Chacala_Bidding Doc/Section 4. Q-Lab_Chacala_BOQ_blanked/F HYDRO SANITARY SYSTEM.xlsx,.xlsx,2229362,True,1600,72,BOQ,
L2025-00012-1,2013-00064,볼리비아,볼리비아 고원지역 농업기계화 및 농민 역량강화를 통한 생산성증대 지원사업('13-'25/500만불),L2025-00012-1/(붙임2) 입찰 관련 부속서류/Q-Lab_Chacala_Bidding Doc/Section 4. Q-Lab_Chacala_BOQ_blanked/G LAND SCAPE.xls,.xls,1558528,True,700,12,BOQ,
L2025-00012-2,2013-00064,볼리비아,볼리비아 고원지역 농업기계화 및 농민 역량강화를 통한 생산성증대 지원사업('13-'25/500만불),L2025-00012-2/(붙임2) 입찰 관련 부속서류/Q-Lab_Chacala_Bidding Doc/Section 4. Q-Lab_Chacala_BOQ_blanked/A1 ARCHITECTURE CHACALA.xlsx,.xlsx,779128,True,9122,107,BOQ,
L2025-00012-2,2013-00064,볼리비아,볼리비아 고원지역 농업기계화 및 농민 역량강화를 통한 생산성증대 지원사업('13-'25/500만불),L2025-00012-2/(붙임2) 입찰 관련 부속서류/Q-Lab_Chacala_Bidding Doc/Section 4. Q-Lab_Chacala_BOQ_blanked/A2 HA STRUCTURE.xls,.xls,1555456,True,1015,13,BOQ,
L2025-00012-2,2013-00064,볼리비아,볼리비아 고원지역 농업기계화 및 농민 역량강화를 통한 생산성증대 지원사업('13-'25/500만불),L2025-00012-2/(붙임2) 입찰 관련 부속서류/Q-Lab_Chacala_Bidding Doc/Section 4. Q-Lab_Chacala_BOQ_blanked/A3 EM STRUCTURE.xls,.xls,1427456,True,71,1,BOQ,
L2025-00012-2,2013-00064,볼리비아,볼리비아 고원지역 농업기계화 및 농민 역량강화를 통한 생산성증대 지원사업('13-'25/500만불),L2025-00012-2/(붙임2) 입찰 관련 부속서류/Q-Lab_Chacala_Bidding Doc/Section 4. Q-Lab_Chacala_BOQ_blanked/B ELECTRIC SYSTEM.xlsx,.xlsx,109607,True,454,6,BOQ,
L2025-00012-2,2013-00064,볼리비아,볼리비아 고원지역 농업기계화 및 농민 역량강화를 통한 생산성증대 지원사업('13-'25/500만불),L2025-00012-2/(붙임2) 입찰 관련 부속서류/Q-Lab_Chacala_Bidding Doc/Section 4. Q-Lab_Chacala_BOQ_blanked/F HYDRO SANITARY SYSTEM.xlsx,.xlsx,2229362,True,1600,72,BOQ,
L2025-00012-2,2013-00064,볼리비아,볼리비아 고원지역 농업기계화 및 농민 역량강화를 통한 생산성증대 지원사업('13-'25/500만불),L2025-00012-2/(붙임2) 입찰 관련 부속서류/Q-Lab_Chacala_Bidding Doc/Section 4. Q-Lab_Chacala_BOQ_blanked/G LAND SCAPE.xls,.xls,1558528,True,700,12,BOQ,
L2025-00070-1,2020-00119,이라크,"이라크 한-이라크 심장병 어린이 전문 병원 건립사업('20-'30/2,793만불)",L2025-00070-1/붙임3. 현지입찰 서류 및 계약서류(안)/IKHCC Section 4 - IKHCC BLANK BOQ 250430/1 Architectural & summery/Bill _Total Cost Summary-Blank 250306.xlsx,.xlsx,636201,True,54,0,BOQ | 도면,
L2025-00070-1,2020-00119,이라크,"이라크 한-이라크 심장병 어린이 전문 병원 건립사업('20-'30/2,793만불)",L2025-00070-1/붙임3. 현지입찰 서류 및 계약서류(안)/IKHCC Section 4 - IKHCC BLANK BOQ 250430/1 Architectural & summery/BILL No1 -Architectural Works-01. HOSPITAL(BLANK BILL).xlsx,.xlsx,677921,True,3503,0,BOQ | 도면,
L2025-00070-1,2020-00119,이라크,"이라크 한-이라크 심장병 어린이 전문 병원 건립사업('20-'30/2,793만불)",L2025-00070-1/붙임3. 현지입찰 서류 및 계약서류(안)/IKHCC Section 4 - IKHCC BLANK BOQ 250430/1 Architectural & summery/BILL No1 -Architectural Works-02. MEP BUILDING(BLANK BILL).xlsx,.xlsx,670008,True,3503,0,BOQ | 도면,
L2025-00070-1,2020-00119,이라크,"이라크 한-이라크 심장병 어린이 전문 병원 건립사업('20-'30/2,793만불)",L2025-00070-1/붙임3. 현지입찰 서류 및 계약서류(안)/IKHCC Section 4 - IKHCC BLANK BOQ 250430/1 Architectural & summery/BILL No1 -Architectural Works-03. BRIDGE(BLANK BILL).xlsx,.xlsx,643812,True,3503,0,BOQ | 도면,
L2025-00070-1,2020-00119,이라크,"이라크 한-이라크 심장병 어린이 전문 병원 건립사업('20-'30/2,793만불)",L2025-00070-1/붙임3. 현지입찰 서류 및 계약서류(안)/IKHCC Section 4 - IKHCC BLANK BOQ 250430/2 Land/BILL No2-LAND-blank.xlsx,.xlsx,61604,True,91,0,BOQ,
L2025-00070-1,2020-00119,이라크,"이라크 한-이라크 심장병 어린이 전문 병원 건립사업('20-'30/2,793만불)",L2025-00070-1/붙임3. 현지입찰 서류 및 계약서류(안)/IKHCC Section 4 - IKHCC BLANK BOQ 250430/3 CIVIL/BLANK BILL.CIVIL (MEP).xls,.xls,74240,True,63,0,BOQ,
L2025-00070-1,2020-00119,이라크,"이라크 한-이라크 심장병 어린이 전문 병원 건립사업('20-'30/2,793만불)",L2025-00070-1/붙임3. 현지입찰 서류 및 계약서류(안)/IKHCC Section 4 - IKHCC BLANK BOQ 250430/3 CIVIL/BLANK BILL.CIVIL(BRIDGE)).xls,.xls,74240,True,63,0,BOQ,
L2025-00070-1,2020-00119,이라크,"이라크 한-이라크 심장병 어린이 전문 병원 건립사업('20-'30/2,793만불)",L2025-00070-1/붙임3. 현지입찰 서류 및 계약서류(안)/IKHCC Section 4 - IKHCC BLANK BOQ 250430/3 CIVIL/BLANK BILL.CIVIL(HOSPITAL) .xls,.xls,81920,True,83,0,BOQ,
L2025-00070-1,2020-00119,이라크,"이라크 한-이라크 심장병 어린이 전문 병원 건립사업('20-'30/2,793만불)",L2025-00070-1/붙임3. 현지입찰 서류 및 계약서류(안)/IKHCC Section 4 - IKHCC BLANK BOQ 250430/3 CIVIL/BLANK BILL.CIVIL(PARKING LOT).xls,.xls,58368,True,22,0,BOQ,
L2025-00070-1,2020-00119,이라크,"이라크 한-이라크 심장병 어린이 전문 병원 건립사업('20-'30/2,793만불)",L2025-00070-1/붙임3. 현지입찰 서류 및 계약서류(안)/IKHCC Section 4 - IKHCC BLANK BOQ 250430/4 MECH/BLANK  BILL.MECH(TOTAL).xls,.xls,1402880,True,3833,0,BOQ,
L2025-00070-1,2020-00119,이라크,"이라크 한-이라크 심장병 어린이 전문 병원 건립사업('20-'30/2,793만불)",L2025-00070-1/붙임3. 현지입찰 서류 및 계약서류(안)/IKHCC Section 4 - IKHCC BLANK BOQ 250430/4 MECH/BLANK BILL.MECH(BRIDGE).xls,.xls,1424896,True,3847,0,BOQ,
L2025-00070-1,2020-00119,이라크,"이라크 한-이라크 심장병 어린이 전문 병원 건립사업('20-'30/2,793만불)",L2025-00070-1/붙임3. 현지입찰 서류 및 계약서류(안)/IKHCC Section 4 - IKHCC BLANK BOQ 250430/4 MECH/BLANK BILL.MECH(HOSPITAL).xls,.xls,1235968,True,3849,0,BOQ,
L2025-00070-1,2020-00119,이라크,"이라크 한-이라크 심장병 어린이 전문 병원 건립사업('20-'30/2,793만불)",L2025-00070-1/붙임3. 현지입찰 서류 및 계약서류(안)/IKHCC Section 4 - IKHCC BLANK BOQ 250430/4 MECH/BLANK BILL.MECH(MEP).xls,.xls,1337344,True,3849,0,BOQ,
L2025-00070-1,2020-00119,이라크,"이라크 한-이라크 심장병 어린이 전문 병원 건립사업('20-'30/2,793만불)",L2025-00070-1/붙임3. 현지입찰 서류 및 계약서류(안)/IKHCC Section 4 - IKHCC BLANK BOQ 250430/5 ELEC/BLANK BILL-ELEC - 0 (TOTAL).xlsm,.xlsm,445864,True,3298,5,BOQ,
L2025-00070-1,2020-00119,이라크,"이라크 한-이라크 심장병 어린이 전문 병원 건립사업('20-'30/2,793만불)",L2025-00070-1/붙임3. 현지입찰 서류 및 계약서류(안)/IKHCC Section 4 - IKHCC BLANK BOQ 250430/5 ELEC/BLANK BILL-ELEC - A (HOSPITAL).xlsm,.xlsm,408853,True,3291,5,BOQ,
L2025-00070-1,2020-00119,이라크,"이라크 한-이라크 심장병 어린이 전문 병원 건립사업('20-'30/2,793만불)",L2025-00070-1/붙임3. 현지입찰 서류 및 계약서류(안)/IKHCC Section 4 - IKHCC BLANK BOQ 250430/5 ELEC/BLANK BILL-ELEC - B (MEP BUILDING).xlsm,.xlsm,426206,True,3293,5,BOQ,
L2025-00070-1,2020-00119,이라크,"이라크 한-이라크 심장병 어린이 전문 병원 건립사업('20-'30/2,793만불)",L2025-00070-1/붙임3. 현지입찰 서류 및 계약서류(안)/IKHCC Section 4 - IKHCC BLANK BOQ 250430/5 ELEC/BLANK BILL-ELEC - C (BRIDGE).xlsm,.xlsm,448183,True,3293,5,BOQ,
L2025-00070-1,2020-00119,이라크,"이라크 한-이라크 심장병 어린이 전문 병원 건립사업('20-'30/2,793만불)",L2025-00070-1/붙임3. 현지입찰 서류 및 계약서류(안)/IKHCC Section 4 - IKHCC BLANK BOQ 250430/6 COMMUN/BLANK BILL-COMMUN - 0 (TOTAL).xlsm,.xlsm,271765,True,2010,3,BOQ,
L2025-00070-1,2020-00119,이라크,"이라크 한-이라크 심장병 어린이 전문 병원 건립사업('20-'30/2,793만불)",L2025-00070-1/붙임3. 현지입찰 서류 및 계약서류(안)/IKHCC Section 4 - IKHCC BLANK BOQ 250430/6 COMMUN/BLANK BILL-COMMUN - A (HOSPITAL).xlsm,.xlsm,242663,True,2003,3,BOQ,
L2025-00070-1,2020-00119,이라크,"이라크 한-이라크 심장병 어린이 전문 병원 건립사업('20-'30/2,793만불)",L2025-00070-1/붙임3. 현지입찰 서류 및 계약서류(안)/IKHCC Section 4 - IKHCC BLANK BOQ 250430/6 COMMUN/BLANK BILL-COMMUN - B (MEP BUILDING).xlsm,.xlsm,272559,True,2005,3,BOQ,
L2025-00070-1,2020-00119,이라크,"이라크 한-이라크 심장병 어린이 전문 병원 건립사업('20-'30/2,793만불)",L2025-00070-1/붙임3. 현지입찰 서류 및 계약서류(안)/IKHCC Section 4 - IKHCC BLANK BOQ 250430/6 COMMUN/BLANK BILL-COMMUN - C (BRIDGE).xlsm,.xlsm,276178,True,2005,3,BOQ,
L2025-00070-1,2020-00119,이라크,"이라크 한-이라크 심장병 어린이 전문 병원 건립사업('20-'30/2,793만불)",L2025-00070-1/붙임3. 현지입찰 서류 및 계약서류(안)/IKHCC Section 4 - IKHCC BLANK BOQ 250430/7 FIRE FIGHTING/FIREFIGHTING_ELEC/BLANK BILL-FIRE FIGHTING ELEC - 0 (TOTAL).xlsm,.xlsm,107555,True,563,0,BOQ,
L2025-00070-1,2020-00119,이라크,"이라크 한-이라크 심장병 어린이 전문 병원 건립사업('20-'30/2,793만불)",L2025-00070-1/붙임3. 현지입찰 서류 및 계약서류(안)/IKHCC Section 4 - IKHCC BLANK BOQ 250430/7 FIRE FIGHTING/FIREFIGHTING_ELEC/BLANK BILL-FIRE FIGHTING ELEC - A (HOSPITAL).xlsm,.xlsm,105228,True,563,0,BOQ,
L2025-00070-1,2020-00119,이라크,"이라크 한-이라크 심장병 어린이 전문 병원 건립사업('20-'30/2,793만불)",L2025-00070-1/붙임3. 현지입찰 서류 및 계약서류(안)/IKHCC Section 4 - IKHCC BLANK BOQ 250430/7 FIRE FIGHTING/FIREFIGHTING_ELEC/BLANK BILL-FIRE FIGHTING ELEC - B (MEP BUILDING).xlsm,.xlsm,105175,True,563,0,BOQ,
L2025-00070-1,2020-00119,이라크,"이라크 한-이라크 심장병 어린이 전문 병원 건립사업('20-'30/2,793만불)",L2025-00070-1/붙임3. 현지입찰 서류 및 계약서류(안)/IKHCC Section 4 - IKHCC BLANK BOQ 250430/7 FIRE FIGHTING/FIREFIGHTING_ELEC/BLANK BILL-FIRE FIGHTING ELEC - C (BRIDGE).xlsm,.xlsm,108291,True,563,0,BOQ,
L2025-00070-1,2020-00119,이라크,"이라크 한-이라크 심장병 어린이 전문 병원 건립사업('20-'30/2,793만불)",L2025-00070-1/붙임3. 현지입찰 서류 및 계약서류(안)/IKHCC Section 4 - IKHCC BLANK BOQ 250430/7 FIRE FIGHTING/FIREFIGHTING_MEC/BLANK BILL.MECH(BRIDGE).xls,.xls,1424896,True,3847,0,BOQ,
L2025-00070-1,2020-00119,이라크,"이라크 한-이라크 심장병 어린이 전문 병원 건립사업('20-'30/2,793만불)",L2025-00070-1/붙임3. 현지입찰 서류 및 계약서류(안)/IKHCC Section 4 - IKHCC BLANK BOQ 250430/7 FIRE FIGHTING/FIREFIGHTING_MEC/BLANK BILL.MECH(HOSPITAL).xls,.xls,1235968,True,3849,0,BOQ,
L2025-00070-1,2020-00119,이라크,"이라크 한-이라크 심장병 어린이 전문 병원 건립사업('20-'30/2,793만불)",L2025-00070-1/붙임3. 현지입찰 서류 및 계약서류(안)/IKHCC Section 4 - IKHCC BLANK BOQ 250430/7 FIRE FIGHTING/FIREFIGHTING_MEC/BLANK BILL.MECH(MEP).xls,.xls,1337344,True,3849,0,BOQ,
L2025-00070-1,2020-00119,이라크,"이라크 한-이라크 심장병 어린이 전문 병원 건립사업('20-'30/2,793만불)",L2025-00070-1/붙임3. 현지입찰 서류 및 계약서류(안)/IKHCC Section 4 - IKHCC BLANK BOQ 250430/7 FIRE FIGHTING/FIREFIGHTING_MEC/BLANK BILL.MECH(TOTAL).xls,.xls,1402880,True,3833,0,BOQ,
L2025-00070-1,2020-00119,이라크,"이라크 한-이라크 심장병 어린이 전문 병원 건립사업('20-'30/2,793만불)",L2025-00070-1/붙임3. 현지입찰 서류 및 계약서류(안)/IKHCC Section 4 - IKHCC BLANK BOQ 250430/8 Mob & Signage/BILL No8-1 -Mobilization Works-blank.xlsx,.xlsx,638347,True,57,0,BOQ,
L2025-00070-1,2020-00119,이라크,"이라크 한-이라크 심장병 어린이 전문 병원 건립사업('20-'30/2,793만불)",L2025-00070-1/붙임3. 현지입찰 서류 및 계약서류(안)/IKHCC Section 4 - IKHCC BLANK BOQ 250430/8 Mob & Signage/BILL No8-2 Signages-blank.xlsx,.xlsx,31619,True,92,0,BOQ,
L2025-00071-1,2020-00119,이라크,"이라크 한-이라크 심장병 어린이 전문 병원 건립사업('20-'30/2,793만불)",L2025-00071-1/붙임2. 현지입찰(재공고입찰) 서류 및 계약서류(안)/IKHCC Section 4 - IKHCC BLANK BOQ 250903/1 Architectural & summery/Bill _Total Cost Summary-Blank 250306.xlsx,.xlsx,636201,True,54,0,BOQ | 도면,
L2025-00071-1,2020-00119,이라크,"이라크 한-이라크 심장병 어린이 전문 병원 건립사업('20-'30/2,793만불)",L2025-00071-1/붙임2. 현지입찰(재공고입찰) 서류 및 계약서류(안)/IKHCC Section 4 - IKHCC BLANK BOQ 250903/1 Architectural & summery/BILL No1 -Architectural Works-01. HOSPITAL(BLANK BILL).xlsx,.xlsx,677921,True,3503,0,BOQ | 도면,
L2025-00071-1,2020-00119,이라크,"이라크 한-이라크 심장병 어린이 전문 병원 건립사업('20-'30/2,793만불)",L2025-00071-1/붙임2. 현지입찰(재공고입찰) 서류 및 계약서류(안)/IKHCC Section 4 - IKHCC BLANK BOQ 250903/1 Architectural & summery/BILL No1 -Architectural Works-02. MEP BUILDING(BLANK BILL).xlsx,.xlsx,670008,True,3503,0,BOQ | 도면,
L2025-00071-1,2020-00119,이라크,"이라크 한-이라크 심장병 어린이 전문 병원 건립사업('20-'30/2,793만불)",L2025-00071-1/붙임2. 현지입찰(재공고입찰) 서류 및 계약서류(안)/IKHCC Section 4 - IKHCC BLANK BOQ 250903/1 Architectural & summery/BILL No1 -Architectural Works-03. BRIDGE(BLANK BILL).xlsx,.xlsx,643812,True,3503,0,BOQ | 도면,
L2025-00071-1,2020-00119,이라크,"이라크 한-이라크 심장병 어린이 전문 병원 건립사업('20-'30/2,793만불)",L2025-00071-1/붙임2. 현지입찰(재공고입찰) 서류 및 계약서류(안)/IKHCC Section 4 - IKHCC BLANK BOQ 250903/2 Land/BILL No2-LAND-blank.xlsx,.xlsx,61604,True,91,0,BOQ,
L2025-00071-1,2020-00119,이라크,"이라크 한-이라크 심장병 어린이 전문 병원 건립사업('20-'30/2,793만불)",L2025-00071-1/붙임2. 현지입찰(재공고입찰) 서류 및 계약서류(안)/IKHCC Section 4 - IKHCC BLANK BOQ 250903/3 CIVIL/BLANK BILL.CIVIL (MEP).xls,.xls,74240,True,63,0,BOQ,
L2025-00071-1,2020-00119,이라크,"이라크 한-이라크 심장병 어린이 전문 병원 건립사업('20-'30/2,793만불)",L2025-00071-1/붙임2. 현지입찰(재공고입찰) 서류 및 계약서류(안)/IKHCC Section 4 - IKHCC BLANK BOQ 250903/3 CIVIL/BLANK BILL.CIVIL(BRIDGE)).xls,.xls,74240,True,63,0,BOQ,
L2025-00071-1,2020-00119,이라크,"이라크 한-이라크 심장병 어린이 전문 병원 건립사업('20-'30/2,793만불)",L2025-00071-1/붙임2. 현지입찰(재공고입찰) 서류 및 계약서류(안)/IKHCC Section 4 - IKHCC BLANK BOQ 250903/3 CIVIL/BLANK BILL.CIVIL(HOSPITAL) .xls,.xls,81920,True,83,0,BOQ,
L2025-00071-1,2020-00119,이라크,"이라크 한-이라크 심장병 어린이 전문 병원 건립사업('20-'30/2,793만불)",L2025-00071-1/붙임2. 현지입찰(재공고입찰) 서류 및 계약서류(안)/IKHCC Section 4 - IKHCC BLANK BOQ 250903/3 CIVIL/BLANK BILL.CIVIL(PARKING LOT).xls,.xls,58368,True,22,0,BOQ,
L2025-00071-1,2020-00119,이라크,"이라크 한-이라크 심장병 어린이 전문 병원 건립사업('20-'30/2,793만불)",L2025-00071-1/붙임2. 현지입찰(재공고입찰) 서류 및 계약서류(안)/IKHCC Section 4 - IKHCC BLANK BOQ 250903/4 MECH/BLANK  BILL.MECH(TOTAL).xls,.xls,1402880,True,3833,0,BOQ,
L2025-00071-1,2020-00119,이라크,"이라크 한-이라크 심장병 어린이 전문 병원 건립사업('20-'30/2,793만불)",L2025-00071-1/붙임2. 현지입찰(재공고입찰) 서류 및 계약서류(안)/IKHCC Section 4 - IKHCC BLANK BOQ 250903/4 MECH/BLANK BILL.MECH(BRIDGE).xls,.xls,1424896,True,3847,0,BOQ,
L2025-00071-1,2020-00119,이라크,"이라크 한-이라크 심장병 어린이 전문 병원 건립사업('20-'30/2,793만불)",L2025-00071-1/붙임2. 현지입찰(재공고입찰) 서류 및 계약서류(안)/IKHCC Section 4 - IKHCC BLANK BOQ 250903/4 MECH/BLANK BILL.MECH(HOSPITAL).xls,.xls,1235968,True,3849,0,BOQ,
L2025-00071-1,2020-00119,이라크,"이라크 한-이라크 심장병 어린이 전문 병원 건립사업('20-'30/2,793만불)",L2025-00071-1/붙임2. 현지입찰(재공고입찰) 서류 및 계약서류(안)/IKHCC Section 4 - IKHCC BLANK BOQ 250903/4 MECH/BLANK BILL.MECH(MEP).xls,.xls,1337344,True,3849,0,BOQ,
L2025-00071-1,2020-00119,이라크,"이라크 한-이라크 심장병 어린이 전문 병원 건립사업('20-'30/2,793만불)",L2025-00071-1/붙임2. 현지입찰(재공고입찰) 서류 및 계약서류(안)/IKHCC Section 4 - IKHCC BLANK BOQ 250903/5. Blank bill Elec revised 250812/BLANK BILL-ELEC - 0 (TOTAL).xlsm,.xlsm,526626,True,3298,5,BOQ,
L2025-00071-1,2020-00119,이라크,"이라크 한-이라크 심장병 어린이 전문 병원 건립사업('20-'30/2,793만불)",L2025-00071-1/붙임2. 현지입찰(재공고입찰) 서류 및 계약서류(안)/IKHCC Section 4 - IKHCC BLANK BOQ 250903/5. Blank bill Elec revised 250812/BLANK BILL-ELEC - A (HOSPITAL).xlsm,.xlsm,481577,True,3291,5,BOQ,
L2025-00071-1,2020-00119,이라크,"이라크 한-이라크 심장병 어린이 전문 병원 건립사업('20-'30/2,793만불)",L2025-00071-1/붙임2. 현지입찰(재공고입찰) 서류 및 계약서류(안)/IKHCC Section 4 - IKHCC BLANK BOQ 250903/5. Blank bill Elec revised 250812/BLANK BILL-ELEC - B (MEP BUILDING).xlsm,.xlsm,501858,True,3293,5,BOQ,
L2025-00071-1,2020-00119,이라크,"이라크 한-이라크 심장병 어린이 전문 병원 건립사업('20-'30/2,793만불)",L2025-00071-1/붙임2. 현지입찰(재공고입찰) 서류 및 계약서류(안)/IKHCC Section 4 - IKHCC BLANK BOQ 250903/5. Blank bill Elec revised 250812/BLANK BILL-ELEC - C (BRIDGE).xlsm,.xlsm,528512,True,3293,5,BOQ,
L2025-00071-1,2020-00119,이라크,"이라크 한-이라크 심장병 어린이 전문 병원 건립사업('20-'30/2,793만불)",L2025-00071-1/붙임2. 현지입찰(재공고입찰) 서류 및 계약서류(안)/IKHCC Section 4 - IKHCC BLANK BOQ 250903/6.Blank bill Comm revised 250812/BLANK BILL-COMMUN - 0 (TOTAL).xlsm,.xlsm,326212,True,2010,3,BOQ,
L2025-00071-1,2020-00119,이라크,"이라크 한-이라크 심장병 어린이 전문 병원 건립사업('20-'30/2,793만불)",L2025-00071-1/붙임2. 현지입찰(재공고입찰) 서류 및 계약서류(안)/IKHCC Section 4 - IKHCC BLANK BOQ 250903/6.Blank bill Comm revised 250812/BLANK BILL-COMMUN - A (HOSPITAL).xlsm,.xlsm,289659,True,2003,3,BOQ,
L2025-00071-1,2020-00119,이라크,"이라크 한-이라크 심장병 어린이 전문 병원 건립사업('20-'30/2,793만불)",L2025-00071-1/붙임2. 현지입찰(재공고입찰) 서류 및 계약서류(안)/IKHCC Section 4 - IKHCC BLANK BOQ 250903/6.Blank bill Comm revised 250812/BLANK BILL-COMMUN - B (MEP BUILDING).xlsm,.xlsm,326315,True,2005,3,BOQ,
L2025-00071-1,2020-00119,이라크,"이라크 한-이라크 심장병 어린이 전문 병원 건립사업('20-'30/2,793만불)",L2025-00071-1/붙임2. 현지입찰(재공고입찰) 서류 및 계약서류(안)/IKHCC Section 4 - IKHCC BLANK BOQ 250903/6.Blank bill Comm revised 250812/BLANK BILL-COMMUN - C (BRIDGE).xlsm,.xlsm,330971,True,2005,3,BOQ,
L2025-00071-1,2020-00119,이라크,"이라크 한-이라크 심장병 어린이 전문 병원 건립사업('20-'30/2,793만불)",L2025-00071-1/붙임2. 현지입찰(재공고입찰) 서류 및 계약서류(안)/IKHCC Section 4 - IKHCC BLANK BOQ 250903/7. Blank bill Firefighting revised 250811/Fire fighting - Mech revised 250812/BLANK BILL. FIREFIGHTING MECH (HOSPITAL) revised 250812.xls,.xls,327168,True,672,0,BOQ,
L2025-00071-1,2020-00119,이라크,"이라크 한-이라크 심장병 어린이 전문 병원 건립사업('20-'30/2,793만불)",L2025-00071-1/붙임2. 현지입찰(재공고입찰) 서류 및 계약서류(안)/IKHCC Section 4 - IKHCC BLANK BOQ 250903/7. Blank bill Firefighting revised 250811/Fire fighting - Mech revised 250812/BLANK BILL. FIRFEIGHTING MECH(MEP BUILDING) revised 250812.xls,.xls,324096,True,672,0,BOQ,
L2025-00071-1,2020-00119,이라크,"이라크 한-이라크 심장병 어린이 전문 병원 건립사업('20-'30/2,793만불)",L2025-00071-1/붙임2. 현지입찰(재공고입찰) 서류 및 계약서류(안)/IKHCC Section 4 - IKHCC BLANK BOQ 250903/7. Blank bill Firefighting revised 250811/Fire fighting - Mech revised 250812/BLANK BILL.FIREFIGHTING MECH (TOTAL) revised 250812.xls,.xls,342528,True,670,0,BOQ,
L2025-00071-1,2020-00119,이라크,"이라크 한-이라크 심장병 어린이 전문 병원 건립사업('20-'30/2,793만불)",L2025-00071-1/붙임2. 현지입찰(재공고입찰) 서류 및 계약서류(안)/IKHCC Section 4 - IKHCC BLANK BOQ 250903/7. Blank bill Firefighting revised 250811/FIREFIGHTING_ELEC/BLANK BILL-FIRE FIGHTING ELEC - 0 (TOTAL).xlsm,.xlsm,107555,True,563,0,BOQ,
L2025-00071-1,2020-00119,이라크,"이라크 한-이라크 심장병 어린이 전문 병원 건립사업('20-'30/2,793만불)",L2025-00071-1/붙임2. 현지입찰(재공고입찰) 서류 및 계약서류(안)/IKHCC Section 4 - IKHCC BLANK BOQ 250903/7. Blank bill Firefighting revised 250811/FIREFIGHTING_ELEC/BLANK BILL-FIRE FIGHTING ELEC - A (HOSPITAL).xlsm,.xlsm,105228,True,563,0,BOQ,
L2025-00071-1,2020-00119,이라크,"이라크 한-이라크 심장병 어린이 전문 병원 건립사업('20-'30/2,793만불)",L2025-00071-1/붙임2. 현지입찰(재공고입찰) 서류 및 계약서류(안)/IKHCC Section 4 - IKHCC BLANK BOQ 250903/7. Blank bill Firefighting revised 250811/FIREFIGHTING_ELEC/BLANK BILL-FIRE FIGHTING ELEC - B (MEP BUILDING).xlsm,.xlsm,105175,True,563,0,BOQ,
L2025-00071-1,2020-00119,이라크,"이라크 한-이라크 심장병 어린이 전문 병원 건립사업('20-'30/2,793만불)",L2025-00071-1/붙임2. 현지입찰(재공고입찰) 서류 및 계약서류(안)/IKHCC Section 4 - IKHCC BLANK BOQ 250903/7. Blank bill Firefighting revised 250811/FIREFIGHTING_ELEC/BLANK BILL-FIRE FIGHTING ELEC - C (BRIDGE).xlsm,.xlsm,108291,True,563,0,BOQ,
L2025-00071-1,2020-00119,이라크,"이라크 한-이라크 심장병 어린이 전문 병원 건립사업('20-'30/2,793만불)",L2025-00071-1/붙임2. 현지입찰(재공고입찰) 서류 및 계약서류(안)/IKHCC Section 4 - IKHCC BLANK BOQ 250903/8 Mob & Signage/BILL No8-1 -Mobilization Works-blank.xlsx,.xlsx,638347,True,57,0,BOQ,
L2025-00071-1,2020-00119,이라크,"이라크 한-이라크 심장병 어린이 전문 병원 건립사업('20-'30/2,793만불)",L2025-00071-1/붙임2. 현지입찰(재공고입찰) 서류 및 계약서류(안)/IKHCC Section 4 - IKHCC BLANK BOQ 250903/8 Mob & Signage/BILL No8-2 Signages-blank.xlsx,.xlsx,31619,True,92,0,BOQ,
L2025-00085-1,2020-00119,이라크,"이라크 한-이라크 심장병 어린이 전문 병원 건립사업('20-'30/2,793만불)",L2025-00085-1/붙임2. 현지입찰(신규입찰) 서류 및 계약서류(안)/IKHCC Section 4 - IKHCC BLANK BOQ 250903_최종/1 Architectural & summery/Bill _Total Cost Summary-Blank 250306.xlsx,.xlsx,636201,True,54,0,BOQ | 도면,
L2025-00085-1,2020-00119,이라크,"이라크 한-이라크 심장병 어린이 전문 병원 건립사업('20-'30/2,793만불)",L2025-00085-1/붙임2. 현지입찰(신규입찰) 서류 및 계약서류(안)/IKHCC Section 4 - IKHCC BLANK BOQ 250903_최종/1 Architectural & summery/BILL No1 -Architectural Works-01. HOSPITAL(BLANK BILL).xlsx,.xlsx,677921,True,3503,0,BOQ | 도면,
L2025-00085-1,2020-00119,이라크,"이라크 한-이라크 심장병 어린이 전문 병원 건립사업('20-'30/2,793만불)",L2025-00085-1/붙임2. 현지입찰(신규입찰) 서류 및 계약서류(안)/IKHCC Section 4 - IKHCC BLANK BOQ 250903_최종/1 Architectural & summery/BILL No1 -Architectural Works-02. MEP BUILDING(BLANK BILL).xlsx,.xlsx,670008,True,3503,0,BOQ | 도면,
L2025-00085-1,2020-00119,이라크,"이라크 한-이라크 심장병 어린이 전문 병원 건립사업('20-'30/2,793만불)",L2025-00085-1/붙임2. 현지입찰(신규입찰) 서류 및 계약서류(안)/IKHCC Section 4 - IKHCC BLANK BOQ 250903_최종/1 Architectural & summery/BILL No1 -Architectural Works-03. BRIDGE(BLANK BILL).xlsx,.xlsx,643812,True,3503,0,BOQ | 도면,
L2025-00085-1,2020-00119,이라크,"이라크 한-이라크 심장병 어린이 전문 병원 건립사업('20-'30/2,793만불)",L2025-00085-1/붙임2. 현지입찰(신규입찰) 서류 및 계약서류(안)/IKHCC Section 4 - IKHCC BLANK BOQ 250903_최종/2 Land/BILL No2-LAND-blank.xlsx,.xlsx,61604,True,91,0,BOQ,
L2025-00085-1,2020-00119,이라크,"이라크 한-이라크 심장병 어린이 전문 병원 건립사업('20-'30/2,793만불)",L2025-00085-1/붙임2. 현지입찰(신규입찰) 서류 및 계약서류(안)/IKHCC Section 4 - IKHCC BLANK BOQ 250903_최종/3 CIVIL/BLANK BILL.CIVIL (MEP).xls,.xls,74240,True,63,0,BOQ,
L2025-00085-1,2020-00119,이라크,"이라크 한-이라크 심장병 어린이 전문 병원 건립사업('20-'30/2,793만불)",L2025-00085-1/붙임2. 현지입찰(신규입찰) 서류 및 계약서류(안)/IKHCC Section 4 - IKHCC BLANK BOQ 250903_최종/3 CIVIL/BLANK BILL.CIVIL(BRIDGE)).xls,.xls,74240,True,63,0,BOQ,
L2025-00085-1,2020-00119,이라크,"이라크 한-이라크 심장병 어린이 전문 병원 건립사업('20-'30/2,793만불)",L2025-00085-1/붙임2. 현지입찰(신규입찰) 서류 및 계약서류(안)/IKHCC Section 4 - IKHCC BLANK BOQ 250903_최종/3 CIVIL/BLANK BILL.CIVIL(HOSPITAL) .xls,.xls,81920,True,83,0,BOQ,
L2025-00085-1,2020-00119,이라크,"이라크 한-이라크 심장병 어린이 전문 병원 건립사업('20-'30/2,793만불)",L2025-00085-1/붙임2. 현지입찰(신규입찰) 서류 및 계약서류(안)/IKHCC Section 4 - IKHCC BLANK BOQ 250903_최종/3 CIVIL/BLANK BILL.CIVIL(PARKING LOT).xls,.xls,58368,True,22,0,BOQ,
L2025-00085-1,2020-00119,이라크,"이라크 한-이라크 심장병 어린이 전문 병원 건립사업('20-'30/2,793만불)",L2025-00085-1/붙임2. 현지입찰(신규입찰) 서류 및 계약서류(안)/IKHCC Section 4 - IKHCC BLANK BOQ 250903_최종/4 MECH/BLANK  BILL.MECH(TOTAL).xls,.xls,1402880,True,3833,0,BOQ,
L2025-00085-1,2020-00119,이라크,"이라크 한-이라크 심장병 어린이 전문 병원 건립사업('20-'30/2,793만불)",L2025-00085-1/붙임2. 현지입찰(신규입찰) 서류 및 계약서류(안)/IKHCC Section 4 - IKHCC BLANK BOQ 250903_최종/4 MECH/BLANK BILL.MECH(BRIDGE).xls,.xls,1424896,True,3847,0,BOQ,
L2025-00085-1,2020-00119,이라크,"이라크 한-이라크 심장병 어린이 전문 병원 건립사업('20-'30/2,793만불)",L2025-00085-1/붙임2. 현지입찰(신규입찰) 서류 및 계약서류(안)/IKHCC Section 4 - IKHCC BLANK BOQ 250903_최종/4 MECH/BLANK BILL.MECH(HOSPITAL).xls,.xls,1235968,True,3849,0,BOQ,
L2025-00085-1,2020-00119,이라크,"이라크 한-이라크 심장병 어린이 전문 병원 건립사업('20-'30/2,793만불)",L2025-00085-1/붙임2. 현지입찰(신규입찰) 서류 및 계약서류(안)/IKHCC Section 4 - IKHCC BLANK BOQ 250903_최종/4 MECH/BLANK BILL.MECH(MEP).xls,.xls,1337344,True,3849,0,BOQ,
L2025-00085-1,2020-00119,이라크,"이라크 한-이라크 심장병 어린이 전문 병원 건립사업('20-'30/2,793만불)",L2025-00085-1/붙임2. 현지입찰(신규입찰) 서류 및 계약서류(안)/IKHCC Section 4 - IKHCC BLANK BOQ 250903_최종/5. Blank bill Elec revised 250812/BLANK BILL-ELEC - 0 (TOTAL).xlsm,.xlsm,526626,True,3298,5,BOQ,
L2025-00085-1,2020-00119,이라크,"이라크 한-이라크 심장병 어린이 전문 병원 건립사업('20-'30/2,793만불)",L2025-00085-1/붙임2. 현지입찰(신규입찰) 서류 및 계약서류(안)/IKHCC Section 4 - IKHCC BLANK BOQ 250903_최종/5. Blank bill Elec revised 250812/BLANK BILL-ELEC - A (HOSPITAL).xlsm,.xlsm,481577,True,3291,5,BOQ,
L2025-00085-1,2020-00119,이라크,"이라크 한-이라크 심장병 어린이 전문 병원 건립사업('20-'30/2,793만불)",L2025-00085-1/붙임2. 현지입찰(신규입찰) 서류 및 계약서류(안)/IKHCC Section 4 - IKHCC BLANK BOQ 250903_최종/5. Blank bill Elec revised 250812/BLANK BILL-ELEC - B (MEP BUILDING).xlsm,.xlsm,501858,True,3293,5,BOQ,
L2025-00085-1,2020-00119,이라크,"이라크 한-이라크 심장병 어린이 전문 병원 건립사업('20-'30/2,793만불)",L2025-00085-1/붙임2. 현지입찰(신규입찰) 서류 및 계약서류(안)/IKHCC Section 4 - IKHCC BLANK BOQ 250903_최종/5. Blank bill Elec revised 250812/BLANK BILL-ELEC - C (BRIDGE).xlsm,.xlsm,528512,True,3293,5,BOQ,
L2025-00085-1,2020-00119,이라크,"이라크 한-이라크 심장병 어린이 전문 병원 건립사업('20-'30/2,793만불)",L2025-00085-1/붙임2. 현지입찰(신규입찰) 서류 및 계약서류(안)/IKHCC Section 4 - IKHCC BLANK BOQ 250903_최종/6.Blank bill Comm revised 250812/BLANK BILL-COMMUN - 0 (TOTAL).xlsm,.xlsm,326212,True,2010,3,BOQ,
L2025-00085-1,2020-00119,이라크,"이라크 한-이라크 심장병 어린이 전문 병원 건립사업('20-'30/2,793만불)",L2025-00085-1/붙임2. 현지입찰(신규입찰) 서류 및 계약서류(안)/IKHCC Section 4 - IKHCC BLANK BOQ 250903_최종/6.Blank bill Comm revised 250812/BLANK BILL-COMMUN - A (HOSPITAL).xlsm,.xlsm,289659,True,2003,3,BOQ,
L2025-00085-1,2020-00119,이라크,"이라크 한-이라크 심장병 어린이 전문 병원 건립사업('20-'30/2,793만불)",L2025-00085-1/붙임2. 현지입찰(신규입찰) 서류 및 계약서류(안)/IKHCC Section 4 - IKHCC BLANK BOQ 250903_최종/6.Blank bill Comm revised 250812/BLANK BILL-COMMUN - B (MEP BUILDING).xlsm,.xlsm,326315,True,2005,3,BOQ,
L2025-00085-1,2020-00119,이라크,"이라크 한-이라크 심장병 어린이 전문 병원 건립사업('20-'30/2,793만불)",L2025-00085-1/붙임2. 현지입찰(신규입찰) 서류 및 계약서류(안)/IKHCC Section 4 - IKHCC BLANK BOQ 250903_최종/6.Blank bill Comm revised 250812/BLANK BILL-COMMUN - C (BRIDGE).xlsm,.xlsm,330971,True,2005,3,BOQ,
L2025-00085-1,2020-00119,이라크,"이라크 한-이라크 심장병 어린이 전문 병원 건립사업('20-'30/2,793만불)",L2025-00085-1/붙임2. 현지입찰(신규입찰) 서류 및 계약서류(안)/IKHCC Section 4 - IKHCC BLANK BOQ 250903_최종/7. Blank bill Firefighting revised 250811/Fire fighting - Mech revised 250812/BILL FIREFIGHTING MECH (TOTAL).xls,.xls,342528,True,670,0,BOQ,
L2025-00085-1,2020-00119,이라크,"이라크 한-이라크 심장병 어린이 전문 병원 건립사업('20-'30/2,793만불)",L2025-00085-1/붙임2. 현지입찰(신규입찰) 서류 및 계약서류(안)/IKHCC Section 4 - IKHCC BLANK BOQ 250903_최종/7. Blank bill Firefighting revised 250811/Fire fighting - Mech revised 250812/BILL. FIREFIGHTING MECH (HOSPITAL).xls,.xls,327168,True,672,0,BOQ,
L2025-00085-1,2020-00119,이라크,"이라크 한-이라크 심장병 어린이 전문 병원 건립사업('20-'30/2,793만불)",L2025-00085-1/붙임2. 현지입찰(신규입찰) 서류 및 계약서류(안)/IKHCC Section 4 - IKHCC BLANK BOQ 250903_최종/7. Blank bill Firefighting revised 250811/Fire fighting - Mech revised 250812/BILL. FIRFEIGHTING MECH(MEP BUILDING).xls,.xls,324096,True,672,0,BOQ,
L2025-00085-1,2020-00119,이라크,"이라크 한-이라크 심장병 어린이 전문 병원 건립사업('20-'30/2,793만불)",L2025-00085-1/붙임2. 현지입찰(신규입찰) 서류 및 계약서류(안)/IKHCC Section 4 - IKHCC BLANK BOQ 250903_최종/7. Blank bill Firefighting revised 250811/FIREFIGHTING_ELEC/BLANK BILL-FIRE FIGHTING ELEC - 0 (TOTAL).xlsm,.xlsm,107555,True,563,0,BOQ,
L2025-00085-1,2020-00119,이라크,"이라크 한-이라크 심장병 어린이 전문 병원 건립사업('20-'30/2,793만불)",L2025-00085-1/붙임2. 현지입찰(신규입찰) 서류 및 계약서류(안)/IKHCC Section 4 - IKHCC BLANK BOQ 250903_최종/7. Blank bill Firefighting revised 250811/FIREFIGHTING_ELEC/BLANK BILL-FIRE FIGHTING ELEC - A (HOSPITAL).xlsm,.xlsm,105228,True,563,0,BOQ,
L2025-00085-1,2020-00119,이라크,"이라크 한-이라크 심장병 어린이 전문 병원 건립사업('20-'30/2,793만불)",L2025-00085-1/붙임2. 현지입찰(신규입찰) 서류 및 계약서류(안)/IKHCC Section 4 - IKHCC BLANK BOQ 250903_최종/7. Blank bill Firefighting revised 250811/FIREFIGHTING_ELEC/BLANK BILL-FIRE FIGHTING ELEC - B (MEP BUILDING).xlsm,.xlsm,105175,True,563,0,BOQ,
L2025-00085-1,2020-00119,이라크,"이라크 한-이라크 심장병 어린이 전문 병원 건립사업('20-'30/2,793만불)",L2025-00085-1/붙임2. 현지입찰(신규입찰) 서류 및 계약서류(안)/IKHCC Section 4 - IKHCC BLANK BOQ 250903_최종/7. Blank bill Firefighting revised 250811/FIREFIGHTING_ELEC/BLANK BILL-FIRE FIGHTING ELEC - C (BRIDGE).xlsm,.xlsm,108291,True,563,0,BOQ,
L2025-00085-1,2020-00119,이라크,"이라크 한-이라크 심장병 어린이 전문 병원 건립사업('20-'30/2,793만불)",L2025-00085-1/붙임2. 현지입찰(신규입찰) 서류 및 계약서류(안)/IKHCC Section 4 - IKHCC BLANK BOQ 250903_최종/8 Mob & Signage/BILL No8-1 -Mobilization Works-blank.xlsx,.xlsx,638347,True,57,0,BOQ,
L2025-00085-1,2020-00119,이라크,"이라크 한-이라크 심장병 어린이 전문 병원 건립사업('20-'30/2,793만불)",L2025-00085-1/붙임2. 현지입찰(신규입찰) 서류 및 계약서류(안)/IKHCC Section 4 - IKHCC BLANK BOQ 250903_최종/8 Mob & Signage/BILL No8-2 Signages-blank.xlsx,.xlsx,31619,True,92,0,BOQ,
