bid_no,project_no,country_ko,project_name,source_file,extension,bytes,indexed,text_chunks,evidence_count,candidate_types,exclusion_reason
L2021-00031-1,2019-00045,파키스탄,파키스탄 태양전지모듈 인증시험소 설립사업('19-'23/950만불),L2021-00031-1/2. Chapters/Chapter 2. Bid BoQ_1021/1)CIVIL (With Cover)_1008.xls,.xls,406528,True,460,1,BOQ,
L2021-00031-1,2019-00045,파키스탄,파키스탄 태양전지모듈 인증시험소 설립사업('19-'23/950만불),L2021-00031-1/2. Chapters/Chapter 2. Bid BoQ_1021/2)GUARD-ROOM_1008.xls,.xls,82432,True,77,0,BOQ,
L2021-00031-1,2019-00045,파키스탄,파키스탄 태양전지모듈 인증시험소 설립사업('19-'23/950만불),L2021-00031-1/2. Chapters/Chapter 2. Bid BoQ_1021/3)BOUNDARY WALL_1008.xlsx,.xlsx,33332,True,101,0,BOQ,
L2021-00031-1,2019-00045,파키스탄,파키스탄 태양전지모듈 인증시험소 설립사업('19-'23/950만불),L2021-00031-1/2. Chapters/Chapter 2. Bid BoQ_1021/4)Electric-1008.xlsx,.xlsx,31152,True,304,0,BOQ,
L2021-00031-1,2019-00045,파키스탄,파키스탄 태양전지모듈 인증시험소 설립사업('19-'23/950만불),L2021-00031-1/2. Chapters/Chapter 2. Bid BoQ_1021/5)FLS-1008.xlsx,.xlsx,41873,True,174,0,BOQ,
L2021-00031-1,2019-00045,파키스탄,파키스탄 태양전지모듈 인증시험소 설립사업('19-'23/950만불),L2021-00031-1/2. Chapters/Chapter 2. Bid BoQ_1021/6)HVAC_1008.xlsx,.xlsx,17962,True,56,0,BOQ,
L2021-00031-1,2019-00045,파키스탄,파키스탄 태양전지모듈 인증시험소 설립사업('19-'23/950만불),L2021-00031-1/2. Chapters/Chapter 6. Construction Drawing and Specification_1016/1)PDF(PUBLIC HEALTH)-1008.pdf,.pdf,4244875,True,0,0,도면 | 시방서,
L2021-00031-1,2019-00045,파키스탄,파키스탄 태양전지모듈 인증시험소 설립사업('19-'23/950만불),L2021-00031-1/2. Chapters/Chapter 6. Construction Drawing and Specification_1016/2)PDF(STRUCTURE)-1008.pdf,.pdf,9280476,True,0,0,도면 | 시방서,
L2021-00031-1,2019-00045,파키스탄,파키스탄 태양전지모듈 인증시험소 설립사업('19-'23/950만불),L2021-00031-1/2. Chapters/Chapter 6. Construction Drawing and Specification_1016/3)PDF(ARCHITECTURE)-1008.pdf,.pdf,15790034,True,0,0,도면 | 시방서,
L2021-00031-1,2019-00045,파키스탄,파키스탄 태양전지모듈 인증시험소 설립사업('19-'23/950만불),L2021-00031-1/2. Chapters/Chapter 6. Construction Drawing and Specification_1016/4)PDF(HVAC+THERMO-HIGRO+AIR PIPING)-1008.pdf,.pdf,1134641,True,0,0,도면 | 시방서,
L2021-00031-1,2019-00045,파키스탄,파키스탄 태양전지모듈 인증시험소 설립사업('19-'23/950만불),L2021-00031-1/2. Chapters/Chapter 6. Construction Drawing and Specification_1016/5)PDF(FLS)-1008.pdf,.pdf,2690438,True,0,0,도면 | 시방서,
L2021-00031-1,2019-00045,파키스탄,파키스탄 태양전지모듈 인증시험소 설립사업('19-'23/950만불),L2021-00031-1/2. Chapters/Chapter 6. Construction Drawing and Specification_1016/6)PDF(Electricity+CCTV+COMM)-1008.pdf,.pdf,8264643,True,0,0,도면 | 시방서,
L2021-00031-1,2019-00045,파키스탄,파키스탄 태양전지모듈 인증시험소 설립사업('19-'23/950만불),L2021-00031-1/2. Chapters/Chapter 6. Construction Drawing and Specification_1016/spec-1)Architecture.pdf,.pdf,1505310,True,262,4,도면 | 시방서,
L2021-00031-1,2019-00045,파키스탄,파키스탄 태양전지모듈 인증시험소 설립사업('19-'23/950만불),L2021-00031-1/2. Chapters/Chapter 6. Construction Drawing and Specification_1016/spec-2)Civil.pdf,.pdf,2110945,True,293,17,도면 | 시방서,
L2021-00031-1,2019-00045,파키스탄,파키스탄 태양전지모듈 인증시험소 설립사업('19-'23/950만불),L2021-00031-1/2. Chapters/Chapter 6. Construction Drawing and Specification_1016/spec-3)Electrical.pdf,.pdf,1379081,True,156,0,도면 | 시방서,
L2021-00031-1,2019-00045,파키스탄,파키스탄 태양전지모듈 인증시험소 설립사업('19-'23/950만불),L2021-00031-1/2. Chapters/Chapter 6. Construction Drawing and Specification_1016/spec-4)Electrical.pdf,.pdf,1379081,True,156,0,도면 | 시방서,
L2021-00031-1,2019-00045,파키스탄,파키스탄 태양전지모듈 인증시험소 설립사업('19-'23/950만불),L2021-00031-1/2. Chapters/Chapter 6. Construction Drawing and Specification_1016/spec-5)Fire protection(0915).pdf,.pdf,898976,True,57,0,도면 | 시방서,
L2021-00031-1,2019-00045,파키스탄,파키스탄 태양전지모듈 인증시험소 설립사업('19-'23/950만불),L2021-00031-1/2. Chapters/Chapter 6. Construction Drawing and Specification_1016/spec-6)Plumbing(0915).pdf,.pdf,1318265,True,82,1,도면 | 시방서,
L2021-00031-1,2019-00045,파키스탄,파키스탄 태양전지모듈 인증시험소 설립사업('19-'23/950만불),L2021-00031-1/2. Chapters/Chapter 6. Construction Drawing and Specification_1016/spec-7)Structrue.pdf,.pdf,606784,True,59,2,도면 | 시방서,
L2021-00031-1,2019-00045,파키스탄,파키스탄 태양전지모듈 인증시험소 설립사업('19-'23/950만불),L2021-00031-1/2. Chapters/Chapter 6. Construction Drawing and Specification_1016/spec-8)Telecom.pdf,.pdf,606769,True,59,2,도면 | 시방서,
L2022-00031-1,2021-00029,파키스탄,"파키스탄 KP주 아보타바드시 하베리안지역 상수도공급 지원사업('21-'26/1,200만불)",L2022-00031-1/붙임 2 입찰 관련 문서 (220628)/13. KOICA Bidding Regulations/1. KOICA Regulations for International Procurement(국제조달규정)_20190304.pdf,.pdf,375625,True,55,1,,
L2022-00031-1,2021-00029,파키스탄,"파키스탄 KP주 아보타바드시 하베리안지역 상수도공급 지원사업('21-'26/1,200만불)",L2022-00031-1/붙임 2 입찰 관련 문서 (220628)/13. KOICA Bidding Regulations/2. Regulations for Procurement and Contract in Grant Aid Projects(대외무상협력사업에 관한 조달 및 계약규정)_20190520.pdf,.pdf,157627,True,33,2,,
L2022-00031-1,2021-00029,파키스탄,"파키스탄 KP주 아보타바드시 하베리안지역 상수도공급 지원사업('21-'26/1,200만불)",L2022-00031-1/붙임 2 입찰 관련 문서 (220628)/13. KOICA Bidding Regulations/3. Detailed Enforcement Rules of the Regulations for Procurement and Contract in Grant Aid Projects(대외무상협력사업에 관한 조달 및 계약규정 시.pdf,.pdf,554876,True,123,8,,
L2022-00031-1,2021-00029,파키스탄,"파키스탄 KP주 아보타바드시 하베리안지역 상수도공급 지원사업('21-'26/1,200만불)",L2022-00031-1/붙임 2 입찰 관련 문서 (220628)/13. KOICA Bidding Regulations/4. Guidelines for Technical Evaluation(기술평가지침)_20210408.pdf,.pdf,416852,True,65,9,,
L2022-00031-1,2021-00029,파키스탄,"파키스탄 KP주 아보타바드시 하베리안지역 상수도공급 지원사업('21-'26/1,200만불)",L2022-00031-1/붙임 2 입찰 관련 문서 (220628)/13. KOICA Bidding Regulations/5. Standard of Prequalification Criteria(입찰참가자격사전심사기준)_20130116.pdf,.pdf,473791,True,26,1,,
L2022-00032-1,2016-20176,도미니카,도미니카공화국 미성년자 임신방지 및 여성보건환경개선 3차 사업('18-'24/470만불),L2022-00032-1/(붙임3) 설계 및 규정참고자료(영문)/Attachment (Design Documents) 2. FULL SPECIFICATIONS/00-Especificaciones técnicas GENERALES/FULL GENERAL PROVISONS SPECIFICATIONS _CPSIA DD100%.pdf,.pdf,206820,True,9,0,시방서,
L2022-00032-1,2016-20176,도미니카,도미니카공화국 미성년자 임신방지 및 여성보건환경개선 3차 사업('18-'24/470만불),L2022-00032-1/(붙임3) 설계 및 규정참고자료(영문)/Attachment (Design Documents) 2. FULL SPECIFICATIONS/01-Especificaciones técnicas ARQUITECTONICAS/ANEXO/20220329-Code analysis.pdf,.pdf,173607,True,3,3,시방서,
L2022-00032-1,2016-20176,도미니카,도미니카공화국 미성년자 임신방지 및 여성보건환경개선 3차 사업('18-'24/470만불),L2022-00032-1/(붙임3) 설계 및 규정참고자료(영문)/Attachment (Design Documents) 2. FULL SPECIFICATIONS/01-Especificaciones técnicas ARQUITECTONICAS/Full ARCHITECTURAL specifications_CPSIA DD100%.pdf,.pdf,1290430,True,80,3,도면 | 시방서,
L2022-00032-1,2016-20176,도미니카,도미니카공화국 미성년자 임신방지 및 여성보건환경개선 3차 사업('18-'24/470만불),L2022-00032-1/(붙임3) 설계 및 규정참고자료(영문)/Attachment (Design Documents) 2. FULL SPECIFICATIONS/02-Especificaciones técnicas de OBRAS CIVILES/ANEXOS/000_TOPÓGRAFO/2021_08_03_CURVAS DE NIVEL.pdf,.pdf,165871,True,1,0,시방서,
L2022-00032-1,2016-20176,도미니카,도미니카공화국 미성년자 임신방지 및 여성보건환경개선 3차 사업('18-'24/470만불),L2022-00032-1/(붙임3) 설계 및 규정참고자료(영문)/Attachment (Design Documents) 2. FULL SPECIFICATIONS/02-Especificaciones técnicas de OBRAS CIVILES/ANEXOS/001-GEOTECNICAL/IG_266_21 Geothecnical Report_Project_Estancia_CPSIA ENGLISH.pdf,.pdf,1360036,True,20,0,시방서,
L2022-00032-1,2016-20176,도미니카,도미니카공화국 미성년자 임신방지 및 여성보건환경개선 3차 사업('18-'24/470만불),L2022-00032-1/(붙임3) 설계 및 규정참고자료(영문)/Attachment (Design Documents) 2. FULL SPECIFICATIONS/02-Especificaciones técnicas de OBRAS CIVILES/FULL CIVIL SPECIFICATIONS _CPSIA DD100%.pdf,.pdf,541597,True,45,1,시방서,
L2022-00032-1,2016-20176,도미니카,도미니카공화국 미성년자 임신방지 및 여성보건환경개선 3차 사업('18-'24/470만불),L2022-00032-1/(붙임3) 설계 및 규정참고자료(영문)/Attachment (Design Documents) 2. FULL SPECIFICATIONS/03-Especificaciones técnicas SANITARIAS/Full Sanitary specifications_CPSIA DD100%.pdf,.pdf,452360,True,45,3,시방서,
L2022-00032-1,2016-20176,도미니카,도미니카공화국 미성년자 임신방지 및 여성보건환경개선 3차 사업('18-'24/470만불),L2022-00032-1/(붙임3) 설계 및 규정참고자료(영문)/Attachment (Design Documents) 2. FULL SPECIFICATIONS/04-Especificaciones técnicas ELECTRICAS/Full Electric specifications_CPSIA DD100%.pdf,.pdf,407450,True,13,2,시방서,
L2022-00032-1,2016-20176,도미니카,도미니카공화국 미성년자 임신방지 및 여성보건환경개선 3차 사업('18-'24/470만불),L2022-00032-1/(붙임3) 설계 및 규정참고자료(영문)/Attachment (Design Documents) 2. FULL SPECIFICATIONS/05-Especificaciones técnicas HVAC/Full HVAC specifications_CPSIA DD100% .pdf,.pdf,359520,True,11,0,시방서,
L2022-00032-1,2016-20176,도미니카,도미니카공화국 미성년자 임신방지 및 여성보건환경개선 3차 사업('18-'24/470만불),L2022-00032-1/(붙임3) 설계 및 규정참고자료(영문)/Attachment (Design Documents) 2. FULL SPECIFICATIONS/07-Especificaciones técnicas IT/Full IT specification_CPSIA DD100%.pdf,.pdf,335403,True,13,1,시방서,
L2022-00032-1,2016-20176,도미니카,도미니카공화국 미성년자 임신방지 및 여성보건환경개선 3차 사업('18-'24/470만불),L2022-00032-1/(붙임3) 설계 및 규정참고자료(영문)/Attachment (Design Documents) 2. FULL SPECIFICATIONS/08-Especificaciones_técnicas COMPILACION/20220421_FULL SPECIFICATION COMPILATION CPSIA_DD 100%.pdf,.pdf,3361341,True,224,11,시방서,
L2022-00032-1,2016-20176,도미니카,도미니카공화국 미성년자 임신방지 및 여성보건환경개선 3차 사업('18-'24/470만불),L2022-00032-1/(붙임3) 설계 및 규정참고자료(영문)/Attachment (Design Documents) 3. BOQ (blanked)/BOQ (unit price blanked).pdf,.pdf,505425,True,20,6,BOQ | 가격·견적,
L2022-00032-1,2016-20176,도미니카,도미니카공화국 미성년자 임신방지 및 여성보건환경개선 3차 사업('18-'24/470만불),L2022-00032-1/(붙임3) 설계 및 규정참고자료(영문)/Attachment (Design Documents) 3. BOQ (blanked)/BOQ (unit price blanked).XLS,.xls,684544,True,664,0,BOQ | 가격·견적,
L2022-00032-1,2016-20176,도미니카,도미니카공화국 미성년자 임신방지 및 여성보건환경개선 3차 사업('18-'24/470만불),L2022-00032-1/(붙임3) 설계 및 규정참고자료(영문)/Attachment (Related Regulations)/1. Detailed Enforcement Rules of the Regulations for Procurement and Contract in Grant Aid Projects.pdf,.pdf,554876,True,123,8,,
L2022-00032-1,2016-20176,도미니카,도미니카공화국 미성년자 임신방지 및 여성보건환경개선 3차 사업('18-'24/470만불),L2022-00032-1/(붙임3) 설계 및 규정참고자료(영문)/Attachment (Related Regulations)/2. Guidelines for Technical Evaluation.pdf,.pdf,416852,True,65,9,,
L2022-00032-1,2016-20176,도미니카,도미니카공화국 미성년자 임신방지 및 여성보건환경개선 3차 사업('18-'24/470만불),L2022-00032-1/(붙임3) 설계 및 규정참고자료(영문)/Attachment (Related Regulations)/3. KOICA Regulations for International Procurement.pdf,.pdf,375625,True,55,1,,
L2022-00032-1,2016-20176,도미니카,도미니카공화국 미성년자 임신방지 및 여성보건환경개선 3차 사업('18-'24/470만불),L2022-00032-1/(붙임3) 설계 및 규정참고자료(영문)/Attachment (Related Regulations)/4. Regulations for Procurement and Contract in Grant Aid Projects.pdf,.pdf,157627,True,33,2,,
L2022-00032-1,2016-20176,도미니카,도미니카공화국 미성년자 임신방지 및 여성보건환경개선 3차 사업('18-'24/470만불),L2022-00032-1/(붙임3) 설계 및 규정참고자료(영문)/Attachment (Related Regulations)/5. Standard of Prequalification Criteria.pdf,.pdf,473791,True,26,1,,
L2022-00032-1,2016-20176,도미니카,도미니카공화국 미성년자 임신방지 및 여성보건환경개선 3차 사업('18-'24/470만불),L2022-00032-1/(붙임3) 설계 및 규정참고자료(영문)/Attachment (Related Regulations)/6. Standards of Qualification Examination for Selection of Constructor.pdf,.pdf,315288,True,12,0,,
L2022-00032-1,2016-20176,도미니카,도미니카공화국 미성년자 임신방지 및 여성보건환경개선 3차 사업('18-'24/470만불),L2022-00032-1/(붙임3) 설계 및 규정참고자료(영문)/Attachment (Related Regulations)/7. KOICA Safety Management Manual.pdf,.pdf,378337,True,37,4,,
L2022-00034-1,2020-00104,파키스탄,파키스탄 아동 및 지역 영양 개선을 위한 영양교육센터 설립사업('20-'24/700만불),L2022-00034-1/2. 영양교육센터 설립사업 입찰관련 서류/Chapter 11. KOICA bidding Regulation/Detailed Enforcement Rules of the Regulations for Procurement and Contract in Grant Aid Projects(대외무상협력사업에 관한 조달 및 계약규정 시ᄒ.pdf,.pdf,554876,True,123,8,,
L2022-00034-1,2020-00104,파키스탄,파키스탄 아동 및 지역 영양 개선을 위한 영양교육센터 설립사업('20-'24/700만불),L2022-00034-1/2. 영양교육센터 설립사업 입찰관련 서류/Chapter 11. KOICA bidding Regulation/Guidelines for Technical Evaluation(기술평가지침)_20210408.pdf,.pdf,416852,True,65,9,,
L2022-00034-1,2020-00104,파키스탄,파키스탄 아동 및 지역 영양 개선을 위한 영양교육센터 설립사업('20-'24/700만불),L2022-00034-1/2. 영양교육센터 설립사업 입찰관련 서류/Chapter 11. KOICA bidding Regulation/KOICA Regulations for International Procurement(국제조달규정)_20190304.pdf,.pdf,375625,True,55,1,,
L2022-00034-1,2020-00104,파키스탄,파키스탄 아동 및 지역 영양 개선을 위한 영양교육센터 설립사업('20-'24/700만불),L2022-00034-1/2. 영양교육센터 설립사업 입찰관련 서류/Chapter 11. KOICA bidding Regulation/Regulations for Procurement and Contract in Grant Aid Projects(대외무상협력사업에 관한 조달 및 계약규정)_20190520.pdf,.pdf,157627,True,33,2,,
L2022-00034-1,2020-00104,파키스탄,파키스탄 아동 및 지역 영양 개선을 위한 영양교육센터 설립사업('20-'24/700만불),L2022-00034-1/2. 영양교육센터 설립사업 입찰관련 서류/Chapter 11. KOICA bidding Regulation/Standard of Prequalification Criteria(입찰참가자격사전심사기준)_20130116.pdf,.pdf,473791,True,26,1,,
L2022-00034-1,2020-00104,파키스탄,파키스탄 아동 및 지역 영양 개선을 위한 영양교육센터 설립사업('20-'24/700만불),L2022-00034-1/2. 영양교육센터 설립사업 입찰관련 서류/Chapter 11. KOICA bidding Regulation/Standards of Qualification Examination for Selection of Constructor(시공사선정적격심사기준)_20140403.pdf,.pdf,315288,True,12,0,,
L2022-00034-1,2020-00104,파키스탄,파키스탄 아동 및 지역 영양 개선을 위한 영양교육센터 설립사업('20-'24/700만불),L2022-00034-1/2. 영양교육센터 설립사업 입찰관련 서류/Chapter 6-1. Drawings/1.STRUCTURE DRAWINGS -0610.pdf,.pdf,5604936,True,33,1,도면,
L2022-00034-1,2020-00104,파키스탄,파키스탄 아동 및 지역 영양 개선을 위한 영양교육센터 설립사업('20-'24/700만불),L2022-00034-1/2. 영양교육센터 설립사업 입찰관련 서류/Chapter 6-1. Drawings/2.Architecture-drawings-0610-Rev.1.pdf,.pdf,53125748,True,76,1,도면,
L2022-00034-1,2020-00104,파키스탄,파키스탄 아동 및 지역 영양 개선을 위한 영양교육센터 설립사업('20-'24/700만불),L2022-00034-1/2. 영양교육센터 설립사업 입찰관련 서류/Chapter 6-1. Drawings/3.ELECTRICAL DRAWINGS-0610.pdf,.pdf,11893537,True,59,3,도면,
L2022-00034-1,2020-00104,파키스탄,파키스탄 아동 및 지역 영양 개선을 위한 영양교육센터 설립사업('20-'24/700만불),L2022-00034-1/2. 영양교육센터 설립사업 입찰관련 서류/Chapter 6-1. Drawings/4.HVAC DRAWINGS-0610.pdf,.pdf,3147855,True,14,0,도면,
L2022-00034-1,2020-00104,파키스탄,파키스탄 아동 및 지역 영양 개선을 위한 영양교육센터 설립사업('20-'24/700만불),L2022-00034-1/2. 영양교육센터 설립사업 입찰관련 서류/Chapter 6-1. Drawings/5.PLUMBING DRAWINGS-0610.pdf,.pdf,8442060,True,30,1,도면,
L2022-00034-1,2020-00104,파키스탄,파키스탄 아동 및 지역 영양 개선을 위한 영양교육센터 설립사업('20-'24/700만불),L2022-00034-1/2. 영양교육센터 설립사업 입찰관련 서류/Chapter 6-1. Drawings/6.FireFighting Drawings-0610.pdf,.pdf,2821980,True,13,0,도면,
L2022-00034-1,2020-00104,파키스탄,파키스탄 아동 및 지역 영양 개선을 위한 영양교육센터 설립사업('20-'24/700만불),L2022-00034-1/2. 영양교육센터 설립사업 입찰관련 서류/Chapter 6-2. Specifications/(220628) ├╓┴╛(┐╧) _ Chapter 6-2. Specifications.zip,.zip,3066872,True,0,0,시방서,
L2022-00034-1,2020-00104,파키스탄,파키스탄 아동 및 지역 영양 개선을 위한 영양교육센터 설립사업('20-'24/700만불),L2022-00034-1/2. 영양교육센터 설립사업 입찰관련 서류/Chapter 6-2. Specifications/(220628) ├╓┴╛(┐╧) _ Chapter 6-2. Specifications/1.SPECIFICATIO-ARCH.pdf,.pdf,905831,True,116,2,시방서,
L2022-00034-1,2020-00104,파키스탄,파키스탄 아동 및 지역 영양 개선을 위한 영양교육센터 설립사업('20-'24/700만불),L2022-00034-1/2. 영양교육센터 설립사업 입찰관련 서류/Chapter 6-2. Specifications/(220628) ├╓┴╛(┐╧) _ Chapter 6-2. Specifications/2.Specifications -ELEC.pdf,.pdf,602931,True,77,1,시방서,
L2022-00034-1,2020-00104,파키스탄,파키스탄 아동 및 지역 영양 개선을 위한 영양교육센터 설립사업('20-'24/700만불),L2022-00034-1/2. 영양교육센터 설립사업 입찰관련 서류/Chapter 6-2. Specifications/(220628) ├╓┴╛(┐╧) _ Chapter 6-2. Specifications/3.SPECIFICATION PLUMBING.pdf,.pdf,654310,True,66,2,시방서,
L2022-00034-1,2020-00104,파키스탄,파키스탄 아동 및 지역 영양 개선을 위한 영양교육센터 설립사업('20-'24/700만불),L2022-00034-1/2. 영양교육센터 설립사업 입찰관련 서류/Chapter 6-2. Specifications/(220628) ├╓┴╛(┐╧) _ Chapter 6-2. Specifications/4.SPECIFICATIONS HVAC.pdf,.pdf,224883,True,16,0,시방서,
L2022-00034-1,2020-00104,파키스탄,파키스탄 아동 및 지역 영양 개선을 위한 영양교육센터 설립사업('20-'24/700만불),L2022-00034-1/2. 영양교육센터 설립사업 입찰관련 서류/Chapter 6-2. Specifications/(220628) ├╓┴╛(┐╧) _ Chapter 6-2. Specifications/5.SPECIFICATIONS-VRF SYSTEM.pdf,.pdf,522642,True,0,0,시방서,
L2022-00034-1,2020-00104,파키스탄,파키스탄 아동 및 지역 영양 개선을 위한 영양교육센터 설립사업('20-'24/700만불),L2022-00034-1/2. 영양교육센터 설립사업 입찰관련 서류/Chapter 6-2. Specifications/(220628) ├╓┴╛(┐╧) _ Chapter 6-2. Specifications/6.SPECIFICATION FIRE FIGHTING.pdf,.pdf,817679,True,66,2,시방서,
L2022-00040-1,2016-20176,도미니카,도미니카공화국 미성년자 임신방지 및 여성보건환경개선 3차 사업('18-'24/470만불),L2022-00040-1/(붙임3) 설계 및 규정참고자료(영문)/Attachment (Design Documents) 2. FULL SPECIFICATIONS/00-Especificaciones técnicas GENERALES/FULL GENERAL PROVISONS SPECIFICATIONS _CPSIA DD100%.pdf,.pdf,206820,True,9,0,시방서,
L2022-00040-1,2016-20176,도미니카,도미니카공화국 미성년자 임신방지 및 여성보건환경개선 3차 사업('18-'24/470만불),L2022-00040-1/(붙임3) 설계 및 규정참고자료(영문)/Attachment (Design Documents) 2. FULL SPECIFICATIONS/01-Especificaciones técnicas ARQUITECTONICAS/ANEXO/20220329-Code analysis.pdf,.pdf,173607,True,3,3,시방서,
L2022-00040-1,2016-20176,도미니카,도미니카공화국 미성년자 임신방지 및 여성보건환경개선 3차 사업('18-'24/470만불),L2022-00040-1/(붙임3) 설계 및 규정참고자료(영문)/Attachment (Design Documents) 2. FULL SPECIFICATIONS/01-Especificaciones técnicas ARQUITECTONICAS/Full ARCHITECTURAL specifications_CPSIA DD100%.pdf,.pdf,1290430,True,80,3,도면 | 시방서,
L2022-00040-1,2016-20176,도미니카,도미니카공화국 미성년자 임신방지 및 여성보건환경개선 3차 사업('18-'24/470만불),L2022-00040-1/(붙임3) 설계 및 규정참고자료(영문)/Attachment (Design Documents) 2. FULL SPECIFICATIONS/02-Especificaciones técnicas de OBRAS CIVILES/ANEXOS/000_TOPÓGRAFO/2021_08_03_CURVAS DE NIVEL.pdf,.pdf,165871,True,1,0,시방서,
L2022-00040-1,2016-20176,도미니카,도미니카공화국 미성년자 임신방지 및 여성보건환경개선 3차 사업('18-'24/470만불),L2022-00040-1/(붙임3) 설계 및 규정참고자료(영문)/Attachment (Design Documents) 2. FULL SPECIFICATIONS/02-Especificaciones técnicas de OBRAS CIVILES/ANEXOS/001-GEOTECNICAL/IG_266_21 Geothecnical Report_Project_Estancia_CPSIA ENGLISH.pdf,.pdf,1360036,True,20,0,시방서,
L2022-00040-1,2016-20176,도미니카,도미니카공화국 미성년자 임신방지 및 여성보건환경개선 3차 사업('18-'24/470만불),L2022-00040-1/(붙임3) 설계 및 규정참고자료(영문)/Attachment (Design Documents) 2. FULL SPECIFICATIONS/02-Especificaciones técnicas de OBRAS CIVILES/FULL CIVIL SPECIFICATIONS _CPSIA DD100%.pdf,.pdf,541597,True,45,1,시방서,
L2022-00040-1,2016-20176,도미니카,도미니카공화국 미성년자 임신방지 및 여성보건환경개선 3차 사업('18-'24/470만불),L2022-00040-1/(붙임3) 설계 및 규정참고자료(영문)/Attachment (Design Documents) 2. FULL SPECIFICATIONS/03-Especificaciones técnicas SANITARIAS/Full Sanitary specifications_CPSIA DD100%.pdf,.pdf,452360,True,45,3,시방서,
L2022-00040-1,2016-20176,도미니카,도미니카공화국 미성년자 임신방지 및 여성보건환경개선 3차 사업('18-'24/470만불),L2022-00040-1/(붙임3) 설계 및 규정참고자료(영문)/Attachment (Design Documents) 2. FULL SPECIFICATIONS/04-Especificaciones técnicas ELECTRICAS/Full Electric specifications_CPSIA DD100%.pdf,.pdf,407450,True,13,2,시방서,
L2022-00040-1,2016-20176,도미니카,도미니카공화국 미성년자 임신방지 및 여성보건환경개선 3차 사업('18-'24/470만불),L2022-00040-1/(붙임3) 설계 및 규정참고자료(영문)/Attachment (Design Documents) 2. FULL SPECIFICATIONS/05-Especificaciones técnicas HVAC/Full HVAC specifications_CPSIA DD100% .pdf,.pdf,359520,True,11,0,시방서,
L2022-00040-1,2016-20176,도미니카,도미니카공화국 미성년자 임신방지 및 여성보건환경개선 3차 사업('18-'24/470만불),L2022-00040-1/(붙임3) 설계 및 규정참고자료(영문)/Attachment (Design Documents) 2. FULL SPECIFICATIONS/07-Especificaciones técnicas IT/Full IT specification_CPSIA DD100%.pdf,.pdf,335403,True,13,1,시방서,
L2022-00040-1,2016-20176,도미니카,도미니카공화국 미성년자 임신방지 및 여성보건환경개선 3차 사업('18-'24/470만불),L2022-00040-1/(붙임3) 설계 및 규정참고자료(영문)/Attachment (Design Documents) 2. FULL SPECIFICATIONS/08-Especificaciones_técnicas COMPILACION/20220421_FULL SPECIFICATION COMPILATION CPSIA_DD 100%.pdf,.pdf,3361341,True,224,11,시방서,
L2022-00040-1,2016-20176,도미니카,도미니카공화국 미성년자 임신방지 및 여성보건환경개선 3차 사업('18-'24/470만불),L2022-00040-1/(붙임3) 설계 및 규정참고자료(영문)/Attachment (Design Documents) 3. BOQ (blanked)/BOQ (unit price blanked).pdf,.pdf,505425,True,20,6,BOQ | 가격·견적,
L2022-00040-1,2016-20176,도미니카,도미니카공화국 미성년자 임신방지 및 여성보건환경개선 3차 사업('18-'24/470만불),L2022-00040-1/(붙임3) 설계 및 규정참고자료(영문)/Attachment (Design Documents) 3. BOQ (blanked)/BOQ (unit price blanked).XLS,.xls,684544,True,664,0,BOQ | 가격·견적,
L2022-00040-1,2016-20176,도미니카,도미니카공화국 미성년자 임신방지 및 여성보건환경개선 3차 사업('18-'24/470만불),L2022-00040-1/(붙임3) 설계 및 규정참고자료(영문)/Attachment (Related Regulations)/1. Detailed Enforcement Rules of the Regulations for Procurement and Contract in Grant Aid Projects.pdf,.pdf,554876,True,123,8,,
L2022-00040-1,2016-20176,도미니카,도미니카공화국 미성년자 임신방지 및 여성보건환경개선 3차 사업('18-'24/470만불),L2022-00040-1/(붙임3) 설계 및 규정참고자료(영문)/Attachment (Related Regulations)/2. Guidelines for Technical Evaluation.pdf,.pdf,416852,True,65,9,,
L2022-00040-1,2016-20176,도미니카,도미니카공화국 미성년자 임신방지 및 여성보건환경개선 3차 사업('18-'24/470만불),L2022-00040-1/(붙임3) 설계 및 규정참고자료(영문)/Attachment (Related Regulations)/3. KOICA Regulations for International Procurement.pdf,.pdf,375625,True,55,1,,
L2022-00040-1,2016-20176,도미니카,도미니카공화국 미성년자 임신방지 및 여성보건환경개선 3차 사업('18-'24/470만불),L2022-00040-1/(붙임3) 설계 및 규정참고자료(영문)/Attachment (Related Regulations)/4. Regulations for Procurement and Contract in Grant Aid Projects.pdf,.pdf,157627,True,33,2,,
L2022-00040-1,2016-20176,도미니카,도미니카공화국 미성년자 임신방지 및 여성보건환경개선 3차 사업('18-'24/470만불),L2022-00040-1/(붙임3) 설계 및 규정참고자료(영문)/Attachment (Related Regulations)/5. Standard of Prequalification Criteria.pdf,.pdf,473791,True,26,1,,
L2022-00040-1,2016-20176,도미니카,도미니카공화국 미성년자 임신방지 및 여성보건환경개선 3차 사업('18-'24/470만불),L2022-00040-1/(붙임3) 설계 및 규정참고자료(영문)/Attachment (Related Regulations)/6. Standards of Qualification Examination for Selection of Constructor.pdf,.pdf,315288,True,12,0,,
L2022-00040-1,2016-20176,도미니카,도미니카공화국 미성년자 임신방지 및 여성보건환경개선 3차 사업('18-'24/470만불),L2022-00040-1/(붙임3) 설계 및 규정참고자료(영문)/Attachment (Related Regulations)/7. KOICA Safety Management Manual.pdf,.pdf,378337,True,37,4,,
L2022-00059-1,2020-00070,도미니카,"도미니카공화국 여성 중심 취약계층 사회,경제적 역량강화사업(`20-`26/550만불)",L2022-00059-1/입찰안내자료(영문)/6. Site/CCPP y CDI Montecristi Nov 2021_윤수정.dwg,.dwg,1493475,True,0,0,도면,
L2022-00059-1,2020-00070,도미니카,"도미니카공화국 여성 중심 취약계층 사회,경제적 역량강화사업(`20-`26/550만불)","L2022-00059-1/입찰안내자료(영문)/6. Site/Haina 지형도, 지적도 비교_윤수정.dwg",.dwg,599489,True,0,0,도면,
L2022-00068-1,2020-00053,에티오피아,"에티오피아 양질의 일자리 창출을 위한 ICT 기반의 창업 및 중소기업(SMEs) 육성 지원 사업(`20-`26/1,000만불)",L2022-00068-1/붙임 2. 입찰 관련 서류/02_Part2(░·╛≈┴÷╜├╝¡)/Section_6_Techinial Specification/Section_6_Techinial Specification/Specification_Archi.docx,.docx,125687,True,933,0,시방서,
L2022-00068-1,2020-00053,에티오피아,"에티오피아 양질의 일자리 창출을 위한 ICT 기반의 창업 및 중소기업(SMEs) 육성 지원 사업(`20-`26/1,000만불)",L2022-00068-1/붙임 2. 입찰 관련 서류/02_Part2(░·╛≈┴÷╜├╝¡)/Section_6_Techinial Specification/Section_6_Techinial Specification/Specification_Elec.docx,.docx,84812,True,268,0,시방서,
L2022-00068-1,2020-00053,에티오피아,"에티오피아 양질의 일자리 창출을 위한 ICT 기반의 창업 및 중소기업(SMEs) 육성 지원 사업(`20-`26/1,000만불)",L2022-00068-1/붙임 2. 입찰 관련 서류/02_Part2(░·╛≈┴÷╜├╝¡)/Section_6_Techinial Specification/Section_6_Techinial Specification/Specification_HSS.docx,.docx,68120,True,112,0,시방서,
L2022-00068-1,2020-00053,에티오피아,"에티오피아 양질의 일자리 창출을 위한 ICT 기반의 창업 및 중소기업(SMEs) 육성 지원 사업(`20-`26/1,000만불)",L2022-00068-1/붙임 2. 입찰 관련 서류/02_Part2(░·╛≈┴÷╜├╝¡)/Section_6_Techinial Specification/Section_6_Techinial Specification/Specification_Mechanical.docx,.docx,106738,True,414,0,시방서,
L2022-00068-1,2020-00053,에티오피아,"에티오피아 양질의 일자리 창출을 위한 ICT 기반의 창업 및 중소기업(SMEs) 육성 지원 사업(`20-`26/1,000만불)",L2022-00068-1/붙임 2. 입찰 관련 서류/03_Part3(░Φ╛α╝¡ ╣╫ ▒Γ┼╕ └┌╖ß)/Section_12_Other Form/Reference5_KOICA procurement guideline and regulation/Detailed Enforcement Rules of the Regulations for Procurement and Contract in Grant Aid Projects(대외무상협력사업에 관한 조달 및 계약규정 시ᄒ.pdf,.pdf,554876,True,123,8,,
L2022-00068-1,2020-00053,에티오피아,"에티오피아 양질의 일자리 창출을 위한 ICT 기반의 창업 및 중소기업(SMEs) 육성 지원 사업(`20-`26/1,000만불)",L2022-00068-1/붙임 2. 입찰 관련 서류/03_Part3(░Φ╛α╝¡ ╣╫ ▒Γ┼╕ └┌╖ß)/Section_12_Other Form/Reference5_KOICA procurement guideline and regulation/Guidelines for Technical Evaluation(기술평가지침)_20210408.pdf,.pdf,416852,True,65,9,,
L2022-00068-1,2020-00053,에티오피아,"에티오피아 양질의 일자리 창출을 위한 ICT 기반의 창업 및 중소기업(SMEs) 육성 지원 사업(`20-`26/1,000만불)",L2022-00068-1/붙임 2. 입찰 관련 서류/03_Part3(░Φ╛α╝¡ ╣╫ ▒Γ┼╕ └┌╖ß)/Section_12_Other Form/Reference5_KOICA procurement guideline and regulation/KOICA Regulations for International Procurement(국제조달규정)_20190304.pdf,.pdf,375625,True,55,1,,
L2022-00068-1,2020-00053,에티오피아,"에티오피아 양질의 일자리 창출을 위한 ICT 기반의 창업 및 중소기업(SMEs) 육성 지원 사업(`20-`26/1,000만불)",L2022-00068-1/붙임 2. 입찰 관련 서류/03_Part3(░Φ╛α╝¡ ╣╫ ▒Γ┼╕ └┌╖ß)/Section_12_Other Form/Reference5_KOICA procurement guideline and regulation/Regulations for Procurement and Contract in Grant Aid Projects(대외무상협력사업에 관한 조달 및 계약규정)_20190520.pdf,.pdf,157627,True,33,2,,
L2022-00068-1,2020-00053,에티오피아,"에티오피아 양질의 일자리 창출을 위한 ICT 기반의 창업 및 중소기업(SMEs) 육성 지원 사업(`20-`26/1,000만불)",L2022-00068-1/붙임 2. 입찰 관련 서류/03_Part3(░Φ╛α╝¡ ╣╫ ▒Γ┼╕ └┌╖ß)/Section_12_Other Form/Reference5_KOICA procurement guideline and regulation/Standard of Prequalification Criteria(입찰참가자격사전심사기준)_20130116.pdf,.pdf,473791,True,26,1,,
L2022-00068-1,2020-00053,에티오피아,"에티오피아 양질의 일자리 창출을 위한 ICT 기반의 창업 및 중소기업(SMEs) 육성 지원 사업(`20-`26/1,000만불)",L2022-00068-1/붙임 2. 입찰 관련 서류/03_Part3(░Φ╛α╝¡ ╣╫ ▒Γ┼╕ └┌╖ß)/Section_12_Other Form/Reference5_KOICA procurement guideline and regulation/Standards of Qualification Examination for Selection of Constructor(시공사선정적격심사기준)_20140403.pdf,.pdf,315288,True,12,0,,
L2023-00004-1,2020-00053,에티오피아,"에티오피아 양질의 일자리 창출을 위한 ICT 기반의 창업 및 중소기업(SMEs) 육성 지원 사업(`20-`26/1,000만불)",L2023-00004-1/붙임 2. 입찰 서류/02_Part2(░·╛≈┴÷╜├╝¡)/Section_6_Techinial Specification/Section_6_Techinial Specification/Specification_Archi.docx,.docx,125687,True,933,0,시방서,
L2023-00004-1,2020-00053,에티오피아,"에티오피아 양질의 일자리 창출을 위한 ICT 기반의 창업 및 중소기업(SMEs) 육성 지원 사업(`20-`26/1,000만불)",L2023-00004-1/붙임 2. 입찰 서류/02_Part2(░·╛≈┴÷╜├╝¡)/Section_6_Techinial Specification/Section_6_Techinial Specification/Specification_Elec.docx,.docx,84812,True,268,0,시방서,
L2023-00004-1,2020-00053,에티오피아,"에티오피아 양질의 일자리 창출을 위한 ICT 기반의 창업 및 중소기업(SMEs) 육성 지원 사업(`20-`26/1,000만불)",L2023-00004-1/붙임 2. 입찰 서류/02_Part2(░·╛≈┴÷╜├╝¡)/Section_6_Techinial Specification/Section_6_Techinial Specification/Specification_HSS.docx,.docx,68120,True,112,0,시방서,
L2023-00004-1,2020-00053,에티오피아,"에티오피아 양질의 일자리 창출을 위한 ICT 기반의 창업 및 중소기업(SMEs) 육성 지원 사업(`20-`26/1,000만불)",L2023-00004-1/붙임 2. 입찰 서류/02_Part2(░·╛≈┴÷╜├╝¡)/Section_6_Techinial Specification/Section_6_Techinial Specification/Specification_Mechanical.docx,.docx,106738,True,414,0,시방서,
L2023-00004-1,2020-00053,에티오피아,"에티오피아 양질의 일자리 창출을 위한 ICT 기반의 창업 및 중소기업(SMEs) 육성 지원 사업(`20-`26/1,000만불)",L2023-00004-1/붙임 5. 유찰 결과 보고 내부결재/║┘└╙ 1. (CM ░╦┼Σ) └»┬√ ░ß░· ╣╫ ▒Γ┴╪ ┐╧╚¡ ░╦┼Σ └╟░▀/1. (공문) 정림CM2125-140호  에티오피아 ICT_ 시공사 입찰결과에 CM검토의견서 제출 pdf.pdf,.pdf,126904,True,1,0,,
L2023-00004-1,2020-00053,에티오피아,"에티오피아 양질의 일자리 창출을 위한 ICT 기반의 창업 및 중소기업(SMEs) 육성 지원 사업(`20-`26/1,000만불)",L2023-00004-1/붙임 5. 유찰 결과 보고 내부결재/║┘└╙ 1. (CM ░╦┼Σ) └»┬√ ░ß░· ╣╫ ▒Γ┴╪ ┐╧╚¡ ░╦┼Σ └╟░▀/2. (검토 의견) 에티오피아_ICT_입찰자격 완화 검토의견.pdf,.pdf,139973,True,4,1,,
L2023-00004-1,2020-00053,에티오피아,"에티오피아 양질의 일자리 창출을 위한 ICT 기반의 창업 및 중소기업(SMEs) 육성 지원 사업(`20-`26/1,000만불)",L2023-00004-1/붙임 5. 유찰 결과 보고 내부결재/║┘└╙ 1. (CM ░╦┼Σ) └»┬√ ░ß░· ╣╫ ▒Γ┴╪ ┐╧╚¡ ░╦┼Σ └╟░▀/참조1. 추정가격 10억원 미만 3억원 이상인 공사의 평가기준(조달청 시설공사 적.pdf,.pdf,74249,True,3,0,가격·견적,
L2023-00004-1,2020-00053,에티오피아,"에티오피아 양질의 일자리 창출을 위한 ICT 기반의 창업 및 중소기업(SMEs) 육성 지원 사업(`20-`26/1,000만불)",L2023-00004-1/붙임 5. 유찰 결과 보고 내부결재/║┘└╙ 1. (CM ░╦┼Σ) └»┬√ ░ß░· ╣╫ ▒Γ┴╪ ┐╧╚¡ ░╦┼Σ └╟░▀/참조2. 230106 Reasons for not submitting bids.pdf,.pdf,36738,True,3,0,,
L2023-00019-1,2021-00075,동티모르,동티모르 농민참여형 가치사슬 개선사업('21-'25/600만불),"L2023-00019-1/2. Section 1,7,8,9 (2)/Section 1 - Instructions to Bidders (ITB)/Section 1 - Instructions to Bidders (ITB).hwp",.hwp,83968,True,165,0,,
L2023-00019-1,2021-00075,동티모르,동티모르 농민참여형 가치사슬 개선사업('21-'25/600만불),"L2023-00019-1/2. Section 1,7,8,9 (2)/Section 1 - Instructions to Bidders (ITB)/Section 1 - 국제입찰유의서 (ITB).hwp",.hwp,83968,True,136,0,,
L2023-00028-1,2021-00042,우간다,"우간다 농업지도자 연수원 자립적 운영체계 구축 및 연수역량 강화사업(`21-`28/1,200만불)",L2023-00028-1/2. 입찰서류(영문)/4. Terms of Reference with CM forms/4-1. Farm Renovation Concept Paper.docx,.docx,4592259,True,159,3,,
L2023-00028-1,2021-00042,우간다,"우간다 농업지도자 연수원 자립적 운영체계 구축 및 연수역량 강화사업(`21-`28/1,200만불)",L2023-00028-1/2. 입찰서류(영문)/4. Terms of Reference with CM forms/4-2. Construction Supervision Forms.docx,.docx,20958,True,85,0,,
L2023-00028-1,2021-00042,우간다,"우간다 농업지도자 연수원 자립적 운영체계 구축 및 연수역량 강화사업(`21-`28/1,200만불)",L2023-00028-1/2. 입찰서류(영문)/4. Terms of Reference with CM forms/4. Terms of Reference.docx,.docx,982264,True,394,3,,
L2023-00032-1,2020-00046,모잠비크,모잠비크 도로안전 시범개선 및 역량강화 사업('20-'24/700만불),L2023-00032-1/2. 입찰서류(영문)/Section 1 - Instructions to Bidders (ITB)/Section 1 - Instructions to Bidders (ITB).hwp,.hwp,83968,True,165,0,,
L2023-00032-1,2020-00046,모잠비크,모잠비크 도로안전 시범개선 및 역량강화 사업('20-'24/700만불),L2023-00032-1/2. 입찰서류(영문)/Section 1 - Instructions to Bidders (ITB)/Section 1 - 국제입찰유의서 (ITB).hwp,.hwp,83968,True,136,0,,
L2023-00036-1,2020-00086,우즈베키스탄,"우즈베키스탄 우르겐치 직업훈련원 건립 및 직업훈련 제도역량 공고화 지원 사업('20-'24/1,400만불)",L2023-00036-1/붙임3_입찰관련서류_검토완_0717/Section 4.  Bill of Quantities(Not-Priced)/.Urgench_CM_Comments_Arch_VTC_and_TTC_ENG_20230707.zip,.zip,6277094,True,0,0,BOQ | 가격·견적,
L2023-00036-1,2020-00086,우즈베키스탄,"우즈베키스탄 우르겐치 직업훈련원 건립 및 직업훈련 제도역량 공고화 지원 사업('20-'24/1,400만불)",L2023-00036-1/붙임3_입찰관련서류_검토완_0717/Section 4.  Bill of Quantities(Not-Priced)/.Urgench_CM_Comments_Arch_VTC_and_TTC_ENG_20230707/1.1.Urgench_CM_Comments_Arch_VTC_and_TTC_ENG_20230505.xlsx,.xlsx,26633,True,64,0,BOQ | 가격·견적,
L2023-00036-1,2020-00086,우즈베키스탄,"우즈베키스탄 우르겐치 직업훈련원 건립 및 직업훈련 제도역량 공고화 지원 사업('20-'24/1,400만불)",L2023-00036-1/붙임3_입찰관련서류_검토완_0717/Section 4.  Bill of Quantities(Not-Priced)/.Urgench_CM_Comments_Arch_VTC_and_TTC_ENG_20230707/1.2. Urgench CM Comments(Elec)_VTC+TTC-(ENG)__20230707.xlsx,.xlsx,18391,True,51,0,BOQ | 가격·견적,
L2023-00036-1,2020-00086,우즈베키스탄,"우즈베키스탄 우르겐치 직업훈련원 건립 및 직업훈련 제도역량 공고화 지원 사업('20-'24/1,400만불)",L2023-00036-1/붙임3_입찰관련서류_검토완_0717/Section 4.  Bill of Quantities(Not-Priced)/.Urgench_CM_Comments_Arch_VTC_and_TTC_ENG_20230707/1.3.1. Urgench CM Comments(Mech) VTC_20230704_R3.xlsx,.xlsx,6188237,True,96,0,BOQ | 가격·견적,
L2023-00036-1,2020-00086,우즈베키스탄,"우즈베키스탄 우르겐치 직업훈련원 건립 및 직업훈련 제도역량 공고화 지원 사업('20-'24/1,400만불)",L2023-00036-1/붙임3_입찰관련서류_검토완_0717/Section 4.  Bill of Quantities(Not-Priced)/.Urgench_CM_Comments_Arch_VTC_and_TTC_ENG_20230707/1.3.2. Urgench CM Comments(Mech)_Tashkent_TTC_Drawings_20230704.xlsx,.xlsx,788369,True,15,0,BOQ | 도면 | 가격·견적,
L2023-00036-1,2020-00086,우즈베키스탄,"우즈베키스탄 우르겐치 직업훈련원 건립 및 직업훈련 제도역량 공고화 지원 사업('20-'24/1,400만불)",L2023-00036-1/붙임3_입찰관련서류_검토완_0717/Section 4.  Bill of Quantities(Not-Priced)/.Urgench_CM_Comments_Arch_VTC_and_TTC_ENG_20230707/1.3.3. Urgench CM_Comments_Mech_VTC_and_TTC_Main_ENG_20230707.xlsx.docx,.docx,16615,True,9,0,BOQ | 가격·견적,
L2023-00036-1,2020-00086,우즈베키스탄,"우즈베키스탄 우르겐치 직업훈련원 건립 및 직업훈련 제도역량 공고화 지원 사업('20-'24/1,400만불)",L2023-00036-1/붙임3_입찰관련서류_검토완_0717/Section 4.  Bill of Quantities(Not-Priced)/.Urgench_CM_Comments_Arch_VTC_and_TTC_ENG_20230707/1.4. Urgench CM_Comments_PMC_VTC_and_TTC_ENG_20230707.xlsx,.xlsx,18240,True,24,0,BOQ | 가격·견적,
L2023-00036-1,2020-00086,우즈베키스탄,"우즈베키스탄 우르겐치 직업훈련원 건립 및 직업훈련 제도역량 공고화 지원 사업('20-'24/1,400만불)",L2023-00036-1/붙임3_입찰관련서류_검토완_0717/Section 4.  Bill of Quantities(Not-Priced)/Estimate Detailed Conditions)(VTC+TTC)_Final_.docx,.docx,80256,True,128,0,BOQ | 가격·견적,
L2023-00036-1,2020-00086,우즈베키스탄,"우즈베키스탄 우르겐치 직업훈련원 건립 및 직업훈련 제도역량 공고화 지원 사업('20-'24/1,400만불)",L2023-00036-1/붙임3_입찰관련서류_검토완_0717/Section 4.  Bill of Quantities(Not-Priced)/Section 4. Bill of Quantity(Not-Priced) Summary.xls,.xls,76800,True,115,5,BOQ | 가격·견적,
L2023-00036-1,2020-00086,우즈베키스탄,"우즈베키스탄 우르겐치 직업훈련원 건립 및 직업훈련 제도역량 공고화 지원 사업('20-'24/1,400만불)",L2023-00036-1/붙임3_입찰관련서류_검토완_0717/Section 4.  Bill of Quantities(Not-Priced)/공내역서/Total Table(VTC+TTC o).xls,.xls,46592,True,57,3,BOQ | 가격·견적,
L2023-00036-1,2020-00086,우즈베키스탄,"우즈베키스탄 우르겐치 직업훈련원 건립 및 직업훈련 제도역량 공고화 지원 사업('20-'24/1,400만불)",L2023-00036-1/붙임3_입찰관련서류_검토완_0717/Section 4.  Bill of Quantities(Not-Priced)/공내역서/TTC견적서/Estimate Manual(VTC+TTC).docx,.docx,61925,True,108,0,BOQ | 가격·견적,
L2023-00036-1,2020-00086,우즈베키스탄,"우즈베키스탄 우르겐치 직업훈련원 건립 및 직업훈련 제도역량 공고화 지원 사업('20-'24/1,400만불)",L2023-00036-1/붙임3_입찰관련서류_검토완_0717/Section 4.  Bill of Quantities(Not-Priced)/공내역서/TTC견적서/Total Table(TTC o).xls,.xls,46080,True,27,0,BOQ | 가격·견적,
L2023-00036-1,2020-00086,우즈베키스탄,"우즈베키스탄 우르겐치 직업훈련원 건립 및 직업훈련 제도역량 공고화 지원 사업('20-'24/1,400만불)",L2023-00036-1/붙임3_입찰관련서류_검토완_0717/Section 4.  Bill of Quantities(Not-Priced)/공내역서/TTC견적서/TTC(Teacher Traing Center)/1 КЖ(Structure)/bv1960bvvv.xlsx,.xlsx,182869,True,2397,0,BOQ | 가격·견적,
L2023-00036-1,2020-00086,우즈베키스탄,"우즈베키스탄 우르겐치 직업훈련원 건립 및 직업훈련 제도역량 공고화 지원 사업('20-'24/1,400만불)",L2023-00036-1/붙임3_입찰관련서류_검토완_0717/Section 4.  Bill of Quantities(Not-Priced)/공내역서/TTC견적서/TTC(Teacher Traing Center)/1 КЖ(Structure)/ra1960.xlsx,.xlsx,22697,True,112,0,BOQ | 가격·견적,
L2023-00036-1,2020-00086,우즈베키스탄,"우즈베키스탄 우르겐치 직업훈련원 건립 및 직업훈련 제도역량 공고화 지원 사업('20-'24/1,400만불)",L2023-00036-1/붙임3_입찰관련서류_검토완_0717/Section 4.  Bill of Quantities(Not-Priced)/공내역서/TTC견적서/TTC(Teacher Traing Center)/10 СКС(Network)/bv880.xlsx,.xlsx,18727,True,82,0,BOQ | 가격·견적,
L2023-00036-1,2020-00086,우즈베키스탄,"우즈베키스탄 우르겐치 직업훈련원 건립 및 직업훈련 제도역량 공고화 지원 사업('20-'24/1,400만불)",L2023-00036-1/붙임3_입찰관련서류_검토완_0717/Section 4.  Bill of Quantities(Not-Priced)/공내역서/TTC견적서/TTC(Teacher Traing Center)/10 СКС(Network)/ra880.xlsx,.xlsx,18030,True,65,0,BOQ | 가격·견적,
L2023-00036-1,2020-00086,우즈베키스탄,"우즈베키스탄 우르겐치 직업훈련원 건립 및 직업훈련 제도역량 공고화 지원 사업('20-'24/1,400만불)",L2023-00036-1/붙임3_입찰관련서류_검토완_0717/Section 4.  Bill of Quantities(Not-Priced)/공내역서/TTC견적서/TTC(Teacher Traing Center)/11 ПС(Fire Alarm)/bv890.xlsx,.xlsx,16239,True,60,0,BOQ | 가격·견적,
L2023-00036-1,2020-00086,우즈베키스탄,"우즈베키스탄 우르겐치 직업훈련원 건립 및 직업훈련 제도역량 공고화 지원 사업('20-'24/1,400만불)",L2023-00036-1/붙임3_입찰관련서류_검토완_0717/Section 4.  Bill of Quantities(Not-Priced)/공내역서/TTC견적서/TTC(Teacher Traing Center)/11 ПС(Fire Alarm)/ra890.xlsx,.xlsx,16065,True,45,0,BOQ | 가격·견적,
L2023-00036-1,2020-00086,우즈베키스탄,"우즈베키스탄 우르겐치 직업훈련원 건립 및 직업훈련 제도역량 공고화 지원 사업('20-'24/1,400만불)",L2023-00036-1/붙임3_입찰관련서류_검토완_0717/Section 4.  Bill of Quantities(Not-Priced)/공내역서/TTC견적서/TTC(Teacher Traing Center)/12 OB( Heating & Ventilation)/bv900.xlsx,.xlsx,57114,True,597,0,BOQ | 가격·견적,
L2023-00036-1,2020-00086,우즈베키스탄,"우즈베키스탄 우르겐치 직업훈련원 건립 및 직업훈련 제도역량 공고화 지원 사업('20-'24/1,400만불)",L2023-00036-1/붙임3_입찰관련서류_검토완_0717/Section 4.  Bill of Quantities(Not-Priced)/공내역서/TTC견적서/TTC(Teacher Traing Center)/12 OB( Heating & Ventilation)/ra900.xlsx,.xlsx,25457,True,162,0,BOQ | 가격·견적,
L2023-00036-1,2020-00086,우즈베키스탄,"우즈베키스탄 우르겐치 직업훈련원 건립 및 직업훈련 제도역량 공고화 지원 사업('20-'24/1,400만불)",L2023-00036-1/붙임3_입찰관련서류_검토완_0717/Section 4.  Bill of Quantities(Not-Priced)/공내역서/TTC견적서/TTC(Teacher Traing Center)/13 ТП(Transformers)/13-1 AC(Architecture+Structure)/bv13610.xls,.xls,48640,True,70,0,BOQ | 가격·견적,
L2023-00036-1,2020-00086,우즈베키스탄,"우즈베키스탄 우르겐치 직업훈련원 건립 및 직업훈련 제도역량 공고화 지원 사업('20-'24/1,400만불)",L2023-00036-1/붙임3_입찰관련서류_검토완_0717/Section 4.  Bill of Quantities(Not-Priced)/공내역서/TTC견적서/TTC(Teacher Traing Center)/13 ТП(Transformers)/13-1 AC(Architecture+Structure)/ra13610.xls,.xls,80896,True,213,0,BOQ | 가격·견적,
L2023-00036-1,2020-00086,우즈베키스탄,"우즈베키스탄 우르겐치 직업훈련원 건립 및 직업훈련 제도역량 공고화 지원 사업('20-'24/1,400만불)",L2023-00036-1/붙임3_입찰관련서류_검토완_0717/Section 4.  Bill of Quantities(Not-Priced)/공내역서/TTC견적서/TTC(Teacher Traing Center)/13 ТП(Transformers)/13-2 ЭО(Electric)/bv13620.xls,.xls,41984,True,48,0,BOQ | 가격·견적,
L2023-00036-1,2020-00086,우즈베키스탄,"우즈베키스탄 우르겐치 직업훈련원 건립 및 직업훈련 제도역량 공고화 지원 사업('20-'24/1,400만불)",L2023-00036-1/붙임3_입찰관련서류_검토완_0717/Section 4.  Bill of Quantities(Not-Priced)/공내역서/TTC견적서/TTC(Teacher Traing Center)/13 ТП(Transformers)/13-2 ЭО(Electric)/ra13620.xls,.xls,65024,True,145,0,BOQ | 가격·견적,
L2023-00036-1,2020-00086,우즈베키스탄,"우즈베키스탄 우르겐치 직업훈련원 건립 및 직업훈련 제도역량 공고화 지원 사업('20-'24/1,400만불)",L2023-00036-1/붙임3_입찰관련서류_검토완_0717/Section 4.  Bill of Quantities(Not-Priced)/공내역서/TTC견적서/TTC(Teacher Traing Center)/2 АР(Architecture)/bv3030.xlsx,.xlsx,84434,True,921,0,BOQ | 가격·견적,
L2023-00036-1,2020-00086,우즈베키스탄,"우즈베키스탄 우르겐치 직업훈련원 건립 및 직업훈련 제도역량 공고화 지원 사업('20-'24/1,400만불)",L2023-00036-1/붙임3_입찰관련서류_검토완_0717/Section 4.  Bill of Quantities(Not-Priced)/공내역서/TTC견적서/TTC(Teacher Traing Center)/2 АР(Architecture)/ra3030.xlsx,.xlsx,27171,True,160,0,BOQ | 가격·견적,
L2023-00036-1,2020-00086,우즈베키스탄,"우즈베키스탄 우르겐치 직업훈련원 건립 및 직업훈련 제도역량 공고화 지원 사업('20-'24/1,400만불)",L2023-00036-1/붙임3_입찰관련서류_검토완_0717/Section 4.  Bill of Quantities(Not-Priced)/공내역서/TTC견적서/TTC(Teacher Traing Center)/3 ГП(Site Plan & Landscape+Outdoor Infra)/bv3060.xlsx,.xlsx,27660,True,191,0,BOQ | 가격·견적,
L2023-00036-1,2020-00086,우즈베키스탄,"우즈베키스탄 우르겐치 직업훈련원 건립 및 직업훈련 제도역량 공고화 지원 사업('20-'24/1,400만불)",L2023-00036-1/붙임3_입찰관련서류_검토완_0717/Section 4.  Bill of Quantities(Not-Priced)/공내역서/TTC견적서/TTC(Teacher Traing Center)/3 ГП(Site Plan & Landscape+Outdoor Infra)/ra3060.xlsx,.xlsx,18388,True,69,0,BOQ | 가격·견적,
L2023-00036-1,2020-00086,우즈베키스탄,"우즈베키스탄 우르겐치 직업훈련원 건립 및 직업훈련 제도역량 공고화 지원 사업('20-'24/1,400만불)",L2023-00036-1/붙임3_입찰관련서류_검토완_0717/Section 4.  Bill of Quantities(Not-Priced)/공내역서/TTC견적서/TTC(Teacher Traing Center)/4 Fence & Gate/bv1970.xlsx,.xlsx,31247,True,238,0,BOQ | 가격·견적,
L2023-00036-1,2020-00086,우즈베키스탄,"우즈베키스탄 우르겐치 직업훈련원 건립 및 직업훈련 제도역량 공고화 지원 사업('20-'24/1,400만불)",L2023-00036-1/붙임3_입찰관련서류_검토완_0717/Section 4.  Bill of Quantities(Not-Priced)/공내역서/TTC견적서/TTC(Teacher Traing Center)/4 Fence & Gate/ra1970.xlsx,.xlsx,17488,True,63,0,BOQ | 가격·견적,
L2023-00036-1,2020-00086,우즈베키스탄,"우즈베키스탄 우르겐치 직업훈련원 건립 및 직업훈련 제도역량 공고화 지원 사업('20-'24/1,400만불)",L2023-00036-1/붙임3_입찰관련서류_검토완_0717/Section 4.  Bill of Quantities(Not-Priced)/공내역서/TTC견적서/TTC(Teacher Traing Center)/5 BK(Water & Drain)/bv3070.xlsx,.xlsx,49531,True,515,0,BOQ | 가격·견적,
L2023-00036-1,2020-00086,우즈베키스탄,"우즈베키스탄 우르겐치 직업훈련원 건립 및 직업훈련 제도역량 공고화 지원 사업('20-'24/1,400만불)",L2023-00036-1/붙임3_입찰관련서류_검토완_0717/Section 4.  Bill of Quantities(Not-Priced)/공내역서/TTC견적서/TTC(Teacher Traing Center)/5 BK(Water & Drain)/ra3070.xlsx,.xlsx,25278,True,149,0,BOQ | 가격·견적,
L2023-00036-1,2020-00086,우즈베키스탄,"우즈베키스탄 우르겐치 직업훈련원 건립 및 직업훈련 제도역량 공고화 지원 사업('20-'24/1,400만불)",L2023-00036-1/붙임3_입찰관련서류_검토완_0717/Section 4.  Bill of Quantities(Not-Priced)/공내역서/TTC견적서/TTC(Teacher Traing Center)/6 BH(CCTV)/bv3040.xlsx,.xlsx,17421,True,82,0,BOQ | 가격·견적,
L2023-00036-1,2020-00086,우즈베키스탄,"우즈베키스탄 우르겐치 직업훈련원 건립 및 직업훈련 제도역량 공고화 지원 사업('20-'24/1,400만불)",L2023-00036-1/붙임3_입찰관련서류_검토완_0717/Section 4.  Bill of Quantities(Not-Priced)/공내역서/TTC견적서/TTC(Teacher Traing Center)/6 BH(CCTV)/ra3040.xlsx,.xlsx,15692,True,41,0,BOQ | 가격·견적,
L2023-00036-1,2020-00086,우즈베키스탄,"우즈베키스탄 우르겐치 직업훈련원 건립 및 직업훈련 제도역량 공고화 지원 사업('20-'24/1,400만불)",L2023-00036-1/붙임3_입찰관련서류_검토완_0717/Section 4.  Bill of Quantities(Not-Priced)/공내역서/TTC견적서/TTC(Teacher Traing Center)/7 CO(Suond)/bv3050.xlsx,.xlsx,19167,True,93,0,BOQ | 가격·견적,
L2023-00036-1,2020-00086,우즈베키스탄,"우즈베키스탄 우르겐치 직업훈련원 건립 및 직업훈련 제도역량 공고화 지원 사업('20-'24/1,400만불)",L2023-00036-1/붙임3_입찰관련서류_검토완_0717/Section 4.  Bill of Quantities(Not-Priced)/공내역서/TTC견적서/TTC(Teacher Traing Center)/7 CO(Suond)/ra3050.xlsx,.xlsx,16144,True,46,0,BOQ | 가격·견적,
L2023-00036-1,2020-00086,우즈베키스탄,"우즈베키스탄 우르겐치 직업훈련원 건립 및 직업훈련 제도역량 공고화 지원 사업('20-'24/1,400만불)",L2023-00036-1/붙임3_입찰관련서류_검토완_0717/Section 4.  Bill of Quantities(Not-Priced)/공내역서/TTC견적서/TTC(Teacher Traing Center)/8 TX(Technology)/bv1980.xlsx,.xlsx,26757,True,214,0,BOQ | 가격·견적,
L2023-00036-1,2020-00086,우즈베키스탄,"우즈베키스탄 우르겐치 직업훈련원 건립 및 직업훈련 제도역량 공고화 지원 사업('20-'24/1,400만불)",L2023-00036-1/붙임3_입찰관련서류_검토완_0717/Section 4.  Bill of Quantities(Not-Priced)/공내역서/TTC견적서/TTC(Teacher Traing Center)/8 TX(Technology)/ra1980.xlsx,.xlsx,20617,True,89,0,BOQ | 가격·견적,
L2023-00036-1,2020-00086,우즈베키스탄,"우즈베키스탄 우르겐치 직업훈련원 건립 및 직업훈련 제도역량 공고화 지원 사업('20-'24/1,400만불)",L2023-00036-1/붙임3_입찰관련서류_검토완_0717/Section 4.  Bill of Quantities(Not-Priced)/공내역서/TTC견적서/TTC(Teacher Traing Center)/9 ЭО(Electric)/bv870.xlsx,.xlsx,24024,True,149,0,BOQ | 가격·견적,
L2023-00036-1,2020-00086,우즈베키스탄,"우즈베키스탄 우르겐치 직업훈련원 건립 및 직업훈련 제도역량 공고화 지원 사업('20-'24/1,400만불)",L2023-00036-1/붙임3_입찰관련서류_검토완_0717/Section 4.  Bill of Quantities(Not-Priced)/공내역서/TTC견적서/TTC(Teacher Traing Center)/9 ЭО(Electric)/ra870.xlsx,.xlsx,17554,True,61,0,BOQ | 가격·견적,
L2023-00036-1,2020-00086,우즈베키스탄,"우즈베키스탄 우르겐치 직업훈련원 건립 및 직업훈련 제도역량 공고화 지원 사업('20-'24/1,400만불)",L2023-00036-1/붙임3_입찰관련서류_검토완_0717/Section 4.  Bill of Quantities(Not-Priced)/공내역서/TTC견적서/TTC(Teacher Traing Center)/СВОДКА(TTC Total sum. o).xlsx,.xlsx,32243,True,18,0,BOQ | 가격·견적,
L2023-00036-1,2020-00086,우즈베키스탄,"우즈베키스탄 우르겐치 직업훈련원 건립 및 직업훈련 제도역량 공고화 지원 사업('20-'24/1,400만불)",L2023-00036-1/붙임3_입찰관련서류_검토완_0717/Section 4.  Bill of Quantities(Not-Priced)/공내역서/VTC견적서/0 ГП(Site Plan & Landscape+Outdoor Infra)/0-1 ГП(Site Plan+Landscape)/13403_vfor.xls,.xls,40960,True,47,0,BOQ | 가격·견적,
L2023-00036-1,2020-00086,우즈베키스탄,"우즈베키스탄 우르겐치 직업훈련원 건립 및 직업훈련 제도역량 공고화 지원 사업('20-'24/1,400만불)",L2023-00036-1/붙임3_입찰관련서류_검토완_0717/Section 4.  Bill of Quantities(Not-Priced)/공내역서/VTC견적서/0 ГП(Site Plan & Landscape+Outdoor Infra)/0-1 ГП(Site Plan+Landscape)/13403_vrmu.xls,.xls,57344,True,109,0,BOQ | 가격·견적,
L2023-00036-1,2020-00086,우즈베키스탄,"우즈베키스탄 우르겐치 직업훈련원 건립 및 직업훈련 제도역량 공고화 지원 사업('20-'24/1,400만불)",L2023-00036-1/붙임3_입찰관련서류_검토완_0717/Section 4.  Bill of Quantities(Not-Priced)/공내역서/VTC견적서/0 ГП(Site Plan & Landscape+Outdoor Infra)/0-1 ГП(Site Plan+Landscape)/bv13400.xls,.xls,100864,True,327,0,BOQ | 가격·견적,
L2023-00036-1,2020-00086,우즈베키스탄,"우즈베키스탄 우르겐치 직업훈련원 건립 및 직업훈련 제도역량 공고화 지원 사업('20-'24/1,400만불)",L2023-00036-1/붙임3_입찰관련서류_검토완_0717/Section 4.  Bill of Quantities(Not-Priced)/공내역서/VTC견적서/0 ГП(Site Plan & Landscape+Outdoor Infra)/0-10 ПВ(Landscape Water Piping)/13703_vfor.xls,.xls,44544,True,82,0,BOQ | 가격·견적,
L2023-00036-1,2020-00086,우즈베키스탄,"우즈베키스탄 우르겐치 직업훈련원 건립 및 직업훈련 제도역량 공고화 지원 사업('20-'24/1,400만불)",L2023-00036-1/붙임3_입찰관련서류_검토완_0717/Section 4.  Bill of Quantities(Not-Priced)/공내역서/VTC견적서/0 ГП(Site Plan & Landscape+Outdoor Infra)/0-10 ПВ(Landscape Water Piping)/13703_vrmu.xls,.xls,67584,True,139,0,BOQ | 가격·견적,
L2023-00036-1,2020-00086,우즈베키스탄,"우즈베키스탄 우르겐치 직업훈련원 건립 및 직업훈련 제도역량 공고화 지원 사업('20-'24/1,400만불)",L2023-00036-1/붙임3_입찰관련서류_검토완_0717/Section 4.  Bill of Quantities(Not-Priced)/공내역서/VTC견적서/0 ГП(Site Plan & Landscape+Outdoor Infra)/0-10 ПВ(Landscape Water Piping)/bv13700.xls,.xls,108032,True,392,0,BOQ | 가격·견적,
L2023-00036-1,2020-00086,우즈베키스탄,"우즈베키스탄 우르겐치 직업훈련원 건립 및 직업훈련 제도역량 공고화 지원 사업('20-'24/1,400만불)",L2023-00036-1/붙임3_입찰관련서류_검토완_0717/Section 4.  Bill of Quantities(Not-Priced)/공내역서/VTC견적서/0 ГП(Site Plan & Landscape+Outdoor Infra)/0-11 СВ(Underground Water Pumping)/13713_vfor.xls,.xls,40448,True,43,0,BOQ | 가격·견적,
L2023-00036-1,2020-00086,우즈베키스탄,"우즈베키스탄 우르겐치 직업훈련원 건립 및 직업훈련 제도역량 공고화 지원 사업('20-'24/1,400만불)",L2023-00036-1/붙임3_입찰관련서류_검토완_0717/Section 4.  Bill of Quantities(Not-Priced)/공내역서/VTC견적서/0 ГП(Site Plan & Landscape+Outdoor Infra)/0-11 СВ(Underground Water Pumping)/13713_vrmu.xls,.xls,67072,True,128,0,BOQ | 가격·견적,
L2023-00036-1,2020-00086,우즈베키스탄,"우즈베키스탄 우르겐치 직업훈련원 건립 및 직업훈련 제도역량 공고화 지원 사업('20-'24/1,400만불)",L2023-00036-1/붙임3_입찰관련서류_검토완_0717/Section 4.  Bill of Quantities(Not-Priced)/공내역서/VTC견적서/0 ГП(Site Plan & Landscape+Outdoor Infra)/0-11 СВ(Underground Water Pumping)/bv13710.xls,.xls,108544,True,406,0,BOQ | 가격·견적,
L2023-00036-1,2020-00086,우즈베키스탄,"우즈베키스탄 우르겐치 직업훈련원 건립 및 직업훈련 제도역량 공고화 지원 사업('20-'24/1,400만불)",L2023-00036-1/붙임3_입찰관련서류_검토완_0717/Section 4.  Bill of Quantities(Not-Priced)/공내역서/VTC견적서/0 ГП(Site Plan & Landscape+Outdoor Infra)/0-12 АСКУЭ((Automatic Pump system)/13723_vfor.xls,.xls,33792,True,23,0,BOQ | 가격·견적,
L2023-00036-1,2020-00086,우즈베키스탄,"우즈베키스탄 우르겐치 직업훈련원 건립 및 직업훈련 제도역량 공고화 지원 사업('20-'24/1,400만불)",L2023-00036-1/붙임3_입찰관련서류_검토완_0717/Section 4.  Bill of Quantities(Not-Priced)/공내역서/VTC견적서/0 ГП(Site Plan & Landscape+Outdoor Infra)/0-12 АСКУЭ((Automatic Pump system)/13723_vrmu.xls,.xls,49152,True,77,0,BOQ | 가격·견적,
L2023-00036-1,2020-00086,우즈베키스탄,"우즈베키스탄 우르겐치 직업훈련원 건립 및 직업훈련 제도역량 공고화 지원 사업('20-'24/1,400만불)",L2023-00036-1/붙임3_입찰관련서류_검토완_0717/Section 4.  Bill of Quantities(Not-Priced)/공내역서/VTC견적서/0 ГП(Site Plan & Landscape+Outdoor Infra)/0-12 АСКУЭ((Automatic Pump system)/bv13720.xls,.xls,54784,True,133,0,BOQ | 가격·견적,
L2023-00036-1,2020-00086,우즈베키스탄,"우즈베키스탄 우르겐치 직업훈련원 건립 및 직업훈련 제도역량 공고화 지원 사업('20-'24/1,400만불)",L2023-00036-1/붙임3_입찰관련서류_검토완_0717/Section 4.  Bill of Quantities(Not-Priced)/공내역서/VTC견적서/0 ГП(Site Plan & Landscape+Outdoor Infra)/0-2 ФУТБОЛНОЕ ПОЛЕ(Football)/13413_vfor.xls,.xls,35840,True,26,0,BOQ | 가격·견적,
L2023-00036-1,2020-00086,우즈베키스탄,"우즈베키스탄 우르겐치 직업훈련원 건립 및 직업훈련 제도역량 공고화 지원 사업('20-'24/1,400만불)",L2023-00036-1/붙임3_입찰관련서류_검토완_0717/Section 4.  Bill of Quantities(Not-Priced)/공내역서/VTC견적서/0 ГП(Site Plan & Landscape+Outdoor Infra)/0-2 ФУТБОЛНОЕ ПОЛЕ(Football)/13413_vrmu.xls,.xls,54784,True,93,0,BOQ | 가격·견적,
L2023-00036-1,2020-00086,우즈베키스탄,"우즈베키스탄 우르겐치 직업훈련원 건립 및 직업훈련 제도역량 공고화 지원 사업('20-'24/1,400만불)",L2023-00036-1/붙임3_입찰관련서류_검토완_0717/Section 4.  Bill of Quantities(Not-Priced)/공내역서/VTC견적서/0 ГП(Site Plan & Landscape+Outdoor Infra)/0-2 ФУТБОЛНОЕ ПОЛЕ(Football)/bv13410.xls,.xls,82432,True,232,0,BOQ | 가격·견적,
L2023-00036-1,2020-00086,우즈베키스탄,"우즈베키스탄 우르겐치 직업훈련원 건립 및 직업훈련 제도역량 공고화 지원 사업('20-'24/1,400만불)",L2023-00036-1/붙임3_입찰관련서류_검토완_0717/Section 4.  Bill of Quantities(Not-Priced)/공내역서/VTC견적서/0 ГП(Site Plan & Landscape+Outdoor Infra)/0-3 БЕСЕДКА 5 ШТ(Pargola)/13633_vfor.xls,.xls,34304,True,31,0,BOQ | 가격·견적,
L2023-00036-1,2020-00086,우즈베키스탄,"우즈베키스탄 우르겐치 직업훈련원 건립 및 직업훈련 제도역량 공고화 지원 사업('20-'24/1,400만불)",L2023-00036-1/붙임3_입찰관련서류_검토완_0717/Section 4.  Bill of Quantities(Not-Priced)/공내역서/VTC견적서/0 ГП(Site Plan & Landscape+Outdoor Infra)/0-3 БЕСЕДКА 5 ШТ(Pargola)/13633_vrmu.xls,.xls,54784,True,95,0,BOQ | 가격·견적,
L2023-00036-1,2020-00086,우즈베키스탄,"우즈베키스탄 우르겐치 직업훈련원 건립 및 직업훈련 제도역량 공고화 지원 사업('20-'24/1,400만불)",L2023-00036-1/붙임3_입찰관련서류_검토완_0717/Section 4.  Bill of Quantities(Not-Priced)/공내역서/VTC견적서/0 ГП(Site Plan & Landscape+Outdoor Infra)/0-3 БЕСЕДКА 5 ШТ(Pargola)/bv13630.xls,.xls,86016,True,264,0,BOQ | 가격·견적,
L2023-00036-1,2020-00086,우즈베키스탄,"우즈베키스탄 우르겐치 직업훈련원 건립 및 직업훈련 제도역량 공고화 지원 사업('20-'24/1,400만불)",L2023-00036-1/붙임3_입찰관련서류_검토완_0717/Section 4.  Bill of Quantities(Not-Priced)/공내역서/VTC견적서/0 ГП(Site Plan & Landscape+Outdoor Infra)/0-4 ФЛАГШТОК(Flog pole)/13643_vfor.xls,.xls,36352,True,39,0,BOQ | 가격·견적,
L2023-00036-1,2020-00086,우즈베키스탄,"우즈베키스탄 우르겐치 직업훈련원 건립 및 직업훈련 제도역량 공고화 지원 사업('20-'24/1,400만불)",L2023-00036-1/붙임3_입찰관련서류_검토완_0717/Section 4.  Bill of Quantities(Not-Priced)/공내역서/VTC견적서/0 ГП(Site Plan & Landscape+Outdoor Infra)/0-4 ФЛАГШТОК(Flog pole)/13643_vrmu.xls,.xls,55808,True,103,0,BOQ | 가격·견적,
L2023-00036-1,2020-00086,우즈베키스탄,"우즈베키스탄 우르겐치 직업훈련원 건립 및 직업훈련 제도역량 공고화 지원 사업('20-'24/1,400만불)",L2023-00036-1/붙임3_입찰관련서류_검토완_0717/Section 4.  Bill of Quantities(Not-Priced)/공내역서/VTC견적서/0 ГП(Site Plan & Landscape+Outdoor Infra)/0-4 ФЛАГШТОК(Flog pole)/bv13640.xls,.xls,79872,True,223,0,BOQ | 가격·견적,
L2023-00036-1,2020-00086,우즈베키스탄,"우즈베키스탄 우르겐치 직업훈련원 건립 및 직업훈련 제도역량 공고화 지원 사업('20-'24/1,400만불)",L2023-00036-1/붙임3_입찰관련서류_검토완_0717/Section 4.  Bill of Quantities(Not-Priced)/공내역서/VTC견적서/0 ГП(Site Plan & Landscape+Outdoor Infra)/0-5 ГСН(Outdoor Gas Infra)/13653_vfor.xls,.xls,50176,True,77,0,BOQ | 가격·견적,
L2023-00036-1,2020-00086,우즈베키스탄,"우즈베키스탄 우르겐치 직업훈련원 건립 및 직업훈련 제도역량 공고화 지원 사업('20-'24/1,400만불)",L2023-00036-1/붙임3_입찰관련서류_검토완_0717/Section 4.  Bill of Quantities(Not-Priced)/공내역서/VTC견적서/0 ГП(Site Plan & Landscape+Outdoor Infra)/0-5 ГСН(Outdoor Gas Infra)/13653_vrmu.xls,.xls,83968,True,185,0,BOQ | 가격·견적,
L2023-00036-1,2020-00086,우즈베키스탄,"우즈베키스탄 우르겐치 직업훈련원 건립 및 직업훈련 제도역량 공고화 지원 사업('20-'24/1,400만불)",L2023-00036-1/붙임3_입찰관련서류_검토완_0717/Section 4.  Bill of Quantities(Not-Priced)/공내역서/VTC견적서/0 ГП(Site Plan & Landscape+Outdoor Infra)/0-5 ГСН(Outdoor Gas Infra)/bv13650.xls,.xls,158208,True,624,0,BOQ | 가격·견적,
L2023-00036-1,2020-00086,우즈베키스탄,"우즈베키스탄 우르겐치 직업훈련원 건립 및 직업훈련 제도역량 공고화 지원 사업('20-'24/1,400만불)",L2023-00036-1/붙임3_입찰관련서류_검토완_0717/Section 4.  Bill of Quantities(Not-Priced)/공내역서/VTC견적서/0 ГП(Site Plan & Landscape+Outdoor Infra)/0-6 ЭС(Outdoor Electric Infra)/13663_vfor.xls,.xls,37888,True,33,0,BOQ | 가격·견적,
L2023-00036-1,2020-00086,우즈베키스탄,"우즈베키스탄 우르겐치 직업훈련원 건립 및 직업훈련 제도역량 공고화 지원 사업('20-'24/1,400만불)",L2023-00036-1/붙임3_입찰관련서류_검토완_0717/Section 4.  Bill of Quantities(Not-Priced)/공내역서/VTC견적서/0 ГП(Site Plan & Landscape+Outdoor Infra)/0-6 ЭС(Outdoor Electric Infra)/13663_vrmu.xls,.xls,55296,True,95,0,BOQ | 가격·견적,
L2023-00036-1,2020-00086,우즈베키스탄,"우즈베키스탄 우르겐치 직업훈련원 건립 및 직업훈련 제도역량 공고화 지원 사업('20-'24/1,400만불)",L2023-00036-1/붙임3_입찰관련서류_검토완_0717/Section 4.  Bill of Quantities(Not-Priced)/공내역서/VTC견적서/0 ГП(Site Plan & Landscape+Outdoor Infra)/0-6 ЭС(Outdoor Electric Infra)/bv13660.xls,.xls,85504,True,245,0,BOQ | 가격·견적,
L2023-00036-1,2020-00086,우즈베키스탄,"우즈베키스탄 우르겐치 직업훈련원 건립 및 직업훈련 제도역량 공고화 지원 사업('20-'24/1,400만불)",L2023-00036-1/붙임3_입찰관련서류_검토완_0717/Section 4.  Bill of Quantities(Not-Priced)/공내역서/VTC견적서/0 ГП(Site Plan & Landscape+Outdoor Infra)/0-7 НЭО(Outdoor Lighting)/13673_vfor.xls,.xls,39936,True,42,0,BOQ | 가격·견적,
L2023-00036-1,2020-00086,우즈베키스탄,"우즈베키스탄 우르겐치 직업훈련원 건립 및 직업훈련 제도역량 공고화 지원 사업('20-'24/1,400만불)",L2023-00036-1/붙임3_입찰관련서류_검토완_0717/Section 4.  Bill of Quantities(Not-Priced)/공내역서/VTC견적서/0 ГП(Site Plan & Landscape+Outdoor Infra)/0-7 НЭО(Outdoor Lighting)/13673_vrmu.xls,.xls,59904,True,117,0,BOQ | 가격·견적,
L2023-00036-1,2020-00086,우즈베키스탄,"우즈베키스탄 우르겐치 직업훈련원 건립 및 직업훈련 제도역량 공고화 지원 사업('20-'24/1,400만불)",L2023-00036-1/붙임3_입찰관련서류_검토완_0717/Section 4.  Bill of Quantities(Not-Priced)/공내역서/VTC견적서/0 ГП(Site Plan & Landscape+Outdoor Infra)/0-7 НЭО(Outdoor Lighting)/bv13670.xls,.xls,88576,True,272,0,BOQ | 가격·견적,
L2023-00036-1,2020-00086,우즈베키스탄,"우즈베키스탄 우르겐치 직업훈련원 건립 및 직업훈련 제도역량 공고화 지원 사업('20-'24/1,400만불)",L2023-00036-1/붙임3_입찰관련서류_검토완_0717/Section 4.  Bill of Quantities(Not-Priced)/공내역서/VTC견적서/0 ГП(Site Plan & Landscape+Outdoor Infra)/0-8 НСС(Outside CCTV)/13683_vfor.xls,.xls,43008,True,59,0,BOQ | 가격·견적,
L2023-00036-1,2020-00086,우즈베키스탄,"우즈베키스탄 우르겐치 직업훈련원 건립 및 직업훈련 제도역량 공고화 지원 사업('20-'24/1,400만불)",L2023-00036-1/붙임3_입찰관련서류_검토완_0717/Section 4.  Bill of Quantities(Not-Priced)/공내역서/VTC견적서/0 ГП(Site Plan & Landscape+Outdoor Infra)/0-8 НСС(Outside CCTV)/13683_vrmu.xls,.xls,58880,True,118,0,BOQ | 가격·견적,
L2023-00036-1,2020-00086,우즈베키스탄,"우즈베키스탄 우르겐치 직업훈련원 건립 및 직업훈련 제도역량 공고화 지원 사업('20-'24/1,400만불)",L2023-00036-1/붙임3_입찰관련서류_검토완_0717/Section 4.  Bill of Quantities(Not-Priced)/공내역서/VTC견적서/0 ГП(Site Plan & Landscape+Outdoor Infra)/0-8 НСС(Outside CCTV)/bv13680.xls,.xls,90624,True,260,0,BOQ | 가격·견적,
L2023-00036-1,2020-00086,우즈베키스탄,"우즈베키스탄 우르겐치 직업훈련원 건립 및 직업훈련 제도역량 공고화 지원 사업('20-'24/1,400만불)",L2023-00036-1/붙임3_입찰관련서류_검토완_0717/Section 4.  Bill of Quantities(Not-Priced)/공내역서/VTC견적서/0 ГП(Site Plan & Landscape+Outdoor Infra)/0-9 НВК(Outside Water Piping)/13693_vfor.xls,.xls,50688,True,93,0,BOQ | 가격·견적,
L2023-00036-1,2020-00086,우즈베키스탄,"우즈베키스탄 우르겐치 직업훈련원 건립 및 직업훈련 제도역량 공고화 지원 사업('20-'24/1,400만불)",L2023-00036-1/붙임3_입찰관련서류_검토완_0717/Section 4.  Bill of Quantities(Not-Priced)/공내역서/VTC견적서/0 ГП(Site Plan & Landscape+Outdoor Infra)/0-9 НВК(Outside Water Piping)/13693_vrmu.xls,.xls,73728,True,149,0,BOQ | 가격·견적,
L2023-00036-1,2020-00086,우즈베키스탄,"우즈베키스탄 우르겐치 직업훈련원 건립 및 직업훈련 제도역량 공고화 지원 사업('20-'24/1,400만불)",L2023-00036-1/붙임3_입찰관련서류_검토완_0717/Section 4.  Bill of Quantities(Not-Priced)/공내역서/VTC견적서/0 ГП(Site Plan & Landscape+Outdoor Infra)/0-9 НВК(Outside Water Piping)/bv13690.xls,.xls,160256,True,679,0,BOQ | 가격·견적,
L2023-00036-1,2020-00086,우즈베키스탄,"우즈베키스탄 우르겐치 직업훈련원 건립 및 직업훈련 제도역량 공고화 지원 사업('20-'24/1,400만불)",L2023-00036-1/붙임3_입찰관련서류_검토완_0717/Section 4.  Bill of Quantities(Not-Priced)/공내역서/VTC견적서/0 ГП(Site Plan & Landscape+Outdoor Infra)/СВОДКА ГП o.xls,.xls,45568,True,24,0,BOQ | 가격·견적,
L2023-00036-1,2020-00086,우즈베키스탄,"우즈베키스탄 우르겐치 직업훈련원 건립 및 직업훈련 제도역량 공고화 지원 사업('20-'24/1,400만불)",L2023-00036-1/붙임3_입찰관련서류_검토완_0717/Section 4.  Bill of Quantities(Not-Priced)/공내역서/VTC견적서/0 ГП(Site Plan & Landscape+Outdoor Infra)/Титул  ГП.doc,.doc,31232,True,16,0,BOQ | 가격·견적,
L2023-00036-1,2020-00086,우즈베키스탄,"우즈베키스탄 우르겐치 직업훈련원 건립 및 직업훈련 제도역량 공고화 지원 사업('20-'24/1,400만불)",L2023-00036-1/붙임3_입찰관련서류_검토완_0717/Section 4.  Bill of Quantities(Not-Priced)/공내역서/VTC견적서/1 АДМИН ЗДАНИЕ(Admin. Build)/1-1 КЖ(Structure)/13063_vfor.xls,.xls,118272,True,685,0,BOQ | 가격·견적,
L2023-00036-1,2020-00086,우즈베키스탄,"우즈베키스탄 우르겐치 직업훈련원 건립 및 직업훈련 제도역량 공고화 지원 사업('20-'24/1,400만불)",L2023-00036-1/붙임3_입찰관련서류_검토완_0717/Section 4.  Bill of Quantities(Not-Priced)/공내역서/VTC견적서/1 АДМИН ЗДАНИЕ(Admin. Build)/1-1 КЖ(Structure)/13063_vrmu.xls,.xls,79360,True,189,0,BOQ | 가격·견적,
L2023-00036-1,2020-00086,우즈베키스탄,"우즈베키스탄 우르겐치 직업훈련원 건립 및 직업훈련 제도역량 공고화 지원 사업('20-'24/1,400만불)",L2023-00036-1/붙임3_입찰관련서류_검토완_0717/Section 4.  Bill of Quantities(Not-Priced)/공내역서/VTC견적서/1 АДМИН ЗДАНИЕ(Admin. Build)/1-1 КЖ(Structure)/bv13060.xls,.xls,726528,True,4818,0,BOQ | 가격·견적,
L2023-00036-1,2020-00086,우즈베키스탄,"우즈베키스탄 우르겐치 직업훈련원 건립 및 직업훈련 제도역량 공고화 지원 사업('20-'24/1,400만불)",L2023-00036-1/붙임3_입찰관련서류_검토완_0717/Section 4.  Bill of Quantities(Not-Priced)/공내역서/VTC견적서/1 АДМИН ЗДАНИЕ(Admin. Build)/1-10 ЛИФТ(ELEV)/13753_vfor.xls,.xls,30208,True,13,0,BOQ | 가격·견적,
L2023-00036-1,2020-00086,우즈베키스탄,"우즈베키스탄 우르겐치 직업훈련원 건립 및 직업훈련 제도역량 공고화 지원 사업('20-'24/1,400만불)",L2023-00036-1/붙임3_입찰관련서류_검토완_0717/Section 4.  Bill of Quantities(Not-Priced)/공내역서/VTC견적서/1 АДМИН ЗДАНИЕ(Admin. Build)/1-10 ЛИФТ(ELEV)/13753_vrmu.xls,.xls,43008,True,62,0,BOQ | 가격·견적,
L2023-00036-1,2020-00086,우즈베키스탄,"우즈베키스탄 우르겐치 직업훈련원 건립 및 직업훈련 제도역량 공고화 지원 사업('20-'24/1,400만불)",L2023-00036-1/붙임3_입찰관련서류_검토완_0717/Section 4.  Bill of Quantities(Not-Priced)/공내역서/VTC견적서/1 АДМИН ЗДАНИЕ(Admin. Build)/1-10 ЛИФТ(ELEV)/bv13750.xls,.xls,54784,True,106,0,BOQ | 가격·견적,
L2023-00036-1,2020-00086,우즈베키스탄,"우즈베키스탄 우르겐치 직업훈련원 건립 및 직업훈련 제도역량 공고화 지원 사업('20-'24/1,400만불)",L2023-00036-1/붙임3_입찰관련서류_검토완_0717/Section 4.  Bill of Quantities(Not-Priced)/공내역서/VTC견적서/1 АДМИН ЗДАНИЕ(Admin. Build)/1-2 АР(Architecture)/13373_vfor.xls,.xls,53248,True,117,0,BOQ | 가격·견적,
L2023-00036-1,2020-00086,우즈베키스탄,"우즈베키스탄 우르겐치 직업훈련원 건립 및 직업훈련 제도역량 공고화 지원 사업('20-'24/1,400만불)",L2023-00036-1/붙임3_입찰관련서류_검토완_0717/Section 4.  Bill of Quantities(Not-Priced)/공내역서/VTC견적서/1 АДМИН ЗДАНИЕ(Admin. Build)/1-2 АР(Architecture)/13373_vrmu.xls,.xls,78336,True,197,0,BOQ | 가격·견적,
L2023-00036-1,2020-00086,우즈베키스탄,"우즈베키스탄 우르겐치 직업훈련원 건립 및 직업훈련 제도역량 공고화 지원 사업('20-'24/1,400만불)",L2023-00036-1/붙임3_입찰관련서류_검토완_0717/Section 4.  Bill of Quantities(Not-Priced)/공내역서/VTC견적서/1 АДМИН ЗДАНИЕ(Admin. Build)/1-2 АР(Architecture)/bv13370.xls,.xls,210944,True,1028,0,BOQ | 가격·견적,
L2023-00036-1,2020-00086,우즈베키스탄,"우즈베키스탄 우르겐치 직업훈련원 건립 및 직업훈련 제도역량 공고화 지원 사업('20-'24/1,400만불)",L2023-00036-1/붙임3_입찰관련서류_검토완_0717/Section 4.  Bill of Quantities(Not-Priced)/공내역서/VTC견적서/1 АДМИН ЗДАНИЕ(Admin. Build)/1-3 ОВ(Heating & Ventilation)/13483_vfor.xls,.xls,99328,True,392,0,BOQ | 가격·견적,
L2023-00036-1,2020-00086,우즈베키스탄,"우즈베키스탄 우르겐치 직업훈련원 건립 및 직업훈련 제도역량 공고화 지원 사업('20-'24/1,400만불)",L2023-00036-1/붙임3_입찰관련서류_검토완_0717/Section 4.  Bill of Quantities(Not-Priced)/공내역서/VTC견적서/1 АДМИН ЗДАНИЕ(Admin. Build)/1-3 ОВ(Heating & Ventilation)/13483_vrmu.xls,.xls,103936,True,271,0,BOQ | 가격·견적,
L2023-00036-1,2020-00086,우즈베키스탄,"우즈베키스탄 우르겐치 직업훈련원 건립 및 직업훈련 제도역량 공고화 지원 사업('20-'24/1,400만불)",L2023-00036-1/붙임3_입찰관련서류_검토완_0717/Section 4.  Bill of Quantities(Not-Priced)/공내역서/VTC견적서/1 АДМИН ЗДАНИЕ(Admin. Build)/1-3 ОВ(Heating & Ventilation)/bv13480.xls,.xls,427008,True,2582,0,BOQ | 가격·견적,
L2023-00036-1,2020-00086,우즈베키스탄,"우즈베키스탄 우르겐치 직업훈련원 건립 및 직업훈련 제도역량 공고화 지원 사업('20-'24/1,400만불)",L2023-00036-1/붙임3_입찰관련서류_검토완_0717/Section 4.  Bill of Quantities(Not-Priced)/공내역서/VTC견적서/1 АДМИН ЗДАНИЕ(Admin. Build)/1-4 ВК(Water & Sewer & Fireplug)/13133_vfor.xls,.xls,52736,True,126,0,BOQ | 가격·견적,
L2023-00036-1,2020-00086,우즈베키스탄,"우즈베키스탄 우르겐치 직업훈련원 건립 및 직업훈련 제도역량 공고화 지원 사업('20-'24/1,400만불)",L2023-00036-1/붙임3_입찰관련서류_검토완_0717/Section 4.  Bill of Quantities(Not-Priced)/공내역서/VTC견적서/1 АДМИН ЗДАНИЕ(Admin. Build)/1-4 ВК(Water & Sewer & Fireplug)/13133_vrmu.xls,.xls,79360,True,196,0,BOQ | 가격·견적,
L2023-00036-1,2020-00086,우즈베키스탄,"우즈베키스탄 우르겐치 직업훈련원 건립 및 직업훈련 제도역량 공고화 지원 사업('20-'24/1,400만불)",L2023-00036-1/붙임3_입찰관련서류_검토완_0717/Section 4.  Bill of Quantities(Not-Priced)/공내역서/VTC견적서/1 АДМИН ЗДАНИЕ(Admin. Build)/1-4 ВК(Water & Sewer & Fireplug)/bv13130.xls,.xls,154624,True,675,0,BOQ | 가격·견적,
L2023-00036-1,2020-00086,우즈베키스탄,"우즈베키스탄 우르겐치 직업훈련원 건립 및 직업훈련 제도역량 공고화 지원 사업('20-'24/1,400만불)",L2023-00036-1/붙임3_입찰관련서류_검토완_0717/Section 4.  Bill of Quantities(Not-Priced)/공내역서/VTC견적서/1 АДМИН ЗДАНИЕ(Admin. Build)/1-5 ЭО(Electric)/13493_vrmu.xls,.xls,95744,True,175,0,BOQ | 가격·견적,
L2023-00036-1,2020-00086,우즈베키스탄,"우즈베키스탄 우르겐치 직업훈련원 건립 및 직업훈련 제도역량 공고화 지원 사업('20-'24/1,400만불)",L2023-00036-1/붙임3_입찰관련서류_검토완_0717/Section 4.  Bill of Quantities(Not-Priced)/공내역서/VTC견적서/1 АДМИН ЗДАНИЕ(Admin. Build)/1-5 ЭО(Electric)/bv13490.xls,.xls,158720,True,568,0,BOQ | 가격·견적,
L2023-00036-1,2020-00086,우즈베키스탄,"우즈베키스탄 우르겐치 직업훈련원 건립 및 직업훈련 제도역량 공고화 지원 사업('20-'24/1,400만불)",L2023-00036-1/붙임3_입찰관련서류_검토완_0717/Section 4.  Bill of Quantities(Not-Priced)/공내역서/VTC견적서/1 АДМИН ЗДАНИЕ(Admin. Build)/1-6 ПС(Fire Alarm)/13253_vfor.xls,.xls,36864,True,43,0,BOQ | 가격·견적,
L2023-00036-1,2020-00086,우즈베키스탄,"우즈베키스탄 우르겐치 직업훈련원 건립 및 직업훈련 제도역량 공고화 지원 사업('20-'24/1,400만불)",L2023-00036-1/붙임3_입찰관련서류_검토완_0717/Section 4.  Bill of Quantities(Not-Priced)/공내역서/VTC견적서/1 АДМИН ЗДАНИЕ(Admin. Build)/1-6 ПС(Fire Alarm)/13253_vrmu.xls,.xls,49152,True,85,0,BOQ | 가격·견적,
L2023-00036-1,2020-00086,우즈베키스탄,"우즈베키스탄 우르겐치 직업훈련원 건립 및 직업훈련 제도역량 공고화 지원 사업('20-'24/1,400만불)",L2023-00036-1/붙임3_입찰관련서류_검토완_0717/Section 4.  Bill of Quantities(Not-Priced)/공내역서/VTC견적서/1 АДМИН ЗДАНИЕ(Admin. Build)/1-6 ПС(Fire Alarm)/bv13250.xls,.xls,71680,True,198,0,BOQ | 가격·견적,
L2023-00036-1,2020-00086,우즈베키스탄,"우즈베키스탄 우르겐치 직업훈련원 건립 및 직업훈련 제도역량 공고화 지원 사업('20-'24/1,400만불)","L2023-00036-1/붙임3_입찰관련서류_검토완_0717/Section 4.  Bill of Quantities(Not-Priced)/공내역서/VTC견적서/1 АДМИН ЗДАНИЕ(Admin. Build)/1-7 ВН, СКС(CCTV & Network)/13263_vfor.xls",.xls,47616,True,82,0,BOQ | 가격·견적,
L2023-00036-1,2020-00086,우즈베키스탄,"우즈베키스탄 우르겐치 직업훈련원 건립 및 직업훈련 제도역량 공고화 지원 사업('20-'24/1,400만불)","L2023-00036-1/붙임3_입찰관련서류_검토완_0717/Section 4.  Bill of Quantities(Not-Priced)/공내역서/VTC견적서/1 АДМИН ЗДАНИЕ(Admin. Build)/1-7 ВН, СКС(CCTV & Network)/13263_vrmu.xls",.xls,68608,True,150,0,BOQ | 가격·견적,
L2023-00036-1,2020-00086,우즈베키스탄,"우즈베키스탄 우르겐치 직업훈련원 건립 및 직업훈련 제도역량 공고화 지원 사업('20-'24/1,400만불)","L2023-00036-1/붙임3_입찰관련서류_검토완_0717/Section 4.  Bill of Quantities(Not-Priced)/공내역서/VTC견적서/1 АДМИН ЗДАНИЕ(Admin. Build)/1-7 ВН, СКС(CCTV & Network)/bv13260.xls",.xls,107520,True,377,0,BOQ | 가격·견적,
L2023-00036-1,2020-00086,우즈베키스탄,"우즈베키스탄 우르겐치 직업훈련원 건립 및 직업훈련 제도역량 공고화 지원 사업('20-'24/1,400만불)",L2023-00036-1/붙임3_입찰관련서류_검토완_0717/Section 4.  Bill of Quantities(Not-Priced)/공내역서/VTC견적서/1 АДМИН ЗДАНИЕ(Admin. Build)/1-8 ТМ (Boiler & Solar heating)/13423_vfor.xls,.xls,59392,True,122,0,BOQ | 가격·견적,
L2023-00036-1,2020-00086,우즈베키스탄,"우즈베키스탄 우르겐치 직업훈련원 건립 및 직업훈련 제도역량 공고화 지원 사업('20-'24/1,400만불)",L2023-00036-1/붙임3_입찰관련서류_검토완_0717/Section 4.  Bill of Quantities(Not-Priced)/공내역서/VTC견적서/1 АДМИН ЗДАНИЕ(Admin. Build)/1-8 ТМ (Boiler & Solar heating)/13423_vrmu.xls,.xls,84480,True,197,0,BOQ | 가격·견적,
L2023-00036-1,2020-00086,우즈베키스탄,"우즈베키스탄 우르겐치 직업훈련원 건립 및 직업훈련 제도역량 공고화 지원 사업('20-'24/1,400만불)",L2023-00036-1/붙임3_입찰관련서류_검토완_0717/Section 4.  Bill of Quantities(Not-Priced)/공내역서/VTC견적서/1 АДМИН ЗДАНИЕ(Admin. Build)/1-8 ТМ (Boiler & Solar heating)/bv13420.xls,.xls,164864,True,703,0,BOQ | 가격·견적,
L2023-00036-1,2020-00086,우즈베키스탄,"우즈베키스탄 우르겐치 직업훈련원 건립 및 직업훈련 제도역량 공고화 지원 사업('20-'24/1,400만불)",L2023-00036-1/붙임3_입찰관련서류_검토완_0717/Section 4.  Bill of Quantities(Not-Priced)/공내역서/VTC견적서/1 АДМИН ЗДАНИЕ(Admin. Build)/1-9 ГСВ(Gas)/13463_vfor.xls,.xls,37888,True,36,0,BOQ | 가격·견적,
L2023-00036-1,2020-00086,우즈베키스탄,"우즈베키스탄 우르겐치 직업훈련원 건립 및 직업훈련 제도역량 공고화 지원 사업('20-'24/1,400만불)",L2023-00036-1/붙임3_입찰관련서류_검토완_0717/Section 4.  Bill of Quantities(Not-Priced)/공내역서/VTC견적서/1 АДМИН ЗДАНИЕ(Admin. Build)/1-9 ГСВ(Gas)/13463_vrmu.xls,.xls,57344,True,99,0,BOQ | 가격·견적,
L2023-00036-1,2020-00086,우즈베키스탄,"우즈베키스탄 우르겐치 직업훈련원 건립 및 직업훈련 제도역량 공고화 지원 사업('20-'24/1,400만불)",L2023-00036-1/붙임3_입찰관련서류_검토완_0717/Section 4.  Bill of Quantities(Not-Priced)/공내역서/VTC견적서/1 АДМИН ЗДАНИЕ(Admin. Build)/1-9 ГСВ(Gas)/bv13460.xls,.xls,96256,True,318,0,BOQ | 가격·견적,
L2023-00036-1,2020-00086,우즈베키스탄,"우즈베키스탄 우르겐치 직업훈련원 건립 및 직업훈련 제도역량 공고화 지원 사업('20-'24/1,400만불)",L2023-00036-1/붙임3_입찰관련서류_검토완_0717/Section 4.  Bill of Quantities(Not-Priced)/공내역서/VTC견적서/1 АДМИН ЗДАНИЕ(Admin. Build)/СВОДКА АДМИН ЗДАНИЕ o.xls,.xls,43008,True,22,0,BOQ | 가격·견적,
L2023-00036-1,2020-00086,우즈베키스탄,"우즈베키스탄 우르겐치 직업훈련원 건립 및 직업훈련 제도역량 공고화 지원 사업('20-'24/1,400만불)",L2023-00036-1/붙임3_입찰관련서류_검토완_0717/Section 4.  Bill of Quantities(Not-Priced)/공내역서/VTC견적서/1 АДМИН ЗДАНИЕ(Admin. Build)/Титул  ТОМ II.doc,.doc,30720,True,18,0,BOQ | 가격·견적,
L2023-00036-1,2020-00086,우즈베키스탄,"우즈베키스탄 우르겐치 직업훈련원 건립 및 직업훈련 제도역량 공고화 지원 사업('20-'24/1,400만불)",L2023-00036-1/붙임3_입찰관련서류_검토완_0717/Section 4.  Bill of Quantities(Not-Priced)/공내역서/VTC견적서/2 УПК(Practice and Education Building)/2-1 КЖ(Structure)/13013_vfor.xls,.xls,90112,True,415,0,BOQ | 가격·견적,
L2023-00036-1,2020-00086,우즈베키스탄,"우즈베키스탄 우르겐치 직업훈련원 건립 및 직업훈련 제도역량 공고화 지원 사업('20-'24/1,400만불)",L2023-00036-1/붙임3_입찰관련서류_검토완_0717/Section 4.  Bill of Quantities(Not-Priced)/공내역서/VTC견적서/2 УПК(Practice and Education Building)/2-1 КЖ(Structure)/13013_vrmu.xls,.xls,78336,True,177,0,BOQ | 가격·견적,
L2023-00036-1,2020-00086,우즈베키스탄,"우즈베키스탄 우르겐치 직업훈련원 건립 및 직업훈련 제도역량 공고화 지원 사업('20-'24/1,400만불)",L2023-00036-1/붙임3_입찰관련서류_검토완_0717/Section 4.  Bill of Quantities(Not-Priced)/공내역서/VTC견적서/2 УПК(Practice and Education Building)/2-1 КЖ(Structure)/bv13010.xls,.xls,438784,True,2699,0,BOQ | 가격·견적,
L2023-00036-1,2020-00086,우즈베키스탄,"우즈베키스탄 우르겐치 직업훈련원 건립 및 직업훈련 제도역량 공고화 지원 사업('20-'24/1,400만불)",L2023-00036-1/붙임3_입찰관련서류_검토완_0717/Section 4.  Bill of Quantities(Not-Priced)/공내역서/VTC견적서/2 УПК(Practice and Education Building)/2-2 АР(Architecture)/13183_vfor.xls,.xls,57344,True,119,0,BOQ | 가격·견적,
L2023-00036-1,2020-00086,우즈베키스탄,"우즈베키스탄 우르겐치 직업훈련원 건립 및 직업훈련 제도역량 공고화 지원 사업('20-'24/1,400만불)",L2023-00036-1/붙임3_입찰관련서류_검토완_0717/Section 4.  Bill of Quantities(Not-Priced)/공내역서/VTC견적서/2 УПК(Practice and Education Building)/2-2 АР(Architecture)/13183_vrmu.xls,.xls,82432,True,213,0,BOQ | 가격·견적,
L2023-00036-1,2020-00086,우즈베키스탄,"우즈베키스탄 우르겐치 직업훈련원 건립 및 직업훈련 제도역량 공고화 지원 사업('20-'24/1,400만불)",L2023-00036-1/붙임3_입찰관련서류_검토완_0717/Section 4.  Bill of Quantities(Not-Priced)/공내역서/VTC견적서/2 УПК(Practice and Education Building)/2-2 АР(Architecture)/bv13180.xls,.xls,216064,True,1035,0,BOQ | 가격·견적,
L2023-00036-1,2020-00086,우즈베키스탄,"우즈베키스탄 우르겐치 직업훈련원 건립 및 직업훈련 제도역량 공고화 지원 사업('20-'24/1,400만불)",L2023-00036-1/붙임3_입찰관련서류_검토완_0717/Section 4.  Bill of Quantities(Not-Priced)/공내역서/VTC견적서/2 УПК(Practice and Education Building)/2-3 ОВ(Heating & Ventilation)/13513_vfor.xls,.xls,99840,True,408,0,BOQ | 가격·견적,
L2023-00036-1,2020-00086,우즈베키스탄,"우즈베키스탄 우르겐치 직업훈련원 건립 및 직업훈련 제도역량 공고화 지원 사업('20-'24/1,400만불)",L2023-00036-1/붙임3_입찰관련서류_검토완_0717/Section 4.  Bill of Quantities(Not-Priced)/공내역서/VTC견적서/2 УПК(Practice and Education Building)/2-3 ОВ(Heating & Ventilation)/13513_vrmu.xls,.xls,100352,True,255,0,BOQ | 가격·견적,
L2023-00036-1,2020-00086,우즈베키스탄,"우즈베키스탄 우르겐치 직업훈련원 건립 및 직업훈련 제도역량 공고화 지원 사업('20-'24/1,400만불)",L2023-00036-1/붙임3_입찰관련서류_검토완_0717/Section 4.  Bill of Quantities(Not-Priced)/공내역서/VTC견적서/2 УПК(Practice and Education Building)/2-3 ОВ(Heating & Ventilation)/bv13510.xls,.xls,450048,True,2760,0,BOQ | 가격·견적,
L2023-00036-1,2020-00086,우즈베키스탄,"우즈베키스탄 우르겐치 직업훈련원 건립 및 직업훈련 제도역량 공고화 지원 사업('20-'24/1,400만불)",L2023-00036-1/붙임3_입찰관련서류_검토완_0717/Section 4.  Bill of Quantities(Not-Priced)/공내역서/VTC견적서/2 УПК(Practice and Education Building)/2-4 ВК(Water & Sewer & Fireplug)/13123_vfor.xls,.xls,59904,True,151,0,BOQ | 가격·견적,
L2023-00036-1,2020-00086,우즈베키스탄,"우즈베키스탄 우르겐치 직업훈련원 건립 및 직업훈련 제도역량 공고화 지원 사업('20-'24/1,400만불)",L2023-00036-1/붙임3_입찰관련서류_검토완_0717/Section 4.  Bill of Quantities(Not-Priced)/공내역서/VTC견적서/2 УПК(Practice and Education Building)/2-4 ВК(Water & Sewer & Fireplug)/13123_vrmu.xls,.xls,88576,True,225,0,BOQ | 가격·견적,
L2023-00036-1,2020-00086,우즈베키스탄,"우즈베키스탄 우르겐치 직업훈련원 건립 및 직업훈련 제도역량 공고화 지원 사업('20-'24/1,400만불)",L2023-00036-1/붙임3_입찰관련서류_검토완_0717/Section 4.  Bill of Quantities(Not-Priced)/공내역서/VTC견적서/2 УПК(Practice and Education Building)/2-4 ВК(Water & Sewer & Fireplug)/bv13120.xls,.xls,172032,True,757,0,BOQ | 가격·견적,
L2023-00036-1,2020-00086,우즈베키스탄,"우즈베키스탄 우르겐치 직업훈련원 건립 및 직업훈련 제도역량 공고화 지원 사업('20-'24/1,400만불)",L2023-00036-1/붙임3_입찰관련서류_검토완_0717/Section 4.  Bill of Quantities(Not-Priced)/공내역서/VTC견적서/2 УПК(Practice and Education Building)/2-5 ЭО(Electric)/13593_vfor.xls,.xls,76288,True,127,0,BOQ | 가격·견적,
L2023-00036-1,2020-00086,우즈베키스탄,"우즈베키스탄 우르겐치 직업훈련원 건립 및 직업훈련 제도역량 공고화 지원 사업('20-'24/1,400만불)",L2023-00036-1/붙임3_입찰관련서류_검토완_0717/Section 4.  Bill of Quantities(Not-Priced)/공내역서/VTC견적서/2 УПК(Practice and Education Building)/2-5 ЭО(Electric)/13593_vrmu.xls,.xls,88064,True,169,0,BOQ | 가격·견적,
L2023-00036-1,2020-00086,우즈베키스탄,"우즈베키스탄 우르겐치 직업훈련원 건립 및 직업훈련 제도역량 공고화 지원 사업('20-'24/1,400만불)",L2023-00036-1/붙임3_입찰관련서류_검토완_0717/Section 4.  Bill of Quantities(Not-Priced)/공내역서/VTC견적서/2 УПК(Practice and Education Building)/2-5 ЭО(Electric)/bv13590.xls,.xls,165376,True,652,0,BOQ | 가격·견적,
L2023-00036-1,2020-00086,우즈베키스탄,"우즈베키스탄 우르겐치 직업훈련원 건립 및 직업훈련 제도역량 공고화 지원 사업('20-'24/1,400만불)",L2023-00036-1/붙임3_입찰관련서류_검토완_0717/Section 4.  Bill of Quantities(Not-Priced)/공내역서/VTC견적서/2 УПК(Practice and Education Building)/2-6 ПС(Fire Alarm)/13273_vfor.xls,.xls,39424,True,56,0,BOQ | 가격·견적,
L2023-00036-1,2020-00086,우즈베키스탄,"우즈베키스탄 우르겐치 직업훈련원 건립 및 직업훈련 제도역량 공고화 지원 사업('20-'24/1,400만불)",L2023-00036-1/붙임3_입찰관련서류_검토완_0717/Section 4.  Bill of Quantities(Not-Priced)/공내역서/VTC견적서/2 УПК(Practice and Education Building)/2-6 ПС(Fire Alarm)/13273_vrmu.xls,.xls,51712,True,93,0,BOQ | 가격·견적,
L2023-00036-1,2020-00086,우즈베키스탄,"우즈베키스탄 우르겐치 직업훈련원 건립 및 직업훈련 제도역량 공고화 지원 사업('20-'24/1,400만불)",L2023-00036-1/붙임3_입찰관련서류_검토완_0717/Section 4.  Bill of Quantities(Not-Priced)/공내역서/VTC견적서/2 УПК(Practice and Education Building)/2-6 ПС(Fire Alarm)/bv13270.xls,.xls,81408,True,253,0,BOQ | 가격·견적,
L2023-00036-1,2020-00086,우즈베키스탄,"우즈베키스탄 우르겐치 직업훈련원 건립 및 직업훈련 제도역량 공고화 지원 사업('20-'24/1,400만불)","L2023-00036-1/붙임3_입찰관련서류_검토완_0717/Section 4.  Bill of Quantities(Not-Priced)/공내역서/VTC견적서/2 УПК(Practice and Education Building)/2-7 ВН, СКС(CCTV & Network)/13283_vfor.xls",.xls,47104,True,86,0,BOQ | 가격·견적,
L2023-00036-1,2020-00086,우즈베키스탄,"우즈베키스탄 우르겐치 직업훈련원 건립 및 직업훈련 제도역량 공고화 지원 사업('20-'24/1,400만불)","L2023-00036-1/붙임3_입찰관련서류_검토완_0717/Section 4.  Bill of Quantities(Not-Priced)/공내역서/VTC견적서/2 УПК(Practice and Education Building)/2-7 ВН, СКС(CCTV & Network)/13283_vrmu.xls",.xls,67072,True,150,0,BOQ | 가격·견적,
L2023-00036-1,2020-00086,우즈베키스탄,"우즈베키스탄 우르겐치 직업훈련원 건립 및 직업훈련 제도역량 공고화 지원 사업('20-'24/1,400만불)","L2023-00036-1/붙임3_입찰관련서류_검토완_0717/Section 4.  Bill of Quantities(Not-Priced)/공내역서/VTC견적서/2 УПК(Practice and Education Building)/2-7 ВН, СКС(CCTV & Network)/bv13280.xls",.xls,108032,True,394,0,BOQ | 가격·견적,
L2023-00036-1,2020-00086,우즈베키스탄,"우즈베키스탄 우르겐치 직업훈련원 건립 및 직업훈련 제도역량 공고화 지원 사업('20-'24/1,400만불)",L2023-00036-1/붙임3_입찰관련서류_검토완_0717/Section 4.  Bill of Quantities(Not-Priced)/공내역서/VTC견적서/2 УПК(Practice and Education Building)/2-8 ТМ(Boiler & Solar heating)/13433_vfor.xls,.xls,61952,True,129,0,BOQ | 가격·견적,
L2023-00036-1,2020-00086,우즈베키스탄,"우즈베키스탄 우르겐치 직업훈련원 건립 및 직업훈련 제도역량 공고화 지원 사업('20-'24/1,400만불)",L2023-00036-1/붙임3_입찰관련서류_검토완_0717/Section 4.  Bill of Quantities(Not-Priced)/공내역서/VTC견적서/2 УПК(Practice and Education Building)/2-8 ТМ(Boiler & Solar heating)/13433_vrmu.xls,.xls,86528,True,202,0,BOQ | 가격·견적,
L2023-00036-1,2020-00086,우즈베키스탄,"우즈베키스탄 우르겐치 직업훈련원 건립 및 직업훈련 제도역량 공고화 지원 사업('20-'24/1,400만불)",L2023-00036-1/붙임3_입찰관련서류_검토완_0717/Section 4.  Bill of Quantities(Not-Priced)/공내역서/VTC견적서/2 УПК(Practice and Education Building)/2-8 ТМ(Boiler & Solar heating)/bv13430.xls,.xls,178176,True,781,0,BOQ | 가격·견적,
L2023-00036-1,2020-00086,우즈베키스탄,"우즈베키스탄 우르겐치 직업훈련원 건립 및 직업훈련 제도역량 공고화 지원 사업('20-'24/1,400만불)",L2023-00036-1/붙임3_입찰관련서류_검토완_0717/Section 4.  Bill of Quantities(Not-Priced)/공내역서/VTC견적서/2 УПК(Practice and Education Building)/2-9 ГСВ(Gas)/13583_vfor.xls,.xls,38400,True,38,0,BOQ | 가격·견적,
L2023-00036-1,2020-00086,우즈베키스탄,"우즈베키스탄 우르겐치 직업훈련원 건립 및 직업훈련 제도역량 공고화 지원 사업('20-'24/1,400만불)",L2023-00036-1/붙임3_입찰관련서류_검토완_0717/Section 4.  Bill of Quantities(Not-Priced)/공내역서/VTC견적서/2 УПК(Practice and Education Building)/2-9 ГСВ(Gas)/13583_vrmu.xls,.xls,58368,True,102,0,BOQ | 가격·견적,
L2023-00036-1,2020-00086,우즈베키스탄,"우즈베키스탄 우르겐치 직업훈련원 건립 및 직업훈련 제도역량 공고화 지원 사업('20-'24/1,400만불)",L2023-00036-1/붙임3_입찰관련서류_검토완_0717/Section 4.  Bill of Quantities(Not-Priced)/공내역서/VTC견적서/2 УПК(Practice and Education Building)/2-9 ГСВ(Gas)/bv13580.xls,.xls,97792,True,323,0,BOQ | 가격·견적,
L2023-00036-1,2020-00086,우즈베키스탄,"우즈베키스탄 우르겐치 직업훈련원 건립 및 직업훈련 제도역량 공고화 지원 사업('20-'24/1,400만불)",L2023-00036-1/붙임3_입찰관련서류_검토완_0717/Section 4.  Bill of Quantities(Not-Priced)/공내역서/VTC견적서/2 УПК(Practice and Education Building)/СВОДКА УНП o.xls,.xls,41984,True,21,0,BOQ | 가격·견적,
L2023-00036-1,2020-00086,우즈베키스탄,"우즈베키스탄 우르겐치 직업훈련원 건립 및 직업훈련 제도역량 공고화 지원 사업('20-'24/1,400만불)",L2023-00036-1/붙임3_입찰관련서류_검토완_0717/Section 4.  Bill of Quantities(Not-Priced)/공내역서/VTC견적서/2 УПК(Practice and Education Building)/Титул  ТОМ III.doc,.doc,31232,True,18,0,BOQ | 가격·견적,
L2023-00036-1,2020-00086,우즈베키스탄,"우즈베키스탄 우르겐치 직업훈련원 건립 및 직업훈련 제도역량 공고화 지원 사업('20-'24/1,400만불)",L2023-00036-1/붙임3_입찰관련서류_검토완_0717/Section 4.  Bill of Quantities(Not-Priced)/공내역서/VTC견적서/3 ОБЩЕЖИТИЕ(Dormitory)/3-1 КЖ(Structure)/13023_vfor.xls,.xls,71168,True,225,0,BOQ | 가격·견적,
L2023-00036-1,2020-00086,우즈베키스탄,"우즈베키스탄 우르겐치 직업훈련원 건립 및 직업훈련 제도역량 공고화 지원 사업('20-'24/1,400만불)",L2023-00036-1/붙임3_입찰관련서류_검토완_0717/Section 4.  Bill of Quantities(Not-Priced)/공내역서/VTC견적서/3 ОБЩЕЖИТИЕ(Dormitory)/3-1 КЖ(Structure)/13023_vrmu.xls,.xls,71168,True,156,0,BOQ | 가격·견적,
L2023-00036-1,2020-00086,우즈베키스탄,"우즈베키스탄 우르겐치 직업훈련원 건립 및 직업훈련 제도역량 공고화 지원 사업('20-'24/1,400만불)",L2023-00036-1/붙임3_입찰관련서류_검토완_0717/Section 4.  Bill of Quantities(Not-Priced)/공내역서/VTC견적서/3 ОБЩЕЖИТИЕ(Dormitory)/3-1 КЖ(Structure)/bv13020.xls,.xls,286208,True,1569,0,BOQ | 가격·견적,
L2023-00036-1,2020-00086,우즈베키스탄,"우즈베키스탄 우르겐치 직업훈련원 건립 및 직업훈련 제도역량 공고화 지원 사업('20-'24/1,400만불)",L2023-00036-1/붙임3_입찰관련서류_검토완_0717/Section 4.  Bill of Quantities(Not-Priced)/공내역서/VTC견적서/3 ОБЩЕЖИТИЕ(Dormitory)/3-2 АР(Architecture)/13093_vfor.xls,.xls,60928,True,119,0,BOQ | 가격·견적,
L2023-00036-1,2020-00086,우즈베키스탄,"우즈베키스탄 우르겐치 직업훈련원 건립 및 직업훈련 제도역량 공고화 지원 사업('20-'24/1,400만불)",L2023-00036-1/붙임3_입찰관련서류_검토완_0717/Section 4.  Bill of Quantities(Not-Priced)/공내역서/VTC견적서/3 ОБЩЕЖИТИЕ(Dormitory)/3-2 АР(Architecture)/13093_vrmu.xls,.xls,71168,True,169,0,BOQ | 가격·견적,
L2023-00036-1,2020-00086,우즈베키스탄,"우즈베키스탄 우르겐치 직업훈련원 건립 및 직업훈련 제도역량 공고화 지원 사업('20-'24/1,400만불)",L2023-00036-1/붙임3_입찰관련서류_검토완_0717/Section 4.  Bill of Quantities(Not-Priced)/공내역서/VTC견적서/3 ОБЩЕЖИТИЕ(Dormitory)/3-2 АР(Architecture)/bv13090.xls,.xls,209920,True,1002,0,BOQ | 가격·견적,
L2023-00036-1,2020-00086,우즈베키스탄,"우즈베키스탄 우르겐치 직업훈련원 건립 및 직업훈련 제도역량 공고화 지원 사업('20-'24/1,400만불)",L2023-00036-1/붙임3_입찰관련서류_검토완_0717/Section 4.  Bill of Quantities(Not-Priced)/공내역서/VTC견적서/3 ОБЩЕЖИТИЕ(Dormitory)/3-3 ОВ(Heating & Ventilation)/13103_vfor.xls,.xls,51712,True,58,0,BOQ | 가격·견적,
L2023-00036-1,2020-00086,우즈베키스탄,"우즈베키스탄 우르겐치 직업훈련원 건립 및 직업훈련 제도역량 공고화 지원 사업('20-'24/1,400만불)",L2023-00036-1/붙임3_입찰관련서류_검토완_0717/Section 4.  Bill of Quantities(Not-Priced)/공내역서/VTC견적서/3 ОБЩЕЖИТИЕ(Dormitory)/3-3 ОВ(Heating & Ventilation)/13103_vrmu.xls,.xls,61440,True,114,0,BOQ | 가격·견적,
L2023-00036-1,2020-00086,우즈베키스탄,"우즈베키스탄 우르겐치 직업훈련원 건립 및 직업훈련 제도역량 공고화 지원 사업('20-'24/1,400만불)",L2023-00036-1/붙임3_입찰관련서류_검토완_0717/Section 4.  Bill of Quantities(Not-Priced)/공내역서/VTC견적서/3 ОБЩЕЖИТИЕ(Dormitory)/3-3 ОВ(Heating & Ventilation)/bv13100.xls,.xls,118784,True,419,0,BOQ | 가격·견적,
L2023-00036-1,2020-00086,우즈베키스탄,"우즈베키스탄 우르겐치 직업훈련원 건립 및 직업훈련 제도역량 공고화 지원 사업('20-'24/1,400만불)",L2023-00036-1/붙임3_입찰관련서류_검토완_0717/Section 4.  Bill of Quantities(Not-Priced)/공내역서/VTC견적서/3 ОБЩЕЖИТИЕ(Dormitory)/3-4 ВК(Water & Sewer & Fireplug)/13113_vfor.xls,.xls,62464,True,139,0,BOQ | 가격·견적,
L2023-00036-1,2020-00086,우즈베키스탄,"우즈베키스탄 우르겐치 직업훈련원 건립 및 직업훈련 제도역량 공고화 지원 사업('20-'24/1,400만불)",L2023-00036-1/붙임3_입찰관련서류_검토완_0717/Section 4.  Bill of Quantities(Not-Priced)/공내역서/VTC견적서/3 ОБЩЕЖИТИЕ(Dormitory)/3-4 ВК(Water & Sewer & Fireplug)/13113_vrmu.xls,.xls,78336,True,192,0,BOQ | 가격·견적,
L2023-00036-1,2020-00086,우즈베키스탄,"우즈베키스탄 우르겐치 직업훈련원 건립 및 직업훈련 제도역량 공고화 지원 사업('20-'24/1,400만불)",L2023-00036-1/붙임3_입찰관련서류_검토완_0717/Section 4.  Bill of Quantities(Not-Priced)/공내역서/VTC견적서/3 ОБЩЕЖИТИЕ(Dormitory)/3-4 ВК(Water & Sewer & Fireplug)/bv13110.xls,.xls,162816,True,687,0,BOQ | 가격·견적,
L2023-00036-1,2020-00086,우즈베키스탄,"우즈베키스탄 우르겐치 직업훈련원 건립 및 직업훈련 제도역량 공고화 지원 사업('20-'24/1,400만불)",L2023-00036-1/붙임3_입찰관련서류_검토완_0717/Section 4.  Bill of Quantities(Not-Priced)/공내역서/VTC견적서/3 ОБЩЕЖИТИЕ(Dormitory)/3-5 ЭО(Electric)/13393_vfor.xls,.xls,74752,True,105,0,BOQ | 가격·견적,
L2023-00036-1,2020-00086,우즈베키스탄,"우즈베키스탄 우르겐치 직업훈련원 건립 및 직업훈련 제도역량 공고화 지원 사업('20-'24/1,400만불)",L2023-00036-1/붙임3_입찰관련서류_검토완_0717/Section 4.  Bill of Quantities(Not-Priced)/공내역서/VTC견적서/3 ОБЩЕЖИТИЕ(Dormitory)/3-5 ЭО(Electric)/13393_vrmu.xls,.xls,78336,True,154,0,BOQ | 가격·견적,
L2023-00036-1,2020-00086,우즈베키스탄,"우즈베키스탄 우르겐치 직업훈련원 건립 및 직업훈련 제도역량 공고화 지원 사업('20-'24/1,400만불)",L2023-00036-1/붙임3_입찰관련서류_검토완_0717/Section 4.  Bill of Quantities(Not-Priced)/공내역서/VTC견적서/3 ОБЩЕЖИТИЕ(Dormitory)/3-5 ЭО(Electric)/bv13390.xls,.xls,160768,True,617,0,BOQ | 가격·견적,
L2023-00036-1,2020-00086,우즈베키스탄,"우즈베키스탄 우르겐치 직업훈련원 건립 및 직업훈련 제도역량 공고화 지원 사업('20-'24/1,400만불)",L2023-00036-1/붙임3_입찰관련서류_검토완_0717/Section 4.  Bill of Quantities(Not-Priced)/공내역서/VTC견적서/3 ОБЩЕЖИТИЕ(Dormitory)/3-6 ПС(Fire Alarm)/13293_vfor.xls,.xls,47616,True,54,0,BOQ | 가격·견적,
L2023-00036-1,2020-00086,우즈베키스탄,"우즈베키스탄 우르겐치 직업훈련원 건립 및 직업훈련 제도역량 공고화 지원 사업('20-'24/1,400만불)",L2023-00036-1/붙임3_입찰관련서류_검토완_0717/Section 4.  Bill of Quantities(Not-Priced)/공내역서/VTC견적서/3 ОБЩЕЖИТИЕ(Dormitory)/3-6 ПС(Fire Alarm)/13293_vrmu.xls,.xls,52736,True,91,0,BOQ | 가격·견적,
L2023-00036-1,2020-00086,우즈베키스탄,"우즈베키스탄 우르겐치 직업훈련원 건립 및 직업훈련 제도역량 공고화 지원 사업('20-'24/1,400만불)",L2023-00036-1/붙임3_입찰관련서류_검토완_0717/Section 4.  Bill of Quantities(Not-Priced)/공내역서/VTC견적서/3 ОБЩЕЖИТИЕ(Dormitory)/3-6 ПС(Fire Alarm)/bv13290.xls,.xls,86016,True,249,0,BOQ | 가격·견적,
L2023-00036-1,2020-00086,우즈베키스탄,"우즈베키스탄 우르겐치 직업훈련원 건립 및 직업훈련 제도역량 공고화 지원 사업('20-'24/1,400만불)","L2023-00036-1/붙임3_입찰관련서류_검토완_0717/Section 4.  Bill of Quantities(Not-Priced)/공내역서/VTC견적서/3 ОБЩЕЖИТИЕ(Dormitory)/3-7 ВН, СКС(CCTV & Network)/13303_vfor.xls",.xls,48640,True,55,0,BOQ | 가격·견적,
L2023-00036-1,2020-00086,우즈베키스탄,"우즈베키스탄 우르겐치 직업훈련원 건립 및 직업훈련 제도역량 공고화 지원 사업('20-'24/1,400만불)","L2023-00036-1/붙임3_입찰관련서류_검토완_0717/Section 4.  Bill of Quantities(Not-Priced)/공내역서/VTC견적서/3 ОБЩЕЖИТИЕ(Dormitory)/3-7 ВН, СКС(CCTV & Network)/13303_vrmu.xls",.xls,55808,True,110,0,BOQ | 가격·견적,
L2023-00036-1,2020-00086,우즈베키스탄,"우즈베키스탄 우르겐치 직업훈련원 건립 및 직업훈련 제도역량 공고화 지원 사업('20-'24/1,400만불)","L2023-00036-1/붙임3_입찰관련서류_검토완_0717/Section 4.  Bill of Quantities(Not-Priced)/공내역서/VTC견적서/3 ОБЩЕЖИТИЕ(Dormitory)/3-7 ВН, СКС(CCTV & Network)/bv13300.xls",.xls,91136,True,258,0,BOQ | 가격·견적,
L2023-00036-1,2020-00086,우즈베키스탄,"우즈베키스탄 우르겐치 직업훈련원 건립 및 직업훈련 제도역량 공고화 지원 사업('20-'24/1,400만불)",L2023-00036-1/붙임3_입찰관련서류_검토완_0717/Section 4.  Bill of Quantities(Not-Priced)/공내역서/VTC견적서/3 ОБЩЕЖИТИЕ(Dormitory)/3-8 ТМ(Boiler & Solar heating)/13443_vfor.xls,.xls,70144,True,126,0,BOQ | 가격·견적,
L2023-00036-1,2020-00086,우즈베키스탄,"우즈베키스탄 우르겐치 직업훈련원 건립 및 직업훈련 제도역량 공고화 지원 사업('20-'24/1,400만불)",L2023-00036-1/붙임3_입찰관련서류_검토완_0717/Section 4.  Bill of Quantities(Not-Priced)/공내역서/VTC견적서/3 ОБЩЕЖИТИЕ(Dormitory)/3-8 ТМ(Boiler & Solar heating)/13443_vrmu.xls,.xls,86528,True,201,0,BOQ | 가격·견적,
L2023-00036-1,2020-00086,우즈베키스탄,"우즈베키스탄 우르겐치 직업훈련원 건립 및 직업훈련 제도역량 공고화 지원 사업('20-'24/1,400만불)",L2023-00036-1/붙임3_입찰관련서류_검토완_0717/Section 4.  Bill of Quantities(Not-Priced)/공내역서/VTC견적서/3 ОБЩЕЖИТИЕ(Dormitory)/3-8 ТМ(Boiler & Solar heating)/bv13440.xls,.xls,176128,True,725,0,BOQ | 가격·견적,
L2023-00036-1,2020-00086,우즈베키스탄,"우즈베키스탄 우르겐치 직업훈련원 건립 및 직업훈련 제도역량 공고화 지원 사업('20-'24/1,400만불)",L2023-00036-1/붙임3_입찰관련서류_검토완_0717/Section 4.  Bill of Quantities(Not-Priced)/공내역서/VTC견적서/3 ОБЩЕЖИТИЕ(Dormitory)/3-9 ГСВ(Gas)/13453_vfor.xls,.xls,44544,True,35,0,BOQ | 가격·견적,
L2023-00036-1,2020-00086,우즈베키스탄,"우즈베키스탄 우르겐치 직업훈련원 건립 및 직업훈련 제도역량 공고화 지원 사업('20-'24/1,400만불)",L2023-00036-1/붙임3_입찰관련서류_검토완_0717/Section 4.  Bill of Quantities(Not-Priced)/공내역서/VTC견적서/3 ОБЩЕЖИТИЕ(Dormitory)/3-9 ГСВ(Gas)/13453_vrmu.xls,.xls,54272,True,98,0,BOQ | 가격·견적,
L2023-00036-1,2020-00086,우즈베키스탄,"우즈베키스탄 우르겐치 직업훈련원 건립 및 직업훈련 제도역량 공고화 지원 사업('20-'24/1,400만불)",L2023-00036-1/붙임3_입찰관련서류_검토완_0717/Section 4.  Bill of Quantities(Not-Priced)/공내역서/VTC견적서/3 ОБЩЕЖИТИЕ(Dormitory)/3-9 ГСВ(Gas)/bv13450.xls,.xls,101888,True,316,0,BOQ | 가격·견적,
L2023-00036-1,2020-00086,우즈베키스탄,"우즈베키스탄 우르겐치 직업훈련원 건립 및 직업훈련 제도역량 공고화 지원 사업('20-'24/1,400만불)",L2023-00036-1/붙임3_입찰관련서류_검토완_0717/Section 4.  Bill of Quantities(Not-Priced)/공내역서/VTC견적서/3 ОБЩЕЖИТИЕ(Dormitory)/СВОДКА ОБЩЕЖИТИЕ o.xls,.xls,41984,True,21,0,BOQ | 가격·견적,
L2023-00036-1,2020-00086,우즈베키스탄,"우즈베키스탄 우르겐치 직업훈련원 건립 및 직업훈련 제도역량 공고화 지원 사업('20-'24/1,400만불)",L2023-00036-1/붙임3_입찰관련서류_검토완_0717/Section 4.  Bill of Quantities(Not-Priced)/공내역서/VTC견적서/4 БУФЕТ(Cafeteria)/4-1 КЖ(Structure)/13003_vfor.xls,.xls,50688,True,78,0,BOQ | 가격·견적,
L2023-00036-1,2020-00086,우즈베키스탄,"우즈베키스탄 우르겐치 직업훈련원 건립 및 직업훈련 제도역량 공고화 지원 사업('20-'24/1,400만불)",L2023-00036-1/붙임3_입찰관련서류_검토완_0717/Section 4.  Bill of Quantities(Not-Priced)/공내역서/VTC견적서/4 БУФЕТ(Cafeteria)/4-1 КЖ(Structure)/13003_vrmu.xls,.xls,62464,True,127,0,BOQ | 가격·견적,
L2023-00036-1,2020-00086,우즈베키스탄,"우즈베키스탄 우르겐치 직업훈련원 건립 및 직업훈련 제도역량 공고화 지원 사업('20-'24/1,400만불)",L2023-00036-1/붙임3_입찰관련서류_검토완_0717/Section 4.  Bill of Quantities(Not-Priced)/공내역서/VTC견적서/4 БУФЕТ(Cafeteria)/4-1 КЖ(Structure)/bv13000.xls,.xls,156672,True,673,0,BOQ | 가격·견적,
L2023-00036-1,2020-00086,우즈베키스탄,"우즈베키스탄 우르겐치 직업훈련원 건립 및 직업훈련 제도역량 공고화 지원 사업('20-'24/1,400만불)",L2023-00036-1/붙임3_입찰관련서류_검토완_0717/Section 4.  Bill of Quantities(Not-Priced)/공내역서/VTC견적서/4 БУФЕТ(Cafeteria)/4-2 АР(Architecture)/13173_vfor.xls,.xls,46080,True,40,0,BOQ | 가격·견적,
L2023-00036-1,2020-00086,우즈베키스탄,"우즈베키스탄 우르겐치 직업훈련원 건립 및 직업훈련 제도역량 공고화 지원 사업('20-'24/1,400만불)",L2023-00036-1/붙임3_입찰관련서류_검토완_0717/Section 4.  Bill of Quantities(Not-Priced)/공내역서/VTC견적서/4 БУФЕТ(Cafeteria)/4-2 АР(Architecture)/13173_vrmu.xls,.xls,57344,True,121,0,BOQ | 가격·견적,
L2023-00036-1,2020-00086,우즈베키스탄,"우즈베키스탄 우르겐치 직업훈련원 건립 및 직업훈련 제도역량 공고화 지원 사업('20-'24/1,400만불)",L2023-00036-1/붙임3_입찰관련서류_검토완_0717/Section 4.  Bill of Quantities(Not-Priced)/공내역서/VTC견적서/4 БУФЕТ(Cafeteria)/4-2 АР(Architecture)/bv13170.xls,.xls,115200,True,396,0,BOQ | 가격·견적,
L2023-00036-1,2020-00086,우즈베키스탄,"우즈베키스탄 우르겐치 직업훈련원 건립 및 직업훈련 제도역량 공고화 지원 사업('20-'24/1,400만불)",L2023-00036-1/붙임3_입찰관련서류_검토완_0717/Section 4.  Bill of Quantities(Not-Priced)/공내역서/VTC견적서/4 БУФЕТ(Cafeteria)/4-3 ОВ(Heating & Ventilation)/13573_vfor.xls,.xls,51200,True,75,0,BOQ | 가격·견적,
L2023-00036-1,2020-00086,우즈베키스탄,"우즈베키스탄 우르겐치 직업훈련원 건립 및 직업훈련 제도역량 공고화 지원 사업('20-'24/1,400만불)",L2023-00036-1/붙임3_입찰관련서류_검토완_0717/Section 4.  Bill of Quantities(Not-Priced)/공내역서/VTC견적서/4 БУФЕТ(Cafeteria)/4-3 ОВ(Heating & Ventilation)/13573_vrmu.xls,.xls,60928,True,128,0,BOQ | 가격·견적,
L2023-00036-1,2020-00086,우즈베키스탄,"우즈베키스탄 우르겐치 직업훈련원 건립 및 직업훈련 제도역량 공고화 지원 사업('20-'24/1,400만불)",L2023-00036-1/붙임3_입찰관련서류_검토완_0717/Section 4.  Bill of Quantities(Not-Priced)/공내역서/VTC견적서/4 БУФЕТ(Cafeteria)/4-3 ОВ(Heating & Ventilation)/bv13570.xls,.xls,122368,True,471,0,BOQ | 가격·견적,
L2023-00036-1,2020-00086,우즈베키스탄,"우즈베키스탄 우르겐치 직업훈련원 건립 및 직업훈련 제도역량 공고화 지원 사업('20-'24/1,400만불)",L2023-00036-1/붙임3_입찰관련서류_검토완_0717/Section 4.  Bill of Quantities(Not-Priced)/공내역서/VTC견적서/4 БУФЕТ(Cafeteria)/4-4 ВК(Water & Sewer & Fireplug)/13143_vfor.xls,.xls,44544,True,47,0,BOQ | 가격·견적,
L2023-00036-1,2020-00086,우즈베키스탄,"우즈베키스탄 우르겐치 직업훈련원 건립 및 직업훈련 제도역량 공고화 지원 사업('20-'24/1,400만불)",L2023-00036-1/붙임3_입찰관련서류_검토완_0717/Section 4.  Bill of Quantities(Not-Priced)/공내역서/VTC견적서/4 БУФЕТ(Cafeteria)/4-4 ВК(Water & Sewer & Fireplug)/13143_vrmu.xls,.xls,58880,True,119,0,BOQ | 가격·견적,
L2023-00036-1,2020-00086,우즈베키스탄,"우즈베키스탄 우르겐치 직업훈련원 건립 및 직업훈련 제도역량 공고화 지원 사업('20-'24/1,400만불)",L2023-00036-1/붙임3_입찰관련서류_검토완_0717/Section 4.  Bill of Quantities(Not-Priced)/공내역서/VTC견적서/4 БУФЕТ(Cafeteria)/4-4 ВК(Water & Sewer & Fireplug)/bv13140.xls,.xls,101376,True,321,0,BOQ | 가격·견적,
L2023-00036-1,2020-00086,우즈베키스탄,"우즈베키스탄 우르겐치 직업훈련원 건립 및 직업훈련 제도역량 공고화 지원 사업('20-'24/1,400만불)",L2023-00036-1/붙임3_입찰관련서류_검토완_0717/Section 4.  Bill of Quantities(Not-Priced)/공내역서/VTC견적서/4 БУФЕТ(Cafeteria)/4-5 ЭО(Electric)/13383_vfor.xls,.xls,52736,True,57,0,BOQ | 가격·견적,
L2023-00036-1,2020-00086,우즈베키스탄,"우즈베키스탄 우르겐치 직업훈련원 건립 및 직업훈련 제도역량 공고화 지원 사업('20-'24/1,400만불)",L2023-00036-1/붙임3_입찰관련서류_검토완_0717/Section 4.  Bill of Quantities(Not-Priced)/공내역서/VTC견적서/4 БУФЕТ(Cafeteria)/4-5 ЭО(Electric)/13383_vrmu.xls,.xls,60416,True,112,0,BOQ | 가격·견적,
L2023-00036-1,2020-00086,우즈베키스탄,"우즈베키스탄 우르겐치 직업훈련원 건립 및 직업훈련 제도역량 공고화 지원 사업('20-'24/1,400만불)",L2023-00036-1/붙임3_입찰관련서류_검토완_0717/Section 4.  Bill of Quantities(Not-Priced)/공내역서/VTC견적서/4 БУФЕТ(Cafeteria)/4-5 ЭО(Electric)/bv13380.xls,.xls,105984,True,339,0,BOQ | 가격·견적,
L2023-00036-1,2020-00086,우즈베키스탄,"우즈베키스탄 우르겐치 직업훈련원 건립 및 직업훈련 제도역량 공고화 지원 사업('20-'24/1,400만불)",L2023-00036-1/붙임3_입찰관련서류_검토완_0717/Section 4.  Bill of Quantities(Not-Priced)/공내역서/VTC견적서/4 БУФЕТ(Cafeteria)/4-6 ПС(Fire Alarm)/13313_vfor.xls,.xls,40960,True,32,0,BOQ | 가격·견적,
L2023-00036-1,2020-00086,우즈베키스탄,"우즈베키스탄 우르겐치 직업훈련원 건립 및 직업훈련 제도역량 공고화 지원 사업('20-'24/1,400만불)",L2023-00036-1/붙임3_입찰관련서류_검토완_0717/Section 4.  Bill of Quantities(Not-Priced)/공내역서/VTC견적서/4 БУФЕТ(Cafeteria)/4-6 ПС(Fire Alarm)/13313_vrmu.xls,.xls,46080,True,75,0,BOQ | 가격·견적,
L2023-00036-1,2020-00086,우즈베키스탄,"우즈베키스탄 우르겐치 직업훈련원 건립 및 직업훈련 제도역량 공고화 지원 사업('20-'24/1,400만불)",L2023-00036-1/붙임3_입찰관련서류_검토완_0717/Section 4.  Bill of Quantities(Not-Priced)/공내역서/VTC견적서/4 БУФЕТ(Cafeteria)/4-6 ПС(Fire Alarm)/bv13310.xls,.xls,69120,True,147,0,BOQ | 가격·견적,
L2023-00036-1,2020-00086,우즈베키스탄,"우즈베키스탄 우르겐치 직업훈련원 건립 및 직업훈련 제도역량 공고화 지원 사업('20-'24/1,400만불)","L2023-00036-1/붙임3_입찰관련서류_검토완_0717/Section 4.  Bill of Quantities(Not-Priced)/공내역서/VTC견적서/4 БУФЕТ(Cafeteria)/4-7 ВН, СКС(CCTV & Network)/13323_vfor.xls",.xls,47616,True,59,0,BOQ | 가격·견적,
L2023-00036-1,2020-00086,우즈베키스탄,"우즈베키스탄 우르겐치 직업훈련원 건립 및 직업훈련 제도역량 공고화 지원 사업('20-'24/1,400만불)","L2023-00036-1/붙임3_입찰관련서류_검토완_0717/Section 4.  Bill of Quantities(Not-Priced)/공내역서/VTC견적서/4 БУФЕТ(Cafeteria)/4-7 ВН, СКС(CCTV & Network)/13323_vrmu.xls",.xls,56832,True,114,0,BOQ | 가격·견적,
L2023-00036-1,2020-00086,우즈베키스탄,"우즈베키스탄 우르겐치 직업훈련원 건립 및 직업훈련 제도역량 공고화 지원 사업('20-'24/1,400만불)","L2023-00036-1/붙임3_입찰관련서류_검토완_0717/Section 4.  Bill of Quantities(Not-Priced)/공내역서/VTC견적서/4 БУФЕТ(Cafeteria)/4-7 ВН, СКС(CCTV & Network)/bv13320.xls",.xls,87040,True,268,0,BOQ | 가격·견적,
L2023-00036-1,2020-00086,우즈베키스탄,"우즈베키스탄 우르겐치 직업훈련원 건립 및 직업훈련 제도역량 공고화 지원 사업('20-'24/1,400만불)",L2023-00036-1/붙임3_입찰관련서류_검토완_0717/Section 4.  Bill of Quantities(Not-Priced)/공내역서/VTC견적서/4 БУФЕТ(Cafeteria)/4-8 ГСВ(Gas)/13473_vfor.xls,.xls,43008,True,30,0,BOQ | 가격·견적,
L2023-00036-1,2020-00086,우즈베키스탄,"우즈베키스탄 우르겐치 직업훈련원 건립 및 직업훈련 제도역량 공고화 지원 사업('20-'24/1,400만불)",L2023-00036-1/붙임3_입찰관련서류_검토완_0717/Section 4.  Bill of Quantities(Not-Priced)/공내역서/VTC견적서/4 БУФЕТ(Cafeteria)/4-8 ГСВ(Gas)/13473_vrmu.xls,.xls,51712,True,85,0,BOQ | 가격·견적,
L2023-00036-1,2020-00086,우즈베키스탄,"우즈베키스탄 우르겐치 직업훈련원 건립 및 직업훈련 제도역량 공고화 지원 사업('20-'24/1,400만불)",L2023-00036-1/붙임3_입찰관련서류_검토완_0717/Section 4.  Bill of Quantities(Not-Priced)/공내역서/VTC견적서/4 БУФЕТ(Cafeteria)/4-8 ГСВ(Gas)/bv13470.xls,.xls,86528,True,236,0,BOQ | 가격·견적,
L2023-00036-1,2020-00086,우즈베키스탄,"우즈베키스탄 우르겐치 직업훈련원 건립 및 직업훈련 제도역량 공고화 지원 사업('20-'24/1,400만불)",L2023-00036-1/붙임3_입찰관련서류_검토완_0717/Section 4.  Bill of Quantities(Not-Priced)/공내역서/VTC견적서/4 БУФЕТ(Cafeteria)/4-9 ТХ/13743_vfor.xls,.xls,33280,True,23,0,BOQ | 가격·견적,
L2023-00036-1,2020-00086,우즈베키스탄,"우즈베키스탄 우르겐치 직업훈련원 건립 및 직업훈련 제도역량 공고화 지원 사업('20-'24/1,400만불)",L2023-00036-1/붙임3_입찰관련서류_검토완_0717/Section 4.  Bill of Quantities(Not-Priced)/공내역서/VTC견적서/4 БУФЕТ(Cafeteria)/4-9 ТХ/13743_vrmu.xls,.xls,44032,True,56,0,BOQ | 가격·견적,
L2023-00036-1,2020-00086,우즈베키스탄,"우즈베키스탄 우르겐치 직업훈련원 건립 및 직업훈련 제도역량 공고화 지원 사업('20-'24/1,400만불)",L2023-00036-1/붙임3_입찰관련서류_검토완_0717/Section 4.  Bill of Quantities(Not-Priced)/공내역서/VTC견적서/4 БУФЕТ(Cafeteria)/4-9 ТХ/bv13740.xls,.xls,45056,True,72,0,BOQ | 가격·견적,
L2023-00036-1,2020-00086,우즈베키스탄,"우즈베키스탄 우르겐치 직업훈련원 건립 및 직업훈련 제도역량 공고화 지원 사업('20-'24/1,400만불)",L2023-00036-1/붙임3_입찰관련서류_검토완_0717/Section 4.  Bill of Quantities(Not-Priced)/공내역서/VTC견적서/4 БУФЕТ(Cafeteria)/СВОДКА БУФЕТ o.xls,.xls,41984,True,21,0,BOQ | 가격·견적,
L2023-00036-1,2020-00086,우즈베키스탄,"우즈베키스탄 우르겐치 직업훈련원 건립 및 직업훈련 제도역량 공고화 지원 사업('20-'24/1,400만불)",L2023-00036-1/붙임3_입찰관련서류_검토완_0717/Section 4.  Bill of Quantities(Not-Priced)/공내역서/VTC견적서/4 БУФЕТ(Cafeteria)/Титул  ТОМ V.doc,.doc,31232,True,18,0,BOQ | 가격·견적,
L2023-00036-1,2020-00086,우즈베키스탄,"우즈베키스탄 우르겐치 직업훈련원 건립 및 직업훈련 제도역량 공고화 지원 사업('20-'24/1,400만불)",L2023-00036-1/붙임3_입찰관련서류_검토완_0717/Section 4.  Bill of Quantities(Not-Priced)/공내역서/VTC견적서/5 МИНИКУХНЯ(Mini Cafe)/5-1 КЖ(Structure)/13043_vfor.xls,.xls,48128,True,95,0,BOQ | 가격·견적,
L2023-00036-1,2020-00086,우즈베키스탄,"우즈베키스탄 우르겐치 직업훈련원 건립 및 직업훈련 제도역량 공고화 지원 사업('20-'24/1,400만불)",L2023-00036-1/붙임3_입찰관련서류_검토완_0717/Section 4.  Bill of Quantities(Not-Priced)/공내역서/VTC견적서/5 МИНИКУХНЯ(Mini Cafe)/5-1 КЖ(Structure)/13043_vrmu.xls,.xls,64000,True,157,0,BOQ | 가격·견적,
L2023-00036-1,2020-00086,우즈베키스탄,"우즈베키스탄 우르겐치 직업훈련원 건립 및 직업훈련 제도역량 공고화 지원 사업('20-'24/1,400만불)",L2023-00036-1/붙임3_입찰관련서류_검토완_0717/Section 4.  Bill of Quantities(Not-Priced)/공내역서/VTC견적서/5 МИНИКУХНЯ(Mini Cafe)/5-1 КЖ(Structure)/bv13040.xls,.xls,174592,True,805,0,BOQ | 가격·견적,
L2023-00036-1,2020-00086,우즈베키스탄,"우즈베키스탄 우르겐치 직업훈련원 건립 및 직업훈련 제도역량 공고화 지원 사업('20-'24/1,400만불)",L2023-00036-1/붙임3_입찰관련서류_검토완_0717/Section 4.  Bill of Quantities(Not-Priced)/공내역서/VTC견적서/5 МИНИКУХНЯ(Mini Cafe)/5-2 АР(Architecture)/13193_vfor.xls,.xls,40960,True,50,0,BOQ | 가격·견적,
L2023-00036-1,2020-00086,우즈베키스탄,"우즈베키스탄 우르겐치 직업훈련원 건립 및 직업훈련 제도역량 공고화 지원 사업('20-'24/1,400만불)",L2023-00036-1/붙임3_입찰관련서류_검토완_0717/Section 4.  Bill of Quantities(Not-Priced)/공내역서/VTC견적서/5 МИНИКУХНЯ(Mini Cafe)/5-2 АР(Architecture)/13193_vrmu.xls,.xls,59392,True,128,0,BOQ | 가격·견적,
L2023-00036-1,2020-00086,우즈베키스탄,"우즈베키스탄 우르겐치 직업훈련원 건립 및 직업훈련 제도역량 공고화 지원 사업('20-'24/1,400만불)",L2023-00036-1/붙임3_입찰관련서류_검토완_0717/Section 4.  Bill of Quantities(Not-Priced)/공내역서/VTC견적서/5 МИНИКУХНЯ(Mini Cafe)/5-2 АР(Architecture)/bv13190.xls,.xls,114176,True,431,0,BOQ | 가격·견적,
L2023-00036-1,2020-00086,우즈베키스탄,"우즈베키스탄 우르겐치 직업훈련원 건립 및 직업훈련 제도역량 공고화 지원 사업('20-'24/1,400만불)",L2023-00036-1/붙임3_입찰관련서류_검토완_0717/Section 4.  Bill of Quantities(Not-Priced)/공내역서/VTC견적서/5 МИНИКУХНЯ(Mini Cafe)/5-3 ОВ(Heating & Ventilation)/13543_vfor.xls,.xls,32768,True,21,0,BOQ | 가격·견적,
L2023-00036-1,2020-00086,우즈베키스탄,"우즈베키스탄 우르겐치 직업훈련원 건립 및 직업훈련 제도역량 공고화 지원 사업('20-'24/1,400만불)",L2023-00036-1/붙임3_입찰관련서류_검토완_0717/Section 4.  Bill of Quantities(Not-Priced)/공내역서/VTC견적서/5 МИНИКУХНЯ(Mini Cafe)/5-3 ОВ(Heating & Ventilation)/13543_vrmu.xls,.xls,49664,True,72,0,BOQ | 가격·견적,
L2023-00036-1,2020-00086,우즈베키스탄,"우즈베키스탄 우르겐치 직업훈련원 건립 및 직업훈련 제도역량 공고화 지원 사업('20-'24/1,400만불)",L2023-00036-1/붙임3_입찰관련서류_검토완_0717/Section 4.  Bill of Quantities(Not-Priced)/공내역서/VTC견적서/5 МИНИКУХНЯ(Mini Cafe)/5-3 ОВ(Heating & Ventilation)/bv13540.xls,.xls,65536,True,160,0,BOQ | 가격·견적,
L2023-00036-1,2020-00086,우즈베키스탄,"우즈베키스탄 우르겐치 직업훈련원 건립 및 직업훈련 제도역량 공고화 지원 사업('20-'24/1,400만불)",L2023-00036-1/붙임3_입찰관련서류_검토완_0717/Section 4.  Bill of Quantities(Not-Priced)/공내역서/VTC견적서/5 МИНИКУХНЯ(Mini Cafe)/5-4 ВК(Water & Sewer & Fireplug)/13153_vfor.xls,.xls,38912,True,61,0,BOQ | 가격·견적,
L2023-00036-1,2020-00086,우즈베키스탄,"우즈베키스탄 우르겐치 직업훈련원 건립 및 직업훈련 제도역량 공고화 지원 사업('20-'24/1,400만불)",L2023-00036-1/붙임3_입찰관련서류_검토완_0717/Section 4.  Bill of Quantities(Not-Priced)/공내역서/VTC견적서/5 МИНИКУХНЯ(Mini Cafe)/5-4 ВК(Water & Sewer & Fireplug)/13153_vrmu.xls,.xls,55296,True,116,0,BOQ | 가격·견적,
L2023-00036-1,2020-00086,우즈베키스탄,"우즈베키스탄 우르겐치 직업훈련원 건립 및 직업훈련 제도역량 공고화 지원 사업('20-'24/1,400만불)",L2023-00036-1/붙임3_입찰관련서류_검토완_0717/Section 4.  Bill of Quantities(Not-Priced)/공내역서/VTC견적서/5 МИНИКУХНЯ(Mini Cafe)/5-4 ВК(Water & Sewer & Fireplug)/bv13150.xls,.xls,81920,True,265,0,BOQ | 가격·견적,
L2023-00036-1,2020-00086,우즈베키스탄,"우즈베키스탄 우르겐치 직업훈련원 건립 및 직업훈련 제도역량 공고화 지원 사업('20-'24/1,400만불)",L2023-00036-1/붙임3_입찰관련서류_검토완_0717/Section 4.  Bill of Quantities(Not-Priced)/공내역서/VTC견적서/5 МИНИКУХНЯ(Mini Cafe)/5-5 ЭО(Electric)/13523_vfor.xls,.xls,38912,True,34,0,BOQ | 가격·견적,
L2023-00036-1,2020-00086,우즈베키스탄,"우즈베키스탄 우르겐치 직업훈련원 건립 및 직업훈련 제도역량 공고화 지원 사업('20-'24/1,400만불)",L2023-00036-1/붙임3_입찰관련서류_검토완_0717/Section 4.  Bill of Quantities(Not-Priced)/공내역서/VTC견적서/5 МИНИКУХНЯ(Mini Cafe)/5-5 ЭО(Electric)/13523_vrmu.xls,.xls,51712,True,80,0,BOQ | 가격·견적,
L2023-00036-1,2020-00086,우즈베키스탄,"우즈베키스탄 우르겐치 직업훈련원 건립 및 직업훈련 제도역량 공고화 지원 사업('20-'24/1,400만불)",L2023-00036-1/붙임3_입찰관련서류_검토완_0717/Section 4.  Bill of Quantities(Not-Priced)/공내역서/VTC견적서/5 МИНИКУХНЯ(Mini Cafe)/5-5 ЭО(Electric)/bv13520.xls,.xls,72704,True,189,0,BOQ | 가격·견적,
L2023-00036-1,2020-00086,우즈베키스탄,"우즈베키스탄 우르겐치 직업훈련원 건립 및 직업훈련 제도역량 공고화 지원 사업('20-'24/1,400만불)",L2023-00036-1/붙임3_입찰관련서류_검토완_0717/Section 4.  Bill of Quantities(Not-Priced)/공내역서/VTC견적서/5 МИНИКУХНЯ(Mini Cafe)/5-6 ПС(Fire Alarm)/13333_vfor.xls,.xls,35328,True,32,0,BOQ | 가격·견적,
L2023-00036-1,2020-00086,우즈베키스탄,"우즈베키스탄 우르겐치 직업훈련원 건립 및 직업훈련 제도역량 공고화 지원 사업('20-'24/1,400만불)",L2023-00036-1/붙임3_입찰관련서류_검토완_0717/Section 4.  Bill of Quantities(Not-Priced)/공내역서/VTC견적서/5 МИНИКУХНЯ(Mini Cafe)/5-6 ПС(Fire Alarm)/13333_vrmu.xls,.xls,45568,True,75,0,BOQ | 가격·견적,
L2023-00036-1,2020-00086,우즈베키스탄,"우즈베키스탄 우르겐치 직업훈련원 건립 및 직업훈련 제도역량 공고화 지원 사업('20-'24/1,400만불)",L2023-00036-1/붙임3_입찰관련서류_검토완_0717/Section 4.  Bill of Quantities(Not-Priced)/공내역서/VTC견적서/5 МИНИКУХНЯ(Mini Cafe)/5-6 ПС(Fire Alarm)/bv13330.xls,.xls,62976,True,147,0,BOQ | 가격·견적,
L2023-00036-1,2020-00086,우즈베키스탄,"우즈베키스탄 우르겐치 직업훈련원 건립 및 직업훈련 제도역량 공고화 지원 사업('20-'24/1,400만불)","L2023-00036-1/붙임3_입찰관련서류_검토완_0717/Section 4.  Bill of Quantities(Not-Priced)/공내역서/VTC견적서/5 МИНИКУХНЯ(Mini Cafe)/5-7 ВН, СКС(CCTV & Network)/13343_vfor.xls",.xls,42496,True,59,0,BOQ | 가격·견적,
L2023-00036-1,2020-00086,우즈베키스탄,"우즈베키스탄 우르겐치 직업훈련원 건립 및 직업훈련 제도역량 공고화 지원 사업('20-'24/1,400만불)","L2023-00036-1/붙임3_입찰관련서류_검토완_0717/Section 4.  Bill of Quantities(Not-Priced)/공내역서/VTC견적서/5 МИНИКУХНЯ(Mini Cafe)/5-7 ВН, СКС(CCTV & Network)/13343_vrmu.xls",.xls,57344,True,116,0,BOQ | 가격·견적,
L2023-00036-1,2020-00086,우즈베키스탄,"우즈베키스탄 우르겐치 직업훈련원 건립 및 직업훈련 제도역량 공고화 지원 사업('20-'24/1,400만불)","L2023-00036-1/붙임3_입찰관련서류_검토완_0717/Section 4.  Bill of Quantities(Not-Priced)/공내역서/VTC견적서/5 МИНИКУХНЯ(Mini Cafe)/5-7 ВН, СКС(CCTV & Network)/bv13340.xls",.xls,87552,True,271,0,BOQ | 가격·견적,
L2023-00036-1,2020-00086,우즈베키스탄,"우즈베키스탄 우르겐치 직업훈련원 건립 및 직업훈련 제도역량 공고화 지원 사업('20-'24/1,400만불)",L2023-00036-1/붙임3_입찰관련서류_검토완_0717/Section 4.  Bill of Quantities(Not-Priced)/공내역서/VTC견적서/5 МИНИКУХНЯ(Mini Cafe)/СВОДКА МИНИ-КУХНЯ o.xls,.xls,40448,True,19,0,BOQ | 가격·견적,
L2023-00036-1,2020-00086,우즈베키스탄,"우즈베키스탄 우르겐치 직업훈련원 건립 및 직업훈련 제도역량 공고화 지원 사업('20-'24/1,400만불)",L2023-00036-1/붙임3_입찰관련서류_검토완_0717/Section 4.  Bill of Quantities(Not-Priced)/공내역서/VTC견적서/5 МИНИКУХНЯ(Mini Cafe)/Титул  ТОМ VI.doc,.doc,31232,True,18,0,BOQ | 가격·견적,
L2023-00036-1,2020-00086,우즈베키스탄,"우즈베키스탄 우르겐치 직업훈련원 건립 및 직업훈련 제도역량 공고화 지원 사업('20-'24/1,400만불)",L2023-00036-1/붙임3_입찰관련서류_검토완_0717/Section 4.  Bill of Quantities(Not-Priced)/공내역서/VTC견적서/6 КПП(Guard House+Fence & Gate)/6-1 КЖ(Structure)/13053_vfor.xls,.xls,57856,True,89,0,BOQ | 가격·견적,
L2023-00036-1,2020-00086,우즈베키스탄,"우즈베키스탄 우르겐치 직업훈련원 건립 및 직업훈련 제도역량 공고화 지원 사업('20-'24/1,400만불)",L2023-00036-1/붙임3_입찰관련서류_검토완_0717/Section 4.  Bill of Quantities(Not-Priced)/공내역서/VTC견적서/6 КПП(Guard House+Fence & Gate)/6-1 КЖ(Structure)/13053_vrmu.xls,.xls,72704,True,146,0,BOQ | 가격·견적,
L2023-00036-1,2020-00086,우즈베키스탄,"우즈베키스탄 우르겐치 직업훈련원 건립 및 직업훈련 제도역량 공고화 지원 사업('20-'24/1,400만불)",L2023-00036-1/붙임3_입찰관련서류_검토완_0717/Section 4.  Bill of Quantities(Not-Priced)/공내역서/VTC견적서/6 КПП(Guard House+Fence & Gate)/6-1 КЖ(Structure)/bv13050.xls,.xls,186368,True,735,0,BOQ | 가격·견적,
L2023-00036-1,2020-00086,우즈베키스탄,"우즈베키스탄 우르겐치 직업훈련원 건립 및 직업훈련 제도역량 공고화 지원 사업('20-'24/1,400만불)",L2023-00036-1/붙임3_입찰관련서류_검토완_0717/Section 4.  Bill of Quantities(Not-Priced)/공내역서/VTC견적서/6 КПП(Guard House+Fence & Gate)/6-2 АР(Architecture)/13203_vfor.xls,.xls,48640,True,54,0,BOQ | 가격·견적,
L2023-00036-1,2020-00086,우즈베키스탄,"우즈베키스탄 우르겐치 직업훈련원 건립 및 직업훈련 제도역량 공고화 지원 사업('20-'24/1,400만불)",L2023-00036-1/붙임3_입찰관련서류_검토완_0717/Section 4.  Bill of Quantities(Not-Priced)/공내역서/VTC견적서/6 КПП(Guard House+Fence & Gate)/6-2 АР(Architecture)/13203_vrmu.xls,.xls,61440,True,136,0,BOQ | 가격·견적,
L2023-00036-1,2020-00086,우즈베키스탄,"우즈베키스탄 우르겐치 직업훈련원 건립 및 직업훈련 제도역량 공고화 지원 사업('20-'24/1,400만불)",L2023-00036-1/붙임3_입찰관련서류_검토완_0717/Section 4.  Bill of Quantities(Not-Priced)/공내역서/VTC견적서/6 КПП(Guard House+Fence & Gate)/6-2 АР(Architecture)/bv13200.xls,.xls,129024,True,479,0,BOQ | 가격·견적,
L2023-00036-1,2020-00086,우즈베키스탄,"우즈베키스탄 우르겐치 직업훈련원 건립 및 직업훈련 제도역량 공고화 지원 사업('20-'24/1,400만불)",L2023-00036-1/붙임3_입찰관련서류_검토완_0717/Section 4.  Bill of Quantities(Not-Priced)/공내역서/VTC견적서/6 КПП(Guard House+Fence & Gate)/6-3 ОВ(Heating & Ventilation)/13553_vfor.xls,.xls,39424,True,16,0,BOQ | 가격·견적,
L2023-00036-1,2020-00086,우즈베키스탄,"우즈베키스탄 우르겐치 직업훈련원 건립 및 직업훈련 제도역량 공고화 지원 사업('20-'24/1,400만불)",L2023-00036-1/붙임3_입찰관련서류_검토완_0717/Section 4.  Bill of Quantities(Not-Priced)/공내역서/VTC견적서/6 КПП(Guard House+Fence & Gate)/6-3 ОВ(Heating & Ventilation)/13553_vrmu.xls,.xls,47104,True,70,0,BOQ | 가격·견적,
L2023-00036-1,2020-00086,우즈베키스탄,"우즈베키스탄 우르겐치 직업훈련원 건립 및 직업훈련 제도역량 공고화 지원 사업('20-'24/1,400만불)",L2023-00036-1/붙임3_입찰관련서류_검토완_0717/Section 4.  Bill of Quantities(Not-Priced)/공내역서/VTC견적서/6 КПП(Guard House+Fence & Gate)/6-3 ОВ(Heating & Ventilation)/bv13550.xls,.xls,64000,True,113,0,BOQ | 가격·견적,
L2023-00036-1,2020-00086,우즈베키스탄,"우즈베키스탄 우르겐치 직업훈련원 건립 및 직업훈련 제도역량 공고화 지원 사업('20-'24/1,400만불)",L2023-00036-1/붙임3_입찰관련서류_검토완_0717/Section 4.  Bill of Quantities(Not-Priced)/공내역서/VTC견적서/6 КПП(Guard House+Fence & Gate)/6-4 ВК(Water & Sewer & Fire plug)/13163_vfor.xls,.xls,42496,True,40,0,BOQ | 가격·견적,
L2023-00036-1,2020-00086,우즈베키스탄,"우즈베키스탄 우르겐치 직업훈련원 건립 및 직업훈련 제도역량 공고화 지원 사업('20-'24/1,400만불)",L2023-00036-1/붙임3_입찰관련서류_검토완_0717/Section 4.  Bill of Quantities(Not-Priced)/공내역서/VTC견적서/6 КПП(Guard House+Fence & Gate)/6-4 ВК(Water & Sewer & Fire plug)/13163_vrmu.xls,.xls,51712,True,96,0,BOQ | 가격·견적,
L2023-00036-1,2020-00086,우즈베키스탄,"우즈베키스탄 우르겐치 직업훈련원 건립 및 직업훈련 제도역량 공고화 지원 사업('20-'24/1,400만불)",L2023-00036-1/붙임3_입찰관련서류_검토완_0717/Section 4.  Bill of Quantities(Not-Priced)/공내역서/VTC견적서/6 КПП(Guard House+Fence & Gate)/6-4 ВК(Water & Sewer & Fire plug)/bv13160.xls,.xls,81408,True,210,0,BOQ | 가격·견적,
L2023-00036-1,2020-00086,우즈베키스탄,"우즈베키스탄 우르겐치 직업훈련원 건립 및 직업훈련 제도역량 공고화 지원 사업('20-'24/1,400만불)",L2023-00036-1/붙임3_입찰관련서류_검토완_0717/Section 4.  Bill of Quantities(Not-Priced)/공내역서/VTC견적서/6 КПП(Guard House+Fence & Gate)/6-5 ЭО(Electric)/13533_vfor.xls,.xls,45568,True,34,0,BOQ | 가격·견적,
L2023-00036-1,2020-00086,우즈베키스탄,"우즈베키스탄 우르겐치 직업훈련원 건립 및 직업훈련 제도역량 공고화 지원 사업('20-'24/1,400만불)",L2023-00036-1/붙임3_입찰관련서류_검토완_0717/Section 4.  Bill of Quantities(Not-Priced)/공내역서/VTC견적서/6 КПП(Guard House+Fence & Gate)/6-5 ЭО(Electric)/13533_vrmu.xls,.xls,51712,True,80,0,BOQ | 가격·견적,
L2023-00036-1,2020-00086,우즈베키스탄,"우즈베키스탄 우르겐치 직업훈련원 건립 및 직업훈련 제도역량 공고화 지원 사업('20-'24/1,400만불)",L2023-00036-1/붙임3_입찰관련서류_검토완_0717/Section 4.  Bill of Quantities(Not-Priced)/공내역서/VTC견적서/6 КПП(Guard House+Fence & Gate)/6-5 ЭО(Electric)/bv13530.xls,.xls,77824,True,190,0,BOQ | 가격·견적,
L2023-00036-1,2020-00086,우즈베키스탄,"우즈베키스탄 우르겐치 직업훈련원 건립 및 직업훈련 제도역량 공고화 지원 사업('20-'24/1,400만불)",L2023-00036-1/붙임3_입찰관련서류_검토완_0717/Section 4.  Bill of Quantities(Not-Priced)/공내역서/VTC견적서/6 КПП(Guard House+Fence & Gate)/6-6 ПС(Fire Alarm)/13353_vfor.xls,.xls,39936,True,32,0,BOQ | 가격·견적,
L2023-00036-1,2020-00086,우즈베키스탄,"우즈베키스탄 우르겐치 직업훈련원 건립 및 직업훈련 제도역량 공고화 지원 사업('20-'24/1,400만불)",L2023-00036-1/붙임3_입찰관련서류_검토완_0717/Section 4.  Bill of Quantities(Not-Priced)/공내역서/VTC견적서/6 КПП(Guard House+Fence & Gate)/6-6 ПС(Fire Alarm)/13353_vrmu.xls,.xls,45568,True,74,0,BOQ | 가격·견적,
L2023-00036-1,2020-00086,우즈베키스탄,"우즈베키스탄 우르겐치 직업훈련원 건립 및 직업훈련 제도역량 공고화 지원 사업('20-'24/1,400만불)",L2023-00036-1/붙임3_입찰관련서류_검토완_0717/Section 4.  Bill of Quantities(Not-Priced)/공내역서/VTC견적서/6 КПП(Guard House+Fence & Gate)/6-6 ПС(Fire Alarm)/bv13350.xls,.xls,68608,True,146,0,BOQ | 가격·견적,
L2023-00036-1,2020-00086,우즈베키스탄,"우즈베키스탄 우르겐치 직업훈련원 건립 및 직업훈련 제도역량 공고화 지원 사업('20-'24/1,400만불)","L2023-00036-1/붙임3_입찰관련서류_검토완_0717/Section 4.  Bill of Quantities(Not-Priced)/공내역서/VTC견적서/6 КПП(Guard House+Fence & Gate)/6-7 ВН, СКС(CCTV & Network)/13363_vfor.xls",.xls,48128,True,52,0,BOQ | 가격·견적,
L2023-00036-1,2020-00086,우즈베키스탄,"우즈베키스탄 우르겐치 직업훈련원 건립 및 직업훈련 제도역량 공고화 지원 사업('20-'24/1,400만불)","L2023-00036-1/붙임3_입찰관련서류_검토완_0717/Section 4.  Bill of Quantities(Not-Priced)/공내역서/VTC견적서/6 КПП(Guard House+Fence & Gate)/6-7 ВН, СКС(CCTV & Network)/13363_vrmu.xls",.xls,57344,True,108,0,BOQ | 가격·견적,
L2023-00036-1,2020-00086,우즈베키스탄,"우즈베키스탄 우르겐치 직업훈련원 건립 및 직업훈련 제도역량 공고화 지원 사업('20-'24/1,400만불)","L2023-00036-1/붙임3_입찰관련서류_검토완_0717/Section 4.  Bill of Quantities(Not-Priced)/공내역서/VTC견적서/6 КПП(Guard House+Fence & Gate)/6-7 ВН, СКС(CCTV & Network)/bv13360.xls",.xls,88576,True,250,0,BOQ | 가격·견적,
L2023-00036-1,2020-00086,우즈베키스탄,"우즈베키스탄 우르겐치 직업훈련원 건립 및 직업훈련 제도역량 공고화 지원 사업('20-'24/1,400만불)",L2023-00036-1/붙임3_입찰관련서류_검토완_0717/Section 4.  Bill of Quantities(Not-Priced)/공내역서/VTC견적서/6 КПП(Guard House+Fence & Gate)/СВОДКА КПП o.xls,.xls,39936,True,19,0,BOQ | 가격·견적,
L2023-00036-1,2020-00086,우즈베키스탄,"우즈베키스탄 우르겐치 직업훈련원 건립 및 직업훈련 제도역량 공고화 지원 사업('20-'24/1,400만불)",L2023-00036-1/붙임3_입찰관련서류_검토완_0717/Section 4.  Bill of Quantities(Not-Priced)/공내역서/VTC견적서/6 КПП(Guard House+Fence & Gate)/Титул  ТОМ VII.doc,.doc,31232,True,18,0,BOQ | 가격·견적,
L2023-00036-1,2020-00086,우즈베키스탄,"우즈베키스탄 우르겐치 직업훈련원 건립 및 직업훈련 제도역량 공고화 지원 사업('20-'24/1,400만불)",L2023-00036-1/붙임3_입찰관련서류_검토완_0717/Section 4.  Bill of Quantities(Not-Priced)/공내역서/VTC견적서/7 КОМПРЕССОРАНЯ(Comp.+GAS storage)/7-1 КЖ(Structure)/13073_vfor.xls,.xls,45056,True,49,0,BOQ | 가격·견적,
L2023-00036-1,2020-00086,우즈베키스탄,"우즈베키스탄 우르겐치 직업훈련원 건립 및 직업훈련 제도역량 공고화 지원 사업('20-'24/1,400만불)",L2023-00036-1/붙임3_입찰관련서류_검토완_0717/Section 4.  Bill of Quantities(Not-Priced)/공내역서/VTC견적서/7 КОМПРЕССОРАНЯ(Comp.+GAS storage)/7-1 КЖ(Structure)/13073_vrmu.xls,.xls,57344,True,109,0,BOQ | 가격·견적,
L2023-00036-1,2020-00086,우즈베키스탄,"우즈베키스탄 우르겐치 직업훈련원 건립 및 직업훈련 제도역량 공고화 지원 사업('20-'24/1,400만불)",L2023-00036-1/붙임3_입찰관련서류_검토완_0717/Section 4.  Bill of Quantities(Not-Priced)/공내역서/VTC견적서/7 КОМПРЕССОРАНЯ(Comp.+GAS storage)/7-1 КЖ(Structure)/bv13070.xls,.xls,126464,True,488,0,BOQ | 가격·견적,
L2023-00036-1,2020-00086,우즈베키스탄,"우즈베키스탄 우르겐치 직업훈련원 건립 및 직업훈련 제도역량 공고화 지원 사업('20-'24/1,400만불)",L2023-00036-1/붙임3_입찰관련서류_검토완_0717/Section 4.  Bill of Quantities(Not-Priced)/공내역서/VTC견적서/7 КОМПРЕССОРАНЯ(Comp.+GAS storage)/7-2 АР(Architecture)/13083_vfor.xls,.xls,37888,True,17,0,BOQ | 가격·견적,
L2023-00036-1,2020-00086,우즈베키스탄,"우즈베키스탄 우르겐치 직업훈련원 건립 및 직업훈련 제도역량 공고화 지원 사업('20-'24/1,400만불)",L2023-00036-1/붙임3_입찰관련서류_검토완_0717/Section 4.  Bill of Quantities(Not-Priced)/공내역서/VTC견적서/7 КОМПРЕССОРАНЯ(Comp.+GAS storage)/7-2 АР(Architecture)/13083_vrmu.xls,.xls,48128,True,72,0,BOQ | 가격·견적,
L2023-00036-1,2020-00086,우즈베키스탄,"우즈베키스탄 우르겐치 직업훈련원 건립 및 직업훈련 제도역량 공고화 지원 사업('20-'24/1,400만불)",L2023-00036-1/붙임3_입찰관련서류_검토완_0717/Section 4.  Bill of Quantities(Not-Priced)/공내역서/VTC견적서/7 КОМПРЕССОРАНЯ(Comp.+GAS storage)/7-2 АР(Architecture)/bv13080.xls,.xls,76800,True,178,0,BOQ | 가격·견적,
L2023-00036-1,2020-00086,우즈베키스탄,"우즈베키스탄 우르겐치 직업훈련원 건립 및 직업훈련 제도역량 공고화 지원 사업('20-'24/1,400만불)",L2023-00036-1/붙임3_입찰관련서류_검토완_0717/Section 4.  Bill of Quantities(Not-Priced)/공내역서/VTC견적서/7 КОМПРЕССОРАНЯ(Comp.+GAS storage)/7-3 ЭО(Electric)/13503_vfor.xls,.xls,44544,True,30,0,BOQ | 가격·견적,
L2023-00036-1,2020-00086,우즈베키스탄,"우즈베키스탄 우르겐치 직업훈련원 건립 및 직업훈련 제도역량 공고화 지원 사업('20-'24/1,400만불)",L2023-00036-1/붙임3_입찰관련서류_검토완_0717/Section 4.  Bill of Quantities(Not-Priced)/공내역서/VTC견적서/7 КОМПРЕССОРАНЯ(Comp.+GAS storage)/7-3 ЭО(Electric)/13503_vrmu.xls,.xls,51200,True,80,0,BOQ | 가격·견적,
L2023-00036-1,2020-00086,우즈베키스탄,"우즈베키스탄 우르겐치 직업훈련원 건립 및 직업훈련 제도역량 공고화 지원 사업('20-'24/1,400만불)",L2023-00036-1/붙임3_입찰관련서류_검토완_0717/Section 4.  Bill of Quantities(Not-Priced)/공내역서/VTC견적서/7 КОМПРЕССОРАНЯ(Comp.+GAS storage)/7-3 ЭО(Electric)/bv13500.xls,.xls,76800,True,169,0,BOQ | 가격·견적,
L2023-00036-1,2020-00086,우즈베키스탄,"우즈베키스탄 우르겐치 직업훈련원 건립 및 직업훈련 제도역량 공고화 지원 사업('20-'24/1,400만불)",L2023-00036-1/붙임3_입찰관련서류_검토완_0717/Section 4.  Bill of Quantities(Not-Priced)/공내역서/VTC견적서/7 КОМПРЕССОРАНЯ(Comp.+GAS storage)/СВОДКА КОМПРЕССОРНАЯ o.xls,.xls,38400,True,15,0,BOQ | 가격·견적,
L2023-00036-1,2020-00086,우즈베키스탄,"우즈베키스탄 우르겐치 직업훈련원 건립 및 직업훈련 제도역량 공고화 지원 사업('20-'24/1,400만불)",L2023-00036-1/붙임3_입찰관련서류_검토완_0717/Section 4.  Bill of Quantities(Not-Priced)/공내역서/VTC견적서/7 КОМПРЕССОРАНЯ(Comp.+GAS storage)/Титул  ТОМ VIII.doc,.doc,31232,True,18,0,BOQ | 가격·견적,
L2023-00036-1,2020-00086,우즈베키스탄,"우즈베키스탄 우르겐치 직업훈련원 건립 및 직업훈련 제도역량 공고화 지원 사업('20-'24/1,400만불)",L2023-00036-1/붙임3_입찰관련서류_검토완_0717/Section 4.  Bill of Quantities(Not-Priced)/공내역서/VTC견적서/8 ПОЖАРНАЯ ЕМЪКОСТЬ(Fire Tank)/8-1 АС(Architecture+Structure)/13563_vfor.xls,.xls,48128,True,66,0,BOQ | 가격·견적,
L2023-00036-1,2020-00086,우즈베키스탄,"우즈베키스탄 우르겐치 직업훈련원 건립 및 직업훈련 제도역량 공고화 지원 사업('20-'24/1,400만불)",L2023-00036-1/붙임3_입찰관련서류_검토완_0717/Section 4.  Bill of Quantities(Not-Priced)/공내역서/VTC견적서/8 ПОЖАРНАЯ ЕМЪКОСТЬ(Fire Tank)/8-1 АС(Architecture+Structure)/13563_vrmu.xls,.xls,56832,True,104,0,BOQ | 가격·견적,
L2023-00036-1,2020-00086,우즈베키스탄,"우즈베키스탄 우르겐치 직업훈련원 건립 및 직업훈련 제도역량 공고화 지원 사업('20-'24/1,400만불)",L2023-00036-1/붙임3_입찰관련서류_검토완_0717/Section 4.  Bill of Quantities(Not-Priced)/공내역서/VTC견적서/8 ПОЖАРНАЯ ЕМЪКОСТЬ(Fire Tank)/8-1 АС(Architecture+Structure)/bv13560.xls,.xls,143360,True,597,0,BOQ | 가격·견적,
L2023-00036-1,2020-00086,우즈베키스탄,"우즈베키스탄 우르겐치 직업훈련원 건립 및 직업훈련 제도역량 공고화 지원 사업('20-'24/1,400만불)",L2023-00036-1/붙임3_입찰관련서류_검토완_0717/Section 4.  Bill of Quantities(Not-Priced)/공내역서/VTC견적서/8 ПОЖАРНАЯ ЕМЪКОСТЬ(Fire Tank)/8-2 ТХ(Technology Plan)/13603_vfor.xls,.xls,35840,True,31,0,BOQ | 가격·견적,
L2023-00036-1,2020-00086,우즈베키스탄,"우즈베키스탄 우르겐치 직업훈련원 건립 및 직업훈련 제도역량 공고화 지원 사업('20-'24/1,400만불)",L2023-00036-1/붙임3_입찰관련서류_검토완_0717/Section 4.  Bill of Quantities(Not-Priced)/공내역서/VTC견적서/8 ПОЖАРНАЯ ЕМЪКОСТЬ(Fire Tank)/8-2 ТХ(Technology Plan)/13603_vrmu.xls,.xls,53248,True,86,0,BOQ | 가격·견적,
L2023-00036-1,2020-00086,우즈베키스탄,"우즈베키스탄 우르겐치 직업훈련원 건립 및 직업훈련 제도역량 공고화 지원 사업('20-'24/1,400만불)",L2023-00036-1/붙임3_입찰관련서류_검토완_0717/Section 4.  Bill of Quantities(Not-Priced)/공내역서/VTC견적서/8 ПОЖАРНАЯ ЕМЪКОСТЬ(Fire Tank)/8-2 ТХ(Technology Plan)/bv13600.xls,.xls,80896,True,239,0,BOQ | 가격·견적,
L2023-00036-1,2020-00086,우즈베키스탄,"우즈베키스탄 우르겐치 직업훈련원 건립 및 직업훈련 제도역량 공고화 지원 사업('20-'24/1,400만불)",L2023-00036-1/붙임3_입찰관련서류_검토완_0717/Section 4.  Bill of Quantities(Not-Priced)/공내역서/VTC견적서/8 ПОЖАРНАЯ ЕМЪКОСТЬ(Fire Tank)/8-3 ЭО(Electric)/13733_vfor.xls,.xls,40448,True,44,0,BOQ | 가격·견적,
L2023-00036-1,2020-00086,우즈베키스탄,"우즈베키스탄 우르겐치 직업훈련원 건립 및 직업훈련 제도역량 공고화 지원 사업('20-'24/1,400만불)",L2023-00036-1/붙임3_입찰관련서류_검토완_0717/Section 4.  Bill of Quantities(Not-Priced)/공내역서/VTC견적서/8 ПОЖАРНАЯ ЕМЪКОСТЬ(Fire Tank)/8-3 ЭО(Electric)/13733_vrmu.xls,.xls,55296,True,105,0,BOQ | 가격·견적,
L2023-00036-1,2020-00086,우즈베키스탄,"우즈베키스탄 우르겐치 직업훈련원 건립 및 직업훈련 제도역량 공고화 지원 사업('20-'24/1,400만불)",L2023-00036-1/붙임3_입찰관련서류_검토완_0717/Section 4.  Bill of Quantities(Not-Priced)/공내역서/VTC견적서/8 ПОЖАРНАЯ ЕМЪКОСТЬ(Fire Tank)/8-3 ЭО(Electric)/bv13730.xls,.xls,90112,True,295,0,BOQ | 가격·견적,
L2023-00036-1,2020-00086,우즈베키스탄,"우즈베키스탄 우르겐치 직업훈련원 건립 및 직업훈련 제도역량 공고화 지원 사업('20-'24/1,400만불)",L2023-00036-1/붙임3_입찰관련서류_검토완_0717/Section 4.  Bill of Quantities(Not-Priced)/공내역서/VTC견적서/8 ПОЖАРНАЯ ЕМЪКОСТЬ(Fire Tank)/СВОДКА НАСОСНАЯ o.xls,.xls,36864,True,15,0,BOQ | 가격·견적,
L2023-00036-1,2020-00086,우즈베키스탄,"우즈베키스탄 우르겐치 직업훈련원 건립 및 직업훈련 제도역량 공고화 지원 사업('20-'24/1,400만불)",L2023-00036-1/붙임3_입찰관련서류_검토완_0717/Section 4.  Bill of Quantities(Not-Priced)/공내역서/VTC견적서/8 ПОЖАРНАЯ ЕМЪКОСТЬ(Fire Tank)/Титул  ТОМ VIII.doc,.doc,31232,True,18,0,BOQ | 가격·견적,
L2023-00036-1,2020-00086,우즈베키스탄,"우즈베키스탄 우르겐치 직업훈련원 건립 및 직업훈련 제도역량 공고화 지원 사업('20-'24/1,400만불)",L2023-00036-1/붙임3_입찰관련서류_검토완_0717/Section 4.  Bill of Quantities(Not-Priced)/공내역서/VTC견적서/9 ТП(Transformers)/9-1 AC(Architecture+Structure)/13613_vfor.xls,.xls,43520,True,25,0,BOQ | 가격·견적,
L2023-00036-1,2020-00086,우즈베키스탄,"우즈베키스탄 우르겐치 직업훈련원 건립 및 직업훈련 제도역량 공고화 지원 사업('20-'24/1,400만불)",L2023-00036-1/붙임3_입찰관련서류_검토완_0717/Section 4.  Bill of Quantities(Not-Priced)/공내역서/VTC견적서/9 ТП(Transformers)/9-1 AC(Architecture+Structure)/13613_vrmu.xls,.xls,52224,True,84,0,BOQ | 가격·견적,
L2023-00036-1,2020-00086,우즈베키스탄,"우즈베키스탄 우르겐치 직업훈련원 건립 및 직업훈련 제도역량 공고화 지원 사업('20-'24/1,400만불)",L2023-00036-1/붙임3_입찰관련서류_검토완_0717/Section 4.  Bill of Quantities(Not-Priced)/공내역서/VTC견적서/9 ТП(Transformers)/9-1 AC(Architecture+Structure)/bv13610.xls,.xls,87552,True,213,0,BOQ | 가격·견적,
L2023-00036-1,2020-00086,우즈베키스탄,"우즈베키스탄 우르겐치 직업훈련원 건립 및 직업훈련 제도역량 공고화 지원 사업('20-'24/1,400만불)",L2023-00036-1/붙임3_입찰관련서류_검토완_0717/Section 4.  Bill of Quantities(Not-Priced)/공내역서/VTC견적서/9 ТП(Transformers)/9-2 ЭО(Electric)/13623_vfor.xls,.xls,43520,True,28,0,BOQ | 가격·견적,
L2023-00036-1,2020-00086,우즈베키스탄,"우즈베키스탄 우르겐치 직업훈련원 건립 및 직업훈련 제도역량 공고화 지원 사업('20-'24/1,400만불)",L2023-00036-1/붙임3_입찰관련서류_검토완_0717/Section 4.  Bill of Quantities(Not-Priced)/공내역서/VTC견적서/9 ТП(Transformers)/9-2 ЭО(Electric)/13623_vrmu.xls,.xls,44544,True,57,0,BOQ | 가격·견적,
L2023-00036-1,2020-00086,우즈베키스탄,"우즈베키스탄 우르겐치 직업훈련원 건립 및 직업훈련 제도역량 공고화 지원 사업('20-'24/1,400만불)",L2023-00036-1/붙임3_입찰관련서류_검토완_0717/Section 4.  Bill of Quantities(Not-Priced)/공내역서/VTC견적서/9 ТП(Transformers)/9-2 ЭО(Electric)/bv13620.xls,.xls,72192,True,145,0,BOQ | 가격·견적,
L2023-00036-1,2020-00086,우즈베키스탄,"우즈베키스탄 우르겐치 직업훈련원 건립 및 직업훈련 제도역량 공고화 지원 사업('20-'24/1,400만불)",L2023-00036-1/붙임3_입찰관련서류_검토완_0717/Section 4.  Bill of Quantities(Not-Priced)/공내역서/VTC견적서/9 ТП(Transformers)/СВОДКА ТП o.xls,.xls,37376,True,14,0,BOQ | 가격·견적,
L2023-00036-1,2020-00086,우즈베키스탄,"우즈베키스탄 우르겐치 직업훈련원 건립 및 직업훈련 제도역량 공고화 지원 사업('20-'24/1,400만불)",L2023-00036-1/붙임3_입찰관련서류_검토완_0717/Section 4.  Bill of Quantities(Not-Priced)/공내역서/VTC견적서/9 ТП(Transformers)/Титул  ТОМ XI.doc,.doc,31232,True,18,0,BOQ | 가격·견적,
L2023-00036-1,2020-00086,우즈베키스탄,"우즈베키스탄 우르겐치 직업훈련원 건립 및 직업훈련 제도역량 공고화 지원 사업('20-'24/1,400만불)",L2023-00036-1/붙임3_입찰관련서류_검토완_0717/Section 4.  Bill of Quantities(Not-Priced)/공내역서/VTC견적서/Estimate Manual(VTC+TTC).docx,.docx,61925,True,108,0,BOQ | 가격·견적,
L2023-00036-1,2020-00086,우즈베키스탄,"우즈베키스탄 우르겐치 직업훈련원 건립 및 직업훈련 제도역량 공고화 지원 사업('20-'24/1,400만불)",L2023-00036-1/붙임3_입찰관련서류_검토완_0717/Section 4.  Bill of Quantities(Not-Priced)/공내역서/VTC견적서/Total Table(VTC o).xls,.xls,53248,True,37,0,BOQ | 가격·견적,
L2023-00040-1,2020-00070,도미니카,도미니카공화국 여성 중심 취약계층 사회.경제적 역량강화사업('20-'26/550만불),L2023-00040-1/입찰안내자료(영문)/Attachment #1 KOICA Regulations/1. Detailed Enforcement Rules of the Regulations for Procurement and Contract in Grant Aid Projects.pdf,.pdf,554876,True,123,8,,
L2023-00040-1,2020-00070,도미니카,도미니카공화국 여성 중심 취약계층 사회.경제적 역량강화사업('20-'26/550만불),L2023-00040-1/입찰안내자료(영문)/Attachment #1 KOICA Regulations/2. Guidelines for Technical Evaluation.pdf,.pdf,416852,True,65,9,,
L2023-00040-1,2020-00070,도미니카,도미니카공화국 여성 중심 취약계층 사회.경제적 역량강화사업('20-'26/550만불),L2023-00040-1/입찰안내자료(영문)/Attachment #1 KOICA Regulations/3. KOICA Regulations for International Procurement.pdf,.pdf,375625,True,55,1,,
L2023-00040-1,2020-00070,도미니카,도미니카공화국 여성 중심 취약계층 사회.경제적 역량강화사업('20-'26/550만불),L2023-00040-1/입찰안내자료(영문)/Attachment #1 KOICA Regulations/4. Regulations for Procurement and Contract in Grant Aid Projects.pdf,.pdf,157627,True,33,2,,
L2023-00040-1,2020-00070,도미니카,도미니카공화국 여성 중심 취약계층 사회.경제적 역량강화사업('20-'26/550만불),L2023-00040-1/입찰안내자료(영문)/Attachment #1 KOICA Regulations/5. Standard of Prequalification Criteria.pdf,.pdf,473791,True,26,1,,
L2023-00053-1,2020-00086,우즈베키스탄,"우즈베키스탄 우르겐치 직업훈련원 건립 및 직업훈련 제도역량 공고화 지원 사업('20-'24/1,400만불)",L2023-00053-1/Urgench VTC Bid Attachment Documents/Urgench VTC Bid Attachment Documents/Section 4.  Bill of Quantities(Not-Priced)/.Urgench_CM_Comments_Arch_VTC_and_TTC_ENG_20230707.zip,.zip,6277094,True,0,0,BOQ | 가격·견적,
L2023-00053-1,2020-00086,우즈베키스탄,"우즈베키스탄 우르겐치 직업훈련원 건립 및 직업훈련 제도역량 공고화 지원 사업('20-'24/1,400만불)",L2023-00053-1/Urgench VTC Bid Attachment Documents/Urgench VTC Bid Attachment Documents/Section 4.  Bill of Quantities(Not-Priced)/.Urgench_CM_Comments_Arch_VTC_and_TTC_ENG_20230707/1.1.Urgench_CM_Comments_Arch_VTC_and_TTC_ENG_20230505.xlsx,.xlsx,26633,True,64,0,BOQ | 가격·견적,
L2023-00053-1,2020-00086,우즈베키스탄,"우즈베키스탄 우르겐치 직업훈련원 건립 및 직업훈련 제도역량 공고화 지원 사업('20-'24/1,400만불)",L2023-00053-1/Urgench VTC Bid Attachment Documents/Urgench VTC Bid Attachment Documents/Section 4.  Bill of Quantities(Not-Priced)/.Urgench_CM_Comments_Arch_VTC_and_TTC_ENG_20230707/1.2. Urgench CM Comments(Elec)_VTC+TTC-(ENG)__20230707.xlsx,.xlsx,18391,True,51,0,BOQ | 가격·견적,
L2023-00053-1,2020-00086,우즈베키스탄,"우즈베키스탄 우르겐치 직업훈련원 건립 및 직업훈련 제도역량 공고화 지원 사업('20-'24/1,400만불)",L2023-00053-1/Urgench VTC Bid Attachment Documents/Urgench VTC Bid Attachment Documents/Section 4.  Bill of Quantities(Not-Priced)/.Urgench_CM_Comments_Arch_VTC_and_TTC_ENG_20230707/1.3.1. Urgench CM Comments(Mech) VTC_20230704_R3.xlsx,.xlsx,6188237,True,96,0,BOQ | 가격·견적,
L2023-00053-1,2020-00086,우즈베키스탄,"우즈베키스탄 우르겐치 직업훈련원 건립 및 직업훈련 제도역량 공고화 지원 사업('20-'24/1,400만불)",L2023-00053-1/Urgench VTC Bid Attachment Documents/Urgench VTC Bid Attachment Documents/Section 4.  Bill of Quantities(Not-Priced)/.Urgench_CM_Comments_Arch_VTC_and_TTC_ENG_20230707/1.3.2. Urgench CM Comments(Mech)_Tashkent_TTC_Drawings_20230704.xlsx,.xlsx,788369,True,15,0,BOQ | 도면 | 가격·견적,
L2023-00053-1,2020-00086,우즈베키스탄,"우즈베키스탄 우르겐치 직업훈련원 건립 및 직업훈련 제도역량 공고화 지원 사업('20-'24/1,400만불)",L2023-00053-1/Urgench VTC Bid Attachment Documents/Urgench VTC Bid Attachment Documents/Section 4.  Bill of Quantities(Not-Priced)/.Urgench_CM_Comments_Arch_VTC_and_TTC_ENG_20230707/1.3.3. Urgench CM_Comments_Mech_VTC_and_TTC_Main_ENG_20230707.xlsx.docx,.docx,16615,True,9,0,BOQ | 가격·견적,
L2023-00053-1,2020-00086,우즈베키스탄,"우즈베키스탄 우르겐치 직업훈련원 건립 및 직업훈련 제도역량 공고화 지원 사업('20-'24/1,400만불)",L2023-00053-1/Urgench VTC Bid Attachment Documents/Urgench VTC Bid Attachment Documents/Section 4.  Bill of Quantities(Not-Priced)/.Urgench_CM_Comments_Arch_VTC_and_TTC_ENG_20230707/1.4. Urgench CM_Comments_PMC_VTC_and_TTC_ENG_20230707.xlsx,.xlsx,18240,True,24,0,BOQ | 가격·견적,
L2023-00053-1,2020-00086,우즈베키스탄,"우즈베키스탄 우르겐치 직업훈련원 건립 및 직업훈련 제도역량 공고화 지원 사업('20-'24/1,400만불)",L2023-00053-1/Urgench VTC Bid Attachment Documents/Urgench VTC Bid Attachment Documents/Section 4.  Bill of Quantities(Not-Priced)/Estimate Detailed Conditions)(VTC+TTC)_Final_.docx,.docx,80256,True,128,0,BOQ | 가격·견적,
L2023-00053-1,2020-00086,우즈베키스탄,"우즈베키스탄 우르겐치 직업훈련원 건립 및 직업훈련 제도역량 공고화 지원 사업('20-'24/1,400만불)",L2023-00053-1/Urgench VTC Bid Attachment Documents/Urgench VTC Bid Attachment Documents/Section 4.  Bill of Quantities(Not-Priced)/Section 4. Bill of Quantity(Not-Priced) Summary.xls,.xls,76800,True,115,5,BOQ | 가격·견적,
L2023-00053-1,2020-00086,우즈베키스탄,"우즈베키스탄 우르겐치 직업훈련원 건립 및 직업훈련 제도역량 공고화 지원 사업('20-'24/1,400만불)",L2023-00053-1/Urgench VTC Bid Attachment Documents/Urgench VTC Bid Attachment Documents/Section 4.  Bill of Quantities(Not-Priced)/공내역서/Total Table(VTC+TTC o).xls,.xls,46592,True,57,3,BOQ | 가격·견적,
L2023-00053-1,2020-00086,우즈베키스탄,"우즈베키스탄 우르겐치 직업훈련원 건립 및 직업훈련 제도역량 공고화 지원 사업('20-'24/1,400만불)",L2023-00053-1/Urgench VTC Bid Attachment Documents/Urgench VTC Bid Attachment Documents/Section 4.  Bill of Quantities(Not-Priced)/공내역서/TTC견적서/Estimate Manual(VTC+TTC).docx,.docx,61925,True,108,0,BOQ | 가격·견적,
L2023-00053-1,2020-00086,우즈베키스탄,"우즈베키스탄 우르겐치 직업훈련원 건립 및 직업훈련 제도역량 공고화 지원 사업('20-'24/1,400만불)",L2023-00053-1/Urgench VTC Bid Attachment Documents/Urgench VTC Bid Attachment Documents/Section 4.  Bill of Quantities(Not-Priced)/공내역서/TTC견적서/Total Table(TTC o).xls,.xls,46080,True,27,0,BOQ | 가격·견적,
L2023-00053-1,2020-00086,우즈베키스탄,"우즈베키스탄 우르겐치 직업훈련원 건립 및 직업훈련 제도역량 공고화 지원 사업('20-'24/1,400만불)",L2023-00053-1/Urgench VTC Bid Attachment Documents/Urgench VTC Bid Attachment Documents/Section 4.  Bill of Quantities(Not-Priced)/공내역서/TTC견적서/TTC(Teacher Traing Center)/1 КЖ(Structure)/bv1960bvvv.xlsx,.xlsx,182869,True,2397,0,BOQ | 가격·견적,
L2023-00053-1,2020-00086,우즈베키스탄,"우즈베키스탄 우르겐치 직업훈련원 건립 및 직업훈련 제도역량 공고화 지원 사업('20-'24/1,400만불)",L2023-00053-1/Urgench VTC Bid Attachment Documents/Urgench VTC Bid Attachment Documents/Section 4.  Bill of Quantities(Not-Priced)/공내역서/TTC견적서/TTC(Teacher Traing Center)/1 КЖ(Structure)/ra1960.xlsx,.xlsx,22697,True,112,0,BOQ | 가격·견적,
L2023-00053-1,2020-00086,우즈베키스탄,"우즈베키스탄 우르겐치 직업훈련원 건립 및 직업훈련 제도역량 공고화 지원 사업('20-'24/1,400만불)",L2023-00053-1/Urgench VTC Bid Attachment Documents/Urgench VTC Bid Attachment Documents/Section 4.  Bill of Quantities(Not-Priced)/공내역서/TTC견적서/TTC(Teacher Traing Center)/10 СКС(Network)/bv880.xlsx,.xlsx,18727,True,82,0,BOQ | 가격·견적,
L2023-00053-1,2020-00086,우즈베키스탄,"우즈베키스탄 우르겐치 직업훈련원 건립 및 직업훈련 제도역량 공고화 지원 사업('20-'24/1,400만불)",L2023-00053-1/Urgench VTC Bid Attachment Documents/Urgench VTC Bid Attachment Documents/Section 4.  Bill of Quantities(Not-Priced)/공내역서/TTC견적서/TTC(Teacher Traing Center)/10 СКС(Network)/ra880.xlsx,.xlsx,18030,True,65,0,BOQ | 가격·견적,
L2023-00053-1,2020-00086,우즈베키스탄,"우즈베키스탄 우르겐치 직업훈련원 건립 및 직업훈련 제도역량 공고화 지원 사업('20-'24/1,400만불)",L2023-00053-1/Urgench VTC Bid Attachment Documents/Urgench VTC Bid Attachment Documents/Section 4.  Bill of Quantities(Not-Priced)/공내역서/TTC견적서/TTC(Teacher Traing Center)/11 ПС(Fire Alarm)/bv890.xlsx,.xlsx,16239,True,60,0,BOQ | 가격·견적,
L2023-00053-1,2020-00086,우즈베키스탄,"우즈베키스탄 우르겐치 직업훈련원 건립 및 직업훈련 제도역량 공고화 지원 사업('20-'24/1,400만불)",L2023-00053-1/Urgench VTC Bid Attachment Documents/Urgench VTC Bid Attachment Documents/Section 4.  Bill of Quantities(Not-Priced)/공내역서/TTC견적서/TTC(Teacher Traing Center)/11 ПС(Fire Alarm)/ra890.xlsx,.xlsx,16065,True,45,0,BOQ | 가격·견적,
L2023-00053-1,2020-00086,우즈베키스탄,"우즈베키스탄 우르겐치 직업훈련원 건립 및 직업훈련 제도역량 공고화 지원 사업('20-'24/1,400만불)",L2023-00053-1/Urgench VTC Bid Attachment Documents/Urgench VTC Bid Attachment Documents/Section 4.  Bill of Quantities(Not-Priced)/공내역서/TTC견적서/TTC(Teacher Traing Center)/12 OB( Heating & Ventilation)/bv900.xlsx,.xlsx,57114,True,597,0,BOQ | 가격·견적,
L2023-00053-1,2020-00086,우즈베키스탄,"우즈베키스탄 우르겐치 직업훈련원 건립 및 직업훈련 제도역량 공고화 지원 사업('20-'24/1,400만불)",L2023-00053-1/Urgench VTC Bid Attachment Documents/Urgench VTC Bid Attachment Documents/Section 4.  Bill of Quantities(Not-Priced)/공내역서/TTC견적서/TTC(Teacher Traing Center)/12 OB( Heating & Ventilation)/ra900.xlsx,.xlsx,25457,True,162,0,BOQ | 가격·견적,
L2023-00053-1,2020-00086,우즈베키스탄,"우즈베키스탄 우르겐치 직업훈련원 건립 및 직업훈련 제도역량 공고화 지원 사업('20-'24/1,400만불)",L2023-00053-1/Urgench VTC Bid Attachment Documents/Urgench VTC Bid Attachment Documents/Section 4.  Bill of Quantities(Not-Priced)/공내역서/TTC견적서/TTC(Teacher Traing Center)/13 ТП(Transformers)/13-1 AC(Architecture+Structure)/bv13610.xls,.xls,48640,True,70,0,BOQ | 가격·견적,
L2023-00053-1,2020-00086,우즈베키스탄,"우즈베키스탄 우르겐치 직업훈련원 건립 및 직업훈련 제도역량 공고화 지원 사업('20-'24/1,400만불)",L2023-00053-1/Urgench VTC Bid Attachment Documents/Urgench VTC Bid Attachment Documents/Section 4.  Bill of Quantities(Not-Priced)/공내역서/TTC견적서/TTC(Teacher Traing Center)/13 ТП(Transformers)/13-1 AC(Architecture+Structure)/ra13610.xls,.xls,80896,True,213,0,BOQ | 가격·견적,
L2023-00053-1,2020-00086,우즈베키스탄,"우즈베키스탄 우르겐치 직업훈련원 건립 및 직업훈련 제도역량 공고화 지원 사업('20-'24/1,400만불)",L2023-00053-1/Urgench VTC Bid Attachment Documents/Urgench VTC Bid Attachment Documents/Section 4.  Bill of Quantities(Not-Priced)/공내역서/TTC견적서/TTC(Teacher Traing Center)/13 ТП(Transformers)/13-2 ЭО(Electric)/bv13620.xls,.xls,41984,True,48,0,BOQ | 가격·견적,
L2023-00053-1,2020-00086,우즈베키스탄,"우즈베키스탄 우르겐치 직업훈련원 건립 및 직업훈련 제도역량 공고화 지원 사업('20-'24/1,400만불)",L2023-00053-1/Urgench VTC Bid Attachment Documents/Urgench VTC Bid Attachment Documents/Section 4.  Bill of Quantities(Not-Priced)/공내역서/TTC견적서/TTC(Teacher Traing Center)/13 ТП(Transformers)/13-2 ЭО(Electric)/ra13620.xls,.xls,65024,True,145,0,BOQ | 가격·견적,
L2023-00053-1,2020-00086,우즈베키스탄,"우즈베키스탄 우르겐치 직업훈련원 건립 및 직업훈련 제도역량 공고화 지원 사업('20-'24/1,400만불)",L2023-00053-1/Urgench VTC Bid Attachment Documents/Urgench VTC Bid Attachment Documents/Section 4.  Bill of Quantities(Not-Priced)/공내역서/TTC견적서/TTC(Teacher Traing Center)/2 АР(Architecture)/bv3030.xlsx,.xlsx,84434,True,921,0,BOQ | 가격·견적,
L2023-00053-1,2020-00086,우즈베키스탄,"우즈베키스탄 우르겐치 직업훈련원 건립 및 직업훈련 제도역량 공고화 지원 사업('20-'24/1,400만불)",L2023-00053-1/Urgench VTC Bid Attachment Documents/Urgench VTC Bid Attachment Documents/Section 4.  Bill of Quantities(Not-Priced)/공내역서/TTC견적서/TTC(Teacher Traing Center)/2 АР(Architecture)/ra3030.xlsx,.xlsx,27171,True,160,0,BOQ | 가격·견적,
L2023-00053-1,2020-00086,우즈베키스탄,"우즈베키스탄 우르겐치 직업훈련원 건립 및 직업훈련 제도역량 공고화 지원 사업('20-'24/1,400만불)",L2023-00053-1/Urgench VTC Bid Attachment Documents/Urgench VTC Bid Attachment Documents/Section 4.  Bill of Quantities(Not-Priced)/공내역서/TTC견적서/TTC(Teacher Traing Center)/3 ГП(Site Plan & Landscape+Outdoor Infra)/bv3060.xlsx,.xlsx,27660,True,191,0,BOQ | 가격·견적,
L2023-00053-1,2020-00086,우즈베키스탄,"우즈베키스탄 우르겐치 직업훈련원 건립 및 직업훈련 제도역량 공고화 지원 사업('20-'24/1,400만불)",L2023-00053-1/Urgench VTC Bid Attachment Documents/Urgench VTC Bid Attachment Documents/Section 4.  Bill of Quantities(Not-Priced)/공내역서/TTC견적서/TTC(Teacher Traing Center)/3 ГП(Site Plan & Landscape+Outdoor Infra)/ra3060.xlsx,.xlsx,18388,True,69,0,BOQ | 가격·견적,
L2023-00053-1,2020-00086,우즈베키스탄,"우즈베키스탄 우르겐치 직업훈련원 건립 및 직업훈련 제도역량 공고화 지원 사업('20-'24/1,400만불)",L2023-00053-1/Urgench VTC Bid Attachment Documents/Urgench VTC Bid Attachment Documents/Section 4.  Bill of Quantities(Not-Priced)/공내역서/TTC견적서/TTC(Teacher Traing Center)/4 Fence & Gate/bv1970.xlsx,.xlsx,31247,True,238,0,BOQ | 가격·견적,
L2023-00053-1,2020-00086,우즈베키스탄,"우즈베키스탄 우르겐치 직업훈련원 건립 및 직업훈련 제도역량 공고화 지원 사업('20-'24/1,400만불)",L2023-00053-1/Urgench VTC Bid Attachment Documents/Urgench VTC Bid Attachment Documents/Section 4.  Bill of Quantities(Not-Priced)/공내역서/TTC견적서/TTC(Teacher Traing Center)/4 Fence & Gate/ra1970.xlsx,.xlsx,17488,True,63,0,BOQ | 가격·견적,
L2023-00053-1,2020-00086,우즈베키스탄,"우즈베키스탄 우르겐치 직업훈련원 건립 및 직업훈련 제도역량 공고화 지원 사업('20-'24/1,400만불)",L2023-00053-1/Urgench VTC Bid Attachment Documents/Urgench VTC Bid Attachment Documents/Section 4.  Bill of Quantities(Not-Priced)/공내역서/TTC견적서/TTC(Teacher Traing Center)/5 BK(Water & Drain)/bv3070.xlsx,.xlsx,49531,True,515,0,BOQ | 가격·견적,
L2023-00053-1,2020-00086,우즈베키스탄,"우즈베키스탄 우르겐치 직업훈련원 건립 및 직업훈련 제도역량 공고화 지원 사업('20-'24/1,400만불)",L2023-00053-1/Urgench VTC Bid Attachment Documents/Urgench VTC Bid Attachment Documents/Section 4.  Bill of Quantities(Not-Priced)/공내역서/TTC견적서/TTC(Teacher Traing Center)/5 BK(Water & Drain)/ra3070.xlsx,.xlsx,25278,True,149,0,BOQ | 가격·견적,
L2023-00053-1,2020-00086,우즈베키스탄,"우즈베키스탄 우르겐치 직업훈련원 건립 및 직업훈련 제도역량 공고화 지원 사업('20-'24/1,400만불)",L2023-00053-1/Urgench VTC Bid Attachment Documents/Urgench VTC Bid Attachment Documents/Section 4.  Bill of Quantities(Not-Priced)/공내역서/TTC견적서/TTC(Teacher Traing Center)/6 BH(CCTV)/bv3040.xlsx,.xlsx,17421,True,82,0,BOQ | 가격·견적,
L2023-00053-1,2020-00086,우즈베키스탄,"우즈베키스탄 우르겐치 직업훈련원 건립 및 직업훈련 제도역량 공고화 지원 사업('20-'24/1,400만불)",L2023-00053-1/Urgench VTC Bid Attachment Documents/Urgench VTC Bid Attachment Documents/Section 4.  Bill of Quantities(Not-Priced)/공내역서/TTC견적서/TTC(Teacher Traing Center)/6 BH(CCTV)/ra3040.xlsx,.xlsx,15692,True,41,0,BOQ | 가격·견적,
L2023-00053-1,2020-00086,우즈베키스탄,"우즈베키스탄 우르겐치 직업훈련원 건립 및 직업훈련 제도역량 공고화 지원 사업('20-'24/1,400만불)",L2023-00053-1/Urgench VTC Bid Attachment Documents/Urgench VTC Bid Attachment Documents/Section 4.  Bill of Quantities(Not-Priced)/공내역서/TTC견적서/TTC(Teacher Traing Center)/7 CO(Suond)/bv3050.xlsx,.xlsx,19167,True,93,0,BOQ | 가격·견적,
L2023-00053-1,2020-00086,우즈베키스탄,"우즈베키스탄 우르겐치 직업훈련원 건립 및 직업훈련 제도역량 공고화 지원 사업('20-'24/1,400만불)",L2023-00053-1/Urgench VTC Bid Attachment Documents/Urgench VTC Bid Attachment Documents/Section 4.  Bill of Quantities(Not-Priced)/공내역서/TTC견적서/TTC(Teacher Traing Center)/7 CO(Suond)/ra3050.xlsx,.xlsx,16144,True,46,0,BOQ | 가격·견적,
L2023-00053-1,2020-00086,우즈베키스탄,"우즈베키스탄 우르겐치 직업훈련원 건립 및 직업훈련 제도역량 공고화 지원 사업('20-'24/1,400만불)",L2023-00053-1/Urgench VTC Bid Attachment Documents/Urgench VTC Bid Attachment Documents/Section 4.  Bill of Quantities(Not-Priced)/공내역서/TTC견적서/TTC(Teacher Traing Center)/8 TX(Technology)/bv1980.xlsx,.xlsx,26757,True,214,0,BOQ | 가격·견적,
L2023-00053-1,2020-00086,우즈베키스탄,"우즈베키스탄 우르겐치 직업훈련원 건립 및 직업훈련 제도역량 공고화 지원 사업('20-'24/1,400만불)",L2023-00053-1/Urgench VTC Bid Attachment Documents/Urgench VTC Bid Attachment Documents/Section 4.  Bill of Quantities(Not-Priced)/공내역서/TTC견적서/TTC(Teacher Traing Center)/8 TX(Technology)/ra1980.xlsx,.xlsx,20617,True,89,0,BOQ | 가격·견적,
L2023-00053-1,2020-00086,우즈베키스탄,"우즈베키스탄 우르겐치 직업훈련원 건립 및 직업훈련 제도역량 공고화 지원 사업('20-'24/1,400만불)",L2023-00053-1/Urgench VTC Bid Attachment Documents/Urgench VTC Bid Attachment Documents/Section 4.  Bill of Quantities(Not-Priced)/공내역서/TTC견적서/TTC(Teacher Traing Center)/9 ЭО(Electric)/bv870.xlsx,.xlsx,24024,True,149,0,BOQ | 가격·견적,
L2023-00053-1,2020-00086,우즈베키스탄,"우즈베키스탄 우르겐치 직업훈련원 건립 및 직업훈련 제도역량 공고화 지원 사업('20-'24/1,400만불)",L2023-00053-1/Urgench VTC Bid Attachment Documents/Urgench VTC Bid Attachment Documents/Section 4.  Bill of Quantities(Not-Priced)/공내역서/TTC견적서/TTC(Teacher Traing Center)/9 ЭО(Electric)/ra870.xlsx,.xlsx,17554,True,61,0,BOQ | 가격·견적,
L2023-00053-1,2020-00086,우즈베키스탄,"우즈베키스탄 우르겐치 직업훈련원 건립 및 직업훈련 제도역량 공고화 지원 사업('20-'24/1,400만불)",L2023-00053-1/Urgench VTC Bid Attachment Documents/Urgench VTC Bid Attachment Documents/Section 4.  Bill of Quantities(Not-Priced)/공내역서/TTC견적서/TTC(Teacher Traing Center)/СВОДКА(TTC Total sum. o).xlsx,.xlsx,32243,True,18,0,BOQ | 가격·견적,
L2023-00053-1,2020-00086,우즈베키스탄,"우즈베키스탄 우르겐치 직업훈련원 건립 및 직업훈련 제도역량 공고화 지원 사업('20-'24/1,400만불)",L2023-00053-1/Urgench VTC Bid Attachment Documents/Urgench VTC Bid Attachment Documents/Section 4.  Bill of Quantities(Not-Priced)/공내역서/VTC견적서/0 ГП(Site Plan & Landscape+Outdoor Infra)/0-1 ГП(Site Plan+Landscape)/13403_vfor.xls,.xls,40960,True,47,0,BOQ | 가격·견적,
L2023-00053-1,2020-00086,우즈베키스탄,"우즈베키스탄 우르겐치 직업훈련원 건립 및 직업훈련 제도역량 공고화 지원 사업('20-'24/1,400만불)",L2023-00053-1/Urgench VTC Bid Attachment Documents/Urgench VTC Bid Attachment Documents/Section 4.  Bill of Quantities(Not-Priced)/공내역서/VTC견적서/0 ГП(Site Plan & Landscape+Outdoor Infra)/0-1 ГП(Site Plan+Landscape)/13403_vrmu.xls,.xls,57344,True,109,0,BOQ | 가격·견적,
L2023-00053-1,2020-00086,우즈베키스탄,"우즈베키스탄 우르겐치 직업훈련원 건립 및 직업훈련 제도역량 공고화 지원 사업('20-'24/1,400만불)",L2023-00053-1/Urgench VTC Bid Attachment Documents/Urgench VTC Bid Attachment Documents/Section 4.  Bill of Quantities(Not-Priced)/공내역서/VTC견적서/0 ГП(Site Plan & Landscape+Outdoor Infra)/0-1 ГП(Site Plan+Landscape)/bv13400.xls,.xls,100864,True,327,0,BOQ | 가격·견적,
L2023-00053-1,2020-00086,우즈베키스탄,"우즈베키스탄 우르겐치 직업훈련원 건립 및 직업훈련 제도역량 공고화 지원 사업('20-'24/1,400만불)",L2023-00053-1/Urgench VTC Bid Attachment Documents/Urgench VTC Bid Attachment Documents/Section 4.  Bill of Quantities(Not-Priced)/공내역서/VTC견적서/0 ГП(Site Plan & Landscape+Outdoor Infra)/0-10 ПВ(Landscape Water Piping)/13703_vfor.xls,.xls,44544,True,82,0,BOQ | 가격·견적,
L2023-00053-1,2020-00086,우즈베키스탄,"우즈베키스탄 우르겐치 직업훈련원 건립 및 직업훈련 제도역량 공고화 지원 사업('20-'24/1,400만불)",L2023-00053-1/Urgench VTC Bid Attachment Documents/Urgench VTC Bid Attachment Documents/Section 4.  Bill of Quantities(Not-Priced)/공내역서/VTC견적서/0 ГП(Site Plan & Landscape+Outdoor Infra)/0-10 ПВ(Landscape Water Piping)/13703_vrmu.xls,.xls,67584,True,139,0,BOQ | 가격·견적,
L2023-00053-1,2020-00086,우즈베키스탄,"우즈베키스탄 우르겐치 직업훈련원 건립 및 직업훈련 제도역량 공고화 지원 사업('20-'24/1,400만불)",L2023-00053-1/Urgench VTC Bid Attachment Documents/Urgench VTC Bid Attachment Documents/Section 4.  Bill of Quantities(Not-Priced)/공내역서/VTC견적서/0 ГП(Site Plan & Landscape+Outdoor Infra)/0-10 ПВ(Landscape Water Piping)/bv13700.xls,.xls,108032,True,392,0,BOQ | 가격·견적,
L2023-00053-1,2020-00086,우즈베키스탄,"우즈베키스탄 우르겐치 직업훈련원 건립 및 직업훈련 제도역량 공고화 지원 사업('20-'24/1,400만불)",L2023-00053-1/Urgench VTC Bid Attachment Documents/Urgench VTC Bid Attachment Documents/Section 4.  Bill of Quantities(Not-Priced)/공내역서/VTC견적서/0 ГП(Site Plan & Landscape+Outdoor Infra)/0-11 СВ(Underground Water Pumping)/13713_vfor.xls,.xls,40448,True,43,0,BOQ | 가격·견적,
L2023-00053-1,2020-00086,우즈베키스탄,"우즈베키스탄 우르겐치 직업훈련원 건립 및 직업훈련 제도역량 공고화 지원 사업('20-'24/1,400만불)",L2023-00053-1/Urgench VTC Bid Attachment Documents/Urgench VTC Bid Attachment Documents/Section 4.  Bill of Quantities(Not-Priced)/공내역서/VTC견적서/0 ГП(Site Plan & Landscape+Outdoor Infra)/0-11 СВ(Underground Water Pumping)/13713_vrmu.xls,.xls,67072,True,128,0,BOQ | 가격·견적,
L2023-00053-1,2020-00086,우즈베키스탄,"우즈베키스탄 우르겐치 직업훈련원 건립 및 직업훈련 제도역량 공고화 지원 사업('20-'24/1,400만불)",L2023-00053-1/Urgench VTC Bid Attachment Documents/Urgench VTC Bid Attachment Documents/Section 4.  Bill of Quantities(Not-Priced)/공내역서/VTC견적서/0 ГП(Site Plan & Landscape+Outdoor Infra)/0-11 СВ(Underground Water Pumping)/bv13710.xls,.xls,108544,True,406,0,BOQ | 가격·견적,
L2023-00053-1,2020-00086,우즈베키스탄,"우즈베키스탄 우르겐치 직업훈련원 건립 및 직업훈련 제도역량 공고화 지원 사업('20-'24/1,400만불)",L2023-00053-1/Urgench VTC Bid Attachment Documents/Urgench VTC Bid Attachment Documents/Section 4.  Bill of Quantities(Not-Priced)/공내역서/VTC견적서/0 ГП(Site Plan & Landscape+Outdoor Infra)/0-12 АСКУЭ((Automatic Pump system)/13723_vfor.xls,.xls,33792,True,23,0,BOQ | 가격·견적,
L2023-00053-1,2020-00086,우즈베키스탄,"우즈베키스탄 우르겐치 직업훈련원 건립 및 직업훈련 제도역량 공고화 지원 사업('20-'24/1,400만불)",L2023-00053-1/Urgench VTC Bid Attachment Documents/Urgench VTC Bid Attachment Documents/Section 4.  Bill of Quantities(Not-Priced)/공내역서/VTC견적서/0 ГП(Site Plan & Landscape+Outdoor Infra)/0-12 АСКУЭ((Automatic Pump system)/13723_vrmu.xls,.xls,49152,True,77,0,BOQ | 가격·견적,
L2023-00053-1,2020-00086,우즈베키스탄,"우즈베키스탄 우르겐치 직업훈련원 건립 및 직업훈련 제도역량 공고화 지원 사업('20-'24/1,400만불)",L2023-00053-1/Urgench VTC Bid Attachment Documents/Urgench VTC Bid Attachment Documents/Section 4.  Bill of Quantities(Not-Priced)/공내역서/VTC견적서/0 ГП(Site Plan & Landscape+Outdoor Infra)/0-12 АСКУЭ((Automatic Pump system)/bv13720.xls,.xls,54784,True,133,0,BOQ | 가격·견적,
L2023-00053-1,2020-00086,우즈베키스탄,"우즈베키스탄 우르겐치 직업훈련원 건립 및 직업훈련 제도역량 공고화 지원 사업('20-'24/1,400만불)",L2023-00053-1/Urgench VTC Bid Attachment Documents/Urgench VTC Bid Attachment Documents/Section 4.  Bill of Quantities(Not-Priced)/공내역서/VTC견적서/0 ГП(Site Plan & Landscape+Outdoor Infra)/0-2 ФУТБОЛНОЕ ПОЛЕ(Football)/13413_vfor.xls,.xls,35840,True,26,0,BOQ | 가격·견적,
L2023-00053-1,2020-00086,우즈베키스탄,"우즈베키스탄 우르겐치 직업훈련원 건립 및 직업훈련 제도역량 공고화 지원 사업('20-'24/1,400만불)",L2023-00053-1/Urgench VTC Bid Attachment Documents/Urgench VTC Bid Attachment Documents/Section 4.  Bill of Quantities(Not-Priced)/공내역서/VTC견적서/0 ГП(Site Plan & Landscape+Outdoor Infra)/0-2 ФУТБОЛНОЕ ПОЛЕ(Football)/13413_vrmu.xls,.xls,54784,True,93,0,BOQ | 가격·견적,
L2023-00053-1,2020-00086,우즈베키스탄,"우즈베키스탄 우르겐치 직업훈련원 건립 및 직업훈련 제도역량 공고화 지원 사업('20-'24/1,400만불)",L2023-00053-1/Urgench VTC Bid Attachment Documents/Urgench VTC Bid Attachment Documents/Section 4.  Bill of Quantities(Not-Priced)/공내역서/VTC견적서/0 ГП(Site Plan & Landscape+Outdoor Infra)/0-2 ФУТБОЛНОЕ ПОЛЕ(Football)/bv13410.xls,.xls,82432,True,232,0,BOQ | 가격·견적,
L2023-00053-1,2020-00086,우즈베키스탄,"우즈베키스탄 우르겐치 직업훈련원 건립 및 직업훈련 제도역량 공고화 지원 사업('20-'24/1,400만불)",L2023-00053-1/Urgench VTC Bid Attachment Documents/Urgench VTC Bid Attachment Documents/Section 4.  Bill of Quantities(Not-Priced)/공내역서/VTC견적서/0 ГП(Site Plan & Landscape+Outdoor Infra)/0-3 БЕСЕДКА 5 ШТ(Pargola)/13633_vfor.xls,.xls,34304,True,31,0,BOQ | 가격·견적,
L2023-00053-1,2020-00086,우즈베키스탄,"우즈베키스탄 우르겐치 직업훈련원 건립 및 직업훈련 제도역량 공고화 지원 사업('20-'24/1,400만불)",L2023-00053-1/Urgench VTC Bid Attachment Documents/Urgench VTC Bid Attachment Documents/Section 4.  Bill of Quantities(Not-Priced)/공내역서/VTC견적서/0 ГП(Site Plan & Landscape+Outdoor Infra)/0-3 БЕСЕДКА 5 ШТ(Pargola)/13633_vrmu.xls,.xls,54784,True,95,0,BOQ | 가격·견적,
L2023-00053-1,2020-00086,우즈베키스탄,"우즈베키스탄 우르겐치 직업훈련원 건립 및 직업훈련 제도역량 공고화 지원 사업('20-'24/1,400만불)",L2023-00053-1/Urgench VTC Bid Attachment Documents/Urgench VTC Bid Attachment Documents/Section 4.  Bill of Quantities(Not-Priced)/공내역서/VTC견적서/0 ГП(Site Plan & Landscape+Outdoor Infra)/0-3 БЕСЕДКА 5 ШТ(Pargola)/bv13630.xls,.xls,86016,True,264,0,BOQ | 가격·견적,
L2023-00053-1,2020-00086,우즈베키스탄,"우즈베키스탄 우르겐치 직업훈련원 건립 및 직업훈련 제도역량 공고화 지원 사업('20-'24/1,400만불)",L2023-00053-1/Urgench VTC Bid Attachment Documents/Urgench VTC Bid Attachment Documents/Section 4.  Bill of Quantities(Not-Priced)/공내역서/VTC견적서/0 ГП(Site Plan & Landscape+Outdoor Infra)/0-4 ФЛАГШТОК(Flog pole)/13643_vfor.xls,.xls,36352,True,39,0,BOQ | 가격·견적,
L2023-00053-1,2020-00086,우즈베키스탄,"우즈베키스탄 우르겐치 직업훈련원 건립 및 직업훈련 제도역량 공고화 지원 사업('20-'24/1,400만불)",L2023-00053-1/Urgench VTC Bid Attachment Documents/Urgench VTC Bid Attachment Documents/Section 4.  Bill of Quantities(Not-Priced)/공내역서/VTC견적서/0 ГП(Site Plan & Landscape+Outdoor Infra)/0-4 ФЛАГШТОК(Flog pole)/13643_vrmu.xls,.xls,55808,True,103,0,BOQ | 가격·견적,
L2023-00053-1,2020-00086,우즈베키스탄,"우즈베키스탄 우르겐치 직업훈련원 건립 및 직업훈련 제도역량 공고화 지원 사업('20-'24/1,400만불)",L2023-00053-1/Urgench VTC Bid Attachment Documents/Urgench VTC Bid Attachment Documents/Section 4.  Bill of Quantities(Not-Priced)/공내역서/VTC견적서/0 ГП(Site Plan & Landscape+Outdoor Infra)/0-4 ФЛАГШТОК(Flog pole)/bv13640.xls,.xls,79872,True,223,0,BOQ | 가격·견적,
L2023-00053-1,2020-00086,우즈베키스탄,"우즈베키스탄 우르겐치 직업훈련원 건립 및 직업훈련 제도역량 공고화 지원 사업('20-'24/1,400만불)",L2023-00053-1/Urgench VTC Bid Attachment Documents/Urgench VTC Bid Attachment Documents/Section 4.  Bill of Quantities(Not-Priced)/공내역서/VTC견적서/0 ГП(Site Plan & Landscape+Outdoor Infra)/0-5 ГСН(Outdoor Gas Infra)/13653_vfor.xls,.xls,50176,True,77,0,BOQ | 가격·견적,
L2023-00053-1,2020-00086,우즈베키스탄,"우즈베키스탄 우르겐치 직업훈련원 건립 및 직업훈련 제도역량 공고화 지원 사업('20-'24/1,400만불)",L2023-00053-1/Urgench VTC Bid Attachment Documents/Urgench VTC Bid Attachment Documents/Section 4.  Bill of Quantities(Not-Priced)/공내역서/VTC견적서/0 ГП(Site Plan & Landscape+Outdoor Infra)/0-5 ГСН(Outdoor Gas Infra)/13653_vrmu.xls,.xls,83968,True,185,0,BOQ | 가격·견적,
L2023-00053-1,2020-00086,우즈베키스탄,"우즈베키스탄 우르겐치 직업훈련원 건립 및 직업훈련 제도역량 공고화 지원 사업('20-'24/1,400만불)",L2023-00053-1/Urgench VTC Bid Attachment Documents/Urgench VTC Bid Attachment Documents/Section 4.  Bill of Quantities(Not-Priced)/공내역서/VTC견적서/0 ГП(Site Plan & Landscape+Outdoor Infra)/0-5 ГСН(Outdoor Gas Infra)/bv13650.xls,.xls,158208,True,624,0,BOQ | 가격·견적,
L2023-00053-1,2020-00086,우즈베키스탄,"우즈베키스탄 우르겐치 직업훈련원 건립 및 직업훈련 제도역량 공고화 지원 사업('20-'24/1,400만불)",L2023-00053-1/Urgench VTC Bid Attachment Documents/Urgench VTC Bid Attachment Documents/Section 4.  Bill of Quantities(Not-Priced)/공내역서/VTC견적서/0 ГП(Site Plan & Landscape+Outdoor Infra)/0-6 ЭС(Outdoor Electric Infra)/13663_vfor.xls,.xls,37888,True,33,0,BOQ | 가격·견적,
L2023-00053-1,2020-00086,우즈베키스탄,"우즈베키스탄 우르겐치 직업훈련원 건립 및 직업훈련 제도역량 공고화 지원 사업('20-'24/1,400만불)",L2023-00053-1/Urgench VTC Bid Attachment Documents/Urgench VTC Bid Attachment Documents/Section 4.  Bill of Quantities(Not-Priced)/공내역서/VTC견적서/0 ГП(Site Plan & Landscape+Outdoor Infra)/0-6 ЭС(Outdoor Electric Infra)/13663_vrmu.xls,.xls,55296,True,95,0,BOQ | 가격·견적,
L2023-00053-1,2020-00086,우즈베키스탄,"우즈베키스탄 우르겐치 직업훈련원 건립 및 직업훈련 제도역량 공고화 지원 사업('20-'24/1,400만불)",L2023-00053-1/Urgench VTC Bid Attachment Documents/Urgench VTC Bid Attachment Documents/Section 4.  Bill of Quantities(Not-Priced)/공내역서/VTC견적서/0 ГП(Site Plan & Landscape+Outdoor Infra)/0-6 ЭС(Outdoor Electric Infra)/bv13660.xls,.xls,85504,True,245,0,BOQ | 가격·견적,
L2023-00053-1,2020-00086,우즈베키스탄,"우즈베키스탄 우르겐치 직업훈련원 건립 및 직업훈련 제도역량 공고화 지원 사업('20-'24/1,400만불)",L2023-00053-1/Urgench VTC Bid Attachment Documents/Urgench VTC Bid Attachment Documents/Section 4.  Bill of Quantities(Not-Priced)/공내역서/VTC견적서/0 ГП(Site Plan & Landscape+Outdoor Infra)/0-7 НЭО(Outdoor Lighting)/13673_vfor.xls,.xls,39936,True,42,0,BOQ | 가격·견적,
L2023-00053-1,2020-00086,우즈베키스탄,"우즈베키스탄 우르겐치 직업훈련원 건립 및 직업훈련 제도역량 공고화 지원 사업('20-'24/1,400만불)",L2023-00053-1/Urgench VTC Bid Attachment Documents/Urgench VTC Bid Attachment Documents/Section 4.  Bill of Quantities(Not-Priced)/공내역서/VTC견적서/0 ГП(Site Plan & Landscape+Outdoor Infra)/0-7 НЭО(Outdoor Lighting)/13673_vrmu.xls,.xls,59904,True,117,0,BOQ | 가격·견적,
L2023-00053-1,2020-00086,우즈베키스탄,"우즈베키스탄 우르겐치 직업훈련원 건립 및 직업훈련 제도역량 공고화 지원 사업('20-'24/1,400만불)",L2023-00053-1/Urgench VTC Bid Attachment Documents/Urgench VTC Bid Attachment Documents/Section 4.  Bill of Quantities(Not-Priced)/공내역서/VTC견적서/0 ГП(Site Plan & Landscape+Outdoor Infra)/0-7 НЭО(Outdoor Lighting)/bv13670.xls,.xls,88576,True,272,0,BOQ | 가격·견적,
L2023-00053-1,2020-00086,우즈베키스탄,"우즈베키스탄 우르겐치 직업훈련원 건립 및 직업훈련 제도역량 공고화 지원 사업('20-'24/1,400만불)",L2023-00053-1/Urgench VTC Bid Attachment Documents/Urgench VTC Bid Attachment Documents/Section 4.  Bill of Quantities(Not-Priced)/공내역서/VTC견적서/0 ГП(Site Plan & Landscape+Outdoor Infra)/0-8 НСС(Outside CCTV)/13683_vfor.xls,.xls,43008,True,59,0,BOQ | 가격·견적,
L2023-00053-1,2020-00086,우즈베키스탄,"우즈베키스탄 우르겐치 직업훈련원 건립 및 직업훈련 제도역량 공고화 지원 사업('20-'24/1,400만불)",L2023-00053-1/Urgench VTC Bid Attachment Documents/Urgench VTC Bid Attachment Documents/Section 4.  Bill of Quantities(Not-Priced)/공내역서/VTC견적서/0 ГП(Site Plan & Landscape+Outdoor Infra)/0-8 НСС(Outside CCTV)/13683_vrmu.xls,.xls,58880,True,118,0,BOQ | 가격·견적,
L2023-00053-1,2020-00086,우즈베키스탄,"우즈베키스탄 우르겐치 직업훈련원 건립 및 직업훈련 제도역량 공고화 지원 사업('20-'24/1,400만불)",L2023-00053-1/Urgench VTC Bid Attachment Documents/Urgench VTC Bid Attachment Documents/Section 4.  Bill of Quantities(Not-Priced)/공내역서/VTC견적서/0 ГП(Site Plan & Landscape+Outdoor Infra)/0-8 НСС(Outside CCTV)/bv13680.xls,.xls,90624,True,260,0,BOQ | 가격·견적,
L2023-00053-1,2020-00086,우즈베키스탄,"우즈베키스탄 우르겐치 직업훈련원 건립 및 직업훈련 제도역량 공고화 지원 사업('20-'24/1,400만불)",L2023-00053-1/Urgench VTC Bid Attachment Documents/Urgench VTC Bid Attachment Documents/Section 4.  Bill of Quantities(Not-Priced)/공내역서/VTC견적서/0 ГП(Site Plan & Landscape+Outdoor Infra)/0-9 НВК(Outside Water Piping)/13693_vfor.xls,.xls,50688,True,93,0,BOQ | 가격·견적,
L2023-00053-1,2020-00086,우즈베키스탄,"우즈베키스탄 우르겐치 직업훈련원 건립 및 직업훈련 제도역량 공고화 지원 사업('20-'24/1,400만불)",L2023-00053-1/Urgench VTC Bid Attachment Documents/Urgench VTC Bid Attachment Documents/Section 4.  Bill of Quantities(Not-Priced)/공내역서/VTC견적서/0 ГП(Site Plan & Landscape+Outdoor Infra)/0-9 НВК(Outside Water Piping)/13693_vrmu.xls,.xls,73728,True,149,0,BOQ | 가격·견적,
L2023-00053-1,2020-00086,우즈베키스탄,"우즈베키스탄 우르겐치 직업훈련원 건립 및 직업훈련 제도역량 공고화 지원 사업('20-'24/1,400만불)",L2023-00053-1/Urgench VTC Bid Attachment Documents/Urgench VTC Bid Attachment Documents/Section 4.  Bill of Quantities(Not-Priced)/공내역서/VTC견적서/0 ГП(Site Plan & Landscape+Outdoor Infra)/0-9 НВК(Outside Water Piping)/bv13690.xls,.xls,160256,True,679,0,BOQ | 가격·견적,
L2023-00053-1,2020-00086,우즈베키스탄,"우즈베키스탄 우르겐치 직업훈련원 건립 및 직업훈련 제도역량 공고화 지원 사업('20-'24/1,400만불)",L2023-00053-1/Urgench VTC Bid Attachment Documents/Urgench VTC Bid Attachment Documents/Section 4.  Bill of Quantities(Not-Priced)/공내역서/VTC견적서/0 ГП(Site Plan & Landscape+Outdoor Infra)/СВОДКА ГП o.xls,.xls,45568,True,24,0,BOQ | 가격·견적,
L2023-00053-1,2020-00086,우즈베키스탄,"우즈베키스탄 우르겐치 직업훈련원 건립 및 직업훈련 제도역량 공고화 지원 사업('20-'24/1,400만불)",L2023-00053-1/Urgench VTC Bid Attachment Documents/Urgench VTC Bid Attachment Documents/Section 4.  Bill of Quantities(Not-Priced)/공내역서/VTC견적서/0 ГП(Site Plan & Landscape+Outdoor Infra)/Титул  ГП.doc,.doc,31232,True,16,0,BOQ | 가격·견적,
L2023-00053-1,2020-00086,우즈베키스탄,"우즈베키스탄 우르겐치 직업훈련원 건립 및 직업훈련 제도역량 공고화 지원 사업('20-'24/1,400만불)",L2023-00053-1/Urgench VTC Bid Attachment Documents/Urgench VTC Bid Attachment Documents/Section 4.  Bill of Quantities(Not-Priced)/공내역서/VTC견적서/1 АДМИН ЗДАНИЕ(Admin. Build)/1-1 КЖ(Structure)/13063_vfor.xls,.xls,118272,True,685,0,BOQ | 가격·견적,
L2023-00053-1,2020-00086,우즈베키스탄,"우즈베키스탄 우르겐치 직업훈련원 건립 및 직업훈련 제도역량 공고화 지원 사업('20-'24/1,400만불)",L2023-00053-1/Urgench VTC Bid Attachment Documents/Urgench VTC Bid Attachment Documents/Section 4.  Bill of Quantities(Not-Priced)/공내역서/VTC견적서/1 АДМИН ЗДАНИЕ(Admin. Build)/1-1 КЖ(Structure)/13063_vrmu.xls,.xls,79360,True,189,0,BOQ | 가격·견적,
L2023-00053-1,2020-00086,우즈베키스탄,"우즈베키스탄 우르겐치 직업훈련원 건립 및 직업훈련 제도역량 공고화 지원 사업('20-'24/1,400만불)",L2023-00053-1/Urgench VTC Bid Attachment Documents/Urgench VTC Bid Attachment Documents/Section 4.  Bill of Quantities(Not-Priced)/공내역서/VTC견적서/1 АДМИН ЗДАНИЕ(Admin. Build)/1-1 КЖ(Structure)/bv13060.xls,.xls,726528,True,4818,0,BOQ | 가격·견적,
L2023-00053-1,2020-00086,우즈베키스탄,"우즈베키스탄 우르겐치 직업훈련원 건립 및 직업훈련 제도역량 공고화 지원 사업('20-'24/1,400만불)",L2023-00053-1/Urgench VTC Bid Attachment Documents/Urgench VTC Bid Attachment Documents/Section 4.  Bill of Quantities(Not-Priced)/공내역서/VTC견적서/1 АДМИН ЗДАНИЕ(Admin. Build)/1-10 ЛИФТ(ELEV)/13753_vfor.xls,.xls,30208,True,13,0,BOQ | 가격·견적,
L2023-00053-1,2020-00086,우즈베키스탄,"우즈베키스탄 우르겐치 직업훈련원 건립 및 직업훈련 제도역량 공고화 지원 사업('20-'24/1,400만불)",L2023-00053-1/Urgench VTC Bid Attachment Documents/Urgench VTC Bid Attachment Documents/Section 4.  Bill of Quantities(Not-Priced)/공내역서/VTC견적서/1 АДМИН ЗДАНИЕ(Admin. Build)/1-10 ЛИФТ(ELEV)/13753_vrmu.xls,.xls,43008,True,62,0,BOQ | 가격·견적,
L2023-00053-1,2020-00086,우즈베키스탄,"우즈베키스탄 우르겐치 직업훈련원 건립 및 직업훈련 제도역량 공고화 지원 사업('20-'24/1,400만불)",L2023-00053-1/Urgench VTC Bid Attachment Documents/Urgench VTC Bid Attachment Documents/Section 4.  Bill of Quantities(Not-Priced)/공내역서/VTC견적서/1 АДМИН ЗДАНИЕ(Admin. Build)/1-10 ЛИФТ(ELEV)/bv13750.xls,.xls,54784,True,106,0,BOQ | 가격·견적,
L2023-00053-1,2020-00086,우즈베키스탄,"우즈베키스탄 우르겐치 직업훈련원 건립 및 직업훈련 제도역량 공고화 지원 사업('20-'24/1,400만불)",L2023-00053-1/Urgench VTC Bid Attachment Documents/Urgench VTC Bid Attachment Documents/Section 4.  Bill of Quantities(Not-Priced)/공내역서/VTC견적서/1 АДМИН ЗДАНИЕ(Admin. Build)/1-2 АР(Architecture)/13373_vfor.xls,.xls,53248,True,117,0,BOQ | 가격·견적,
L2023-00053-1,2020-00086,우즈베키스탄,"우즈베키스탄 우르겐치 직업훈련원 건립 및 직업훈련 제도역량 공고화 지원 사업('20-'24/1,400만불)",L2023-00053-1/Urgench VTC Bid Attachment Documents/Urgench VTC Bid Attachment Documents/Section 4.  Bill of Quantities(Not-Priced)/공내역서/VTC견적서/1 АДМИН ЗДАНИЕ(Admin. Build)/1-2 АР(Architecture)/13373_vrmu.xls,.xls,78336,True,197,0,BOQ | 가격·견적,
L2023-00053-1,2020-00086,우즈베키스탄,"우즈베키스탄 우르겐치 직업훈련원 건립 및 직업훈련 제도역량 공고화 지원 사업('20-'24/1,400만불)",L2023-00053-1/Urgench VTC Bid Attachment Documents/Urgench VTC Bid Attachment Documents/Section 4.  Bill of Quantities(Not-Priced)/공내역서/VTC견적서/1 АДМИН ЗДАНИЕ(Admin. Build)/1-2 АР(Architecture)/bv13370.xls,.xls,210944,True,1028,0,BOQ | 가격·견적,
L2023-00053-1,2020-00086,우즈베키스탄,"우즈베키스탄 우르겐치 직업훈련원 건립 및 직업훈련 제도역량 공고화 지원 사업('20-'24/1,400만불)",L2023-00053-1/Urgench VTC Bid Attachment Documents/Urgench VTC Bid Attachment Documents/Section 4.  Bill of Quantities(Not-Priced)/공내역서/VTC견적서/1 АДМИН ЗДАНИЕ(Admin. Build)/1-3 ОВ(Heating & Ventilation)/13483_vfor.xls,.xls,99328,True,392,0,BOQ | 가격·견적,
L2023-00053-1,2020-00086,우즈베키스탄,"우즈베키스탄 우르겐치 직업훈련원 건립 및 직업훈련 제도역량 공고화 지원 사업('20-'24/1,400만불)",L2023-00053-1/Urgench VTC Bid Attachment Documents/Urgench VTC Bid Attachment Documents/Section 4.  Bill of Quantities(Not-Priced)/공내역서/VTC견적서/1 АДМИН ЗДАНИЕ(Admin. Build)/1-3 ОВ(Heating & Ventilation)/13483_vrmu.xls,.xls,103936,True,271,0,BOQ | 가격·견적,
L2023-00053-1,2020-00086,우즈베키스탄,"우즈베키스탄 우르겐치 직업훈련원 건립 및 직업훈련 제도역량 공고화 지원 사업('20-'24/1,400만불)",L2023-00053-1/Urgench VTC Bid Attachment Documents/Urgench VTC Bid Attachment Documents/Section 4.  Bill of Quantities(Not-Priced)/공내역서/VTC견적서/1 АДМИН ЗДАНИЕ(Admin. Build)/1-3 ОВ(Heating & Ventilation)/bv13480.xls,.xls,427008,True,2582,0,BOQ | 가격·견적,
L2023-00053-1,2020-00086,우즈베키스탄,"우즈베키스탄 우르겐치 직업훈련원 건립 및 직업훈련 제도역량 공고화 지원 사업('20-'24/1,400만불)",L2023-00053-1/Urgench VTC Bid Attachment Documents/Urgench VTC Bid Attachment Documents/Section 4.  Bill of Quantities(Not-Priced)/공내역서/VTC견적서/1 АДМИН ЗДАНИЕ(Admin. Build)/1-4 ВК(Water & Sewer & Fireplug)/13133_vfor.xls,.xls,52736,True,126,0,BOQ | 가격·견적,
L2023-00053-1,2020-00086,우즈베키스탄,"우즈베키스탄 우르겐치 직업훈련원 건립 및 직업훈련 제도역량 공고화 지원 사업('20-'24/1,400만불)",L2023-00053-1/Urgench VTC Bid Attachment Documents/Urgench VTC Bid Attachment Documents/Section 4.  Bill of Quantities(Not-Priced)/공내역서/VTC견적서/1 АДМИН ЗДАНИЕ(Admin. Build)/1-4 ВК(Water & Sewer & Fireplug)/13133_vrmu.xls,.xls,79360,True,196,0,BOQ | 가격·견적,
L2023-00053-1,2020-00086,우즈베키스탄,"우즈베키스탄 우르겐치 직업훈련원 건립 및 직업훈련 제도역량 공고화 지원 사업('20-'24/1,400만불)",L2023-00053-1/Urgench VTC Bid Attachment Documents/Urgench VTC Bid Attachment Documents/Section 4.  Bill of Quantities(Not-Priced)/공내역서/VTC견적서/1 АДМИН ЗДАНИЕ(Admin. Build)/1-4 ВК(Water & Sewer & Fireplug)/bv13130.xls,.xls,154624,True,675,0,BOQ | 가격·견적,
L2023-00053-1,2020-00086,우즈베키스탄,"우즈베키스탄 우르겐치 직업훈련원 건립 및 직업훈련 제도역량 공고화 지원 사업('20-'24/1,400만불)",L2023-00053-1/Urgench VTC Bid Attachment Documents/Urgench VTC Bid Attachment Documents/Section 4.  Bill of Quantities(Not-Priced)/공내역서/VTC견적서/1 АДМИН ЗДАНИЕ(Admin. Build)/1-5 ЭО(Electric)/13493_vrmu.xls,.xls,95744,True,175,0,BOQ | 가격·견적,
L2023-00053-1,2020-00086,우즈베키스탄,"우즈베키스탄 우르겐치 직업훈련원 건립 및 직업훈련 제도역량 공고화 지원 사업('20-'24/1,400만불)",L2023-00053-1/Urgench VTC Bid Attachment Documents/Urgench VTC Bid Attachment Documents/Section 4.  Bill of Quantities(Not-Priced)/공내역서/VTC견적서/1 АДМИН ЗДАНИЕ(Admin. Build)/1-5 ЭО(Electric)/bv13490.xls,.xls,158720,True,568,0,BOQ | 가격·견적,
L2023-00053-1,2020-00086,우즈베키스탄,"우즈베키스탄 우르겐치 직업훈련원 건립 및 직업훈련 제도역량 공고화 지원 사업('20-'24/1,400만불)",L2023-00053-1/Urgench VTC Bid Attachment Documents/Urgench VTC Bid Attachment Documents/Section 4.  Bill of Quantities(Not-Priced)/공내역서/VTC견적서/1 АДМИН ЗДАНИЕ(Admin. Build)/1-6 ПС(Fire Alarm)/13253_vfor.xls,.xls,36864,True,43,0,BOQ | 가격·견적,
L2023-00053-1,2020-00086,우즈베키스탄,"우즈베키스탄 우르겐치 직업훈련원 건립 및 직업훈련 제도역량 공고화 지원 사업('20-'24/1,400만불)",L2023-00053-1/Urgench VTC Bid Attachment Documents/Urgench VTC Bid Attachment Documents/Section 4.  Bill of Quantities(Not-Priced)/공내역서/VTC견적서/1 АДМИН ЗДАНИЕ(Admin. Build)/1-6 ПС(Fire Alarm)/13253_vrmu.xls,.xls,49152,True,85,0,BOQ | 가격·견적,
L2023-00053-1,2020-00086,우즈베키스탄,"우즈베키스탄 우르겐치 직업훈련원 건립 및 직업훈련 제도역량 공고화 지원 사업('20-'24/1,400만불)",L2023-00053-1/Urgench VTC Bid Attachment Documents/Urgench VTC Bid Attachment Documents/Section 4.  Bill of Quantities(Not-Priced)/공내역서/VTC견적서/1 АДМИН ЗДАНИЕ(Admin. Build)/1-6 ПС(Fire Alarm)/bv13250.xls,.xls,71680,True,198,0,BOQ | 가격·견적,
L2023-00053-1,2020-00086,우즈베키스탄,"우즈베키스탄 우르겐치 직업훈련원 건립 및 직업훈련 제도역량 공고화 지원 사업('20-'24/1,400만불)","L2023-00053-1/Urgench VTC Bid Attachment Documents/Urgench VTC Bid Attachment Documents/Section 4.  Bill of Quantities(Not-Priced)/공내역서/VTC견적서/1 АДМИН ЗДАНИЕ(Admin. Build)/1-7 ВН, СКС(CCTV & Network)/13263_vfor.xls",.xls,47616,True,82,0,BOQ | 가격·견적,
L2023-00053-1,2020-00086,우즈베키스탄,"우즈베키스탄 우르겐치 직업훈련원 건립 및 직업훈련 제도역량 공고화 지원 사업('20-'24/1,400만불)","L2023-00053-1/Urgench VTC Bid Attachment Documents/Urgench VTC Bid Attachment Documents/Section 4.  Bill of Quantities(Not-Priced)/공내역서/VTC견적서/1 АДМИН ЗДАНИЕ(Admin. Build)/1-7 ВН, СКС(CCTV & Network)/13263_vrmu.xls",.xls,68608,True,150,0,BOQ | 가격·견적,
L2023-00053-1,2020-00086,우즈베키스탄,"우즈베키스탄 우르겐치 직업훈련원 건립 및 직업훈련 제도역량 공고화 지원 사업('20-'24/1,400만불)","L2023-00053-1/Urgench VTC Bid Attachment Documents/Urgench VTC Bid Attachment Documents/Section 4.  Bill of Quantities(Not-Priced)/공내역서/VTC견적서/1 АДМИН ЗДАНИЕ(Admin. Build)/1-7 ВН, СКС(CCTV & Network)/bv13260.xls",.xls,107520,True,377,0,BOQ | 가격·견적,
L2023-00053-1,2020-00086,우즈베키스탄,"우즈베키스탄 우르겐치 직업훈련원 건립 및 직업훈련 제도역량 공고화 지원 사업('20-'24/1,400만불)",L2023-00053-1/Urgench VTC Bid Attachment Documents/Urgench VTC Bid Attachment Documents/Section 4.  Bill of Quantities(Not-Priced)/공내역서/VTC견적서/1 АДМИН ЗДАНИЕ(Admin. Build)/1-8 ТМ (Boiler & Solar heating)/13423_vfor.xls,.xls,59392,True,122,0,BOQ | 가격·견적,
L2023-00053-1,2020-00086,우즈베키스탄,"우즈베키스탄 우르겐치 직업훈련원 건립 및 직업훈련 제도역량 공고화 지원 사업('20-'24/1,400만불)",L2023-00053-1/Urgench VTC Bid Attachment Documents/Urgench VTC Bid Attachment Documents/Section 4.  Bill of Quantities(Not-Priced)/공내역서/VTC견적서/1 АДМИН ЗДАНИЕ(Admin. Build)/1-8 ТМ (Boiler & Solar heating)/13423_vrmu.xls,.xls,84480,True,197,0,BOQ | 가격·견적,
L2023-00053-1,2020-00086,우즈베키스탄,"우즈베키스탄 우르겐치 직업훈련원 건립 및 직업훈련 제도역량 공고화 지원 사업('20-'24/1,400만불)",L2023-00053-1/Urgench VTC Bid Attachment Documents/Urgench VTC Bid Attachment Documents/Section 4.  Bill of Quantities(Not-Priced)/공내역서/VTC견적서/1 АДМИН ЗДАНИЕ(Admin. Build)/1-8 ТМ (Boiler & Solar heating)/bv13420.xls,.xls,164864,True,703,0,BOQ | 가격·견적,
L2023-00053-1,2020-00086,우즈베키스탄,"우즈베키스탄 우르겐치 직업훈련원 건립 및 직업훈련 제도역량 공고화 지원 사업('20-'24/1,400만불)",L2023-00053-1/Urgench VTC Bid Attachment Documents/Urgench VTC Bid Attachment Documents/Section 4.  Bill of Quantities(Not-Priced)/공내역서/VTC견적서/1 АДМИН ЗДАНИЕ(Admin. Build)/1-9 ГСВ(Gas)/13463_vfor.xls,.xls,37888,True,36,0,BOQ | 가격·견적,
L2023-00053-1,2020-00086,우즈베키스탄,"우즈베키스탄 우르겐치 직업훈련원 건립 및 직업훈련 제도역량 공고화 지원 사업('20-'24/1,400만불)",L2023-00053-1/Urgench VTC Bid Attachment Documents/Urgench VTC Bid Attachment Documents/Section 4.  Bill of Quantities(Not-Priced)/공내역서/VTC견적서/1 АДМИН ЗДАНИЕ(Admin. Build)/1-9 ГСВ(Gas)/13463_vrmu.xls,.xls,57344,True,99,0,BOQ | 가격·견적,
L2023-00053-1,2020-00086,우즈베키스탄,"우즈베키스탄 우르겐치 직업훈련원 건립 및 직업훈련 제도역량 공고화 지원 사업('20-'24/1,400만불)",L2023-00053-1/Urgench VTC Bid Attachment Documents/Urgench VTC Bid Attachment Documents/Section 4.  Bill of Quantities(Not-Priced)/공내역서/VTC견적서/1 АДМИН ЗДАНИЕ(Admin. Build)/1-9 ГСВ(Gas)/bv13460.xls,.xls,96256,True,318,0,BOQ | 가격·견적,
L2023-00053-1,2020-00086,우즈베키스탄,"우즈베키스탄 우르겐치 직업훈련원 건립 및 직업훈련 제도역량 공고화 지원 사업('20-'24/1,400만불)",L2023-00053-1/Urgench VTC Bid Attachment Documents/Urgench VTC Bid Attachment Documents/Section 4.  Bill of Quantities(Not-Priced)/공내역서/VTC견적서/1 АДМИН ЗДАНИЕ(Admin. Build)/СВОДКА АДМИН ЗДАНИЕ o.xls,.xls,43008,True,22,0,BOQ | 가격·견적,
L2023-00053-1,2020-00086,우즈베키스탄,"우즈베키스탄 우르겐치 직업훈련원 건립 및 직업훈련 제도역량 공고화 지원 사업('20-'24/1,400만불)",L2023-00053-1/Urgench VTC Bid Attachment Documents/Urgench VTC Bid Attachment Documents/Section 4.  Bill of Quantities(Not-Priced)/공내역서/VTC견적서/1 АДМИН ЗДАНИЕ(Admin. Build)/Титул  ТОМ II.doc,.doc,30720,True,18,0,BOQ | 가격·견적,
L2023-00053-1,2020-00086,우즈베키스탄,"우즈베키스탄 우르겐치 직업훈련원 건립 및 직업훈련 제도역량 공고화 지원 사업('20-'24/1,400만불)",L2023-00053-1/Urgench VTC Bid Attachment Documents/Urgench VTC Bid Attachment Documents/Section 4.  Bill of Quantities(Not-Priced)/공내역서/VTC견적서/2 УПК(Practice and Education Building)/2-1 КЖ(Structure)/13013_vfor.xls,.xls,90112,True,415,0,BOQ | 가격·견적,
L2023-00053-1,2020-00086,우즈베키스탄,"우즈베키스탄 우르겐치 직업훈련원 건립 및 직업훈련 제도역량 공고화 지원 사업('20-'24/1,400만불)",L2023-00053-1/Urgench VTC Bid Attachment Documents/Urgench VTC Bid Attachment Documents/Section 4.  Bill of Quantities(Not-Priced)/공내역서/VTC견적서/2 УПК(Practice and Education Building)/2-1 КЖ(Structure)/13013_vrmu.xls,.xls,78336,True,177,0,BOQ | 가격·견적,
L2023-00053-1,2020-00086,우즈베키스탄,"우즈베키스탄 우르겐치 직업훈련원 건립 및 직업훈련 제도역량 공고화 지원 사업('20-'24/1,400만불)",L2023-00053-1/Urgench VTC Bid Attachment Documents/Urgench VTC Bid Attachment Documents/Section 4.  Bill of Quantities(Not-Priced)/공내역서/VTC견적서/2 УПК(Practice and Education Building)/2-1 КЖ(Structure)/bv13010.xls,.xls,438784,True,2699,0,BOQ | 가격·견적,
L2023-00053-1,2020-00086,우즈베키스탄,"우즈베키스탄 우르겐치 직업훈련원 건립 및 직업훈련 제도역량 공고화 지원 사업('20-'24/1,400만불)",L2023-00053-1/Urgench VTC Bid Attachment Documents/Urgench VTC Bid Attachment Documents/Section 4.  Bill of Quantities(Not-Priced)/공내역서/VTC견적서/2 УПК(Practice and Education Building)/2-2 АР(Architecture)/13183_vfor.xls,.xls,57344,True,119,0,BOQ | 가격·견적,
L2023-00053-1,2020-00086,우즈베키스탄,"우즈베키스탄 우르겐치 직업훈련원 건립 및 직업훈련 제도역량 공고화 지원 사업('20-'24/1,400만불)",L2023-00053-1/Urgench VTC Bid Attachment Documents/Urgench VTC Bid Attachment Documents/Section 4.  Bill of Quantities(Not-Priced)/공내역서/VTC견적서/2 УПК(Practice and Education Building)/2-2 АР(Architecture)/13183_vrmu.xls,.xls,82432,True,213,0,BOQ | 가격·견적,
L2023-00053-1,2020-00086,우즈베키스탄,"우즈베키스탄 우르겐치 직업훈련원 건립 및 직업훈련 제도역량 공고화 지원 사업('20-'24/1,400만불)",L2023-00053-1/Urgench VTC Bid Attachment Documents/Urgench VTC Bid Attachment Documents/Section 4.  Bill of Quantities(Not-Priced)/공내역서/VTC견적서/2 УПК(Practice and Education Building)/2-2 АР(Architecture)/bv13180.xls,.xls,216064,True,1035,0,BOQ | 가격·견적,
L2023-00053-1,2020-00086,우즈베키스탄,"우즈베키스탄 우르겐치 직업훈련원 건립 및 직업훈련 제도역량 공고화 지원 사업('20-'24/1,400만불)",L2023-00053-1/Urgench VTC Bid Attachment Documents/Urgench VTC Bid Attachment Documents/Section 4.  Bill of Quantities(Not-Priced)/공내역서/VTC견적서/2 УПК(Practice and Education Building)/2-3 ОВ(Heating & Ventilation)/13513_vfor.xls,.xls,99840,True,408,0,BOQ | 가격·견적,
L2023-00053-1,2020-00086,우즈베키스탄,"우즈베키스탄 우르겐치 직업훈련원 건립 및 직업훈련 제도역량 공고화 지원 사업('20-'24/1,400만불)",L2023-00053-1/Urgench VTC Bid Attachment Documents/Urgench VTC Bid Attachment Documents/Section 4.  Bill of Quantities(Not-Priced)/공내역서/VTC견적서/2 УПК(Practice and Education Building)/2-3 ОВ(Heating & Ventilation)/13513_vrmu.xls,.xls,100352,True,255,0,BOQ | 가격·견적,
L2023-00053-1,2020-00086,우즈베키스탄,"우즈베키스탄 우르겐치 직업훈련원 건립 및 직업훈련 제도역량 공고화 지원 사업('20-'24/1,400만불)",L2023-00053-1/Urgench VTC Bid Attachment Documents/Urgench VTC Bid Attachment Documents/Section 4.  Bill of Quantities(Not-Priced)/공내역서/VTC견적서/2 УПК(Practice and Education Building)/2-3 ОВ(Heating & Ventilation)/bv13510.xls,.xls,450048,True,2760,0,BOQ | 가격·견적,
L2023-00053-1,2020-00086,우즈베키스탄,"우즈베키스탄 우르겐치 직업훈련원 건립 및 직업훈련 제도역량 공고화 지원 사업('20-'24/1,400만불)",L2023-00053-1/Urgench VTC Bid Attachment Documents/Urgench VTC Bid Attachment Documents/Section 4.  Bill of Quantities(Not-Priced)/공내역서/VTC견적서/2 УПК(Practice and Education Building)/2-4 ВК(Water & Sewer & Fireplug)/13123_vfor.xls,.xls,59904,True,151,0,BOQ | 가격·견적,
L2023-00053-1,2020-00086,우즈베키스탄,"우즈베키스탄 우르겐치 직업훈련원 건립 및 직업훈련 제도역량 공고화 지원 사업('20-'24/1,400만불)",L2023-00053-1/Urgench VTC Bid Attachment Documents/Urgench VTC Bid Attachment Documents/Section 4.  Bill of Quantities(Not-Priced)/공내역서/VTC견적서/2 УПК(Practice and Education Building)/2-4 ВК(Water & Sewer & Fireplug)/13123_vrmu.xls,.xls,88576,True,225,0,BOQ | 가격·견적,
L2023-00053-1,2020-00086,우즈베키스탄,"우즈베키스탄 우르겐치 직업훈련원 건립 및 직업훈련 제도역량 공고화 지원 사업('20-'24/1,400만불)",L2023-00053-1/Urgench VTC Bid Attachment Documents/Urgench VTC Bid Attachment Documents/Section 4.  Bill of Quantities(Not-Priced)/공내역서/VTC견적서/2 УПК(Practice and Education Building)/2-4 ВК(Water & Sewer & Fireplug)/bv13120.xls,.xls,172032,True,757,0,BOQ | 가격·견적,
L2023-00053-1,2020-00086,우즈베키스탄,"우즈베키스탄 우르겐치 직업훈련원 건립 및 직업훈련 제도역량 공고화 지원 사업('20-'24/1,400만불)",L2023-00053-1/Urgench VTC Bid Attachment Documents/Urgench VTC Bid Attachment Documents/Section 4.  Bill of Quantities(Not-Priced)/공내역서/VTC견적서/2 УПК(Practice and Education Building)/2-5 ЭО(Electric)/13593_vfor.xls,.xls,76288,True,127,0,BOQ | 가격·견적,
L2023-00053-1,2020-00086,우즈베키스탄,"우즈베키스탄 우르겐치 직업훈련원 건립 및 직업훈련 제도역량 공고화 지원 사업('20-'24/1,400만불)",L2023-00053-1/Urgench VTC Bid Attachment Documents/Urgench VTC Bid Attachment Documents/Section 4.  Bill of Quantities(Not-Priced)/공내역서/VTC견적서/2 УПК(Practice and Education Building)/2-5 ЭО(Electric)/13593_vrmu.xls,.xls,88064,True,169,0,BOQ | 가격·견적,
L2023-00053-1,2020-00086,우즈베키스탄,"우즈베키스탄 우르겐치 직업훈련원 건립 및 직업훈련 제도역량 공고화 지원 사업('20-'24/1,400만불)",L2023-00053-1/Urgench VTC Bid Attachment Documents/Urgench VTC Bid Attachment Documents/Section 4.  Bill of Quantities(Not-Priced)/공내역서/VTC견적서/2 УПК(Practice and Education Building)/2-5 ЭО(Electric)/bv13590.xls,.xls,165376,True,652,0,BOQ | 가격·견적,
L2023-00053-1,2020-00086,우즈베키스탄,"우즈베키스탄 우르겐치 직업훈련원 건립 및 직업훈련 제도역량 공고화 지원 사업('20-'24/1,400만불)",L2023-00053-1/Urgench VTC Bid Attachment Documents/Urgench VTC Bid Attachment Documents/Section 4.  Bill of Quantities(Not-Priced)/공내역서/VTC견적서/2 УПК(Practice and Education Building)/2-6 ПС(Fire Alarm)/13273_vfor.xls,.xls,39424,True,56,0,BOQ | 가격·견적,
L2023-00053-1,2020-00086,우즈베키스탄,"우즈베키스탄 우르겐치 직업훈련원 건립 및 직업훈련 제도역량 공고화 지원 사업('20-'24/1,400만불)",L2023-00053-1/Urgench VTC Bid Attachment Documents/Urgench VTC Bid Attachment Documents/Section 4.  Bill of Quantities(Not-Priced)/공내역서/VTC견적서/2 УПК(Practice and Education Building)/2-6 ПС(Fire Alarm)/13273_vrmu.xls,.xls,51712,True,93,0,BOQ | 가격·견적,
L2023-00053-1,2020-00086,우즈베키스탄,"우즈베키스탄 우르겐치 직업훈련원 건립 및 직업훈련 제도역량 공고화 지원 사업('20-'24/1,400만불)",L2023-00053-1/Urgench VTC Bid Attachment Documents/Urgench VTC Bid Attachment Documents/Section 4.  Bill of Quantities(Not-Priced)/공내역서/VTC견적서/2 УПК(Practice and Education Building)/2-6 ПС(Fire Alarm)/bv13270.xls,.xls,81408,True,253,0,BOQ | 가격·견적,
L2023-00053-1,2020-00086,우즈베키스탄,"우즈베키스탄 우르겐치 직업훈련원 건립 및 직업훈련 제도역량 공고화 지원 사업('20-'24/1,400만불)","L2023-00053-1/Urgench VTC Bid Attachment Documents/Urgench VTC Bid Attachment Documents/Section 4.  Bill of Quantities(Not-Priced)/공내역서/VTC견적서/2 УПК(Practice and Education Building)/2-7 ВН, СКС(CCTV & Network)/13283_vfor.xls",.xls,47104,True,86,0,BOQ | 가격·견적,
L2023-00053-1,2020-00086,우즈베키스탄,"우즈베키스탄 우르겐치 직업훈련원 건립 및 직업훈련 제도역량 공고화 지원 사업('20-'24/1,400만불)","L2023-00053-1/Urgench VTC Bid Attachment Documents/Urgench VTC Bid Attachment Documents/Section 4.  Bill of Quantities(Not-Priced)/공내역서/VTC견적서/2 УПК(Practice and Education Building)/2-7 ВН, СКС(CCTV & Network)/13283_vrmu.xls",.xls,67072,True,150,0,BOQ | 가격·견적,
L2023-00053-1,2020-00086,우즈베키스탄,"우즈베키스탄 우르겐치 직업훈련원 건립 및 직업훈련 제도역량 공고화 지원 사업('20-'24/1,400만불)","L2023-00053-1/Urgench VTC Bid Attachment Documents/Urgench VTC Bid Attachment Documents/Section 4.  Bill of Quantities(Not-Priced)/공내역서/VTC견적서/2 УПК(Practice and Education Building)/2-7 ВН, СКС(CCTV & Network)/bv13280.xls",.xls,108032,True,394,0,BOQ | 가격·견적,
L2023-00053-1,2020-00086,우즈베키스탄,"우즈베키스탄 우르겐치 직업훈련원 건립 및 직업훈련 제도역량 공고화 지원 사업('20-'24/1,400만불)",L2023-00053-1/Urgench VTC Bid Attachment Documents/Urgench VTC Bid Attachment Documents/Section 4.  Bill of Quantities(Not-Priced)/공내역서/VTC견적서/2 УПК(Practice and Education Building)/2-8 ТМ(Boiler & Solar heating)/13433_vfor.xls,.xls,61952,True,129,0,BOQ | 가격·견적,
L2023-00053-1,2020-00086,우즈베키스탄,"우즈베키스탄 우르겐치 직업훈련원 건립 및 직업훈련 제도역량 공고화 지원 사업('20-'24/1,400만불)",L2023-00053-1/Urgench VTC Bid Attachment Documents/Urgench VTC Bid Attachment Documents/Section 4.  Bill of Quantities(Not-Priced)/공내역서/VTC견적서/2 УПК(Practice and Education Building)/2-8 ТМ(Boiler & Solar heating)/13433_vrmu.xls,.xls,86528,True,202,0,BOQ | 가격·견적,
L2023-00053-1,2020-00086,우즈베키스탄,"우즈베키스탄 우르겐치 직업훈련원 건립 및 직업훈련 제도역량 공고화 지원 사업('20-'24/1,400만불)",L2023-00053-1/Urgench VTC Bid Attachment Documents/Urgench VTC Bid Attachment Documents/Section 4.  Bill of Quantities(Not-Priced)/공내역서/VTC견적서/2 УПК(Practice and Education Building)/2-8 ТМ(Boiler & Solar heating)/bv13430.xls,.xls,178176,True,781,0,BOQ | 가격·견적,
L2023-00053-1,2020-00086,우즈베키스탄,"우즈베키스탄 우르겐치 직업훈련원 건립 및 직업훈련 제도역량 공고화 지원 사업('20-'24/1,400만불)",L2023-00053-1/Urgench VTC Bid Attachment Documents/Urgench VTC Bid Attachment Documents/Section 4.  Bill of Quantities(Not-Priced)/공내역서/VTC견적서/2 УПК(Practice and Education Building)/2-9 ГСВ(Gas)/13583_vfor.xls,.xls,38400,True,38,0,BOQ | 가격·견적,
L2023-00053-1,2020-00086,우즈베키스탄,"우즈베키스탄 우르겐치 직업훈련원 건립 및 직업훈련 제도역량 공고화 지원 사업('20-'24/1,400만불)",L2023-00053-1/Urgench VTC Bid Attachment Documents/Urgench VTC Bid Attachment Documents/Section 4.  Bill of Quantities(Not-Priced)/공내역서/VTC견적서/2 УПК(Practice and Education Building)/2-9 ГСВ(Gas)/13583_vrmu.xls,.xls,58368,True,102,0,BOQ | 가격·견적,
L2023-00053-1,2020-00086,우즈베키스탄,"우즈베키스탄 우르겐치 직업훈련원 건립 및 직업훈련 제도역량 공고화 지원 사업('20-'24/1,400만불)",L2023-00053-1/Urgench VTC Bid Attachment Documents/Urgench VTC Bid Attachment Documents/Section 4.  Bill of Quantities(Not-Priced)/공내역서/VTC견적서/2 УПК(Practice and Education Building)/2-9 ГСВ(Gas)/bv13580.xls,.xls,97792,True,323,0,BOQ | 가격·견적,
L2023-00053-1,2020-00086,우즈베키스탄,"우즈베키스탄 우르겐치 직업훈련원 건립 및 직업훈련 제도역량 공고화 지원 사업('20-'24/1,400만불)",L2023-00053-1/Urgench VTC Bid Attachment Documents/Urgench VTC Bid Attachment Documents/Section 4.  Bill of Quantities(Not-Priced)/공내역서/VTC견적서/2 УПК(Practice and Education Building)/СВОДКА УНП o.xls,.xls,41984,True,21,0,BOQ | 가격·견적,
L2023-00053-1,2020-00086,우즈베키스탄,"우즈베키스탄 우르겐치 직업훈련원 건립 및 직업훈련 제도역량 공고화 지원 사업('20-'24/1,400만불)",L2023-00053-1/Urgench VTC Bid Attachment Documents/Urgench VTC Bid Attachment Documents/Section 4.  Bill of Quantities(Not-Priced)/공내역서/VTC견적서/2 УПК(Practice and Education Building)/Титул  ТОМ III.doc,.doc,31232,True,18,0,BOQ | 가격·견적,
L2023-00053-1,2020-00086,우즈베키스탄,"우즈베키스탄 우르겐치 직업훈련원 건립 및 직업훈련 제도역량 공고화 지원 사업('20-'24/1,400만불)",L2023-00053-1/Urgench VTC Bid Attachment Documents/Urgench VTC Bid Attachment Documents/Section 4.  Bill of Quantities(Not-Priced)/공내역서/VTC견적서/3 ОБЩЕЖИТИЕ(Dormitory)/3-1 КЖ(Structure)/13023_vfor.xls,.xls,71168,True,225,0,BOQ | 가격·견적,
L2023-00053-1,2020-00086,우즈베키스탄,"우즈베키스탄 우르겐치 직업훈련원 건립 및 직업훈련 제도역량 공고화 지원 사업('20-'24/1,400만불)",L2023-00053-1/Urgench VTC Bid Attachment Documents/Urgench VTC Bid Attachment Documents/Section 4.  Bill of Quantities(Not-Priced)/공내역서/VTC견적서/3 ОБЩЕЖИТИЕ(Dormitory)/3-1 КЖ(Structure)/13023_vrmu.xls,.xls,71168,True,156,0,BOQ | 가격·견적,
L2023-00053-1,2020-00086,우즈베키스탄,"우즈베키스탄 우르겐치 직업훈련원 건립 및 직업훈련 제도역량 공고화 지원 사업('20-'24/1,400만불)",L2023-00053-1/Urgench VTC Bid Attachment Documents/Urgench VTC Bid Attachment Documents/Section 4.  Bill of Quantities(Not-Priced)/공내역서/VTC견적서/3 ОБЩЕЖИТИЕ(Dormitory)/3-1 КЖ(Structure)/bv13020.xls,.xls,286208,True,1569,0,BOQ | 가격·견적,
L2023-00053-1,2020-00086,우즈베키스탄,"우즈베키스탄 우르겐치 직업훈련원 건립 및 직업훈련 제도역량 공고화 지원 사업('20-'24/1,400만불)",L2023-00053-1/Urgench VTC Bid Attachment Documents/Urgench VTC Bid Attachment Documents/Section 4.  Bill of Quantities(Not-Priced)/공내역서/VTC견적서/3 ОБЩЕЖИТИЕ(Dormitory)/3-2 АР(Architecture)/13093_vfor.xls,.xls,60928,True,119,0,BOQ | 가격·견적,
L2023-00053-1,2020-00086,우즈베키스탄,"우즈베키스탄 우르겐치 직업훈련원 건립 및 직업훈련 제도역량 공고화 지원 사업('20-'24/1,400만불)",L2023-00053-1/Urgench VTC Bid Attachment Documents/Urgench VTC Bid Attachment Documents/Section 4.  Bill of Quantities(Not-Priced)/공내역서/VTC견적서/3 ОБЩЕЖИТИЕ(Dormitory)/3-2 АР(Architecture)/13093_vrmu.xls,.xls,71168,True,169,0,BOQ | 가격·견적,
L2023-00053-1,2020-00086,우즈베키스탄,"우즈베키스탄 우르겐치 직업훈련원 건립 및 직업훈련 제도역량 공고화 지원 사업('20-'24/1,400만불)",L2023-00053-1/Urgench VTC Bid Attachment Documents/Urgench VTC Bid Attachment Documents/Section 4.  Bill of Quantities(Not-Priced)/공내역서/VTC견적서/3 ОБЩЕЖИТИЕ(Dormitory)/3-2 АР(Architecture)/bv13090.xls,.xls,209920,True,1002,0,BOQ | 가격·견적,
L2023-00053-1,2020-00086,우즈베키스탄,"우즈베키스탄 우르겐치 직업훈련원 건립 및 직업훈련 제도역량 공고화 지원 사업('20-'24/1,400만불)",L2023-00053-1/Urgench VTC Bid Attachment Documents/Urgench VTC Bid Attachment Documents/Section 4.  Bill of Quantities(Not-Priced)/공내역서/VTC견적서/3 ОБЩЕЖИТИЕ(Dormitory)/3-3 ОВ(Heating & Ventilation)/13103_vfor.xls,.xls,51712,True,58,0,BOQ | 가격·견적,
L2023-00053-1,2020-00086,우즈베키스탄,"우즈베키스탄 우르겐치 직업훈련원 건립 및 직업훈련 제도역량 공고화 지원 사업('20-'24/1,400만불)",L2023-00053-1/Urgench VTC Bid Attachment Documents/Urgench VTC Bid Attachment Documents/Section 4.  Bill of Quantities(Not-Priced)/공내역서/VTC견적서/3 ОБЩЕЖИТИЕ(Dormitory)/3-3 ОВ(Heating & Ventilation)/13103_vrmu.xls,.xls,61440,True,114,0,BOQ | 가격·견적,
L2023-00053-1,2020-00086,우즈베키스탄,"우즈베키스탄 우르겐치 직업훈련원 건립 및 직업훈련 제도역량 공고화 지원 사업('20-'24/1,400만불)",L2023-00053-1/Urgench VTC Bid Attachment Documents/Urgench VTC Bid Attachment Documents/Section 4.  Bill of Quantities(Not-Priced)/공내역서/VTC견적서/3 ОБЩЕЖИТИЕ(Dormitory)/3-3 ОВ(Heating & Ventilation)/bv13100.xls,.xls,118784,True,419,0,BOQ | 가격·견적,
L2023-00053-1,2020-00086,우즈베키스탄,"우즈베키스탄 우르겐치 직업훈련원 건립 및 직업훈련 제도역량 공고화 지원 사업('20-'24/1,400만불)",L2023-00053-1/Urgench VTC Bid Attachment Documents/Urgench VTC Bid Attachment Documents/Section 4.  Bill of Quantities(Not-Priced)/공내역서/VTC견적서/3 ОБЩЕЖИТИЕ(Dormitory)/3-4 ВК(Water & Sewer & Fireplug)/13113_vfor.xls,.xls,62464,True,139,0,BOQ | 가격·견적,
L2023-00053-1,2020-00086,우즈베키스탄,"우즈베키스탄 우르겐치 직업훈련원 건립 및 직업훈련 제도역량 공고화 지원 사업('20-'24/1,400만불)",L2023-00053-1/Urgench VTC Bid Attachment Documents/Urgench VTC Bid Attachment Documents/Section 4.  Bill of Quantities(Not-Priced)/공내역서/VTC견적서/3 ОБЩЕЖИТИЕ(Dormitory)/3-4 ВК(Water & Sewer & Fireplug)/13113_vrmu.xls,.xls,78336,True,192,0,BOQ | 가격·견적,
L2023-00053-1,2020-00086,우즈베키스탄,"우즈베키스탄 우르겐치 직업훈련원 건립 및 직업훈련 제도역량 공고화 지원 사업('20-'24/1,400만불)",L2023-00053-1/Urgench VTC Bid Attachment Documents/Urgench VTC Bid Attachment Documents/Section 4.  Bill of Quantities(Not-Priced)/공내역서/VTC견적서/3 ОБЩЕЖИТИЕ(Dormitory)/3-4 ВК(Water & Sewer & Fireplug)/bv13110.xls,.xls,162816,True,687,0,BOQ | 가격·견적,
L2023-00053-1,2020-00086,우즈베키스탄,"우즈베키스탄 우르겐치 직업훈련원 건립 및 직업훈련 제도역량 공고화 지원 사업('20-'24/1,400만불)",L2023-00053-1/Urgench VTC Bid Attachment Documents/Urgench VTC Bid Attachment Documents/Section 4.  Bill of Quantities(Not-Priced)/공내역서/VTC견적서/3 ОБЩЕЖИТИЕ(Dormitory)/3-5 ЭО(Electric)/13393_vfor.xls,.xls,74752,True,105,0,BOQ | 가격·견적,
L2023-00053-1,2020-00086,우즈베키스탄,"우즈베키스탄 우르겐치 직업훈련원 건립 및 직업훈련 제도역량 공고화 지원 사업('20-'24/1,400만불)",L2023-00053-1/Urgench VTC Bid Attachment Documents/Urgench VTC Bid Attachment Documents/Section 4.  Bill of Quantities(Not-Priced)/공내역서/VTC견적서/3 ОБЩЕЖИТИЕ(Dormitory)/3-5 ЭО(Electric)/13393_vrmu.xls,.xls,78336,True,154,0,BOQ | 가격·견적,
L2023-00053-1,2020-00086,우즈베키스탄,"우즈베키스탄 우르겐치 직업훈련원 건립 및 직업훈련 제도역량 공고화 지원 사업('20-'24/1,400만불)",L2023-00053-1/Urgench VTC Bid Attachment Documents/Urgench VTC Bid Attachment Documents/Section 4.  Bill of Quantities(Not-Priced)/공내역서/VTC견적서/3 ОБЩЕЖИТИЕ(Dormitory)/3-5 ЭО(Electric)/bv13390.xls,.xls,160768,True,617,0,BOQ | 가격·견적,
L2023-00053-1,2020-00086,우즈베키스탄,"우즈베키스탄 우르겐치 직업훈련원 건립 및 직업훈련 제도역량 공고화 지원 사업('20-'24/1,400만불)",L2023-00053-1/Urgench VTC Bid Attachment Documents/Urgench VTC Bid Attachment Documents/Section 4.  Bill of Quantities(Not-Priced)/공내역서/VTC견적서/3 ОБЩЕЖИТИЕ(Dormitory)/3-6 ПС(Fire Alarm)/13293_vfor.xls,.xls,47616,True,54,0,BOQ | 가격·견적,
L2023-00053-1,2020-00086,우즈베키스탄,"우즈베키스탄 우르겐치 직업훈련원 건립 및 직업훈련 제도역량 공고화 지원 사업('20-'24/1,400만불)",L2023-00053-1/Urgench VTC Bid Attachment Documents/Urgench VTC Bid Attachment Documents/Section 4.  Bill of Quantities(Not-Priced)/공내역서/VTC견적서/3 ОБЩЕЖИТИЕ(Dormitory)/3-6 ПС(Fire Alarm)/13293_vrmu.xls,.xls,52736,True,91,0,BOQ | 가격·견적,
L2023-00053-1,2020-00086,우즈베키스탄,"우즈베키스탄 우르겐치 직업훈련원 건립 및 직업훈련 제도역량 공고화 지원 사업('20-'24/1,400만불)",L2023-00053-1/Urgench VTC Bid Attachment Documents/Urgench VTC Bid Attachment Documents/Section 4.  Bill of Quantities(Not-Priced)/공내역서/VTC견적서/3 ОБЩЕЖИТИЕ(Dormitory)/3-6 ПС(Fire Alarm)/bv13290.xls,.xls,86016,True,249,0,BOQ | 가격·견적,
L2023-00053-1,2020-00086,우즈베키스탄,"우즈베키스탄 우르겐치 직업훈련원 건립 및 직업훈련 제도역량 공고화 지원 사업('20-'24/1,400만불)","L2023-00053-1/Urgench VTC Bid Attachment Documents/Urgench VTC Bid Attachment Documents/Section 4.  Bill of Quantities(Not-Priced)/공내역서/VTC견적서/3 ОБЩЕЖИТИЕ(Dormitory)/3-7 ВН, СКС(CCTV & Network)/13303_vfor.xls",.xls,48640,True,55,0,BOQ | 가격·견적,
L2023-00053-1,2020-00086,우즈베키스탄,"우즈베키스탄 우르겐치 직업훈련원 건립 및 직업훈련 제도역량 공고화 지원 사업('20-'24/1,400만불)","L2023-00053-1/Urgench VTC Bid Attachment Documents/Urgench VTC Bid Attachment Documents/Section 4.  Bill of Quantities(Not-Priced)/공내역서/VTC견적서/3 ОБЩЕЖИТИЕ(Dormitory)/3-7 ВН, СКС(CCTV & Network)/13303_vrmu.xls",.xls,55808,True,110,0,BOQ | 가격·견적,
L2023-00053-1,2020-00086,우즈베키스탄,"우즈베키스탄 우르겐치 직업훈련원 건립 및 직업훈련 제도역량 공고화 지원 사업('20-'24/1,400만불)","L2023-00053-1/Urgench VTC Bid Attachment Documents/Urgench VTC Bid Attachment Documents/Section 4.  Bill of Quantities(Not-Priced)/공내역서/VTC견적서/3 ОБЩЕЖИТИЕ(Dormitory)/3-7 ВН, СКС(CCTV & Network)/bv13300.xls",.xls,91136,True,258,0,BOQ | 가격·견적,
L2023-00053-1,2020-00086,우즈베키스탄,"우즈베키스탄 우르겐치 직업훈련원 건립 및 직업훈련 제도역량 공고화 지원 사업('20-'24/1,400만불)",L2023-00053-1/Urgench VTC Bid Attachment Documents/Urgench VTC Bid Attachment Documents/Section 4.  Bill of Quantities(Not-Priced)/공내역서/VTC견적서/3 ОБЩЕЖИТИЕ(Dormitory)/3-8 ТМ(Boiler & Solar heating)/13443_vfor.xls,.xls,70144,True,126,0,BOQ | 가격·견적,
L2023-00053-1,2020-00086,우즈베키스탄,"우즈베키스탄 우르겐치 직업훈련원 건립 및 직업훈련 제도역량 공고화 지원 사업('20-'24/1,400만불)",L2023-00053-1/Urgench VTC Bid Attachment Documents/Urgench VTC Bid Attachment Documents/Section 4.  Bill of Quantities(Not-Priced)/공내역서/VTC견적서/3 ОБЩЕЖИТИЕ(Dormitory)/3-8 ТМ(Boiler & Solar heating)/13443_vrmu.xls,.xls,86528,True,201,0,BOQ | 가격·견적,
L2023-00053-1,2020-00086,우즈베키스탄,"우즈베키스탄 우르겐치 직업훈련원 건립 및 직업훈련 제도역량 공고화 지원 사업('20-'24/1,400만불)",L2023-00053-1/Urgench VTC Bid Attachment Documents/Urgench VTC Bid Attachment Documents/Section 4.  Bill of Quantities(Not-Priced)/공내역서/VTC견적서/3 ОБЩЕЖИТИЕ(Dormitory)/3-8 ТМ(Boiler & Solar heating)/bv13440.xls,.xls,176128,True,725,0,BOQ | 가격·견적,
L2023-00053-1,2020-00086,우즈베키스탄,"우즈베키스탄 우르겐치 직업훈련원 건립 및 직업훈련 제도역량 공고화 지원 사업('20-'24/1,400만불)",L2023-00053-1/Urgench VTC Bid Attachment Documents/Urgench VTC Bid Attachment Documents/Section 4.  Bill of Quantities(Not-Priced)/공내역서/VTC견적서/3 ОБЩЕЖИТИЕ(Dormitory)/3-9 ГСВ(Gas)/13453_vfor.xls,.xls,44544,True,35,0,BOQ | 가격·견적,
L2023-00053-1,2020-00086,우즈베키스탄,"우즈베키스탄 우르겐치 직업훈련원 건립 및 직업훈련 제도역량 공고화 지원 사업('20-'24/1,400만불)",L2023-00053-1/Urgench VTC Bid Attachment Documents/Urgench VTC Bid Attachment Documents/Section 4.  Bill of Quantities(Not-Priced)/공내역서/VTC견적서/3 ОБЩЕЖИТИЕ(Dormitory)/3-9 ГСВ(Gas)/13453_vrmu.xls,.xls,54272,True,98,0,BOQ | 가격·견적,
L2023-00053-1,2020-00086,우즈베키스탄,"우즈베키스탄 우르겐치 직업훈련원 건립 및 직업훈련 제도역량 공고화 지원 사업('20-'24/1,400만불)",L2023-00053-1/Urgench VTC Bid Attachment Documents/Urgench VTC Bid Attachment Documents/Section 4.  Bill of Quantities(Not-Priced)/공내역서/VTC견적서/3 ОБЩЕЖИТИЕ(Dormitory)/3-9 ГСВ(Gas)/bv13450.xls,.xls,101888,True,316,0,BOQ | 가격·견적,
L2023-00053-1,2020-00086,우즈베키스탄,"우즈베키스탄 우르겐치 직업훈련원 건립 및 직업훈련 제도역량 공고화 지원 사업('20-'24/1,400만불)",L2023-00053-1/Urgench VTC Bid Attachment Documents/Urgench VTC Bid Attachment Documents/Section 4.  Bill of Quantities(Not-Priced)/공내역서/VTC견적서/3 ОБЩЕЖИТИЕ(Dormitory)/СВОДКА ОБЩЕЖИТИЕ o.xls,.xls,41984,True,21,0,BOQ | 가격·견적,
L2023-00053-1,2020-00086,우즈베키스탄,"우즈베키스탄 우르겐치 직업훈련원 건립 및 직업훈련 제도역량 공고화 지원 사업('20-'24/1,400만불)",L2023-00053-1/Urgench VTC Bid Attachment Documents/Urgench VTC Bid Attachment Documents/Section 4.  Bill of Quantities(Not-Priced)/공내역서/VTC견적서/4 БУФЕТ(Cafeteria)/4-1 КЖ(Structure)/13003_vfor.xls,.xls,50688,True,78,0,BOQ | 가격·견적,
L2023-00053-1,2020-00086,우즈베키스탄,"우즈베키스탄 우르겐치 직업훈련원 건립 및 직업훈련 제도역량 공고화 지원 사업('20-'24/1,400만불)",L2023-00053-1/Urgench VTC Bid Attachment Documents/Urgench VTC Bid Attachment Documents/Section 4.  Bill of Quantities(Not-Priced)/공내역서/VTC견적서/4 БУФЕТ(Cafeteria)/4-1 КЖ(Structure)/13003_vrmu.xls,.xls,62464,True,127,0,BOQ | 가격·견적,
L2023-00053-1,2020-00086,우즈베키스탄,"우즈베키스탄 우르겐치 직업훈련원 건립 및 직업훈련 제도역량 공고화 지원 사업('20-'24/1,400만불)",L2023-00053-1/Urgench VTC Bid Attachment Documents/Urgench VTC Bid Attachment Documents/Section 4.  Bill of Quantities(Not-Priced)/공내역서/VTC견적서/4 БУФЕТ(Cafeteria)/4-1 КЖ(Structure)/bv13000.xls,.xls,156672,True,673,0,BOQ | 가격·견적,
L2023-00053-1,2020-00086,우즈베키스탄,"우즈베키스탄 우르겐치 직업훈련원 건립 및 직업훈련 제도역량 공고화 지원 사업('20-'24/1,400만불)",L2023-00053-1/Urgench VTC Bid Attachment Documents/Urgench VTC Bid Attachment Documents/Section 4.  Bill of Quantities(Not-Priced)/공내역서/VTC견적서/4 БУФЕТ(Cafeteria)/4-2 АР(Architecture)/13173_vfor.xls,.xls,46080,True,40,0,BOQ | 가격·견적,
L2023-00053-1,2020-00086,우즈베키스탄,"우즈베키스탄 우르겐치 직업훈련원 건립 및 직업훈련 제도역량 공고화 지원 사업('20-'24/1,400만불)",L2023-00053-1/Urgench VTC Bid Attachment Documents/Urgench VTC Bid Attachment Documents/Section 4.  Bill of Quantities(Not-Priced)/공내역서/VTC견적서/4 БУФЕТ(Cafeteria)/4-2 АР(Architecture)/13173_vrmu.xls,.xls,57344,True,121,0,BOQ | 가격·견적,
L2023-00053-1,2020-00086,우즈베키스탄,"우즈베키스탄 우르겐치 직업훈련원 건립 및 직업훈련 제도역량 공고화 지원 사업('20-'24/1,400만불)",L2023-00053-1/Urgench VTC Bid Attachment Documents/Urgench VTC Bid Attachment Documents/Section 4.  Bill of Quantities(Not-Priced)/공내역서/VTC견적서/4 БУФЕТ(Cafeteria)/4-2 АР(Architecture)/bv13170.xls,.xls,115200,True,396,0,BOQ | 가격·견적,
L2023-00053-1,2020-00086,우즈베키스탄,"우즈베키스탄 우르겐치 직업훈련원 건립 및 직업훈련 제도역량 공고화 지원 사업('20-'24/1,400만불)",L2023-00053-1/Urgench VTC Bid Attachment Documents/Urgench VTC Bid Attachment Documents/Section 4.  Bill of Quantities(Not-Priced)/공내역서/VTC견적서/4 БУФЕТ(Cafeteria)/4-3 ОВ(Heating & Ventilation)/13573_vfor.xls,.xls,51200,True,75,0,BOQ | 가격·견적,
L2023-00053-1,2020-00086,우즈베키스탄,"우즈베키스탄 우르겐치 직업훈련원 건립 및 직업훈련 제도역량 공고화 지원 사업('20-'24/1,400만불)",L2023-00053-1/Urgench VTC Bid Attachment Documents/Urgench VTC Bid Attachment Documents/Section 4.  Bill of Quantities(Not-Priced)/공내역서/VTC견적서/4 БУФЕТ(Cafeteria)/4-3 ОВ(Heating & Ventilation)/13573_vrmu.xls,.xls,60928,True,128,0,BOQ | 가격·견적,
L2023-00053-1,2020-00086,우즈베키스탄,"우즈베키스탄 우르겐치 직업훈련원 건립 및 직업훈련 제도역량 공고화 지원 사업('20-'24/1,400만불)",L2023-00053-1/Urgench VTC Bid Attachment Documents/Urgench VTC Bid Attachment Documents/Section 4.  Bill of Quantities(Not-Priced)/공내역서/VTC견적서/4 БУФЕТ(Cafeteria)/4-3 ОВ(Heating & Ventilation)/bv13570.xls,.xls,122368,True,471,0,BOQ | 가격·견적,
L2023-00053-1,2020-00086,우즈베키스탄,"우즈베키스탄 우르겐치 직업훈련원 건립 및 직업훈련 제도역량 공고화 지원 사업('20-'24/1,400만불)",L2023-00053-1/Urgench VTC Bid Attachment Documents/Urgench VTC Bid Attachment Documents/Section 4.  Bill of Quantities(Not-Priced)/공내역서/VTC견적서/4 БУФЕТ(Cafeteria)/4-4 ВК(Water & Sewer & Fireplug)/13143_vfor.xls,.xls,44544,True,47,0,BOQ | 가격·견적,
L2023-00053-1,2020-00086,우즈베키스탄,"우즈베키스탄 우르겐치 직업훈련원 건립 및 직업훈련 제도역량 공고화 지원 사업('20-'24/1,400만불)",L2023-00053-1/Urgench VTC Bid Attachment Documents/Urgench VTC Bid Attachment Documents/Section 4.  Bill of Quantities(Not-Priced)/공내역서/VTC견적서/4 БУФЕТ(Cafeteria)/4-4 ВК(Water & Sewer & Fireplug)/13143_vrmu.xls,.xls,58880,True,119,0,BOQ | 가격·견적,
L2023-00053-1,2020-00086,우즈베키스탄,"우즈베키스탄 우르겐치 직업훈련원 건립 및 직업훈련 제도역량 공고화 지원 사업('20-'24/1,400만불)",L2023-00053-1/Urgench VTC Bid Attachment Documents/Urgench VTC Bid Attachment Documents/Section 4.  Bill of Quantities(Not-Priced)/공내역서/VTC견적서/4 БУФЕТ(Cafeteria)/4-4 ВК(Water & Sewer & Fireplug)/bv13140.xls,.xls,101376,True,321,0,BOQ | 가격·견적,
L2023-00053-1,2020-00086,우즈베키스탄,"우즈베키스탄 우르겐치 직업훈련원 건립 및 직업훈련 제도역량 공고화 지원 사업('20-'24/1,400만불)",L2023-00053-1/Urgench VTC Bid Attachment Documents/Urgench VTC Bid Attachment Documents/Section 4.  Bill of Quantities(Not-Priced)/공내역서/VTC견적서/4 БУФЕТ(Cafeteria)/4-5 ЭО(Electric)/13383_vfor.xls,.xls,52736,True,57,0,BOQ | 가격·견적,
L2023-00053-1,2020-00086,우즈베키스탄,"우즈베키스탄 우르겐치 직업훈련원 건립 및 직업훈련 제도역량 공고화 지원 사업('20-'24/1,400만불)",L2023-00053-1/Urgench VTC Bid Attachment Documents/Urgench VTC Bid Attachment Documents/Section 4.  Bill of Quantities(Not-Priced)/공내역서/VTC견적서/4 БУФЕТ(Cafeteria)/4-5 ЭО(Electric)/13383_vrmu.xls,.xls,60416,True,112,0,BOQ | 가격·견적,
L2023-00053-1,2020-00086,우즈베키스탄,"우즈베키스탄 우르겐치 직업훈련원 건립 및 직업훈련 제도역량 공고화 지원 사업('20-'24/1,400만불)",L2023-00053-1/Urgench VTC Bid Attachment Documents/Urgench VTC Bid Attachment Documents/Section 4.  Bill of Quantities(Not-Priced)/공내역서/VTC견적서/4 БУФЕТ(Cafeteria)/4-5 ЭО(Electric)/bv13380.xls,.xls,105984,True,339,0,BOQ | 가격·견적,
L2023-00053-1,2020-00086,우즈베키스탄,"우즈베키스탄 우르겐치 직업훈련원 건립 및 직업훈련 제도역량 공고화 지원 사업('20-'24/1,400만불)",L2023-00053-1/Urgench VTC Bid Attachment Documents/Urgench VTC Bid Attachment Documents/Section 4.  Bill of Quantities(Not-Priced)/공내역서/VTC견적서/4 БУФЕТ(Cafeteria)/4-6 ПС(Fire Alarm)/13313_vfor.xls,.xls,40960,True,32,0,BOQ | 가격·견적,
L2023-00053-1,2020-00086,우즈베키스탄,"우즈베키스탄 우르겐치 직업훈련원 건립 및 직업훈련 제도역량 공고화 지원 사업('20-'24/1,400만불)",L2023-00053-1/Urgench VTC Bid Attachment Documents/Urgench VTC Bid Attachment Documents/Section 4.  Bill of Quantities(Not-Priced)/공내역서/VTC견적서/4 БУФЕТ(Cafeteria)/4-6 ПС(Fire Alarm)/13313_vrmu.xls,.xls,46080,True,75,0,BOQ | 가격·견적,
L2023-00053-1,2020-00086,우즈베키스탄,"우즈베키스탄 우르겐치 직업훈련원 건립 및 직업훈련 제도역량 공고화 지원 사업('20-'24/1,400만불)",L2023-00053-1/Urgench VTC Bid Attachment Documents/Urgench VTC Bid Attachment Documents/Section 4.  Bill of Quantities(Not-Priced)/공내역서/VTC견적서/4 БУФЕТ(Cafeteria)/4-6 ПС(Fire Alarm)/bv13310.xls,.xls,69120,True,147,0,BOQ | 가격·견적,
L2023-00053-1,2020-00086,우즈베키스탄,"우즈베키스탄 우르겐치 직업훈련원 건립 및 직업훈련 제도역량 공고화 지원 사업('20-'24/1,400만불)","L2023-00053-1/Urgench VTC Bid Attachment Documents/Urgench VTC Bid Attachment Documents/Section 4.  Bill of Quantities(Not-Priced)/공내역서/VTC견적서/4 БУФЕТ(Cafeteria)/4-7 ВН, СКС(CCTV & Network)/13323_vfor.xls",.xls,47616,True,59,0,BOQ | 가격·견적,
L2023-00053-1,2020-00086,우즈베키스탄,"우즈베키스탄 우르겐치 직업훈련원 건립 및 직업훈련 제도역량 공고화 지원 사업('20-'24/1,400만불)","L2023-00053-1/Urgench VTC Bid Attachment Documents/Urgench VTC Bid Attachment Documents/Section 4.  Bill of Quantities(Not-Priced)/공내역서/VTC견적서/4 БУФЕТ(Cafeteria)/4-7 ВН, СКС(CCTV & Network)/13323_vrmu.xls",.xls,56832,True,114,0,BOQ | 가격·견적,
L2023-00053-1,2020-00086,우즈베키스탄,"우즈베키스탄 우르겐치 직업훈련원 건립 및 직업훈련 제도역량 공고화 지원 사업('20-'24/1,400만불)","L2023-00053-1/Urgench VTC Bid Attachment Documents/Urgench VTC Bid Attachment Documents/Section 4.  Bill of Quantities(Not-Priced)/공내역서/VTC견적서/4 БУФЕТ(Cafeteria)/4-7 ВН, СКС(CCTV & Network)/bv13320.xls",.xls,87040,True,268,0,BOQ | 가격·견적,
L2023-00053-1,2020-00086,우즈베키스탄,"우즈베키스탄 우르겐치 직업훈련원 건립 및 직업훈련 제도역량 공고화 지원 사업('20-'24/1,400만불)",L2023-00053-1/Urgench VTC Bid Attachment Documents/Urgench VTC Bid Attachment Documents/Section 4.  Bill of Quantities(Not-Priced)/공내역서/VTC견적서/4 БУФЕТ(Cafeteria)/4-8 ГСВ(Gas)/13473_vfor.xls,.xls,43008,True,30,0,BOQ | 가격·견적,
L2023-00053-1,2020-00086,우즈베키스탄,"우즈베키스탄 우르겐치 직업훈련원 건립 및 직업훈련 제도역량 공고화 지원 사업('20-'24/1,400만불)",L2023-00053-1/Urgench VTC Bid Attachment Documents/Urgench VTC Bid Attachment Documents/Section 4.  Bill of Quantities(Not-Priced)/공내역서/VTC견적서/4 БУФЕТ(Cafeteria)/4-8 ГСВ(Gas)/13473_vrmu.xls,.xls,51712,True,85,0,BOQ | 가격·견적,
L2023-00053-1,2020-00086,우즈베키스탄,"우즈베키스탄 우르겐치 직업훈련원 건립 및 직업훈련 제도역량 공고화 지원 사업('20-'24/1,400만불)",L2023-00053-1/Urgench VTC Bid Attachment Documents/Urgench VTC Bid Attachment Documents/Section 4.  Bill of Quantities(Not-Priced)/공내역서/VTC견적서/4 БУФЕТ(Cafeteria)/4-8 ГСВ(Gas)/bv13470.xls,.xls,86528,True,236,0,BOQ | 가격·견적,
L2023-00053-1,2020-00086,우즈베키스탄,"우즈베키스탄 우르겐치 직업훈련원 건립 및 직업훈련 제도역량 공고화 지원 사업('20-'24/1,400만불)",L2023-00053-1/Urgench VTC Bid Attachment Documents/Urgench VTC Bid Attachment Documents/Section 4.  Bill of Quantities(Not-Priced)/공내역서/VTC견적서/4 БУФЕТ(Cafeteria)/4-9 ТХ/13743_vfor.xls,.xls,33280,True,23,0,BOQ | 가격·견적,
L2023-00053-1,2020-00086,우즈베키스탄,"우즈베키스탄 우르겐치 직업훈련원 건립 및 직업훈련 제도역량 공고화 지원 사업('20-'24/1,400만불)",L2023-00053-1/Urgench VTC Bid Attachment Documents/Urgench VTC Bid Attachment Documents/Section 4.  Bill of Quantities(Not-Priced)/공내역서/VTC견적서/4 БУФЕТ(Cafeteria)/4-9 ТХ/13743_vrmu.xls,.xls,44032,True,56,0,BOQ | 가격·견적,
L2023-00053-1,2020-00086,우즈베키스탄,"우즈베키스탄 우르겐치 직업훈련원 건립 및 직업훈련 제도역량 공고화 지원 사업('20-'24/1,400만불)",L2023-00053-1/Urgench VTC Bid Attachment Documents/Urgench VTC Bid Attachment Documents/Section 4.  Bill of Quantities(Not-Priced)/공내역서/VTC견적서/4 БУФЕТ(Cafeteria)/4-9 ТХ/bv13740.xls,.xls,45056,True,72,0,BOQ | 가격·견적,
L2023-00053-1,2020-00086,우즈베키스탄,"우즈베키스탄 우르겐치 직업훈련원 건립 및 직업훈련 제도역량 공고화 지원 사업('20-'24/1,400만불)",L2023-00053-1/Urgench VTC Bid Attachment Documents/Urgench VTC Bid Attachment Documents/Section 4.  Bill of Quantities(Not-Priced)/공내역서/VTC견적서/4 БУФЕТ(Cafeteria)/СВОДКА БУФЕТ o.xls,.xls,41984,True,21,0,BOQ | 가격·견적,
L2023-00053-1,2020-00086,우즈베키스탄,"우즈베키스탄 우르겐치 직업훈련원 건립 및 직업훈련 제도역량 공고화 지원 사업('20-'24/1,400만불)",L2023-00053-1/Urgench VTC Bid Attachment Documents/Urgench VTC Bid Attachment Documents/Section 4.  Bill of Quantities(Not-Priced)/공내역서/VTC견적서/4 БУФЕТ(Cafeteria)/Титул  ТОМ V.doc,.doc,31232,True,18,0,BOQ | 가격·견적,
L2023-00053-1,2020-00086,우즈베키스탄,"우즈베키스탄 우르겐치 직업훈련원 건립 및 직업훈련 제도역량 공고화 지원 사업('20-'24/1,400만불)",L2023-00053-1/Urgench VTC Bid Attachment Documents/Urgench VTC Bid Attachment Documents/Section 4.  Bill of Quantities(Not-Priced)/공내역서/VTC견적서/5 МИНИКУХНЯ(Mini Cafe)/5-1 КЖ(Structure)/13043_vfor.xls,.xls,48128,True,95,0,BOQ | 가격·견적,
L2023-00053-1,2020-00086,우즈베키스탄,"우즈베키스탄 우르겐치 직업훈련원 건립 및 직업훈련 제도역량 공고화 지원 사업('20-'24/1,400만불)",L2023-00053-1/Urgench VTC Bid Attachment Documents/Urgench VTC Bid Attachment Documents/Section 4.  Bill of Quantities(Not-Priced)/공내역서/VTC견적서/5 МИНИКУХНЯ(Mini Cafe)/5-1 КЖ(Structure)/13043_vrmu.xls,.xls,64000,True,157,0,BOQ | 가격·견적,
L2023-00053-1,2020-00086,우즈베키스탄,"우즈베키스탄 우르겐치 직업훈련원 건립 및 직업훈련 제도역량 공고화 지원 사업('20-'24/1,400만불)",L2023-00053-1/Urgench VTC Bid Attachment Documents/Urgench VTC Bid Attachment Documents/Section 4.  Bill of Quantities(Not-Priced)/공내역서/VTC견적서/5 МИНИКУХНЯ(Mini Cafe)/5-1 КЖ(Structure)/bv13040.xls,.xls,174592,True,805,0,BOQ | 가격·견적,
L2023-00053-1,2020-00086,우즈베키스탄,"우즈베키스탄 우르겐치 직업훈련원 건립 및 직업훈련 제도역량 공고화 지원 사업('20-'24/1,400만불)",L2023-00053-1/Urgench VTC Bid Attachment Documents/Urgench VTC Bid Attachment Documents/Section 4.  Bill of Quantities(Not-Priced)/공내역서/VTC견적서/5 МИНИКУХНЯ(Mini Cafe)/5-2 АР(Architecture)/13193_vfor.xls,.xls,40960,True,50,0,BOQ | 가격·견적,
L2023-00053-1,2020-00086,우즈베키스탄,"우즈베키스탄 우르겐치 직업훈련원 건립 및 직업훈련 제도역량 공고화 지원 사업('20-'24/1,400만불)",L2023-00053-1/Urgench VTC Bid Attachment Documents/Urgench VTC Bid Attachment Documents/Section 4.  Bill of Quantities(Not-Priced)/공내역서/VTC견적서/5 МИНИКУХНЯ(Mini Cafe)/5-2 АР(Architecture)/13193_vrmu.xls,.xls,59392,True,128,0,BOQ | 가격·견적,
L2023-00053-1,2020-00086,우즈베키스탄,"우즈베키스탄 우르겐치 직업훈련원 건립 및 직업훈련 제도역량 공고화 지원 사업('20-'24/1,400만불)",L2023-00053-1/Urgench VTC Bid Attachment Documents/Urgench VTC Bid Attachment Documents/Section 4.  Bill of Quantities(Not-Priced)/공내역서/VTC견적서/5 МИНИКУХНЯ(Mini Cafe)/5-2 АР(Architecture)/bv13190.xls,.xls,114176,True,431,0,BOQ | 가격·견적,
L2023-00053-1,2020-00086,우즈베키스탄,"우즈베키스탄 우르겐치 직업훈련원 건립 및 직업훈련 제도역량 공고화 지원 사업('20-'24/1,400만불)",L2023-00053-1/Urgench VTC Bid Attachment Documents/Urgench VTC Bid Attachment Documents/Section 4.  Bill of Quantities(Not-Priced)/공내역서/VTC견적서/5 МИНИКУХНЯ(Mini Cafe)/5-3 ОВ(Heating & Ventilation)/13543_vfor.xls,.xls,32768,True,21,0,BOQ | 가격·견적,
L2023-00053-1,2020-00086,우즈베키스탄,"우즈베키스탄 우르겐치 직업훈련원 건립 및 직업훈련 제도역량 공고화 지원 사업('20-'24/1,400만불)",L2023-00053-1/Urgench VTC Bid Attachment Documents/Urgench VTC Bid Attachment Documents/Section 4.  Bill of Quantities(Not-Priced)/공내역서/VTC견적서/5 МИНИКУХНЯ(Mini Cafe)/5-3 ОВ(Heating & Ventilation)/13543_vrmu.xls,.xls,49664,True,72,0,BOQ | 가격·견적,
L2023-00053-1,2020-00086,우즈베키스탄,"우즈베키스탄 우르겐치 직업훈련원 건립 및 직업훈련 제도역량 공고화 지원 사업('20-'24/1,400만불)",L2023-00053-1/Urgench VTC Bid Attachment Documents/Urgench VTC Bid Attachment Documents/Section 4.  Bill of Quantities(Not-Priced)/공내역서/VTC견적서/5 МИНИКУХНЯ(Mini Cafe)/5-3 ОВ(Heating & Ventilation)/bv13540.xls,.xls,65536,True,160,0,BOQ | 가격·견적,
L2023-00053-1,2020-00086,우즈베키스탄,"우즈베키스탄 우르겐치 직업훈련원 건립 및 직업훈련 제도역량 공고화 지원 사업('20-'24/1,400만불)",L2023-00053-1/Urgench VTC Bid Attachment Documents/Urgench VTC Bid Attachment Documents/Section 4.  Bill of Quantities(Not-Priced)/공내역서/VTC견적서/5 МИНИКУХНЯ(Mini Cafe)/5-4 ВК(Water & Sewer & Fireplug)/13153_vfor.xls,.xls,38912,True,61,0,BOQ | 가격·견적,
L2023-00053-1,2020-00086,우즈베키스탄,"우즈베키스탄 우르겐치 직업훈련원 건립 및 직업훈련 제도역량 공고화 지원 사업('20-'24/1,400만불)",L2023-00053-1/Urgench VTC Bid Attachment Documents/Urgench VTC Bid Attachment Documents/Section 4.  Bill of Quantities(Not-Priced)/공내역서/VTC견적서/5 МИНИКУХНЯ(Mini Cafe)/5-4 ВК(Water & Sewer & Fireplug)/13153_vrmu.xls,.xls,55296,True,116,0,BOQ | 가격·견적,
L2023-00053-1,2020-00086,우즈베키스탄,"우즈베키스탄 우르겐치 직업훈련원 건립 및 직업훈련 제도역량 공고화 지원 사업('20-'24/1,400만불)",L2023-00053-1/Urgench VTC Bid Attachment Documents/Urgench VTC Bid Attachment Documents/Section 4.  Bill of Quantities(Not-Priced)/공내역서/VTC견적서/5 МИНИКУХНЯ(Mini Cafe)/5-4 ВК(Water & Sewer & Fireplug)/bv13150.xls,.xls,81920,True,265,0,BOQ | 가격·견적,
L2023-00053-1,2020-00086,우즈베키스탄,"우즈베키스탄 우르겐치 직업훈련원 건립 및 직업훈련 제도역량 공고화 지원 사업('20-'24/1,400만불)",L2023-00053-1/Urgench VTC Bid Attachment Documents/Urgench VTC Bid Attachment Documents/Section 4.  Bill of Quantities(Not-Priced)/공내역서/VTC견적서/5 МИНИКУХНЯ(Mini Cafe)/5-5 ЭО(Electric)/13523_vfor.xls,.xls,38912,True,34,0,BOQ | 가격·견적,
L2023-00053-1,2020-00086,우즈베키스탄,"우즈베키스탄 우르겐치 직업훈련원 건립 및 직업훈련 제도역량 공고화 지원 사업('20-'24/1,400만불)",L2023-00053-1/Urgench VTC Bid Attachment Documents/Urgench VTC Bid Attachment Documents/Section 4.  Bill of Quantities(Not-Priced)/공내역서/VTC견적서/5 МИНИКУХНЯ(Mini Cafe)/5-5 ЭО(Electric)/13523_vrmu.xls,.xls,51712,True,80,0,BOQ | 가격·견적,
L2023-00053-1,2020-00086,우즈베키스탄,"우즈베키스탄 우르겐치 직업훈련원 건립 및 직업훈련 제도역량 공고화 지원 사업('20-'24/1,400만불)",L2023-00053-1/Urgench VTC Bid Attachment Documents/Urgench VTC Bid Attachment Documents/Section 4.  Bill of Quantities(Not-Priced)/공내역서/VTC견적서/5 МИНИКУХНЯ(Mini Cafe)/5-5 ЭО(Electric)/bv13520.xls,.xls,72704,True,189,0,BOQ | 가격·견적,
L2023-00053-1,2020-00086,우즈베키스탄,"우즈베키스탄 우르겐치 직업훈련원 건립 및 직업훈련 제도역량 공고화 지원 사업('20-'24/1,400만불)",L2023-00053-1/Urgench VTC Bid Attachment Documents/Urgench VTC Bid Attachment Documents/Section 4.  Bill of Quantities(Not-Priced)/공내역서/VTC견적서/5 МИНИКУХНЯ(Mini Cafe)/5-6 ПС(Fire Alarm)/13333_vfor.xls,.xls,35328,True,32,0,BOQ | 가격·견적,
L2023-00053-1,2020-00086,우즈베키스탄,"우즈베키스탄 우르겐치 직업훈련원 건립 및 직업훈련 제도역량 공고화 지원 사업('20-'24/1,400만불)",L2023-00053-1/Urgench VTC Bid Attachment Documents/Urgench VTC Bid Attachment Documents/Section 4.  Bill of Quantities(Not-Priced)/공내역서/VTC견적서/5 МИНИКУХНЯ(Mini Cafe)/5-6 ПС(Fire Alarm)/13333_vrmu.xls,.xls,45568,True,75,0,BOQ | 가격·견적,
L2023-00053-1,2020-00086,우즈베키스탄,"우즈베키스탄 우르겐치 직업훈련원 건립 및 직업훈련 제도역량 공고화 지원 사업('20-'24/1,400만불)",L2023-00053-1/Urgench VTC Bid Attachment Documents/Urgench VTC Bid Attachment Documents/Section 4.  Bill of Quantities(Not-Priced)/공내역서/VTC견적서/5 МИНИКУХНЯ(Mini Cafe)/5-6 ПС(Fire Alarm)/bv13330.xls,.xls,62976,True,147,0,BOQ | 가격·견적,
L2023-00053-1,2020-00086,우즈베키스탄,"우즈베키스탄 우르겐치 직업훈련원 건립 및 직업훈련 제도역량 공고화 지원 사업('20-'24/1,400만불)","L2023-00053-1/Urgench VTC Bid Attachment Documents/Urgench VTC Bid Attachment Documents/Section 4.  Bill of Quantities(Not-Priced)/공내역서/VTC견적서/5 МИНИКУХНЯ(Mini Cafe)/5-7 ВН, СКС(CCTV & Network)/13343_vfor.xls",.xls,42496,True,59,0,BOQ | 가격·견적,
L2023-00053-1,2020-00086,우즈베키스탄,"우즈베키스탄 우르겐치 직업훈련원 건립 및 직업훈련 제도역량 공고화 지원 사업('20-'24/1,400만불)","L2023-00053-1/Urgench VTC Bid Attachment Documents/Urgench VTC Bid Attachment Documents/Section 4.  Bill of Quantities(Not-Priced)/공내역서/VTC견적서/5 МИНИКУХНЯ(Mini Cafe)/5-7 ВН, СКС(CCTV & Network)/13343_vrmu.xls",.xls,57344,True,116,0,BOQ | 가격·견적,
L2023-00053-1,2020-00086,우즈베키스탄,"우즈베키스탄 우르겐치 직업훈련원 건립 및 직업훈련 제도역량 공고화 지원 사업('20-'24/1,400만불)","L2023-00053-1/Urgench VTC Bid Attachment Documents/Urgench VTC Bid Attachment Documents/Section 4.  Bill of Quantities(Not-Priced)/공내역서/VTC견적서/5 МИНИКУХНЯ(Mini Cafe)/5-7 ВН, СКС(CCTV & Network)/bv13340.xls",.xls,87552,True,271,0,BOQ | 가격·견적,
L2023-00053-1,2020-00086,우즈베키스탄,"우즈베키스탄 우르겐치 직업훈련원 건립 및 직업훈련 제도역량 공고화 지원 사업('20-'24/1,400만불)",L2023-00053-1/Urgench VTC Bid Attachment Documents/Urgench VTC Bid Attachment Documents/Section 4.  Bill of Quantities(Not-Priced)/공내역서/VTC견적서/5 МИНИКУХНЯ(Mini Cafe)/СВОДКА МИНИ-КУХНЯ o.xls,.xls,40448,True,19,0,BOQ | 가격·견적,
L2023-00053-1,2020-00086,우즈베키스탄,"우즈베키스탄 우르겐치 직업훈련원 건립 및 직업훈련 제도역량 공고화 지원 사업('20-'24/1,400만불)",L2023-00053-1/Urgench VTC Bid Attachment Documents/Urgench VTC Bid Attachment Documents/Section 4.  Bill of Quantities(Not-Priced)/공내역서/VTC견적서/5 МИНИКУХНЯ(Mini Cafe)/Титул  ТОМ VI.doc,.doc,31232,True,18,0,BOQ | 가격·견적,
L2023-00053-1,2020-00086,우즈베키스탄,"우즈베키스탄 우르겐치 직업훈련원 건립 및 직업훈련 제도역량 공고화 지원 사업('20-'24/1,400만불)",L2023-00053-1/Urgench VTC Bid Attachment Documents/Urgench VTC Bid Attachment Documents/Section 4.  Bill of Quantities(Not-Priced)/공내역서/VTC견적서/6 КПП(Guard House+Fence & Gate)/6-1 КЖ(Structure)/13053_vfor.xls,.xls,57856,True,89,0,BOQ | 가격·견적,
L2023-00053-1,2020-00086,우즈베키스탄,"우즈베키스탄 우르겐치 직업훈련원 건립 및 직업훈련 제도역량 공고화 지원 사업('20-'24/1,400만불)",L2023-00053-1/Urgench VTC Bid Attachment Documents/Urgench VTC Bid Attachment Documents/Section 4.  Bill of Quantities(Not-Priced)/공내역서/VTC견적서/6 КПП(Guard House+Fence & Gate)/6-1 КЖ(Structure)/13053_vrmu.xls,.xls,72704,True,146,0,BOQ | 가격·견적,
L2023-00053-1,2020-00086,우즈베키스탄,"우즈베키스탄 우르겐치 직업훈련원 건립 및 직업훈련 제도역량 공고화 지원 사업('20-'24/1,400만불)",L2023-00053-1/Urgench VTC Bid Attachment Documents/Urgench VTC Bid Attachment Documents/Section 4.  Bill of Quantities(Not-Priced)/공내역서/VTC견적서/6 КПП(Guard House+Fence & Gate)/6-1 КЖ(Structure)/bv13050.xls,.xls,186368,True,735,0,BOQ | 가격·견적,
L2023-00053-1,2020-00086,우즈베키스탄,"우즈베키스탄 우르겐치 직업훈련원 건립 및 직업훈련 제도역량 공고화 지원 사업('20-'24/1,400만불)",L2023-00053-1/Urgench VTC Bid Attachment Documents/Urgench VTC Bid Attachment Documents/Section 4.  Bill of Quantities(Not-Priced)/공내역서/VTC견적서/6 КПП(Guard House+Fence & Gate)/6-2 АР(Architecture)/13203_vfor.xls,.xls,48640,True,54,0,BOQ | 가격·견적,
L2023-00053-1,2020-00086,우즈베키스탄,"우즈베키스탄 우르겐치 직업훈련원 건립 및 직업훈련 제도역량 공고화 지원 사업('20-'24/1,400만불)",L2023-00053-1/Urgench VTC Bid Attachment Documents/Urgench VTC Bid Attachment Documents/Section 4.  Bill of Quantities(Not-Priced)/공내역서/VTC견적서/6 КПП(Guard House+Fence & Gate)/6-2 АР(Architecture)/13203_vrmu.xls,.xls,61440,True,136,0,BOQ | 가격·견적,
L2023-00053-1,2020-00086,우즈베키스탄,"우즈베키스탄 우르겐치 직업훈련원 건립 및 직업훈련 제도역량 공고화 지원 사업('20-'24/1,400만불)",L2023-00053-1/Urgench VTC Bid Attachment Documents/Urgench VTC Bid Attachment Documents/Section 4.  Bill of Quantities(Not-Priced)/공내역서/VTC견적서/6 КПП(Guard House+Fence & Gate)/6-2 АР(Architecture)/bv13200.xls,.xls,129024,True,479,0,BOQ | 가격·견적,
L2023-00053-1,2020-00086,우즈베키스탄,"우즈베키스탄 우르겐치 직업훈련원 건립 및 직업훈련 제도역량 공고화 지원 사업('20-'24/1,400만불)",L2023-00053-1/Urgench VTC Bid Attachment Documents/Urgench VTC Bid Attachment Documents/Section 4.  Bill of Quantities(Not-Priced)/공내역서/VTC견적서/6 КПП(Guard House+Fence & Gate)/6-3 ОВ(Heating & Ventilation)/13553_vfor.xls,.xls,39424,True,16,0,BOQ | 가격·견적,
L2023-00053-1,2020-00086,우즈베키스탄,"우즈베키스탄 우르겐치 직업훈련원 건립 및 직업훈련 제도역량 공고화 지원 사업('20-'24/1,400만불)",L2023-00053-1/Urgench VTC Bid Attachment Documents/Urgench VTC Bid Attachment Documents/Section 4.  Bill of Quantities(Not-Priced)/공내역서/VTC견적서/6 КПП(Guard House+Fence & Gate)/6-3 ОВ(Heating & Ventilation)/13553_vrmu.xls,.xls,47104,True,70,0,BOQ | 가격·견적,
L2023-00053-1,2020-00086,우즈베키스탄,"우즈베키스탄 우르겐치 직업훈련원 건립 및 직업훈련 제도역량 공고화 지원 사업('20-'24/1,400만불)",L2023-00053-1/Urgench VTC Bid Attachment Documents/Urgench VTC Bid Attachment Documents/Section 4.  Bill of Quantities(Not-Priced)/공내역서/VTC견적서/6 КПП(Guard House+Fence & Gate)/6-3 ОВ(Heating & Ventilation)/bv13550.xls,.xls,64000,True,113,0,BOQ | 가격·견적,
L2023-00053-1,2020-00086,우즈베키스탄,"우즈베키스탄 우르겐치 직업훈련원 건립 및 직업훈련 제도역량 공고화 지원 사업('20-'24/1,400만불)",L2023-00053-1/Urgench VTC Bid Attachment Documents/Urgench VTC Bid Attachment Documents/Section 4.  Bill of Quantities(Not-Priced)/공내역서/VTC견적서/6 КПП(Guard House+Fence & Gate)/6-4 ВК(Water & Sewer & Fire plug)/13163_vfor.xls,.xls,42496,True,40,0,BOQ | 가격·견적,
L2023-00053-1,2020-00086,우즈베키스탄,"우즈베키스탄 우르겐치 직업훈련원 건립 및 직업훈련 제도역량 공고화 지원 사업('20-'24/1,400만불)",L2023-00053-1/Urgench VTC Bid Attachment Documents/Urgench VTC Bid Attachment Documents/Section 4.  Bill of Quantities(Not-Priced)/공내역서/VTC견적서/6 КПП(Guard House+Fence & Gate)/6-4 ВК(Water & Sewer & Fire plug)/13163_vrmu.xls,.xls,51712,True,96,0,BOQ | 가격·견적,
L2023-00053-1,2020-00086,우즈베키스탄,"우즈베키스탄 우르겐치 직업훈련원 건립 및 직업훈련 제도역량 공고화 지원 사업('20-'24/1,400만불)",L2023-00053-1/Urgench VTC Bid Attachment Documents/Urgench VTC Bid Attachment Documents/Section 4.  Bill of Quantities(Not-Priced)/공내역서/VTC견적서/6 КПП(Guard House+Fence & Gate)/6-4 ВК(Water & Sewer & Fire plug)/bv13160.xls,.xls,81408,True,210,0,BOQ | 가격·견적,
L2023-00053-1,2020-00086,우즈베키스탄,"우즈베키스탄 우르겐치 직업훈련원 건립 및 직업훈련 제도역량 공고화 지원 사업('20-'24/1,400만불)",L2023-00053-1/Urgench VTC Bid Attachment Documents/Urgench VTC Bid Attachment Documents/Section 4.  Bill of Quantities(Not-Priced)/공내역서/VTC견적서/6 КПП(Guard House+Fence & Gate)/6-5 ЭО(Electric)/13533_vfor.xls,.xls,45568,True,34,0,BOQ | 가격·견적,
L2023-00053-1,2020-00086,우즈베키스탄,"우즈베키스탄 우르겐치 직업훈련원 건립 및 직업훈련 제도역량 공고화 지원 사업('20-'24/1,400만불)",L2023-00053-1/Urgench VTC Bid Attachment Documents/Urgench VTC Bid Attachment Documents/Section 4.  Bill of Quantities(Not-Priced)/공내역서/VTC견적서/6 КПП(Guard House+Fence & Gate)/6-5 ЭО(Electric)/13533_vrmu.xls,.xls,51712,True,80,0,BOQ | 가격·견적,
L2023-00053-1,2020-00086,우즈베키스탄,"우즈베키스탄 우르겐치 직업훈련원 건립 및 직업훈련 제도역량 공고화 지원 사업('20-'24/1,400만불)",L2023-00053-1/Urgench VTC Bid Attachment Documents/Urgench VTC Bid Attachment Documents/Section 4.  Bill of Quantities(Not-Priced)/공내역서/VTC견적서/6 КПП(Guard House+Fence & Gate)/6-5 ЭО(Electric)/bv13530.xls,.xls,77824,True,190,0,BOQ | 가격·견적,
L2023-00053-1,2020-00086,우즈베키스탄,"우즈베키스탄 우르겐치 직업훈련원 건립 및 직업훈련 제도역량 공고화 지원 사업('20-'24/1,400만불)",L2023-00053-1/Urgench VTC Bid Attachment Documents/Urgench VTC Bid Attachment Documents/Section 4.  Bill of Quantities(Not-Priced)/공내역서/VTC견적서/6 КПП(Guard House+Fence & Gate)/6-6 ПС(Fire Alarm)/13353_vfor.xls,.xls,39936,True,32,0,BOQ | 가격·견적,
L2023-00053-1,2020-00086,우즈베키스탄,"우즈베키스탄 우르겐치 직업훈련원 건립 및 직업훈련 제도역량 공고화 지원 사업('20-'24/1,400만불)",L2023-00053-1/Urgench VTC Bid Attachment Documents/Urgench VTC Bid Attachment Documents/Section 4.  Bill of Quantities(Not-Priced)/공내역서/VTC견적서/6 КПП(Guard House+Fence & Gate)/6-6 ПС(Fire Alarm)/13353_vrmu.xls,.xls,45568,True,74,0,BOQ | 가격·견적,
L2023-00053-1,2020-00086,우즈베키스탄,"우즈베키스탄 우르겐치 직업훈련원 건립 및 직업훈련 제도역량 공고화 지원 사업('20-'24/1,400만불)",L2023-00053-1/Urgench VTC Bid Attachment Documents/Urgench VTC Bid Attachment Documents/Section 4.  Bill of Quantities(Not-Priced)/공내역서/VTC견적서/6 КПП(Guard House+Fence & Gate)/6-6 ПС(Fire Alarm)/bv13350.xls,.xls,68608,True,146,0,BOQ | 가격·견적,
L2023-00053-1,2020-00086,우즈베키스탄,"우즈베키스탄 우르겐치 직업훈련원 건립 및 직업훈련 제도역량 공고화 지원 사업('20-'24/1,400만불)","L2023-00053-1/Urgench VTC Bid Attachment Documents/Urgench VTC Bid Attachment Documents/Section 4.  Bill of Quantities(Not-Priced)/공내역서/VTC견적서/6 КПП(Guard House+Fence & Gate)/6-7 ВН, СКС(CCTV & Network)/13363_vfor.xls",.xls,48128,True,52,0,BOQ | 가격·견적,
L2023-00053-1,2020-00086,우즈베키스탄,"우즈베키스탄 우르겐치 직업훈련원 건립 및 직업훈련 제도역량 공고화 지원 사업('20-'24/1,400만불)","L2023-00053-1/Urgench VTC Bid Attachment Documents/Urgench VTC Bid Attachment Documents/Section 4.  Bill of Quantities(Not-Priced)/공내역서/VTC견적서/6 КПП(Guard House+Fence & Gate)/6-7 ВН, СКС(CCTV & Network)/13363_vrmu.xls",.xls,57344,True,108,0,BOQ | 가격·견적,
L2023-00053-1,2020-00086,우즈베키스탄,"우즈베키스탄 우르겐치 직업훈련원 건립 및 직업훈련 제도역량 공고화 지원 사업('20-'24/1,400만불)","L2023-00053-1/Urgench VTC Bid Attachment Documents/Urgench VTC Bid Attachment Documents/Section 4.  Bill of Quantities(Not-Priced)/공내역서/VTC견적서/6 КПП(Guard House+Fence & Gate)/6-7 ВН, СКС(CCTV & Network)/bv13360.xls",.xls,88576,True,250,0,BOQ | 가격·견적,
L2023-00053-1,2020-00086,우즈베키스탄,"우즈베키스탄 우르겐치 직업훈련원 건립 및 직업훈련 제도역량 공고화 지원 사업('20-'24/1,400만불)",L2023-00053-1/Urgench VTC Bid Attachment Documents/Urgench VTC Bid Attachment Documents/Section 4.  Bill of Quantities(Not-Priced)/공내역서/VTC견적서/6 КПП(Guard House+Fence & Gate)/СВОДКА КПП o.xls,.xls,39936,True,19,0,BOQ | 가격·견적,
L2023-00053-1,2020-00086,우즈베키스탄,"우즈베키스탄 우르겐치 직업훈련원 건립 및 직업훈련 제도역량 공고화 지원 사업('20-'24/1,400만불)",L2023-00053-1/Urgench VTC Bid Attachment Documents/Urgench VTC Bid Attachment Documents/Section 4.  Bill of Quantities(Not-Priced)/공내역서/VTC견적서/6 КПП(Guard House+Fence & Gate)/Титул  ТОМ VII.doc,.doc,31232,True,18,0,BOQ | 가격·견적,
L2023-00053-1,2020-00086,우즈베키스탄,"우즈베키스탄 우르겐치 직업훈련원 건립 및 직업훈련 제도역량 공고화 지원 사업('20-'24/1,400만불)",L2023-00053-1/Urgench VTC Bid Attachment Documents/Urgench VTC Bid Attachment Documents/Section 4.  Bill of Quantities(Not-Priced)/공내역서/VTC견적서/7 КОМПРЕССОРАНЯ(Comp.+GAS storage)/7-1 КЖ(Structure)/13073_vfor.xls,.xls,45056,True,49,0,BOQ | 가격·견적,
L2023-00053-1,2020-00086,우즈베키스탄,"우즈베키스탄 우르겐치 직업훈련원 건립 및 직업훈련 제도역량 공고화 지원 사업('20-'24/1,400만불)",L2023-00053-1/Urgench VTC Bid Attachment Documents/Urgench VTC Bid Attachment Documents/Section 4.  Bill of Quantities(Not-Priced)/공내역서/VTC견적서/7 КОМПРЕССОРАНЯ(Comp.+GAS storage)/7-1 КЖ(Structure)/13073_vrmu.xls,.xls,57344,True,109,0,BOQ | 가격·견적,
L2023-00053-1,2020-00086,우즈베키스탄,"우즈베키스탄 우르겐치 직업훈련원 건립 및 직업훈련 제도역량 공고화 지원 사업('20-'24/1,400만불)",L2023-00053-1/Urgench VTC Bid Attachment Documents/Urgench VTC Bid Attachment Documents/Section 4.  Bill of Quantities(Not-Priced)/공내역서/VTC견적서/7 КОМПРЕССОРАНЯ(Comp.+GAS storage)/7-1 КЖ(Structure)/bv13070.xls,.xls,126464,True,488,0,BOQ | 가격·견적,
L2023-00053-1,2020-00086,우즈베키스탄,"우즈베키스탄 우르겐치 직업훈련원 건립 및 직업훈련 제도역량 공고화 지원 사업('20-'24/1,400만불)",L2023-00053-1/Urgench VTC Bid Attachment Documents/Urgench VTC Bid Attachment Documents/Section 4.  Bill of Quantities(Not-Priced)/공내역서/VTC견적서/7 КОМПРЕССОРАНЯ(Comp.+GAS storage)/7-2 АР(Architecture)/13083_vfor.xls,.xls,37888,True,17,0,BOQ | 가격·견적,
L2023-00053-1,2020-00086,우즈베키스탄,"우즈베키스탄 우르겐치 직업훈련원 건립 및 직업훈련 제도역량 공고화 지원 사업('20-'24/1,400만불)",L2023-00053-1/Urgench VTC Bid Attachment Documents/Urgench VTC Bid Attachment Documents/Section 4.  Bill of Quantities(Not-Priced)/공내역서/VTC견적서/7 КОМПРЕССОРАНЯ(Comp.+GAS storage)/7-2 АР(Architecture)/13083_vrmu.xls,.xls,48128,True,72,0,BOQ | 가격·견적,
L2023-00053-1,2020-00086,우즈베키스탄,"우즈베키스탄 우르겐치 직업훈련원 건립 및 직업훈련 제도역량 공고화 지원 사업('20-'24/1,400만불)",L2023-00053-1/Urgench VTC Bid Attachment Documents/Urgench VTC Bid Attachment Documents/Section 4.  Bill of Quantities(Not-Priced)/공내역서/VTC견적서/7 КОМПРЕССОРАНЯ(Comp.+GAS storage)/7-2 АР(Architecture)/bv13080.xls,.xls,76800,True,178,0,BOQ | 가격·견적,
L2023-00053-1,2020-00086,우즈베키스탄,"우즈베키스탄 우르겐치 직업훈련원 건립 및 직업훈련 제도역량 공고화 지원 사업('20-'24/1,400만불)",L2023-00053-1/Urgench VTC Bid Attachment Documents/Urgench VTC Bid Attachment Documents/Section 4.  Bill of Quantities(Not-Priced)/공내역서/VTC견적서/7 КОМПРЕССОРАНЯ(Comp.+GAS storage)/7-3 ЭО(Electric)/13503_vfor.xls,.xls,44544,True,30,0,BOQ | 가격·견적,
L2023-00053-1,2020-00086,우즈베키스탄,"우즈베키스탄 우르겐치 직업훈련원 건립 및 직업훈련 제도역량 공고화 지원 사업('20-'24/1,400만불)",L2023-00053-1/Urgench VTC Bid Attachment Documents/Urgench VTC Bid Attachment Documents/Section 4.  Bill of Quantities(Not-Priced)/공내역서/VTC견적서/7 КОМПРЕССОРАНЯ(Comp.+GAS storage)/7-3 ЭО(Electric)/13503_vrmu.xls,.xls,51200,True,80,0,BOQ | 가격·견적,
L2023-00053-1,2020-00086,우즈베키스탄,"우즈베키스탄 우르겐치 직업훈련원 건립 및 직업훈련 제도역량 공고화 지원 사업('20-'24/1,400만불)",L2023-00053-1/Urgench VTC Bid Attachment Documents/Urgench VTC Bid Attachment Documents/Section 4.  Bill of Quantities(Not-Priced)/공내역서/VTC견적서/7 КОМПРЕССОРАНЯ(Comp.+GAS storage)/7-3 ЭО(Electric)/bv13500.xls,.xls,76800,True,169,0,BOQ | 가격·견적,
L2023-00053-1,2020-00086,우즈베키스탄,"우즈베키스탄 우르겐치 직업훈련원 건립 및 직업훈련 제도역량 공고화 지원 사업('20-'24/1,400만불)",L2023-00053-1/Urgench VTC Bid Attachment Documents/Urgench VTC Bid Attachment Documents/Section 4.  Bill of Quantities(Not-Priced)/공내역서/VTC견적서/7 КОМПРЕССОРАНЯ(Comp.+GAS storage)/СВОДКА КОМПРЕССОРНАЯ o.xls,.xls,38400,True,15,0,BOQ | 가격·견적,
L2023-00053-1,2020-00086,우즈베키스탄,"우즈베키스탄 우르겐치 직업훈련원 건립 및 직업훈련 제도역량 공고화 지원 사업('20-'24/1,400만불)",L2023-00053-1/Urgench VTC Bid Attachment Documents/Urgench VTC Bid Attachment Documents/Section 4.  Bill of Quantities(Not-Priced)/공내역서/VTC견적서/7 КОМПРЕССОРАНЯ(Comp.+GAS storage)/Титул  ТОМ VIII.doc,.doc,31232,True,18,0,BOQ | 가격·견적,
L2023-00053-1,2020-00086,우즈베키스탄,"우즈베키스탄 우르겐치 직업훈련원 건립 및 직업훈련 제도역량 공고화 지원 사업('20-'24/1,400만불)",L2023-00053-1/Urgench VTC Bid Attachment Documents/Urgench VTC Bid Attachment Documents/Section 4.  Bill of Quantities(Not-Priced)/공내역서/VTC견적서/8 ПОЖАРНАЯ ЕМЪКОСТЬ(Fire Tank)/8-1 АС(Architecture+Structure)/13563_vfor.xls,.xls,48128,True,66,0,BOQ | 가격·견적,
L2023-00053-1,2020-00086,우즈베키스탄,"우즈베키스탄 우르겐치 직업훈련원 건립 및 직업훈련 제도역량 공고화 지원 사업('20-'24/1,400만불)",L2023-00053-1/Urgench VTC Bid Attachment Documents/Urgench VTC Bid Attachment Documents/Section 4.  Bill of Quantities(Not-Priced)/공내역서/VTC견적서/8 ПОЖАРНАЯ ЕМЪКОСТЬ(Fire Tank)/8-1 АС(Architecture+Structure)/13563_vrmu.xls,.xls,56832,True,104,0,BOQ | 가격·견적,
L2023-00053-1,2020-00086,우즈베키스탄,"우즈베키스탄 우르겐치 직업훈련원 건립 및 직업훈련 제도역량 공고화 지원 사업('20-'24/1,400만불)",L2023-00053-1/Urgench VTC Bid Attachment Documents/Urgench VTC Bid Attachment Documents/Section 4.  Bill of Quantities(Not-Priced)/공내역서/VTC견적서/8 ПОЖАРНАЯ ЕМЪКОСТЬ(Fire Tank)/8-1 АС(Architecture+Structure)/bv13560.xls,.xls,143360,True,597,0,BOQ | 가격·견적,
L2023-00053-1,2020-00086,우즈베키스탄,"우즈베키스탄 우르겐치 직업훈련원 건립 및 직업훈련 제도역량 공고화 지원 사업('20-'24/1,400만불)",L2023-00053-1/Urgench VTC Bid Attachment Documents/Urgench VTC Bid Attachment Documents/Section 4.  Bill of Quantities(Not-Priced)/공내역서/VTC견적서/8 ПОЖАРНАЯ ЕМЪКОСТЬ(Fire Tank)/8-2 ТХ(Technology Plan)/13603_vfor.xls,.xls,35840,True,31,0,BOQ | 가격·견적,
L2023-00053-1,2020-00086,우즈베키스탄,"우즈베키스탄 우르겐치 직업훈련원 건립 및 직업훈련 제도역량 공고화 지원 사업('20-'24/1,400만불)",L2023-00053-1/Urgench VTC Bid Attachment Documents/Urgench VTC Bid Attachment Documents/Section 4.  Bill of Quantities(Not-Priced)/공내역서/VTC견적서/8 ПОЖАРНАЯ ЕМЪКОСТЬ(Fire Tank)/8-2 ТХ(Technology Plan)/13603_vrmu.xls,.xls,53248,True,86,0,BOQ | 가격·견적,
L2023-00053-1,2020-00086,우즈베키스탄,"우즈베키스탄 우르겐치 직업훈련원 건립 및 직업훈련 제도역량 공고화 지원 사업('20-'24/1,400만불)",L2023-00053-1/Urgench VTC Bid Attachment Documents/Urgench VTC Bid Attachment Documents/Section 4.  Bill of Quantities(Not-Priced)/공내역서/VTC견적서/8 ПОЖАРНАЯ ЕМЪКОСТЬ(Fire Tank)/8-2 ТХ(Technology Plan)/bv13600.xls,.xls,80896,True,239,0,BOQ | 가격·견적,
L2023-00053-1,2020-00086,우즈베키스탄,"우즈베키스탄 우르겐치 직업훈련원 건립 및 직업훈련 제도역량 공고화 지원 사업('20-'24/1,400만불)",L2023-00053-1/Urgench VTC Bid Attachment Documents/Urgench VTC Bid Attachment Documents/Section 4.  Bill of Quantities(Not-Priced)/공내역서/VTC견적서/8 ПОЖАРНАЯ ЕМЪКОСТЬ(Fire Tank)/8-3 ЭО(Electric)/13733_vfor.xls,.xls,40448,True,44,0,BOQ | 가격·견적,
L2023-00053-1,2020-00086,우즈베키스탄,"우즈베키스탄 우르겐치 직업훈련원 건립 및 직업훈련 제도역량 공고화 지원 사업('20-'24/1,400만불)",L2023-00053-1/Urgench VTC Bid Attachment Documents/Urgench VTC Bid Attachment Documents/Section 4.  Bill of Quantities(Not-Priced)/공내역서/VTC견적서/8 ПОЖАРНАЯ ЕМЪКОСТЬ(Fire Tank)/8-3 ЭО(Electric)/13733_vrmu.xls,.xls,55296,True,105,0,BOQ | 가격·견적,
L2023-00053-1,2020-00086,우즈베키스탄,"우즈베키스탄 우르겐치 직업훈련원 건립 및 직업훈련 제도역량 공고화 지원 사업('20-'24/1,400만불)",L2023-00053-1/Urgench VTC Bid Attachment Documents/Urgench VTC Bid Attachment Documents/Section 4.  Bill of Quantities(Not-Priced)/공내역서/VTC견적서/8 ПОЖАРНАЯ ЕМЪКОСТЬ(Fire Tank)/8-3 ЭО(Electric)/bv13730.xls,.xls,90112,True,295,0,BOQ | 가격·견적,
L2023-00053-1,2020-00086,우즈베키스탄,"우즈베키스탄 우르겐치 직업훈련원 건립 및 직업훈련 제도역량 공고화 지원 사업('20-'24/1,400만불)",L2023-00053-1/Urgench VTC Bid Attachment Documents/Urgench VTC Bid Attachment Documents/Section 4.  Bill of Quantities(Not-Priced)/공내역서/VTC견적서/8 ПОЖАРНАЯ ЕМЪКОСТЬ(Fire Tank)/СВОДКА НАСОСНАЯ o.xls,.xls,36864,True,15,0,BOQ | 가격·견적,
L2023-00053-1,2020-00086,우즈베키스탄,"우즈베키스탄 우르겐치 직업훈련원 건립 및 직업훈련 제도역량 공고화 지원 사업('20-'24/1,400만불)",L2023-00053-1/Urgench VTC Bid Attachment Documents/Urgench VTC Bid Attachment Documents/Section 4.  Bill of Quantities(Not-Priced)/공내역서/VTC견적서/8 ПОЖАРНАЯ ЕМЪКОСТЬ(Fire Tank)/Титул  ТОМ VIII.doc,.doc,31232,True,18,0,BOQ | 가격·견적,
L2023-00053-1,2020-00086,우즈베키스탄,"우즈베키스탄 우르겐치 직업훈련원 건립 및 직업훈련 제도역량 공고화 지원 사업('20-'24/1,400만불)",L2023-00053-1/Urgench VTC Bid Attachment Documents/Urgench VTC Bid Attachment Documents/Section 4.  Bill of Quantities(Not-Priced)/공내역서/VTC견적서/9 ТП(Transformers)/9-1 AC(Architecture+Structure)/13613_vfor.xls,.xls,43520,True,25,0,BOQ | 가격·견적,
L2023-00053-1,2020-00086,우즈베키스탄,"우즈베키스탄 우르겐치 직업훈련원 건립 및 직업훈련 제도역량 공고화 지원 사업('20-'24/1,400만불)",L2023-00053-1/Urgench VTC Bid Attachment Documents/Urgench VTC Bid Attachment Documents/Section 4.  Bill of Quantities(Not-Priced)/공내역서/VTC견적서/9 ТП(Transformers)/9-1 AC(Architecture+Structure)/13613_vrmu.xls,.xls,52224,True,84,0,BOQ | 가격·견적,
L2023-00053-1,2020-00086,우즈베키스탄,"우즈베키스탄 우르겐치 직업훈련원 건립 및 직업훈련 제도역량 공고화 지원 사업('20-'24/1,400만불)",L2023-00053-1/Urgench VTC Bid Attachment Documents/Urgench VTC Bid Attachment Documents/Section 4.  Bill of Quantities(Not-Priced)/공내역서/VTC견적서/9 ТП(Transformers)/9-1 AC(Architecture+Structure)/bv13610.xls,.xls,87552,True,213,0,BOQ | 가격·견적,
L2023-00053-1,2020-00086,우즈베키스탄,"우즈베키스탄 우르겐치 직업훈련원 건립 및 직업훈련 제도역량 공고화 지원 사업('20-'24/1,400만불)",L2023-00053-1/Urgench VTC Bid Attachment Documents/Urgench VTC Bid Attachment Documents/Section 4.  Bill of Quantities(Not-Priced)/공내역서/VTC견적서/9 ТП(Transformers)/9-2 ЭО(Electric)/13623_vfor.xls,.xls,43520,True,28,0,BOQ | 가격·견적,
L2023-00053-1,2020-00086,우즈베키스탄,"우즈베키스탄 우르겐치 직업훈련원 건립 및 직업훈련 제도역량 공고화 지원 사업('20-'24/1,400만불)",L2023-00053-1/Urgench VTC Bid Attachment Documents/Urgench VTC Bid Attachment Documents/Section 4.  Bill of Quantities(Not-Priced)/공내역서/VTC견적서/9 ТП(Transformers)/9-2 ЭО(Electric)/13623_vrmu.xls,.xls,44544,True,57,0,BOQ | 가격·견적,
L2023-00053-1,2020-00086,우즈베키스탄,"우즈베키스탄 우르겐치 직업훈련원 건립 및 직업훈련 제도역량 공고화 지원 사업('20-'24/1,400만불)",L2023-00053-1/Urgench VTC Bid Attachment Documents/Urgench VTC Bid Attachment Documents/Section 4.  Bill of Quantities(Not-Priced)/공내역서/VTC견적서/9 ТП(Transformers)/9-2 ЭО(Electric)/bv13620.xls,.xls,72192,True,145,0,BOQ | 가격·견적,
L2023-00053-1,2020-00086,우즈베키스탄,"우즈베키스탄 우르겐치 직업훈련원 건립 및 직업훈련 제도역량 공고화 지원 사업('20-'24/1,400만불)",L2023-00053-1/Urgench VTC Bid Attachment Documents/Urgench VTC Bid Attachment Documents/Section 4.  Bill of Quantities(Not-Priced)/공내역서/VTC견적서/9 ТП(Transformers)/СВОДКА ТП o.xls,.xls,37376,True,14,0,BOQ | 가격·견적,
L2023-00053-1,2020-00086,우즈베키스탄,"우즈베키스탄 우르겐치 직업훈련원 건립 및 직업훈련 제도역량 공고화 지원 사업('20-'24/1,400만불)",L2023-00053-1/Urgench VTC Bid Attachment Documents/Urgench VTC Bid Attachment Documents/Section 4.  Bill of Quantities(Not-Priced)/공내역서/VTC견적서/9 ТП(Transformers)/Титул  ТОМ XI.doc,.doc,31232,True,18,0,BOQ | 가격·견적,
L2023-00053-1,2020-00086,우즈베키스탄,"우즈베키스탄 우르겐치 직업훈련원 건립 및 직업훈련 제도역량 공고화 지원 사업('20-'24/1,400만불)",L2023-00053-1/Urgench VTC Bid Attachment Documents/Urgench VTC Bid Attachment Documents/Section 4.  Bill of Quantities(Not-Priced)/공내역서/VTC견적서/Estimate Manual(VTC+TTC).docx,.docx,61925,True,108,0,BOQ | 가격·견적,
L2023-00053-1,2020-00086,우즈베키스탄,"우즈베키스탄 우르겐치 직업훈련원 건립 및 직업훈련 제도역량 공고화 지원 사업('20-'24/1,400만불)",L2023-00053-1/Urgench VTC Bid Attachment Documents/Urgench VTC Bid Attachment Documents/Section 4.  Bill of Quantities(Not-Priced)/공내역서/VTC견적서/Total Table(VTC o).xls,.xls,53248,True,37,0,BOQ | 가격·견적,
L2023-00061-1,2022-00036,에티오피아,"에티오피아 가죽 및 가죽제품 경쟁력 강화 사업('22-'27/1,000만불)",L2023-00061-1/붙임 3. 입찰 문서/Other - KOICA procurement guideline and regulation/Detailed Enforcement Rules of the Regulations for Procurement and Contract in Grant Aid Projects(대외무상협력사업에 관한 조달 및 계약규정 시ᄒ.pdf,.pdf,554876,True,123,8,,
L2023-00061-1,2022-00036,에티오피아,"에티오피아 가죽 및 가죽제품 경쟁력 강화 사업('22-'27/1,000만불)",L2023-00061-1/붙임 3. 입찰 문서/Other - KOICA procurement guideline and regulation/Guidelines for Technical Evaluation(기술평가지침)_20210408.pdf,.pdf,416852,True,65,9,,
L2023-00061-1,2022-00036,에티오피아,"에티오피아 가죽 및 가죽제품 경쟁력 강화 사업('22-'27/1,000만불)",L2023-00061-1/붙임 3. 입찰 문서/Other - KOICA procurement guideline and regulation/KOICA Regulations for International Procurement(국제조달규정)_20190304.pdf,.pdf,375625,True,55,1,,
L2023-00061-1,2022-00036,에티오피아,"에티오피아 가죽 및 가죽제품 경쟁력 강화 사업('22-'27/1,000만불)",L2023-00061-1/붙임 3. 입찰 문서/Other - KOICA procurement guideline and regulation/Regulations for Procurement and Contract in Grant Aid Projects(대외무상협력사업에 관한 조달 및 계약규정)_20190520.pdf,.pdf,157627,True,33,2,,
L2023-00068-1,2011-00008,캄보디아,캄보디아 안과전문병원 설립사업('11-'15/550만불),L2023-00068-1/입찰공고 관련서류 최종본/Section 5 - Drawings/Section 5 - Drawings/5.1. AEH Renovation Drawings for Tender Draft 20231019 (R-1).pdf,.pdf,15612303,True,51,0,도면,
L2023-00068-1,2011-00008,캄보디아,캄보디아 안과전문병원 설립사업('11-'15/550만불),L2023-00068-1/입찰공고 관련서류 최종본/Section 5 - Drawings/Section 5 - Drawings/5.2. AEH As-built Drawing for Tender Reference 20231019 (R-1).pdf,.pdf,13694003,True,45,0,도면,
L2023-00068-1,2011-00008,캄보디아,캄보디아 안과전문병원 설립사업('11-'15/550만불),L2023-00068-1/입찰공고 관련서류 최종본/Section 6- Specification/Section 6- Specification/6.1 Technical Specification 20231023 (R-1).pdf,.pdf,917456,True,56,2,시방서,
L2023-00068-1,2011-00008,캄보디아,캄보디아 안과전문병원 설립사업('11-'15/550만불),L2023-00068-1/입찰공고 관련서류 최종본/Section 6- Specification/Section 6- Specification/6.2 HSES Specification (R-1).docx,.docx,3997298,True,86,0,시방서,
L2024-00024-1,2020-00023,라오스,라오스 남부 3개주 농촌개발 사업('20-'25/900만불),L2024-00024-1/related documents/Section 8 - Pledges/Declaration of Anti_Corruption (반부패 선언서).docx,.docx,23026,True,38,0,,
L2024-00024-1,2020-00023,라오스,라오스 남부 3개주 농촌개발 사업('20-'25/900만불),L2024-00024-1/related documents/Section 8 - Pledges/Fair Contract Pledge Letter (공정계약 서약서).docx,.docx,18756,True,20,0,,
L2024-00024-1,2020-00023,라오스,라오스 남부 3개주 농촌개발 사업('20-'25/900만불),L2024-00024-1/related documents/Section 8 - Pledges/Integrity Pledge (청렴계약서).docx,.docx,36507,True,17,0,,
L2024-00039-1,2014-00016,이라크,이라크 한-이라크 직업훈련원 2차 지원사업('14-'25/541만불),L2024-00039-1/붙임3. Bidding Documents_20240702/Section 4 - BOQ/NEW BOQs (14-MAY-23)_공BOQ_20240416.xlsx,.xlsx,168572,True,678,1,BOQ,
L2024-00039-1,2014-00016,이라크,이라크 한-이라크 직업훈련원 2차 지원사업('14-'25/541만불),L2024-00039-1/붙임3. 입찰서류 및 계약서류(안)_재공고(20240701)/Section 4 - BOQ/NEW BOQs (14-MAY-23)_공BOQ_20240416.xlsx,.xlsx,168572,True,678,1,BOQ,
L2024-00050-1,2021-00042,우간다,"우간다 농업지도자 연수원 자립적 운영체계 구축 및 연수역량 강화사업('21-'28/1,200만불)",L2024-00050-1/Part 3(계약서 및 기타 자료)/Section 10 - Pledges/Declaration of Anti_Corruption (반부패 선언서).docx,.docx,23026,True,38,0,,
L2024-00050-1,2021-00042,우간다,"우간다 농업지도자 연수원 자립적 운영체계 구축 및 연수역량 강화사업('21-'28/1,200만불)",L2024-00050-1/Part 3(계약서 및 기타 자료)/Section 10 - Pledges/Fair Contract Pledge Letter (공정계약 서약서).docx,.docx,18756,True,20,0,,
L2024-00050-1,2021-00042,우간다,"우간다 농업지도자 연수원 자립적 운영체계 구축 및 연수역량 강화사업('21-'28/1,200만불)",L2024-00050-1/Part 3(계약서 및 기타 자료)/Section 10 - Pledges/Integrity Pledge (청렴계약서).docx,.docx,36507,True,17,0,,
L2024-00050-1,2021-00042,우간다,"우간다 농업지도자 연수원 자립적 운영체계 구축 및 연수역량 강화사업('21-'28/1,200만불)",L2024-00050-1/Part 3(계약서 및 기타 자료)/Section 10 - Pledges/Power of Attorney (계약서 서명권한 위임장).docx,.docx,18770,True,15,0,,
L2024-00052-1,2021-00156,인도네시아,"인도네시아 보고르대학교 농업생명과학연구센터 역량강화 사업('21-'28/1,100만불)",L2024-00052-1/입찰관련서류/Section 10 - Pledges/Action Pledge to Integrate Human Rights into Business Management of International Development Cooperation Projects (국제개발협력사업 인권경영 실천 서야.docx,.docx,19215,True,16,0,,
L2024-00052-1,2021-00156,인도네시아,"인도네시아 보고르대학교 농업생명과학연구센터 역량강화 사업('21-'28/1,100만불)",L2024-00052-1/입찰관련서류/Section 10 - Pledges/Declaration of Anti_Corruption (반부패 선언서).docx,.docx,23026,True,38,0,,
L2024-00052-1,2021-00156,인도네시아,"인도네시아 보고르대학교 농업생명과학연구센터 역량강화 사업('21-'28/1,100만불)",L2024-00052-1/입찰관련서류/Section 10 - Pledges/Fair Contract Pledge Letter (공정계약 서약서).docx,.docx,18756,True,20,0,,
L2024-00052-1,2021-00156,인도네시아,"인도네시아 보고르대학교 농업생명과학연구센터 역량강화 사업('21-'28/1,100만불)",L2024-00052-1/입찰관련서류/Section 10 - Pledges/Integrity Pledge (청렴계약서).docx,.docx,36507,True,17,0,,
L2024-00068-1,2021-00104,코트디부아르,코트디부아르 국립직업기술교육원 교사 ICT기반 교수역량강화사업(`21-`26/758만불),L2024-00068-1/Section 5 - Drawings/Studies at IPNETP ELETRICITY/00.pdf,.pdf,185221,True,1,0,도면,
L2024-00068-1,2021-00104,코트디부아르,코트디부아르 국립직업기술교육원 교사 ICT기반 교수역량강화사업(`21-`26/758만불),L2024-00068-1/Section 5 - Drawings/Studies at IPNETP ELETRICITY/01.pdf,.pdf,450508,True,1,0,도면,
L2024-00068-1,2021-00104,코트디부아르,코트디부아르 국립직업기술교육원 교사 ICT기반 교수역량강화사업(`21-`26/758만불),L2024-00068-1/Section 5 - Drawings/Studies at IPNETP ELETRICITY/02.pdf,.pdf,325080,True,1,0,도면,
L2024-00068-1,2021-00104,코트디부아르,코트디부아르 국립직업기술교육원 교사 ICT기반 교수역량강화사업(`21-`26/758만불),L2024-00068-1/Section 5 - Drawings/Studies at IPNETP ELETRICITY/03.pdf,.pdf,384779,True,1,0,도면,
L2024-00068-1,2021-00104,코트디부아르,코트디부아르 국립직업기술교육원 교사 ICT기반 교수역량강화사업(`21-`26/758만불),L2024-00068-1/Section 5 - Drawings/Studies at IPNETP ELETRICITY/04.pdf,.pdf,448921,True,1,0,도면,
L2024-00068-1,2021-00104,코트디부아르,코트디부아르 국립직업기술교육원 교사 ICT기반 교수역량강화사업(`21-`26/758만불),L2024-00068-1/Section 5 - Drawings/Studies at IPNETP ELETRICITY/05.pdf,.pdf,385765,True,1,0,도면,
L2024-00068-1,2021-00104,코트디부아르,코트디부아르 국립직업기술교육원 교사 ICT기반 교수역량강화사업(`21-`26/758만불),L2024-00068-1/Section 5 - Drawings/Studies at IPNETP ELETRICITY/06.pdf,.pdf,448208,True,1,0,도면,
L2024-00068-1,2021-00104,코트디부아르,코트디부아르 국립직업기술교육원 교사 ICT기반 교수역량강화사업(`21-`26/758만불),L2024-00068-1/Section 5 - Drawings/Studies at IPNETP ELETRICITY/07.pdf,.pdf,449561,True,1,0,도면,
L2024-00068-1,2021-00104,코트디부아르,코트디부아르 국립직업기술교육원 교사 ICT기반 교수역량강화사업(`21-`26/758만불),L2024-00068-1/Section 5 - Drawings/Studies at IPNETP ELETRICITY/08.pdf,.pdf,417101,True,1,0,도면,
L2024-00068-1,2021-00104,코트디부아르,코트디부아르 국립직업기술교육원 교사 ICT기반 교수역량강화사업(`21-`26/758만불),L2024-00068-1/Section 5 - Drawings/Studies at IPNETP ELETRICITY/09.pdf,.pdf,260510,True,1,0,도면,
L2024-00068-1,2021-00104,코트디부아르,코트디부아르 국립직업기술교육원 교사 ICT기반 교수역량강화사업(`21-`26/758만불),L2024-00068-1/Section 5 - Drawings/Studies at IPNETP ELETRICITY/10.pdf,.pdf,449056,True,1,0,도면,
L2024-00068-1,2021-00104,코트디부아르,코트디부아르 국립직업기술교육원 교사 ICT기반 교수역량강화사업(`21-`26/758만불),L2024-00068-1/Section 5 - Drawings/Studies at IPNETP ELETRICITY/PLAN ELEC 14-07-2024.pdf,.pdf,6389285,True,12,10,도면,
L2024-00068-1,2021-00104,코트디부아르,코트디부아르 국립직업기술교육원 교사 ICT기반 교수역량강화사업(`21-`26/758만불),L2024-00068-1/Section 5 - Drawings/Studies at IPNETP ELETRICITY/PLANS ECLAIRAGE - PRISES - FORCE REHABILITATION IPNET 12-07-2024.pdf,.pdf,4481690,True,9,9,도면,
L2024-00068-1,2021-00104,코트디부아르,코트디부아르 국립직업기술교육원 교사 ICT기반 교수역량강화사업(`21-`26/758만불),L2024-00068-1/Section 5 - Drawings/Studies at IPNETP ELETRICITY/SCHEMA BAT E 12-07-2024-1.pdf,.pdf,4186188,True,11,0,도면,
L2024-00068-1,2021-00104,코트디부아르,코트디부아르 국립직업기술교육원 교사 ICT기반 교수역량강화사업(`21-`26/758만불),L2024-00068-1/Section 5 - Drawings/Study plans at IPNETP PLANNING AND PLUMBING/IPNET PLANS--BAT B-Salle dautomatisation-1.pdf,.pdf,417410,True,3,1,도면,
L2024-00068-1,2021-00104,코트디부아르,코트디부아르 국립직업기술교육원 교사 ICT기반 교수역량강화사업(`21-`26/758만불),L2024-00068-1/Section 5 - Drawings/Study plans at IPNETP PLANNING AND PLUMBING/IPNET PLANS--Batiment E-1.pdf,.pdf,3324548,True,22,1,도면,
L2024-00068-1,2021-00104,코트디부아르,코트디부아르 국립직업기술교육원 교사 ICT기반 교수역량강화사업(`21-`26/758만불),L2024-00068-1/Section 5 - Drawings/Study plans at IPNETP PLANNING AND PLUMBING/IPNET PLANS.pdf - BAT B--Atelier travaux pratique mecanique-1.pdf,.pdf,2462268,True,14,2,도면,
L2024-00068-1,2021-00104,코트디부아르,코트디부아르 국립직업기술교육원 교사 ICT기반 교수역량강화사업(`21-`26/758만불),L2024-00068-1/Section 5 - Drawings/Study plans at IPNETP PLANNING AND PLUMBING/IPNET PLANS.pdf Bat B -Salle CAO-1-1.pdf,.pdf,845271,True,7,1,도면,
L2024-00068-1,2021-00104,코트디부아르,코트디부아르 국립직업기술교육원 교사 ICT기반 교수역량강화사업(`21-`26/758만불),L2024-00068-1/Section 5 - Drawings/Study plans at IPNETP PLANNING AND PLUMBING/IPNET PLANS.pdf--Mecanique generale-1.pdf,.pdf,3479155,True,20,1,도면,
L2024-00068-1,2021-00104,코트디부아르,코트디부아르 국립직업기술교육원 교사 ICT기반 교수역량강화사업(`21-`26/758만불),L2024-00068-1/Section 5 - Drawings/Study plans at IPNETP PLANNING AND PLUMBING/PLAN DALIMENTATION-Tirage au 100 IPNET-1.pdf,.pdf,175612,True,1,1,도면,
L2024-00068-1,2021-00104,코트디부아르,코트디부아르 국립직업기술교육원 교사 ICT기반 교수역량강화사업(`21-`26/758만불),L2024-00068-1/Section 5 - Drawings/Study plans at IPNETP PLANNING AND PLUMBING/PLAN DEVACUATION-Tirage au 100e IPNET.pdf,.pdf,177643,True,1,1,도면,
L2024-00068-2,2021-00104,코트디부아르,코트디부아르 국립직업기술교육원 교사 ICT기반 교수역량강화사업(`21-`26/758만불),L2024-00068-2/Section 5 - Drawings/Studies at IPNETP ELETRICITY/00.pdf,.pdf,185221,True,1,0,도면,
L2024-00068-2,2021-00104,코트디부아르,코트디부아르 국립직업기술교육원 교사 ICT기반 교수역량강화사업(`21-`26/758만불),L2024-00068-2/Section 5 - Drawings/Studies at IPNETP ELETRICITY/01.pdf,.pdf,450508,True,1,0,도면,
L2024-00068-2,2021-00104,코트디부아르,코트디부아르 국립직업기술교육원 교사 ICT기반 교수역량강화사업(`21-`26/758만불),L2024-00068-2/Section 5 - Drawings/Studies at IPNETP ELETRICITY/02.pdf,.pdf,325080,True,1,0,도면,
L2024-00068-2,2021-00104,코트디부아르,코트디부아르 국립직업기술교육원 교사 ICT기반 교수역량강화사업(`21-`26/758만불),L2024-00068-2/Section 5 - Drawings/Studies at IPNETP ELETRICITY/03.pdf,.pdf,384779,True,1,0,도면,
L2024-00068-2,2021-00104,코트디부아르,코트디부아르 국립직업기술교육원 교사 ICT기반 교수역량강화사업(`21-`26/758만불),L2024-00068-2/Section 5 - Drawings/Studies at IPNETP ELETRICITY/04.pdf,.pdf,448921,True,1,0,도면,
L2024-00068-2,2021-00104,코트디부아르,코트디부아르 국립직업기술교육원 교사 ICT기반 교수역량강화사업(`21-`26/758만불),L2024-00068-2/Section 5 - Drawings/Studies at IPNETP ELETRICITY/05.pdf,.pdf,385765,True,1,0,도면,
L2024-00068-2,2021-00104,코트디부아르,코트디부아르 국립직업기술교육원 교사 ICT기반 교수역량강화사업(`21-`26/758만불),L2024-00068-2/Section 5 - Drawings/Studies at IPNETP ELETRICITY/06.pdf,.pdf,448208,True,1,0,도면,
L2024-00068-2,2021-00104,코트디부아르,코트디부아르 국립직업기술교육원 교사 ICT기반 교수역량강화사업(`21-`26/758만불),L2024-00068-2/Section 5 - Drawings/Studies at IPNETP ELETRICITY/07.pdf,.pdf,449561,True,1,0,도면,
L2024-00068-2,2021-00104,코트디부아르,코트디부아르 국립직업기술교육원 교사 ICT기반 교수역량강화사업(`21-`26/758만불),L2024-00068-2/Section 5 - Drawings/Studies at IPNETP ELETRICITY/08.pdf,.pdf,417101,True,1,0,도면,
L2024-00068-2,2021-00104,코트디부아르,코트디부아르 국립직업기술교육원 교사 ICT기반 교수역량강화사업(`21-`26/758만불),L2024-00068-2/Section 5 - Drawings/Studies at IPNETP ELETRICITY/09.pdf,.pdf,260510,True,1,0,도면,
L2024-00068-2,2021-00104,코트디부아르,코트디부아르 국립직업기술교육원 교사 ICT기반 교수역량강화사업(`21-`26/758만불),L2024-00068-2/Section 5 - Drawings/Studies at IPNETP ELETRICITY/10.pdf,.pdf,449056,True,1,0,도면,
L2024-00068-2,2021-00104,코트디부아르,코트디부아르 국립직업기술교육원 교사 ICT기반 교수역량강화사업(`21-`26/758만불),L2024-00068-2/Section 5 - Drawings/Studies at IPNETP ELETRICITY/PLAN ELEC 14-07-2024.pdf,.pdf,6389285,True,12,10,도면,
L2024-00068-2,2021-00104,코트디부아르,코트디부아르 국립직업기술교육원 교사 ICT기반 교수역량강화사업(`21-`26/758만불),L2024-00068-2/Section 5 - Drawings/Studies at IPNETP ELETRICITY/PLANS ECLAIRAGE - PRISES - FORCE REHABILITATION IPNET 12-07-2024.pdf,.pdf,4481690,True,9,9,도면,
L2024-00068-2,2021-00104,코트디부아르,코트디부아르 국립직업기술교육원 교사 ICT기반 교수역량강화사업(`21-`26/758만불),L2024-00068-2/Section 5 - Drawings/Studies at IPNETP ELETRICITY/SCHEMA BAT E 12-07-2024-1.pdf,.pdf,4186188,True,11,0,도면,
L2024-00068-2,2021-00104,코트디부아르,코트디부아르 국립직업기술교육원 교사 ICT기반 교수역량강화사업(`21-`26/758만불),L2024-00068-2/Section 5 - Drawings/Study plans at IPNETP PLANNING AND PLUMBING/IPNET PLANS--BAT B-Salle dautomatisation-1.pdf,.pdf,417410,True,3,1,도면,
L2024-00068-2,2021-00104,코트디부아르,코트디부아르 국립직업기술교육원 교사 ICT기반 교수역량강화사업(`21-`26/758만불),L2024-00068-2/Section 5 - Drawings/Study plans at IPNETP PLANNING AND PLUMBING/IPNET PLANS--Batiment E-1.pdf,.pdf,3324548,True,22,1,도면,
L2024-00068-2,2021-00104,코트디부아르,코트디부아르 국립직업기술교육원 교사 ICT기반 교수역량강화사업(`21-`26/758만불),L2024-00068-2/Section 5 - Drawings/Study plans at IPNETP PLANNING AND PLUMBING/IPNET PLANS.pdf - BAT B--Atelier travaux pratique mecanique-1.pdf,.pdf,2462268,True,14,2,도면,
L2024-00068-2,2021-00104,코트디부아르,코트디부아르 국립직업기술교육원 교사 ICT기반 교수역량강화사업(`21-`26/758만불),L2024-00068-2/Section 5 - Drawings/Study plans at IPNETP PLANNING AND PLUMBING/IPNET PLANS.pdf Bat B -Salle CAO-1-1.pdf,.pdf,845271,True,7,1,도면,
L2024-00068-2,2021-00104,코트디부아르,코트디부아르 국립직업기술교육원 교사 ICT기반 교수역량강화사업(`21-`26/758만불),L2024-00068-2/Section 5 - Drawings/Study plans at IPNETP PLANNING AND PLUMBING/IPNET PLANS.pdf--Mecanique generale-1.pdf,.pdf,3479155,True,20,1,도면,
L2024-00068-2,2021-00104,코트디부아르,코트디부아르 국립직업기술교육원 교사 ICT기반 교수역량강화사업(`21-`26/758만불),L2024-00068-2/Section 5 - Drawings/Study plans at IPNETP PLANNING AND PLUMBING/PLAN DALIMENTATION-Tirage au 100 IPNET-1.pdf,.pdf,175612,True,1,1,도면,
L2024-00068-2,2021-00104,코트디부아르,코트디부아르 국립직업기술교육원 교사 ICT기반 교수역량강화사업(`21-`26/758만불),L2024-00068-2/Section 5 - Drawings/Study plans at IPNETP PLANNING AND PLUMBING/PLAN DEVACUATION-Tirage au 100e IPNET.pdf,.pdf,177643,True,1,1,도면,
L2024-00072-1,2022-00064,우간다,"우간다 마케레레대학교 ICT 교육환경 조성사업('23-'28/1,220만불)",L2024-00072-1/2. 입찰문서 각 1부 우간다 마케레레/Section 1 - Instructions to Bidders (ITB)_수정/Section 1 - Instructions to Bidders (ITB)_수정.hwp,.hwp,168448,True,161,0,,
L2024-00072-1,2022-00064,우간다,"우간다 마케레레대학교 ICT 교육환경 조성사업('23-'28/1,220만불)",L2024-00072-1/2. 입찰문서 각 1부 우간다 마케레레/Section 1 - Instructions to Bidders (ITB)_수정/Section 1 - 국제입찰유의서 (ITB).hwp,.hwp,92672,True,129,0,,
L2024-00072-1,2022-00064,우간다,"우간다 마케레레대학교 ICT 교육환경 조성사업('23-'28/1,220만불)",L2024-00072-1/2. 입찰문서 각 1부 우간다 마케레레/Section 5 - Reference Documents/Section 5 - Construction Supervision Forms.docx,.docx,21655,True,110,0,,
L2024-00072-1,2022-00064,우간다,"우간다 마케레레대학교 ICT 교육환경 조성사업('23-'28/1,220만불)",L2024-00072-1/2. 입찰문서 각 1부 우간다 마케레레/Section 9 - Pledges/Declaration of Anti_Corruption (반부패 선언서).docx,.docx,23026,True,38,0,,
L2024-00072-1,2022-00064,우간다,"우간다 마케레레대학교 ICT 교육환경 조성사업('23-'28/1,220만불)",L2024-00072-1/2. 입찰문서 각 1부 우간다 마케레레/Section 9 - Pledges/Fair Contract Pledge Letter (공정계약 서약서).docx,.docx,18756,True,20,0,,
L2024-00072-1,2022-00064,우간다,"우간다 마케레레대학교 ICT 교육환경 조성사업('23-'28/1,220만불)",L2024-00072-1/2. 입찰문서 각 1부 우간다 마케레레/Section 9 - Pledges/Integrity Pledge (청렴계약서).docx,.docx,36507,True,17,0,,
L2024-00074-1,2019-00027,알제리,알제리 사이버 보안센터 설립 사업('19-'26/650만불),L2024-00074-1/5.Other relevant documents/Section 1 - Instructions to Bidders (ITB) - ╝÷┴ñ(240731)/Section 1 - Instructions to Bidders (ITB).hwp,.hwp,88064,True,158,0,,
L2024-00074-1,2019-00027,알제리,알제리 사이버 보안센터 설립 사업('19-'26/650만불),L2024-00074-1/5.Other relevant documents/Section 1 - Instructions to Bidders (ITB) - ╝÷┴ñ(240731)/Section 1 - Instructions to Bidders (ITB).pdf,.pdf,155571,True,12,0,,
L2024-00074-1,2019-00027,알제리,알제리 사이버 보안센터 설립 사업('19-'26/650만불),L2024-00074-1/5.Other relevant documents/Section 1 - Instructions to Bidders (ITB) - ╝÷┴ñ(240731)/Section 1 - 국제입찰유의서 (ITB).hwp,.hwp,94208,True,123,0,,
L2024-00074-1,2019-00027,알제리,알제리 사이버 보안센터 설립 사업('19-'26/650만불),L2024-00074-1/5.Other relevant documents/Section 8 - Pledges/Declaration of Anti-Corruption (반부패 선언서).docx,.docx,23026,True,38,0,,
L2024-00074-1,2019-00027,알제리,알제리 사이버 보안센터 설립 사업('19-'26/650만불),L2024-00074-1/5.Other relevant documents/Section 8 - Pledges/Fair Contract Pledge Letter (공정계약 서약서).docx,.docx,18756,True,20,0,,
L2024-00074-1,2019-00027,알제리,알제리 사이버 보안센터 설립 사업('19-'26/650만불),L2024-00074-1/5.Other relevant documents/Section 8 - Pledges/Integrity Pledge (청렴계약서).docx,.docx,36507,True,17,0,,
L2025-00008-1,2021-00126,케냐,케냐 카지아도주 보건시스템 강화를 통한 모성 및 신생아 보건 개선 사업('21-'26/605만불),L2025-00008-1/Tender document full set_Kajiado_0219 rev/Section 9 - Pledges/Declaration of Anti_Corruption (반부패 선언서).docx,.docx,23026,True,38,0,,
L2025-00008-1,2021-00126,케냐,케냐 카지아도주 보건시스템 강화를 통한 모성 및 신생아 보건 개선 사업('21-'26/605만불),L2025-00008-1/Tender document full set_Kajiado_0219 rev/Section 9 - Pledges/Fair Contract Pledge Letter (공정계약 서약서).docx,.docx,18756,True,20,0,,
L2025-00008-1,2021-00126,케냐,케냐 카지아도주 보건시스템 강화를 통한 모성 및 신생아 보건 개선 사업('21-'26/605만불),L2025-00008-1/Tender document full set_Kajiado_0219 rev/Section 9 - Pledges/Integrity Pledge (청렴계약서).docx,.docx,36507,True,17,0,,
L2025-00009-1,2017-14639,페루,중남미 사후관리(사후지원),L2025-00009-1/(붙임3) 입찰제반서류_공고문/Section 4 - Terms of Reference (TOR)_Peru San Juan Health Center_Attachment/Attachment 1. Drawing for the existing building.pdf,.pdf,7757765,True,0,0,도면,
L2025-00009-1,2017-14639,페루,중남미 사후관리(사후지원),L2025-00009-1/(붙임3) 입찰제반서류_공고문/Section 4 - Terms of Reference (TOR)_Peru San Juan Health Center_Attachment/Attachment 2. Descriptive memory.pdf,.pdf,4698204,True,81,3,,
L2025-00011-1,2022-00598,파키스탄,파키스탄 국립섬유대학 산업용 섬유센터 설립사업 2차사업(22-28/795만불),L2025-00011-1/2. 영문 입찰서류(수정)/Section 10 - Pledges/Section 10 - Pledges/1. Sworn Statement on Company Being a Non-Blacklisted Entity.docx,.docx,18245,True,13,0,,
L2025-00011-1,2022-00598,파키스탄,파키스탄 국립섬유대학 산업용 섬유센터 설립사업 2차사업(22-28/795만불),L2025-00011-1/2. 영문 입찰서류(수정)/Section 10 - Pledges/Section 10 - Pledges/2. Declaration of Anti_Corruption.docx,.docx,20916,True,27,0,,
L2025-00011-1,2022-00598,파키스탄,파키스탄 국립섬유대학 산업용 섬유센터 설립사업 2차사업(22-28/795만불),L2025-00011-1/2. 영문 입찰서류(수정)/Section 10 - Pledges/Section 10 - Pledges/3. Integrity Pledge.docx,.docx,36507,True,17,0,,
L2025-00011-1,2022-00598,파키스탄,파키스탄 국립섬유대학 산업용 섬유센터 설립사업 2차사업(22-28/795만불),L2025-00011-1/2. 영문 입찰서류(수정)/Section 10 - Pledges/Section 10 - Pledges/4. Fair Contract Pledge Letter.docx,.docx,18338,True,11,0,,
L2025-00011-1,2022-00598,파키스탄,파키스탄 국립섬유대학 산업용 섬유센터 설립사업 2차사업(22-28/795만불),L2025-00011-1/2. 영문 입찰서류(수정)/Section 10 - Pledges/Section 10 - Pledges/5. Action Pledge to Integrate Human Rights into Business Management.DOC,.doc,19967,True,15,0,,
L2025-00011-1,2022-00598,파키스탄,파키스탄 국립섬유대학 산업용 섬유센터 설립사업 2차사업(22-28/795만불),L2025-00011-1/3. KOICA 입찰 관련 규정 및 지침(사무소홈페이지 게시)/2. 영문 입찰서류(수정)/Section 1- Instruction for Bidder(ITB).docx,.docx,42610,True,165,0,,
L2025-00011-1,2022-00598,파키스탄,파키스탄 국립섬유대학 산업용 섬유센터 설립사업 2차사업(22-28/795만불),L2025-00011-1/3. KOICA 입찰 관련 규정 및 지침(사무소홈페이지 게시)/2. 영문 입찰서류(수정)/Section 10 - Pledges.zip,.zip,98959,True,0,0,,
L2025-00011-1,2022-00598,파키스탄,파키스탄 국립섬유대학 산업용 섬유센터 설립사업 2차사업(22-28/795만불),L2025-00011-1/3. KOICA 입찰 관련 규정 및 지침(사무소홈페이지 게시)/2. 영문 입찰서류(수정)/Section 10 - Pledges/Section 10 - Pledges/1. Sworn Statement on Company Being a Non-Blacklisted Entity.docx,.docx,18245,True,13,0,,
L2025-00011-1,2022-00598,파키스탄,파키스탄 국립섬유대학 산업용 섬유센터 설립사업 2차사업(22-28/795만불),L2025-00011-1/3. KOICA 입찰 관련 규정 및 지침(사무소홈페이지 게시)/2. 영문 입찰서류(수정)/Section 10 - Pledges/Section 10 - Pledges/2. Declaration of Anti_Corruption.docx,.docx,20916,True,27,0,,
L2025-00011-1,2022-00598,파키스탄,파키스탄 국립섬유대학 산업용 섬유센터 설립사업 2차사업(22-28/795만불),L2025-00011-1/3. KOICA 입찰 관련 규정 및 지침(사무소홈페이지 게시)/2. 영문 입찰서류(수정)/Section 10 - Pledges/Section 10 - Pledges/3. Integrity Pledge.docx,.docx,36507,True,17,0,,
L2025-00011-1,2022-00598,파키스탄,파키스탄 국립섬유대학 산업용 섬유센터 설립사업 2차사업(22-28/795만불),L2025-00011-1/3. KOICA 입찰 관련 규정 및 지침(사무소홈페이지 게시)/2. 영문 입찰서류(수정)/Section 10 - Pledges/Section 10 - Pledges/4. Fair Contract Pledge Letter.docx,.docx,18338,True,11,0,,
L2025-00011-1,2022-00598,파키스탄,파키스탄 국립섬유대학 산업용 섬유센터 설립사업 2차사업(22-28/795만불),L2025-00011-1/3. KOICA 입찰 관련 규정 및 지침(사무소홈페이지 게시)/2. 영문 입찰서류(수정)/Section 10 - Pledges/Section 10 - Pledges/5. Action Pledge to Integrate Human Rights into Business Management.DOC,.doc,19967,True,15,0,,
L2025-00011-1,2022-00598,파키스탄,파키스탄 국립섬유대학 산업용 섬유센터 설립사업 2차사업(22-28/795만불),L2025-00011-1/3. KOICA 입찰 관련 규정 및 지침(사무소홈페이지 게시)/2. 영문 입찰서류(수정)/Section 2 - Bid Data Sheet.docx,.docx,62517,True,224,6,,
L2025-00011-1,2022-00598,파키스탄,파키스탄 국립섬유대학 산업용 섬유센터 설립사업 2차사업(22-28/795만불),L2025-00011-1/3. KOICA 입찰 관련 규정 및 지침(사무소홈페이지 게시)/2. 영문 입찰서류(수정)/Section 3 - Bidding Forms.docx,.docx,34599,True,122,0,,
L2025-00011-1,2022-00598,파키스탄,파키스탄 국립섬유대학 산업용 섬유센터 설립사업 2차사업(22-28/795만불),L2025-00011-1/3. KOICA 입찰 관련 규정 및 지침(사무소홈페이지 게시)/2. 영문 입찰서류(수정)/Section 7 - General Conditions of Cotnract.docx,.docx,217910,True,1436,2,,
L2025-00011-1,2022-00598,파키스탄,파키스탄 국립섬유대학 산업용 섬유센터 설립사업 2차사업(22-28/795만불),L2025-00011-1/3. KOICA 입찰 관련 규정 및 지침(사무소홈페이지 게시)/2. 영문 입찰서류(수정)/Section 8 - Special Conditions of Contract.docx,.docx,56931,True,154,1,,
L2025-00011-1,2022-00598,파키스탄,파키스탄 국립섬유대학 산업용 섬유센터 설립사업 2차사업(22-28/795만불),L2025-00011-1/3. KOICA 입찰 관련 규정 및 지침(사무소홈페이지 게시)/2. 영문 입찰서류(수정)/Section 8.1 - KOICA Safety Management Manual(ENG).pdf,.pdf,378337,True,37,4,,
L2025-00011-1,2022-00598,파키스탄,파키스탄 국립섬유대학 산업용 섬유센터 설립사업 2차사업(22-28/795만불),L2025-00011-1/3. KOICA 입찰 관련 규정 및 지침(사무소홈페이지 게시)/2. 영문 입찰서류(수정)/Section 9 - Contract Forms.docx,.docx,38159,True,30,0,,
L2025-00012-1,2013-00064,볼리비아,볼리비아 고원지역 농업기계화 및 농민 역량강화를 통한 생산성증대 지원사업('13-'25/500만불),L2025-00012-1/(붙임2) 입찰 관련 부속서류/Q-Lab_Chacala_Bidding Doc/Attachment01_Pledges/Section 9 - Pledges/Declaration of Anti_Corruption (반부패 선언서).docx,.docx,23026,True,38,0,,
L2025-00012-1,2013-00064,볼리비아,볼리비아 고원지역 농업기계화 및 농민 역량강화를 통한 생산성증대 지원사업('13-'25/500만불),L2025-00012-1/(붙임2) 입찰 관련 부속서류/Q-Lab_Chacala_Bidding Doc/Attachment01_Pledges/Section 9 - Pledges/Fair Contract Pledge Letter (공정계약 서약서).docx,.docx,18756,True,20,0,,
L2025-00012-1,2013-00064,볼리비아,볼리비아 고원지역 농업기계화 및 농민 역량강화를 통한 생산성증대 지원사업('13-'25/500만불),L2025-00012-1/(붙임2) 입찰 관련 부속서류/Q-Lab_Chacala_Bidding Doc/Attachment01_Pledges/Section 9 - Pledges/Integrity Pledge (청렴계약서).docx,.docx,36507,True,17,0,,
L2025-00012-1,2013-00064,볼리비아,볼리비아 고원지역 농업기계화 및 농민 역량강화를 통한 생산성증대 지원사업('13-'25/500만불),L2025-00012-1/(붙임2) 입찰 관련 부속서류/Q-Lab_Chacala_Bidding Doc/Attachment02_KOICA Bidding Regulations and Guidelines/Attachment 1. Detailed Enforcement Rules of the Regulations for Procurement and Contract in Grant Aid Projects.pdf,.pdf,554876,True,123,8,,
L2025-00012-1,2013-00064,볼리비아,볼리비아 고원지역 농업기계화 및 농민 역량강화를 통한 생산성증대 지원사업('13-'25/500만불),L2025-00012-1/(붙임2) 입찰 관련 부속서류/Q-Lab_Chacala_Bidding Doc/Attachment02_KOICA Bidding Regulations and Guidelines/Attachment 2. KOICA Regulations for International Procurement_20190304.pdf,.pdf,375625,True,55,1,,
L2025-00012-1,2013-00064,볼리비아,볼리비아 고원지역 농업기계화 및 농민 역량강화를 통한 생산성증대 지원사업('13-'25/500만불),L2025-00012-1/(붙임2) 입찰 관련 부속서류/Q-Lab_Chacala_Bidding Doc/Attachment02_KOICA Bidding Regulations and Guidelines/Attachment 3. Regulations for Procurement and Contract in Grant Aid Projects_20190520.pdf,.pdf,157627,True,33,2,,
L2025-00012-1,2013-00064,볼리비아,볼리비아 고원지역 농업기계화 및 농민 역량강화를 통한 생산성증대 지원사업('13-'25/500만불),L2025-00012-1/(붙임2) 입찰 관련 부속서류/Q-Lab_Chacala_Bidding Doc/Attachment02_KOICA Bidding Regulations and Guidelines/Attachment 4. Standards of Qualification Examination for Selection of Constructor_20140403.pdf,.pdf,315288,True,12,0,,
L2025-00012-1,2013-00064,볼리비아,볼리비아 고원지역 농업기계화 및 농민 역량강화를 통한 생산성증대 지원사업('13-'25/500만불),L2025-00012-1/(붙임2) 입찰 관련 부속서류/Q-Lab_Chacala_Bidding Doc/Attachment02_KOICA Bidding Regulations and Guidelines/Attachment 5. KOICA Safety Management Manual(ENG).pdf,.pdf,378337,True,37,4,,
L2025-00012-1,2013-00064,볼리비아,볼리비아 고원지역 농업기계화 및 농민 역량강화를 통한 생산성증대 지원사업('13-'25/500만불),L2025-00012-1/(붙임2) 입찰 관련 부속서류/Q-Lab_Chacala_Bidding Doc/Attachment02_KOICA Bidding Regulations and Guidelines/Attachment 6. Scope of Works.pdf,.pdf,160444,True,8,1,,
L2025-00012-1,2013-00064,볼리비아,볼리비아 고원지역 농업기계화 및 농민 역량강화를 통한 생산성증대 지원사업('13-'25/500만불),L2025-00012-1/(붙임2) 입찰 관련 부속서류/Q-Lab_Chacala_Bidding Doc/Section 4. Q-Lab_Chacala_BOQ_blanked/A1 ARCHITECTURE CHACALA.xlsx,.xlsx,779128,True,9122,107,BOQ,
L2025-00012-1,2013-00064,볼리비아,볼리비아 고원지역 농업기계화 및 농민 역량강화를 통한 생산성증대 지원사업('13-'25/500만불),L2025-00012-1/(붙임2) 입찰 관련 부속서류/Q-Lab_Chacala_Bidding Doc/Section 4. Q-Lab_Chacala_BOQ_blanked/A2 HA STRUCTURE.xls,.xls,1555456,True,1015,13,BOQ,
L2025-00012-1,2013-00064,볼리비아,볼리비아 고원지역 농업기계화 및 농민 역량강화를 통한 생산성증대 지원사업('13-'25/500만불),L2025-00012-1/(붙임2) 입찰 관련 부속서류/Q-Lab_Chacala_Bidding Doc/Section 4. Q-Lab_Chacala_BOQ_blanked/A3 EM STRUCTURE.xls,.xls,1427456,True,71,1,BOQ,
L2025-00012-1,2013-00064,볼리비아,볼리비아 고원지역 농업기계화 및 농민 역량강화를 통한 생산성증대 지원사업('13-'25/500만불),L2025-00012-1/(붙임2) 입찰 관련 부속서류/Q-Lab_Chacala_Bidding Doc/Section 4. Q-Lab_Chacala_BOQ_blanked/B ELECTRIC SYSTEM.xlsx,.xlsx,109607,True,454,6,BOQ,
L2025-00012-1,2013-00064,볼리비아,볼리비아 고원지역 농업기계화 및 농민 역량강화를 통한 생산성증대 지원사업('13-'25/500만불),L2025-00012-1/(붙임2) 입찰 관련 부속서류/Q-Lab_Chacala_Bidding Doc/Section 4. Q-Lab_Chacala_BOQ_blanked/F HYDRO SANITARY SYSTEM.xlsx,.xlsx,2229362,True,1600,72,BOQ,
L2025-00012-1,2013-00064,볼리비아,볼리비아 고원지역 농업기계화 및 농민 역량강화를 통한 생산성증대 지원사업('13-'25/500만불),L2025-00012-1/(붙임2) 입찰 관련 부속서류/Q-Lab_Chacala_Bidding Doc/Section 4. Q-Lab_Chacala_BOQ_blanked/G LAND SCAPE.xls,.xls,1558528,True,700,12,BOQ,
L2025-00012-1,2013-00064,볼리비아,볼리비아 고원지역 농업기계화 및 농민 역량강화를 통한 생산성증대 지원사업('13-'25/500만불),L2025-00012-1/(붙임2) 입찰 관련 부속서류/Q-Lab_Chacala_Bidding Doc/Section 5. Q-Lab_Chacala_Q-Lab_DWG/00_CHACALA_Arch.pdf,.pdf,8833442,True,24,10,,
L2025-00012-1,2013-00064,볼리비아,볼리비아 고원지역 농업기계화 및 농민 역량강화를 통한 생산성증대 지원사업('13-'25/500만불),L2025-00012-1/(붙임2) 입찰 관련 부속서류/Q-Lab_Chacala_Bidding Doc/Section 5. Q-Lab_Chacala_Q-Lab_DWG/01_CHACALA_RC.pdf,.pdf,1136288,True,4,0,,
L2025-00012-1,2013-00064,볼리비아,볼리비아 고원지역 농업기계화 및 농민 역량강화를 통한 생산성증대 지원사업('13-'25/500만불),L2025-00012-1/(붙임2) 입찰 관련 부속서류/Q-Lab_Chacala_Bidding Doc/Section 5. Q-Lab_Chacala_Q-Lab_DWG/02_CHACALA_MS.pdf,.pdf,887242,True,5,0,,
L2025-00012-1,2013-00064,볼리비아,볼리비아 고원지역 농업기계화 및 농민 역량강화를 통한 생산성증대 지원사업('13-'25/500만불),L2025-00012-1/(붙임2) 입찰 관련 부속서류/Q-Lab_Chacala_Bidding Doc/Section 5. Q-Lab_Chacala_Q-Lab_DWG/03_CHACALA_EL.pdf,.pdf,893587,True,2,0,,
L2025-00012-1,2013-00064,볼리비아,볼리비아 고원지역 농업기계화 및 농민 역량강화를 통한 생산성증대 지원사업('13-'25/500만불),L2025-00012-1/(붙임2) 입찰 관련 부속서류/Q-Lab_Chacala_Bidding Doc/Section 5. Q-Lab_Chacala_Q-Lab_DWG/04_CHACALA_SA.pdf,.pdf,340063,True,2,0,,
L2025-00012-1,2013-00064,볼리비아,볼리비아 고원지역 농업기계화 및 농민 역량강화를 통한 생산성증대 지원사업('13-'25/500만불),L2025-00012-1/(붙임2) 입찰 관련 부속서류/Q-Lab_Chacala_Bidding Doc/Section 5. Q-Lab_Chacala_Q-Lab_DWG/05_SINGAGE CHACALA.pdf,.pdf,859476,True,4,0,,
L2025-00012-1,2013-00064,볼리비아,볼리비아 고원지역 농업기계화 및 농민 역량강화를 통한 생산성증대 지원사업('13-'25/500만불),L2025-00012-1/(붙임2) 입찰 관련 부속서류/Q-Lab_Chacala_Bidding Doc/Section 6. Q-Lab_Chacala_Q-Lab_Technical Specification/Q-Lab_TECHNICAL SPECIFICATIONS/01 ARCHITECTURE/01 PLIEGO DE ESPECIFICACIONES TECNICAS es-SP.pdf,.pdf,1821773,True,122,0,시방서,
L2025-00012-1,2013-00064,볼리비아,볼리비아 고원지역 농업기계화 및 농민 역량강화를 통한 생산성증대 지원사업('13-'25/500만불),L2025-00012-1/(붙임2) 입찰 관련 부속서류/Q-Lab_Chacala_Bidding Doc/Section 6. Q-Lab_Chacala_Q-Lab_Technical Specification/Q-Lab_TECHNICAL SPECIFICATIONS/01 ARCHITECTURE/ESPECIFICATION SHEETT.pdf,.pdf,1704961,True,117,10,시방서,
L2025-00012-1,2013-00064,볼리비아,볼리비아 고원지역 농업기계화 및 농민 역량강화를 통한 생산성증대 지원사업('13-'25/500만불),L2025-00012-1/(붙임2) 입찰 관련 부속서류/Q-Lab_Chacala_Bidding Doc/Section 6. Q-Lab_Chacala_Q-Lab_Technical Specification/Q-Lab_TECHNICAL SPECIFICATIONS/01 ARCHITECTURE/PAISAJISMO ESP  ING..pdf,.pdf,592415,True,18,0,시방서,
L2025-00012-1,2013-00064,볼리비아,볼리비아 고원지역 농업기계화 및 농민 역량강화를 통한 생산성증대 지원사업('13-'25/500만불),L2025-00012-1/(붙임2) 입찰 관련 부속서류/Q-Lab_Chacala_Bidding Doc/Section 6. Q-Lab_Chacala_Q-Lab_Technical Specification/Q-Lab_TECHNICAL SPECIFICATIONS/02 ESTRUCTURE/01-Español/01-Especificaciones Técnicas Generales.pdf,.pdf,474262,True,37,0,시방서,
L2025-00012-1,2013-00064,볼리비아,볼리비아 고원지역 농업기계화 및 농민 역량강화를 통한 생산성증대 지원사업('13-'25/500만불),L2025-00012-1/(붙임2) 입찰 관련 부속서류/Q-Lab_Chacala_Bidding Doc/Section 6. Q-Lab_Chacala_Q-Lab_Technical Specification/Q-Lab_TECHNICAL SPECIFICATIONS/02 ESTRUCTURE/02-Inglés/01-General Technical Specifications.pdf,.pdf,422809,True,35,0,시방서,
L2025-00012-1,2013-00064,볼리비아,볼리비아 고원지역 농업기계화 및 농민 역량강화를 통한 생산성증대 지원사업('13-'25/500만불),L2025-00012-1/(붙임2) 입찰 관련 부속서류/Q-Lab_Chacala_Bidding Doc/Section 6. Q-Lab_Chacala_Q-Lab_Technical Specification/Q-Lab_TECHNICAL SPECIFICATIONS/02 ESTRUCTURE/02-Inglés/02-SPECIFIC TECHNICAL SPECIFICATION EST-HA.pdf,.pdf,384364,True,30,2,시방서,
L2025-00012-1,2013-00064,볼리비아,볼리비아 고원지역 농업기계화 및 농민 역량강화를 통한 생산성증대 지원사업('13-'25/500만불),L2025-00012-1/(붙임2) 입찰 관련 부속서류/Q-Lab_Chacala_Bidding Doc/Section 6. Q-Lab_Chacala_Q-Lab_Technical Specification/Q-Lab_TECHNICAL SPECIFICATIONS/03 METALLIC ESTRUCTURE/ET 150 ESTRUCTURA METALICA-STTEL STRUCTURE.pdf,.pdf,478173,True,8,1,시방서,
L2025-00012-1,2013-00064,볼리비아,볼리비아 고원지역 농업기계화 및 농민 역량강화를 통한 생산성증대 지원사업('13-'25/500만불),L2025-00012-1/(붙임2) 입찰 관련 부속서류/Q-Lab_Chacala_Bidding Doc/Section 6. Q-Lab_Chacala_Q-Lab_Technical Specification/Q-Lab_TECHNICAL SPECIFICATIONS/03 METALLIC ESTRUCTURE/ET 152 CUBIERTA SELLLADA E=5CM-COVER SEALED.pdf,.pdf,530290,True,12,0,시방서,
L2025-00012-1,2013-00064,볼리비아,볼리비아 고원지역 농업기계화 및 농민 역량강화를 통한 생산성증대 지원사업('13-'25/500만불),L2025-00012-1/(붙임2) 입찰 관련 부속서류/Q-Lab_Chacala_Bidding Doc/Section 6. Q-Lab_Chacala_Q-Lab_Technical Specification/Q-Lab_TECHNICAL SPECIFICATIONS/04 ELECTRIC/EL ESPECIFICACIONES TÉCNICAS (ESP).pdf,.pdf,409139,True,31,2,시방서,
L2025-00012-1,2013-00064,볼리비아,볼리비아 고원지역 농업기계화 및 농민 역량강화를 통한 생산성증대 지원사업('13-'25/500만불),L2025-00012-1/(붙임2) 입찰 관련 부속서류/Q-Lab_Chacala_Bidding Doc/Section 6. Q-Lab_Chacala_Q-Lab_Technical Specification/Q-Lab_TECHNICAL SPECIFICATIONS/04 ELECTRIC/EL Specificaction Sheets (ENG).pdf,.pdf,434004,True,29,3,시방서,
L2025-00012-1,2013-00064,볼리비아,볼리비아 고원지역 농업기계화 및 농민 역량강화를 통한 생산성증대 지원사업('13-'25/500만불),L2025-00012-1/(붙임2) 입찰 관련 부속서류/Q-Lab_Chacala_Bidding Doc/Section 6. Q-Lab_Chacala_Q-Lab_Technical Specification/Q-Lab_TECHNICAL SPECIFICATIONS/05 TELECOMUNICATION/IT ESPECIFICACIONES TÉCNICAS (ESP).pdf,.pdf,633957,True,28,1,시방서,
L2025-00012-1,2013-00064,볼리비아,볼리비아 고원지역 농업기계화 및 농민 역량강화를 통한 생산성증대 지원사업('13-'25/500만불),L2025-00012-1/(붙임2) 입찰 관련 부속서류/Q-Lab_Chacala_Bidding Doc/Section 6. Q-Lab_Chacala_Q-Lab_Technical Specification/Q-Lab_TECHNICAL SPECIFICATIONS/05 TELECOMUNICATION/IT Specificaction Sheets (ENG).pdf,.pdf,572135,True,28,1,시방서,
L2025-00012-1,2013-00064,볼리비아,볼리비아 고원지역 농업기계화 및 농민 역량강화를 통한 생산성증대 지원사업('13-'25/500만불),L2025-00012-1/(붙임2) 입찰 관련 부속서류/Q-Lab_Chacala_Bidding Doc/Section 6. Q-Lab_Chacala_Q-Lab_Technical Specification/Q-Lab_TECHNICAL SPECIFICATIONS/06 AIR CONDITIONING/CL ESPECIFICACIONES TÉCNICAS (ESP).pdf,.pdf,742353,True,28,1,시방서,
L2025-00012-1,2013-00064,볼리비아,볼리비아 고원지역 농업기계화 및 농민 역량강화를 통한 생산성증대 지원사업('13-'25/500만불),L2025-00012-1/(붙임2) 입찰 관련 부속서류/Q-Lab_Chacala_Bidding Doc/Section 6. Q-Lab_Chacala_Q-Lab_Technical Specification/Q-Lab_TECHNICAL SPECIFICATIONS/06 AIR CONDITIONING/CL Specificaction Sheets (ENG).pdf,.pdf,688151,True,27,0,시방서,
L2025-00012-1,2013-00064,볼리비아,볼리비아 고원지역 농업기계화 및 농민 역량강화를 통한 생산성증대 지원사업('13-'25/500만불),L2025-00012-1/(붙임2) 입찰 관련 부속서류/Q-Lab_Chacala_Bidding Doc/Section 6. Q-Lab_Chacala_Q-Lab_Technical Specification/Q-Lab_TECHNICAL SPECIFICATIONS/07 FIRE PROTECTION/CI ESPECIFICACIONES TÉCNICAS (ESP).pdf,.pdf,308284,True,16,0,시방서,
L2025-00012-1,2013-00064,볼리비아,볼리비아 고원지역 농업기계화 및 농민 역량강화를 통한 생산성증대 지원사업('13-'25/500만불),L2025-00012-1/(붙임2) 입찰 관련 부속서류/Q-Lab_Chacala_Bidding Doc/Section 6. Q-Lab_Chacala_Q-Lab_Technical Specification/Q-Lab_TECHNICAL SPECIFICATIONS/07 FIRE PROTECTION/CI Specificaction Sheets (ENG).pdf,.pdf,350247,True,15,0,시방서,
L2025-00012-1,2013-00064,볼리비아,볼리비아 고원지역 농업기계화 및 농민 역량강화를 통한 생산성증대 지원사업('13-'25/500만불),L2025-00012-1/(붙임2) 입찰 관련 부속서류/Q-Lab_Chacala_Bidding Doc/Section 6. Q-Lab_Chacala_Q-Lab_Technical Specification/Q-Lab_TECHNICAL SPECIFICATIONS/08 FURNITURE/ESPECIFICACIONES BLOQUE B - DISEÑO DETALLADO.pdf,.pdf,1440999,True,5,0,시방서,
L2025-00012-1,2013-00064,볼리비아,볼리비아 고원지역 농업기계화 및 농민 역량강화를 통한 생산성증대 지원사업('13-'25/500만불),L2025-00012-1/(붙임2) 입찰 관련 부속서류/Q-Lab_Chacala_Bidding Doc/Section 6. Q-Lab_Chacala_Q-Lab_Technical Specification/Q-Lab_TECHNICAL SPECIFICATIONS/08 FURNITURE/ESPECIFICACIONES BLOQUE C - DETAIL DESIGN.pdf,.pdf,837872,True,2,0,시방서,
L2025-00012-1,2013-00064,볼리비아,볼리비아 고원지역 농업기계화 및 농민 역량강화를 통한 생산성증대 지원사업('13-'25/500만불),L2025-00012-1/(붙임2) 입찰 관련 부속서류/Q-Lab_Chacala_Bidding Doc/Section 6. Q-Lab_Chacala_Q-Lab_Technical Specification/Q-Lab_TECHNICAL SPECIFICATIONS/08 FURNITURE/ESPECIFICACIONES BLOQUE D - DETAIL DESIGN.pdf,.pdf,4895811,True,10,0,시방서,
L2025-00012-1,2013-00064,볼리비아,볼리비아 고원지역 농업기계화 및 농민 역량강화를 통한 생산성증대 지원사업('13-'25/500만불),L2025-00012-1/(붙임2) 입찰 관련 부속서류/Q-Lab_Chacala_Bidding Doc/Section 6. Q-Lab_Chacala_Q-Lab_Technical Specification/Q-Lab_TECHNICAL SPECIFICATIONS/08 FURNITURE/ESPECIFICACIONES BLOQUE L - DETAIL DESIGN.pdf,.pdf,8057283,True,27,0,시방서,
L2025-00012-1,2013-00064,볼리비아,볼리비아 고원지역 농업기계화 및 농민 역량강화를 통한 생산성증대 지원사업('13-'25/500만불),L2025-00012-1/(붙임2) 입찰 관련 부속서류/Q-Lab_Chacala_Bidding Doc/Section 6. Q-Lab_Chacala_Q-Lab_Technical Specification/Q-Lab_TECHNICAL SPECIFICATIONS/08 FURNITURE/ESPECIFICACIONES TÉCNICAS - BLOQUE I.pdf,.pdf,799377,True,2,0,시방서,
L2025-00012-1,2013-00064,볼리비아,볼리비아 고원지역 농업기계화 및 농민 역량강화를 통한 생산성증대 지원사업('13-'25/500만불),L2025-00012-1/(붙임2) 입찰 관련 부속서류/Q-Lab_Chacala_Bidding Doc/Section 6. Q-Lab_Chacala_Q-Lab_Technical Specification/Q-Lab_TECHNICAL SPECIFICATIONS/09 HIDRSANYTARI/ENGLISH.pdf,.pdf,1227152,True,37,1,시방서,
L2025-00012-1,2013-00064,볼리비아,볼리비아 고원지역 농업기계화 및 농민 역량강화를 통한 생산성증대 지원사업('13-'25/500만불),L2025-00012-1/(붙임2) 입찰 관련 부속서류/Q-Lab_Chacala_Bidding Doc/Section 6. Q-Lab_Chacala_Q-Lab_Technical Specification/Q-Lab_TECHNICAL SPECIFICATIONS/09 HIDRSANYTARI/ESPANISH.pdf,.pdf,1423182,True,38,0,시방서,
L2025-00012-2,2013-00064,볼리비아,볼리비아 고원지역 농업기계화 및 농민 역량강화를 통한 생산성증대 지원사업('13-'25/500만불),L2025-00012-2/(붙임2) 입찰 관련 부속서류/Q-Lab_Chacala_Bidding Doc/Attachment01_Pledges/Section 9 - Pledges/Declaration of Anti_Corruption (반부패 선언서).docx,.docx,23026,True,38,0,,
L2025-00012-2,2013-00064,볼리비아,볼리비아 고원지역 농업기계화 및 농민 역량강화를 통한 생산성증대 지원사업('13-'25/500만불),L2025-00012-2/(붙임2) 입찰 관련 부속서류/Q-Lab_Chacala_Bidding Doc/Attachment01_Pledges/Section 9 - Pledges/Fair Contract Pledge Letter (공정계약 서약서).docx,.docx,18756,True,20,0,,
L2025-00012-2,2013-00064,볼리비아,볼리비아 고원지역 농업기계화 및 농민 역량강화를 통한 생산성증대 지원사업('13-'25/500만불),L2025-00012-2/(붙임2) 입찰 관련 부속서류/Q-Lab_Chacala_Bidding Doc/Attachment01_Pledges/Section 9 - Pledges/Integrity Pledge (청렴계약서).docx,.docx,36507,True,17,0,,
L2025-00012-2,2013-00064,볼리비아,볼리비아 고원지역 농업기계화 및 농민 역량강화를 통한 생산성증대 지원사업('13-'25/500만불),L2025-00012-2/(붙임2) 입찰 관련 부속서류/Q-Lab_Chacala_Bidding Doc/Attachment02_KOICA Bidding Regulations and Guidelines/Attachment 1. Detailed Enforcement Rules of the Regulations for Procurement and Contract in Grant Aid Projects.pdf,.pdf,554876,True,123,8,,
L2025-00012-2,2013-00064,볼리비아,볼리비아 고원지역 농업기계화 및 농민 역량강화를 통한 생산성증대 지원사업('13-'25/500만불),L2025-00012-2/(붙임2) 입찰 관련 부속서류/Q-Lab_Chacala_Bidding Doc/Attachment02_KOICA Bidding Regulations and Guidelines/Attachment 2. KOICA Regulations for International Procurement_20190304.pdf,.pdf,375625,True,55,1,,
L2025-00012-2,2013-00064,볼리비아,볼리비아 고원지역 농업기계화 및 농민 역량강화를 통한 생산성증대 지원사업('13-'25/500만불),L2025-00012-2/(붙임2) 입찰 관련 부속서류/Q-Lab_Chacala_Bidding Doc/Attachment02_KOICA Bidding Regulations and Guidelines/Attachment 3. Regulations for Procurement and Contract in Grant Aid Projects_20190520.pdf,.pdf,157627,True,33,2,,
L2025-00012-2,2013-00064,볼리비아,볼리비아 고원지역 농업기계화 및 농민 역량강화를 통한 생산성증대 지원사업('13-'25/500만불),L2025-00012-2/(붙임2) 입찰 관련 부속서류/Q-Lab_Chacala_Bidding Doc/Attachment02_KOICA Bidding Regulations and Guidelines/Attachment 4. Standards of Qualification Examination for Selection of Constructor_20140403.pdf,.pdf,315288,True,12,0,,
L2025-00012-2,2013-00064,볼리비아,볼리비아 고원지역 농업기계화 및 농민 역량강화를 통한 생산성증대 지원사업('13-'25/500만불),L2025-00012-2/(붙임2) 입찰 관련 부속서류/Q-Lab_Chacala_Bidding Doc/Attachment02_KOICA Bidding Regulations and Guidelines/Attachment 5. KOICA Safety Management Manual(ENG).pdf,.pdf,378337,True,37,4,,
L2025-00012-2,2013-00064,볼리비아,볼리비아 고원지역 농업기계화 및 농민 역량강화를 통한 생산성증대 지원사업('13-'25/500만불),L2025-00012-2/(붙임2) 입찰 관련 부속서류/Q-Lab_Chacala_Bidding Doc/Attachment02_KOICA Bidding Regulations and Guidelines/Attachment 6. Scope of Works.pdf,.pdf,160444,True,8,1,,
L2025-00012-2,2013-00064,볼리비아,볼리비아 고원지역 농업기계화 및 농민 역량강화를 통한 생산성증대 지원사업('13-'25/500만불),L2025-00012-2/(붙임2) 입찰 관련 부속서류/Q-Lab_Chacala_Bidding Doc/Section 4. Q-Lab_Chacala_BOQ_blanked/A1 ARCHITECTURE CHACALA.xlsx,.xlsx,779128,True,9122,107,BOQ,
L2025-00012-2,2013-00064,볼리비아,볼리비아 고원지역 농업기계화 및 농민 역량강화를 통한 생산성증대 지원사업('13-'25/500만불),L2025-00012-2/(붙임2) 입찰 관련 부속서류/Q-Lab_Chacala_Bidding Doc/Section 4. Q-Lab_Chacala_BOQ_blanked/A2 HA STRUCTURE.xls,.xls,1555456,True,1015,13,BOQ,
L2025-00012-2,2013-00064,볼리비아,볼리비아 고원지역 농업기계화 및 농민 역량강화를 통한 생산성증대 지원사업('13-'25/500만불),L2025-00012-2/(붙임2) 입찰 관련 부속서류/Q-Lab_Chacala_Bidding Doc/Section 4. Q-Lab_Chacala_BOQ_blanked/A3 EM STRUCTURE.xls,.xls,1427456,True,71,1,BOQ,
L2025-00012-2,2013-00064,볼리비아,볼리비아 고원지역 농업기계화 및 농민 역량강화를 통한 생산성증대 지원사업('13-'25/500만불),L2025-00012-2/(붙임2) 입찰 관련 부속서류/Q-Lab_Chacala_Bidding Doc/Section 4. Q-Lab_Chacala_BOQ_blanked/B ELECTRIC SYSTEM.xlsx,.xlsx,109607,True,454,6,BOQ,
L2025-00012-2,2013-00064,볼리비아,볼리비아 고원지역 농업기계화 및 농민 역량강화를 통한 생산성증대 지원사업('13-'25/500만불),L2025-00012-2/(붙임2) 입찰 관련 부속서류/Q-Lab_Chacala_Bidding Doc/Section 4. Q-Lab_Chacala_BOQ_blanked/F HYDRO SANITARY SYSTEM.xlsx,.xlsx,2229362,True,1600,72,BOQ,
L2025-00012-2,2013-00064,볼리비아,볼리비아 고원지역 농업기계화 및 농민 역량강화를 통한 생산성증대 지원사업('13-'25/500만불),L2025-00012-2/(붙임2) 입찰 관련 부속서류/Q-Lab_Chacala_Bidding Doc/Section 4. Q-Lab_Chacala_BOQ_blanked/G LAND SCAPE.xls,.xls,1558528,True,700,12,BOQ,
L2025-00012-2,2013-00064,볼리비아,볼리비아 고원지역 농업기계화 및 농민 역량강화를 통한 생산성증대 지원사업('13-'25/500만불),L2025-00012-2/(붙임2) 입찰 관련 부속서류/Q-Lab_Chacala_Bidding Doc/Section 5. Q-Lab_Chacala_Q-Lab_DWG/00_CHACALA_Arch.pdf,.pdf,8833442,True,24,10,,
L2025-00012-2,2013-00064,볼리비아,볼리비아 고원지역 농업기계화 및 농민 역량강화를 통한 생산성증대 지원사업('13-'25/500만불),L2025-00012-2/(붙임2) 입찰 관련 부속서류/Q-Lab_Chacala_Bidding Doc/Section 5. Q-Lab_Chacala_Q-Lab_DWG/01_CHACALA_RC.pdf,.pdf,1136288,True,4,0,,
L2025-00012-2,2013-00064,볼리비아,볼리비아 고원지역 농업기계화 및 농민 역량강화를 통한 생산성증대 지원사업('13-'25/500만불),L2025-00012-2/(붙임2) 입찰 관련 부속서류/Q-Lab_Chacala_Bidding Doc/Section 5. Q-Lab_Chacala_Q-Lab_DWG/02_CHACALA_MS.pdf,.pdf,887242,True,5,0,,
L2025-00012-2,2013-00064,볼리비아,볼리비아 고원지역 농업기계화 및 농민 역량강화를 통한 생산성증대 지원사업('13-'25/500만불),L2025-00012-2/(붙임2) 입찰 관련 부속서류/Q-Lab_Chacala_Bidding Doc/Section 5. Q-Lab_Chacala_Q-Lab_DWG/03_CHACALA_EL.pdf,.pdf,893587,True,2,0,,
L2025-00012-2,2013-00064,볼리비아,볼리비아 고원지역 농업기계화 및 농민 역량강화를 통한 생산성증대 지원사업('13-'25/500만불),L2025-00012-2/(붙임2) 입찰 관련 부속서류/Q-Lab_Chacala_Bidding Doc/Section 5. Q-Lab_Chacala_Q-Lab_DWG/04_CHACALA_SA.pdf,.pdf,340063,True,2,0,,
L2025-00012-2,2013-00064,볼리비아,볼리비아 고원지역 농업기계화 및 농민 역량강화를 통한 생산성증대 지원사업('13-'25/500만불),L2025-00012-2/(붙임2) 입찰 관련 부속서류/Q-Lab_Chacala_Bidding Doc/Section 5. Q-Lab_Chacala_Q-Lab_DWG/05_SINGAGE CHACALA.pdf,.pdf,859476,True,4,0,,
L2025-00012-2,2013-00064,볼리비아,볼리비아 고원지역 농업기계화 및 농민 역량강화를 통한 생산성증대 지원사업('13-'25/500만불),L2025-00012-2/(붙임2) 입찰 관련 부속서류/Q-Lab_Chacala_Bidding Doc/Section 6. Q-Lab_Chacala_Q-Lab_Technical Specification/Q-Lab_TECHNICAL SPECIFICATIONS/01 ARCHITECTURE/01 PLIEGO DE ESPECIFICACIONES TECNICAS es-SP.pdf,.pdf,1821773,True,122,0,시방서,
L2025-00012-2,2013-00064,볼리비아,볼리비아 고원지역 농업기계화 및 농민 역량강화를 통한 생산성증대 지원사업('13-'25/500만불),L2025-00012-2/(붙임2) 입찰 관련 부속서류/Q-Lab_Chacala_Bidding Doc/Section 6. Q-Lab_Chacala_Q-Lab_Technical Specification/Q-Lab_TECHNICAL SPECIFICATIONS/01 ARCHITECTURE/ESPECIFICATION SHEETT.pdf,.pdf,1704961,True,117,10,시방서,
L2025-00012-2,2013-00064,볼리비아,볼리비아 고원지역 농업기계화 및 농민 역량강화를 통한 생산성증대 지원사업('13-'25/500만불),L2025-00012-2/(붙임2) 입찰 관련 부속서류/Q-Lab_Chacala_Bidding Doc/Section 6. Q-Lab_Chacala_Q-Lab_Technical Specification/Q-Lab_TECHNICAL SPECIFICATIONS/01 ARCHITECTURE/PAISAJISMO ESP  ING..pdf,.pdf,592415,True,18,0,시방서,
L2025-00012-2,2013-00064,볼리비아,볼리비아 고원지역 농업기계화 및 농민 역량강화를 통한 생산성증대 지원사업('13-'25/500만불),L2025-00012-2/(붙임2) 입찰 관련 부속서류/Q-Lab_Chacala_Bidding Doc/Section 6. Q-Lab_Chacala_Q-Lab_Technical Specification/Q-Lab_TECHNICAL SPECIFICATIONS/02 ESTRUCTURE/01-Español/01-Especificaciones Técnicas Generales.pdf,.pdf,474262,True,37,0,시방서,
L2025-00012-2,2013-00064,볼리비아,볼리비아 고원지역 농업기계화 및 농민 역량강화를 통한 생산성증대 지원사업('13-'25/500만불),L2025-00012-2/(붙임2) 입찰 관련 부속서류/Q-Lab_Chacala_Bidding Doc/Section 6. Q-Lab_Chacala_Q-Lab_Technical Specification/Q-Lab_TECHNICAL SPECIFICATIONS/02 ESTRUCTURE/02-Inglés/01-General Technical Specifications.pdf,.pdf,422809,True,35,0,시방서,
L2025-00012-2,2013-00064,볼리비아,볼리비아 고원지역 농업기계화 및 농민 역량강화를 통한 생산성증대 지원사업('13-'25/500만불),L2025-00012-2/(붙임2) 입찰 관련 부속서류/Q-Lab_Chacala_Bidding Doc/Section 6. Q-Lab_Chacala_Q-Lab_Technical Specification/Q-Lab_TECHNICAL SPECIFICATIONS/02 ESTRUCTURE/02-Inglés/02-SPECIFIC TECHNICAL SPECIFICATION EST-HA.pdf,.pdf,384364,True,30,2,시방서,
L2025-00012-2,2013-00064,볼리비아,볼리비아 고원지역 농업기계화 및 농민 역량강화를 통한 생산성증대 지원사업('13-'25/500만불),L2025-00012-2/(붙임2) 입찰 관련 부속서류/Q-Lab_Chacala_Bidding Doc/Section 6. Q-Lab_Chacala_Q-Lab_Technical Specification/Q-Lab_TECHNICAL SPECIFICATIONS/03 METALLIC ESTRUCTURE/ET 150 ESTRUCTURA METALICA-STTEL STRUCTURE.pdf,.pdf,478173,True,8,1,시방서,
L2025-00012-2,2013-00064,볼리비아,볼리비아 고원지역 농업기계화 및 농민 역량강화를 통한 생산성증대 지원사업('13-'25/500만불),L2025-00012-2/(붙임2) 입찰 관련 부속서류/Q-Lab_Chacala_Bidding Doc/Section 6. Q-Lab_Chacala_Q-Lab_Technical Specification/Q-Lab_TECHNICAL SPECIFICATIONS/03 METALLIC ESTRUCTURE/ET 152 CUBIERTA SELLLADA E=5CM-COVER SEALED.pdf,.pdf,530290,True,12,0,시방서,
L2025-00012-2,2013-00064,볼리비아,볼리비아 고원지역 농업기계화 및 농민 역량강화를 통한 생산성증대 지원사업('13-'25/500만불),L2025-00012-2/(붙임2) 입찰 관련 부속서류/Q-Lab_Chacala_Bidding Doc/Section 6. Q-Lab_Chacala_Q-Lab_Technical Specification/Q-Lab_TECHNICAL SPECIFICATIONS/04 ELECTRIC/EL ESPECIFICACIONES TÉCNICAS (ESP).pdf,.pdf,409139,True,31,2,시방서,
L2025-00012-2,2013-00064,볼리비아,볼리비아 고원지역 농업기계화 및 농민 역량강화를 통한 생산성증대 지원사업('13-'25/500만불),L2025-00012-2/(붙임2) 입찰 관련 부속서류/Q-Lab_Chacala_Bidding Doc/Section 6. Q-Lab_Chacala_Q-Lab_Technical Specification/Q-Lab_TECHNICAL SPECIFICATIONS/04 ELECTRIC/EL Specificaction Sheets (ENG).pdf,.pdf,434004,True,29,3,시방서,
L2025-00012-2,2013-00064,볼리비아,볼리비아 고원지역 농업기계화 및 농민 역량강화를 통한 생산성증대 지원사업('13-'25/500만불),L2025-00012-2/(붙임2) 입찰 관련 부속서류/Q-Lab_Chacala_Bidding Doc/Section 6. Q-Lab_Chacala_Q-Lab_Technical Specification/Q-Lab_TECHNICAL SPECIFICATIONS/05 TELECOMUNICATION/IT ESPECIFICACIONES TÉCNICAS (ESP).pdf,.pdf,633957,True,28,1,시방서,
L2025-00012-2,2013-00064,볼리비아,볼리비아 고원지역 농업기계화 및 농민 역량강화를 통한 생산성증대 지원사업('13-'25/500만불),L2025-00012-2/(붙임2) 입찰 관련 부속서류/Q-Lab_Chacala_Bidding Doc/Section 6. Q-Lab_Chacala_Q-Lab_Technical Specification/Q-Lab_TECHNICAL SPECIFICATIONS/05 TELECOMUNICATION/IT Specificaction Sheets (ENG).pdf,.pdf,572135,True,28,1,시방서,
L2025-00012-2,2013-00064,볼리비아,볼리비아 고원지역 농업기계화 및 농민 역량강화를 통한 생산성증대 지원사업('13-'25/500만불),L2025-00012-2/(붙임2) 입찰 관련 부속서류/Q-Lab_Chacala_Bidding Doc/Section 6. Q-Lab_Chacala_Q-Lab_Technical Specification/Q-Lab_TECHNICAL SPECIFICATIONS/06 AIR CONDITIONING/CL ESPECIFICACIONES TÉCNICAS (ESP).pdf,.pdf,742353,True,28,1,시방서,
L2025-00012-2,2013-00064,볼리비아,볼리비아 고원지역 농업기계화 및 농민 역량강화를 통한 생산성증대 지원사업('13-'25/500만불),L2025-00012-2/(붙임2) 입찰 관련 부속서류/Q-Lab_Chacala_Bidding Doc/Section 6. Q-Lab_Chacala_Q-Lab_Technical Specification/Q-Lab_TECHNICAL SPECIFICATIONS/06 AIR CONDITIONING/CL Specificaction Sheets (ENG).pdf,.pdf,688151,True,27,0,시방서,
L2025-00012-2,2013-00064,볼리비아,볼리비아 고원지역 농업기계화 및 농민 역량강화를 통한 생산성증대 지원사업('13-'25/500만불),L2025-00012-2/(붙임2) 입찰 관련 부속서류/Q-Lab_Chacala_Bidding Doc/Section 6. Q-Lab_Chacala_Q-Lab_Technical Specification/Q-Lab_TECHNICAL SPECIFICATIONS/07 FIRE PROTECTION/CI ESPECIFICACIONES TÉCNICAS (ESP).pdf,.pdf,308284,True,16,0,시방서,
L2025-00012-2,2013-00064,볼리비아,볼리비아 고원지역 농업기계화 및 농민 역량강화를 통한 생산성증대 지원사업('13-'25/500만불),L2025-00012-2/(붙임2) 입찰 관련 부속서류/Q-Lab_Chacala_Bidding Doc/Section 6. Q-Lab_Chacala_Q-Lab_Technical Specification/Q-Lab_TECHNICAL SPECIFICATIONS/07 FIRE PROTECTION/CI Specificaction Sheets (ENG).pdf,.pdf,350247,True,15,0,시방서,
L2025-00012-2,2013-00064,볼리비아,볼리비아 고원지역 농업기계화 및 농민 역량강화를 통한 생산성증대 지원사업('13-'25/500만불),L2025-00012-2/(붙임2) 입찰 관련 부속서류/Q-Lab_Chacala_Bidding Doc/Section 6. Q-Lab_Chacala_Q-Lab_Technical Specification/Q-Lab_TECHNICAL SPECIFICATIONS/08 FURNITURE/ESPECIFICACIONES BLOQUE B - DISEÑO DETALLADO.pdf,.pdf,1440999,True,5,0,시방서,
L2025-00012-2,2013-00064,볼리비아,볼리비아 고원지역 농업기계화 및 농민 역량강화를 통한 생산성증대 지원사업('13-'25/500만불),L2025-00012-2/(붙임2) 입찰 관련 부속서류/Q-Lab_Chacala_Bidding Doc/Section 6. Q-Lab_Chacala_Q-Lab_Technical Specification/Q-Lab_TECHNICAL SPECIFICATIONS/08 FURNITURE/ESPECIFICACIONES BLOQUE C - DETAIL DESIGN.pdf,.pdf,837872,True,2,0,시방서,
L2025-00012-2,2013-00064,볼리비아,볼리비아 고원지역 농업기계화 및 농민 역량강화를 통한 생산성증대 지원사업('13-'25/500만불),L2025-00012-2/(붙임2) 입찰 관련 부속서류/Q-Lab_Chacala_Bidding Doc/Section 6. Q-Lab_Chacala_Q-Lab_Technical Specification/Q-Lab_TECHNICAL SPECIFICATIONS/08 FURNITURE/ESPECIFICACIONES BLOQUE D - DETAIL DESIGN.pdf,.pdf,4895811,True,10,0,시방서,
L2025-00012-2,2013-00064,볼리비아,볼리비아 고원지역 농업기계화 및 농민 역량강화를 통한 생산성증대 지원사업('13-'25/500만불),L2025-00012-2/(붙임2) 입찰 관련 부속서류/Q-Lab_Chacala_Bidding Doc/Section 6. Q-Lab_Chacala_Q-Lab_Technical Specification/Q-Lab_TECHNICAL SPECIFICATIONS/08 FURNITURE/ESPECIFICACIONES BLOQUE L - DETAIL DESIGN.pdf,.pdf,8057283,True,27,0,시방서,
L2025-00012-2,2013-00064,볼리비아,볼리비아 고원지역 농업기계화 및 농민 역량강화를 통한 생산성증대 지원사업('13-'25/500만불),L2025-00012-2/(붙임2) 입찰 관련 부속서류/Q-Lab_Chacala_Bidding Doc/Section 6. Q-Lab_Chacala_Q-Lab_Technical Specification/Q-Lab_TECHNICAL SPECIFICATIONS/08 FURNITURE/ESPECIFICACIONES TÉCNICAS - BLOQUE I.pdf,.pdf,799377,True,2,0,시방서,
L2025-00012-2,2013-00064,볼리비아,볼리비아 고원지역 농업기계화 및 농민 역량강화를 통한 생산성증대 지원사업('13-'25/500만불),L2025-00012-2/(붙임2) 입찰 관련 부속서류/Q-Lab_Chacala_Bidding Doc/Section 6. Q-Lab_Chacala_Q-Lab_Technical Specification/Q-Lab_TECHNICAL SPECIFICATIONS/09 HIDRSANYTARI/ENGLISH.pdf,.pdf,1227152,True,37,1,시방서,
L2025-00012-2,2013-00064,볼리비아,볼리비아 고원지역 농업기계화 및 농민 역량강화를 통한 생산성증대 지원사업('13-'25/500만불),L2025-00012-2/(붙임2) 입찰 관련 부속서류/Q-Lab_Chacala_Bidding Doc/Section 6. Q-Lab_Chacala_Q-Lab_Technical Specification/Q-Lab_TECHNICAL SPECIFICATIONS/09 HIDRSANYTARI/ESPANISH.pdf,.pdf,1423182,True,38,0,시방서,
L2025-00021-1,2020-00048,세네갈,"세네갈 미곡가치사슬 강화 2차 사업('20-'26/1,100만불)",L2025-00021-1/2. (세네갈) 입찰서류 일체/2. (세네갈) 입찰서류 일체/Section 1 - Instructions to Bidders (ITB) - 수정(241115)/Section 1 - Instructions to Bidders (ITB)_수정.hwp,.hwp,168448,True,161,0,,
L2025-00021-1,2020-00048,세네갈,"세네갈 미곡가치사슬 강화 2차 사업('20-'26/1,100만불)",L2025-00021-1/2. (세네갈) 입찰서류 일체/2. (세네갈) 입찰서류 일체/Section 1 - Instructions to Bidders (ITB) - 수정(241115)/Section 1 - Instructions to Bidders (ITB)_수정.pdf,.pdf,161688,True,12,0,,
L2025-00021-1,2020-00048,세네갈,"세네갈 미곡가치사슬 강화 2차 사업('20-'26/1,100만불)",L2025-00021-1/2. (세네갈) 입찰서류 일체/2. (세네갈) 입찰서류 일체/Section 1 - Instructions to Bidders (ITB) - 수정(241115)/Section 1 - 국제입찰유의서 (ITB).hwp,.hwp,92672,True,129,0,,
L2025-00021-1,2020-00048,세네갈,"세네갈 미곡가치사슬 강화 2차 사업('20-'26/1,100만불)",L2025-00021-1/2. (세네갈) 입찰서류 일체/2. (세네갈) 입찰서류 일체/Section 9 - Pledges/Declaration of Anti_Corruption (반부패 선언서).docx,.docx,23026,True,38,0,,
L2025-00021-1,2020-00048,세네갈,"세네갈 미곡가치사슬 강화 2차 사업('20-'26/1,100만불)",L2025-00021-1/2. (세네갈) 입찰서류 일체/2. (세네갈) 입찰서류 일체/Section 9 - Pledges/Fair Contract Pledge Letter (공정계약 서약서).docx,.docx,18756,True,20,0,,
L2025-00021-1,2020-00048,세네갈,"세네갈 미곡가치사슬 강화 2차 사업('20-'26/1,100만불)",L2025-00021-1/2. (세네갈) 입찰서류 일체/2. (세네갈) 입찰서류 일체/Section 9 - Pledges/Integrity Pledge (청렴계약서).docx,.docx,36507,True,17,0,,
L2025-00025-1,2017-14639,페루,중남미 사후관리(사후지원),L2025-00025-1/Attach02_(붙임2) 입찰제반서류_공고문/Section 4 - Terms of Reference (TOR)_Peru San Juan Health Center_Attachment/Attachment 1. Drawing for the existing building.pdf,.pdf,7757765,True,0,0,도면,
L2025-00025-1,2017-14639,페루,중남미 사후관리(사후지원),L2025-00025-1/Attach02_(붙임2) 입찰제반서류_공고문/Section 4 - Terms of Reference (TOR)_Peru San Juan Health Center_Attachment/Attachment 2. Descriptive memory.pdf,.pdf,4698204,True,81,3,,
L2025-00036-1,2024-00015,캄보디아,"캄보디아 당까오 후송병원 공공의료서비스 개선사업('24-'29/1,100만불)",L2025-00036-1/붙임2. 입찰서류 영문본 일체/Section 9-1 - Pledges/9-1-1. Declaration of Anti_Corruption (반부패 선언서).docx,.docx,23026,True,38,0,,
L2025-00036-1,2024-00015,캄보디아,"캄보디아 당까오 후송병원 공공의료서비스 개선사업('24-'29/1,100만불)",L2025-00036-1/붙임2. 입찰서류 영문본 일체/Section 9-1 - Pledges/9-1-2. Integrity Pledge (청렴계약서).docx,.docx,36507,True,17,0,,
L2025-00036-1,2024-00015,캄보디아,"캄보디아 당까오 후송병원 공공의료서비스 개선사업('24-'29/1,100만불)",L2025-00036-1/붙임2. 입찰서류 영문본 일체/Section 9-1 - Pledges/9-1-3. Fair Contract Pledge Letter (공정계약 서약서).docx,.docx,18756,True,20,0,,
L2025-00047-1,2022-00598,파키스탄,파키스탄 국립섬유대학 산업용 섬유센터 설립사업 2차사업('22-'28/795만불),L2025-00047-1/붙임2. 영문 입찰서류_섬유센터 2차사업 시공 재입찰 (2025.06.20)/Section 10 - Pledges/Section 10 - Pledges/1. Sworn Statement on Company Being a Non-Blacklisted Entity.docx,.docx,18245,True,13,0,,
L2025-00047-1,2022-00598,파키스탄,파키스탄 국립섬유대학 산업용 섬유센터 설립사업 2차사업('22-'28/795만불),L2025-00047-1/붙임2. 영문 입찰서류_섬유센터 2차사업 시공 재입찰 (2025.06.20)/Section 10 - Pledges/Section 10 - Pledges/2. Declaration of Anti_Corruption.docx,.docx,20916,True,27,0,,
L2025-00047-1,2022-00598,파키스탄,파키스탄 국립섬유대학 산업용 섬유센터 설립사업 2차사업('22-'28/795만불),L2025-00047-1/붙임2. 영문 입찰서류_섬유센터 2차사업 시공 재입찰 (2025.06.20)/Section 10 - Pledges/Section 10 - Pledges/3. Integrity Pledge.docx,.docx,36507,True,17,0,,
L2025-00047-1,2022-00598,파키스탄,파키스탄 국립섬유대학 산업용 섬유센터 설립사업 2차사업('22-'28/795만불),L2025-00047-1/붙임2. 영문 입찰서류_섬유센터 2차사업 시공 재입찰 (2025.06.20)/Section 10 - Pledges/Section 10 - Pledges/4. Fair Contract Pledge Letter.docx,.docx,18338,True,11,0,,
L2025-00047-1,2022-00598,파키스탄,파키스탄 국립섬유대학 산업용 섬유센터 설립사업 2차사업('22-'28/795만불),L2025-00047-1/붙임2. 영문 입찰서류_섬유센터 2차사업 시공 재입찰 (2025.06.20)/Section 10 - Pledges/Section 10 - Pledges/5. Action Pledge to Integrate Human Rights into Business Management.DOC,.doc,19967,True,15,0,,
L2025-00047-1,2022-00598,파키스탄,파키스탄 국립섬유대학 산업용 섬유센터 설립사업 2차사업('22-'28/795만불),L2025-00047-1/붙임2. 영문 입찰서류_섬유센터 2차사업 시공 재입찰 (2025.06.20)/Section 6-Specification/1-1 PKTC-Spec-ARCH+STR.pdf,.pdf,2581647,True,153,2,시방서,
L2025-00047-1,2022-00598,파키스탄,파키스탄 국립섬유대학 산업용 섬유센터 설립사업 2차사업('22-'28/795만불),L2025-00047-1/붙임2. 영문 입찰서류_섬유센터 2차사업 시공 재입찰 (2025.06.20)/Section 6-Specification/1-2 -PKTC-Spec-Electrical -.pdf,.pdf,807289,True,78,1,시방서,
L2025-00047-1,2022-00598,파키스탄,파키스탄 국립섬유대학 산업용 섬유센터 설립사업 2차사업('22-'28/795만불),L2025-00047-1/붙임2. 영문 입찰서류_섬유센터 2차사업 시공 재입찰 (2025.06.20)/Section 6-Specification/1-3-PKTC-Spec-HVAC -.pdf,.pdf,422955,True,17,0,시방서,
L2025-00047-1,2022-00598,파키스탄,파키스탄 국립섬유대학 산업용 섬유센터 설립사업 2차사업('22-'28/795만불),L2025-00047-1/붙임2. 영문 입찰서류_섬유센터 2차사업 시공 재입찰 (2025.06.20)/Section 6-Specification/1-4-PKTC-Spec-Plubming.pdf,.pdf,772926,True,67,2,시방서,
L2025-00047-1,2022-00598,파키스탄,파키스탄 국립섬유대학 산업용 섬유센터 설립사업 2차사업('22-'28/795만불),L2025-00047-1/붙임2. 영문 입찰서류_섬유센터 2차사업 시공 재입찰 (2025.06.20)/Section 6-Specification/1-5 PKTC-Spec-Fire Fighting.pdf,.pdf,1025670,True,67,2,시방서,
L2025-00052-1,2023-00067,코트디부아르,코트디부아르 펠릭스 우푸에 부아니대학교 ICT 교육역량 강화 및 ICT 혁신센터 설립 사업('23-'27/995만불),L2025-00052-1/(붙임 2) 영문 입찰 계획 서류_KOICA FHBU Construction_정정본/Section 1 - Instructions to Bidders (ITB)_KOICA FHBU Construction/Section 1 - Instructions to Bidders (ITB).hwp,.hwp,165376,True,165,0,,
L2025-00052-1,2023-00067,코트디부아르,코트디부아르 펠릭스 우푸에 부아니대학교 ICT 교육역량 강화 및 ICT 혁신센터 설립 사업('23-'27/995만불),L2025-00052-1/(붙임 2) 영문 입찰 계획 서류_KOICA FHBU Construction_정정본/Section 1 - Instructions to Bidders (ITB)_KOICA FHBU Construction/Section 1 - Instructions to Bidders (ITB).pdf,.pdf,165225,True,13,0,,
L2025-00052-1,2023-00067,코트디부아르,코트디부아르 펠릭스 우푸에 부아니대학교 ICT 교육역량 강화 및 ICT 혁신센터 설립 사업('23-'27/995만불),L2025-00052-1/(붙임 2) 영문 입찰 계획 서류_KOICA FHBU Construction_정정본/Section 1 - Instructions to Bidders (ITB)_KOICA FHBU Construction/Section 1 - 국제입찰유의서 (ITB).hwp,.hwp,164352,True,135,0,,
L2025-00052-1,2023-00067,코트디부아르,코트디부아르 펠릭스 우푸에 부아니대학교 ICT 교육역량 강화 및 ICT 혁신센터 설립 사업('23-'27/995만불),L2025-00052-1/(붙임 2) 영문 입찰 계획 서류_KOICA FHBU Construction_정정본/Section 10 - KOICA Bidding Regulations and Guidelines_KOICA FHBU Construction/Detailed Enforcement Rules of the Regulations for Procurement and Contract in Grant Aid Projects(대외무상협력사업에 관한 조달 및 계약규정 시ᄒ.pdf,.pdf,554876,True,123,8,,
L2025-00052-1,2023-00067,코트디부아르,코트디부아르 펠릭스 우푸에 부아니대학교 ICT 교육역량 강화 및 ICT 혁신센터 설립 사업('23-'27/995만불),L2025-00052-1/(붙임 2) 영문 입찰 계획 서류_KOICA FHBU Construction_정정본/Section 10 - KOICA Bidding Regulations and Guidelines_KOICA FHBU Construction/Guidelines for Technical Evaluation(기술평가지침)_20210408.pdf,.pdf,416852,True,65,9,,
L2025-00052-1,2023-00067,코트디부아르,코트디부아르 펠릭스 우푸에 부아니대학교 ICT 교육역량 강화 및 ICT 혁신센터 설립 사업('23-'27/995만불),L2025-00052-1/(붙임 2) 영문 입찰 계획 서류_KOICA FHBU Construction_정정본/Section 10 - KOICA Bidding Regulations and Guidelines_KOICA FHBU Construction/KOICA Regulations for International Procurement(국제조달규정)_20190304.pdf,.pdf,375625,True,55,1,,
L2025-00052-1,2023-00067,코트디부아르,코트디부아르 펠릭스 우푸에 부아니대학교 ICT 교육역량 강화 및 ICT 혁신센터 설립 사업('23-'27/995만불),L2025-00052-1/(붙임 2) 영문 입찰 계획 서류_KOICA FHBU Construction_정정본/Section 10 - KOICA Bidding Regulations and Guidelines_KOICA FHBU Construction/Regulations for Procurement and Contract in Grant Aid Projects(대외무상협력사업에 관한 조달 및 계약규정)_20190520.pdf,.pdf,157627,True,33,2,,
L2025-00052-1,2023-00067,코트디부아르,코트디부아르 펠릭스 우푸에 부아니대학교 ICT 교육역량 강화 및 ICT 혁신센터 설립 사업('23-'27/995만불),L2025-00052-1/(붙임 2) 영문 입찰 계획 서류_KOICA FHBU Construction_정정본/Section 10 - KOICA Bidding Regulations and Guidelines_KOICA FHBU Construction/Standards of Qualification Examination for Selection of Constructor(시공사선정적격심사기준)_20140403.pdf,.pdf,315288,True,12,0,,
L2025-00052-1,2023-00067,코트디부아르,코트디부아르 펠릭스 우푸에 부아니대학교 ICT 교육역량 강화 및 ICT 혁신센터 설립 사업('23-'27/995만불),L2025-00052-1/(붙임 2) 영문 입찰 계획 서류_KOICA FHBU Construction_정정본/Section 8-2 KOICA Safety Management Manual_KOICA FHBU Construction/KOICA Safety Management Manual.pdf,.pdf,378337,True,37,4,,
L2025-00052-1,2023-00067,코트디부아르,코트디부아르 펠릭스 우푸에 부아니대학교 ICT 교육역량 강화 및 ICT 혁신센터 설립 사업('23-'27/995만불),L2025-00052-1/(붙임 2) 영문 입찰 계획 서류_KOICA FHBU Construction_정정본/Section 8-2 KOICA Safety Management Manual_KOICA FHBU Construction/KOICA_건설공사 안전관리업무 매뉴얼(한글).pdf,.pdf,383336,True,39,6,,
L2025-00052-1,2023-00067,코트디부아르,코트디부아르 펠릭스 우푸에 부아니대학교 ICT 교육역량 강화 및 ICT 혁신센터 설립 사업('23-'27/995만불),L2025-00052-1/(붙임 2) 영문 입찰 계획 서류_KOICA FHBU Construction_정정본/Section 9-2 - Pledges_KOICA FHBU Construction/Declaration of Anti_Corruption (반부패 선언서).docx,.docx,23026,True,38,0,,
L2025-00052-1,2023-00067,코트디부아르,코트디부아르 펠릭스 우푸에 부아니대학교 ICT 교육역량 강화 및 ICT 혁신센터 설립 사업('23-'27/995만불),L2025-00052-1/(붙임 2) 영문 입찰 계획 서류_KOICA FHBU Construction_정정본/Section 9-2 - Pledges_KOICA FHBU Construction/Fair Contract Pledge Letter (공정계약 서약서).docx,.docx,18756,True,20,0,,
L2025-00052-1,2023-00067,코트디부아르,코트디부아르 펠릭스 우푸에 부아니대학교 ICT 교육역량 강화 및 ICT 혁신센터 설립 사업('23-'27/995만불),L2025-00052-1/(붙임 2) 영문 입찰 계획 서류_KOICA FHBU Construction_정정본/Section 9-2 - Pledges_KOICA FHBU Construction/Integrity Pledge (청렴계약서).docx,.docx,36507,True,17,0,,
L2025-00053-1,2022-00072,탄자니아,탄자니아 잔지바르 해양수산분야 가치사슬 구축 및 소득증대를 통한 여성 권익 강화 사업('23-'27/550만불),L2025-00053-1/3. 현지입찰 제반서류 각1부/Section 1 - Instructions to Bidders (ITB)/Section 1 - Instructions to Bidders (ITB).hwp,.hwp,168448,True,161,0,,
L2025-00053-1,2022-00072,탄자니아,탄자니아 잔지바르 해양수산분야 가치사슬 구축 및 소득증대를 통한 여성 권익 강화 사업('23-'27/550만불),L2025-00053-1/3. 현지입찰 제반서류 각1부/Section 1 - Instructions to Bidders (ITB)/Section 1 - 국제입찰유의서 (ITB).hwp,.hwp,92672,True,129,0,,
L2025-00053-1,2022-00072,탄자니아,탄자니아 잔지바르 해양수산분야 가치사슬 구축 및 소득증대를 통한 여성 권익 강화 사업('23-'27/550만불),L2025-00053-1/3. 현지입찰 제반서류 각1부/Section 9 - Pledges/Action Pledge to Integrate Human Rights into Business Management of International Development Cooperation Projects (국제개발협력사업 인권경영 실천 서야.docx,.docx,19215,True,16,0,,
L2025-00053-1,2022-00072,탄자니아,탄자니아 잔지바르 해양수산분야 가치사슬 구축 및 소득증대를 통한 여성 권익 강화 사업('23-'27/550만불),L2025-00053-1/3. 현지입찰 제반서류 각1부/Section 9 - Pledges/Declaration of Anti_Corruption (반부패 선언서).docx,.docx,23026,True,38,0,,
L2025-00053-1,2022-00072,탄자니아,탄자니아 잔지바르 해양수산분야 가치사슬 구축 및 소득증대를 통한 여성 권익 강화 사업('23-'27/550만불),L2025-00053-1/3. 현지입찰 제반서류 각1부/Section 9 - Pledges/Fair Contract Pledge Letter (공정계약 서약서).docx,.docx,18756,True,20,0,,
L2025-00053-1,2022-00072,탄자니아,탄자니아 잔지바르 해양수산분야 가치사슬 구축 및 소득증대를 통한 여성 권익 강화 사업('23-'27/550만불),L2025-00053-1/3. 현지입찰 제반서류 각1부/Section 9 - Pledges/Integrity Pledge (청렴계약서).docx,.docx,36507,True,17,0,,
L2025-00060-1,2024-00029,코트디부아르,"코트디부아르 지역균형발전을 위한 중부지역 직업전문학교 역량강화사업('24-'29/1,100만불)",L2025-00060-1/(붙임 2) (영문) 입찰서류_코트디부아르 부아케 설계 및 감리 용역_최종/Section 1 - Instructions to Bidders (ITB)_Bouake Project Design/Section 1 - Instructions to Bidders (ITB).hwp,.hwp,168448,True,161,0,,
L2025-00060-1,2024-00029,코트디부아르,"코트디부아르 지역균형발전을 위한 중부지역 직업전문학교 역량강화사업('24-'29/1,100만불)",L2025-00060-1/(붙임 2) (영문) 입찰서류_코트디부아르 부아케 설계 및 감리 용역_최종/Section 1 - Instructions to Bidders (ITB)_Bouake Project Design/Section 1 - 국제입찰유의서 (ITB).hwp,.hwp,92672,True,129,0,,
L2025-00060-1,2024-00029,코트디부아르,"코트디부아르 지역균형발전을 위한 중부지역 직업전문학교 역량강화사업('24-'29/1,100만불)",L2025-00060-1/(붙임 2) (영문) 입찰서류_코트디부아르 부아케 설계 및 감리 용역_최종/Section 5 - Reference Documents_Bouake Project Design/Section 5 - Bid Document Checklist.xlsx,.xlsx,25025,True,20,1,,
L2025-00060-1,2024-00029,코트디부아르,"코트디부아르 지역균형발전을 위한 중부지역 직업전문학교 역량강화사업('24-'29/1,100만불)",L2025-00060-1/(붙임 2) (영문) 입찰서류_코트디부아르 부아케 설계 및 감리 용역_최종/Section 5 - Reference Documents_Bouake Project Design/Section 5 - Construction Supervision Forms.docx,.docx,21655,True,110,0,,
L2025-00060-1,2024-00029,코트디부아르,"코트디부아르 지역균형발전을 위한 중부지역 직업전문학교 역량강화사업('24-'29/1,100만불)",L2025-00060-1/(붙임 2) (영문) 입찰서류_코트디부아르 부아케 설계 및 감리 용역_최종/Section 9 - Pledges_Bouake Project Design/Action Pledge to Integrate Human Rights into Business Management of International Development Cooperation Projects (국제개발협력사업 인권경영 실천 서야.docx,.docx,19215,True,16,0,,
L2025-00060-1,2024-00029,코트디부아르,"코트디부아르 지역균형발전을 위한 중부지역 직업전문학교 역량강화사업('24-'29/1,100만불)",L2025-00060-1/(붙임 2) (영문) 입찰서류_코트디부아르 부아케 설계 및 감리 용역_최종/Section 9 - Pledges_Bouake Project Design/Declaration of Anti_Corruption (반부패 선언서).docx,.docx,23026,True,38,0,,
L2025-00060-1,2024-00029,코트디부아르,"코트디부아르 지역균형발전을 위한 중부지역 직업전문학교 역량강화사업('24-'29/1,100만불)",L2025-00060-1/(붙임 2) (영문) 입찰서류_코트디부아르 부아케 설계 및 감리 용역_최종/Section 9 - Pledges_Bouake Project Design/Fair Contract Pledge Letter (공정계약 서약서).docx,.docx,18756,True,20,0,,
L2025-00060-1,2024-00029,코트디부아르,"코트디부아르 지역균형발전을 위한 중부지역 직업전문학교 역량강화사업('24-'29/1,100만불)",L2025-00060-1/(붙임 2) (영문) 입찰서류_코트디부아르 부아케 설계 및 감리 용역_최종/Section 9 - Pledges_Bouake Project Design/Integrity Pledge (청렴계약서).docx,.docx,36507,True,17,0,,
L2025-00062-1,2021-00042,우간다,"우간다 농업지도자 연수원 자립적 운영체계 구축 및 연수역량 강화사업('21-'28/1,200만불)",L2025-00062-1/붙임 2. 입찰 첨부서류 각 1부(Part II 제외)/붙임 2. 입찰 첨부서류 각 1부(Part II 제외)/Section 9 - Pledges/Declaration of Anti_Corruption (반부패 선언서).docx,.docx,23026,True,38,0,,
L2025-00062-1,2021-00042,우간다,"우간다 농업지도자 연수원 자립적 운영체계 구축 및 연수역량 강화사업('21-'28/1,200만불)",L2025-00062-1/붙임 2. 입찰 첨부서류 각 1부(Part II 제외)/붙임 2. 입찰 첨부서류 각 1부(Part II 제외)/Section 9 - Pledges/Fair Contract Pledge Letter (공정계약 서약서).docx,.docx,18756,True,20,0,,
L2025-00062-1,2021-00042,우간다,"우간다 농업지도자 연수원 자립적 운영체계 구축 및 연수역량 강화사업('21-'28/1,200만불)",L2025-00062-1/붙임 2. 입찰 첨부서류 각 1부(Part II 제외)/붙임 2. 입찰 첨부서류 각 1부(Part II 제외)/Section 9 - Pledges/Integrity Pledge (청렴계약서).docx,.docx,36507,True,17,0,,
L2025-00063-1,2021-00016,가나,가나대학교 연구 및 ICT 혁신센터 건립 사업('21-'26/999만불),L2025-00063-1/5. 현지 입찰 필수 서류(조감도 미포함)/Section 9_Attachment (KOICA Regulation)/Attachment (KOICA Regulation)/Detailed Enforcement Rules of the Regulations for Procurement and Contract in Grant Aid Projects(대외무상협력사업에 관한 조달 및 계약규정 시ᄒ.pdf,.pdf,554876,True,123,8,,
L2025-00063-1,2021-00016,가나,가나대학교 연구 및 ICT 혁신센터 건립 사업('21-'26/999만불),L2025-00063-1/5. 현지 입찰 필수 서류(조감도 미포함)/Section 9_Attachment (KOICA Regulation)/Attachment (KOICA Regulation)/Guidelines for Technical Evaluation(기술평가지침)_20210408.pdf,.pdf,416852,True,65,9,,
L2025-00063-1,2021-00016,가나,가나대학교 연구 및 ICT 혁신센터 건립 사업('21-'26/999만불),L2025-00063-1/5. 현지 입찰 필수 서류(조감도 미포함)/Section 9_Attachment (KOICA Regulation)/Attachment (KOICA Regulation)/KOICA Regulations for International Procurement(국제조달규정)_20190304.pdf,.pdf,375625,True,55,1,,
L2025-00063-1,2021-00016,가나,가나대학교 연구 및 ICT 혁신센터 건립 사업('21-'26/999만불),L2025-00063-1/5. 현지 입찰 필수 서류(조감도 미포함)/Section 9_Attachment (KOICA Regulation)/Attachment (KOICA Regulation)/Regulations for Procurement and Contract in Grant Aid Projects(대외무상협력사업에 관한 조달 및 계약규정)_20190520.pdf,.pdf,157627,True,33,2,,
L2025-00063-1,2021-00016,가나,가나대학교 연구 및 ICT 혁신센터 건립 사업('21-'26/999만불),L2025-00063-1/5. 현지 입찰 필수 서류(조감도 미포함)/Section 9_Attachment (KOICA Regulation)/Attachment (KOICA Regulation)/Standards of Qualification Examination for Selection of Constructor(시공사선정적격심사기준)_20140403.pdf,.pdf,315288,True,12,0,,
L2025-00066-1,2024-00107,파키스탄,"파키스탄 펀잡주 기후변화 적응을 위한 물탄시 홍수방재 마스터플랜 수립 및 우수저류시설 설치사업('24-'27/1,000만불)",L2025-00066-1/붙임2. 입찰 부속서류 일체.fin/Section 6 - Reference Documents/Section 6 - Reference Documents/1. KOICA REGULATIONS FOR INTERNATIONAL PROCUREMENT(국제조달규정)_2025.02.25.pdf,.pdf,187697,True,21,1,,
L2025-00066-1,2024-00107,파키스탄,"파키스탄 펀잡주 기후변화 적응을 위한 물탄시 홍수방재 마스터플랜 수립 및 우수저류시설 설치사업('24-'27/1,000만불)",L2025-00066-1/붙임2. 입찰 부속서류 일체.fin/Section 6 - Reference Documents/Section 6 - Reference Documents/2. INSTRUCTIONS TO BIDDERS(SERVICES)(국제용역입찰유의서)_2025.02.25.pdf,.pdf,139966,True,12,0,,
L2025-00066-1,2024-00107,파키스탄,"파키스탄 펀잡주 기후변화 적응을 위한 물탄시 홍수방재 마스터플랜 수립 및 우수저류시설 설치사업('24-'27/1,000만불)",L2025-00066-1/붙임2. 입찰 부속서류 일체.fin/Section 6 - Reference Documents/Section 6 - Reference Documents/3. Regulations for Procurement and Contract in Grant Aid Projects(대외무상협력사업에 관한 조달 및 계약규정)_2019.05.20.pdf,.pdf,157627,True,33,2,,
L2025-00066-1,2024-00107,파키스탄,"파키스탄 펀잡주 기후변화 적응을 위한 물탄시 홍수방재 마스터플랜 수립 및 우수저류시설 설치사업('24-'27/1,000만불)",L2025-00066-1/붙임2. 입찰 부속서류 일체.fin/Section 6 - Reference Documents/Section 6 - Reference Documents/4. Detailed Enforcement Rules of the Regulations for Procurement and Contract in Grant Aid Projects(대외무상협력사업에 관한 조달 및 계약규정 시.pdf,.pdf,554876,True,123,8,,
L2025-00066-1,2024-00107,파키스탄,"파키스탄 펀잡주 기후변화 적응을 위한 물탄시 홍수방재 마스터플랜 수립 및 우수저류시설 설치사업('24-'27/1,000만불)",L2025-00066-1/붙임2. 입찰 부속서류 일체.fin/Section 6 - Reference Documents/Section 6 - Reference Documents/5. Guidelines for Technical Evaluation(기술평가지침)_2021.04.08.pdf,.pdf,416852,True,65,9,,
L2025-00070-1,2020-00119,이라크,"이라크 한-이라크 심장병 어린이 전문 병원 건립사업('20-'30/2,793만불)",L2025-00070-1/붙임3. 현지입찰 서류 및 계약서류(안)/IKHCC Section 4 - IKHCC BLANK BOQ 250430/1 Architectural & summery/Bill _Total Cost Summary-Blank 250306.xlsx,.xlsx,636201,True,54,0,BOQ | 도면,
L2025-00070-1,2020-00119,이라크,"이라크 한-이라크 심장병 어린이 전문 병원 건립사업('20-'30/2,793만불)",L2025-00070-1/붙임3. 현지입찰 서류 및 계약서류(안)/IKHCC Section 4 - IKHCC BLANK BOQ 250430/1 Architectural & summery/BILL No1 -Architectural Works-01. HOSPITAL(BLANK BILL).xlsx,.xlsx,677921,True,3503,0,BOQ | 도면,
L2025-00070-1,2020-00119,이라크,"이라크 한-이라크 심장병 어린이 전문 병원 건립사업('20-'30/2,793만불)",L2025-00070-1/붙임3. 현지입찰 서류 및 계약서류(안)/IKHCC Section 4 - IKHCC BLANK BOQ 250430/1 Architectural & summery/BILL No1 -Architectural Works-02. MEP BUILDING(BLANK BILL).xlsx,.xlsx,670008,True,3503,0,BOQ | 도면,
L2025-00070-1,2020-00119,이라크,"이라크 한-이라크 심장병 어린이 전문 병원 건립사업('20-'30/2,793만불)",L2025-00070-1/붙임3. 현지입찰 서류 및 계약서류(안)/IKHCC Section 4 - IKHCC BLANK BOQ 250430/1 Architectural & summery/BILL No1 -Architectural Works-03. BRIDGE(BLANK BILL).xlsx,.xlsx,643812,True,3503,0,BOQ | 도면,
L2025-00070-1,2020-00119,이라크,"이라크 한-이라크 심장병 어린이 전문 병원 건립사업('20-'30/2,793만불)",L2025-00070-1/붙임3. 현지입찰 서류 및 계약서류(안)/IKHCC Section 4 - IKHCC BLANK BOQ 250430/2 Land/BILL No2-LAND-blank.xlsx,.xlsx,61604,True,91,0,BOQ,
L2025-00070-1,2020-00119,이라크,"이라크 한-이라크 심장병 어린이 전문 병원 건립사업('20-'30/2,793만불)",L2025-00070-1/붙임3. 현지입찰 서류 및 계약서류(안)/IKHCC Section 4 - IKHCC BLANK BOQ 250430/3 CIVIL/BLANK BILL.CIVIL (MEP).xls,.xls,74240,True,63,0,BOQ,
L2025-00070-1,2020-00119,이라크,"이라크 한-이라크 심장병 어린이 전문 병원 건립사업('20-'30/2,793만불)",L2025-00070-1/붙임3. 현지입찰 서류 및 계약서류(안)/IKHCC Section 4 - IKHCC BLANK BOQ 250430/3 CIVIL/BLANK BILL.CIVIL(BRIDGE)).xls,.xls,74240,True,63,0,BOQ,
L2025-00070-1,2020-00119,이라크,"이라크 한-이라크 심장병 어린이 전문 병원 건립사업('20-'30/2,793만불)",L2025-00070-1/붙임3. 현지입찰 서류 및 계약서류(안)/IKHCC Section 4 - IKHCC BLANK BOQ 250430/3 CIVIL/BLANK BILL.CIVIL(HOSPITAL) .xls,.xls,81920,True,83,0,BOQ,
L2025-00070-1,2020-00119,이라크,"이라크 한-이라크 심장병 어린이 전문 병원 건립사업('20-'30/2,793만불)",L2025-00070-1/붙임3. 현지입찰 서류 및 계약서류(안)/IKHCC Section 4 - IKHCC BLANK BOQ 250430/3 CIVIL/BLANK BILL.CIVIL(PARKING LOT).xls,.xls,58368,True,22,0,BOQ,
L2025-00070-1,2020-00119,이라크,"이라크 한-이라크 심장병 어린이 전문 병원 건립사업('20-'30/2,793만불)",L2025-00070-1/붙임3. 현지입찰 서류 및 계약서류(안)/IKHCC Section 4 - IKHCC BLANK BOQ 250430/4 MECH/BLANK  BILL.MECH(TOTAL).xls,.xls,1402880,True,3833,0,BOQ,
L2025-00070-1,2020-00119,이라크,"이라크 한-이라크 심장병 어린이 전문 병원 건립사업('20-'30/2,793만불)",L2025-00070-1/붙임3. 현지입찰 서류 및 계약서류(안)/IKHCC Section 4 - IKHCC BLANK BOQ 250430/4 MECH/BLANK BILL.MECH(BRIDGE).xls,.xls,1424896,True,3847,0,BOQ,
L2025-00070-1,2020-00119,이라크,"이라크 한-이라크 심장병 어린이 전문 병원 건립사업('20-'30/2,793만불)",L2025-00070-1/붙임3. 현지입찰 서류 및 계약서류(안)/IKHCC Section 4 - IKHCC BLANK BOQ 250430/4 MECH/BLANK BILL.MECH(HOSPITAL).xls,.xls,1235968,True,3849,0,BOQ,
L2025-00070-1,2020-00119,이라크,"이라크 한-이라크 심장병 어린이 전문 병원 건립사업('20-'30/2,793만불)",L2025-00070-1/붙임3. 현지입찰 서류 및 계약서류(안)/IKHCC Section 4 - IKHCC BLANK BOQ 250430/4 MECH/BLANK BILL.MECH(MEP).xls,.xls,1337344,True,3849,0,BOQ,
L2025-00070-1,2020-00119,이라크,"이라크 한-이라크 심장병 어린이 전문 병원 건립사업('20-'30/2,793만불)",L2025-00070-1/붙임3. 현지입찰 서류 및 계약서류(안)/IKHCC Section 4 - IKHCC BLANK BOQ 250430/5 ELEC/BLANK BILL-ELEC - 0 (TOTAL).xlsm,.xlsm,445864,True,3298,5,BOQ,
L2025-00070-1,2020-00119,이라크,"이라크 한-이라크 심장병 어린이 전문 병원 건립사업('20-'30/2,793만불)",L2025-00070-1/붙임3. 현지입찰 서류 및 계약서류(안)/IKHCC Section 4 - IKHCC BLANK BOQ 250430/5 ELEC/BLANK BILL-ELEC - A (HOSPITAL).xlsm,.xlsm,408853,True,3291,5,BOQ,
L2025-00070-1,2020-00119,이라크,"이라크 한-이라크 심장병 어린이 전문 병원 건립사업('20-'30/2,793만불)",L2025-00070-1/붙임3. 현지입찰 서류 및 계약서류(안)/IKHCC Section 4 - IKHCC BLANK BOQ 250430/5 ELEC/BLANK BILL-ELEC - B (MEP BUILDING).xlsm,.xlsm,426206,True,3293,5,BOQ,
L2025-00070-1,2020-00119,이라크,"이라크 한-이라크 심장병 어린이 전문 병원 건립사업('20-'30/2,793만불)",L2025-00070-1/붙임3. 현지입찰 서류 및 계약서류(안)/IKHCC Section 4 - IKHCC BLANK BOQ 250430/5 ELEC/BLANK BILL-ELEC - C (BRIDGE).xlsm,.xlsm,448183,True,3293,5,BOQ,
L2025-00070-1,2020-00119,이라크,"이라크 한-이라크 심장병 어린이 전문 병원 건립사업('20-'30/2,793만불)",L2025-00070-1/붙임3. 현지입찰 서류 및 계약서류(안)/IKHCC Section 4 - IKHCC BLANK BOQ 250430/6 COMMUN/BLANK BILL-COMMUN - 0 (TOTAL).xlsm,.xlsm,271765,True,2010,3,BOQ,
L2025-00070-1,2020-00119,이라크,"이라크 한-이라크 심장병 어린이 전문 병원 건립사업('20-'30/2,793만불)",L2025-00070-1/붙임3. 현지입찰 서류 및 계약서류(안)/IKHCC Section 4 - IKHCC BLANK BOQ 250430/6 COMMUN/BLANK BILL-COMMUN - A (HOSPITAL).xlsm,.xlsm,242663,True,2003,3,BOQ,
L2025-00070-1,2020-00119,이라크,"이라크 한-이라크 심장병 어린이 전문 병원 건립사업('20-'30/2,793만불)",L2025-00070-1/붙임3. 현지입찰 서류 및 계약서류(안)/IKHCC Section 4 - IKHCC BLANK BOQ 250430/6 COMMUN/BLANK BILL-COMMUN - B (MEP BUILDING).xlsm,.xlsm,272559,True,2005,3,BOQ,
L2025-00070-1,2020-00119,이라크,"이라크 한-이라크 심장병 어린이 전문 병원 건립사업('20-'30/2,793만불)",L2025-00070-1/붙임3. 현지입찰 서류 및 계약서류(안)/IKHCC Section 4 - IKHCC BLANK BOQ 250430/6 COMMUN/BLANK BILL-COMMUN - C (BRIDGE).xlsm,.xlsm,276178,True,2005,3,BOQ,
L2025-00070-1,2020-00119,이라크,"이라크 한-이라크 심장병 어린이 전문 병원 건립사업('20-'30/2,793만불)",L2025-00070-1/붙임3. 현지입찰 서류 및 계약서류(안)/IKHCC Section 4 - IKHCC BLANK BOQ 250430/7 FIRE FIGHTING/FIREFIGHTING_ELEC/BLANK BILL-FIRE FIGHTING ELEC - 0 (TOTAL).xlsm,.xlsm,107555,True,563,0,BOQ,
L2025-00070-1,2020-00119,이라크,"이라크 한-이라크 심장병 어린이 전문 병원 건립사업('20-'30/2,793만불)",L2025-00070-1/붙임3. 현지입찰 서류 및 계약서류(안)/IKHCC Section 4 - IKHCC BLANK BOQ 250430/7 FIRE FIGHTING/FIREFIGHTING_ELEC/BLANK BILL-FIRE FIGHTING ELEC - A (HOSPITAL).xlsm,.xlsm,105228,True,563,0,BOQ,
L2025-00070-1,2020-00119,이라크,"이라크 한-이라크 심장병 어린이 전문 병원 건립사업('20-'30/2,793만불)",L2025-00070-1/붙임3. 현지입찰 서류 및 계약서류(안)/IKHCC Section 4 - IKHCC BLANK BOQ 250430/7 FIRE FIGHTING/FIREFIGHTING_ELEC/BLANK BILL-FIRE FIGHTING ELEC - B (MEP BUILDING).xlsm,.xlsm,105175,True,563,0,BOQ,
L2025-00070-1,2020-00119,이라크,"이라크 한-이라크 심장병 어린이 전문 병원 건립사업('20-'30/2,793만불)",L2025-00070-1/붙임3. 현지입찰 서류 및 계약서류(안)/IKHCC Section 4 - IKHCC BLANK BOQ 250430/7 FIRE FIGHTING/FIREFIGHTING_ELEC/BLANK BILL-FIRE FIGHTING ELEC - C (BRIDGE).xlsm,.xlsm,108291,True,563,0,BOQ,
L2025-00070-1,2020-00119,이라크,"이라크 한-이라크 심장병 어린이 전문 병원 건립사업('20-'30/2,793만불)",L2025-00070-1/붙임3. 현지입찰 서류 및 계약서류(안)/IKHCC Section 4 - IKHCC BLANK BOQ 250430/7 FIRE FIGHTING/FIREFIGHTING_MEC/BLANK BILL.MECH(BRIDGE).xls,.xls,1424896,True,3847,0,BOQ,
L2025-00070-1,2020-00119,이라크,"이라크 한-이라크 심장병 어린이 전문 병원 건립사업('20-'30/2,793만불)",L2025-00070-1/붙임3. 현지입찰 서류 및 계약서류(안)/IKHCC Section 4 - IKHCC BLANK BOQ 250430/7 FIRE FIGHTING/FIREFIGHTING_MEC/BLANK BILL.MECH(HOSPITAL).xls,.xls,1235968,True,3849,0,BOQ,
L2025-00070-1,2020-00119,이라크,"이라크 한-이라크 심장병 어린이 전문 병원 건립사업('20-'30/2,793만불)",L2025-00070-1/붙임3. 현지입찰 서류 및 계약서류(안)/IKHCC Section 4 - IKHCC BLANK BOQ 250430/7 FIRE FIGHTING/FIREFIGHTING_MEC/BLANK BILL.MECH(MEP).xls,.xls,1337344,True,3849,0,BOQ,
L2025-00070-1,2020-00119,이라크,"이라크 한-이라크 심장병 어린이 전문 병원 건립사업('20-'30/2,793만불)",L2025-00070-1/붙임3. 현지입찰 서류 및 계약서류(안)/IKHCC Section 4 - IKHCC BLANK BOQ 250430/7 FIRE FIGHTING/FIREFIGHTING_MEC/BLANK BILL.MECH(TOTAL).xls,.xls,1402880,True,3833,0,BOQ,
L2025-00070-1,2020-00119,이라크,"이라크 한-이라크 심장병 어린이 전문 병원 건립사업('20-'30/2,793만불)",L2025-00070-1/붙임3. 현지입찰 서류 및 계약서류(안)/IKHCC Section 4 - IKHCC BLANK BOQ 250430/8 Mob & Signage/BILL No8-1 -Mobilization Works-blank.xlsx,.xlsx,638347,True,57,0,BOQ,
L2025-00070-1,2020-00119,이라크,"이라크 한-이라크 심장병 어린이 전문 병원 건립사업('20-'30/2,793만불)",L2025-00070-1/붙임3. 현지입찰 서류 및 계약서류(안)/IKHCC Section 4 - IKHCC BLANK BOQ 250430/8 Mob & Signage/BILL No8-2 Signages-blank.xlsx,.xlsx,31619,True,92,0,BOQ,
L2025-00071-1,2020-00119,이라크,"이라크 한-이라크 심장병 어린이 전문 병원 건립사업('20-'30/2,793만불)",L2025-00071-1/붙임2. 현지입찰(재공고입찰) 서류 및 계약서류(안)/IKHCC Section 4 - IKHCC BLANK BOQ 250903/1 Architectural & summery/Bill _Total Cost Summary-Blank 250306.xlsx,.xlsx,636201,True,54,0,BOQ | 도면,
L2025-00071-1,2020-00119,이라크,"이라크 한-이라크 심장병 어린이 전문 병원 건립사업('20-'30/2,793만불)",L2025-00071-1/붙임2. 현지입찰(재공고입찰) 서류 및 계약서류(안)/IKHCC Section 4 - IKHCC BLANK BOQ 250903/1 Architectural & summery/BILL No1 -Architectural Works-01. HOSPITAL(BLANK BILL).xlsx,.xlsx,677921,True,3503,0,BOQ | 도면,
L2025-00071-1,2020-00119,이라크,"이라크 한-이라크 심장병 어린이 전문 병원 건립사업('20-'30/2,793만불)",L2025-00071-1/붙임2. 현지입찰(재공고입찰) 서류 및 계약서류(안)/IKHCC Section 4 - IKHCC BLANK BOQ 250903/1 Architectural & summery/BILL No1 -Architectural Works-02. MEP BUILDING(BLANK BILL).xlsx,.xlsx,670008,True,3503,0,BOQ | 도면,
L2025-00071-1,2020-00119,이라크,"이라크 한-이라크 심장병 어린이 전문 병원 건립사업('20-'30/2,793만불)",L2025-00071-1/붙임2. 현지입찰(재공고입찰) 서류 및 계약서류(안)/IKHCC Section 4 - IKHCC BLANK BOQ 250903/1 Architectural & summery/BILL No1 -Architectural Works-03. BRIDGE(BLANK BILL).xlsx,.xlsx,643812,True,3503,0,BOQ | 도면,
L2025-00071-1,2020-00119,이라크,"이라크 한-이라크 심장병 어린이 전문 병원 건립사업('20-'30/2,793만불)",L2025-00071-1/붙임2. 현지입찰(재공고입찰) 서류 및 계약서류(안)/IKHCC Section 4 - IKHCC BLANK BOQ 250903/2 Land/BILL No2-LAND-blank.xlsx,.xlsx,61604,True,91,0,BOQ,
L2025-00071-1,2020-00119,이라크,"이라크 한-이라크 심장병 어린이 전문 병원 건립사업('20-'30/2,793만불)",L2025-00071-1/붙임2. 현지입찰(재공고입찰) 서류 및 계약서류(안)/IKHCC Section 4 - IKHCC BLANK BOQ 250903/3 CIVIL/BLANK BILL.CIVIL (MEP).xls,.xls,74240,True,63,0,BOQ,
L2025-00071-1,2020-00119,이라크,"이라크 한-이라크 심장병 어린이 전문 병원 건립사업('20-'30/2,793만불)",L2025-00071-1/붙임2. 현지입찰(재공고입찰) 서류 및 계약서류(안)/IKHCC Section 4 - IKHCC BLANK BOQ 250903/3 CIVIL/BLANK BILL.CIVIL(BRIDGE)).xls,.xls,74240,True,63,0,BOQ,
L2025-00071-1,2020-00119,이라크,"이라크 한-이라크 심장병 어린이 전문 병원 건립사업('20-'30/2,793만불)",L2025-00071-1/붙임2. 현지입찰(재공고입찰) 서류 및 계약서류(안)/IKHCC Section 4 - IKHCC BLANK BOQ 250903/3 CIVIL/BLANK BILL.CIVIL(HOSPITAL) .xls,.xls,81920,True,83,0,BOQ,
L2025-00071-1,2020-00119,이라크,"이라크 한-이라크 심장병 어린이 전문 병원 건립사업('20-'30/2,793만불)",L2025-00071-1/붙임2. 현지입찰(재공고입찰) 서류 및 계약서류(안)/IKHCC Section 4 - IKHCC BLANK BOQ 250903/3 CIVIL/BLANK BILL.CIVIL(PARKING LOT).xls,.xls,58368,True,22,0,BOQ,
L2025-00071-1,2020-00119,이라크,"이라크 한-이라크 심장병 어린이 전문 병원 건립사업('20-'30/2,793만불)",L2025-00071-1/붙임2. 현지입찰(재공고입찰) 서류 및 계약서류(안)/IKHCC Section 4 - IKHCC BLANK BOQ 250903/4 MECH/BLANK  BILL.MECH(TOTAL).xls,.xls,1402880,True,3833,0,BOQ,
L2025-00071-1,2020-00119,이라크,"이라크 한-이라크 심장병 어린이 전문 병원 건립사업('20-'30/2,793만불)",L2025-00071-1/붙임2. 현지입찰(재공고입찰) 서류 및 계약서류(안)/IKHCC Section 4 - IKHCC BLANK BOQ 250903/4 MECH/BLANK BILL.MECH(BRIDGE).xls,.xls,1424896,True,3847,0,BOQ,
L2025-00071-1,2020-00119,이라크,"이라크 한-이라크 심장병 어린이 전문 병원 건립사업('20-'30/2,793만불)",L2025-00071-1/붙임2. 현지입찰(재공고입찰) 서류 및 계약서류(안)/IKHCC Section 4 - IKHCC BLANK BOQ 250903/4 MECH/BLANK BILL.MECH(HOSPITAL).xls,.xls,1235968,True,3849,0,BOQ,
L2025-00071-1,2020-00119,이라크,"이라크 한-이라크 심장병 어린이 전문 병원 건립사업('20-'30/2,793만불)",L2025-00071-1/붙임2. 현지입찰(재공고입찰) 서류 및 계약서류(안)/IKHCC Section 4 - IKHCC BLANK BOQ 250903/4 MECH/BLANK BILL.MECH(MEP).xls,.xls,1337344,True,3849,0,BOQ,
L2025-00071-1,2020-00119,이라크,"이라크 한-이라크 심장병 어린이 전문 병원 건립사업('20-'30/2,793만불)",L2025-00071-1/붙임2. 현지입찰(재공고입찰) 서류 및 계약서류(안)/IKHCC Section 4 - IKHCC BLANK BOQ 250903/5. Blank bill Elec revised 250812/BLANK BILL-ELEC - 0 (TOTAL).xlsm,.xlsm,526626,True,3298,5,BOQ,
L2025-00071-1,2020-00119,이라크,"이라크 한-이라크 심장병 어린이 전문 병원 건립사업('20-'30/2,793만불)",L2025-00071-1/붙임2. 현지입찰(재공고입찰) 서류 및 계약서류(안)/IKHCC Section 4 - IKHCC BLANK BOQ 250903/5. Blank bill Elec revised 250812/BLANK BILL-ELEC - A (HOSPITAL).xlsm,.xlsm,481577,True,3291,5,BOQ,
L2025-00071-1,2020-00119,이라크,"이라크 한-이라크 심장병 어린이 전문 병원 건립사업('20-'30/2,793만불)",L2025-00071-1/붙임2. 현지입찰(재공고입찰) 서류 및 계약서류(안)/IKHCC Section 4 - IKHCC BLANK BOQ 250903/5. Blank bill Elec revised 250812/BLANK BILL-ELEC - B (MEP BUILDING).xlsm,.xlsm,501858,True,3293,5,BOQ,
L2025-00071-1,2020-00119,이라크,"이라크 한-이라크 심장병 어린이 전문 병원 건립사업('20-'30/2,793만불)",L2025-00071-1/붙임2. 현지입찰(재공고입찰) 서류 및 계약서류(안)/IKHCC Section 4 - IKHCC BLANK BOQ 250903/5. Blank bill Elec revised 250812/BLANK BILL-ELEC - C (BRIDGE).xlsm,.xlsm,528512,True,3293,5,BOQ,
L2025-00071-1,2020-00119,이라크,"이라크 한-이라크 심장병 어린이 전문 병원 건립사업('20-'30/2,793만불)",L2025-00071-1/붙임2. 현지입찰(재공고입찰) 서류 및 계약서류(안)/IKHCC Section 4 - IKHCC BLANK BOQ 250903/6.Blank bill Comm revised 250812/BLANK BILL-COMMUN - 0 (TOTAL).xlsm,.xlsm,326212,True,2010,3,BOQ,
L2025-00071-1,2020-00119,이라크,"이라크 한-이라크 심장병 어린이 전문 병원 건립사업('20-'30/2,793만불)",L2025-00071-1/붙임2. 현지입찰(재공고입찰) 서류 및 계약서류(안)/IKHCC Section 4 - IKHCC BLANK BOQ 250903/6.Blank bill Comm revised 250812/BLANK BILL-COMMUN - A (HOSPITAL).xlsm,.xlsm,289659,True,2003,3,BOQ,
L2025-00071-1,2020-00119,이라크,"이라크 한-이라크 심장병 어린이 전문 병원 건립사업('20-'30/2,793만불)",L2025-00071-1/붙임2. 현지입찰(재공고입찰) 서류 및 계약서류(안)/IKHCC Section 4 - IKHCC BLANK BOQ 250903/6.Blank bill Comm revised 250812/BLANK BILL-COMMUN - B (MEP BUILDING).xlsm,.xlsm,326315,True,2005,3,BOQ,
L2025-00071-1,2020-00119,이라크,"이라크 한-이라크 심장병 어린이 전문 병원 건립사업('20-'30/2,793만불)",L2025-00071-1/붙임2. 현지입찰(재공고입찰) 서류 및 계약서류(안)/IKHCC Section 4 - IKHCC BLANK BOQ 250903/6.Blank bill Comm revised 250812/BLANK BILL-COMMUN - C (BRIDGE).xlsm,.xlsm,330971,True,2005,3,BOQ,
L2025-00071-1,2020-00119,이라크,"이라크 한-이라크 심장병 어린이 전문 병원 건립사업('20-'30/2,793만불)",L2025-00071-1/붙임2. 현지입찰(재공고입찰) 서류 및 계약서류(안)/IKHCC Section 4 - IKHCC BLANK BOQ 250903/7. Blank bill Firefighting revised 250811/Fire fighting - Mech revised 250812/BLANK BILL. FIREFIGHTING MECH (HOSPITAL) revised 250812.xls,.xls,327168,True,672,0,BOQ,
L2025-00071-1,2020-00119,이라크,"이라크 한-이라크 심장병 어린이 전문 병원 건립사업('20-'30/2,793만불)",L2025-00071-1/붙임2. 현지입찰(재공고입찰) 서류 및 계약서류(안)/IKHCC Section 4 - IKHCC BLANK BOQ 250903/7. Blank bill Firefighting revised 250811/Fire fighting - Mech revised 250812/BLANK BILL. FIRFEIGHTING MECH(MEP BUILDING) revised 250812.xls,.xls,324096,True,672,0,BOQ,
L2025-00071-1,2020-00119,이라크,"이라크 한-이라크 심장병 어린이 전문 병원 건립사업('20-'30/2,793만불)",L2025-00071-1/붙임2. 현지입찰(재공고입찰) 서류 및 계약서류(안)/IKHCC Section 4 - IKHCC BLANK BOQ 250903/7. Blank bill Firefighting revised 250811/Fire fighting - Mech revised 250812/BLANK BILL.FIREFIGHTING MECH (TOTAL) revised 250812.xls,.xls,342528,True,670,0,BOQ,
L2025-00071-1,2020-00119,이라크,"이라크 한-이라크 심장병 어린이 전문 병원 건립사업('20-'30/2,793만불)",L2025-00071-1/붙임2. 현지입찰(재공고입찰) 서류 및 계약서류(안)/IKHCC Section 4 - IKHCC BLANK BOQ 250903/7. Blank bill Firefighting revised 250811/FIREFIGHTING_ELEC/BLANK BILL-FIRE FIGHTING ELEC - 0 (TOTAL).xlsm,.xlsm,107555,True,563,0,BOQ,
L2025-00071-1,2020-00119,이라크,"이라크 한-이라크 심장병 어린이 전문 병원 건립사업('20-'30/2,793만불)",L2025-00071-1/붙임2. 현지입찰(재공고입찰) 서류 및 계약서류(안)/IKHCC Section 4 - IKHCC BLANK BOQ 250903/7. Blank bill Firefighting revised 250811/FIREFIGHTING_ELEC/BLANK BILL-FIRE FIGHTING ELEC - A (HOSPITAL).xlsm,.xlsm,105228,True,563,0,BOQ,
L2025-00071-1,2020-00119,이라크,"이라크 한-이라크 심장병 어린이 전문 병원 건립사업('20-'30/2,793만불)",L2025-00071-1/붙임2. 현지입찰(재공고입찰) 서류 및 계약서류(안)/IKHCC Section 4 - IKHCC BLANK BOQ 250903/7. Blank bill Firefighting revised 250811/FIREFIGHTING_ELEC/BLANK BILL-FIRE FIGHTING ELEC - B (MEP BUILDING).xlsm,.xlsm,105175,True,563,0,BOQ,
L2025-00071-1,2020-00119,이라크,"이라크 한-이라크 심장병 어린이 전문 병원 건립사업('20-'30/2,793만불)",L2025-00071-1/붙임2. 현지입찰(재공고입찰) 서류 및 계약서류(안)/IKHCC Section 4 - IKHCC BLANK BOQ 250903/7. Blank bill Firefighting revised 250811/FIREFIGHTING_ELEC/BLANK BILL-FIRE FIGHTING ELEC - C (BRIDGE).xlsm,.xlsm,108291,True,563,0,BOQ,
L2025-00071-1,2020-00119,이라크,"이라크 한-이라크 심장병 어린이 전문 병원 건립사업('20-'30/2,793만불)",L2025-00071-1/붙임2. 현지입찰(재공고입찰) 서류 및 계약서류(안)/IKHCC Section 4 - IKHCC BLANK BOQ 250903/8 Mob & Signage/BILL No8-1 -Mobilization Works-blank.xlsx,.xlsx,638347,True,57,0,BOQ,
L2025-00071-1,2020-00119,이라크,"이라크 한-이라크 심장병 어린이 전문 병원 건립사업('20-'30/2,793만불)",L2025-00071-1/붙임2. 현지입찰(재공고입찰) 서류 및 계약서류(안)/IKHCC Section 4 - IKHCC BLANK BOQ 250903/8 Mob & Signage/BILL No8-2 Signages-blank.xlsx,.xlsx,31619,True,92,0,BOQ,
L2025-00085-1,2020-00119,이라크,"이라크 한-이라크 심장병 어린이 전문 병원 건립사업('20-'30/2,793만불)",L2025-00085-1/붙임2. 현지입찰(신규입찰) 서류 및 계약서류(안)/IKHCC Section 4 - IKHCC BLANK BOQ 250903_최종/1 Architectural & summery/Bill _Total Cost Summary-Blank 250306.xlsx,.xlsx,636201,True,54,0,BOQ | 도면,
L2025-00085-1,2020-00119,이라크,"이라크 한-이라크 심장병 어린이 전문 병원 건립사업('20-'30/2,793만불)",L2025-00085-1/붙임2. 현지입찰(신규입찰) 서류 및 계약서류(안)/IKHCC Section 4 - IKHCC BLANK BOQ 250903_최종/1 Architectural & summery/BILL No1 -Architectural Works-01. HOSPITAL(BLANK BILL).xlsx,.xlsx,677921,True,3503,0,BOQ | 도면,
L2025-00085-1,2020-00119,이라크,"이라크 한-이라크 심장병 어린이 전문 병원 건립사업('20-'30/2,793만불)",L2025-00085-1/붙임2. 현지입찰(신규입찰) 서류 및 계약서류(안)/IKHCC Section 4 - IKHCC BLANK BOQ 250903_최종/1 Architectural & summery/BILL No1 -Architectural Works-02. MEP BUILDING(BLANK BILL).xlsx,.xlsx,670008,True,3503,0,BOQ | 도면,
L2025-00085-1,2020-00119,이라크,"이라크 한-이라크 심장병 어린이 전문 병원 건립사업('20-'30/2,793만불)",L2025-00085-1/붙임2. 현지입찰(신규입찰) 서류 및 계약서류(안)/IKHCC Section 4 - IKHCC BLANK BOQ 250903_최종/1 Architectural & summery/BILL No1 -Architectural Works-03. BRIDGE(BLANK BILL).xlsx,.xlsx,643812,True,3503,0,BOQ | 도면,
L2025-00085-1,2020-00119,이라크,"이라크 한-이라크 심장병 어린이 전문 병원 건립사업('20-'30/2,793만불)",L2025-00085-1/붙임2. 현지입찰(신규입찰) 서류 및 계약서류(안)/IKHCC Section 4 - IKHCC BLANK BOQ 250903_최종/2 Land/BILL No2-LAND-blank.xlsx,.xlsx,61604,True,91,0,BOQ,
L2025-00085-1,2020-00119,이라크,"이라크 한-이라크 심장병 어린이 전문 병원 건립사업('20-'30/2,793만불)",L2025-00085-1/붙임2. 현지입찰(신규입찰) 서류 및 계약서류(안)/IKHCC Section 4 - IKHCC BLANK BOQ 250903_최종/3 CIVIL/BLANK BILL.CIVIL (MEP).xls,.xls,74240,True,63,0,BOQ,
L2025-00085-1,2020-00119,이라크,"이라크 한-이라크 심장병 어린이 전문 병원 건립사업('20-'30/2,793만불)",L2025-00085-1/붙임2. 현지입찰(신규입찰) 서류 및 계약서류(안)/IKHCC Section 4 - IKHCC BLANK BOQ 250903_최종/3 CIVIL/BLANK BILL.CIVIL(BRIDGE)).xls,.xls,74240,True,63,0,BOQ,
L2025-00085-1,2020-00119,이라크,"이라크 한-이라크 심장병 어린이 전문 병원 건립사업('20-'30/2,793만불)",L2025-00085-1/붙임2. 현지입찰(신규입찰) 서류 및 계약서류(안)/IKHCC Section 4 - IKHCC BLANK BOQ 250903_최종/3 CIVIL/BLANK BILL.CIVIL(HOSPITAL) .xls,.xls,81920,True,83,0,BOQ,
L2025-00085-1,2020-00119,이라크,"이라크 한-이라크 심장병 어린이 전문 병원 건립사업('20-'30/2,793만불)",L2025-00085-1/붙임2. 현지입찰(신규입찰) 서류 및 계약서류(안)/IKHCC Section 4 - IKHCC BLANK BOQ 250903_최종/3 CIVIL/BLANK BILL.CIVIL(PARKING LOT).xls,.xls,58368,True,22,0,BOQ,
L2025-00085-1,2020-00119,이라크,"이라크 한-이라크 심장병 어린이 전문 병원 건립사업('20-'30/2,793만불)",L2025-00085-1/붙임2. 현지입찰(신규입찰) 서류 및 계약서류(안)/IKHCC Section 4 - IKHCC BLANK BOQ 250903_최종/4 MECH/BLANK  BILL.MECH(TOTAL).xls,.xls,1402880,True,3833,0,BOQ,
L2025-00085-1,2020-00119,이라크,"이라크 한-이라크 심장병 어린이 전문 병원 건립사업('20-'30/2,793만불)",L2025-00085-1/붙임2. 현지입찰(신규입찰) 서류 및 계약서류(안)/IKHCC Section 4 - IKHCC BLANK BOQ 250903_최종/4 MECH/BLANK BILL.MECH(BRIDGE).xls,.xls,1424896,True,3847,0,BOQ,
L2025-00085-1,2020-00119,이라크,"이라크 한-이라크 심장병 어린이 전문 병원 건립사업('20-'30/2,793만불)",L2025-00085-1/붙임2. 현지입찰(신규입찰) 서류 및 계약서류(안)/IKHCC Section 4 - IKHCC BLANK BOQ 250903_최종/4 MECH/BLANK BILL.MECH(HOSPITAL).xls,.xls,1235968,True,3849,0,BOQ,
L2025-00085-1,2020-00119,이라크,"이라크 한-이라크 심장병 어린이 전문 병원 건립사업('20-'30/2,793만불)",L2025-00085-1/붙임2. 현지입찰(신규입찰) 서류 및 계약서류(안)/IKHCC Section 4 - IKHCC BLANK BOQ 250903_최종/4 MECH/BLANK BILL.MECH(MEP).xls,.xls,1337344,True,3849,0,BOQ,
L2025-00085-1,2020-00119,이라크,"이라크 한-이라크 심장병 어린이 전문 병원 건립사업('20-'30/2,793만불)",L2025-00085-1/붙임2. 현지입찰(신규입찰) 서류 및 계약서류(안)/IKHCC Section 4 - IKHCC BLANK BOQ 250903_최종/5. Blank bill Elec revised 250812/BLANK BILL-ELEC - 0 (TOTAL).xlsm,.xlsm,526626,True,3298,5,BOQ,
L2025-00085-1,2020-00119,이라크,"이라크 한-이라크 심장병 어린이 전문 병원 건립사업('20-'30/2,793만불)",L2025-00085-1/붙임2. 현지입찰(신규입찰) 서류 및 계약서류(안)/IKHCC Section 4 - IKHCC BLANK BOQ 250903_최종/5. Blank bill Elec revised 250812/BLANK BILL-ELEC - A (HOSPITAL).xlsm,.xlsm,481577,True,3291,5,BOQ,
L2025-00085-1,2020-00119,이라크,"이라크 한-이라크 심장병 어린이 전문 병원 건립사업('20-'30/2,793만불)",L2025-00085-1/붙임2. 현지입찰(신규입찰) 서류 및 계약서류(안)/IKHCC Section 4 - IKHCC BLANK BOQ 250903_최종/5. Blank bill Elec revised 250812/BLANK BILL-ELEC - B (MEP BUILDING).xlsm,.xlsm,501858,True,3293,5,BOQ,
L2025-00085-1,2020-00119,이라크,"이라크 한-이라크 심장병 어린이 전문 병원 건립사업('20-'30/2,793만불)",L2025-00085-1/붙임2. 현지입찰(신규입찰) 서류 및 계약서류(안)/IKHCC Section 4 - IKHCC BLANK BOQ 250903_최종/5. Blank bill Elec revised 250812/BLANK BILL-ELEC - C (BRIDGE).xlsm,.xlsm,528512,True,3293,5,BOQ,
L2025-00085-1,2020-00119,이라크,"이라크 한-이라크 심장병 어린이 전문 병원 건립사업('20-'30/2,793만불)",L2025-00085-1/붙임2. 현지입찰(신규입찰) 서류 및 계약서류(안)/IKHCC Section 4 - IKHCC BLANK BOQ 250903_최종/6.Blank bill Comm revised 250812/BLANK BILL-COMMUN - 0 (TOTAL).xlsm,.xlsm,326212,True,2010,3,BOQ,
L2025-00085-1,2020-00119,이라크,"이라크 한-이라크 심장병 어린이 전문 병원 건립사업('20-'30/2,793만불)",L2025-00085-1/붙임2. 현지입찰(신규입찰) 서류 및 계약서류(안)/IKHCC Section 4 - IKHCC BLANK BOQ 250903_최종/6.Blank bill Comm revised 250812/BLANK BILL-COMMUN - A (HOSPITAL).xlsm,.xlsm,289659,True,2003,3,BOQ,
L2025-00085-1,2020-00119,이라크,"이라크 한-이라크 심장병 어린이 전문 병원 건립사업('20-'30/2,793만불)",L2025-00085-1/붙임2. 현지입찰(신규입찰) 서류 및 계약서류(안)/IKHCC Section 4 - IKHCC BLANK BOQ 250903_최종/6.Blank bill Comm revised 250812/BLANK BILL-COMMUN - B (MEP BUILDING).xlsm,.xlsm,326315,True,2005,3,BOQ,
L2025-00085-1,2020-00119,이라크,"이라크 한-이라크 심장병 어린이 전문 병원 건립사업('20-'30/2,793만불)",L2025-00085-1/붙임2. 현지입찰(신규입찰) 서류 및 계약서류(안)/IKHCC Section 4 - IKHCC BLANK BOQ 250903_최종/6.Blank bill Comm revised 250812/BLANK BILL-COMMUN - C (BRIDGE).xlsm,.xlsm,330971,True,2005,3,BOQ,
L2025-00085-1,2020-00119,이라크,"이라크 한-이라크 심장병 어린이 전문 병원 건립사업('20-'30/2,793만불)",L2025-00085-1/붙임2. 현지입찰(신규입찰) 서류 및 계약서류(안)/IKHCC Section 4 - IKHCC BLANK BOQ 250903_최종/7. Blank bill Firefighting revised 250811/Fire fighting - Mech revised 250812/BILL FIREFIGHTING MECH (TOTAL).xls,.xls,342528,True,670,0,BOQ,
L2025-00085-1,2020-00119,이라크,"이라크 한-이라크 심장병 어린이 전문 병원 건립사업('20-'30/2,793만불)",L2025-00085-1/붙임2. 현지입찰(신규입찰) 서류 및 계약서류(안)/IKHCC Section 4 - IKHCC BLANK BOQ 250903_최종/7. Blank bill Firefighting revised 250811/Fire fighting - Mech revised 250812/BILL. FIREFIGHTING MECH (HOSPITAL).xls,.xls,327168,True,672,0,BOQ,
L2025-00085-1,2020-00119,이라크,"이라크 한-이라크 심장병 어린이 전문 병원 건립사업('20-'30/2,793만불)",L2025-00085-1/붙임2. 현지입찰(신규입찰) 서류 및 계약서류(안)/IKHCC Section 4 - IKHCC BLANK BOQ 250903_최종/7. Blank bill Firefighting revised 250811/Fire fighting - Mech revised 250812/BILL. FIRFEIGHTING MECH(MEP BUILDING).xls,.xls,324096,True,672,0,BOQ,
L2025-00085-1,2020-00119,이라크,"이라크 한-이라크 심장병 어린이 전문 병원 건립사업('20-'30/2,793만불)",L2025-00085-1/붙임2. 현지입찰(신규입찰) 서류 및 계약서류(안)/IKHCC Section 4 - IKHCC BLANK BOQ 250903_최종/7. Blank bill Firefighting revised 250811/FIREFIGHTING_ELEC/BLANK BILL-FIRE FIGHTING ELEC - 0 (TOTAL).xlsm,.xlsm,107555,True,563,0,BOQ,
L2025-00085-1,2020-00119,이라크,"이라크 한-이라크 심장병 어린이 전문 병원 건립사업('20-'30/2,793만불)",L2025-00085-1/붙임2. 현지입찰(신규입찰) 서류 및 계약서류(안)/IKHCC Section 4 - IKHCC BLANK BOQ 250903_최종/7. Blank bill Firefighting revised 250811/FIREFIGHTING_ELEC/BLANK BILL-FIRE FIGHTING ELEC - A (HOSPITAL).xlsm,.xlsm,105228,True,563,0,BOQ,
L2025-00085-1,2020-00119,이라크,"이라크 한-이라크 심장병 어린이 전문 병원 건립사업('20-'30/2,793만불)",L2025-00085-1/붙임2. 현지입찰(신규입찰) 서류 및 계약서류(안)/IKHCC Section 4 - IKHCC BLANK BOQ 250903_최종/7. Blank bill Firefighting revised 250811/FIREFIGHTING_ELEC/BLANK BILL-FIRE FIGHTING ELEC - B (MEP BUILDING).xlsm,.xlsm,105175,True,563,0,BOQ,
L2025-00085-1,2020-00119,이라크,"이라크 한-이라크 심장병 어린이 전문 병원 건립사업('20-'30/2,793만불)",L2025-00085-1/붙임2. 현지입찰(신규입찰) 서류 및 계약서류(안)/IKHCC Section 4 - IKHCC BLANK BOQ 250903_최종/7. Blank bill Firefighting revised 250811/FIREFIGHTING_ELEC/BLANK BILL-FIRE FIGHTING ELEC - C (BRIDGE).xlsm,.xlsm,108291,True,563,0,BOQ,
L2025-00085-1,2020-00119,이라크,"이라크 한-이라크 심장병 어린이 전문 병원 건립사업('20-'30/2,793만불)",L2025-00085-1/붙임2. 현지입찰(신규입찰) 서류 및 계약서류(안)/IKHCC Section 4 - IKHCC BLANK BOQ 250903_최종/8 Mob & Signage/BILL No8-1 -Mobilization Works-blank.xlsx,.xlsx,638347,True,57,0,BOQ,
L2025-00085-1,2020-00119,이라크,"이라크 한-이라크 심장병 어린이 전문 병원 건립사업('20-'30/2,793만불)",L2025-00085-1/붙임2. 현지입찰(신규입찰) 서류 및 계약서류(안)/IKHCC Section 4 - IKHCC BLANK BOQ 250903_최종/8 Mob & Signage/BILL No8-2 Signages-blank.xlsx,.xlsx,31619,True,92,0,BOQ,
L2025-00094-1,2022-00069,필리핀,"필리핀 기마라스주 수산양식 역량강화를 통한 양식어민 소득증대 지원사업('22-'28/1,000만불)",L2025-00094-1/ReBidding Documents (Guimaras_Design) 1022v2/ReBidding Documents (Guimaras_Design) 1022/Section 9 - Pledges/Declaration of Anti_Corruption (╣▌║╬╞╨ ╝▒╛≡╝¡).docx,.docx,23025,True,38,0,,
L2025-00094-1,2022-00069,필리핀,"필리핀 기마라스주 수산양식 역량강화를 통한 양식어민 소득증대 지원사업('22-'28/1,000만불)",L2025-00094-1/ReBidding Documents (Guimaras_Design) 1022v2/ReBidding Documents (Guimaras_Design) 1022/Section 9 - Pledges/Fair Contract Pledge Letter (░°┴ñ░Φ╛α ╝¡╛α╝¡).docx,.docx,18740,True,20,0,,
L2025-00094-1,2022-00069,필리핀,"필리핀 기마라스주 수산양식 역량강화를 통한 양식어민 소득증대 지원사업('22-'28/1,000만불)",L2025-00094-1/ReBidding Documents (Guimaras_Design) 1022v2/ReBidding Documents (Guimaras_Design) 1022/Section 9 - Pledges/Integrity Pledge (├╗╖┼░Φ╛α╝¡).docx,.docx,36507,True,17,0,,
