audit_no,dataset_id,project_no,bid_no,bid_base_no,package_id,notice_date,country_ko,stored_country_ko,title,stored_contract_type,scope_role,facility_type,work_type,notice_ceiling_usd,notice_ceiling_krw_raw,notice_ceiling_usd_raw,selected_area_m2,area_semantics,area_aggregation,area_confidence,area_source_file,area_source_locator,area_quote,area_candidates,selected_construction_cost_usd,amount_stage,amount_scope,tax_basis,contingency_note,amount_source_file,amount_source_locator,amount_quote,amount_confidence,record_cost_semantics,record_scope_status,same_scope_status,screening_unit_usd_m2,notice_ceiling_to_selected_gap_pct,realized_price_available,final_grade,compact_grade,verification_level,grade_detail,manual_note,legacy_reviewed_case,legacy_evidence_grade,legacy_cost_stage,legacy_grade_not_inherited,strict_attachment_review,unit_cost_allowed_use,direct_future_estimate_ready,sample_weight_notice,source_url,grade_system_version,audit_date,indexed_attachment_count,spreadsheet_count,boq_named_file_count,quantity_table_file_count,priced_table_file_count,scan_error_file_count,is_bid_base_representative,is_project_display_representative
1,2016-2020,201701,L2017-00001-1,L2017-00001,201701::L2017-00001,2017-01-23,세네갈,세네갈,세네갈 고등기술전문대학(ISEP) 설립사업 및 농업기술학교(CIPA) 역량강화사업 시공업체 선정,공사,WORKS,학교·교육시설,미분류,5784000.0,,"$ 5,784,000",8694.0,GFA,SUM_OR_MULTI,MANUAL_CURATED,L2017-00001-1/붙임2_입찰공고문(영문).docx,문단 19,"2개 시설 연면적 합계 8,694.00㎡; 집행한도 USD 5,784,000; 명목단가 USD 665/㎡.",6688:GFA;2006:GFA,5664262.66,ADVERTISED_ESTIMATED_BUDGET,BUILDING_WORKS_OR_DESIGN_BUILD,VAT_EXCLUDED,,L2017-00001-1/붙임2_입찰공고문(영문).docx,문단 15,"Estimated Budget: Approx. USD 5,664,262.66 (VAT excluded)",MANUAL_SOURCE_VERIFIED,WORKS_CEILING,MATCH,MATCH,651.5139935587762,2.11390867951029,NO,C,C,V3_CURATED_AREA_COST_RECHECK,동일/제한 범위 공사금액÷면적 스크리닝 근거,,1,B,공사 입찰 집행한도,YES,0,초기 스크리닝만,0,1,https://nebid.koica.go.kr/oep/lobi/localBidManageDetail.do?P_LOAZ_BID_PBLANC_NO=L2017-00001&P_PBLANC_ODR=1,KOICA-AREA-COST-READINESS-2.0,2026-08-01,1,0,0,0,0,0,1,1
2,2016-2020,L2017-0004,L2017-00005-1,L2017-00005,L2017-0004::L2017-00005,2017-08-15,에콰도르,에콰도르,에콰도르 과야스주 보건의료센터 건립사업 시공사 선정 입찰,공사,WORKS,병원,신축,3572800.0,,"$ 3,572,800",2541.35,GFA,SINGLE_OR_TOTAL,MANUAL_CURATED,L2017-00005-1/PUBLICACION INGLES FINAL 14 AGO 2017.docx,표 1 행 3,"총연면적 2,541.35㎡; 집행한도 USD 3,572,800; 명목단가 USD 1,406/㎡.",2541.35:GFA,3572800.0,NOTICE_EXECUTION_CEILING,BUILDING_WORKS_OR_CURATED_CONSTRUCTION_BUDGET,SEE_SOURCE,,L2017-00005-1/PUBLICACION INGLES FINAL 14 AGO 2017.docx,표 1 행 3,"총연면적 2,541.35㎡; 집행한도 USD 3,572,800; 명목단가 USD 1,406/㎡.",MANUAL_CURATED,WORKS_CEILING,MATCH,MATCH,1405.866960473764,,NO,C,C,V3_CURATED_AREA_COST_RECHECK,동일/제한 범위 공사금액÷면적 스크리닝 근거,,1,A,공사 입찰 집행한도,YES,0,초기 스크리닝만,0,1,https://nebid.koica.go.kr/oep/lobi/localBidManageDetail.do?P_LOAZ_BID_PBLANC_NO=L2017-00005&P_PBLANC_ODR=1,KOICA-AREA-COST-READINESS-2.0,2026-08-01,3,0,0,0,0,0,1,1
3,2016-2020,2016-00028,L2017-00007-1,L2017-00007,2016-00028::L2017-00007,2017-09-11,라오스,라오스,라오스 청년동맹 IT센터 역량강화사업 시공업체 선정,공사,WORKS,기타·미분류,신축,1227580.0,,"$ 1,227,580",1562.68,GFA_OR_CURATED_AREA,SUM_OR_MULTI,MANUAL_CURATED,L2017-00007-1/청년동맹 IT 센터 Bid Announcement (20170911_신문공고).docx,표 1 행 4,"본동+연결통로 합계 1,562.68㎡; 집행한도 USD 1,227,580; 명목단가 USD 786/㎡.",1497.68:BUILDING_OR_CONSTRUCTION_AREA;65:BUILDING_OR_CONSTRUCTION_AREA,1197640,ADVERTISED_BUDGET_CAP,BUILDING_WORKS_OR_DESIGN_BUILD,VAT_EXCLUDED,,L2017-00007-1/청년동맹 IT 센터 Bid Announcement (20170911_신문공고).docx,문단 27,"The budget for this Project is estimated as USD 1,197,640 (Excluding V.A.T)",MANUAL_SOURCE_VERIFIED,WORKS_CEILING,MATCH,MATCH,766.4013105690224,2.499916502454824,NO,C,C,V3_CURATED_AREA_COST_RECHECK,동일/제한 범위 공사금액÷면적 스크리닝 근거,,1,B,공사 입찰 집행한도,YES,0,초기 스크리닝만,0,1,https://nebid.koica.go.kr/oep/lobi/localBidManageDetail.do?P_LOAZ_BID_PBLANC_NO=L2017-00007&P_PBLANC_ODR=1,KOICA-AREA-COST-READINESS-2.0,2026-08-01,1,0,0,0,0,0,1,1
4,2016-2020,2016-00206,L2018-00005-1,L2018-00005,2016-00206::L2018-00005,2017-10-03,요르단,요르단,요르단 시리아 난민 밀집지역 취약계층 아동을 위한 3개 학교 건립사업 설계감리 용역 선정,용역,DESIGN_OR_SUPERVISION_SERVICE,학교·교육시설,신축,450000.0,,"$ 450,000",3492.0,GFA,AUTO_SELECTED_SINGLE_OR_TOTAL,AUTO_HIGH,L2018-00005-1/[KOICA] Invitation for Bids - Procurement of Consultants Services.pdf,페이지 1,"New Schools for Disadvantaged Students; Services Irbid, Mafraq, and Zarqa Al-Bayadhah Secondary School for Girls in Irbid: Total floor area 3,492 ㎡ for new construction work; - Service Area Al-Hamrah Basic Mixed Schoo",3492:GFA;3380:GFA,,SERVICE_OR_GOODS_CEILING,DESIGN_OR_SUPERVISION_SERVICE,NOT_APPLICABLE,,KOICA 입찰 상세페이지,집행한도금액(달러),,SCOPE_REJECTED,SERVICE_FEE_OR_MIXED,NO_MATCH,NO_MATCH,,,NO,X,X,V3_SCOPE_REVIEW,설계·감리·기타 용역 집행한도는 건축공사비가 아님,,0,,,,0,계산 금지,0,0,https://nebid.koica.go.kr/oep/lobi/localBidManageDetail.do?P_LOAZ_BID_PBLANC_NO=L2018-00005&P_PBLANC_ODR=1,KOICA-AREA-COST-READINESS-2.0,2026-08-01,1,0,0,0,0,0,1,0
5,2016-2020,2014-00024,L2017-00011-1,L2017-00011,2014-00024::L2017-00011,2017-12-27,투르크메니스탄,,투르크메니스탄 가스직업훈련원 역량강화사업 설계시공입찰,공사,DESIGN_BUILD_WORKS,학교·교육시설,신축,2550000.0,,"$ 2,550,000",2250.0,GFA,SINGLE_OR_TOTAL,MANUAL_CURATED,L2017-00011-1/입찰서류_투르크메니스탄 가스직업훈련원 설계시공입찰_영문본/Addendum No.1 Scope of the works_Rev 04.docx,문단 11,"계획 연면적 2,250.00㎡; 집행한도 USD 2,550,000; 명목단가 USD 1,133/㎡.",2250:GFA;2250:GFA;2250:GFA;2250:AMBIGUOUS_AREA;1790:AMBIGUOUS_AREA,2550000.0,NOTICE_EXECUTION_CEILING,BUILDING_WORKS_OR_CURATED_CONSTRUCTION_BUDGET,SEE_SOURCE,설계·시공 일괄입찰,L2017-00011-1/입찰서류_투르크메니스탄 가스직업훈련원 설계시공입찰_영문본/Addendum No.1 Scope of the works_Rev 04.docx,문단 11,"계획 연면적 2,250.00㎡; 집행한도 USD 2,550,000; 명목단가 USD 1,133/㎡.",MANUAL_CURATED,WORKS_CEILING,MATCH,MATCH,1133.3333333333333,,NO,C,C,V3_CURATED_AREA_COST_RECHECK,동일/제한 범위 공사금액÷면적 스크리닝 근거,,1,B,공사 입찰 집행한도,YES,0,초기 스크리닝만,0,1,https://nebid.koica.go.kr/oep/lobi/localBidManageDetail.do?P_LOAZ_BID_PBLANC_NO=L2017-00011&P_PBLANC_ODR=1,KOICA-AREA-COST-READINESS-2.0,2026-08-01,28,0,0,0,0,0,1,1
6,2016-2020,2015-00011,L2018-00008-1,L2018-00008,2015-00011::L2018-00008,2018-05-16,스리랑카,스리랑카,스리랑카 기술계 교사양성 및 재교육 사업 신축 설계 및 CA용역 입찰,용역,DESIGN_OR_SUPERVISION_SERVICE,기타·미분류,신축,379000.0,,"$ 379,000",12960.0,GFA,AUTO_SELECTED_SINGLE_OR_TOTAL,AUTO_HIGH,L2018-00008-1/스리랑카 기술계 교사양성 및 재교육 사업 설계업체 현지입찰 첨부서류/04_Chapter_4._Invitation_to_Bid.docx,표 1 행 2," of Services | 1. Project Location: Kuliyapitiya, Kurunegala District, Sri Lanka. 2. Site Area: 11.41 Acre (46,174 m2) 3. Total Floor Area: 12,960 m2 4. Scope of Work : Design Consultant Service (Design Service & Constr",12960:GFA;12960:GFA;12960:GFA;12960:AMBIGUOUS_AREA;4709:AMBIGUOUS_AREA;2592:AMBIGUOUS_AREA;1632:AMBIGUOUS_AREA;1576:AMBIGUOUS_AREA;1248:AMBIGUOUS_AREA;1179:AMBIGUOUS_AREA;24:AMBIGUOUS_AREA;46174:SITE_AREA,,SERVICE_OR_GOODS_CEILING,DESIGN_OR_SUPERVISION_SERVICE,NOT_APPLICABLE,,KOICA 입찰 상세페이지,집행한도금액(달러),,SCOPE_REJECTED,SERVICE_FEE_OR_MIXED,NO_MATCH,NO_MATCH,,,NO,X,X,V3_SCOPE_REVIEW,설계·감리·기타 용역 집행한도는 건축공사비가 아님,,0,,,,0,계산 금지,0,0,https://nebid.koica.go.kr/oep/lobi/localBidManageDetail.do?P_LOAZ_BID_PBLANC_NO=L2018-00008&P_PBLANC_ODR=1,KOICA-AREA-COST-READINESS-2.0,2026-08-01,14,0,0,0,0,0,1,0
7,2016-2020,2016-00002,L2018-00011-1,L2018-00011,2016-00002::L2018-00011,2018-07-18,파라과이,파라과이,파라과이 센트럴주 림삐오시 보건의료체계 형성 및 의료강화사업/ 보건소 신축 1단계 공사,공사,WORKS,병원,신축,1623300.0,,"$ 1,623,300",1987.0,GFA,SINGLE_OR_TOTAL,MANUAL_CURATED,L2018-00011-1/림삐오 1차 시공 입찰 안내서 160718_수정 (1).hwp,문단 26,"총연면적 1,987.00㎡; 집행한도 USD 1,623,300; 명목단가 USD 817/㎡.",1987:GFA;1987:GFA;1.987:WORK_ITEM_AREA,1623300.0,NOTICE_EXECUTION_CEILING,BUILDING_WORKS_OR_CURATED_CONSTRUCTION_BUDGET,SEE_SOURCE,,L2018-00011-1/림삐오 1차 시공 입찰 안내서 160718_수정 (1).hwp,문단 26,"총연면적 1,987.00㎡; 집행한도 USD 1,623,300; 명목단가 USD 817/㎡.",MANUAL_CURATED,WORKS_CEILING,MATCH,MATCH,816.9602415702063,,NO,C,C,V3_CURATED_AREA_COST_RECHECK,동일/제한 범위 공사금액÷면적 스크리닝 근거,,1,A,공사 입찰 집행한도,YES,0,초기 스크리닝만,0,1,https://nebid.koica.go.kr/oep/lobi/localBidManageDetail.do?P_LOAZ_BID_PBLANC_NO=L2018-00011&P_PBLANC_ODR=1,KOICA-AREA-COST-READINESS-2.0,2026-08-01,3,0,0,0,0,0,1,1
8,2016-2020,2016-20150,L2018-00012-1,L2018-00012,2016-20150::L2018-00012,2018-08-07,필리핀,필리핀,필리핀 퀴리노주 농촌종합개발 2차 사업 설계 및 시공 일괄용역,공사,DESIGN_BUILD_WORKS,농업시설,미분류,4486860.0,,"$ 4,486,860",6615.0,GFA,SUM_OR_MULTI,MANUAL_CURATED,L2018-00012-1/Addendum No.1 Scope of Works and Design Instruction (Quirino2).docx,문단 20,"3개 동 연면적 합계 6,615.00㎡; 집행한도 USD 4,486,860; 명목단가 USD 678/㎡.",6615:GFA;6615:GFA;6615:AMBIGUOUS_AREA;6615:AMBIGUOUS_AREA;3690:AMBIGUOUS_AREA;3690:AMBIGUOUS_AREA;2133:AMBIGUOUS_AREA;2133:AMBIGUOUS_AREA;792:AMBIGUOUS_AREA;792:AMBIGUOUS_AREA,4374688,ADVERTISED_ESTIMATED_BUDGET,BUILDING_WORKS_OR_DESIGN_BUILD,VAT_INCLUDED,Provisional sum 8% included,L2018-00012-1/Bid Announcement (Quirino2)_final.docx,표 1 행 7,"Estimated Budget USD 4,374,688.00 (Inclusive of VAT, provisional sum)",MANUAL_SOURCE_VERIFIED,WORKS_CEILING,MATCH,MATCH,661.3284958427815,2.5641142865502564,NO,C,C,V3_CURATED_AREA_COST_RECHECK,동일/제한 범위 공사금액÷면적 스크리닝 근거,,1,B,공사 입찰 집행한도,YES,0,초기 스크리닝만,0,1,https://nebid.koica.go.kr/oep/lobi/localBidManageDetail.do?P_LOAZ_BID_PBLANC_NO=L2018-00012&P_PBLANC_ODR=1,KOICA-AREA-COST-READINESS-2.0,2026-08-01,3,0,0,0,0,0,1,1
9,2016-2020,2016-00003,L2018-00014-1,L2018-00014,2016-00003::L2018-00014,2018-08-14,파라과이,파라과이,파라과이 취약계층 노인 보건의료복지센터 정책수립 지원사업 산토 도밍고 노인 보인의료복지센터 신축 공사 시공자 선정 현지국제입찰,공사,WORKS,기타·미분류,신축,4580780.0,,"$ 4,580,780",6428.0,GFA,SINGLE_OR_TOTAL,MANUAL_CURATED,L2018-00014-1/Bidding Guideline_Santo Domingo_180818.docx,문단 44,"총연면적 6,428.00㎡; 집행한도 USD 4,580,780; 명목단가 USD 713/㎡.",6428:GFA;6428:AMBIGUOUS_AREA;13000:SITE_AREA;13000:SITE_AREA,4466261,BASIC_ESTIMATED_PRICE,BUILDING_WORKS_OR_DESIGN_BUILD,VAT_EXEMPT,,L2018-00014-1/Bidding Guideline_Santo Domingo_180818.docx,문단 64,"Basic Estimated Price: USD 4,466,261 (VAT exempted)",MANUAL_SOURCE_VERIFIED,WORKS_CEILING,MATCH,MATCH,694.8134723086497,2.5640910820034835,NO,C,C,V3_CURATED_AREA_COST_RECHECK,동일/제한 범위 공사금액÷면적 스크리닝 근거,,1,A,공사 입찰 집행한도,YES,0,초기 스크리닝만,0,1,https://nebid.koica.go.kr/oep/lobi/localBidManageDetail.do?P_LOAZ_BID_PBLANC_NO=L2018-00014&P_PBLANC_ODR=1,KOICA-AREA-COST-READINESS-2.0,2026-08-01,3,0,0,0,0,0,1,1
10,2016-2020,2017-07115,L2018-00015-1,L2018-00015,2017-07115::L2018-00015,2018-09-14,우즈베키스탄,가나,우즈베키스탄 페르가나 직업훈련원 건축 설계/감리업체 현지입찰,용역,DESIGN_OR_SUPERVISION_SERVICE,산업·직업훈련시설,신축,380000.0,,"$ 380,000",5000.0,GFA,AUTO_SELECTED_SINGLE_OR_TOTAL,AUTO_HIGH,L2018-00015-1/우즈벡_페르가나직훈원_설계 및 감리업체 선정 입찰공고(국문).pdf,페이지 1,"범위: 3. 제안요청서는 입찰설명회에서 참석자에게 제공 예정 ž 건축 계획설계, 기본설계 및 실시설계 4. 제안서 사용 언어: 영어 ž 건축시공감리(저작권감리 및 기술감리 5. 사업의 진행 기간 동안 낙찰자가제출한 서류가 ž 건축 연면적(신축): 약 5,000㎡ 허위이거나 자격 요건 등이 허위로 밝혀질 경우, • 사업부지 위치: 112 Al-Fargoniy Street, Fergana",5000:GFA;5000:GFA,,SERVICE_OR_GOODS_CEILING,DESIGN_OR_SUPERVISION_SERVICE,NOT_APPLICABLE,,KOICA 입찰 상세페이지,집행한도금액(달러),,SCOPE_REJECTED,SERVICE_FEE_OR_MIXED,NO_MATCH,NO_MATCH,,,NO,X,X,V3_SCOPE_REVIEW,설계·감리·기타 용역 집행한도는 건축공사비가 아님,,0,,,,0,계산 금지,0,0,https://nebid.koica.go.kr/oep/lobi/localBidManageDetail.do?P_LOAZ_BID_PBLANC_NO=L2018-00015&P_PBLANC_ODR=1,KOICA-AREA-COST-READINESS-2.0,2026-08-01,2,0,0,0,0,0,1,0
11,2016-2020,2016-00213,L2018-00019-1,L2018-00019,2016-00213::L2018-00019,2018-10-02,라오스,라오스,라오스 한라 직업기술개발원 역량강화사업 건축 공사 설계 및 시공 일괄 입찰,공사,DESIGN_BUILD_WORKS,기타·미분류,리모델링·개보수,2063987.0,,"$ 2,063,987",6186.0,GFA_MIXED_NEW_AND_RENOVATION,SUM_6_BUILDINGS,MANUAL_CONTEXT_REVIEW,L2018-00019-1,입찰개요 문단 3,"신축 1,230+700㎡ 및 기존건물 개보수 1,122+1,350+1,560+224㎡ 합계",1230:GFA;700:GFA;1560:AMBIGUOUS_AREA;1350:AMBIGUOUS_AREA;1122:AMBIGUOUS_AREA;224:AMBIGUOUS_AREA,2063987.0,NOTICE_EXECUTION_CEILING,PROCUREMENT_CEILING_ASSUMED_WORKS,UNKNOWN,,KOICA 입찰 상세페이지,집행한도금액(달러),,METADATA_PLUS_SCOPE_REVIEW,WORKS_CEILING,MATCH,MATCH,333.65454251535726,,NO,C?,C?,V2R_HUMAN_REVIEWED_EXTRACTION,범위 일치 잠정확인; 원본 V3 확인 전 직접 사용 금지,,0,,,,0,초기 스크리닝만,0,1,https://nebid.koica.go.kr/oep/lobi/localBidManageDetail.do?P_LOAZ_BID_PBLANC_NO=L2018-00019&P_PBLANC_ODR=1,KOICA-AREA-COST-READINESS-2.0,2026-08-01,1,0,0,0,0,0,1,1
12,2016-2020,2016-00206,L2018-00020-1,L2018-00020,2016-00206::L2018-00020,2018-10-02,요르단,요르단,요르단 시리아 난민밀집지역 취약계층 아동을 위한 3개 학교 건립사업 2개 학교 시공업체 선정 입찰,공사,WORKS,학교·교육시설,신축,5497600.0,"\ 6,322,240,000","$ 5,497,600 (환율 : 1150)",7599.0,GFA,SUM_OR_MULTI,MANUAL_CURATED,L2018-00020-1/붙임_ (입찰공고) Invitation for Bids_Bid Announcement_Rev3_최종.docx,표 1 행 4,"2개 학교 연면적 합계 7,599.00㎡; 집행한도 USD 5,497,600; 명목단가 USD 723/㎡.",7599:GFA;3948:GFA;3651:AMBIGUOUS_AREA,5354000,ADVERTISED_BUDGET_CAP,BUILDING_WORKS_OR_DESIGN_BUILD,SALES_TAX_INCLUDED,,L2018-00020-1/붙임_ (입찰공고) Invitation for Bids_Bid Announcement_Rev3_최종.docx,문단 27,"The available budget for this procurement assignment is USD 5,354,000 (sales tax included)",MANUAL_SOURCE_VERIFIED,WORKS_CEILING,MATCH,MATCH,704.566390314515,2.682106836010467,NO,C,C,V3_CURATED_AREA_COST_RECHECK,동일/제한 범위 공사금액÷면적 스크리닝 근거,,1,A,공사 입찰 집행한도,YES,0,초기 스크리닝만,0,0,https://nebid.koica.go.kr/oep/lobi/localBidManageDetail.do?P_LOAZ_BID_PBLANC_NO=L2018-00020&P_PBLANC_ODR=1,KOICA-AREA-COST-READINESS-2.0,2026-08-01,1,0,0,0,0,0,1,0
13,2016-2020,2013-00007,L2018-00026-1,L2018-00026,2013-00007::L2018-00026,2018-10-07,볼리비아,볼리비아,볼리비아 엘알토 병원 3차 지원사업 시공 현지입찰,공사,WORKS,병원,미분류,4114500.0,,"$ 4,114,500",2879.23,GFA,AUTO_SELECTED_SINGLE_OR_TOTAL,AUTO_HIGH,L2018-00026-1/국문시공입찰계획서.hwp,문단 52,"- 규모: 지하 1층, 지상 4층, 연면적 2,879.23㎡",2879.23:GFA;2879.23:GFA;2879.23:GFA;2879.23:GFA;2879.23:GFA;2879.23:AMBIGUOUS_AREA;2879.23:AMBIGUOUS_AREA;1106.75:AMBIGUOUS_AREA,4114500.0,NOTICE_EXECUTION_CEILING,PROCUREMENT_CEILING_ASSUMED_WORKS,UNKNOWN,,KOICA 입찰 상세페이지,집행한도금액(달러),,METADATA_PLUS_SCOPE_REVIEW,WORKS_CEILING,MATCH,MATCH,1429.027899820438,,NO,C?,C?,V2R_HUMAN_REVIEWED_EXTRACTION,범위 일치 잠정확인; 원본 V3 확인 전 직접 사용 금지,,0,,,,0,초기 스크리닝만,0,0,https://nebid.koica.go.kr/oep/lobi/localBidManageDetail.do?P_LOAZ_BID_PBLANC_NO=L2018-00026&P_PBLANC_ODR=1,KOICA-AREA-COST-READINESS-2.0,2026-08-01,13,0,0,0,0,0,1,0
14,2016-2020,2013-00007,L2018-00025-1,L2018-00025,2013-00007::L2018-00025,2018-10-21,볼리비아,볼리비아,볼리비아 엘알토 한국병원 3차 지원사업 감리업체 선정,용역,DESIGN_OR_SUPERVISION_SERVICE,병원,미분류,199823.0,,"$ 199,823",2879.23,GFA,AUTO_SELECTED_SINGLE_OR_TOTAL,AUTO_HIGH,L2018-00025-1/국문입찰계획서.hwp,문단 123,"∙ 연면적 : 2,879.23㎡, 지하 1층/지상 4층",2879.23:GFA;2879.23:GFA;2879.23:GFA;2879.23:GFA;2879.23:GFA;2879.23:GFA;1106.75:AMBIGUOUS_AREA,,SERVICE_OR_GOODS_CEILING,DESIGN_OR_SUPERVISION_SERVICE,NOT_APPLICABLE,,KOICA 입찰 상세페이지,집행한도금액(달러),,SCOPE_REJECTED,SERVICE_FEE_OR_MIXED,NO_MATCH,NO_MATCH,,,NO,X,X,V3_SCOPE_REVIEW,설계·감리·기타 용역 집행한도는 건축공사비가 아님,,0,,,,0,계산 금지,0,0,https://nebid.koica.go.kr/oep/lobi/localBidManageDetail.do?P_LOAZ_BID_PBLANC_NO=L2018-00025&P_PBLANC_ODR=1,KOICA-AREA-COST-READINESS-2.0,2026-08-01,14,0,0,0,0,0,0,0
15,2016-2020,2013-00007,L2018-00029-1,L2018-00029,2013-00007::L2018-00029,2018-11-23,볼리비아,볼리비아,(재입찰)볼리비아 El-Alto 한국병원 3차 지원사업 시공업체선정,공사,WORKS,병원,미분류,4114500.0,,"$ 4,114,500",2879.23,GFA,SINGLE_OR_TOTAL,MANUAL_CURATED,L2018-00029-1/국문 재공고입찰계획서.hwp,문단 51,"총연면적 2,879.23㎡; 집행한도 USD 4,114,500; 명목단가 USD 1,429/㎡.",2879.23:GFA;2879.23:GFA;2879.23:GFA;2879.23:GFA;2879.23:AMBIGUOUS_AREA;2879.23:AMBIGUOUS_AREA;2879.23:AMBIGUOUS_AREA;1106.75:AMBIGUOUS_AREA,4114500,BID_LIMIT,BUILDING_WORKS_OR_DESIGN_BUILD,VAT_INCLUDED,,L2018-00029-1/국문 재공고입찰계획서.hwp,문단 95,"집행한도액 US $4,220,000 / 입찰한도액 US $4,114,500 (VAT 포함, -2.5%)",MANUAL_SOURCE_VERIFIED,WORKS_CEILING,MATCH,MATCH,1429.027899820438,0.0,NO,C,C,V3_CURATED_AREA_COST_RECHECK,동일/제한 범위 공사금액÷면적 스크리닝 근거,,1,A,공사 입찰 집행한도,YES,0,초기 스크리닝만,0,1,https://nebid.koica.go.kr/oep/lobi/localBidManageDetail.do?P_LOAZ_BID_PBLANC_NO=L2018-00029&P_PBLANC_ODR=1,KOICA-AREA-COST-READINESS-2.0,2026-08-01,13,0,0,0,0,0,1,1
16,2016-2020,2013-00007,L2018-00025-2,L2018-00025,2013-00007::L2018-00025,2018-12-14,볼리비아,볼리비아,(재입찰)볼리비아 엘알토 한국병원 3차 지원사업 감리업체 선정,용역,DESIGN_OR_SUPERVISION_SERVICE,병원,미분류,199823.0,,"$ 199,823",2879.23,GFA,AUTO_SELECTED_SINGLE_OR_TOTAL,AUTO_HIGH,L2018-00025-2/국문입찰계획서.hwp,문단 123,"∙ 연면적 : 2,879.23㎡, 지하 1층/지상 4층",2879.23:GFA;2879.23:GFA;2879.23:GFA;2879.23:GFA;2879.23:GFA;2879.23:AMBIGUOUS_AREA;2879.23:AMBIGUOUS_AREA;1106.75:AMBIGUOUS_AREA,,SERVICE_OR_GOODS_CEILING,DESIGN_OR_SUPERVISION_SERVICE,NOT_APPLICABLE,,KOICA 입찰 상세페이지,집행한도금액(달러),,SCOPE_REJECTED,SERVICE_FEE_OR_MIXED,NO_MATCH,NO_MATCH,,,NO,X,X,V3_SCOPE_REVIEW,설계·감리·기타 용역 집행한도는 건축공사비가 아님,,0,,,,0,계산 금지,0,0,https://nebid.koica.go.kr/oep/lobi/localBidManageDetail.do?P_LOAZ_BID_PBLANC_NO=L2018-00025&P_PBLANC_ODR=2,KOICA-AREA-COST-READINESS-2.0,2026-08-01,16,0,0,0,0,0,1,0
17,2016-2020,2015-00012,L2019-00010-1,L2019-00010,2015-00012::L2019-00010,2019-02-01,네팔,네팔,네팔 기술교사 역량강화를 통한 기술직업교육훈련 질적 제고 사업 IT 강의동 시공업체 선정 현지 입찰,공사,WORKS,기타·미분류,신축,1200000.0,,"$ 1,200,000",1549.83,GFA,SINGLE_OR_TOTAL,MANUAL_CURATED,L2019-00010-1/[붙임] 국문_IT 강의동 시공업체 선정 현지 입찰 계획서.hwp,문단 54,"총연면적 1,549.83㎡; 집행한도 USD 1,200,000; 명목단가 USD 774/㎡.",1549.83:GFA,1200000.0,NOTICE_EXECUTION_CEILING,BUILDING_WORKS_OR_CURATED_CONSTRUCTION_BUDGET,SEE_SOURCE,VAT 제외; 외부공사 등 포함범위 재확인,L2019-00010-1/[붙임] 국문_IT 강의동 시공업체 선정 현지 입찰 계획서.hwp,문단 54,"총연면적 1,549.83㎡; 집행한도 USD 1,200,000; 명목단가 USD 774/㎡.",MANUAL_CURATED,WORKS_CEILING,MATCH,MATCH,774.2784692514663,,NO,C,C,V3_CURATED_AREA_COST_RECHECK,동일/제한 범위 공사금액÷면적 스크리닝 근거,,1,A,공사 입찰 집행한도,YES,0,초기 스크리닝만,0,1,https://nebid.koica.go.kr/oep/lobi/localBidManageDetail.do?P_LOAZ_BID_PBLANC_NO=L2019-00010&P_PBLANC_ODR=1,KOICA-AREA-COST-READINESS-2.0,2026-08-01,1,0,0,0,0,0,1,1
18,2016-2020,2016-00202,L2019-00011-1,L2019-00011,2016-00202::L2019-00011,2019-03-07,라오스,라오스,라오스 이민국 신청사 건축 시공용역 현지입찰,공사,WORKS,정부·행정시설,신축,5600000.0,,"$ 5,600,000",5625.0,GFA,SINGLE_OR_TOTAL,MANUAL_CURATED,L2019-00011-1/01 Laos DOI_Bid Announcement Rev00_KOICA_0226.doc,문단 3,"주동 연면적 5,625.00㎡; 집행한도 USD 5,600,000; 명목단가 USD 996/㎡.",5625:GFA;66:GFA;20:GFA;5625:GFA,5600000.0,NOTICE_EXECUTION_CEILING,BUILDING_WORKS_OR_CURATED_CONSTRUCTION_BUDGET,SEE_SOURCE,부속시설 포함 가능,L2019-00011-1/01 Laos DOI_Bid Announcement Rev00_KOICA_0226.doc,문단 3,"주동 연면적 5,625.00㎡; 집행한도 USD 5,600,000; 명목단가 USD 996/㎡.",MANUAL_CURATED,WORKS_CEILING,MATCH,MATCH,995.5555555555555,,NO,C,C,V3_CURATED_AREA_COST_RECHECK,동일/제한 범위 공사금액÷면적 스크리닝 근거,,1,A,공사 입찰 집행한도,YES,0,초기 스크리닝만,0,1,https://nebid.koica.go.kr/oep/lobi/localBidManageDetail.do?P_LOAZ_BID_PBLANC_NO=L2019-00011&P_PBLANC_ODR=1,KOICA-AREA-COST-READINESS-2.0,2026-08-01,1,0,0,0,0,0,1,1
19,2016-2020,2016-00220,L2019-00041-1,L2019-00041,2016-00220::L2019-00041,2019-04-12,엘살바도르,엘살바도르,엘살바도르 동부건조지역 수계 복원력증대를 통한 기후변화대응사업('17-'20/800만불) 수자원확보 시행업체(PC) 선정,공사,NONBUILDING_OR_FALSE_AREA,기타·미분류,미분류,2080000.0,,"$ 2,080,000",,FALSE_POSITIVE_OR_WORK_ITEM,NOT_APPLICABLE,MANUAL_REJECTED,L2019-00041-1/02_1. Bidding Guideline(Water Collection and Storage)/Bidding Guideline(Water Collection and Storage)/Section05_1_Works Requirements_ENG_1903.docx,문단 291,12㎡는 빗물집수장치 지붕면적이며 건물 GFA가 아님,12:WORK_ITEM_AREA,,SERVICE_OR_GOODS_CEILING,NONBUILDING_OR_FALSE_AREA,NOT_APPLICABLE,,KOICA 입찰 상세페이지,집행한도금액(달러),,SCOPE_REJECTED,WORKS_CEILING,NO_MATCH,NO_MATCH,,,NO,X,X,V3_SCOPE_REVIEW,물품·비건축 또는 GFA 오탐으로 건축공사비 표본 제외,12㎡는 빗물집수장치 지붕면적이며 건물 GFA가 아님,0,,,,0,계산 금지,0,0,https://nebid.koica.go.kr/oep/lobi/localBidManageDetail.do?P_LOAZ_BID_PBLANC_NO=L2019-00041&P_PBLANC_ODR=1,KOICA-AREA-COST-READINESS-2.0,2026-08-01,18,0,0,0,0,0,1,0
20,2016-2020,2016-00220,L2019-00042-1,L2019-00042,2016-00220::L2019-00042,2019-04-12,엘살바도르,엘살바도르,엘살바도르 동부건조지역 수계 복원력증대를 통한 기후변화대응사업(17-20/800만불) 수자원복원 시행업체(PC) 선정,공사,NONBUILDING_OR_FALSE_AREA,기타·미분류,미분류,2080000.0,,"$ 2,080,000",,FALSE_POSITIVE_OR_WORK_ITEM,NOT_APPLICABLE,MANUAL_REJECTED,L2019-00042-1/02_1. Bidding Guideline(Water Collection and Storage)/Bidding Guideline(Water Collection and Storage)/Section05_1_Works Requirements_ENG_1903.docx,문단 291,12㎡는 빗물집수장치 지붕면적이며 건물 GFA가 아님,12:WORK_ITEM_AREA,,SERVICE_OR_GOODS_CEILING,NONBUILDING_OR_FALSE_AREA,NOT_APPLICABLE,,KOICA 입찰 상세페이지,집행한도금액(달러),,SCOPE_REJECTED,WORKS_CEILING,NO_MATCH,NO_MATCH,,,NO,X,X,V3_SCOPE_REVIEW,물품·비건축 또는 GFA 오탐으로 건축공사비 표본 제외,12㎡는 빗물집수장치 지붕면적이며 건물 GFA가 아님,0,,,,0,계산 금지,0,0,https://nebid.koica.go.kr/oep/lobi/localBidManageDetail.do?P_LOAZ_BID_PBLANC_NO=L2019-00042&P_PBLANC_ODR=1,KOICA-AREA-COST-READINESS-2.0,2026-08-01,18,0,0,0,0,0,1,0
21,2016-2020,2016-00029,L2019-00019-1,L2019-00019,2016-00029::L2019-00019,2019-05-14,네팔,네팔,네팔 카트만두대학 둘리켈 캠퍼스 내 “네팔기술혁신센터 건립사업” 설계 및 감리업체 선정 현지입찰 계획(안),용역,DESIGN_OR_SUPERVISION_SERVICE,기타·미분류,신축,228000.0,,"$ 228,000",3024.0,GFA,AUTO_SELECTED_SINGLE_OR_TOTAL,AUTO_HIGH,"L2019-00019-1/첨부1. (국문) 기술혁신센터건립’ 조달계약팀, 서남아태평양실, 기술평가팀 ᄀ.hwp",문단 58,"건축 연면적 3,024 M2",3024:GFA;3024:GFA;3024:GFA;3024:GFA;3024:GFA;3024:GFA;3000:QUALIFICATION;3000:QUALIFICATION;3000:QUALIFICATION;3000:QUALIFICATION;3000:QUALIFICATION;3000:QUALIFICATION,,SERVICE_OR_GOODS_CEILING,DESIGN_OR_SUPERVISION_SERVICE,NOT_APPLICABLE,,KOICA 입찰 상세페이지,집행한도금액(달러),,SCOPE_REJECTED,SERVICE_FEE_OR_MIXED,NO_MATCH,NO_MATCH,,,NO,X,X,V3_SCOPE_REVIEW,설계·감리·기타 용역 집행한도는 건축공사비가 아님,,0,,,,0,계산 금지,0,0,https://nebid.koica.go.kr/oep/lobi/localBidManageDetail.do?P_LOAZ_BID_PBLANC_NO=L2019-00019&P_PBLANC_ODR=1,KOICA-AREA-COST-READINESS-2.0,2026-08-01,25,0,0,0,0,0,1,0
22,2016-2020,2017-07115,L2019-00021-1,L2019-00021,2017-07115::L2019-00021,2019-05-15,우즈베키스탄,가나,우즈베키스탄 페르가나 직업훈련원 건립 신축공사 시공업체 선정 현지입찰,공사,WORKS,학교·교육시설,신축,5350000.0,,"$ 5,350,000",5455.0,GFA,SINGLE_OR_TOTAL,MANUAL_CURATED,L2019-00021-1/KOICA_우즈베키스탄 페르가나 직업훈련원 건립사업 시공업체 현지입찰공고 (국문).pdf,페이지 1,"총연면적 5,455.00㎡; 집행한도 USD 5,350,000; 명목단가 USD 981/㎡.",18999:GFA;5455:GFA,5350000.0,NOTICE_EXECUTION_CEILING,BUILDING_WORKS_OR_CURATED_CONSTRUCTION_BUDGET,SEE_SOURCE,,L2019-00021-1/KOICA_우즈베키스탄 페르가나 직업훈련원 건립사업 시공업체 현지입찰공고 (국문).pdf,페이지 1,"총연면적 5,455.00㎡; 집행한도 USD 5,350,000; 명목단가 USD 981/㎡.",MANUAL_CURATED,WORKS_CEILING,MATCH,MATCH,980.7516040329973,,NO,C,C,V3_CURATED_AREA_COST_RECHECK,동일/제한 범위 공사금액÷면적 스크리닝 근거,,1,A,공사 입찰 집행한도,YES,0,초기 스크리닝만,0,1,https://nebid.koica.go.kr/oep/lobi/localBidManageDetail.do?P_LOAZ_BID_PBLANC_NO=L2019-00021&P_PBLANC_ODR=1,KOICA-AREA-COST-READINESS-2.0,2026-08-01,1,0,0,0,0,0,1,1
23,2016-2020,2015-00011,L2019-00024-1,L2019-00024,2015-00011::L2019-00024,2019-06-28,스리랑카,스리랑카,스리랑카 기술계 교사양성 및 재교육 사업 현지시공 국제입찰,공사,WORKS,기타·미분류,신축,7300000.0,,"$ 7,300,000",12974.0,GFA,SINGLE_OR_TOTAL,MANUAL_CURATED,L2019-00024-1/BIDDING NOTICE.docx,표 2 행 3,"총연면적 12,974.00㎡; 집행한도 USD 7,300,000; 명목단가 USD 563/㎡.",12974:GFA;12974:GFA;12974:GFA;12974:GFA;12974:GFA;2000:GFA;2000:GFA;2000:GFA;6480:AMBIGUOUS_AREA;6480:AMBIGUOUS_AREA;2000:AMBIGUOUS_AREA;2000:AMBIGUOUS_AREA,7161000,BASIC_ESTIMATED_PRICE,BUILDING_WORKS_OR_DESIGN_BUILD,UNKNOWN,,L2019-00024-1/BIDDING NOTICE.docx,표 2 행 6,"Basic/advertised construction amount USD 7,161,000; detail execution ceiling USD 7,300,000",MANUAL_SOURCE_VERIFIED,WORKS_CEILING,MATCH,MATCH,551.950053954062,1.9410696830051588,NO,C,C,V3_CURATED_AREA_COST_RECHECK,동일/제한 범위 공사금액÷면적 스크리닝 근거,,1,A,공사 입찰 집행한도,YES,0,초기 스크리닝만,0,1,https://nebid.koica.go.kr/oep/lobi/localBidManageDetail.do?P_LOAZ_BID_PBLANC_NO=L2019-00024&P_PBLANC_ODR=1,KOICA-AREA-COST-READINESS-2.0,2026-08-01,30,2,3,0,0,0,1,1
24,2016-2020,2016-00220,L2019-00040-1,L2019-00040,2016-00220::L2019-00040,2019-07-19,엘살바도르,엘살바도르,엘살바도르 동부건조지역 수계 복원력증대를 통한 기후변화대응사업(17-20/800만불) 산림복원 시행업체(PC) 선정,공사,NONBUILDING_OR_FALSE_AREA,기타·미분류,미분류,752000.0,,"$ 752,000",,FALSE_POSITIVE_OR_WORK_ITEM,NOT_APPLICABLE,MANUAL_REJECTED,L2019-00040-1/(붙임)입찰안내서_영문/ENG_Comp3_05_Works Requirements.docx,표 5 행 10,3.1416㎡는 식재 1주 주변 청소면적이며 GFA가 아님,267:AMBIGUOUS_AREA;879.65:WORK_ITEM_AREA;3.1416:WORK_ITEM_AREA;3.1416:WORK_ITEM_AREA,,SERVICE_OR_GOODS_CEILING,NONBUILDING_OR_FALSE_AREA,NOT_APPLICABLE,,KOICA 입찰 상세페이지,집행한도금액(달러),,SCOPE_REJECTED,WORKS_CEILING,NO_MATCH,NO_MATCH,,,NO,X,X,V3_SCOPE_REVIEW,물품·비건축 또는 GFA 오탐으로 건축공사비 표본 제외,3.1416㎡는 식재 1주 주변 청소면적이며 GFA가 아님,0,,,,0,계산 금지,0,0,https://nebid.koica.go.kr/oep/lobi/localBidManageDetail.do?P_LOAZ_BID_PBLANC_NO=L2019-00040&P_PBLANC_ODR=1,KOICA-AREA-COST-READINESS-2.0,2026-08-01,18,0,0,0,0,0,0,0
25,2016-2020,2015-00006,L2019-00034-1,L2019-00034,2015-00006::L2019-00034,2019-08-07,에티오피아,에티오피아,에티오피아 오로미아주 모자보건 및 가족계획 역량 강화사업 헤토사 1차 병원 설계 및 시공 감리 용역,용역,DESIGN_OR_SUPERVISION_SERVICE,병원,미분류,189600.0,,"$ 189,600",3997.0,GFA,AUTO_SELECTED_SINGLE_OR_TOTAL,AUTO_HIGH,L2019-00034-1/(붙임4) 입찰제안서 및 부속서류 각 1부/04_Chapter_4._Invitation_to_Bid_1.docx,표 1 행 2,"ices | 1. Project Location: Iteya, Hetosa Woreda, Arsi Zone, Oromia Region, Ethiopia. 2. Site Area: 1.84 Ha (1,840 m2) 3. Total Floor Area: 3,997 m2 4. Scope of Work : Design Consultant Service and Construction Supervi",3997:GFA;3997:GFA;3997:AMBIGUOUS_AREA;2994:AMBIGUOUS_AREA;967:AMBIGUOUS_AREA;36:AMBIGUOUS_AREA;1840:SITE_AREA,,SERVICE_OR_GOODS_CEILING,DESIGN_OR_SUPERVISION_SERVICE,NOT_APPLICABLE,,KOICA 입찰 상세페이지,집행한도금액(달러),,SCOPE_REJECTED,SERVICE_FEE_OR_MIXED,NO_MATCH,NO_MATCH,,,NO,X,X,V3_SCOPE_REVIEW,설계·감리·기타 용역 집행한도는 건축공사비가 아님,,0,,,,0,계산 금지,0,0,https://nebid.koica.go.kr/oep/lobi/localBidManageDetail.do?P_LOAZ_BID_PBLANC_NO=L2019-00034&P_PBLANC_ODR=1,KOICA-AREA-COST-READINESS-2.0,2026-08-01,22,0,0,0,0,0,1,0
26,2016-2020,2015-00006,L2019-00037-1,L2019-00037,2015-00006::L2019-00037,2019-08-11,에티오피아,에티오피아,에티오피아 오로미아주 모자보건 및 가족계획 1차 병원 건립 설계 및 시공감리 용역업체 선정 현지입찰,용역,DESIGN_OR_SUPERVISION_SERVICE,병원,신축,189600.0,"\ 208,560,000","$ 189,600 (환율 : 1100)",3997.0,GFA,AUTO_SELECTED_SINGLE_OR_TOTAL,AUTO_HIGH,L2019-00037-1/Invitation.docx,문단 19,"• Site Area: 1.84 Ha (1,840 m2) / Total Floor Area: 3,997 m2",3997:GFA;1840:SITE_AREA,,SERVICE_OR_GOODS_CEILING,DESIGN_OR_SUPERVISION_SERVICE,NOT_APPLICABLE,,KOICA 입찰 상세페이지,집행한도금액(달러),,SCOPE_REJECTED,SERVICE_FEE_OR_MIXED,NO_MATCH,NO_MATCH,,,NO,X,X,V3_SCOPE_REVIEW,설계·감리·기타 용역 집행한도는 건축공사비가 아님,,0,,,,0,계산 금지,0,0,https://nebid.koica.go.kr/oep/lobi/localBidManageDetail.do?P_LOAZ_BID_PBLANC_NO=L2019-00037&P_PBLANC_ODR=1,KOICA-AREA-COST-READINESS-2.0,2026-08-01,1,0,0,0,0,0,1,0
27,2016-2020,2016-00220,L2019-00040-2,L2019-00040,2016-00220::L2019-00040,2019-09-11,엘살바도르,엘살바도르,엘살바도르 동부건조지역 수계 복원력증대를 통한 기후변화대응사업(17-20/800만불) 산림복원 시행업체(PC) 선정,공사,NONBUILDING_OR_FALSE_AREA,기타·미분류,미분류,752000.0,,"$ 752,000",,FALSE_POSITIVE_OR_WORK_ITEM,NOT_APPLICABLE,MANUAL_REJECTED,L2019-00040-2/입찰안내서_영문/ENG_Comp3_05_Works Requirements.docx,표 5 행 10,3.1416㎡는 식재 1주 주변 청소면적이며 GFA가 아님,267:AMBIGUOUS_AREA;879.65:WORK_ITEM_AREA;3.1416:WORK_ITEM_AREA;3.1416:WORK_ITEM_AREA,,SERVICE_OR_GOODS_CEILING,NONBUILDING_OR_FALSE_AREA,NOT_APPLICABLE,,KOICA 입찰 상세페이지,집행한도금액(달러),,SCOPE_REJECTED,WORKS_CEILING,NO_MATCH,NO_MATCH,,,NO,X,X,V3_SCOPE_REVIEW,물품·비건축 또는 GFA 오탐으로 건축공사비 표본 제외,3.1416㎡는 식재 1주 주변 청소면적이며 GFA가 아님,0,,,,0,계산 금지,0,0,https://nebid.koica.go.kr/oep/lobi/localBidManageDetail.do?P_LOAZ_BID_PBLANC_NO=L2019-00040&P_PBLANC_ODR=2,KOICA-AREA-COST-READINESS-2.0,2026-08-01,18,0,0,0,0,0,1,1
28,2016-2020,2016-00206,L2019-00043-1,L2019-00043,2016-00206::L2019-00043,2019-10-17,요르단,요르단,요르단 시리아 난민 밀집지역 취약계층 아동을 위한 3개 학교 건립사업 자르카 학교 시공사 선정 입찰,공사,WORKS,학교·교육시설,신축,2654320.0,,"$ 2,654,320",3944.3,GFA,SINGLE_OR_TOTAL,MANUAL_CURATED,L2019-00043-1/입찰공고문_3개 학교사업 자르카 학교 시공사 선정 입찰공고.pdf,페이지 1,"총연면적 3,944.30㎡; 집행한도 USD 2,654,320; 명목단가 USD 673/㎡.",3944.3:GFA,2654320.0,NOTICE_EXECUTION_CEILING,BUILDING_WORKS_OR_CURATED_CONSTRUCTION_BUDGET,SEE_SOURCE,,L2019-00043-1/입찰공고문_3개 학교사업 자르카 학교 시공사 선정 입찰공고.pdf,페이지 1,"총연면적 3,944.30㎡; 집행한도 USD 2,654,320; 명목단가 USD 673/㎡.",MANUAL_CURATED,WORKS_CEILING,MATCH,MATCH,672.9508404533124,,NO,C,C,V3_CURATED_AREA_COST_RECHECK,동일/제한 범위 공사금액÷면적 스크리닝 근거,,1,A,공사 입찰 집행한도,YES,0,초기 스크리닝만,0,1,https://nebid.koica.go.kr/oep/lobi/localBidManageDetail.do?P_LOAZ_BID_PBLANC_NO=L2019-00043&P_PBLANC_ODR=1,KOICA-AREA-COST-READINESS-2.0,2026-08-01,1,0,0,0,0,0,1,1
29,2016-2020,2014-00031,L2019-00044-1,L2019-00044,2014-00031::L2019-00044,2019-11-01,엘살바도르,엘살바도르,"엘살바도르 치안강화를 위한 차량 자동인식시스템 구축사업, CCTV 역량강화센터 2층 리모델링 시공업체 선정",공사,WORKS,학교·교육시설,리모델링·개보수,235960.0,"\ 259,556,154","$ 235,960 (환율 : 1100)",,FALSE_POSITIVE_OR_WORK_ITEM,NOT_APPLICABLE,MANUAL_REJECTED,L2019-00044-1/입찰안내서(영문).pdf,페이지 117,검출 4㎡는 기술규격의 도장 표면 문맥; 리모델링 GFA 미확인,4:WORK_ITEM_AREA,235960.0,NOTICE_EXECUTION_CEILING,PROCUREMENT_CEILING_ASSUMED_WORKS,UNKNOWN,,KOICA 입찰 상세페이지,집행한도금액(달러),,METADATA_PLUS_SCOPE_REVIEW,WORKS_CEILING,NO_MATCH,NO_MATCH,,,NO,U,U,V3_SCOPE_REVIEW,공사 후보이나 유효 GFA 또는 같은 범위 금액이 없음,검출 4㎡는 기술규격의 도장 표면 문맥; 리모델링 GFA 미확인,0,,,,0,계산 금지,0,0,https://nebid.koica.go.kr/oep/lobi/localBidManageDetail.do?P_LOAZ_BID_PBLANC_NO=L2019-00044&P_PBLANC_ODR=1,KOICA-AREA-COST-READINESS-2.0,2026-08-01,1,0,0,0,0,0,1,1
30,2016-2020,2017-15267,L2019-00046-1,L2019-00046,2017-15267::L2019-00046,2019-11-22,필리핀,필리핀,필리핀 사무소 이전 관련 마감공사,용역,MIXED_FITOUT_WORKS,기타·미분류,미분류,206864.0,,"$ 206,864",679.0,GFA,AUTO_SELECTED_SINGLE_OR_TOTAL,AUTO_HIGH,L2019-00046-1/붙임/01_Chapter 1. Invitation for Bids_Bid Announcement_Rev1.docx,표 1 행 4,- Gross Area | - Total floor area of the New Office: 679 square meters approx. - Total floor area of the Existing Office: 560 square meters ,679:GFA;560:GFA;680:GFA;656:AMBIGUOUS_AREA,,SERVICE_OR_GOODS_CEILING,MIXED_FITOUT_WORKS,NOT_APPLICABLE,,KOICA 입찰 상세페이지,집행한도금액(달러),,SCOPE_REJECTED,SERVICE_FEE_OR_MIXED,PARTIAL_MIXED_COST,PARTIAL_MIXED_COST,,,NO,U,U,V3_SCOPE_REVIEW,면적과 금액 범위가 부분·혼합되어 계산 금지,신규 마감 외에 기존 사무소 원상복구·가구·이사·예비비가 포함되어 656/679㎡와 금액 범위가 일치하지 않음,0,,,,0,계산 금지,0,0,https://nebid.koica.go.kr/oep/lobi/localBidManageDetail.do?P_LOAZ_BID_PBLANC_NO=L2019-00046&P_PBLANC_ODR=1,KOICA-AREA-COST-READINESS-2.0,2026-08-01,17,1,0,0,0,0,1,1
31,2016-2020,2017-07192,L2020-00001-1,L2020-00001,2017-07192::L2020-00001,2020-01-15,캄보디아,캄보디아,캄보디아 앙두엉 이비인후과(ENT)병원 역량강화사업 시공업체 선정 입찰,공사,WORKS,병원,미분류,4080000.0,,"$ 4,080,000",4177.94,GFA,TOTAL,MANUAL_CONTEXT_REVIEW,L2020-00001-1,표 2 행 5,"Gross Floor Area approx. 4,177.94 m2; site/building footprint 별도",4177.94:GFA;4177.94:GFA;863.31:BUILDING_OR_CONSTRUCTION_AREA;863.31:BUILDING_OR_CONSTRUCTION_AREA;4177.94:AMBIGUOUS_AREA;4446.28:SITE_AREA;1446.28:SITE_AREA,4080000.0,NOTICE_EXECUTION_CEILING,PROCUREMENT_CEILING_ASSUMED_WORKS,UNKNOWN,,KOICA 입찰 상세페이지,집행한도금액(달러),,METADATA_PLUS_SCOPE_REVIEW,WORKS_CEILING,MATCH,MATCH,976.5578251482789,,NO,C?,C?,V2R_HUMAN_REVIEWED_EXTRACTION,범위 일치 잠정확인; 원본 V3 확인 전 직접 사용 금지,,0,,,,0,초기 스크리닝만,0,0,https://nebid.koica.go.kr/oep/lobi/localBidManageDetail.do?P_LOAZ_BID_PBLANC_NO=L2020-00001&P_PBLANC_ODR=1,KOICA-AREA-COST-READINESS-2.0,2026-08-01,2,0,0,0,0,0,0,0
32,2016-2020,2017-07192,L2020-00001-2,L2020-00001,2017-07192::L2020-00001,2020-02-07,캄보디아,캄보디아,캄보디아 앙두엉 이비인후과(ENT)병원 역량강화사업 시공업체 선정 입찰,공사,WORKS,병원,미분류,4080000.0,,"$ 4,080,000",4177.94,GFA,SINGLE_OR_TOTAL,MANUAL_CURATED,L2020-00001-2/입찰공고문(최종).docx,문단 19,"총연면적 4,177.94㎡; 집행한도 USD 4,080,000; 명목단가 USD 977/㎡.",4177.94:GFA;4177.94:GFA;4177.94:GFA;863.31:BUILDING_OR_CONSTRUCTION_AREA;863.31:BUILDING_OR_CONSTRUCTION_AREA;4446.28:SITE_AREA;1446.28:SITE_AREA,4080000.0,NOTICE_EXECUTION_CEILING,BUILDING_WORKS_OR_CURATED_CONSTRUCTION_BUDGET,SEE_SOURCE,,L2020-00001-2/입찰공고문(최종).docx,문단 19,"총연면적 4,177.94㎡; 집행한도 USD 4,080,000; 명목단가 USD 977/㎡.",MANUAL_CURATED,WORKS_CEILING,MATCH,MATCH,976.5578251482789,,NO,C,C,V3_CURATED_AREA_COST_RECHECK,동일/제한 범위 공사금액÷면적 스크리닝 근거,,1,A,공사 입찰 집행한도,YES,0,초기 스크리닝만,0,1,https://nebid.koica.go.kr/oep/lobi/localBidManageDetail.do?P_LOAZ_BID_PBLANC_NO=L2020-00001&P_PBLANC_ODR=2,KOICA-AREA-COST-READINESS-2.0,2026-08-01,2,0,0,0,0,0,1,1
33,2016-2020,2016-00029,L2020-00003-1,L2020-00003,2016-00029::L2020-00003,2020-05-25,네팔,네팔,네팔 통합적 지역개발을 위한 연구개발 인프라구축사업 연구혁신센터 시공업체 선정 입찰,용역,WORKS,기타·미분류,신축,2910000.0,,"$ 2,910,000",3117.0,GFA,TOTAL_4_FLOORS,MANUAL_CONTEXT_REVIEW,L2020-00003-1,표 1 행 4 / 문단 43,"Total Gross Floor Area 3,117㎡; site area 3,609.40㎡ 제외",3117:GFA;3117:GFA;3117:GFA;1050:GFA;860:GFA;722:GFA;485:GFA;1050:GFA;860:GFA;722:GFA;485:GFA;56.26:GFA,2910000.0,NOTICE_EXECUTION_CEILING,PROCUREMENT_CEILING_ASSUMED_WORKS,UNKNOWN,,KOICA 입찰 상세페이지,집행한도금액(달러),,METADATA_PLUS_SCOPE_REVIEW,WORKS_CEILING,MATCH,MATCH,933.5899903753609,,NO,C?,C?,V2R_HUMAN_REVIEWED_EXTRACTION,범위 일치 잠정확인; 원본 V3 확인 전 직접 사용 금지,DB는 용역이나 원문은 NTIC 시공공고,0,,,,0,초기 스크리닝만,0,1,https://nebid.koica.go.kr/oep/lobi/localBidManageDetail.do?P_LOAZ_BID_PBLANC_NO=L2020-00003&P_PBLANC_ODR=1,KOICA-AREA-COST-READINESS-2.0,2026-08-01,3,0,0,0,0,0,1,1
34,2016-2020,2019-00011,L2020-00004-1,L2020-00004,2019-00011::L2020-00004,2020-06-09,모잠비크,모잠비크,모잠비크 직업훈련교육 역량강화사업 설계 및 시공감리 용역사 선정,용역,DESIGN_OR_SUPERVISION_SERVICE,산업·직업훈련시설,미분류,290000.0,,"$ 290,000",,AMBIGUOUS_AREA,UNKNOWN,LOW,L2020-00004-1/(붙임2)Attachment 02-Design work scope - FINAL.docx,표 2 행 8,Laundry Bldg. | B-4 | Overall renovation for laundry bldg. 500㎡,500:AMBIGUOUS_AREA;300:AMBIGUOUS_AREA;980:WORK_ITEM_AREA;600:WORK_ITEM_AREA,,SERVICE_OR_GOODS_CEILING,DESIGN_OR_SUPERVISION_SERVICE,NOT_APPLICABLE,,KOICA 입찰 상세페이지,집행한도금액(달러),,SCOPE_REJECTED,SERVICE_FEE_OR_MIXED,NO_MATCH,NO_MATCH,,,NO,X,X,V3_SCOPE_REVIEW,설계·감리·기타 용역 집행한도는 건축공사비가 아님,,0,,,,0,계산 금지,0,0,https://nebid.koica.go.kr/oep/lobi/localBidManageDetail.do?P_LOAZ_BID_PBLANC_NO=L2020-00004&P_PBLANC_ODR=1,KOICA-AREA-COST-READINESS-2.0,2026-08-01,14,0,0,0,0,0,1,0
35,2016-2020,2016-00206,L2020-00007-1,L2020-00007,2016-00206::L2020-00007,2020-07-15,요르단,요르단,요르단 시리아난민 밀집지역 취약계층 아동을 위한 3개 학교 건립사업 시공감리사 신규 선정 입찰,용역,DESIGN_OR_SUPERVISION_SERVICE,학교·교육시설,신축,126313.0,,"$ 126,313",10364.0,GFA,AUTO_SELECTED_SINGLE_OR_TOTAL,AUTO_HIGH,L2020-00007-1/Tender Documents_final rev 2. (15.7.2020)/06. Addendum No.1_Scope of the services_Rev3.docx,표 1 행 4,"4 | Total Floor Area | Total floor area: 10,364 square meters approximately for the 3 schools for new construction work Al-Bayadhah",10364:GFA;3492:GFA;3492:GFA;3380:GFA;3380:GFA;3500.45:AMBIGUOUS_AREA;1325.78:AMBIGUOUS_AREA;1175.83:AMBIGUOUS_AREA;998.92:AMBIGUOUS_AREA;7.9:WORK_ITEM_AREA;6.8:WORK_ITEM_AREA;6.5:WORK_ITEM_AREA,,SERVICE_OR_GOODS_CEILING,DESIGN_OR_SUPERVISION_SERVICE,NOT_APPLICABLE,,KOICA 입찰 상세페이지,집행한도금액(달러),,SCOPE_REJECTED,SERVICE_FEE_OR_MIXED,NO_MATCH,NO_MATCH,,,NO,X,X,V3_SCOPE_REVIEW,설계·감리·기타 용역 집행한도는 건축공사비가 아님,,0,,,,0,계산 금지,0,0,https://nebid.koica.go.kr/oep/lobi/localBidManageDetail.do?P_LOAZ_BID_PBLANC_NO=L2020-00007&P_PBLANC_ODR=1,KOICA-AREA-COST-READINESS-2.0,2026-08-01,21,2,0,0,0,0,1,0
36,2016-2020,2016-00067,L2020-00009-1,L2020-00009,2016-00067::L2020-00009,2020-08-05,미얀마,미얀마,미얀마 농산물 유통센터 설립사업 시공업체 선정 입찰,공사,WORKS,농업시설,미분류,3685199.0,,"$ 3,685,199",7450.0,GFA,SUM_OR_MULTI,MANUAL_CURATED,L2020-00009-1/★(KOICA 2020-02) PQ Document_Establishment of the AMC and APC in Nay Pyi Taw and Kalaw.docx,표 2 행 5,"2개 시설 연면적 합계 7,450.00㎡; 집행한도 USD 3,685,199; 명목단가 USD 495/㎡.",7450:GFA;4700:GFA;2750:GFA;2750:GFA;7450:GFA;7450:GFA;3500:BUILDING_OR_CONSTRUCTION_AREA;2450:BUILDING_OR_CONSTRUCTION_AREA;2450:BUILDING_OR_CONSTRUCTION_AREA;4700:AMBIGUOUS_AREA;2750:AMBIGUOUS_AREA;20290:SITE_AREA,3685199.0,NOTICE_EXECUTION_CEILING,BUILDING_WORKS_OR_CURATED_CONSTRUCTION_BUDGET,SEE_SOURCE,농업·산업시설 복합,L2020-00009-1/★(KOICA 2020-02) PQ Document_Establishment of the AMC and APC in Nay Pyi Taw and Kalaw.docx,표 2 행 5,"2개 시설 연면적 합계 7,450.00㎡; 집행한도 USD 3,685,199; 명목단가 USD 495/㎡.",MANUAL_CURATED,WORKS_CEILING,MATCH,MATCH,494.6575838926174,,NO,C,C,V3_CURATED_AREA_COST_RECHECK,동일/제한 범위 공사금액÷면적 스크리닝 근거,,1,B,공사 입찰 집행한도,YES,0,초기 스크리닝만,0,1,https://nebid.koica.go.kr/oep/lobi/localBidManageDetail.do?P_LOAZ_BID_PBLANC_NO=L2020-00009&P_PBLANC_ODR=1,KOICA-AREA-COST-READINESS-2.0,2026-08-01,2,0,0,0,0,0,1,1
37,2016-2020,2019-00005,L2020-00015-1,L2020-00015,2019-00005::L2020-00015,2020-09-01,우간다,우간다,우간다 2020년 Mityana District 2개 Parish 전기 공급 공사,공사,NONBUILDING_OR_FALSE_AREA,기타·미분류,증축,300000.0,,"$ 300,000 (환율 : 1)",,FALSE_POSITIVE_OR_WORK_ITEM,NOT_APPLICABLE,MANUAL_REJECTED,L2020-00015-1/(붙임2-3)영문 조달 계획(2020년 Mityana District 2개 Parish 전기 공급 공사).doc,문단 271,50mm² 전선 단면적을 면적으로 오인한 자동추출,50:AMBIGUOUS_AREA,,SERVICE_OR_GOODS_CEILING,NONBUILDING_OR_FALSE_AREA,NOT_APPLICABLE,,KOICA 입찰 상세페이지,집행한도금액(달러),,SCOPE_REJECTED,WORKS_CEILING,NO_MATCH,NO_MATCH,,,NO,X,X,V3_SCOPE_REVIEW,물품·비건축 또는 GFA 오탐으로 건축공사비 표본 제외,50mm² 전선 단면적을 면적으로 오인한 자동추출,0,,,,0,계산 금지,0,0,https://nebid.koica.go.kr/oep/lobi/localBidManageDetail.do?P_LOAZ_BID_PBLANC_NO=L2020-00015&P_PBLANC_ODR=1,KOICA-AREA-COST-READINESS-2.0,2026-08-01,1,0,0,0,0,0,1,0
38,2016-2020,2015-00006,L2020-00022-1,L2020-00022,2015-00006::L2020-00022,2020-10-17,에티오피아,에티오피아,에티오피아 오로미아주 모자보건 및 가족계획 역량강화사업 헤토사 1차 병원 현지시공 국제입찰,공사,WORKS,병원,신축,3116205.0,,"$ 3,116,205",4916.0,GFA,TOTAL,MANUAL_CONTEXT_REVIEW,L2020-00022-1,표 2 행 3,"Total floor area 4,916㎡; site 48,000㎡와 footprint 2,488㎡ 제외",4916:GFA;2488:BUILDING_OR_CONSTRUCTION_AREA;48000:SITE_AREA,3116205.0,NOTICE_EXECUTION_CEILING,PROCUREMENT_CEILING_ASSUMED_WORKS,UNKNOWN,,KOICA 입찰 상세페이지,집행한도금액(달러),,METADATA_PLUS_SCOPE_REVIEW,WORKS_CEILING,MATCH,MATCH,633.890358014646,,NO,C?,C?,V2R_HUMAN_REVIEWED_EXTRACTION,범위 일치 잠정확인; 원본 V3 확인 전 직접 사용 금지,,0,,,,0,초기 스크리닝만,0,0,https://nebid.koica.go.kr/oep/lobi/localBidManageDetail.do?P_LOAZ_BID_PBLANC_NO=L2020-00022&P_PBLANC_ODR=1,KOICA-AREA-COST-READINESS-2.0,2026-08-01,4,0,0,0,0,0,0,0
39,2016-2020,2016-00005,L2020-00023-1,L2020-00023,2016-00005::L2020-00023,2020-10-19,이라크,이라크,이라크 중환자 전문병원 신축공사 시공업체 선정 입찰,공사,WORKS,병원,신축,16440000.0,"\ 18,684,060,000","$ 16,440,000 (환율 : 1136.5)",6906.0,GFA,SINGLE_OR_TOTAL,MANUAL_CURATED,L2020-00023-1/[붙임1] 중환자 병원 입찰계획안.hwp,문단 32,"총연면적 6,906.00㎡; 집행한도 USD 16,440,000; 명목단가 USD 2,381/㎡.",6906:GFA;6906:GFA;6906:GFA;6906:GFA;6144:GFA;6144:GFA;6906:GFA;6906:GFA;762:GFA;762:GFA;6144:AMBIGUOUS_AREA;762:AMBIGUOUS_AREA,16029000,BASIC_ESTIMATED_PRICE,BUILDING_WORKS_OR_DESIGN_BUILD,VAT_EXCLUDED,,L2020-00023-1/[붙임1] 중환자 병원 입찰계획안.hwp,문단 34,"기초금액 USD 16,029,000 (VAT 제외)",MANUAL_SOURCE_VERIFIED,WORKS_CEILING,MATCH,MATCH,2321.0251954821892,2.564102564102555,NO,C,C,V3_CURATED_AREA_COST_RECHECK,동일/제한 범위 공사금액÷면적 스크리닝 근거,,1,A,공사 입찰 집행한도,YES,0,초기 스크리닝만,0,1,https://nebid.koica.go.kr/oep/lobi/localBidManageDetail.do?P_LOAZ_BID_PBLANC_NO=L2020-00023&P_PBLANC_ODR=1,KOICA-AREA-COST-READINESS-2.0,2026-08-01,20,0,0,0,0,0,1,1
40,2016-2020,2015-00006,L2020-00022-2,L2020-00022,2015-00006::L2020-00022,2020-11-26,에티오피아,에티오피아,에티오피아 오로미아주 모자보건 및 가족계획 역량강화사업 헤토사 1차 병원 현지시공 국제입찰,공사,WORKS,병원,신축,3116205.0,,"$ 3,116,205",4916.0,GFA,SINGLE_OR_TOTAL,MANUAL_CURATED,L2020-00022-2/(붙임2) 재공고 입찰 공고문(안)_최종.docx,표 2 행 3,"총연면적 4,916.00㎡; 집행한도 USD 3,116,205; 명목단가 USD 634/㎡.",4916:GFA;2488:BUILDING_OR_CONSTRUCTION_AREA;48000:SITE_AREA,3116205.0,NOTICE_EXECUTION_CEILING,BUILDING_WORKS_OR_CURATED_CONSTRUCTION_BUDGET,SEE_SOURCE,,L2020-00022-2/(붙임2) 재공고 입찰 공고문(안)_최종.docx,표 2 행 3,"총연면적 4,916.00㎡; 집행한도 USD 3,116,205; 명목단가 USD 634/㎡.",MANUAL_CURATED,WORKS_CEILING,MATCH,MATCH,633.890358014646,,NO,C,C,V3_CURATED_AREA_COST_RECHECK,동일/제한 범위 공사금액÷면적 스크리닝 근거,,1,A,공사 입찰 집행한도,YES,0,초기 스크리닝만,0,1,https://nebid.koica.go.kr/oep/lobi/localBidManageDetail.do?P_LOAZ_BID_PBLANC_NO=L2020-00022&P_PBLANC_ODR=2,KOICA-AREA-COST-READINESS-2.0,2026-08-01,1,0,0,0,0,0,1,1
41,2021-2025,2020-00114,L2021-00004-1,L2021-00004,2020-00114::L2021-00004,2021-02-08,네팔,네팔,네팔 보건 및 소득증대를 통한 통합적 농촌지역 역량강화사업 아웃리치 센터 설계 및 감리업체 선정 현지입찰 계획,용역,DESIGN_OR_SUPERVISION_SERVICE,기타·미분류,미분류,128600.0,,"$ 128,600",1500.0,GFA,AUTO_SELECTED_SINGLE_OR_TOTAL,AUTO_HIGH,L2021-00004-1/1. 설계 및 감리사 선정 영문 RFP.pdf,페이지 18," Shopping Mall, Auditorium, Convention Center during the last 3 years. The gross floor area of the completed project shall be not less than 1,500 M2 for each of the above mentioned buildings. 1).Name of Project : 2). C",1500:GFA;769:GFA;769:GFA;279:GFA;279:GFA;769:GFA;769:GFA;769:GFA;279:GFA;279:GFA;279:GFA,,SERVICE_OR_GOODS_CEILING,DESIGN_OR_SUPERVISION_SERVICE,NOT_APPLICABLE,,KOICA 입찰 상세페이지,집행한도금액(달러),,SCOPE_REJECTED,SERVICE_FEE_OR_MIXED,NO_MATCH,NO_MATCH,,,NO,X,X,V3_SCOPE_REVIEW,설계·감리·기타 용역 집행한도는 건축공사비가 아님,,0,,,,0,계산 금지,0,0,https://nebid.koica.go.kr/oep/lobi/localBidManageDetail.do?P_LOAZ_BID_PBLANC_NO=L2021-00004&P_PBLANC_ODR=1,KOICA-AREA-COST-READINESS-2.0,2026-08-01,19,0,0,0,0,0,1,0
42,2021-2025,2016-20176,L2021-00011-1,L2021-00011,2016-20176::L2021-00011,2021-04-16,도미니카,도미니카,도미니카(공) 미성년자 임신방지 및 여성보건환경 개선 3차사업 산후안 성보건센터 현지 설계업체 선정,용역,DESIGN_OR_SUPERVISION_SERVICE,기타·미분류,미분류,84340.0,,"$ 84,340",850.0,GFA,AUTO_SELECTED_SINGLE_OR_TOTAL,AUTO_HIGH,L2021-00011-1/영문 서류 일체/Dominica San Juan_0.0_Bidding Guideline(ENG)_2021 0412.docx,문단 33,Gross floor area : 850 ㎡ ( can be adjusted within the range of ± 5% ),850:GFA;850:GFA;850:GFA;850:AMBIGUOUS_AREA;1284:SITE_AREA;1284:SITE_AREA;1284:SITE_AREA;1284:SITE_AREA,,SERVICE_OR_GOODS_CEILING,DESIGN_OR_SUPERVISION_SERVICE,NOT_APPLICABLE,,KOICA 입찰 상세페이지,집행한도금액(달러),,SCOPE_REJECTED,SERVICE_FEE_OR_MIXED,NO_MATCH,NO_MATCH,,,NO,X,X,V3_SCOPE_REVIEW,설계·감리·기타 용역 집행한도는 건축공사비가 아님,,0,,,,0,계산 금지,0,0,https://nebid.koica.go.kr/oep/lobi/localBidManageDetail.do?P_LOAZ_BID_PBLANC_NO=L2021-00011&P_PBLANC_ODR=1,KOICA-AREA-COST-READINESS-2.0,2026-08-01,8,0,0,0,0,0,1,0
43,2021-2025,2021-00139,L2021-00013-1,L2021-00013,2021-00139::L2021-00013,2021-04-23,네팔,네팔,네팔 Province 2 지역 건설기술인력 양성을 위한 모델 폴리텍 설립사업” 모델 폴리텍 설계 및 감리업체 선정,용역,DESIGN_OR_SUPERVISION_SERVICE,기타·미분류,미분류,264350.0,,"$ 264,350",30000.0,GFA,AUTO_SELECTED_SINGLE_OR_TOTAL,AUTO_HIGH,L2021-00013-1/첨부1. 설계 및 감리사 선정 국문입찰계획(안)(1).hwp,문단 564,"g Mall, School, Auditorium, Convention Center during the last 3 years. The gross floor area of the completed project shall be not less than 3,0000 M2 for each of the above mentioned buildings.",30000:GFA;4563:GFA;3000:GFA;3000:QUALIFICATION,,SERVICE_OR_GOODS_CEILING,DESIGN_OR_SUPERVISION_SERVICE,NOT_APPLICABLE,,KOICA 입찰 상세페이지,집행한도금액(달러),,SCOPE_REJECTED,SERVICE_FEE_OR_MIXED,NO_MATCH,NO_MATCH,,,NO,X,X,V3_SCOPE_REVIEW,설계·감리·기타 용역 집행한도는 건축공사비가 아님,,0,,,,0,계산 금지,0,0,https://nebid.koica.go.kr/oep/lobi/localBidManageDetail.do?P_LOAZ_BID_PBLANC_NO=L2021-00013&P_PBLANC_ODR=1,KOICA-AREA-COST-READINESS-2.0,2026-08-01,2,0,0,0,0,0,1,0
44,2021-2025,2020-00104,L2021-00012-1,L2021-00012,2020-00104::L2021-00012,2021-04-28,파키스탄,파키스탄,파키스탄 아동 및 지역 영양 개선을 위한 영양교육센터 설립사업 설계 및 감리용역,용역,DESIGN_OR_SUPERVISION_SERVICE,학교·교육시설,미분류,202827.0,,"$ 202,827",3047.0,GFA,AUTO_SELECTED_SINGLE_OR_TOTAL,AUTO_HIGH,L2021-00012-1/Bid Documents for Distribution_PKNC final/Chapter 1. Invitation for Bids_0429.docx,표 1 행 2,", Faisalabad (UAF), Pakistan ∙ Scope of work: Design and Construction Supervision a. Design - Three (3)-storey Building - Total floor area: 3,047 ㎡ b. Construction Supervision. - During the entire construction, one re",3047:GFA;3047:GFA;3047:GFA;3047:AMBIGUOUS_AREA,,SERVICE_OR_GOODS_CEILING,DESIGN_OR_SUPERVISION_SERVICE,NOT_APPLICABLE,,KOICA 입찰 상세페이지,집행한도금액(달러),,SCOPE_REJECTED,SERVICE_FEE_OR_MIXED,NO_MATCH,NO_MATCH,,,NO,X,X,V3_SCOPE_REVIEW,설계·감리·기타 용역 집행한도는 건축공사비가 아님,,0,,,,0,계산 금지,0,0,https://nebid.koica.go.kr/oep/lobi/localBidManageDetail.do?P_LOAZ_BID_PBLANC_NO=L2021-00012&P_PBLANC_ODR=1,KOICA-AREA-COST-READINESS-2.0,2026-08-01,19,1,0,0,0,0,1,0
45,2021-2025,2019-00064,L2021-00015-1,L2021-00015,2019-00064::L2021-00015,2021-05-10,캄보디아,캄보디아,캄보디아 산학연계 비즈니스 인큐베이팅 체계 구축사업 시공업체 선정,공사,WORKS,기타·미분류,미분류,2746477.0,,"$ 2,746,477",2299.26,GFA,SINGLE_OR_TOTAL,MANUAL_CURATED,L2021-00015-1/1-2 (REV.2_영문본) 입찰공고(인큐베이팅 센터_영문)_최종버젼.docx,문단 18,"총연면적 2,299.26㎡; 상세페이지 집행한도 USD 2,746,477; 산출단가 USD 1,195/㎡.",2299.26:GFA,2746477.0,NOTICE_EXECUTION_CEILING,BUILDING_WORKS_OR_CURATED_CONSTRUCTION_BUDGET,SEE_SOURCE,,L2021-00015-1/1-2 (REV.2_영문본) 입찰공고(인큐베이팅 센터_영문)_최종버젼.docx,문단 18,"총연면적 2,299.26㎡; 상세페이지 집행한도 USD 2,746,477; 산출단가 USD 1,195/㎡.",MANUAL_CURATED,WORKS_CEILING,MATCH,MATCH,1194.5047537033654,,NO,C,C,V3_CURATED_AREA_COST_RECHECK,동일/제한 범위 공사금액÷면적 스크리닝 근거,,1,A,공사 입찰 집행한도,YES,0,초기 스크리닝만,0,1,https://nebid.koica.go.kr/oep/lobi/localBidManageDetail.do?P_LOAZ_BID_PBLANC_NO=L2021-00015&P_PBLANC_ODR=1,KOICA-AREA-COST-READINESS-2.0,2026-08-01,1,0,0,0,0,0,1,1
46,2021-2025,2019-00066,L2021-00016-1,L2021-00016,2019-00066::L2021-00016,2021-05-11,캄보디아,캄보디아,캄보디아 동북부 소외지역 모자보건 프로그램 시공업체 선정,공사,WORKS,기타·미분류,신축,1074976.0,,"$ 1,074,976",1325.32,GFA,SINGLE_OR_TOTAL,MANUAL_CURATED,L2021-00016-1/캄보디아 동북부 소외지역 모자보건 프로그램 시공업체 선정 입찰 공고문.pdf,페이지 1,"GFA 약 1,325.32㎡, 추정예산 약 USD 1,022,588.",1325.32:AMBIGUOUS_AREA,1022588.0,ADVERTISED_ESTIMATED_BUDGET,BUILDING_WORKS_OR_CURATED_CONSTRUCTION_BUDGET,SEE_SOURCE,,L2021-00016-1/캄보디아 동북부 소외지역 모자보건 프로그램 시공업체 선정 입찰 공고문.pdf,페이지 1,"GFA 약 1,325.32㎡, 추정예산 약 USD 1,022,588.",MANUAL_CURATED,WORKS_CEILING,MATCH,MATCH,771.5781848911961,5.123079871854541,NO,C,C,V3_CURATED_AREA_COST_RECHECK,동일/제한 범위 공사금액÷면적 스크리닝 근거,,1,A,입찰공고 추정예산,YES,0,초기 스크리닝만,0,1,https://nebid.koica.go.kr/oep/lobi/localBidManageDetail.do?P_LOAZ_BID_PBLANC_NO=L2021-00016&P_PBLANC_ODR=1,KOICA-AREA-COST-READINESS-2.0,2026-08-01,1,0,0,0,0,0,1,1
47,2021-2025,2012-00016,L2021-00017-1,L2021-00017,2012-00016::L2021-00017,2021-05-17,파키스탄,파키스탄,건조농대 농축산 역량강화센터 및 수자원 연수센터 사후관리를 위한 시공업체 선정입찰,공사,WORKS,농업시설,미분류,731618.0,,"$ 731,618",,AMBIGUOUS_AREA,UNKNOWN,LOW,L2021-00017-1/붙임1. 건조농대 및 수자원센터 사후지원공사 입찰계획서_0505.hwp,문단 72,"7,688㎡ (82,753 sq.ft)",7688:AMBIGUOUS_AREA;6070:AMBIGUOUS_AREA;3555.03:AMBIGUOUS_AREA;2707.47:AMBIGUOUS_AREA,731618.0,NOTICE_EXECUTION_CEILING,PROCUREMENT_CEILING_ASSUMED_WORKS,UNKNOWN,,KOICA 입찰 상세페이지,집행한도금액(달러),,METADATA_PLUS_SCOPE_REVIEW,WORKS_CEILING,PARTIAL_SCOPE,PARTIAL_SCOPE,,,NO,U,U,V3_SCOPE_REVIEW,면적과 금액 범위가 부분·혼합되어 계산 금지,두 센터 전체 GFA와 부분 개선공사 범위가 다름,0,,,,0,계산 금지,0,0,https://nebid.koica.go.kr/oep/lobi/localBidManageDetail.do?P_LOAZ_BID_PBLANC_NO=L2021-00017&P_PBLANC_ODR=1,KOICA-AREA-COST-READINESS-2.0,2026-08-01,22,2,0,1,0,0,1,1
48,2021-2025,2020-00094,L2021-00014-1,L2021-00014,2020-00094::L2021-00014,2021-05-20,필리핀,필리핀,필리핀 농기계현대화센터 구축 및 역량강화 사업 건축 설계용역,용역,DESIGN_OR_SUPERVISION_SERVICE,농업시설,미분류,92400.0,,"$ 92,400",2000.0,GFA,AUTO_SELECTED_SINGLE_OR_TOTAL,AUTO_HIGH,L2021-00014-1/붙임1. 210209_기술+가격_PhilMech_설계업체 선정 입찰계획(안)_본부의견반영_Rev.02.doc,문단 13,"ies Development Center in Nueva Ecija, Philippines 위 치 CLSU Compound, Science City of Munoz, Nueva Ecija, Philippines 대지면적 약 2,000 m2 연면적 약 2,000㎡ 건축종별 신축 건축규모 사무연구 동 및 Workshop, 2층 기간 및 예산 설계 5개월 95,200 USD 주요구조 철근콘",2000:GFA;2000:GFA;2000:SITE_AREA;2000:QUALIFICATION,,SERVICE_OR_GOODS_CEILING,DESIGN_OR_SUPERVISION_SERVICE,NOT_APPLICABLE,,KOICA 입찰 상세페이지,집행한도금액(달러),,SCOPE_REJECTED,SERVICE_FEE_OR_MIXED,NO_MATCH,NO_MATCH,,,NO,X,X,V3_SCOPE_REVIEW,설계·감리·기타 용역 집행한도는 건축공사비가 아님,,0,,,,0,계산 금지,0,0,https://nebid.koica.go.kr/oep/lobi/localBidManageDetail.do?P_LOAZ_BID_PBLANC_NO=L2021-00014&P_PBLANC_ODR=1,KOICA-AREA-COST-READINESS-2.0,2026-08-01,23,0,0,0,0,0,1,0
49,2021-2025,2019-00066,L2021-00016-2,L2021-00016,2019-00066::L2021-00016,2021-06-18,캄보디아,캄보디아,캄보디아 동북부 소외지역 모자보건 프로그램 시공업체 선정 현지입찰(재입찰),공사,WORKS,기타·미분류,신축,1074976.0,,"$ 1,074,976",1325.32,GFA,AUTO_SELECTED_SINGLE_OR_TOTAL,AUTO_HIGH,L2021-00016-2/2. Bid announcemet_(Maternal & Child Health).docx,문단 12,"- Gross Floor Area: approx. 1,325.32 m2",1325.32:GFA;1325.32:BUILDING_OR_CONSTRUCTION_AREA;1325.32:AMBIGUOUS_AREA;66209.3:SITE_AREA,1074976.0,NOTICE_EXECUTION_CEILING,PROCUREMENT_CEILING_ASSUMED_WORKS,UNKNOWN,,KOICA 입찰 상세페이지,집행한도금액(달러),,METADATA_PLUS_SCOPE_REVIEW,WORKS_CEILING,MATCH,MATCH,811.1067515769777,,NO,C?,C?,V2R_HUMAN_REVIEWED_EXTRACTION,범위 일치 잠정확인; 원본 V3 확인 전 직접 사용 금지,,0,,,,0,초기 스크리닝만,0,0,https://nebid.koica.go.kr/oep/lobi/localBidManageDetail.do?P_LOAZ_BID_PBLANC_NO=L2021-00016&P_PBLANC_ODR=2,KOICA-AREA-COST-READINESS-2.0,2026-08-01,2,0,0,0,0,0,0,0
50,2021-2025,2019-00066,L2021-00025-1,L2021-00025,2019-00066::L2021-00025,2021-08-27,캄보디아,캄보디아,캄보디아 동북부 소외지역 모자보건 프로그램 시공업체 선정 현지입찰(3차 신규),공사,WORKS,기타·미분류,신축,1074976.0,,"$ 1,074,976",1325.32,GFA,TOTAL_MULTI_FACILITY,MANUAL_CONTEXT_REVIEW,L2021-00025-1,페이지 7 / 문단 12,"Gross Floor Area approx. 1,325.32㎡; site area 66,209.28㎡ 제외",1325.32:GFA;1325.32:GFA;1325.32:GFA;1325.32:GFA;1325.32:BUILDING_OR_CONSTRUCTION_AREA;1325.32:BUILDING_OR_CONSTRUCTION_AREA;1325.32:BUILDING_OR_CONSTRUCTION_AREA;66209.3:SITE_AREA;66209.3:SITE_AREA;66209.3:SITE_AREA,1074976.0,NOTICE_EXECUTION_CEILING,PROCUREMENT_CEILING_ASSUMED_WORKS,UNKNOWN,,KOICA 입찰 상세페이지,집행한도금액(달러),,METADATA_PLUS_SCOPE_REVIEW,WORKS_CEILING,MATCH,MATCH,811.1067515769777,,NO,C?,C?,V2R_HUMAN_REVIEWED_EXTRACTION,범위 일치 잠정확인; 원본 V3 확인 전 직접 사용 금지,,0,,,,0,초기 스크리닝만,0,0,https://nebid.koica.go.kr/oep/lobi/localBidManageDetail.do?P_LOAZ_BID_PBLANC_NO=L2021-00025&P_PBLANC_ODR=1,KOICA-AREA-COST-READINESS-2.0,2026-08-01,6,0,0,0,0,0,1,0
51,2021-2025,2020-00114,L2021-00029-1,L2021-00029,2020-00114::L2021-00029,2021-10-11,네팔,네팔,네팔 보건 및 소득증대를 통한 통합적 농촌지역 역량강화사업 시공업체 선정 현지 입찰,공사,WORKS,기타·미분류,신축,953460.0,,"$ 953,460",1120.3,GFA,SINGLE_OR_TOTAL,MANUAL_CURATED,L2021-00029-1/네팔 ORC시공업체선정 영문 RFP.pdf,페이지 3,"2개소 총 GFA 1,120.30㎡, 공사예산 USD 929,600.",1120.3:GFA;1120.3:AMBIGUOUS_AREA;833.2:AMBIGUOUS_AREA;287.1:AMBIGUOUS_AREA;948.45:SITE_AREA;566.9:SITE_AREA;381.55:SITE_AREA,929600.0,CONSTRUCTION_BUDGET,BUILDING_WORKS_OR_CURATED_CONSTRUCTION_BUDGET,SEE_SOURCE,,L2021-00029-1/네팔 ORC시공업체선정 영문 RFP.pdf,페이지 3,"2개소 총 GFA 1,120.30㎡, 공사예산 USD 929,600.",MANUAL_CURATED,WORKS_CEILING,MATCH,MATCH,829.7777381058645,2.5666953528399317,NO,C,C,V3_CURATED_AREA_COST_RECHECK,동일/제한 범위 공사금액÷면적 스크리닝 근거,,1,A,입찰 Construction Budget,YES,0,초기 스크리닝만,0,1,https://nebid.koica.go.kr/oep/lobi/localBidManageDetail.do?P_LOAZ_BID_PBLANC_NO=L2021-00029&P_PBLANC_ODR=1,KOICA-AREA-COST-READINESS-2.0,2026-08-01,3,0,0,0,0,0,1,1
52,2021-2025,2019-00032,L2021-00030-1,L2021-00030,2019-00032::L2021-00030,2021-10-20,파라과이,파라과이,파라과이 항공 전문인력 역량강화사업 격납고 현지 시공사 선정 국제경쟁 입찰,공사,WORKS,기타·미분류,미분류,892000.0,,"$ 892,000",945.0,GFA,SINGLE_OR_TOTAL,MANUAL_CURATED,L2021-00030-1/0 Bidding Guideline for Construction Contractor_Hangar.docx,문단 92,"총연면적 945.00㎡; 상세페이지 집행한도 USD 892,000; 산출단가 USD 944/㎡.",945:GFA;945:GFA;945:GFA;945:GFA;4494.92:SITE_AREA;4494.92:SITE_AREA;4494.92:SITE_AREA;4494.92:SITE_AREA;1000:QUALIFICATION,892000.0,NOTICE_EXECUTION_CEILING,BUILDING_WORKS_OR_CURATED_CONSTRUCTION_BUDGET,SEE_SOURCE,동일 사업의 별도 공사 패키지,L2021-00030-1/0 Bidding Guideline for Construction Contractor_Hangar.docx,문단 92,"총연면적 945.00㎡; 상세페이지 집행한도 USD 892,000; 산출단가 USD 944/㎡.",MANUAL_CURATED,WORKS_CEILING,MATCH,MATCH,943.9153439153439,,NO,C,C,V3_CURATED_AREA_COST_RECHECK,동일/제한 범위 공사금액÷면적 스크리닝 근거,,1,B,공사 입찰 집행한도,YES,0,초기 스크리닝만,0,0,https://nebid.koica.go.kr/oep/lobi/localBidManageDetail.do?P_LOAZ_BID_PBLANC_NO=L2021-00030&P_PBLANC_ODR=1,KOICA-AREA-COST-READINESS-2.0,2026-08-01,7,0,0,0,0,0,1,0
53,2021-2025,2019-00045,L2021-00031-1,L2021-00031,2019-00045::L2021-00031,2021-10-22,파키스탄,파키스탄,파키스탄 태양전지모듈 인증시험소 설립사업 시험소 신축공사 시공업체 선정 입찰,공사,WORKS,실험실·연구시설,신축,1839007.0,,"$ 1,839,007",2349.2,GFA,SINGLE_OR_TOTAL,MANUAL_CURATED,L2021-00031-1/2. Chapters/Chapter 1. Invitation for Pre-Qualification_1020.docx,표 2 행 7,"총연면적 2,349.20㎡; 상세페이지 집행한도 USD 1,839,007; 산출단가 USD 783/㎡.",1000:GFA;4094.98:AMBIGUOUS_AREA;2349.2:AMBIGUOUS_AREA;900:AMBIGUOUS_AREA;250:AMBIGUOUS_AREA;185:AMBIGUOUS_AREA;40:AMBIGUOUS_AREA;15.5:WORK_ITEM_AREA;11:WORK_ITEM_AREA;10:WORK_ITEM_AREA;5:WORK_ITEM_AREA;4.65:WORK_ITEM_AREA,1839007.0,NOTICE_EXECUTION_CEILING,BUILDING_WORKS_OR_CURATED_CONSTRUCTION_BUDGET,SEE_SOURCE,,L2021-00031-1/2. Chapters/Chapter 1. Invitation for Pre-Qualification_1020.docx,표 2 행 7,"총연면적 2,349.20㎡; 상세페이지 집행한도 USD 1,839,007; 산출단가 USD 783/㎡.",MANUAL_CURATED,WORKS_CEILING,MATCH,MATCH,782.8226630342244,,NO,C,C,V3_CURATED_AREA_COST_RECHECK,동일/제한 범위 공사금액÷면적 스크리닝 근거,,1,A,공사 입찰 집행한도,YES,0,초기 스크리닝만,0,1,https://nebid.koica.go.kr/oep/lobi/localBidManageDetail.do?P_LOAZ_BID_PBLANC_NO=L2021-00031&P_PBLANC_ODR=1,KOICA-AREA-COST-READINESS-2.0,2026-08-01,43,8,0,6,0,0,1,1
54,2021-2025,2019-00015,L2021-00036-1,L2021-00036,2019-00015::L2021-00036,2021-11-01,키르기즈,키르기즈,키르기즈공화국 유기농업 정책이행지원 및 역량강화사업 유기농 로컬푸드마켓 현지 설계 및 감리업체 선정,용역,DESIGN_OR_SUPERVISION_SERVICE,농업시설,미분류,20000.0,,"$ 20,000",487.0,GFA,AUTO_SELECTED_SINGLE_OR_TOTAL,AUTO_HIGH,L2021-00036-1/[붙임] 입찰 서류_11.1.docx,문단 152,Gross Floor Area : 487 ㎡,487:GFA;900:SITE_AREA,,SERVICE_OR_GOODS_CEILING,DESIGN_OR_SUPERVISION_SERVICE,NOT_APPLICABLE,,KOICA 입찰 상세페이지,집행한도금액(달러),,SCOPE_REJECTED,SERVICE_FEE_OR_MIXED,NO_MATCH,NO_MATCH,,,NO,X,X,V3_SCOPE_REVIEW,설계·감리·기타 용역 집행한도는 건축공사비가 아님,,0,,,,0,계산 금지,0,0,https://nebid.koica.go.kr/oep/lobi/localBidManageDetail.do?P_LOAZ_BID_PBLANC_NO=L2021-00036&P_PBLANC_ODR=1,KOICA-AREA-COST-READINESS-2.0,2026-08-01,1,0,0,0,0,0,1,0
55,2021-2025,2019-00066,L2021-00037-1,L2021-00037,2019-00066::L2021-00037,2021-11-04,캄보디아,캄보디아,캄보디아 동북부 소외지역 모자보건 프로그램 시공업체 선정 현지입찰(4차 신규),공사,WORKS,기타·미분류,신축,1074976.0,,"$ 1,074,976",1325.32,GFA,TOTAL_MULTI_FACILITY,MANUAL_CONTEXT_REVIEW,L2021-00037-1,표 17·33 행 5,"Gross Floor Area approx. 1,325.32㎡; site area 66,209.28㎡ 제외",1325.32:GFA;1325.32:GFA;1325.32:GFA;1325.32:GFA;1325.32:BUILDING_OR_CONSTRUCTION_AREA;1325.32:BUILDING_OR_CONSTRUCTION_AREA;1325.32:BUILDING_OR_CONSTRUCTION_AREA;66209.3:SITE_AREA;66209.3:SITE_AREA;66209.3:SITE_AREA,1074976.0,NOTICE_EXECUTION_CEILING,PROCUREMENT_CEILING_ASSUMED_WORKS,UNKNOWN,,KOICA 입찰 상세페이지,집행한도금액(달러),,METADATA_PLUS_SCOPE_REVIEW,WORKS_CEILING,MATCH,MATCH,811.1067515769777,,NO,C?,C?,V2R_HUMAN_REVIEWED_EXTRACTION,범위 일치 잠정확인; 원본 V3 확인 전 직접 사용 금지,,0,,,,0,초기 스크리닝만,0,0,https://nebid.koica.go.kr/oep/lobi/localBidManageDetail.do?P_LOAZ_BID_PBLANC_NO=L2021-00037&P_PBLANC_ODR=1,KOICA-AREA-COST-READINESS-2.0,2026-08-01,8,0,0,0,0,0,1,0
56,2021-2025,2019-00032,L2021-00042-1,L2021-00042,2019-00032::L2021-00042,2021-11-17,파라과이,파라과이,파라과이 항공 전문인력 역량강화사업 격납고 현지 감리사 선정 국제경쟁 입찰,용역,DESIGN_OR_SUPERVISION_SERVICE,기타·미분류,미분류,71000.0,,"$ 71,000",945.0,GFA,AUTO_SELECTED_SINGLE_OR_TOTAL,AUTO_HIGH,L2021-00042-1/0.0 입찰공고문(영문).docx,표 2 행 4,"Scope of Supervision S ervice | New Building Site area: 4,494.92 ㎡ Gross floor area: Hangar 945 ㎡ + Apron and Access Road Office: 2 stories – Reinforced Concrete Struc",945:GFA;945:GFA;900:AMBIGUOUS_AREA;800:AMBIGUOUS_AREA;800:AMBIGUOUS_AREA;700:AMBIGUOUS_AREA;700:AMBIGUOUS_AREA;600:AMBIGUOUS_AREA;600:AMBIGUOUS_AREA;4494.92:SITE_AREA;4494.92:SITE_AREA;900:QUALIFICATION,,SERVICE_OR_GOODS_CEILING,DESIGN_OR_SUPERVISION_SERVICE,NOT_APPLICABLE,,KOICA 입찰 상세페이지,집행한도금액(달러),,SCOPE_REJECTED,SERVICE_FEE_OR_MIXED,NO_MATCH,NO_MATCH,,,NO,X,X,V3_SCOPE_REVIEW,설계·감리·기타 용역 집행한도는 건축공사비가 아님,,0,,,,0,계산 금지,0,0,https://nebid.koica.go.kr/oep/lobi/localBidManageDetail.do?P_LOAZ_BID_PBLANC_NO=L2021-00042&P_PBLANC_ODR=1,KOICA-AREA-COST-READINESS-2.0,2026-08-01,6,0,0,0,0,0,1,0
57,2021-2025,2019-00032,L2021-00045-1,L2021-00045,2019-00032::L2021-00045,2021-12-28,파라과이,파라과이,파라과이 항공 전문인력 역량강화사업 항공훈련센터 현지 시공사 선정 국제경쟁 입찰,공사,WORKS,학교·교육시설,미분류,2415000.0,,"$ 2,415,000",2866.41,GFA,SINGLE_OR_TOTAL,MANUAL_CURATED,L2021-00045-1/0 Bidding Guideline for Construction_ATC.docx,문단 92,"총연면적 2,866.41㎡; 상세페이지 집행한도 USD 2,415,000; 산출단가 USD 843/㎡.",2866.41:GFA;2866.41:GFA;2866.41:GFA;2866.41:GFA;2702:SITE_AREA;2702:SITE_AREA;2702:SITE_AREA;2702:SITE_AREA;1000:QUALIFICATION,2415000.0,NOTICE_EXECUTION_CEILING,BUILDING_WORKS_OR_CURATED_CONSTRUCTION_BUDGET,SEE_SOURCE,,L2021-00045-1/0 Bidding Guideline for Construction_ATC.docx,문단 92,"총연면적 2,866.41㎡; 상세페이지 집행한도 USD 2,415,000; 산출단가 USD 843/㎡.",MANUAL_CURATED,WORKS_CEILING,MATCH,MATCH,842.5172951531707,,NO,C,C,V3_CURATED_AREA_COST_RECHECK,동일/제한 범위 공사금액÷면적 스크리닝 근거,,1,A,공사 입찰 집행한도,YES,0,초기 스크리닝만,0,1,https://nebid.koica.go.kr/oep/lobi/localBidManageDetail.do?P_LOAZ_BID_PBLANC_NO=L2021-00045&P_PBLANC_ODR=1,KOICA-AREA-COST-READINESS-2.0,2026-08-01,7,0,0,0,0,0,1,1
58,2021-2025,2019-00011,L2022-00001-1,L2022-00001,2019-00011::L2022-00001,2022-01-14,모잠비크,모잠비크,모잠비크 직업훈련교육 역량강화사업 시공업체 선정 국제 경쟁입찰,공사,WORKS,산업·직업훈련시설,미분류,2200000.0,,"$ 2,200,000",,AMBIGUOUS_AREA,UNKNOWN,LOW,L2022-00001-1/모잠비크 직훈사업 시공업체 선정 입찰계획.hwp,문단 63,"1. Workshop zone : 9 buildings, 약 7,030㎡",7030:AMBIGUOUS_AREA;5480:AMBIGUOUS_AREA;1300:AMBIGUOUS_AREA;350:AMBIGUOUS_AREA;120:AMBIGUOUS_AREA;95:AMBIGUOUS_AREA;70:AMBIGUOUS_AREA;16:WORK_ITEM_AREA,2200000.0,NOTICE_EXECUTION_CEILING,PROCUREMENT_CEILING_ASSUMED_WORKS,UNKNOWN,,KOICA 입찰 상세페이지,집행한도금액(달러),,METADATA_PLUS_SCOPE_REVIEW,WORKS_CEILING,PARTIAL_SCOPE,PARTIAL_SCOPE,,,NO,U,U,V3_SCOPE_REVIEW,면적과 금액 범위가 부분·혼합되어 계산 금지,캠퍼스 전체 면적과 일부 칸막이·슬로프·실습실 공사 범위가 다름,0,,,,0,계산 금지,0,0,https://nebid.koica.go.kr/oep/lobi/localBidManageDetail.do?P_LOAZ_BID_PBLANC_NO=L2022-00001&P_PBLANC_ODR=1,KOICA-AREA-COST-READINESS-2.0,2026-08-01,10,0,1,0,0,0,1,1
59,2021-2025,2019-00032,L2022-00002-1,L2022-00002,2019-00032::L2022-00002,2022-01-20,파라과이,파라과이,파라과이 항공 전문인력 역량강화사업 항공훈련센터 현지 감리사 선정 국제경쟁 입찰,용역,DESIGN_OR_SUPERVISION_SERVICE,학교·교육시설,미분류,205000.0,,"$ 205,000",2866.41,GFA,AUTO_SELECTED_SINGLE_OR_TOTAL,AUTO_HIGH,L2022-00002-1/1.0 Section I. Invitation for Bids.docx,표 2 행 4,"Scope of Supervision S ervice | New Building Site area: 2,702 ㎡ Gross floor area: 2,866.41 ㎡ 3 stories – Reinforced Concrete Structure , Pile Construction Main Fa",2866.41:GFA;2800:GFA;2866.41:GFA;2702:SITE_AREA;2702:SITE_AREA;2800:QUALIFICATION;2800:QUALIFICATION;2800:QUALIFICATION;2800:QUALIFICATION;2800:QUALIFICATION;2800:QUALIFICATION,,SERVICE_OR_GOODS_CEILING,DESIGN_OR_SUPERVISION_SERVICE,NOT_APPLICABLE,,KOICA 입찰 상세페이지,집행한도금액(달러),,SCOPE_REJECTED,SERVICE_FEE_OR_MIXED,NO_MATCH,NO_MATCH,,,NO,X,X,V3_SCOPE_REVIEW,설계·감리·기타 용역 집행한도는 건축공사비가 아님,,0,,,,0,계산 금지,0,0,https://nebid.koica.go.kr/oep/lobi/localBidManageDetail.do?P_LOAZ_BID_PBLANC_NO=L2022-00002&P_PBLANC_ODR=1,KOICA-AREA-COST-READINESS-2.0,2026-08-01,5,0,0,0,0,0,1,0
60,2021-2025,2020-00086,L2022-00003-1,L2022-00003,2020-00086::L2022-00003,2022-02-21,우즈베키스탄,우즈베키스탄,우즈베키스탄 우르겐치 직업훈련원 및 직업훈련제도 역량공고화 지원사업 설계 및 감리업체 선정,용역,DESIGN_OR_SUPERVISION_SERVICE,학교·교육시설,신축,248335.0,,"$ 248,335",7021.0,GFA,AUTO_SELECTED_SINGLE_OR_TOTAL,AUTO_HIGH,L2022-00003-1/KOICA URGENCH BID DOCUMENTS-FINAL(FINAL)/Attachment 1. KOICA_BID Announcement.docx,표 2 행 5,"horezm region : Total Floor Area 5,741 M2. 2 Story Building - For construction of Teachers’ Training Center in at Tashkent : 1,280 M2 Total 7,021M2, 2 Story Building 3) Construction Supervision - Construction of Vocat",7021:GFA;7021:GFA;7021:GFA;5741:GFA;1280:GFA;1280:GFA;5741:GFA;1280:GFA;18000:AMBIGUOUS_AREA;730:AMBIGUOUS_AREA;3000:QUALIFICATION;3000:QUALIFICATION,,SERVICE_OR_GOODS_CEILING,DESIGN_OR_SUPERVISION_SERVICE,NOT_APPLICABLE,,KOICA 입찰 상세페이지,집행한도금액(달러),,SCOPE_REJECTED,SERVICE_FEE_OR_MIXED,NO_MATCH,NO_MATCH,,,NO,X,X,V3_SCOPE_REVIEW,설계·감리·기타 용역 집행한도는 건축공사비가 아님,,0,,,,0,계산 금지,0,0,https://nebid.koica.go.kr/oep/lobi/localBidManageDetail.do?P_LOAZ_BID_PBLANC_NO=L2022-00003&P_PBLANC_ODR=1,KOICA-AREA-COST-READINESS-2.0,2026-08-01,23,0,0,0,0,0,1,0
61,2021-2025,2021-00141,L2022-00006-1,L2022-00006,2021-00141::L2022-00006,2022-04-04,네팔,네팔,네팔 경찰 역량강화를 위한 사이버안전국 설립사업 설계 및 감리업체 선정 현지입찰,용역,DESIGN_OR_SUPERVISION_SERVICE,정부·행정시설,미분류,154872.0,,"$ 154,872",4563.0,GFA,AUTO_SELECTED_SINGLE_OR_TOTAL,AUTO_HIGH,L2022-00006-1/붙임 2. 입찰공고.docx,표 2 행 2,"Summary of Services | Design and Construction Supervision Consultant Services 1 ) Bardibas Municipality, Province 2 2 ) Total floor area: 4,563m2 3) Construction Supervision: 2 4 Months",4563:GFA;2500:GFA;1500:GFA;1500:GFA;470:GFA;635:GFA;455:GFA;1500:QUALIFICATION,,SERVICE_OR_GOODS_CEILING,DESIGN_OR_SUPERVISION_SERVICE,NOT_APPLICABLE,,KOICA 입찰 상세페이지,집행한도금액(달러),,SCOPE_REJECTED,SERVICE_FEE_OR_MIXED,NO_MATCH,NO_MATCH,,,NO,X,X,V3_SCOPE_REVIEW,설계·감리·기타 용역 집행한도는 건축공사비가 아님,,0,,,,0,계산 금지,0,0,https://nebid.koica.go.kr/oep/lobi/localBidManageDetail.do?P_LOAZ_BID_PBLANC_NO=L2022-00006&P_PBLANC_ODR=1,KOICA-AREA-COST-READINESS-2.0,2026-08-01,3,0,0,0,0,0,1,1
62,2021-2025,2016-20098,L2022-00007-1,L2022-00007,2016-20098::L2022-00007,2022-04-05,인도네시아,인도네시아,인도네시아 경찰청 사이버범죄수사 교육센터 프로젝트 리모델링업체 선정 입찰,공사,WORKS,학교·교육시설,리모델링·개보수,275400.0,,"$ 275,400",,AMBIGUOUS_AREA,UNKNOWN,LOW,L2022-00007-1/(붙임1) 220331인도네시아 경찰청사이버범죄수사 교육센타 시공사 선정 입찰계획(안).hwp,문단 64," 연 면 적: 1,458㎡",1458:AMBIGUOUS_AREA;852:AMBIGUOUS_AREA;606:AMBIGUOUS_AREA,275400.0,NOTICE_EXECUTION_CEILING,PROCUREMENT_CEILING_ASSUMED_WORKS,UNKNOWN,,KOICA 입찰 상세페이지,집행한도금액(달러),,METADATA_PLUS_SCOPE_REVIEW,WORKS_CEILING,MATCH,MATCH,,,NO,U,U,V2R_HUMAN_REVIEWED_EXTRACTION,유효 면적과 공사금액 결합요건 미충족,,0,,,,0,계산 금지,0,0,https://nebid.koica.go.kr/oep/lobi/localBidManageDetail.do?P_LOAZ_BID_PBLANC_NO=L2022-00007&P_PBLANC_ODR=1,KOICA-AREA-COST-READINESS-2.0,2026-08-01,3,0,0,0,0,0,0,0
63,2021-2025,2020-00094,L2022-00009-1,L2022-00009,2020-00094::L2022-00009,2022-04-26,필리핀,필리핀,필리핀 국립대학교 로스바뇨스 첨단농업연구센터 건축 설계 용역,용역,DESIGN_OR_SUPERVISION_SERVICE,학교·교육시설,미분류,255360.0,,"$ 255,360",,AMBIGUOUS_AREA,UNKNOWN,LOW,L2022-00009-1/Bid Announcement_KOICA-UPLB Project.docx,표 1 행 4,"Summary of Research Center | Center: 3,400 ㎡ , 3 story G reen House: 600 ㎡",3400:AMBIGUOUS_AREA;600:AMBIGUOUS_AREA,,SERVICE_OR_GOODS_CEILING,DESIGN_OR_SUPERVISION_SERVICE,NOT_APPLICABLE,,KOICA 입찰 상세페이지,집행한도금액(달러),,SCOPE_REJECTED,SERVICE_FEE_OR_MIXED,NO_MATCH,NO_MATCH,,,NO,X,X,V3_SCOPE_REVIEW,설계·감리·기타 용역 집행한도는 건축공사비가 아님,,0,,,,0,계산 금지,0,0,https://nebid.koica.go.kr/oep/lobi/localBidManageDetail.do?P_LOAZ_BID_PBLANC_NO=L2022-00009&P_PBLANC_ODR=1,KOICA-AREA-COST-READINESS-2.0,2026-08-01,1,0,0,0,0,0,1,1
64,2021-2025,2019-00071,L2022-00019-1,L2022-00019,2019-00071::L2022-00019,2022-05-24,라오스,라오스,라오스 성생식 모자보건 RMNCH센터 및 여성폭력 예방대응 EVAW센터 시공업체 선정,공사,WORKS,기타·미분류,신축,1447700.0,,"$ 1,447,700",989.0,GFA,AUTO_SELECTED_SINGLE_OR_TOTAL,AUTO_HIGH,L2022-00019-1/05. Bidding Documents (220523).docx,표 32 행 5,RMNCH | ▪ New Construction ▪ Site Area: approx . 870 m2 | ▪ Building Area: approx. 514 m2 ▪ Gross Floor Area: approx. 989 m2,989:GFA;889:GFA;514:BUILDING_OR_CONSTRUCTION_AREA;514:BUILDING_OR_CONSTRUCTION_AREA;313:BUILDING_OR_CONSTRUCTION_AREA;313:BUILDING_OR_CONSTRUCTION_AREA;989:AMBIGUOUS_AREA;889:AMBIGUOUS_AREA;870:SITE_AREA;455:SITE_AREA,1447700.0,NOTICE_EXECUTION_CEILING,PROCUREMENT_CEILING_ASSUMED_WORKS,UNKNOWN,,KOICA 입찰 상세페이지,집행한도금액(달러),,METADATA_PLUS_SCOPE_REVIEW,WORKS_CEILING,MATCH,MATCH,1463.8018200202225,,NO,C?,C?,V2R_HUMAN_REVIEWED_EXTRACTION,범위 일치 잠정확인; 원본 V3 확인 전 직접 사용 금지,,0,,,,0,초기 스크리닝만,0,1,https://nebid.koica.go.kr/oep/lobi/localBidManageDetail.do?P_LOAZ_BID_PBLANC_NO=L2022-00019&P_PBLANC_ODR=1,KOICA-AREA-COST-READINESS-2.0,2026-08-01,5,0,0,0,0,0,1,1
65,2021-2025,2016-20098,L2022-00007-2,L2022-00007,2016-20098::L2022-00007,2022-05-30,인도네시아,인도네시아,인도네시아 경찰청 사이버범죄수사 교육센터 프로젝트 리모델링업체 선정 입찰,공사,WORKS,학교·교육시설,리모델링·개보수,275400.0,,"$ 275,400",1458.0,GFA,SINGLE_OR_TOTAL,MANUAL_CURATED,L2022-00007-2/(붙임1) 220525인도네시아 경찰청사이버범죄수사 교육센타 시공사 선정 입찰계획(안) - 재공고.hwp,문단 64,"대상 연면적 1,458.00㎡; 상세페이지 집행한도 USD 275,400; 산출단가 USD 189/㎡.",1458:AMBIGUOUS_AREA;852:AMBIGUOUS_AREA;606:AMBIGUOUS_AREA,275400.0,NOTICE_EXECUTION_CEILING,BUILDING_WORKS_OR_CURATED_CONSTRUCTION_BUDGET,SEE_SOURCE,개보수 패키지,L2022-00007-2/(붙임1) 220525인도네시아 경찰청사이버범죄수사 교육센타 시공사 선정 입찰계획(안) - 재공고.hwp,문단 64,"대상 연면적 1,458.00㎡; 상세페이지 집행한도 USD 275,400; 산출단가 USD 189/㎡.",MANUAL_CURATED,WORKS_CEILING,MATCH,MATCH,188.88888888888889,,NO,C,C,V3_CURATED_AREA_COST_RECHECK,동일/제한 범위 공사금액÷면적 스크리닝 근거,,1,C,공사 입찰 집행한도,YES,0,초기 스크리닝만,0,1,https://nebid.koica.go.kr/oep/lobi/localBidManageDetail.do?P_LOAZ_BID_PBLANC_NO=L2022-00007&P_PBLANC_ODR=2,KOICA-AREA-COST-READINESS-2.0,2026-08-01,2,0,0,0,0,0,1,1
66,2021-2025,2020-00073,L2022-00027-1,L2022-00027,2020-00073::L2022-00027,2022-06-06,에콰도르,에콰도르,에콰도르 키토시 혁신센터 건립을 통한 창업 및 기업혁신 지원체계 강화사업 리모델링 설계 용역,용역,DESIGN_OR_SUPERVISION_SERVICE,기타·미분류,리모델링·개보수,160350.0,,"$ 160,350",3100.0,GFA,SINGLE_OR_TOTAL,MANUAL_CURATED,L2022-00027-1/2. 입찰서류(영문)_키토혁신센터 설계_220531/1. Ecuador Bidding Guideline 20220531.docx,문단 57,"GFA 3,100㎡, 추정공사비 USD 2,670,000; 설계비율 6%.",3100:GFA;3100:GFA;1950:GFA;3100:GFA;3100:AMBIGUOUS_AREA;2800:AMBIGUOUS_AREA;1950:WORK_ITEM_AREA,2670000.0,DESIGN_ESTIMATE,BUILDING_WORKS_OR_CURATED_CONSTRUCTION_BUDGET,SEE_SOURCE,,L2022-00027-1/2. 입찰서류(영문)_키토혁신센터 설계_220531/1. Ecuador Bidding Guideline 20220531.docx,문단 57,"GFA 3,100㎡, 추정공사비 USD 2,670,000; 설계비율 6%.",MANUAL_CURATED,SERVICE_FEE_OR_MIXED,NO_MATCH,MATCH_ATTACHMENT_CONSTRUCTION_BUDGET,861.2903225806451,,NO,C,C,V3_CURATED_AREA_COST_RECHECK,동일/제한 범위 공사금액÷면적 스크리닝 근거,,1,A,CM 보고서 기반 추정공사비,YES,0,초기 스크리닝만,0,1,https://nebid.koica.go.kr/oep/lobi/localBidManageDetail.do?P_LOAZ_BID_PBLANC_NO=L2022-00027&P_PBLANC_ODR=1,KOICA-AREA-COST-READINESS-2.0,2026-08-01,8,0,0,0,0,0,1,1
67,2021-2025,2021-00139,L2022-00029-1,L2022-00029,2021-00139::L2022-00029,2022-06-06,네팔,네팔,네팔 Province 2 지역 건설기술인력 양성을 위한 모델 폴리텍 설립사업 시공업체 선정,공사,WORKS,기타·미분류,미분류,3744400.0,,"$ 3,744,400",5640.1,GFA,SINGLE_OR_TOTAL,MANUAL_CURATED,L2022-00029-1/2. 영문입찰계획서(네팔사무소 조정안)_0531.docx,표 1 행 4,"총연면적 5,640.10㎡; 상세페이지 집행한도 USD 3,744,400; 건물·외부공사 포함; VAT 제외; 산출단가 USD 664/㎡.",5640.1:GFA;5640.1:GFA,3744400.0,NOTICE_EXECUTION_CEILING,BUILDING_WORKS_OR_CURATED_CONSTRUCTION_BUDGET,SEE_SOURCE,건물공사와 외부토목·조경·주차·배수 등 포함; VAT 제외,L2022-00029-1/2. 영문입찰계획서(네팔사무소 조정안)_0531.docx,표 1 행 4,"총연면적 5,640.10㎡; 상세페이지 집행한도 USD 3,744,400; 건물·외부공사 포함; VAT 제외; 산출단가 USD 664/㎡.",MANUAL_CURATED,WORKS_CEILING,MATCH,MATCH,663.8889381393947,,NO,C,C,V3_CURATED_AREA_COST_RECHECK,동일/제한 범위 공사금액÷면적 스크리닝 근거,,1,A,공사 입찰 집행한도,YES,0,초기 스크리닝만,0,1,https://nebid.koica.go.kr/oep/lobi/localBidManageDetail.do?P_LOAZ_BID_PBLANC_NO=L2022-00029&P_PBLANC_ODR=1,KOICA-AREA-COST-READINESS-2.0,2026-08-01,4,0,0,0,0,0,1,1
68,2021-2025,2016-20176,L2022-00032-1,L2022-00032,2016-20176::L2022-00032,2022-06-29,도미니카,도미니카,도미니카공화국 미성년자 임신방지 및 여성보건환경개선 3차사업_산후안 성보건센터 건립 시공사 선정 현지입찰,공사,WORKS,기타·미분류,신축,1507000.0,,"$ 1,507,000",858.0,GFA,TOTAL,MANUAL_CONTEXT_REVIEW,L2022-00032-1,문단 9·32,"Gross floor area 858㎡; 안전관리 일반기준 1,000㎡ 제외",1000:GFA;858:GFA;858:GFA;304.4:GFA;101.7:GFA;858:AMBIGUOUS_AREA;858:AMBIGUOUS_AREA;667:AMBIGUOUS_AREA;191:AMBIGUOUS_AREA;119.3:AMBIGUOUS_AREA;94.4:AMBIGUOUS_AREA;1284:SITE_AREA,1507000.0,NOTICE_EXECUTION_CEILING,PROCUREMENT_CEILING_ASSUMED_WORKS,UNKNOWN,,KOICA 입찰 상세페이지,집행한도금액(달러),,METADATA_PLUS_SCOPE_REVIEW,WORKS_CEILING,MATCH,MATCH,1756.4102564102564,,NO,C?,C?,V2R_HUMAN_REVIEWED_EXTRACTION,범위 일치 잠정확인; 원본 V3 확인 전 직접 사용 금지,,0,,,,0,초기 스크리닝만,0,0,https://nebid.koica.go.kr/oep/lobi/localBidManageDetail.do?P_LOAZ_BID_PBLANC_NO=L2022-00032&P_PBLANC_ODR=1,KOICA-AREA-COST-READINESS-2.0,2026-08-01,32,1,3,1,0,0,1,0
69,2021-2025,2020-00104,L2022-00034-1,L2022-00034,2020-00104::L2022-00034,2022-06-30,파키스탄,파키스탄,파키스탄 아동 및 지역 영양개선을 위한 영양교육센터 신축공사 공사입찰설명서,용역,WORKS,학교·교육시설,신축,2462409.0,,"$ 2,462,409",3046.75,GFA,AUTO_SELECTED_SINGLE_OR_TOTAL,AUTO_HIGH,L2022-00034-1/2. 영양교육센터 설립사업 입찰관련 서류/영문 RFP (Request for Proposal).docx,표 1 행 6,"on ∙ Summary of Construction - Site Area 3,000.00 ㎡ (322,927.88sq.ft) - No. of buildings 1 main building and parking lot - Gross Floor Area 3,046.75 ㎡ (32,796 sq.ft ) - Floors 3 -storey (no basement floor) - Structure Re",3046.75:GFA;1000:GFA;3046.75:GFA;3046.75:AMBIGUOUS_AREA;3000:AMBIGUOUS_AREA;3000:SITE_AREA;3000:QUALIFICATION;4:WORK_ITEM_AREA;4:WORK_ITEM_AREA;4:WORK_ITEM_AREA;2.5:WORK_ITEM_AREA;2.5:WORK_ITEM_AREA,2462409.0,NOTICE_EXECUTION_CEILING,PROCUREMENT_CEILING_ASSUMED_WORKS,UNKNOWN,,KOICA 입찰 상세페이지,집행한도금액(달러),,METADATA_PLUS_SCOPE_REVIEW,WORKS_CEILING,MATCH,MATCH,808.2084188069255,,NO,C?,C?,V2R_HUMAN_REVIEWED_EXTRACTION,범위 일치 잠정확인; 원본 V3 확인 전 직접 사용 금지,DB는 용역이나 원문은 영양교육센터 신축공사,0,,,,0,초기 스크리닝만,0,1,https://nebid.koica.go.kr/oep/lobi/localBidManageDetail.do?P_LOAZ_BID_PBLANC_NO=L2022-00034&P_PBLANC_ODR=1,KOICA-AREA-COST-READINESS-2.0,2026-08-01,44,3,0,1,0,0,1,1
70,2021-2025,2016-20176,L2022-00040-1,L2022-00040,2016-20176::L2022-00040,2022-08-10,도미니카,도미니카,도미니카공화국 미성년자 임신방지 및 여성보건환경개선 3차사업_산후안 성보건센터 건립 감리사 선정 현지입찰,용역,DESIGN_OR_SUPERVISION_SERVICE,기타·미분류,신축,105490.0,,"$ 105,490",1000.0,GFA,AUTO_SELECTED_SINGLE_OR_TOTAL,AUTO_HIGH,L2022-00040-1/(붙임3) 설계 및 규정참고자료(영문)/Attachment (Related Regulations)/7. KOICA Safety Management Manual.pdf,페이지 6,"ruction Technology Promotion Act. 1) Projects containing constructions with a budget of USD 1 million or more or with a gross floor area of 1,000 m² or more 2) Construction projects other than those in Paragraph 1 abov",1000:GFA;858:GFA;858:GFA;304.4:GFA;101.7:GFA;858:AMBIGUOUS_AREA;667:AMBIGUOUS_AREA;191:AMBIGUOUS_AREA;119.3:AMBIGUOUS_AREA;94.4:AMBIGUOUS_AREA;1284:SITE_AREA;1284:SITE_AREA,,SERVICE_OR_GOODS_CEILING,DESIGN_OR_SUPERVISION_SERVICE,NOT_APPLICABLE,,KOICA 입찰 상세페이지,집행한도금액(달러),,SCOPE_REJECTED,SERVICE_FEE_OR_MIXED,NO_MATCH,NO_MATCH,,,NO,X,X,V3_SCOPE_REVIEW,설계·감리·기타 용역 집행한도는 건축공사비가 아님,,0,,,,0,계산 금지,0,0,https://nebid.koica.go.kr/oep/lobi/localBidManageDetail.do?P_LOAZ_BID_PBLANC_NO=L2022-00040&P_PBLANC_ODR=1,KOICA-AREA-COST-READINESS-2.0,2026-08-01,32,1,3,1,0,0,1,0
71,2021-2025,2016-20150,L2022-00042-1,L2022-00042,2016-20150::L2022-00042,2022-08-19,필리핀,필리핀,필리핀 퀴리노주 농촌종합개발 2차사업 잔여공사 시공사 선정,공사,WORKS,기타·미분류,신축,1406000.0,,"$ 1,406,000",6635.0,GFA,AUTO_SELECTED_SINGLE_OR_TOTAL,AUTO_HIGH,L2022-00042-1/1.1 잔여공사 입찰계획서_QIRDP_220817_v2.docx,표 3 행 4,"공사 규모 | - C attle Breeding Center 및 Q-Life Center - 동수: 6 개동 - 연면적: 6,6 3 5㎡ ① 축사: 3, 024 (1 층 , 2 개동 ) ② 축사 관리동: 820 ㎡ (2층) ③ 축사동 사료 창고: 660 ㎡ (1",6635:GFA;820:GFA;660:GFA;12:GFA;2091:AMBIGUOUS_AREA;28:AMBIGUOUS_AREA;1000:QUALIFICATION,1406000.0,NOTICE_EXECUTION_CEILING,PROCUREMENT_CEILING_ASSUMED_WORKS,UNKNOWN,,KOICA 입찰 상세페이지,집행한도금액(달러),,METADATA_PLUS_SCOPE_REVIEW,WORKS_CEILING,MATCH,MATCH,211.90655614167295,,NO,C?,C?,V2R_HUMAN_REVIEWED_EXTRACTION,범위 일치 잠정확인; 원본 V3 확인 전 직접 사용 금지,,0,,,,0,초기 스크리닝만,0,0,https://nebid.koica.go.kr/oep/lobi/localBidManageDetail.do?P_LOAZ_BID_PBLANC_NO=L2022-00042&P_PBLANC_ODR=1,KOICA-AREA-COST-READINESS-2.0,2026-08-01,1,0,0,0,0,0,1,0
72,2021-2025,2020-00113,L2022-00043-1,L2022-00043,2020-00113::L2022-00043,2022-09-01,방글라데시,방글라데시,방글라데시 사이버안전을 위한 디지털수사역량 확산사업 챠토그램 사이버경찰센터 시공,공사,WORKS,정부·행정시설,신축,1575000.0,,"$ 1,575,000",2194.0,GFA,SINGLE_OR_TOTAL,MANUAL_CURATED,L2022-00043-1/붙임. 사이버안전을 위한 디지털 수사 역량 확산 사업 사이버 경찰센터 시공 입.doc,문단 3,"총연면적 2,194.00㎡; 상세페이지 집행한도 USD 1,575,000; 산출단가 USD 718/㎡.",2194:GFA,1575000.0,NOTICE_EXECUTION_CEILING,BUILDING_WORKS_OR_CURATED_CONSTRUCTION_BUDGET,SEE_SOURCE,,L2022-00043-1/붙임. 사이버안전을 위한 디지털 수사 역량 확산 사업 사이버 경찰센터 시공 입.doc,문단 3,"총연면적 2,194.00㎡; 상세페이지 집행한도 USD 1,575,000; 산출단가 USD 718/㎡.",MANUAL_CURATED,WORKS_CEILING,MATCH,MATCH,717.8669097538742,,NO,C,C,V3_CURATED_AREA_COST_RECHECK,동일/제한 범위 공사금액÷면적 스크리닝 근거,,1,A,공사 입찰 집행한도,YES,0,초기 스크리닝만,0,1,https://nebid.koica.go.kr/oep/lobi/localBidManageDetail.do?P_LOAZ_BID_PBLANC_NO=L2022-00043&P_PBLANC_ODR=1,KOICA-AREA-COST-READINESS-2.0,2026-08-01,1,0,0,0,0,0,1,1
73,2021-2025,2016-20176,L2022-00046-1,L2022-00046,2016-20176::L2022-00046,2022-09-13,도미니카,도미니카,도미니카공화국 미성년자 임신방지 및 여성보건환경개선 3차사업_산후안 성보건센터 건립 시공사 선정 현지입찰,공사,WORKS,기타·미분류,신축,1507000.0,,"$ 1,507,000",858.0,GFA,SINGLE_OR_TOTAL,MANUAL_CURATED,L2022-00046-1/(붙임2) 입찰안내서(영문)_최종/Section I_Bidding Guideline for Procurement of Contractor.docx,문단 57,"총연면적 858.00㎡; 상세페이지 집행한도 USD 1,507,000; 산출단가 USD 1,756/㎡.",858:GFA;858:GFA;858:AMBIGUOUS_AREA;1284:SITE_AREA;1284:SITE_AREA;1284:SITE_AREA,1507000.0,NOTICE_EXECUTION_CEILING,BUILDING_WORKS_OR_CURATED_CONSTRUCTION_BUDGET,SEE_SOURCE,,L2022-00046-1/(붙임2) 입찰안내서(영문)_최종/Section I_Bidding Guideline for Procurement of Contractor.docx,문단 57,"총연면적 858.00㎡; 상세페이지 집행한도 USD 1,507,000; 산출단가 USD 1,756/㎡.",MANUAL_CURATED,WORKS_CEILING,MATCH,MATCH,1756.4102564102564,,NO,C,C,V3_CURATED_AREA_COST_RECHECK,동일/제한 범위 공사금액÷면적 스크리닝 근거,,1,A,공사 입찰 집행한도,YES,0,초기 스크리닝만,0,1,https://nebid.koica.go.kr/oep/lobi/localBidManageDetail.do?P_LOAZ_BID_PBLANC_NO=L2022-00046&P_PBLANC_ODR=1,KOICA-AREA-COST-READINESS-2.0,2026-08-01,8,0,0,0,0,0,1,1
74,2021-2025,2019-00015,L2022-00055-1,L2022-00055,2019-00015::L2022-00055,2022-09-22,키르기즈,키르기즈,키르기즈공화국 유기농업정책 이행지원 및 역량강화 사업 약초건조장 신축공사 시공업체 선정 현지입찰,공사,WORKS,농업시설,신축,420285.0,,"$ 420,285",449.72,GFA,SINGLE_OR_TOTAL,MANUAL_CURATED,L2022-00055-1/(붙임1) 키르기즈 약초건조장 신축공사 현지 입찰 계획서(안) 국문_v4_0914_추가수정.hwp,문단 103,"총연면적 449.72㎡; 상세페이지 집행한도 USD 420,285; 산출단가 USD 935/㎡.",449.72:GFA;449.72:AMBIGUOUS_AREA;449.72:AMBIGUOUS_AREA;16:WORK_ITEM_AREA,420285.0,NOTICE_EXECUTION_CEILING,BUILDING_WORKS_OR_CURATED_CONSTRUCTION_BUDGET,SEE_SOURCE,산업시설,L2022-00055-1/(붙임1) 키르기즈 약초건조장 신축공사 현지 입찰 계획서(안) 국문_v4_0914_추가수정.hwp,문단 103,"총연면적 449.72㎡; 상세페이지 집행한도 USD 420,285; 산출단가 USD 935/㎡.",MANUAL_CURATED,WORKS_CEILING,MATCH,MATCH,934.5481633016099,,NO,C,C,V3_CURATED_AREA_COST_RECHECK,동일/제한 범위 공사금액÷면적 스크리닝 근거,,1,B,공사 입찰 집행한도,YES,0,초기 스크리닝만,0,0,https://nebid.koica.go.kr/oep/lobi/localBidManageDetail.do?P_LOAZ_BID_PBLANC_NO=L2022-00055&P_PBLANC_ODR=1,KOICA-AREA-COST-READINESS-2.0,2026-08-01,17,0,0,0,0,0,1,0
75,2021-2025,2020-00070,L2022-00059-1,L2022-00059,2020-00070::L2022-00059,2022-10-04,도미니카,도미니카,도미니카(공) 여성 중심 취약계층 사회경제적 역량강화사업 - 하이나 및 몬테크리스티 직업훈련센터 설계용역 입찰,용역,DESIGN_OR_SUPERVISION_SERVICE,학교·교육시설,미분류,117460.0,,"$ 117,460",920.0,GFA,AUTO_SELECTED_SINGLE_OR_TOTAL,AUTO_HIGH,L2022-00059-1/입찰설명서(국문).hwp,문단 108,ㅇ 계획 연면적 : 920㎡(±5% 이내 조정 가능),920:GFA;660:GFA;2339:SITE_AREA;1078:SITE_AREA,,SERVICE_OR_GOODS_CEILING,DESIGN_OR_SUPERVISION_SERVICE,NOT_APPLICABLE,,KOICA 입찰 상세페이지,집행한도금액(달러),,SCOPE_REJECTED,SERVICE_FEE_OR_MIXED,NO_MATCH,NO_MATCH,,,NO,X,X,V3_SCOPE_REVIEW,설계·감리·기타 용역 집행한도는 건축공사비가 아님,,0,,,,0,계산 금지,0,0,https://nebid.koica.go.kr/oep/lobi/localBidManageDetail.do?P_LOAZ_BID_PBLANC_NO=L2022-00059&P_PBLANC_ODR=1,KOICA-AREA-COST-READINESS-2.0,2026-08-01,11,0,0,0,0,0,1,0
76,2021-2025,2016-20176,L2022-00060-1,L2022-00060,2016-20176::L2022-00060,2022-10-10,도미니카,도미니카,도미니카공화국 미성년자 임신방지 및 여성보건환경개선 3차사업_산후안 성보건센터 건립 감리사 선정 현지입찰,용역,DESIGN_OR_SUPERVISION_SERVICE,기타·미분류,신축,105490.0,,"$ 105,490",858.0,GFA,AUTO_SELECTED_SINGLE_OR_TOTAL,AUTO_HIGH,L2022-00060-1/(붙임4) 감리 입찰계획서(국문).hwp,문단 62,ㅇ 연면적 : 858㎡,858:GFA;858:GFA;1284:SITE_AREA;1284:SITE_AREA,,SERVICE_OR_GOODS_CEILING,DESIGN_OR_SUPERVISION_SERVICE,NOT_APPLICABLE,,KOICA 입찰 상세페이지,집행한도금액(달러),,SCOPE_REJECTED,SERVICE_FEE_OR_MIXED,NO_MATCH,NO_MATCH,,,NO,X,X,V3_SCOPE_REVIEW,설계·감리·기타 용역 집행한도는 건축공사비가 아님,,0,,,,0,계산 금지,0,0,https://nebid.koica.go.kr/oep/lobi/localBidManageDetail.do?P_LOAZ_BID_PBLANC_NO=L2022-00060&P_PBLANC_ODR=1,KOICA-AREA-COST-READINESS-2.0,2026-08-01,8,0,0,0,0,0,1,0
77,2021-2025,2020-00053,L2022-00068-1,L2022-00068,2020-00053::L2022-00068,2022-11-25,에티오피아,에티오피아,에티오피아 양질의 일자리 창출을 위한 ICT기반의 창업 및 중소기업(SME)육성 지원사업 ICT 센터 리모델링 공사,공사,WORKS,기타·미분류,리모델링·개보수,704431.0,,"$ 704,431",2443.0,RENOVATION_FLOOR_AREA,SUM_2_FLOORS,MANUAL_CONTEXT_REVIEW,L2022-00068-1/붙임 1. 입찰 계획서.hwp,문단 115·117,"1층 1,246㎡ + 2층 1,197㎡; 안전관리 일반기준 1,000㎡ 제외",1000:GFA;1246:AMBIGUOUS_AREA;1197:AMBIGUOUS_AREA;1000:QUALIFICATION;16:WORK_ITEM_AREA,704431.0,NOTICE_EXECUTION_CEILING,PROCUREMENT_CEILING_ASSUMED_WORKS,UNKNOWN,,KOICA 입찰 상세페이지,집행한도금액(달러),,METADATA_PLUS_SCOPE_REVIEW,WORKS_CEILING,MATCH,MATCH,288.3467048710602,,NO,C?,C?,V2R_HUMAN_REVIEWED_EXTRACTION,범위 일치 잠정확인; 원본 V3 확인 전 직접 사용 금지,,0,,,,0,초기 스크리닝만,0,0,https://nebid.koica.go.kr/oep/lobi/localBidManageDetail.do?P_LOAZ_BID_PBLANC_NO=L2022-00068&P_PBLANC_ODR=1,KOICA-AREA-COST-READINESS-2.0,2026-08-01,35,2,2,1,0,0,1,0
78,2021-2025,2021-00064,L2023-00021-1,L2023-00021,2021-00064::L2023-00021,2023-02-06,파라과이,파라과이,파라과이 멀티미디어 교육지원센터 설립을 통한 교육접근성 향상사업(설계 용역 입찰),용역,DESIGN_OR_SUPERVISION_SERVICE,기타·미분류,미분류,88000.0,,"$ 88,000",1000.0,GFA,AUTO_SELECTED_SINGLE_OR_TOTAL,AUTO_HIGH,L2023-00021-1/붙임1. 파라과이 멀티미디어 센터 설계용역 입찰설명서(국문본)_최종_230130_기평팀.hwp,문단 104,"ㅇ 계획 연면적 : 1,000㎡ (±10% 이내 조정 가능)",1000:GFA;1000:GFA;1000:GFA;2000:AMBIGUOUS_AREA;2000:AMBIGUOUS_AREA;1700:AMBIGUOUS_AREA;1700:AMBIGUOUS_AREA;1700:AMBIGUOUS_AREA;1700:AMBIGUOUS_AREA;1400:AMBIGUOUS_AREA;1400:AMBIGUOUS_AREA;1400:AMBIGUOUS_AREA,,SERVICE_OR_GOODS_CEILING,DESIGN_OR_SUPERVISION_SERVICE,NOT_APPLICABLE,,KOICA 입찰 상세페이지,집행한도금액(달러),,SCOPE_REJECTED,SERVICE_FEE_OR_MIXED,NO_MATCH,NO_MATCH,,,NO,X,X,V3_SCOPE_REVIEW,설계·감리·기타 용역 집행한도는 건축공사비가 아님,,1,A,사무소 협의 적용단가,YES,0,계산 금지,0,0,https://nebid.koica.go.kr/oep/lobi/localBidManageDetail.do?P_LOAZ_BID_PBLANC_NO=L2023-00021&P_PBLANC_ODR=1,KOICA-AREA-COST-READINESS-2.0,2026-08-01,21,0,0,0,0,0,1,1
79,2021-2025,2020-00053,L2023-00004-1,L2023-00004,2020-00053::L2023-00004,2023-02-10,에티오피아,에티오피아,에티오피아 양질의 일자리 창출을 위한 ICT기반의 창업 및 중소기업(SME)육성 지원사업 ICT 센터 리모델링 공사,공사,WORKS,기타·미분류,리모델링·개보수,704431.0,,"$ 704,431",2443.0,RENOVATION_FLOOR_AREA,SUM_2_FLOORS,MANUAL_CONTEXT_REVIEW,L2023-00004-1/붙임 1. 에티오피아 ICT 센터 입찰 계획.hwp,문단 114·116,"1층 1,246㎡ + 2층 1,197㎡; 안전관리 일반기준 1,000㎡ 제외",1000:GFA;1246:AMBIGUOUS_AREA;1197:AMBIGUOUS_AREA;1000:QUALIFICATION;16:WORK_ITEM_AREA,704431.0,NOTICE_EXECUTION_CEILING,PROCUREMENT_CEILING_ASSUMED_WORKS,UNKNOWN,,KOICA 입찰 상세페이지,집행한도금액(달러),,METADATA_PLUS_SCOPE_REVIEW,WORKS_CEILING,MATCH,MATCH,288.3467048710602,,NO,C?,C?,V2R_HUMAN_REVIEWED_EXTRACTION,범위 일치 잠정확인; 원본 V3 확인 전 직접 사용 금지,,0,,,,0,초기 스크리닝만,0,1,https://nebid.koica.go.kr/oep/lobi/localBidManageDetail.do?P_LOAZ_BID_PBLANC_NO=L2023-00004&P_PBLANC_ODR=1,KOICA-AREA-COST-READINESS-2.0,2026-08-01,41,3,7,1,0,0,1,1
80,2021-2025,2021-00075,L2023-00006-1,L2023-00006,2021-00075::L2023-00006,2023-02-23,동티모르,동티모르,동티모르 농민참여형 가치사슬 개선사업 농업용 인프라 시공,공사,WORKS,농업시설,신축,1570000.0,,"$ 1,570,000",826.8,GFA,SUM_3_COLLECTION_STATIONS,MANUAL_CONTEXT_REVIEW,L2023-00006-1,입찰개요 페이지 5,"245.7+335.4+245.7㎡ 합계; 대지면적 1,983/2,738.6/3,172㎡ 제외",1000:GFA;335.4:GFA;335.4:GFA;245.7:GFA;245.7:GFA;45.7:GFA;3172:SITE_AREA;3172:SITE_AREA;2738.6:SITE_AREA;2738.6:SITE_AREA;1983:SITE_AREA;1983:SITE_AREA,1570000.0,NOTICE_EXECUTION_CEILING,PROCUREMENT_CEILING_ASSUMED_WORKS,UNKNOWN,,KOICA 입찰 상세페이지,집행한도금액(달러),,METADATA_PLUS_SCOPE_REVIEW,WORKS_CEILING,MATCH,MATCH,1898.887276245767,,NO,C?,C?,V2R_HUMAN_REVIEWED_EXTRACTION,범위 일치 잠정확인; 원본 V3 확인 전 직접 사용 금지,,0,,,,0,초기 스크리닝만,0,0,https://nebid.koica.go.kr/oep/lobi/localBidManageDetail.do?P_LOAZ_BID_PBLANC_NO=L2023-00006&P_PBLANC_ODR=1,KOICA-AREA-COST-READINESS-2.0,2026-08-01,20,0,0,0,0,0,1,0
81,2021-2025,2020-00086,L2023-00007-1,L2023-00007,2020-00086::L2023-00007,2023-02-28,우즈베키스탄,우즈베키스탄,우즈베키스탄 우르겐치 직업훈련원 건립 및 타슈켄트 교사연수센터 건립사업 시공업체선정 현지입찰,공사,WORKS,학교·교육시설,신축,5361576.0,,"$ 5,361,576",6963.0,GFA,SUM_VTC_TTC,MANUAL_CONTEXT_REVIEW,L2023-00007-1,문단 203·204 / 표 1 행 5,"VTC 5,698㎡ + TTC 1,265㎡",5698:GFA;1265:GFA;5698:GFA;1265:GFA,5361576.0,NOTICE_EXECUTION_CEILING,PROCUREMENT_CEILING_ASSUMED_WORKS,UNKNOWN,,KOICA 입찰 상세페이지,집행한도금액(달러),,METADATA_PLUS_SCOPE_REVIEW,WORKS_CEILING,MATCH,MATCH,770.0094786729858,,NO,C?,C?,V2R_HUMAN_REVIEWED_EXTRACTION,범위 일치 잠정확인; 원본 V3 확인 전 직접 사용 금지,,0,,,,0,초기 스크리닝만,0,0,https://nebid.koica.go.kr/oep/lobi/localBidManageDetail.do?P_LOAZ_BID_PBLANC_NO=L2023-00007&P_PBLANC_ODR=1,KOICA-AREA-COST-READINESS-2.0,2026-08-01,12,0,0,0,0,0,1,0
82,2021-2025,2019-00005,L2023-00009-1,L2023-00009,2019-00005::L2023-00009,2023-03-20,우간다,우간다,우간다 지속가능 농촌개발 시범마을 확산사업 옥수수 가공시설 및 여성친화적 시장 건축 공사,공사,WORKS,기타·미분류,신축,272603.0,"\ 354,383,562","$ 272,603 (환율 : 1299.1)",835.67,GFA,TOTAL_RESTORED_HWP_CONTEXT,MANUAL_CONTEXT_REVIEW,L2023-00009-1,HWP 문단 91·92,"건축면적(연면적) 835.67㎡; 앞 문단의 대지면적 6,070.35㎡와 분리",6070.35:AMBIGUOUS_AREA;835.67:AMBIGUOUS_AREA,272603.0,NOTICE_EXECUTION_CEILING,BUILDING_WORKS_OR_CURATED_CONSTRUCTION_BUDGET,SEE_SOURCE,산업·시장시설,L2023-00009-1/2. 입찰서류(영문)/Part 1(└╘┬√ └²┬≈)/Section 2 - Bid Data Sheet.docx,표 5 행 8,"시설 면적 합계 827.40㎡; 상세페이지 집행한도 USD 272,603; 산출단가 USD 329/㎡.",MANUAL_CURATED,WORKS_CEILING,MATCH,MATCH,326.20891021575505,,NO,C,C,V3_CURATED_AREA_COST_RECHECK,동일/제한 범위 공사금액÷면적 스크리닝 근거,,1,B,공사 입찰 집행한도,YES,0,초기 스크리닝만,0,1,https://nebid.koica.go.kr/oep/lobi/localBidManageDetail.do?P_LOAZ_BID_PBLANC_NO=L2023-00009&P_PBLANC_ODR=1,KOICA-AREA-COST-READINESS-2.0,2026-08-01,13,1,1,1,0,0,1,1
83,2021-2025,2021-00043,L2023-00011-1,L2023-00011,2021-00043::L2023-00011,2023-03-28,우간다,우간다,"우간다 주요 채소작물 종자 가치사슬 역량강화사업 Wakiso, Mukono 및 Luwero지역 온실, 토목 및 수도 건축공사",공사,WORKS,기타·미분류,신축,1540000.0,,"$ 1,540,000",6456.0,FACILITY_OR_CAMPUS_AREA,SUM_OR_MULTI,MANUAL_CURATED,L2023-00011-1/Section 2 - Bid Data Sheet (BDS).docx,표 5 행 8,"시설 면적 합계 6,456.00㎡; 상세페이지 집행한도 USD 1,540,000; 산출단가 USD 239/㎡.",5544:AMBIGUOUS_AREA;720:AMBIGUOUS_AREA;192:AMBIGUOUS_AREA,1540000.0,NOTICE_EXECUTION_CEILING,BUILDING_WORKS_OR_CURATED_CONSTRUCTION_BUDGET,SEE_SOURCE,온실 중심 비표준 시설,L2023-00011-1/Section 2 - Bid Data Sheet (BDS).docx,표 5 행 8,"시설 면적 합계 6,456.00㎡; 상세페이지 집행한도 USD 1,540,000; 산출단가 USD 239/㎡.",MANUAL_CURATED,WORKS_CEILING,MATCH,MATCH,238.53779429987608,,NO,C,C,V3_CURATED_AREA_COST_RECHECK,동일/제한 범위 공사금액÷면적 스크리닝 근거,,1,C,공사 입찰 집행한도,YES,0,초기 스크리닝만,0,1,https://nebid.koica.go.kr/oep/lobi/localBidManageDetail.do?P_LOAZ_BID_PBLANC_NO=L2023-00011&P_PBLANC_ODR=1,KOICA-AREA-COST-READINESS-2.0,2026-08-01,2,0,0,0,0,0,1,1
84,2021-2025,2021-00075,L2023-00019-1,L2023-00019,2021-00075::L2023-00019,2023-04-12,동티모르,동티모르,(신규재입찰) 동티모르 농민참여형 가치사슬 개선사업 농업용 인프라 시공,공사,WORKS,농업시설,신축,1570000.0,,"$ 1,570,000",826.8,GFA,SUM_3_COLLECTION_STATIONS,MANUAL_CONTEXT_REVIEW,L2023-00019-1,재공고 입찰개요,3개 농산물 집하장 245.7+335.4+245.7㎡ 합계,1000:GFA;335.4:GFA;245.7:GFA;45.7:GFA;3172:SITE_AREA;2738.6:SITE_AREA;1983:SITE_AREA;1000:QUALIFICATION,1570000.0,NOTICE_EXECUTION_CEILING,PROCUREMENT_CEILING_ASSUMED_WORKS,UNKNOWN,,KOICA 입찰 상세페이지,집행한도금액(달러),,METADATA_PLUS_SCOPE_REVIEW,WORKS_CEILING,MATCH,MATCH,1898.887276245767,,NO,C?,C?,V2R_HUMAN_REVIEWED_EXTRACTION,범위 일치 잠정확인; 원본 V3 확인 전 직접 사용 금지,,0,,,,0,초기 스크리닝만,0,0,https://nebid.koica.go.kr/oep/lobi/localBidManageDetail.do?P_LOAZ_BID_PBLANC_NO=L2023-00019&P_PBLANC_ODR=1,KOICA-AREA-COST-READINESS-2.0,2026-08-01,20,0,0,0,0,0,1,0
85,2021-2025,2020-00087,L2023-00018-1,L2023-00018,2020-00087::L2023-00018,2023-04-18,인도네시아,인도네시아,인도네시아 취약계층 청소년 사회복귀 지원사업 리모델링 시공업체 선정,공사,WORKS,기타·미분류,리모델링·개보수,2355000.0,,"$ 2,355,000",6149.0,GFA,SINGLE_OR_TOTAL,MANUAL_CURATED,L2023-00018-1/(붙임1) 취약계층 청소년 사회복귀 지원사업 시공사 선정 입찰계획(안) - v2.5.hwp,문단 67,"대상 연면적 6,149.00㎡; 상세페이지 집행한도 USD 2,355,000; 산출단가 USD 383/㎡.",7166:AMBIGUOUS_AREA;6149:AMBIGUOUS_AREA;6149:AMBIGUOUS_AREA;3240:AMBIGUOUS_AREA;3073:AMBIGUOUS_AREA;1500:AMBIGUOUS_AREA,2355000.0,NOTICE_EXECUTION_CEILING,BUILDING_WORKS_OR_CURATED_CONSTRUCTION_BUDGET,SEE_SOURCE,개보수 패키지,L2023-00018-1/(붙임1) 취약계층 청소년 사회복귀 지원사업 시공사 선정 입찰계획(안) - v2.5.hwp,문단 67,"대상 연면적 6,149.00㎡; 상세페이지 집행한도 USD 2,355,000; 산출단가 USD 383/㎡.",MANUAL_CURATED,WORKS_CEILING,MATCH,MATCH,382.98910391933646,,NO,C,C,V3_CURATED_AREA_COST_RECHECK,동일/제한 범위 공사금액÷면적 스크리닝 근거,,1,C,공사 입찰 집행한도,YES,0,초기 스크리닝만,0,1,https://nebid.koica.go.kr/oep/lobi/localBidManageDetail.do?P_LOAZ_BID_PBLANC_NO=L2023-00018&P_PBLANC_ODR=1,KOICA-AREA-COST-READINESS-2.0,2026-08-01,2,0,0,0,0,0,1,1
86,2021-2025,2021-00075,L2023-00022-1,L2023-00022,2021-00075::L2023-00022,2023-05-04,동티모르,동티모르,동티모르 농민참여형 가치사슬 개선사업 농업용 인프라 시공업체 선정,공사,WORKS,농업시설,미분류,1570000.0,,"$ 1,570,000",826.8,FACILITY_OR_CAMPUS_AREA,SUM_OR_MULTI,MANUAL_CURATED,L2023-00022-1/Notice of Bid for Construction_230503.docx,표 1 행 8,"동별 면적 합계 826.80㎡; 상세페이지 집행한도 USD 1,570,000; 산출단가 USD 1,899/㎡.",1000:GFA;335.4:GFA;245.7:GFA;45.7:GFA;245.7:GFA;3172:SITE_AREA;3172:SITE_AREA;2738.6:SITE_AREA;2738.6:SITE_AREA;1983:SITE_AREA;1983:SITE_AREA;1000:QUALIFICATION,1570000.0,NOTICE_EXECUTION_CEILING,BUILDING_WORKS_OR_CURATED_CONSTRUCTION_BUDGET,SEE_SOURCE,도로·급수 등 토목 포함,L2023-00022-1/Notice of Bid for Construction_230503.docx,표 1 행 8,"동별 면적 합계 826.80㎡; 상세페이지 집행한도 USD 1,570,000; 산출단가 USD 1,899/㎡.",MANUAL_CURATED,WORKS_CEILING,MATCH,MATCH,1898.887276245767,,NO,C,C,V3_CURATED_AREA_COST_RECHECK,동일/제한 범위 공사금액÷면적 스크리닝 근거,,1,C,공사 입찰 집행한도,YES,0,초기 스크리닝만,0,1,https://nebid.koica.go.kr/oep/lobi/localBidManageDetail.do?P_LOAZ_BID_PBLANC_NO=L2023-00022&P_PBLANC_ODR=1,KOICA-AREA-COST-READINESS-2.0,2026-08-01,20,0,0,0,0,0,1,1
87,2021-2025,2021-00097,L2023-00030-1,L2023-00030,2021-00097::L2023-00030,2023-06-08,피지,피지,피지 농업공존형 태양광 발전사업(GCF) 영농기술센터 및 농기자재 보관창고 신축 설계 및 감리용역,용역,DESIGN_OR_SUPERVISION_SERVICE,농업시설,신축,95000.0,,"$ 95,000",1100.0,GFA,AUTO_SELECTED_SINGLE_OR_TOTAL,AUTO_HIGH,L2023-00030-1/1. Invitation for Bids(Design & Construction Supervision Services_Ovalau_KOICA)_v3.docx,표 1 행 2,"Village, Ovalau Island, Fiji ∙ Scope of work: Design and Construction Supervision a. Design - One ( 1 )-story b uilding - Total floor area: 1 , 10 0 ㎡ - Site Layout, DD (Design Development), CD (Construction Document) b.",1100:GFA;1100:GFA,,SERVICE_OR_GOODS_CEILING,DESIGN_OR_SUPERVISION_SERVICE,NOT_APPLICABLE,,KOICA 입찰 상세페이지,집행한도금액(달러),,SCOPE_REJECTED,SERVICE_FEE_OR_MIXED,NO_MATCH,NO_MATCH,,,NO,X,X,V3_SCOPE_REVIEW,설계·감리·기타 용역 집행한도는 건축공사비가 아님,,0,,,,0,계산 금지,0,0,https://nebid.koica.go.kr/oep/lobi/localBidManageDetail.do?P_LOAZ_BID_PBLANC_NO=L2023-00030&P_PBLANC_ODR=1,KOICA-AREA-COST-READINESS-2.0,2026-08-01,2,0,0,0,0,0,1,1
88,2021-2025,2021-00055,L2023-00045-1,L2023-00045,2021-00055::L2023-00045,2023-06-16,세네갈,세네갈,세네갈 ISEPDD 메이커스페이스 및 카페테리아 리모델링 공사 계약,공사,WORKS,기타·미분류,리모델링·개보수,297000.0,"\ 359,370,000","$ 297,000 (환율 : 1210)",453.0,GFA,SINGLE_OR_TOTAL,MANUAL_CURATED,L2023-00045-1/입찰공고문_영문_Final.docx,문단 8,"대상 연면적 453.00㎡; 상세페이지 집행한도 USD 297,000; 산출단가 USD 656/㎡.",453:AMBIGUOUS_AREA;390:AMBIGUOUS_AREA;63:AMBIGUOUS_AREA,297000.0,NOTICE_EXECUTION_CEILING,BUILDING_WORKS_OR_CURATED_CONSTRUCTION_BUDGET,SEE_SOURCE,,L2023-00045-1/입찰공고문_영문_Final.docx,문단 8,"대상 연면적 453.00㎡; 상세페이지 집행한도 USD 297,000; 산출단가 USD 656/㎡.",MANUAL_CURATED,WORKS_CEILING,MATCH,MATCH,655.6291390728477,,NO,C,C,V3_CURATED_AREA_COST_RECHECK,동일/제한 범위 공사금액÷면적 스크리닝 근거,,1,B,공사 입찰 집행한도,YES,0,초기 스크리닝만,0,1,https://nebid.koica.go.kr/oep/lobi/localBidManageDetail.do?P_LOAZ_BID_PBLANC_NO=L2023-00045&P_PBLANC_ODR=1,KOICA-AREA-COST-READINESS-2.0,2026-08-01,1,0,0,0,0,0,1,1
89,2021-2025,2019-00037,L2023-00027-1,L2023-00027,2019-00037::L2023-00027,2023-06-21,엘살바도르,엘살바도르,엘살바도르 국립보건교육센터 설립 및 보건교육 강화사업 시공사 선정 입찰,공사,WORKS,학교·교육시설,신축,3875000.0,,"$ 3,875,000",2983.0,GFA,AUTO_SELECTED_SINGLE_OR_TOTAL,AUTO_HIGH,L2023-00027-1/1. 입찰계획 (국문)_v2.hwp,문단 71,"ㅇ 연면적 : 2,983 ㎡",2983:GFA;2983:GFA;1142:BUILDING_OR_CONSTRUCTION_AREA;2983:AMBIGUOUS_AREA;1490:SITE_AREA;1316:SITE_AREA,3875000.0,NOTICE_EXECUTION_CEILING,PROCUREMENT_CEILING_ASSUMED_WORKS,UNKNOWN,,KOICA 입찰 상세페이지,집행한도금액(달러),,METADATA_PLUS_SCOPE_REVIEW,WORKS_CEILING,MATCH,MATCH,1299.0278243379148,,NO,C?,C?,V2R_HUMAN_REVIEWED_EXTRACTION,범위 일치 잠정확인; 원본 V3 확인 전 직접 사용 금지,,0,,,,0,초기 스크리닝만,0,0,https://nebid.koica.go.kr/oep/lobi/localBidManageDetail.do?P_LOAZ_BID_PBLANC_NO=L2023-00027&P_PBLANC_ODR=1,KOICA-AREA-COST-READINESS-2.0,2026-08-01,17,0,0,0,0,0,1,0
90,2021-2025,2021-00042,L2023-00028-1,L2023-00028,2021-00042::L2023-00028,2023-06-27,우간다,우간다,우간다 농업지도자연수원 자립적 운영체계 구축 및 연수역량강화 사업을 위한 설계 및 감리 용역,용역,DESIGN_OR_SUPERVISION_SERVICE,농업시설,미분류,274330.0,,"$ 274,330",3772.0,GFA,AUTO_SELECTED_SINGLE_OR_TOTAL,AUTO_HIGH,"L2023-00028-1/1. 입찰계획안(국, 영문)/1-1. Bidding Guideline_KOR_230622.docx",문단 29,"연면적 : 3,772㎡ (± 5% 범위 내에서 조정 가능 )",3772:GFA;3772:GFA;330:AMBIGUOUS_AREA;165:AMBIGUOUS_AREA;40000:SITE_AREA,,SERVICE_OR_GOODS_CEILING,DESIGN_OR_SUPERVISION_SERVICE,NOT_APPLICABLE,,KOICA 입찰 상세페이지,집행한도금액(달러),,SCOPE_REJECTED,SERVICE_FEE_OR_MIXED,NO_MATCH,NO_MATCH,,,NO,X,X,V3_SCOPE_REVIEW,설계·감리·기타 용역 집행한도는 건축공사비가 아님,,0,,,,0,계산 금지,0,0,https://nebid.koica.go.kr/oep/lobi/localBidManageDetail.do?P_LOAZ_BID_PBLANC_NO=L2023-00028&P_PBLANC_ODR=1,KOICA-AREA-COST-READINESS-2.0,2026-08-01,12,0,0,0,0,0,1,0
91,2021-2025,2020-00046,L2023-00032-1,L2023-00032,2020-00046::L2023-00032,2023-06-30,모잠비크,모잠비크,모잠비크 도로안전 시범개선사업 시공업체 선정 입찰,공사,NONBUILDING_OR_FALSE_AREA,기타·미분류,미분류,2060000.0,,"$ 2,060,000",,AMBIGUOUS_OR_WORK_ITEM,NOT_APPLICABLE,MANUAL_REJECTED,L2023-00032-1/2. 입찰서류(영문)/Section 6 - Technical Specifications.pdf,페이지 25,도로안전 공사 시방서의 책상·캐비닛 표면적을 GFA로 오인,1.5:WORK_ITEM_AREA,,SERVICE_OR_GOODS_CEILING,NONBUILDING_OR_FALSE_AREA,NOT_APPLICABLE,,KOICA 입찰 상세페이지,집행한도금액(달러),,SCOPE_REJECTED,WORKS_CEILING,NO_MATCH,NO_MATCH,,,NO,X,X,V3_SCOPE_REVIEW,물품·비건축 또는 GFA 오탐으로 건축공사비 표본 제외,도로안전 공사 시방서의 책상·캐비닛 표면적을 GFA로 오인,0,,,,0,계산 금지,0,0,https://nebid.koica.go.kr/oep/lobi/localBidManageDetail.do?P_LOAZ_BID_PBLANC_NO=L2023-00032&P_PBLANC_ODR=1,KOICA-AREA-COST-READINESS-2.0,2026-08-01,16,1,1,1,0,0,1,1
92,2021-2025,2019-00015,L2023-00035-1,L2023-00035,2019-00015::L2023-00035,2023-07-07,키르기즈,키르기즈,(긴급) 키르기스스탄 OPSC 개보수 공사 시공업체 선정 현지 입찰,공사,WORKS,농업시설,리모델링·개보수,388511.0,,"$ 388,511",1739.82,GFA,SINGLE_OR_TOTAL,MANUAL_CURATED,L2023-00035-1/DOC/OPSC_eng/ENG_Section 2 - Bid Data Sheet (BDS)_Kyrgyzstan_OPSC_22 JUNE_CM reviewed.docx,표 3 행 8,"대상 연면적 1,739.82㎡; 상세페이지 집행한도 USD 388,511; 산출단가 USD 223/㎡.",1739.82:GFA;2084.5:BUILDING_OR_CONSTRUCTION_AREA;414.16:BUILDING_OR_CONSTRUCTION_AREA,388511.0,NOTICE_EXECUTION_CEILING,BUILDING_WORKS_OR_CURATED_CONSTRUCTION_BUDGET,SEE_SOURCE,재활·보수 범위,L2023-00035-1/DOC/OPSC_eng/ENG_Section 2 - Bid Data Sheet (BDS)_Kyrgyzstan_OPSC_22 JUNE_CM reviewed.docx,표 3 행 8,"대상 연면적 1,739.82㎡; 상세페이지 집행한도 USD 388,511; 산출단가 USD 223/㎡.",MANUAL_CURATED,WORKS_CEILING,MATCH,MATCH,223.30528445471373,,NO,C,C,V3_CURATED_AREA_COST_RECHECK,동일/제한 범위 공사금액÷면적 스크리닝 근거,,1,C,공사 입찰 집행한도,YES,0,초기 스크리닝만,0,1,https://nebid.koica.go.kr/oep/lobi/localBidManageDetail.do?P_LOAZ_BID_PBLANC_NO=L2023-00035&P_PBLANC_ODR=1,KOICA-AREA-COST-READINESS-2.0,2026-08-01,17,0,0,0,0,0,1,1
93,2021-2025,2020-00086,L2023-00036-1,L2023-00036,2020-00086::L2023-00036,2023-07-17,우즈베키스탄,우즈베키스탄,우즈베키스탄 우르겐치 직업훈련원 건립 및 타슈켄트 교사연수센터 건립사업 시공업체선정 현지입찰,공사,WORKS,학교·교육시설,신축,5361576.0,,"$ 5,361,576",6963.0,GFA,SUM_VTC_TTC,MANUAL_CONTEXT_REVIEW,L2023-00036-1,문단 203·204 / 표 1 행 5,"VTC 5,698㎡ + TTC 1,265㎡",5698:GFA;1265:GFA;5698:GFA;1265:GFA,5361576.0,NOTICE_EXECUTION_CEILING,PROCUREMENT_CEILING_ASSUMED_WORKS,UNKNOWN,,KOICA 입찰 상세페이지,집행한도금액(달러),,METADATA_PLUS_SCOPE_REVIEW,WORKS_CEILING,MATCH,MATCH,770.0094786729858,,NO,B,B,V3_ORIGINAL_MANUAL,우르겐치 VTC·TTC 공종별 not-priced BOQ,,0,,,,1,현지단가 결합 수량모델,0,1,https://nebid.koica.go.kr/oep/lobi/localBidManageDetail.do?P_LOAZ_BID_PBLANC_NO=L2023-00036&P_PBLANC_ODR=1,KOICA-AREA-COST-READINESS-2.0,2026-08-01,287,260,275,102,0,0,1,1
94,2021-2025,2020-00086,L2023-00053-1,L2023-00053,2020-00086::L2023-00053,2023-07-17,우즈베키스탄,우즈베키스탄,우즈베키스탄 직업훈련원 및 타슈켄트 교사연수센터 건립 시공업체 선정 현지입찰,공사,WORKS,학교·교육시설,신축,5361576.0,,"$ 5,361,576",6963.0,GFA,SINGLE_OR_TOTAL,MANUAL_CURATED,L2023-00053-1/Urgench VTC Bid Attachment Documents/Urgench VTC Bid Attachment Documents/Urgench_VTC_Bid Annoncement(The Daily Korean News for Korean Residents).docx,문단 10,"총연면적 6,963.00㎡; 상세페이지 집행한도 USD 5,361,576; 산출단가 USD 770/㎡.",5698:GFA;1265:GFA;5698:GFA;1265:GFA,5361576.0,NOTICE_EXECUTION_CEILING,BUILDING_WORKS_OR_CURATED_CONSTRUCTION_BUDGET,SEE_SOURCE,,L2023-00053-1/Urgench VTC Bid Attachment Documents/Urgench VTC Bid Attachment Documents/Urgench_VTC_Bid Annoncement(The Daily Korean News for Korean Residents).docx,문단 10,"총연면적 6,963.00㎡; 상세페이지 집행한도 USD 5,361,576; 산출단가 USD 770/㎡.",MANUAL_CURATED,WORKS_CEILING,MATCH,MATCH,770.0094786729858,,NO,C,C,V3_CURATED_AREA_COST_RECHECK,동일/제한 범위 공사금액÷면적 스크리닝 근거,,1,A,공사 입찰 집행한도,YES,0,초기 스크리닝만,0,0,https://nebid.koica.go.kr/oep/lobi/localBidManageDetail.do?P_LOAZ_BID_PBLANC_NO=L2023-00053&P_PBLANC_ODR=1,KOICA-AREA-COST-READINESS-2.0,2026-08-01,287,260,275,102,0,0,1,0
95,2021-2025,2019-00037,L2023-00037-1,L2023-00037,2019-00037::L2023-00037,2023-07-18,엘살바도르,엘살바도르,엘살바도르 국립보건교육센터 설립 및 보건교육 강화사업 감리 용역 현지 입찰,용역,DESIGN_OR_SUPERVISION_SERVICE,학교·교육시설,신축,200000.0,,"$ 200,000",2983.0,GFA,AUTO_SELECTED_SINGLE_OR_TOTAL,AUTO_HIGH,L2023-00037-1/국문 입찰계획_엘살바도르 국립보건교육센터 감리입찰_v3.hwp,문단 81,"ㅇ 연면적: 2,983 ㎡",2983:GFA;2983:GFA;1142:BUILDING_OR_CONSTRUCTION_AREA;2900:AMBIGUOUS_AREA;2900:AMBIGUOUS_AREA;2900:AMBIGUOUS_AREA;2900:AMBIGUOUS_AREA;2900:AMBIGUOUS_AREA;1316:SITE_AREA;1316:SITE_AREA;2900:QUALIFICATION;2900:QUALIFICATION,,SERVICE_OR_GOODS_CEILING,DESIGN_OR_SUPERVISION_SERVICE,NOT_APPLICABLE,,KOICA 입찰 상세페이지,집행한도금액(달러),,SCOPE_REJECTED,SERVICE_FEE_OR_MIXED,NO_MATCH,NO_MATCH,,,NO,X,X,V3_SCOPE_REVIEW,설계·감리·기타 용역 집행한도는 건축공사비가 아님,,0,,,,0,계산 금지,0,0,https://nebid.koica.go.kr/oep/lobi/localBidManageDetail.do?P_LOAZ_BID_PBLANC_NO=L2023-00037&P_PBLANC_ODR=1,KOICA-AREA-COST-READINESS-2.0,2026-08-01,20,0,0,0,0,0,1,0
96,2021-2025,2022-00076,L2023-00038-1,L2023-00038,2022-00076::L2023-00038,2023-07-22,피지,피지,피지 국립재활센터 건립사업 설계 및 감리용역 현지입찰계획,용역,DESIGN_OR_SUPERVISION_SERVICE,기타·미분류,리모델링·개보수,450176.0,"\ 580,727,040","$ 450,176 (환율 : 1290)",2700.0,GFA,SINGLE_OR_TOTAL,MANUAL_CURATED,L2023-00038-1/1. 입찰계획서(피지국립재활센터 건립사업 설계 및 감리 용역)-김우영-230713.hwp,문단 68 및 문단 70,"연면적 약 2,700㎡, 공사비 예산 USD 5,627,206.",2700:GFA;2700:GFA;2686.4:GFA;744.4:GFA;540:GFA;81:GFA;512:AMBIGUOUS_AREA;484:AMBIGUOUS_AREA;185:AMBIGUOUS_AREA;140:AMBIGUOUS_AREA;100:AMBIGUOUS_AREA;40:AMBIGUOUS_AREA,5627206.0,DESIGN_ESTIMATE,BUILDING_WORKS_OR_CURATED_CONSTRUCTION_BUDGET,SEE_SOURCE,"면적이 약식값이며 상세 공간계획 합계는 2,686.4㎡.",L2023-00038-1/1. 입찰계획서(피지국립재활센터 건립사업 설계 및 감리 용역)-김우영-230713.hwp,문단 68 및 문단 70,"연면적 약 2,700㎡, 공사비 예산 USD 5,627,206.",MANUAL_CURATED,SERVICE_FEE_OR_MIXED,NO_MATCH,PARTIAL_ATTACHMENT_CONSTRUCTION_BUDGET,2084.15037037037,,NO,C-부분,C,V3_CURATED_AREA_COST_RECHECK,동일/제한 범위 공사금액÷면적 스크리닝 근거,,1,B,설계입찰 단계 공사비 예산,YES,0,초기 스크리닝만,0,0,https://nebid.koica.go.kr/oep/lobi/localBidManageDetail.do?P_LOAZ_BID_PBLANC_NO=L2023-00038&P_PBLANC_ODR=1,KOICA-AREA-COST-READINESS-2.0,2026-08-01,16,0,0,0,0,0,1,0
97,2021-2025,2019-00037,L2023-00058-1,L2023-00058,2019-00037::L2023-00058,2023-08-07,엘살바도르,엘살바도르,엘살바도르 국립보건교육센터 설립 및 보건교육 강화사업 시공사 선정 입찰(재공고),공사,WORKS,학교·교육시설,신축,3875000.0,,"$ 3,875,000",2983.0,GFA,AUTO_SELECTED_SINGLE_OR_TOTAL,AUTO_HIGH,L2023-00058-1/Section 2 - Bid Data Sheet_reannouncement_final.pdf,페이지 4,"g room, dining room and kitchen, mechanical and electrical room (among others) - Site area 1,490㎡ - Building area 2,983㎡ - Gross floor area 2,983㎡ - Building scope Number of levels: 3 - Structure Reinforced concrete ",2983:GFA;2983:BUILDING_OR_CONSTRUCTION_AREA;2983:AMBIGUOUS_AREA;1490:SITE_AREA,3875000.0,NOTICE_EXECUTION_CEILING,PROCUREMENT_CEILING_ASSUMED_WORKS,UNKNOWN,,KOICA 입찰 상세페이지,집행한도금액(달러),,METADATA_PLUS_SCOPE_REVIEW,WORKS_CEILING,MATCH,MATCH,1299.0278243379148,,NO,C?,C?,V2R_HUMAN_REVIEWED_EXTRACTION,범위 일치 잠정확인; 원본 V3 확인 전 직접 사용 금지,,0,,,,0,초기 스크리닝만,0,0,https://nebid.koica.go.kr/oep/lobi/localBidManageDetail.do?P_LOAZ_BID_PBLANC_NO=L2023-00058&P_PBLANC_ODR=1,KOICA-AREA-COST-READINESS-2.0,2026-08-01,6,0,0,0,0,0,1,0
98,2021-2025,2020-00070,L2023-00040-1,L2023-00040,2020-00070::L2023-00040,2023-08-08,도미니카,도미니카,도미니카공화국 여성 중심 취약계층 사회경제적 역량강화사업 - 몬테크리스티 직업훈련센터 설계용역 입찰,용역,DESIGN_OR_SUPERVISION_SERVICE,학교·교육시설,미분류,73800.0,,"$ 73,800",900.0,GFA,AUTO_SELECTED_SINGLE_OR_TOTAL,AUTO_HIGH,L2023-00040-1/입찰설명서(국문).hwp,문단 122,ㅇ 연면적 : 900㎡ (±5% 이내 조정 가능),900:GFA;2339:SITE_AREA,,SERVICE_OR_GOODS_CEILING,DESIGN_OR_SUPERVISION_SERVICE,NOT_APPLICABLE,,KOICA 입찰 상세페이지,집행한도금액(달러),,SCOPE_REJECTED,SERVICE_FEE_OR_MIXED,NO_MATCH,NO_MATCH,,,NO,X,X,V3_SCOPE_REVIEW,설계·감리·기타 용역 집행한도는 건축공사비가 아님,,0,,,,0,계산 금지,0,0,https://nebid.koica.go.kr/oep/lobi/localBidManageDetail.do?P_LOAZ_BID_PBLANC_NO=L2023-00040&P_PBLANC_ODR=1,KOICA-AREA-COST-READINESS-2.0,2026-08-01,17,0,0,0,0,0,1,0
99,2021-2025,2019-00037,L2023-00057-1,L2023-00057,2019-00037::L2023-00057,2023-09-08,엘살바도르,엘살바도르,엘살바도르 국립보건교육센터 설립 및 보건교육 강화사업 감리 용역 현지 입찰 (재공고),용역,DESIGN_OR_SUPERVISION_SERVICE,학교·교육시설,신축,200000.0,,"$ 200,000",2983.0,GFA,AUTO_SELECTED_SINGLE_OR_TOTAL,AUTO_HIGH,L2023-00057-1/1. 국문 입찰계획_엘살바도르 국립보건교육센터 감리입찰_v4.hwp,문단 81,"ㅇ 연면적: 2,983 ㎡",2983:GFA;2900:GFA;2900:GFA;1142:BUILDING_OR_CONSTRUCTION_AREA;2983:AMBIGUOUS_AREA;1316:AMBIGUOUS_AREA;1316:SITE_AREA;2900:QUALIFICATION;2900:QUALIFICATION;2900:QUALIFICATION;2900:QUALIFICATION;2900:QUALIFICATION,,SERVICE_OR_GOODS_CEILING,DESIGN_OR_SUPERVISION_SERVICE,NOT_APPLICABLE,,KOICA 입찰 상세페이지,집행한도금액(달러),,SCOPE_REJECTED,SERVICE_FEE_OR_MIXED,NO_MATCH,NO_MATCH,,,NO,X,X,V3_SCOPE_REVIEW,설계·감리·기타 용역 집행한도는 건축공사비가 아님,,0,,,,0,계산 금지,0,0,https://nebid.koica.go.kr/oep/lobi/localBidManageDetail.do?P_LOAZ_BID_PBLANC_NO=L2023-00057&P_PBLANC_ODR=1,KOICA-AREA-COST-READINESS-2.0,2026-08-01,10,0,0,0,0,0,1,0
100,2021-2025,2022-00038,L2023-00070-1,L2023-00070,2022-00038::L2023-00070,2023-09-14,볼리비아,볼리비아,볼리비아 라파스 주 임상병리검사실 체계 강화사업 현지 설계입찰,용역,DESIGN_OR_SUPERVISION_SERVICE,실험실·연구시설,미분류,175000.0,,"$ 175,000",2500.0,GFA,AUTO_SELECTED_SINGLE_OR_TOTAL,AUTO_HIGH,L2023-00070-1/2. (입찰서류-영문) LDRL-설계입찰/2. (입찰서류-영문) LDRL-설계입찰/2. Bid Data Sheet (BDS)_LDRL_수정.docx,표 7 행 2,"r area of design services for medical facilities and similar facilities of 10 00 ㎡ or more over the last 5 years (Gross floor Area_G.A .) | 2,500㎡ ≤G.A. | 6.0 | ( Aug . 2018 ~ Ju l . 2023)",2500:GFA;1600:GFA;1600:GFA;1000:GFA;1600:GFA;2500:AMBIGUOUS_AREA;2500:AMBIGUOUS_AREA;2500:AMBIGUOUS_AREA;2500:AMBIGUOUS_AREA;2500:AMBIGUOUS_AREA;2000:AMBIGUOUS_AREA;2000:AMBIGUOUS_AREA,,SERVICE_OR_GOODS_CEILING,DESIGN_OR_SUPERVISION_SERVICE,NOT_APPLICABLE,,KOICA 입찰 상세페이지,집행한도금액(달러),,SCOPE_REJECTED,SERVICE_FEE_OR_MIXED,NO_MATCH,NO_MATCH,,,NO,X,X,V3_SCOPE_REVIEW,설계·감리·기타 용역 집행한도는 건축공사비가 아님,,0,,,,0,계산 금지,0,0,https://nebid.koica.go.kr/oep/lobi/localBidManageDetail.do?P_LOAZ_BID_PBLANC_NO=L2023-00070&P_PBLANC_ODR=1,KOICA-AREA-COST-READINESS-2.0,2026-08-01,21,0,0,0,0,0,0,0
101,2021-2025,2019-00037,L2023-00060-1,L2023-00060,2019-00037::L2023-00060,2023-10-09,엘살바도르,엘살바도르,엘살바도르 국립보건교육센터 설립 및 보건교육 강화사업 시공사 선정 입찰,공사,WORKS,학교·교육시설,신축,3875000.0,,"$ 3,875,000",2983.0,GFA,SINGLE_OR_TOTAL,MANUAL_CURATED,L2023-00060-1/붙임 1. 입찰공고문 및 서류_영문/Section 2 - Bid data sheet_eng.doc,문단 24,"총연면적 2,983.00㎡; 상세페이지 집행한도 USD 3,875,000; 산출단가 USD 1,299/㎡.",2983:GFA;2983:BUILDING_OR_CONSTRUCTION_AREA;2983:AMBIGUOUS_AREA;1490:SITE_AREA,3875000.0,NOTICE_EXECUTION_CEILING,BUILDING_WORKS_OR_CURATED_CONSTRUCTION_BUDGET,SEE_SOURCE,,L2023-00060-1/붙임 1. 입찰공고문 및 서류_영문/Section 2 - Bid data sheet_eng.doc,문단 24,"총연면적 2,983.00㎡; 상세페이지 집행한도 USD 3,875,000; 산출단가 USD 1,299/㎡.",MANUAL_CURATED,WORKS_CEILING,MATCH,MATCH,1299.0278243379148,,NO,C,C,V3_CURATED_AREA_COST_RECHECK,동일/제한 범위 공사금액÷면적 스크리닝 근거,,1,A,공사 입찰 집행한도,YES,0,초기 스크리닝만,0,1,https://nebid.koica.go.kr/oep/lobi/localBidManageDetail.do?P_LOAZ_BID_PBLANC_NO=L2023-00060&P_PBLANC_ODR=1,KOICA-AREA-COST-READINESS-2.0,2026-08-01,14,0,0,0,0,0,1,1
102,2021-2025,2022-00036,L2023-00061-1,L2023-00061,2022-00036::L2023-00061,2023-10-17,에티오피아,에티오피아,"에티오피아 가죽 및 가죽제품 강화 사업 신발 라스트 생산 공장 신축 및 보수 공사 설계, 감리 용역",용역,DESIGN_OR_SUPERVISION_SERVICE,기타·미분류,리모델링·개보수,180000.0,,"$ 180,000",1250.0,GFA,AUTO_SELECTED_SINGLE_OR_TOTAL,AUTO_HIGH,L2023-00061-1/붙임 3. 입찰 문서/Section 5 - Space Program reference.pdf,페이지 2,"xisting cafeteria) Description C. Renovation: High-Vibration Leather Drying Facility (existing tannery building) A. New Construction: Total 1,250㎡ / 1 Story /Long Span Structure Floor Area and B. Remodeling: Total 23",1250:GFA;420:GFA;420:GFA;230:GFA;230:GFA;1900:GFA;1250:GFA;42000:AMBIGUOUS_AREA;42000:AMBIGUOUS_AREA;1900:AMBIGUOUS_AREA;1420:AMBIGUOUS_AREA;1285:AMBIGUOUS_AREA,,SERVICE_OR_GOODS_CEILING,DESIGN_OR_SUPERVISION_SERVICE,NOT_APPLICABLE,,KOICA 입찰 상세페이지,집행한도금액(달러),,SCOPE_REJECTED,SERVICE_FEE_OR_MIXED,NO_MATCH,NO_MATCH,,,NO,X,X,V3_SCOPE_REVIEW,설계·감리·기타 용역 집행한도는 건축공사비가 아님,,0,,,,0,계산 금지,0,0,https://nebid.koica.go.kr/oep/lobi/localBidManageDetail.do?P_LOAZ_BID_PBLANC_NO=L2023-00061&P_PBLANC_ODR=1,KOICA-AREA-COST-READINESS-2.0,2026-08-01,25,0,3,0,0,0,1,1
103,2021-2025,2021-00072,L2023-00054-2,L2023-00054,2021-00072::L2023-00054,2023-11-03,필리핀,필리핀,(재공고) 필리핀 국립대학교 로스바뇨스(UPLB) 첨단농업연구센터 신축공사,공사,WORKS,학교·교육시설,신축,5107200.0,,"$ 5,107,200",6682.62,GFA,AUTO_SELECTED_SINGLE_OR_TOTAL,AUTO_HIGH,L2023-00054-2/Bidding Announcement_231103.pdf,페이지 1,"Bidding Purpose Agricultural Genomics Research Center and Green House Project Site UPLB Campus, Los Baños, Laguna, Philippines 1. Lot area: 6,682.620㎡ 2. Building area: 2,567.416㎡ 3. Construction floor area: 4,284.375㎡ a",6682.62:GFA;4284.38:GFA;3461.41:GFA;637.133:GFA;185.831:GFA;2567.42:BUILDING_OR_CONSTRUCTION_AREA,5107200.0,NOTICE_EXECUTION_CEILING,PROCUREMENT_CEILING_ASSUMED_WORKS,UNKNOWN,,KOICA 입찰 상세페이지,집행한도금액(달러),,METADATA_PLUS_SCOPE_REVIEW,WORKS_CEILING,MATCH,MATCH,764.2511470052166,,NO,C?,C?,V2R_HUMAN_REVIEWED_EXTRACTION,범위 일치 잠정확인; 원본 V3 확인 전 직접 사용 금지,,0,,,,0,초기 스크리닝만,0,1,https://nebid.koica.go.kr/oep/lobi/localBidManageDetail.do?P_LOAZ_BID_PBLANC_NO=L2023-00054&P_PBLANC_ODR=2,KOICA-AREA-COST-READINESS-2.0,2026-08-01,1,0,0,0,0,0,1,1
104,2021-2025,2022-00038,L2023-00070-2,L2023-00070,2022-00038::L2023-00070,2023-11-03,볼리비아,볼리비아,볼리비아 라파스 주 임상병리검사실 체계 강화사업 현지 설계입찰,용역,DESIGN_OR_SUPERVISION_SERVICE,실험실·연구시설,미분류,175000.0,,"$ 175,000",2500.0,GFA,AUTO_SELECTED_SINGLE_OR_TOTAL,AUTO_HIGH,L2023-00070-2/붙임3. (입찰서류-영문) LDRL-설계입찰_1029/2. (└╘┬√╝¡╖∙-┐╡╣«) LDRL-╝│░Φ└╘┬√_1029/2. Bid Data Sheet (BDS)_LDRL_╝÷┴ñ_1029.docx,표 7 행 2,"oor area of design services for medical facilities and similar facilities of 1000 ㎡ or more over the last 5 years (Gross floor Area_G.A.) | 2,500㎡ ≤G.A. | 6.0 | (Aug. 2018 ~ Jul. 2023)",2500:GFA;1600:GFA;1000:GFA;1600:GFA;2500:AMBIGUOUS_AREA;2500:AMBIGUOUS_AREA;2500:AMBIGUOUS_AREA;2000:AMBIGUOUS_AREA;2000:AMBIGUOUS_AREA;2000:AMBIGUOUS_AREA;2000:AMBIGUOUS_AREA;1500:AMBIGUOUS_AREA,,SERVICE_OR_GOODS_CEILING,DESIGN_OR_SUPERVISION_SERVICE,NOT_APPLICABLE,,KOICA 입찰 상세페이지,집행한도금액(달러),,SCOPE_REJECTED,SERVICE_FEE_OR_MIXED,NO_MATCH,NO_MATCH,,,NO,X,X,V3_SCOPE_REVIEW,설계·감리·기타 용역 집행한도는 건축공사비가 아님,,0,,,,0,계산 금지,0,0,https://nebid.koica.go.kr/oep/lobi/localBidManageDetail.do?P_LOAZ_BID_PBLANC_NO=L2023-00070&P_PBLANC_ODR=2,KOICA-AREA-COST-READINESS-2.0,2026-08-01,21,0,0,0,0,0,1,1
105,2021-2025,2021-00054,L2023-00077-1,L2023-00077,2021-00054::L2023-00077,2023-11-14,세네갈,세네갈,세네갈 대국민 소통증진을 위한 국회의정활동시스템 현대화사업 리모델링 업체 선정 입,물품,GOODS,기타·미분류,리모델링·개보수,347000.0,,"$ 347,000",,AMBIGUOUS_OR_WORK_ITEM,NOT_APPLICABLE,MANUAL_REJECTED,L2023-00077-1/붙임5-2. 투찰내역서_1110.xlsx,Bill of quantity!24,BOQ 벽도장·철골 표면적이며 GFA가 아님,456:AMBIGUOUS_AREA;221:AMBIGUOUS_AREA;100:AMBIGUOUS_AREA;82:AMBIGUOUS_AREA;70.4:AMBIGUOUS_AREA;40:AMBIGUOUS_AREA;60:WORK_ITEM_AREA,,SERVICE_OR_GOODS_CEILING,GOODS,NOT_APPLICABLE,,KOICA 입찰 상세페이지,집행한도금액(달러),,SCOPE_REJECTED,GOODS_CEILING,NO_MATCH,NO_MATCH,,,NO,X,X,V3_SCOPE_REVIEW,물품·비건축 또는 GFA 오탐으로 건축공사비 표본 제외,BOQ 벽도장·철골 표면적이며 GFA가 아님,0,,,,0,계산 금지,0,0,https://nebid.koica.go.kr/oep/lobi/localBidManageDetail.do?P_LOAZ_BID_PBLANC_NO=L2023-00077&P_PBLANC_ODR=1,KOICA-AREA-COST-READINESS-2.0,2026-08-01,8,1,1,0,0,0,1,1
106,2021-2025,2020-00099,L2023-00067-1,L2023-00067,2020-00099::L2023-00067,2023-11-21,키르기즈,키르기즈,키르기스스탄 G-cloud 센터 인테리어 리모델링 시공 입찰,공사,WORKS,정부·행정시설,리모델링·개보수,280621.0,,"$ 280,621",420.0,GFA,SINGLE_OR_TOTAL,MANUAL_CURATED,L2023-00067-1/ENG Version/ENG Version/-ENG_Section 2 Bid Data Sheet.docx,표 3 행 8,"대상 연면적 420.00㎡; 상세페이지 집행한도 USD 280,621; 산출단가 USD 668/㎡.",420:GFA,280621.0,NOTICE_EXECUTION_CEILING,BUILDING_WORKS_OR_CURATED_CONSTRUCTION_BUDGET,SEE_SOURCE,,L2023-00067-1/ENG Version/ENG Version/-ENG_Section 2 Bid Data Sheet.docx,표 3 행 8,"대상 연면적 420.00㎡; 상세페이지 집행한도 USD 280,621; 산출단가 USD 668/㎡.",MANUAL_CURATED,WORKS_CEILING,MATCH,MATCH,668.1452380952381,,NO,C,C,V3_CURATED_AREA_COST_RECHECK,동일/제한 범위 공사금액÷면적 스크리닝 근거,,1,B,공사 입찰 집행한도,YES,0,초기 스크리닝만,0,1,https://nebid.koica.go.kr/oep/lobi/localBidManageDetail.do?P_LOAZ_BID_PBLANC_NO=L2023-00067&P_PBLANC_ODR=1,KOICA-AREA-COST-READINESS-2.0,2026-08-01,18,0,0,0,0,0,1,1
107,2021-2025,2011-00008,L2023-00068-1,L2023-00068,2011-00008::L2023-00068,2023-11-21,캄보디아,캄보디아,캄보디아 앙두엉 안과전문병원 설립사업 리모델링 공사,공사,WORKS,병원,리모델링·개보수,239882.0,,"$ 239,882",3500.0,GFA,SINGLE_OR_TOTAL,MANUAL_CURATED,L2023-00068-1/입찰공고 관련서류 최종본/Section 2 - Bid Data Sheet (BDS).docx,표 5 행 8,"대상 연면적 3,500.00㎡; 상세페이지 집행한도 USD 239,882; 산출단가 USD 69/㎡.",1000:GFA;3500:GFA,239882.0,NOTICE_EXECUTION_CEILING,BUILDING_WORKS_OR_CURATED_CONSTRUCTION_BUDGET,SEE_SOURCE,부분 보수 공사,L2023-00068-1/입찰공고 관련서류 최종본/Section 2 - Bid Data Sheet (BDS).docx,표 5 행 8,"대상 연면적 3,500.00㎡; 상세페이지 집행한도 USD 239,882; 산출단가 USD 69/㎡.",MANUAL_CURATED,WORKS_CEILING,MATCH,MATCH,68.53771428571429,,NO,C,C,V3_CURATED_AREA_COST_RECHECK,동일/제한 범위 공사금액÷면적 스크리닝 근거,,1,C,공사 입찰 집행한도,YES,0,초기 스크리닝만,0,1,https://nebid.koica.go.kr/oep/lobi/localBidManageDetail.do?P_LOAZ_BID_PBLANC_NO=L2023-00068&P_PBLANC_ODR=1,KOICA-AREA-COST-READINESS-2.0,2026-08-01,23,1,1,1,0,0,1,1
108,2021-2025,2022-00598,L2024-00001-1,L2024-00001,2022-00598::L2024-00001,2024-01-11,파키스탄,파키스탄,파키스탄 국립섬유대학 산업용 섬유센터 설립사업 2차사업 설계용역,용역,DESIGN_OR_SUPERVISION_SERVICE,산업·직업훈련시설,미분류,127677.0,,"$ 127,677",2551.0,GFA,AUTO_SELECTED_SINGLE_OR_TOTAL,AUTO_HIGH,L2024-00001-1/붙임 2. 입찰서류 (최종)/Section 2 - Bid Data Sheet (BDS).docx,표 5 행 3,"f the Site: National Textile University, Faisalabad *Scope of Service: Design Service a) Design : Two(2) Storey Building, Total Floor Area: 2,551 ㎡ (Square Meter) b) Relevant Documents -Priced BoQ , Specification, Qua",2551:GFA;2551:GFA;2551:GFA;2551:GFA;2551:AMBIGUOUS_AREA,,SERVICE_OR_GOODS_CEILING,DESIGN_OR_SUPERVISION_SERVICE,NOT_APPLICABLE,,KOICA 입찰 상세페이지,집행한도금액(달러),,SCOPE_REJECTED,SERVICE_FEE_OR_MIXED,NO_MATCH,NO_MATCH,,,NO,X,X,V3_SCOPE_REVIEW,설계·감리·기타 용역 집행한도는 건축공사비가 아님,,0,,,,0,계산 금지,0,0,https://nebid.koica.go.kr/oep/lobi/localBidManageDetail.do?P_LOAZ_BID_PBLANC_NO=L2024-00001&P_PBLANC_ODR=1,KOICA-AREA-COST-READINESS-2.0,2026-08-01,14,0,0,0,0,0,1,0
109,2021-2025,2021-00018,L2023-00075-1,L2023-00075,2021-00018::L2023-00075,2024-01-22,몽골,몽골,몽골 철도교통관제센터(RTCC) 건립 시공 입찰,공사,WORKS,기타·미분류,신축,3454118.0,,"$ 3,454,118",3131.0,BUILDING_OR_CONSTRUCTION_AREA,AUTO_SELECTED_SINGLE_OR_TOTAL,AUTO_MEDIUM,L2023-00075-1/RTCC 시공 Terms of Reference for NIFS Construction(2023.12.14).docx,표 1 행 3,"Total Construction Area | 3,131 ㎡",3131:BUILDING_OR_CONSTRUCTION_AREA;4000:AMBIGUOUS_AREA;311.7:AMBIGUOUS_AREA;287.6:AMBIGUOUS_AREA;282.3:AMBIGUOUS_AREA,3454118.0,NOTICE_EXECUTION_CEILING,PROCUREMENT_CEILING_ASSUMED_WORKS,UNKNOWN,,KOICA 입찰 상세페이지,집행한도금액(달러),,METADATA_PLUS_SCOPE_REVIEW,WORKS_CEILING,MATCH,MATCH,1103.199616735867,,NO,C?,C?,V2R_HUMAN_REVIEWED_EXTRACTION,범위 일치 잠정확인; 원본 V3 확인 전 직접 사용 금지,,0,,,,0,초기 스크리닝만,0,1,https://nebid.koica.go.kr/oep/lobi/localBidManageDetail.do?P_LOAZ_BID_PBLANC_NO=L2023-00075&P_PBLANC_ODR=1,KOICA-AREA-COST-READINESS-2.0,2026-08-01,3,0,0,0,0,0,1,1
110,2021-2025,2014-00016,L2024-00039-1,L2024-00039,2014-00016::L2024-00039,2024-05-12,이라크,이라크,한-이라크 직업훈련원 2차 지원사업 리노베이션 시공업체선정 현지입찰,공사,WORKS,학교·교육시설,리모델링·개보수,1811491.0,,"$ 1,811,491",8217.0,GFA,SINGLE_OR_TOTAL,MANUAL_CURATED,L2024-00039-1/붙임3. Bidding Documents_20240702/Section 2 - Bid Data Sheet_20240701.docx,표 4 행 8,"대상 연면적 8,217.00㎡; 상세페이지 집행한도 USD 1,811,491; 산출단가 USD 220/㎡.",11467.5:AMBIGUOUS_AREA;11467.5:AMBIGUOUS_AREA;11467.5:AMBIGUOUS_AREA;8217:AMBIGUOUS_AREA;8217:AMBIGUOUS_AREA;8217:AMBIGUOUS_AREA;4193:AMBIGUOUS_AREA;4193:AMBIGUOUS_AREA;4193:AMBIGUOUS_AREA;4024:AMBIGUOUS_AREA;4024:AMBIGUOUS_AREA;4024:AMBIGUOUS_AREA,1811491.0,NOTICE_EXECUTION_CEILING,BUILDING_WORKS_OR_CURATED_CONSTRUCTION_BUDGET,SEE_SOURCE,부분 리모델링 범위,L2024-00039-1/붙임3. Bidding Documents_20240702/Section 2 - Bid Data Sheet_20240701.docx,표 4 행 8,"대상 연면적 8,217.00㎡; 상세페이지 집행한도 USD 1,811,491; 산출단가 USD 220/㎡.",MANUAL_CURATED,WORKS_CEILING,MATCH,MATCH,220.45649263721552,,NO,C,C,V3_CURATED_AREA_COST_RECHECK,동일/제한 범위 공사금액÷면적 스크리닝 근거,,1,C,공사 입찰 집행한도,YES,0,초기 스크리닝만,0,1,https://nebid.koica.go.kr/oep/lobi/localBidManageDetail.do?P_LOAZ_BID_PBLANC_NO=L2024-00039&P_PBLANC_ODR=1,KOICA-AREA-COST-READINESS-2.0,2026-08-01,39,3,5,3,0,0,1,1
111,2021-2025,2020-00023,L2024-00024-1,L2024-00024,2020-00023::L2024-00024,2024-05-21,라오스,라오스,라오스 남부 3개주 농촌개발사업 남부농업기술훈련원 건축 설계 및 시공감리 용역,용역,DESIGN_OR_SUPERVISION_SERVICE,학교·교육시설,신축,65000.0,"\ 84,500,000","$ 65,000 (환율 : 1300)",700.0,GFA,AUTO_SELECTED_SINGLE_OR_TOTAL,AUTO_HIGH,L2024-00024-1/★Section 2 - Bid Data Sheet (BDS).pdf,페이지 9,services for educational or business building projects within the last three years as of the bidding announcement date (total floor area of 700㎡ ) - Other documents required in this bid. 2. Inquires ○ To provide th,700:GFA;700:AMBIGUOUS_AREA;700:AMBIGUOUS_AREA;140:AMBIGUOUS_AREA;96:AMBIGUOUS_AREA;64:AMBIGUOUS_AREA;36:AMBIGUOUS_AREA;32:AMBIGUOUS_AREA;718:WORK_ITEM_AREA;12:WORK_ITEM_AREA;9:WORK_ITEM_AREA,,SERVICE_OR_GOODS_CEILING,DESIGN_OR_SUPERVISION_SERVICE,NOT_APPLICABLE,,KOICA 입찰 상세페이지,집행한도금액(달러),,SCOPE_REJECTED,SERVICE_FEE_OR_MIXED,NO_MATCH,NO_MATCH,,,NO,X,X,V3_SCOPE_REVIEW,설계·감리·기타 용역 집행한도는 건축공사비가 아님,,0,,,,0,계산 금지,0,0,https://nebid.koica.go.kr/oep/lobi/localBidManageDetail.do?P_LOAZ_BID_PBLANC_NO=L2024-00024&P_PBLANC_ODR=1,KOICA-AREA-COST-READINESS-2.0,2026-08-01,14,0,0,0,0,0,1,0
112,2021-2025,2022-00009,L2024-00031-1,L2024-00031,2022-00009::L2024-00031,2024-05-29,네팔,네팔,네팔 박타푸르 취약지역의 빈곤층 건강수준 향상을 위한 역량강화 및 의료인프라 개선사업,공사,WORKS,기타·미분류,미분류,4653720.0,,"$ 4,653,720",5898.25,GFA,SINGLE_OR_TOTAL,MANUAL_CURATED,L2024-00031-1/1-2. BID DOCUMENTS-Project for Universal Health Coverage for the poor in vulnerable area in Bha.docx,표 5 행 8,"총연면적 5,898.25㎡; 상세페이지 집행한도 USD 4,653,720; 산출단가 USD 789/㎡.",5898.25:GFA;5898.25:AMBIGUOUS_AREA;4444.93:AMBIGUOUS_AREA;1545.31:AMBIGUOUS_AREA,4653720.0,NOTICE_EXECUTION_CEILING,BUILDING_WORKS_OR_CURATED_CONSTRUCTION_BUDGET,SEE_SOURCE,,L2024-00031-1/1-2. BID DOCUMENTS-Project for Universal Health Coverage for the poor in vulnerable area in Bha.docx,표 5 행 8,"총연면적 5,898.25㎡; 상세페이지 집행한도 USD 4,653,720; 산출단가 USD 789/㎡.",MANUAL_CURATED,WORKS_CEILING,MATCH,MATCH,789.0001271563599,,NO,C,C,V3_CURATED_AREA_COST_RECHECK,동일/제한 범위 공사금액÷면적 스크리닝 근거,,1,A,공사 입찰 집행한도,YES,0,초기 스크리닝만,0,1,https://nebid.koica.go.kr/oep/lobi/localBidManageDetail.do?P_LOAZ_BID_PBLANC_NO=L2024-00031&P_PBLANC_ODR=1,KOICA-AREA-COST-READINESS-2.0,2026-08-01,9,1,4,0,0,0,1,1
113,2021-2025,2023-00030,L2024-00041-1,L2024-00041,2023-00030::L2024-00041,2024-06-18,키르기즈,키르기즈,"키르기즈공화국 가축 품종개량 및 인공수정인력 역량강화사업 연수센터 신축, 바이오센터 리모델링 설계 및 저작권감리용역",용역,DESIGN_OR_SUPERVISION_SERVICE,학교·교육시설,리모델링·개보수,166600.0,"\ 216,580,000","$ 166,600 (환율 : 1300)",1825.0,GFA,AUTO_SELECTED_SINGLE_OR_TOTAL,AUTO_HIGH,L2024-00041-1/Section 2 - Bid Data Sheet (BDS)_v5_0604.docx,표 5 행 3,"of the services for the construction of the project mentioned below: - New Construction of Training Center in Chuy Oblast: Total Floor Area 1,825 M2. One(1) Admin/Training Building and One(1) Dormitory Building. The Pr",1825:GFA;1825:GFA;1825:GFA;1825:GFA;9012:SITE_AREA;9012:SITE_AREA;9012:SITE_AREA;9012:SITE_AREA;136:SITE_AREA;136:SITE_AREA;136:SITE_AREA,,SERVICE_OR_GOODS_CEILING,DESIGN_OR_SUPERVISION_SERVICE,NOT_APPLICABLE,,KOICA 입찰 상세페이지,집행한도금액(달러),,SCOPE_REJECTED,SERVICE_FEE_OR_MIXED,NO_MATCH,NO_MATCH,,,NO,X,X,V3_SCOPE_REVIEW,설계·감리·기타 용역 집행한도는 건축공사비가 아님,,0,,,,0,계산 금지,0,0,https://nebid.koica.go.kr/oep/lobi/localBidManageDetail.do?P_LOAZ_BID_PBLANC_NO=L2024-00041&P_PBLANC_ODR=1,KOICA-AREA-COST-READINESS-2.0,2026-08-01,19,0,0,0,0,0,1,1
114,2021-2025,2021-00126,L2024-00035-1,L2024-00035,2021-00126::L2024-00035,2024-06-28,케냐,케냐,케냐 카지아도주 보건시스템 강화를 위한 모성 및 신생아 보건 개선사업 설계 및 감리용역,용역,DESIGN_OR_SUPERVISION_SERVICE,기타·미분류,미분류,57500.0,,"$ 57,500",,AMBIGUOUS_AREA,UNKNOWN,LOW,L2024-00035-1/Section 4 - Request for Proposal_kenya_0620.docx,표 7 행 10,SUM | 109.6 ㎡,109.6:AMBIGUOUS_AREA;109.6:AMBIGUOUS_AREA;109.6:AMBIGUOUS_AREA;92.4:AMBIGUOUS_AREA;92.4:AMBIGUOUS_AREA;92.4:AMBIGUOUS_AREA;57.6:AMBIGUOUS_AREA;57.6:AMBIGUOUS_AREA;57.6:AMBIGUOUS_AREA;17.2:WORK_ITEM_AREA;17.2:WORK_ITEM_AREA;17.2:WORK_ITEM_AREA,,SERVICE_OR_GOODS_CEILING,DESIGN_OR_SUPERVISION_SERVICE,NOT_APPLICABLE,,KOICA 입찰 상세페이지,집행한도금액(달러),,SCOPE_REJECTED,SERVICE_FEE_OR_MIXED,NO_MATCH,NO_MATCH,,,NO,X,X,V3_SCOPE_REVIEW,설계·감리·기타 용역 집행한도는 건축공사비가 아님,,0,,,,0,계산 금지,0,0,https://nebid.koica.go.kr/oep/lobi/localBidManageDetail.do?P_LOAZ_BID_PBLANC_NO=L2024-00035&P_PBLANC_ODR=1,KOICA-AREA-COST-READINESS-2.0,2026-08-01,18,0,0,0,0,0,1,0
115,2021-2025,2023-00067,L2024-00048-1,L2024-00048,2023-00067::L2024-00048,2024-08-30,코트디부아르,코트디부아르,코트디부아르 펠릭스우푸에부아니대학교 ICT 고등교육 역량강화 및 디지털 교육 개선사업 설계 및 감리용역,용역,DESIGN_OR_SUPERVISION_SERVICE,학교·교육시설,리모델링·개보수,220000.0,"\ 286,000,000","$ 220,000 (환율 : 1300)",,AMBIGUOUS_OR_WORK_ITEM,NOT_APPLICABLE,MANUAL_REJECTED,L2024-00048-1/Section 4 - Request for Proposal_코트디_ver.1.2_수정.docx,표 7 행 5,2·7㎡/person 공간계획 기준이며 대상 GFA가 아님,7:WORK_ITEM_AREA;7:WORK_ITEM_AREA;2:WORK_ITEM_AREA;2:WORK_ITEM_AREA;2:WORK_ITEM_AREA;2:WORK_ITEM_AREA;2:WORK_ITEM_AREA;2:WORK_ITEM_AREA,,SERVICE_OR_GOODS_CEILING,DESIGN_OR_SUPERVISION_SERVICE,NOT_APPLICABLE,,KOICA 입찰 상세페이지,집행한도금액(달러),,SCOPE_REJECTED,SERVICE_FEE_OR_MIXED,NO_MATCH,NO_MATCH,,,NO,X,X,V3_SCOPE_REVIEW,설계·감리·기타 용역 집행한도는 건축공사비가 아님,2·7㎡/person 공간계획 기준이며 대상 GFA가 아님,0,,,,0,계산 금지,0,0,https://nebid.koica.go.kr/oep/lobi/localBidManageDetail.do?P_LOAZ_BID_PBLANC_NO=L2024-00048&P_PBLANC_ODR=1,KOICA-AREA-COST-READINESS-2.0,2026-08-01,20,0,0,0,0,0,1,0
116,2021-2025,2021-00111,L2024-00049-1,L2024-00049,2021-00111::L2024-00049,2024-09-09,엘살바도르,엘살바도르,엘살바도르 ITCA 공학교육역량 강화사업 시공사 선정 현지입찰,공사,WORKS,학교·교육시설,신축,965000.0,,"$ 965,000",788.12,GFA,AUTO_SELECTED_SINGLE_OR_TOTAL,AUTO_HIGH,L2024-00049-1/Bidding Document_ITCA(Construction)_Final/Section 2 Bid data sheet_ITCA Construction_(202409).docx,표 2 행 7,Gross floor area | 788.12 ㎡,788.12:GFA;639.2:SITE_AREA,965000.0,NOTICE_EXECUTION_CEILING,PROCUREMENT_CEILING_ASSUMED_WORKS,UNKNOWN,,KOICA 입찰 상세페이지,집행한도금액(달러),,METADATA_PLUS_SCOPE_REVIEW,WORKS_CEILING,MATCH,MATCH,1224.4328274881998,,NO,C?,C?,V2R_HUMAN_REVIEWED_EXTRACTION,범위 일치 잠정확인; 원본 V3 확인 전 직접 사용 금지,,0,,,,0,초기 스크리닝만,0,0,https://nebid.koica.go.kr/oep/lobi/localBidManageDetail.do?P_LOAZ_BID_PBLANC_NO=L2024-00049&P_PBLANC_ODR=1,KOICA-AREA-COST-READINESS-2.0,2026-08-01,11,0,0,0,0,0,0,0
117,2021-2025,2021-00042,L2024-00050-1,L2024-00050,2021-00042::L2024-00050,2024-09-16,우간다,우간다,우간다 농업지도자 연수원 자립적 운영체계구축 및 연수역량 강화사업 공사,공사,WORKS,농업시설,신축,3910000.0,,"$ 3,910,000",4032.0,FACILITY_OR_CAMPUS_AREA,SUM_OR_MULTI,MANUAL_CURATED,L2024-00050-1/입찰계획안(영문)_240912.docx,표 4 행 8,"동별 면적 합계 4,032.00㎡; 상세페이지 집행한도 USD 3,910,000; 산출단가 USD 970/㎡.",4600:AMBIGUOUS_AREA;4034:AMBIGUOUS_AREA;2640:AMBIGUOUS_AREA;1174:AMBIGUOUS_AREA;218:AMBIGUOUS_AREA;47000:SITE_AREA;27000:SITE_AREA,3910000.0,NOTICE_EXECUTION_CEILING,BUILDING_WORKS_OR_CURATED_CONSTRUCTION_BUDGET,SEE_SOURCE,외부공사 포함 가능,L2024-00050-1/입찰계획안(영문)_240912.docx,표 4 행 8,"동별 면적 합계 4,032.00㎡; 상세페이지 집행한도 USD 3,910,000; 산출단가 USD 970/㎡.",MANUAL_CURATED,WORKS_CEILING,MATCH,MATCH,969.7420634920635,,NO,C,C,V3_CURATED_AREA_COST_RECHECK,동일/제한 범위 공사금액÷면적 스크리닝 근거,,1,B,공사 입찰 집행한도,YES,0,초기 스크리닝만,0,0,https://nebid.koica.go.kr/oep/lobi/localBidManageDetail.do?P_LOAZ_BID_PBLANC_NO=L2024-00050&P_PBLANC_ODR=1,KOICA-AREA-COST-READINESS-2.0,2026-08-01,18,0,0,0,0,0,1,0
118,2021-2025,2021-00111,L2024-00054-1,L2024-00054,2021-00111::L2024-00054,2024-09-23,엘살바도르,엘살바도르,엘살바도르 ITCA 공학교육역량 강화사업 감리사 선정 현지입찰,용역,DESIGN_OR_SUPERVISION_SERVICE,학교·교육시설,신축,76000.0,,"$ 76,000",788.12,GFA,AUTO_SELECTED_SINGLE_OR_TOTAL,AUTO_HIGH,L2024-00054-1/Bidding Document_ITCA (Supervision)_(202409)/Section 2 - Bid Data Sheet (BDS)_ITCA Supervision_(202409).docx,표 2 행 6,Gross Floor Area | 788.12 ㎡,788.12:GFA;750:AMBIGUOUS_AREA;639.2:SITE_AREA;750:QUALIFICATION;750:QUALIFICATION;750:QUALIFICATION,,SERVICE_OR_GOODS_CEILING,DESIGN_OR_SUPERVISION_SERVICE,NOT_APPLICABLE,,KOICA 입찰 상세페이지,집행한도금액(달러),,SCOPE_REJECTED,SERVICE_FEE_OR_MIXED,NO_MATCH,NO_MATCH,,,NO,X,X,V3_SCOPE_REVIEW,설계·감리·기타 용역 집행한도는 건축공사비가 아님,,0,,,,0,계산 금지,0,0,https://nebid.koica.go.kr/oep/lobi/localBidManageDetail.do?P_LOAZ_BID_PBLANC_NO=L2024-00054&P_PBLANC_ODR=1,KOICA-AREA-COST-READINESS-2.0,2026-08-01,10,0,0,0,0,0,0,0
119,2021-2025,2023-00067,L2024-00056-1,L2024-00056,2023-00067::L2024-00056,2024-09-26,코트디부아르,코트디부아르,[긴급] 코트디부아르 펠릭스우푸에부아니대학교 ICT 고등교육 역량강화 및 디지털 교육 개선사업 설계 및 감리용역,용역,DESIGN_OR_SUPERVISION_SERVICE,학교·교육시설,리모델링·개보수,220000.0,"\ 286,000,000","$ 220,000 (환율 : 1300)",,AMBIGUOUS_OR_WORK_ITEM,NOT_APPLICABLE,MANUAL_REJECTED,L2024-00056-1/Section 4 - Request for Proposal_코트디_ver.1.2_수정.docx,표 7 행 5,2·7㎡/person 공간계획 기준이며 대상 GFA가 아님,7:WORK_ITEM_AREA;7:WORK_ITEM_AREA;2:WORK_ITEM_AREA;2:WORK_ITEM_AREA;2:WORK_ITEM_AREA;2:WORK_ITEM_AREA;2:WORK_ITEM_AREA;2:WORK_ITEM_AREA,,SERVICE_OR_GOODS_CEILING,DESIGN_OR_SUPERVISION_SERVICE,NOT_APPLICABLE,,KOICA 입찰 상세페이지,집행한도금액(달러),,SCOPE_REJECTED,SERVICE_FEE_OR_MIXED,NO_MATCH,NO_MATCH,,,NO,X,X,V3_SCOPE_REVIEW,설계·감리·기타 용역 집행한도는 건축공사비가 아님,2·7㎡/person 공간계획 기준이며 대상 GFA가 아님,0,,,,0,계산 금지,0,0,https://nebid.koica.go.kr/oep/lobi/localBidManageDetail.do?P_LOAZ_BID_PBLANC_NO=L2024-00056&P_PBLANC_ODR=1,KOICA-AREA-COST-READINESS-2.0,2026-08-01,10,1,0,0,0,0,0,0
120,2021-2025,2022-00058,L2024-00055-1,L2024-00055,2022-00058::L2024-00055,2024-09-30,페루,페루,페루 쿠스코시 폐기물 통합관리 및 순환경제 구축사업 퇴비화 시범 플랜트 설계용역,용역,DESIGN_OR_SUPERVISION_SERVICE,상하수·환경시설,미분류,52000.0,,"$ 52,000",4283.0,GFA,AUTO_SELECTED_SINGLE_OR_TOTAL,AUTO_HIGH,L2024-00055-1/Section 2 - Bid Data Sheet (BDS)_Peru Pilot Compost Plant.docx,표 5 행 3,"․ Project Summary | Site area: 8,200 ㎡ , gross floor area: 4,283 ㎡ T o build Pilot Composting Plant in Cusco to minimize landfill waste ",4283:GFA;4265:BUILDING_OR_CONSTRUCTION_AREA;29000:AMBIGUOUS_AREA;8200:AMBIGUOUS_AREA;29000:SITE_AREA;8200:SITE_AREA;8200:SITE_AREA,,SERVICE_OR_GOODS_CEILING,DESIGN_OR_SUPERVISION_SERVICE,NOT_APPLICABLE,,KOICA 입찰 상세페이지,집행한도금액(달러),,SCOPE_REJECTED,SERVICE_FEE_OR_MIXED,NO_MATCH,NO_MATCH,,,NO,X,X,V3_SCOPE_REVIEW,설계·감리·기타 용역 집행한도는 건축공사비가 아님,,0,,,,0,계산 금지,0,0,https://nebid.koica.go.kr/oep/lobi/localBidManageDetail.do?P_LOAZ_BID_PBLANC_NO=L2024-00055&P_PBLANC_ODR=1,KOICA-AREA-COST-READINESS-2.0,2026-08-01,7,0,0,0,0,0,1,0
121,2021-2025,2022-00064,L2024-00072-1,L2024-00072,2022-00064::L2024-00072,2024-10-08,우간다,우간다,우간다 마케레레 대학 원격교육센터 설계 및 감리용역 입찰,용역,DESIGN_OR_SUPERVISION_SERVICE,학교·교육시설,미분류,390500.0,,"$ 390,500",3270.0,GFA,AUTO_SELECTED_SINGLE_OR_TOTAL,AUTO_HIGH,L2024-00072-1/2. 입찰문서 각 1부 우간다 마케레레/Section 4 - Request for Proposal.docx,표 1 행 4,"Gross Floor Area | 3,270 ㎡ |",3270:GFA;2400:SITE_AREA,,SERVICE_OR_GOODS_CEILING,DESIGN_OR_SUPERVISION_SERVICE,NOT_APPLICABLE,,KOICA 입찰 상세페이지,집행한도금액(달러),,SCOPE_REJECTED,SERVICE_FEE_OR_MIXED,NO_MATCH,NO_MATCH,,,NO,X,X,V3_SCOPE_REVIEW,설계·감리·기타 용역 집행한도는 건축공사비가 아님,,0,,,,0,계산 금지,0,0,https://nebid.koica.go.kr/oep/lobi/localBidManageDetail.do?P_LOAZ_BID_PBLANC_NO=L2024-00072&P_PBLANC_ODR=1,KOICA-AREA-COST-READINESS-2.0,2026-08-01,19,0,0,0,0,0,1,0
122,2021-2025,2023-00067,L2024-00056-2,L2024-00056,2023-00067::L2024-00056,2024-10-14,코트디부아르,코트디부아르,[긴급] 코트디부아르 펠릭스우푸에부아니대학교 ICT 고등교육 역량강화 및 디지털 교육 개선사업 설계 및 감리용역,용역,DESIGN_OR_SUPERVISION_SERVICE,학교·교육시설,리모델링·개보수,220000.0,"\ 286,000,000","$ 220,000 (환율 : 1300)",,AMBIGUOUS_OR_WORK_ITEM,NOT_APPLICABLE,MANUAL_REJECTED,L2024-00056-2/Section 4 - Request for Proposal_코트디_ver.1.2_수정.docx,표 7 행 5,2·7㎡/person 공간계획 기준이며 대상 GFA가 아님,7:WORK_ITEM_AREA;7:WORK_ITEM_AREA;2:WORK_ITEM_AREA;2:WORK_ITEM_AREA;2:WORK_ITEM_AREA;2:WORK_ITEM_AREA;2:WORK_ITEM_AREA;2:WORK_ITEM_AREA,,SERVICE_OR_GOODS_CEILING,DESIGN_OR_SUPERVISION_SERVICE,NOT_APPLICABLE,,KOICA 입찰 상세페이지,집행한도금액(달러),,SCOPE_REJECTED,SERVICE_FEE_OR_MIXED,NO_MATCH,NO_MATCH,,,NO,X,X,V3_SCOPE_REVIEW,설계·감리·기타 용역 집행한도는 건축공사비가 아님,2·7㎡/person 공간계획 기준이며 대상 GFA가 아님,0,,,,0,계산 금지,0,0,https://nebid.koica.go.kr/oep/lobi/localBidManageDetail.do?P_LOAZ_BID_PBLANC_NO=L2024-00056&P_PBLANC_ODR=2,KOICA-AREA-COST-READINESS-2.0,2026-08-01,18,1,0,0,0,0,1,0
123,2021-2025,2020-00048,L2024-00062-1,L2024-00062,2020-00048::L2024-00062,2024-10-21,세네갈,세네갈,세네갈 미곡가치사슬 역량강화 2차사업 미곡종합처리장(RPC)/농기계서비스센터 건축 시공사 선정 현지입찰,공사,WORKS,농업시설,신축,1910000.0,"\ 2,483,000,000","$ 1,910,000 (환율 : 1300)",,AMBIGUOUS_AREA,UNKNOWN,LOW,L2024-00062-1/1. 현지입찰 계획서(세네갈 미곡2차 시공)_최종.hwp,문단 67,"20,000 ㎡,",20000:AMBIGUOUS_AREA;4951:AMBIGUOUS_AREA;4951:AMBIGUOUS_AREA,1910000.0,NOTICE_EXECUTION_CEILING,PROCUREMENT_CEILING_ASSUMED_WORKS,UNKNOWN,,KOICA 입찰 상세페이지,집행한도금액(달러),,METADATA_PLUS_SCOPE_REVIEW,WORKS_CEILING,MATCH,MATCH,,,NO,U,U,V2R_HUMAN_REVIEWED_EXTRACTION,유효 면적과 공사금액 결합요건 미충족,,0,,,,0,계산 금지,0,0,https://nebid.koica.go.kr/oep/lobi/localBidManageDetail.do?P_LOAZ_BID_PBLANC_NO=L2024-00062&P_PBLANC_ODR=1,KOICA-AREA-COST-READINESS-2.0,2026-08-01,1,0,0,0,0,0,1,1
124,2021-2025,2023-00032,L2024-00066-1,L2024-00066,2023-00032::L2024-00066,2024-10-25,피지,피지,피지국립의과대학 의료인력 역량강화사업 설계 및 감리용역,용역,DESIGN_OR_SUPERVISION_SERVICE,학교·교육시설,미분류,216571.0,,"$ 216,571",1060.0,GFA,SINGLE_OR_TOTAL,MANUAL_CURATED,L2024-00066-1/Section 5 - Terms of Reference (ToR) R1.doc,문단 46,"3층, 총연면적 약 1,060㎡, 공사비 예산 약 USD 2,406,346.",1060:GFA;1060:AMBIGUOUS_AREA;386.67:AMBIGUOUS_AREA;386.67:AMBIGUOUS_AREA;286.66:AMBIGUOUS_AREA;500:SITE_AREA;16.2:WORK_ITEM_AREA;5.4:WORK_ITEM_AREA,2406346.0,DESIGN_ESTIMATE,BUILDING_WORKS_OR_CURATED_CONSTRUCTION_BUDGET,SEE_SOURCE,,L2024-00066-1/Section 5 - Terms of Reference (ToR) R1.doc,문단 46,"3층, 총연면적 약 1,060㎡, 공사비 예산 약 USD 2,406,346.",MANUAL_CURATED,SERVICE_FEE_OR_MIXED,NO_MATCH,MATCH_ATTACHMENT_CONSTRUCTION_BUDGET,2270.1377358490568,,NO,C,C,V3_CURATED_AREA_COST_RECHECK,동일/제한 범위 공사금액÷면적 스크리닝 근거,,1,A,ToR 공사비 예산,YES,0,초기 스크리닝만,0,1,https://nebid.koica.go.kr/oep/lobi/localBidManageDetail.do?P_LOAZ_BID_PBLANC_NO=L2024-00066&P_PBLANC_ODR=1,KOICA-AREA-COST-READINESS-2.0,2026-08-01,16,0,0,0,0,0,1,1
125,2021-2025,2021-00104,L2024-00068-1,L2024-00068,2021-00104::L2024-00068,2024-10-25,코트디부아르,코트디부아르,[긴급] 코트디부아르 국립직업기술교육원 교사 ICT기반 교수역량강화사업 리모델링 공사,공사,WORKS,산업·직업훈련시설,리모델링·개보수,440000.0,,"$ 440,000",,AMBIGUOUS_OR_WORK_ITEM,NOT_APPLICABLE,MANUAL_REJECTED,L2024-00068-1/Section 6 - Scope of Work.docx,문단 391,방·벽·방수·도장 면적이 중첩되어 단일 GFA를 만들 수 없음,660:AMBIGUOUS_AREA;200:AMBIGUOUS_AREA;195.04:AMBIGUOUS_AREA;195.04:AMBIGUOUS_AREA;195.04:AMBIGUOUS_AREA;150.57:AMBIGUOUS_AREA;150.57:AMBIGUOUS_AREA;150.57:AMBIGUOUS_AREA;150.57:AMBIGUOUS_AREA;150.57:AMBIGUOUS_AREA;150:AMBIGUOUS_AREA;105.74:AMBIGUOUS_AREA,440000.0,NOTICE_EXECUTION_CEILING,PROCUREMENT_CEILING_ASSUMED_WORKS,UNKNOWN,,KOICA 입찰 상세페이지,집행한도금액(달러),,METADATA_PLUS_SCOPE_REVIEW,WORKS_CEILING,PARTIAL_SCOPE,PARTIAL_SCOPE,,,NO,U,U,V3_SCOPE_REVIEW,면적과 금액 범위가 부분·혼합되어 계산 금지,방·벽·방수·도장 면적이 중첩되어 단일 GFA를 만들 수 없음,0,,,,0,계산 금지,0,0,https://nebid.koica.go.kr/oep/lobi/localBidManageDetail.do?P_LOAZ_BID_PBLANC_NO=L2024-00068&P_PBLANC_ODR=1,KOICA-AREA-COST-READINESS-2.0,2026-08-01,48,1,0,0,0,0,0,0
126,2021-2025,2021-00111,L2024-00049-2,L2024-00049,2021-00111::L2024-00049,2024-11-01,엘살바도르,엘살바도르,엘살바도르 ITCA 공학교육역량 강화사업 시공사 선정 현지 재입찰,공사,WORKS,학교·교육시설,신축,965000.0,,"$ 965,000",788.12,GFA,SINGLE_OR_TOTAL,MANUAL_CURATED,L2024-00049-2/3. Bidding Document_ITCA (Construction)/Attachment 6. Scope of Works_ITCA Construction.docx,문단 15,"총연면적 788.12㎡; 상세페이지 집행한도 USD 965,000; 산출단가 USD 1,224/㎡.",788.12:GFA;788.12:GFA;639.2:SITE_AREA;639.2:SITE_AREA,965000.0,NOTICE_EXECUTION_CEILING,BUILDING_WORKS_OR_CURATED_CONSTRUCTION_BUDGET,SEE_SOURCE,,L2024-00049-2/3. Bidding Document_ITCA (Construction)/Attachment 6. Scope of Works_ITCA Construction.docx,문단 15,"총연면적 788.12㎡; 상세페이지 집행한도 USD 965,000; 산출단가 USD 1,224/㎡.",MANUAL_CURATED,WORKS_CEILING,MATCH,MATCH,1224.4328274881998,,NO,C,C,V3_CURATED_AREA_COST_RECHECK,동일/제한 범위 공사금액÷면적 스크리닝 근거,,1,A,공사 입찰 집행한도,YES,0,초기 스크리닝만,0,1,https://nebid.koica.go.kr/oep/lobi/localBidManageDetail.do?P_LOAZ_BID_PBLANC_NO=L2024-00049&P_PBLANC_ODR=2,KOICA-AREA-COST-READINESS-2.0,2026-08-01,16,0,0,0,0,0,1,1
127,2021-2025,2019-00027,L2024-00074-1,L2024-00074,2019-00027::L2024-00074,2024-11-08,알제리,알제리,알제리 사이버보안센터 건립사업 기자재 및 가구,물품,GOODS,기타·미분류,신축,103630.0,"\ 137,704,508","$ 103,630 (환율 : 1328.81)",,AMBIGUOUS_OR_WORK_ITEM,NOT_APPLICABLE,MANUAL_REJECTED,,,기자재 조달용 바닥타일 면적이며 건축공사 GFA가 아님,,,SERVICE_OR_GOODS_CEILING,GOODS,NOT_APPLICABLE,,KOICA 입찰 상세페이지,집행한도금액(달러),,SCOPE_REJECTED,GOODS_CEILING,NO_MATCH,NO_MATCH,,,NO,X,X,V3_SCOPE_REVIEW,물품·비건축 또는 GFA 오탐으로 건축공사비 표본 제외,기자재 조달용 바닥타일 면적이며 건축공사 GFA가 아님,0,,,,0,계산 금지,0,0,https://nebid.koica.go.kr/oep/lobi/localBidManageDetail.do?P_LOAZ_BID_PBLANC_NO=L2024-00074&P_PBLANC_ODR=1,KOICA-AREA-COST-READINESS-2.0,2026-08-01,19,1,0,0,0,0,1,1
128,2021-2025,2021-00111,L2024-00054-2,L2024-00054,2021-00111::L2024-00054,2024-11-13,엘살바도르,엘살바도르,엘살바도르 ITCA 공학교육역량 강화사업 감리사 선정 현지 재입찰,용역,DESIGN_OR_SUPERVISION_SERVICE,학교·교육시설,신축,76000.0,,"$ 76,000",788.12,GFA,AUTO_SELECTED_SINGLE_OR_TOTAL,AUTO_HIGH,L2024-00054-2/2. 영문 입찰서류 각 1부/INGLES/Section 2 - Bid Data Sheet (BDS)_ITCA Supervision_(20241108).docx,표 2 행 6,Gross Floor Area | 788.12 ㎡,788.12:GFA;750:AMBIGUOUS_AREA;639.2:SITE_AREA;750:QUALIFICATION;750:QUALIFICATION;750:QUALIFICATION,,SERVICE_OR_GOODS_CEILING,DESIGN_OR_SUPERVISION_SERVICE,NOT_APPLICABLE,,KOICA 입찰 상세페이지,집행한도금액(달러),,SCOPE_REJECTED,SERVICE_FEE_OR_MIXED,NO_MATCH,NO_MATCH,,,NO,X,X,V3_SCOPE_REVIEW,설계·감리·기타 용역 집행한도는 건축공사비가 아님,,0,,,,0,계산 금지,0,0,https://nebid.koica.go.kr/oep/lobi/localBidManageDetail.do?P_LOAZ_BID_PBLANC_NO=L2024-00054&P_PBLANC_ODR=2,KOICA-AREA-COST-READINESS-2.0,2026-08-01,9,0,0,0,0,0,1,0
129,2021-2025,2021-00104,L2024-00068-2,L2024-00068,2021-00104::L2024-00068,2024-11-14,코트디부아르,코트디부아르,[긴급] 코트디부아르 국립직업기술교육원 교사 ICT기반 교수역량강화사업 리모델링 공사,공사,WORKS,산업·직업훈련시설,리모델링·개보수,440000.0,,"$ 440,000",,AMBIGUOUS_OR_WORK_ITEM,NOT_APPLICABLE,MANUAL_REJECTED,L2024-00068-2/Section 6 - Scope of Work.docx,문단 391,방·벽·방수·도장 면적이 중첩되어 단일 GFA를 만들 수 없음,660:AMBIGUOUS_AREA;200:AMBIGUOUS_AREA;195.04:AMBIGUOUS_AREA;195.04:AMBIGUOUS_AREA;195.04:AMBIGUOUS_AREA;150.57:AMBIGUOUS_AREA;150.57:AMBIGUOUS_AREA;150.57:AMBIGUOUS_AREA;150.57:AMBIGUOUS_AREA;150.57:AMBIGUOUS_AREA;150:AMBIGUOUS_AREA;105.74:AMBIGUOUS_AREA,440000.0,NOTICE_EXECUTION_CEILING,PROCUREMENT_CEILING_ASSUMED_WORKS,UNKNOWN,,KOICA 입찰 상세페이지,집행한도금액(달러),,METADATA_PLUS_SCOPE_REVIEW,WORKS_CEILING,PARTIAL_SCOPE,PARTIAL_SCOPE,,,NO,U,U,V3_SCOPE_REVIEW,면적과 금액 범위가 부분·혼합되어 계산 금지,방·벽·방수·도장 면적이 중첩되어 단일 GFA를 만들 수 없음,0,,,,0,계산 금지,0,0,https://nebid.koica.go.kr/oep/lobi/localBidManageDetail.do?P_LOAZ_BID_PBLANC_NO=L2024-00068&P_PBLANC_ODR=2,KOICA-AREA-COST-READINESS-2.0,2026-08-01,47,1,0,0,0,0,1,1
130,2021-2025,2020-00023,L2024-00075-1,L2024-00075,2020-00023::L2024-00075,2024-11-20,라오스,라오스,라오스 남부 3개주 농촌종합개발사업 남부농촌개발연수원 공사,공사,WORKS,학교·교육시설,신축,624034.0,"\ 742,600,460","$ 624,034 (환율 : 1190)",700.0,GFA,SINGLE_OR_TOTAL,MANUAL_CURATED,L2024-00075-1/Section 2 - Bid Data Sheet_1120.pdf,페이지 5,"GFA 700㎡, Project Budget USD 624,034; 예정가격 USD 608,433.",700:GFA;700:BUILDING_OR_CONSTRUCTION_AREA;8069:SITE_AREA,624034.0,CONSTRUCTION_BUDGET,BUILDING_WORKS_OR_CURATED_CONSTRUCTION_BUDGET,SEE_SOURCE,,L2024-00075-1/Section 2 - Bid Data Sheet_1120.pdf,페이지 5,"GFA 700㎡, Project Budget USD 624,034; 예정가격 USD 608,433.",MANUAL_CURATED,WORKS_CEILING,MATCH,MATCH,891.4771428571429,0.0,NO,C,C,V3_CURATED_AREA_COST_RECHECK,동일/제한 범위 공사금액÷면적 스크리닝 근거,,1,A,BDS Project Budget,YES,0,초기 스크리닝만,0,1,https://nebid.koica.go.kr/oep/lobi/localBidManageDetail.do?P_LOAZ_BID_PBLANC_NO=L2024-00075&P_PBLANC_ODR=1,KOICA-AREA-COST-READINESS-2.0,2026-08-01,13,0,0,0,0,0,1,1
131,2021-2025,2022-00058,L2024-00076-1,L2024-00076,2022-00058::L2024-00076,2024-11-25,페루,페루,페루 쿠스코시 폐기물 통합관리 및 순환경제 구축사업 퇴비화 시범 플랜트 설계용역,공사,DESIGN_SERVICE,상하수·환경시설,미분류,52000.0,,"$ 52,000",,SITE_OR_FOOTPRINT_ONLY,NOT_APPLICABLE,MANUAL_REJECTED,L2024-00076-1/1. 페루 시험 퇴비화 플랜트 국문입찰공고문.hwp,문단 61,DB는 공사이나 실제 퇴비화 플랜트 설계용역; 대지·footprint만 확인,4283:BUILDING_OR_CONSTRUCTION_AREA;8200:SITE_AREA,,SERVICE_OR_GOODS_CEILING,DESIGN_SERVICE,NOT_APPLICABLE,,KOICA 입찰 상세페이지,집행한도금액(달러),,SCOPE_REJECTED,SERVICE_FEE_OR_MIXED,NO_MATCH,NO_MATCH,,,NO,X,X,V3_SCOPE_REVIEW,설계·감리·기타 용역 집행한도는 건축공사비가 아님,DB는 공사이나 실제 퇴비화 플랜트 설계용역; 대지·footprint만 확인,0,,,,0,계산 금지,0,0,https://nebid.koica.go.kr/oep/lobi/localBidManageDetail.do?P_LOAZ_BID_PBLANC_NO=L2024-00076&P_PBLANC_ODR=1,KOICA-AREA-COST-READINESS-2.0,2026-08-01,1,0,0,0,0,0,1,1
132,2021-2025,2020-00070,L2024-00078-1,L2024-00078,2020-00070::L2024-00078,2024-12-20,도미니카,도미니카,도미니카공화국 몬테 크리스티 직업훈련센터 (MVC) 시공사 선정,공사,WORKS,학교·교육시설,신축,1187000.0,"\ 1,543,100,000","$ 1,187,000 (환율 : 1300)",936.2,GFA,SINGLE_OR_TOTAL,MANUAL_CURATED,L2024-00078-1/Section 2 Bid data sheet_MVC Construction_v05_CLEAN.docx,표 2 행 7,"총연면적 936.20㎡; 상세페이지 집행한도 USD 1,187,000; 산출단가 USD 1,268/㎡.",1000:GFA;936.2:GFA;936.2:GFA;936.2:GFA;936.2:GFA;2228.75:AMBIGUOUS_AREA;2228.75:AMBIGUOUS_AREA;2282.82:SITE_AREA;2282.82:SITE_AREA;2282.82:SITE_AREA;2282.82:SITE_AREA;2339:WORK_ITEM_AREA,1187000.0,NOTICE_EXECUTION_CEILING,BUILDING_WORKS_OR_CURATED_CONSTRUCTION_BUDGET,SEE_SOURCE,,L2024-00078-1/Section 2 Bid data sheet_MVC Construction_v05_CLEAN.docx,표 2 행 7,"총연면적 936.20㎡; 상세페이지 집행한도 USD 1,187,000; 산출단가 USD 1,268/㎡.",MANUAL_CURATED,WORKS_CEILING,MATCH,MATCH,1267.8914761803032,,NO,B-부분,B,V3_ORIGINAL_MANUAL,몬테크리스티 직업훈련센터 899행 blank BOQ,,1,A,공사 입찰 집행한도,YES,1,현지단가 결합 수량모델,0,1,https://nebid.koica.go.kr/oep/lobi/localBidManageDetail.do?P_LOAZ_BID_PBLANC_NO=L2024-00078&P_PBLANC_ODR=1,KOICA-AREA-COST-READINESS-2.0,2026-08-01,24,1,0,1,0,0,1,1
133,2021-2025,2023-00052,L2024-00079-1,L2024-00079,2023-00052::L2024-00079,2024-12-23,네팔,네팔,네팔 포카라시 리사이클/업사이클 플랫폼 및 친환경 시범마을 구축을 통한 녹색일자리 창출사업(23~29/980만불) 시공업체 선정,공사,WORKS,기타·미분류,미분류,3534542.0,"\ 4,594,904,600","$ 3,534,542 (환율 : 1300)",4996.62,GFA,SINGLE_OR_TOTAL,MANUAL_CURATED,L2024-00079-1/2. 포카라시 녹색일자리 창출사업 시공사 선정 BID DOCUMENTS(영문)_241217.docx,표 5 행 8,"총연면적 4,996.62㎡(지하 1층 포함); 첨부 추정가격 USD 3,446,170(약 USD 690/㎡), 상세페이지 집행한도 USD 3,534,542(약 USD 707/㎡); VAT 제외.",4996.62:GFA,3534542.0,NOTICE_EXECUTION_CEILING,BUILDING_WORKS_OR_CURATED_CONSTRUCTION_BUDGET,SEE_SOURCE,"산업시설·지하 1층 포함; 첨부 추정가격 USD 3,446,170과 상세페이지 집행한도 USD 3,534,542가 상이; VAT 제외",L2024-00079-1/2. 포카라시 녹색일자리 창출사업 시공사 선정 BID DOCUMENTS(영문)_241217.docx,표 5 행 8,"총연면적 4,996.62㎡(지하 1층 포함); 첨부 추정가격 USD 3,446,170(약 USD 690/㎡), 상세페이지 집행한도 USD 3,534,542(약 USD 707/㎡); VAT 제외.",MANUAL_CURATED,WORKS_CEILING,MATCH,MATCH,707.3865933370959,,NO,C,C,V3_CURATED_AREA_COST_RECHECK,동일/제한 범위 공사금액÷면적 스크리닝 근거,,1,A,공사 입찰 집행한도,YES,0,초기 스크리닝만,0,1,https://nebid.koica.go.kr/oep/lobi/localBidManageDetail.do?P_LOAZ_BID_PBLANC_NO=L2024-00079&P_PBLANC_ODR=1,KOICA-AREA-COST-READINESS-2.0,2026-08-01,1,0,0,0,0,0,1,1
134,2021-2025,2022-00079,L2025-00002-1,L2025-00002,2022-00079::L2025-00002,2025-01-10,인도네시아,인도네시아,인도네시아 사이버보안 훈련센터 신축공사 시공사 선정,공사,WORKS,산업·직업훈련시설,신축,2361000.0,,"$ 2,361,000",2457.53,GFA,SINGLE_OR_TOTAL,MANUAL_CURATED,L2025-00002-1/Section 2 - Bid Data Sheet_Final.docx,표 4 행 8,"총연면적 2,457.53㎡; 상세페이지 집행한도 USD 2,361,000; 산출단가 USD 961/㎡.",2457.53:GFA;2457.53:GFA;929.58:BUILDING_OR_CONSTRUCTION_AREA;929.58:BUILDING_OR_CONSTRUCTION_AREA;2571:SITE_AREA,2361000.0,NOTICE_EXECUTION_CEILING,BUILDING_WORKS_OR_CURATED_CONSTRUCTION_BUDGET,SEE_SOURCE,,L2025-00002-1/Section 2 - Bid Data Sheet_Final.docx,표 4 행 8,"총연면적 2,457.53㎡; 상세페이지 집행한도 USD 2,361,000; 산출단가 USD 961/㎡.",MANUAL_CURATED,WORKS_CEILING,MATCH,MATCH,960.7207236534243,,NO,C,C,V3_CURATED_AREA_COST_RECHECK,동일/제한 범위 공사금액÷면적 스크리닝 근거,,1,A,공사 입찰 집행한도,YES,0,초기 스크리닝만,0,1,https://nebid.koica.go.kr/oep/lobi/localBidManageDetail.do?P_LOAZ_BID_PBLANC_NO=L2025-00002&P_PBLANC_ODR=1,KOICA-AREA-COST-READINESS-2.0,2026-08-01,12,0,0,0,0,0,1,1
135,2021-2025,2021-00126,L2025-00008-1,L2025-00008,2021-00126::L2025-00008,2025-02-14,케냐,케냐,케냐 카지아도주 보건시스템 강화를 위한 모성 및 신생아 보건 개선사업 시공,공사,WORKS,기타·미분류,미분류,555810.0,,"$ 555,810",404.94,GFA,SINGLE_OR_TOTAL,MANUAL_CURATED,L2025-00008-1/Tender document full set_Kajiado_0219 rev/Section 2 - Bid Data Sheet (eng)_0219.docx,표 4 행 8,"총연면적 404.94㎡; 상세페이지 집행한도 USD 555,810; 산출단가 USD 1,373/㎡.",134.98:GFA;404.94:GFA;404.94:BUILDING_OR_CONSTRUCTION_AREA;106.8:BUILDING_OR_CONSTRUCTION_AREA;16.1:BUILDING_OR_CONSTRUCTION_AREA;12.08:BUILDING_OR_CONSTRUCTION_AREA,555810.0,NOTICE_EXECUTION_CEILING,BUILDING_WORKS_OR_CURATED_CONSTRUCTION_BUDGET,SEE_SOURCE,,L2025-00008-1/Tender document full set_Kajiado_0219 rev/Section 2 - Bid Data Sheet (eng)_0219.docx,표 4 행 8,"총연면적 404.94㎡; 상세페이지 집행한도 USD 555,810; 산출단가 USD 1,373/㎡.",MANUAL_CURATED,WORKS_CEILING,MATCH,MATCH,1372.573714624389,,NO,C,C,V3_CURATED_AREA_COST_RECHECK,동일/제한 범위 공사금액÷면적 스크리닝 근거,,1,A,공사 입찰 집행한도,YES,0,초기 스크리닝만,0,1,https://nebid.koica.go.kr/oep/lobi/localBidManageDetail.do?P_LOAZ_BID_PBLANC_NO=L2025-00008&P_PBLANC_ODR=1,KOICA-AREA-COST-READINESS-2.0,2026-08-01,12,0,0,0,0,0,1,1
136,2021-2025,2020-00024,L2025-00019-1,L2025-00019,2020-00024::L2025-00019,2025-02-25,가나,가나,"가나 관개지구 공사(아베이만, 아세이만 관개시설 토목공사 및 태양광,양수장 설치 공사)",공사,NONBUILDING_OR_FALSE_AREA,농업시설,리모델링·개보수,2028932.0,"\ 2,799,926,160","$ 2,028,932 (환율 : 1380)",,AMBIGUOUS_OR_WORK_ITEM,NOT_APPLICABLE,MANUAL_REJECTED,L2025-00019-1/3. 입찰 관련 자료/3. 입찰 관련 자료/5-1. 시방서_아샤이만.pdf,페이지 246,도장 샘플 면적과 소화기 이동거리 OCR값이며 관개공사 GFA가 아님,20:AMBIGUOUS_AREA;20:AMBIGUOUS_AREA;9.2:WORK_ITEM_AREA;9.2:WORK_ITEM_AREA,,SERVICE_OR_GOODS_CEILING,NONBUILDING_OR_FALSE_AREA,NOT_APPLICABLE,,KOICA 입찰 상세페이지,집행한도금액(달러),,SCOPE_REJECTED,WORKS_CEILING,NO_MATCH,NO_MATCH,,,NO,X,X,V3_SCOPE_REVIEW,물품·비건축 또는 GFA 오탐으로 건축공사비 표본 제외,도장 샘플 면적과 소화기 이동거리 OCR값이며 관개공사 GFA가 아님,0,,,,0,계산 금지,0,0,https://nebid.koica.go.kr/oep/lobi/localBidManageDetail.do?P_LOAZ_BID_PBLANC_NO=L2025-00019&P_PBLANC_ODR=1,KOICA-AREA-COST-READINESS-2.0,2026-08-01,15,2,2,2,0,0,1,1
137,2021-2025,2013-00064,L2025-00012-1,L2025-00012,2013-00064::L2025-00012,2025-02-28,볼리비아,볼리비아,볼리비아 고원 지역 농업 기계화 및 농민역량 강화를 통한 생산성 증대 사업 퀴노아 연구센터 차칼라 건립 공사 시공사 선정 현지 입찰,공사,WORKS,농업시설,신축,98954.0,,"$ 98,954",1000.0,GFA,AUTO_SELECTED_SINGLE_OR_TOTAL,AUTO_HIGH,L2025-00012-1/(붙임2) 입찰 관련 부속서류/Q-Lab_Chacala_Bidding Doc/Attachment02_KOICA Bidding Regulations and Guidelines/Attachment 5. KOICA Safety Management Manual(ENG).pdf,페이지 6,"ruction Technology Promotion Act. 1) Projects containing constructions with a budget of USD 1 million or more or with a gross floor area of 1,000 m² or more 2) Construction projects other than those in Paragraph 1 abov",1000:GFA;87.22:GFA;87.22:GFA;87.22:GFA;50:AMBIGUOUS_AREA;868.59:SITE_AREA;868.59:SITE_AREA;868.59:SITE_AREA;1:WORK_ITEM_AREA;1:WORK_ITEM_AREA;0.1:WORK_ITEM_AREA;0.1:WORK_ITEM_AREA,98954.0,NOTICE_EXECUTION_CEILING,PROCUREMENT_CEILING_ASSUMED_WORKS,UNKNOWN,,KOICA 입찰 상세페이지,집행한도금액(달러),,METADATA_PLUS_SCOPE_REVIEW,WORKS_CEILING,MATCH,MATCH,98.954,,NO,B,B,V3_ORIGINAL_MANUAL,건축·구조·전기·위생·조경 blank BOQ 수동검증,,0,,,,1,현지단가 결합 수량모델,0,0,https://nebid.koica.go.kr/oep/lobi/localBidManageDetail.do?P_LOAZ_BID_PBLANC_NO=L2025-00012&P_PBLANC_ODR=1,KOICA-AREA-COST-READINESS-2.0,2026-08-01,57,6,0,3,0,0,0,0
138,2021-2025,2020-00070,L2025-00007-1,L2025-00007,2020-00070::L2025-00007,2025-03-03,도미니카,도미니카,도미니카공화국 몬테 크리스티 직업훈련센터 (MVC) 감리사 선정,용역,DESIGN_OR_SUPERVISION_SERVICE,학교·교육시설,신축,83100.0,,"$ 83,100",936.2,GFA,AUTO_SELECTED_SINGLE_OR_TOTAL,AUTO_HIGH,L2025-00007-1/붙임 1. 입찰 계획서(국문).hwp,문단 82,ㅇ 연면적: 936.2㎡,936.2:GFA;936.2:GFA;840:AMBIGUOUS_AREA;2282.82:SITE_AREA;2282.82:SITE_AREA;840:QUALIFICATION;840:QUALIFICATION;840:QUALIFICATION;840:QUALIFICATION;840:QUALIFICATION;840:QUALIFICATION;840:QUALIFICATION,,SERVICE_OR_GOODS_CEILING,DESIGN_OR_SUPERVISION_SERVICE,NOT_APPLICABLE,,KOICA 입찰 상세페이지,집행한도금액(달러),,SCOPE_REJECTED,SERVICE_FEE_OR_MIXED,NO_MATCH,NO_MATCH,,,NO,X,X,V3_SCOPE_REVIEW,설계·감리·기타 용역 집행한도는 건축공사비가 아님,,0,,,,0,계산 금지,0,0,https://nebid.koica.go.kr/oep/lobi/localBidManageDetail.do?P_LOAZ_BID_PBLANC_NO=L2025-00007&P_PBLANC_ODR=1,KOICA-AREA-COST-READINESS-2.0,2026-08-01,10,0,0,0,0,0,0,0
139,2021-2025,2017-14639,L2025-00009-1,L2025-00009,2017-14639::L2025-00009,2025-03-03,페루,페루,페루 제3 한·페 의료센터 건립사업 리모델링 설계용역 입찰,용역,DESIGN_OR_SUPERVISION_SERVICE,병원,리모델링·개보수,130000.0,,"$ 130,000",1656.9,GFA,AUTO_SELECTED_SINGLE_OR_TOTAL,AUTO_HIGH,L2025-00009-1/(붙임3) 입찰제반서류_공고문/Section 4 - Terms of Reference (TOR)_Peru San Juan Health Center_250303.docx,문단 25,"Gross floor area: 1,656.90 ㎡",1656.9:GFA;1656.9:BUILDING_OR_CONSTRUCTION_AREA;1656.9:BUILDING_OR_CONSTRUCTION_AREA;2709.96:SITE_AREA;2709.96:SITE_AREA;2709.96:SITE_AREA;2709.96:SITE_AREA;1656.9:SITE_AREA,,SERVICE_OR_GOODS_CEILING,DESIGN_OR_SUPERVISION_SERVICE,NOT_APPLICABLE,,KOICA 입찰 상세페이지,집행한도금액(달러),,SCOPE_REJECTED,SERVICE_FEE_OR_MIXED,NO_MATCH,NO_MATCH,,,NO,X,X,V3_SCOPE_REVIEW,설계·감리·기타 용역 집행한도는 건축공사비가 아님,,0,,,,0,계산 금지,0,0,https://nebid.koica.go.kr/oep/lobi/localBidManageDetail.do?P_LOAZ_BID_PBLANC_NO=L2025-00009&P_PBLANC_ODR=1,KOICA-AREA-COST-READINESS-2.0,2026-08-01,16,0,0,0,0,0,1,0
140,2021-2025,2022-00598,L2025-00011-1,L2025-00011,2022-00598::L2025-00011,2025-03-08,파키스탄,파키스탄,파키스탄 국립섬유대학 산업용 섬유센터 설립사업 2차사업 공사,공사,WORKS,산업·직업훈련시설,미분류,1964270.0,,"$ 1,964,270",1000.0,GFA,AUTO_SELECTED_SINGLE_OR_TOTAL,AUTO_HIGH,L2025-00011-1/2. 영문 입찰서류(수정)/Section 8.1 - KOICA Safety Management Manual(ENG).pdf,페이지 6,"ruction Technology Promotion Act. 1) Projects containing constructions with a budget of USD 1 million or more or with a gross floor area of 1,000 m² or more 2) Construction projects other than those in Paragraph 1 abov",1000:GFA;1000:GFA;2554:GFA;2554:GFA;1980:BUILDING_OR_CONSTRUCTION_AREA;1980:BUILDING_OR_CONSTRUCTION_AREA,1964270.0,NOTICE_EXECUTION_CEILING,PROCUREMENT_CEILING_ASSUMED_WORKS,UNKNOWN,,KOICA 입찰 상세페이지,집행한도금액(달러),,METADATA_PLUS_SCOPE_REVIEW,WORKS_CEILING,MATCH,MATCH,1964.27,,NO,C?,C?,V2R_HUMAN_REVIEWED_EXTRACTION,범위 일치 잠정확인; 원본 V3 확인 전 직접 사용 금지,,0,,,,0,초기 스크리닝만,0,0,https://nebid.koica.go.kr/oep/lobi/localBidManageDetail.do?P_LOAZ_BID_PBLANC_NO=L2025-00011&P_PBLANC_ODR=1,KOICA-AREA-COST-READINESS-2.0,2026-08-01,34,0,0,0,0,0,1,0
141,2021-2025,2022-00598,L2025-00014-1,L2025-00014,2022-00598::L2025-00014,2025-03-15,파키스탄,파키스탄,파키스탄 국립섬유대학 산업용 섬유센터 설립사업 2차사업 감리용역,용역,DESIGN_OR_SUPERVISION_SERVICE,산업·직업훈련시설,미분류,60000.0,"\ 82,800,000","$ 60,000 (환율 : 1380)",2554.0,GFA,AUTO_SELECTED_SINGLE_OR_TOTAL,AUTO_HIGH,L2025-00014-1/Section 8-Special Conditions of Contract-게시.docx,표 1 행 2,", Faisalabad * Construction Supervision Service : -Building :2 Main Buildings (Academic, Laboratory) and ther annexes. - Total Floor Area : 2,554 M2",2554:GFA;2554:GFA;1980:BUILDING_OR_CONSTRUCTION_AREA,,SERVICE_OR_GOODS_CEILING,DESIGN_OR_SUPERVISION_SERVICE,NOT_APPLICABLE,,KOICA 입찰 상세페이지,집행한도금액(달러),,SCOPE_REJECTED,SERVICE_FEE_OR_MIXED,NO_MATCH,NO_MATCH,,,NO,X,X,V3_SCOPE_REVIEW,설계·감리·기타 용역 집행한도는 건축공사비가 아님,,0,,,,0,계산 금지,0,0,https://nebid.koica.go.kr/oep/lobi/localBidManageDetail.do?P_LOAZ_BID_PBLANC_NO=L2025-00014&P_PBLANC_ODR=1,KOICA-AREA-COST-READINESS-2.0,2026-08-01,16,1,1,1,0,0,1,0
142,2021-2025,2021-00016,L2025-00018-1,L2025-00018,2021-00016::L2025-00018,2025-04-02,가나,가나,가나대학교 한-가나 연구 및 ICT 혁신센터 건립사업 공사,공사,WORKS,학교·교육시설,신축,4333427.0,"\ 5,980,129,260","$ 4,333,427 (환율 : 1380)",2684.36,GFA,SINGLE_OR_TOTAL,MANUAL_CURATED,L2025-00018-1/1-2. Bid Data Sheet _영문.docx,표 4 행 8,"총연면적 2,684.36㎡; 상세페이지 집행한도 USD 4,333,427; 산출단가 USD 1,614/㎡.",4100:AMBIGUOUS_AREA;2684.36:AMBIGUOUS_AREA;940.41:AMBIGUOUS_AREA,4333427.0,NOTICE_EXECUTION_CEILING,BUILDING_WORKS_OR_CURATED_CONSTRUCTION_BUDGET,SEE_SOURCE,,L2025-00018-1/1-2. Bid Data Sheet _영문.docx,표 4 행 8,"총연면적 2,684.36㎡; 상세페이지 집행한도 USD 4,333,427; 산출단가 USD 1,614/㎡.",MANUAL_CURATED,WORKS_CEILING,MATCH,MATCH,1614.3240846980284,,NO,A,A,V3_ORIGINAL_MANUAL,가격 있는 설계 BOQ 수량·단가·금액 수동검증,,1,A,공사 입찰 집행한도,YES,1,품목·검증범위 산정,1,1,https://nebid.koica.go.kr/oep/lobi/localBidManageDetail.do?P_LOAZ_BID_PBLANC_NO=L2025-00018&P_PBLANC_ODR=1,KOICA-AREA-COST-READINESS-2.0,2026-08-01,4,1,0,1,1,0,1,1
143,2021-2025,2020-00048,L2025-00021-1,L2025-00021,2020-00048::L2025-00021,2025-04-02,세네갈,세네갈,세네갈 미곡가치사슬 2차사업 미곡종합처리장(RPC)/농기계 서비스센터 건축시공 감리용역 입찰,용역,DESIGN_OR_SUPERVISION_SERVICE,농업시설,신축,100000.0,"\ 138,000,000","$ 100,000 (환율 : 1380)",4951.0,GFA,AUTO_SELECTED_SINGLE_OR_TOTAL,AUTO_HIGH,L2025-00021-1/2. (세네갈) 입찰서류 일체/2. (세네갈) 입찰서류 일체/Section 2 - Bid Data Sheet (BDS)_최종수정(250321).docx,표 5 행 6,"- Gross floor area | 4,951 ㎡",4951:GFA;20000:AMBIGUOUS_AREA;4951:AMBIGUOUS_AREA;20000:SITE_AREA,,SERVICE_OR_GOODS_CEILING,DESIGN_OR_SUPERVISION_SERVICE,NOT_APPLICABLE,,KOICA 입찰 상세페이지,집행한도금액(달러),,SCOPE_REJECTED,SERVICE_FEE_OR_MIXED,NO_MATCH,NO_MATCH,,,NO,X,X,V3_SCOPE_REVIEW,설계·감리·기타 용역 집행한도는 건축공사비가 아님,,0,,,,0,계산 금지,0,0,https://nebid.koica.go.kr/oep/lobi/localBidManageDetail.do?P_LOAZ_BID_PBLANC_NO=L2025-00021&P_PBLANC_ODR=1,KOICA-AREA-COST-READINESS-2.0,2026-08-01,18,0,0,0,0,0,1,0
144,2021-2025,2018-56501,L2025-00016-1,L2025-00016,2018-56501::L2025-00016,2025-04-09,모잠비크,모잠비크,모잠비크 마톨라 산업학교 역량강화사업 사후지원 보수 공사,공사,WORKS,학교·교육시설,리모델링·개보수,230586.0,"\ 338,961,420","$ 230,586 (환율 : 1470)",15500.0,GFA,AUTO_SELECTED_SINGLE_OR_TOTAL,AUTO_HIGH,L2025-00016-1/Section 2 - Bid Data Sheet (eng).docx,표 4 행 8,"- Gross floor area | App. 15,500m2",15500:GFA;7030:BUILDING_OR_CONSTRUCTION_AREA;5480:BUILDING_OR_CONSTRUCTION_AREA,230586.0,NOTICE_EXECUTION_CEILING,PROCUREMENT_CEILING_ASSUMED_WORKS,UNKNOWN,,KOICA 입찰 상세페이지,집행한도금액(달러),,METADATA_PLUS_SCOPE_REVIEW,WORKS_CEILING,PARTIAL_SCOPE,PARTIAL_SCOPE,14.876516129032257,,NO,C?-부분,C?,V2R_HUMAN_REVIEWED_EXTRACTION,범위 일치 잠정확인; 원본 V3 확인 전 직접 사용 금지,"캠퍼스 GFA 15,500㎡ 대비 공사는 조명·창살·경비실·지붕·화장실 일부 보수",0,,,,0,초기 스크리닝만,0,0,https://nebid.koica.go.kr/oep/lobi/localBidManageDetail.do?P_LOAZ_BID_PBLANC_NO=L2025-00016&P_PBLANC_ODR=1,KOICA-AREA-COST-READINESS-2.0,2026-08-01,24,1,0,1,0,0,0,0
145,2021-2025,2020-00070,L2025-00007-2,L2025-00007,2020-00070::L2025-00007,2025-04-11,도미니카,도미니카,도미니카공화국 몬테 크리스티 직업훈련센터 (MVC) 감리사 선정,용역,DESIGN_OR_SUPERVISION_SERVICE,학교·교육시설,신축,83100.0,,"$ 83,100",936.2,GFA,AUTO_SELECTED_SINGLE_OR_TOTAL,AUTO_HIGH,L2025-00007-2/붙임 1. 입찰 계획서(국문).hwp,문단 82,ㅇ 연면적: 936.2㎡,936.2:GFA;936.2:GFA;840:AMBIGUOUS_AREA;2282.82:SITE_AREA;2282.82:SITE_AREA;840:QUALIFICATION;840:QUALIFICATION;840:QUALIFICATION;840:QUALIFICATION;840:QUALIFICATION;840:QUALIFICATION;840:QUALIFICATION,,SERVICE_OR_GOODS_CEILING,DESIGN_OR_SUPERVISION_SERVICE,NOT_APPLICABLE,,KOICA 입찰 상세페이지,집행한도금액(달러),,SCOPE_REJECTED,SERVICE_FEE_OR_MIXED,NO_MATCH,NO_MATCH,,,NO,X,X,V3_SCOPE_REVIEW,설계·감리·기타 용역 집행한도는 건축공사비가 아님,,0,,,,0,계산 금지,0,0,https://nebid.koica.go.kr/oep/lobi/localBidManageDetail.do?P_LOAZ_BID_PBLANC_NO=L2025-00007&P_PBLANC_ODR=2,KOICA-AREA-COST-READINESS-2.0,2026-08-01,11,0,0,0,0,0,1,0
146,2021-2025,2017-14639,L2025-00025-1,L2025-00025,2017-14639::L2025-00025,2025-04-23,페루,페루,페루 제3 한·페 의료센터 건립사업 리모델링 설계용역 입찰(재공고),용역,DESIGN_OR_SUPERVISION_SERVICE,병원,리모델링·개보수,130000.0,,"$ 130,000",1656.9,GFA,AUTO_SELECTED_SINGLE_OR_TOTAL,AUTO_HIGH,L2025-00025-1/Attach02_(붙임2) 입찰제반서류_공고문/Section 4 - Terms of Reference (TOR)_Peru San Juan Health Center_250303.docx,문단 25,"Gross floor area: 1,656.90 ㎡",1656.9:GFA;1656.9:BUILDING_OR_CONSTRUCTION_AREA;2709.96:SITE_AREA;2709.96:SITE_AREA;2709.96:SITE_AREA;1656.9:SITE_AREA,,SERVICE_OR_GOODS_CEILING,DESIGN_OR_SUPERVISION_SERVICE,NOT_APPLICABLE,,KOICA 입찰 상세페이지,집행한도금액(달러),,SCOPE_REJECTED,SERVICE_FEE_OR_MIXED,NO_MATCH,NO_MATCH,,,NO,X,X,V3_SCOPE_REVIEW,설계·감리·기타 용역 집행한도는 건축공사비가 아님,,0,,,,0,계산 금지,0,0,https://nebid.koica.go.kr/oep/lobi/localBidManageDetail.do?P_LOAZ_BID_PBLANC_NO=L2025-00025&P_PBLANC_ODR=1,KOICA-AREA-COST-READINESS-2.0,2026-08-01,14,0,0,0,0,0,1,1
147,2021-2025,2020-00070,L2025-00010-1,L2025-00010,2020-00070::L2025-00010,2025-04-30,도미니카,도미니카,도미니카공화국 여성 중심 취약계층 사회경제적 역량강화사업 하이나 직업훈련센터 리모델링 설계용역,용역,DESIGN_OR_SUPERVISION_SERVICE,학교·교육시설,리모델링·개보수,89787.0,"\ 123,906,060","$ 89,787 (환율 : 1380)",750.0,GFA,AUTO_SELECTED_SINGLE_OR_TOTAL,AUTO_HIGH,L2025-00010-1/붙임 1. 입찰 계획서_하이나 리모델링_fin.hwp,문단 72,"대지면적 721m2, 연면적 750m2",750:GFA;721:SITE_AREA,,SERVICE_OR_GOODS_CEILING,DESIGN_OR_SUPERVISION_SERVICE,NOT_APPLICABLE,,KOICA 입찰 상세페이지,집행한도금액(달러),,SCOPE_REJECTED,SERVICE_FEE_OR_MIXED,NO_MATCH,NO_MATCH,,,NO,X,X,V3_SCOPE_REVIEW,설계·감리·기타 용역 집행한도는 건축공사비가 아님,,0,,,,0,계산 금지,0,0,https://nebid.koica.go.kr/oep/lobi/localBidManageDetail.do?P_LOAZ_BID_PBLANC_NO=L2025-00010&P_PBLANC_ODR=1,KOICA-AREA-COST-READINESS-2.0,2026-08-01,12,0,0,0,0,0,1,0
148,2021-2025,2013-00064,L2025-00012-2,L2025-00012,2013-00064::L2025-00012,2025-05-09,볼리비아,볼리비아,볼리비아 고원 지역 농업 기계화 및 농민역량 강화를 통한 생산성 증대 사업 퀴노아 연구센터 차칼라 건립 공사 시공사 선정 현지 입찰 재공고,공사,WORKS,농업시설,신축,98954.0,,"$ 98,954",87.22,GFA,SINGLE_OR_TOTAL,MANUAL_CURATED,L2025-00012-2/(붙임1-2) 영문입찰계획서_Q-Lab_Chacala_Bid Data Sheet (BDS)_20250502.docx,표 3 행 7,"총연면적 87.22㎡; 상세페이지 집행한도 USD 98,954; 산출단가 USD 1,135/㎡.",1000:GFA;87.22:GFA;87.22:GFA;87.22:GFA;50:AMBIGUOUS_AREA;868.59:SITE_AREA;868.59:SITE_AREA;868.59:SITE_AREA;1:WORK_ITEM_AREA;1:WORK_ITEM_AREA;0.1:WORK_ITEM_AREA;0.1:WORK_ITEM_AREA,98954.0,NOTICE_EXECUTION_CEILING,BUILDING_WORKS_OR_CURATED_CONSTRUCTION_BUDGET,SEE_SOURCE,소규모 공사의 고정비 영향,L2025-00012-2/(붙임1-2) 영문입찰계획서_Q-Lab_Chacala_Bid Data Sheet (BDS)_20250502.docx,표 3 행 7,"총연면적 87.22㎡; 상세페이지 집행한도 USD 98,954; 산출단가 USD 1,135/㎡.",MANUAL_CURATED,WORKS_CEILING,MATCH,MATCH,1134.5333639073608,,NO,B,B,V3_ORIGINAL_MANUAL,재공고의 동일 차칼라 blank BOQ; 한 표본으로 처리,,1,B,공사 입찰 집행한도,YES,1,현지단가 결합 수량모델,0,1,https://nebid.koica.go.kr/oep/lobi/localBidManageDetail.do?P_LOAZ_BID_PBLANC_NO=L2025-00012&P_PBLANC_ODR=2,KOICA-AREA-COST-READINESS-2.0,2026-08-01,57,6,0,3,0,0,1,1
149,2021-2025,2018-56501,L2025-00016-2,L2025-00016,2018-56501::L2025-00016,2025-05-29,모잠비크,모잠비크,(재공고) 모잠비크 마톨라 산업학교 역량강화사업 사후지원 보수 공사,공사,WORKS,학교·교육시설,리모델링·개보수,230586.0,"\ 338,961,420","$ 230,586 (환율 : 1470)",15500.0,FACILITY_OR_CAMPUS_AREA,SINGLE_OR_TOTAL,MANUAL_CURATED,L2025-00016-2/Section 2 - Bid Data Sheet (eng).docx,표 4 행 8,"대상 캠퍼스 면적 15,500.00㎡; 상세페이지 집행한도 USD 230,586; 산출단가 USD 15/㎡.",15500:GFA;7030:BUILDING_OR_CONSTRUCTION_AREA;5480:BUILDING_OR_CONSTRUCTION_AREA,230586.0,NOTICE_EXECUTION_CEILING,BUILDING_WORKS_OR_CURATED_CONSTRUCTION_BUDGET,SEE_SOURCE,부분 보수 총액으로 신축단가와 비교 불가,L2025-00016-2/Section 2 - Bid Data Sheet (eng).docx,표 4 행 8,"대상 캠퍼스 면적 15,500.00㎡; 상세페이지 집행한도 USD 230,586; 산출단가 USD 15/㎡.",MANUAL_CURATED,WORKS_CEILING,PARTIAL_SCOPE,PARTIAL_SCOPE,14.876516129032257,,NO,C-부분,C,V3_CURATED_AREA_COST_RECHECK,동일/제한 범위 공사금액÷면적 스크리닝 근거,"캠퍼스 GFA 15,500㎡ 대비 공사는 조명·창살·경비실·지붕·화장실 일부 보수",1,C,공사 입찰 집행한도,YES,0,초기 스크리닝만,0,1,https://nebid.koica.go.kr/oep/lobi/localBidManageDetail.do?P_LOAZ_BID_PBLANC_NO=L2025-00016&P_PBLANC_ODR=2,KOICA-AREA-COST-READINESS-2.0,2026-08-01,27,1,0,1,0,0,1,1
150,2021-2025,2024-00015,L2025-00036-1,L2025-00036,2024-00015::L2025-00036,2025-05-30,캄보디아,캄보디아,캄보디아 당까오 후송병원 공공의료서비스 개선사업 병원신축 설계감리용역,용역,DESIGN_OR_SUPERVISION_SERVICE,병원,신축,500000.0,,"$ 500,000",3700.0,GFA,SINGLE_OR_TOTAL,MANUAL_CURATED,L2025-00036-1/붙임2. 입찰서류 영문본 일체/Section 6 - Related Project Information of RFP.pdf,페이지 3,"3층, GFA 3,700㎡, Construction Cost USD 6.6 million.",3700:GFA;3700:GFA;3700:GFA;3700:GFA;4750:AMBIGUOUS_AREA;3700:AMBIGUOUS_AREA;3700:AMBIGUOUS_AREA;1900:AMBIGUOUS_AREA;5233:SITE_AREA;5233:SITE_AREA;5233:SITE_AREA;5233:SITE_AREA,6600000.0,DESIGN_ESTIMATE,BUILDING_WORKS_OR_CURATED_CONSTRUCTION_BUDGET,SEE_SOURCE,,L2025-00036-1/붙임2. 입찰서류 영문본 일체/Section 6 - Related Project Information of RFP.pdf,페이지 3,"3층, GFA 3,700㎡, Construction Cost USD 6.6 million.",MANUAL_CURATED,SERVICE_FEE_OR_MIXED,NO_MATCH,MATCH_ATTACHMENT_CONSTRUCTION_BUDGET,1783.7837837837837,,NO,C,C,V3_CURATED_AREA_COST_RECHECK,동일/제한 범위 공사금액÷면적 스크리닝 근거,,1,A,심층기획조사 결과 추정공사비,YES,0,초기 스크리닝만,0,1,https://nebid.koica.go.kr/oep/lobi/localBidManageDetail.do?P_LOAZ_BID_PBLANC_NO=L2025-00036&P_PBLANC_ODR=1,KOICA-AREA-COST-READINESS-2.0,2026-08-01,19,0,0,0,0,0,1,1
151,2021-2025,2020-00070,L2025-00038-1,L2025-00038,2020-00070::L2025-00038,2025-06-09,도미니카,도미니카,도미니카공화국 몬테 크리스티 직업훈련센터 (MVC) 감리사 선정,용역,DESIGN_OR_SUPERVISION_SERVICE,학교·교육시설,신축,94880.0,"\ 130,934,400","$ 94,880 (환율 : 1380)",936.2,GFA,AUTO_SELECTED_SINGLE_OR_TOTAL,AUTO_HIGH,L2025-00038-1/MVC (긴급) 입찰 계획서(국문)_20250526.hwp,문단 84,ㅇ 연면적: 936.2㎡,936.2:GFA;936.2:GFA;840:AMBIGUOUS_AREA;2282.82:SITE_AREA;2282.82:SITE_AREA;840:QUALIFICATION;840:QUALIFICATION;840:QUALIFICATION;840:QUALIFICATION;840:QUALIFICATION;840:QUALIFICATION;840:QUALIFICATION,,SERVICE_OR_GOODS_CEILING,DESIGN_OR_SUPERVISION_SERVICE,NOT_APPLICABLE,,KOICA 입찰 상세페이지,집행한도금액(달러),,SCOPE_REJECTED,SERVICE_FEE_OR_MIXED,NO_MATCH,NO_MATCH,,,NO,X,X,V3_SCOPE_REVIEW,설계·감리·기타 용역 집행한도는 건축공사비가 아님,,0,,,,0,계산 금지,0,0,https://nebid.koica.go.kr/oep/lobi/localBidManageDetail.do?P_LOAZ_BID_PBLANC_NO=L2025-00038&P_PBLANC_ODR=1,KOICA-AREA-COST-READINESS-2.0,2026-08-01,9,0,0,0,0,0,1,0
152,2021-2025,2023-00087,L2025-00045-1,L2025-00045,2023-00087::L2025-00045,2025-06-15,이라크,이라크,“이라크 쿠르드 지역학교 내 난민통합교육 강화사업” 선도학교 및 교사연수센터 신축을 위한 설계 및 시공감리 업체 선정,용역,DESIGN_OR_SUPERVISION_SERVICE,학교·교육시설,신축,411000.0,"\ 575,400,000","$ 411,000 (환율 : 1400)",6000.0,GFA,AUTO_SELECTED_SINGLE_OR_TOTAL,AUTO_HIGH,L2025-00045-1/붙임3. 입찰서류(영문) 일체/Section 2 - Bid Data Sheet (BDS).docx,표 5 행 3,"ist of the services for the construction of the project mentioned below: - New Construction of a Model School in Daratoo : Total Floor Area 6 , 000 M2. 42 class rooms . The Project site area is 27 , 500 M2 - New Construc",6000:GFA;750:GFA;6000:BUILDING_OR_CONSTRUCTION_AREA;750:BUILDING_OR_CONSTRUCTION_AREA;500:BUILDING_OR_CONSTRUCTION_AREA;27500:SITE_AREA;27500:SITE_AREA;5400:SITE_AREA;5400:SITE_AREA,,SERVICE_OR_GOODS_CEILING,DESIGN_OR_SUPERVISION_SERVICE,NOT_APPLICABLE,,KOICA 입찰 상세페이지,집행한도금액(달러),,SCOPE_REJECTED,SERVICE_FEE_OR_MIXED,NO_MATCH,NO_MATCH,,,NO,X,X,V3_SCOPE_REVIEW,설계·감리·기타 용역 집행한도는 건축공사비가 아님,,0,,,,0,계산 금지,0,0,https://nebid.koica.go.kr/oep/lobi/localBidManageDetail.do?P_LOAZ_BID_PBLANC_NO=L2025-00045&P_PBLANC_ODR=1,KOICA-AREA-COST-READINESS-2.0,2026-08-01,21,0,0,0,0,0,0,0
153,2021-2025,2022-00598,L2025-00047-1,L2025-00047,2022-00598::L2025-00047,2025-06-21,파키스탄,파키스탄,파키스탄 국립섬유대학 산업용 섬유센터 설립사업 2차사업 공사,공사,WORKS,산업·직업훈련시설,미분류,1964270.0,,"$ 1,964,270",1980.0,GFA,SINGLE_OR_TOTAL,MANUAL_CURATED,L2025-00014-1/Section 2-Bid Data Sheet.docx,표 4 행 7,"동일 사업 감리공고 연면적 1,980.00㎡; 상세페이지 집행한도 USD 1,964,270; 산출단가 USD 992/㎡.",1000:GFA;2554:GFA;1980:BUILDING_OR_CONSTRUCTION_AREA,1964270.0,NOTICE_EXECUTION_CEILING,BUILDING_WORKS_OR_CURATED_CONSTRUCTION_BUDGET,SEE_SOURCE,다른 단계 공고 간 연결,L2025-00014-1/Section 2-Bid Data Sheet.docx,표 4 행 7,"동일 사업 감리공고 연면적 1,980.00㎡; 상세페이지 집행한도 USD 1,964,270; 산출단가 USD 992/㎡.",MANUAL_CURATED,WORKS_CEILING,MATCH,MATCH,992.0555555555555,,NO,C,C,V3_CURATED_AREA_COST_RECHECK,동일/제한 범위 공사금액÷면적 스크리닝 근거,,1,B,공사 입찰 집행한도,YES,0,초기 스크리닝만,0,1,https://nebid.koica.go.kr/oep/lobi/localBidManageDetail.do?P_LOAZ_BID_PBLANC_NO=L2025-00047&P_PBLANC_ODR=1,KOICA-AREA-COST-READINESS-2.0,2026-08-01,27,1,1,1,0,0,1,1
154,2021-2025,2023-00067,L2025-00052-1,L2025-00052,2023-00067::L2025-00052,2025-07-04,코트디부아르,코트디부아르,코트디부아르 펠릭스 우푸에 부아니대학교 ICT 교육역량 강화 및 ICT 혁신센터 설립사업 PETROCI 건물 리모델링 공사,공사,WORKS,학교·교육시설,리모델링·개보수,1963286.0,"\ 2,709,334,680","$ 1,963,286 (환율 : 1380)",1500.0,GFA,SINGLE_OR_TOTAL,MANUAL_CURATED,L2024-00056-2/Section 4 - Request for Proposal_코트디_ver.1.2_수정.docx,표 1 행 4,"동일 사업 선행공고 연면적 1,500.00㎡; 상세페이지 집행한도 USD 1,963,286; 산출단가 USD 1,309/㎡.",1000:GFA;1500:GFA;1000:QUALIFICATION;1000:QUALIFICATION,1963286.0,NOTICE_EXECUTION_CEILING,BUILDING_WORKS_OR_CURATED_CONSTRUCTION_BUDGET,SEE_SOURCE,다른 단계 공고 간 연결,L2024-00056-2/Section 4 - Request for Proposal_코트디_ver.1.2_수정.docx,표 1 행 4,"동일 사업 선행공고 연면적 1,500.00㎡; 상세페이지 집행한도 USD 1,963,286; 산출단가 USD 1,309/㎡.",MANUAL_CURATED,WORKS_CEILING,MATCH,MATCH,1308.8573333333334,,NO,C,C,V3_CURATED_AREA_COST_RECHECK,동일/제한 범위 공사금액÷면적 스크리닝 근거,,1,B,공사 입찰 집행한도,YES,0,초기 스크리닝만,0,1,https://nebid.koica.go.kr/oep/lobi/localBidManageDetail.do?P_LOAZ_BID_PBLANC_NO=L2025-00052&P_PBLANC_ODR=1,KOICA-AREA-COST-READINESS-2.0,2026-08-01,27,1,0,0,0,0,1,1
155,2021-2025,2020-00119,L2025-00070-1,L2025-00070,2020-00119::L2025-00070,2025-07-10,이라크,이라크,한-이라크 심장병 어린이 전문병원 신축공사,공사,WORKS,병원,신축,13292831.0,,"$ 13,292,831",5486.0,GFA,AUTO_SELECTED_SINGLE_OR_TOTAL,AUTO_HIGH,L2025-00070-1/붙임3. 현지입찰 서류 및 계약서류(안)/IKHCC Section 2 - Bid Data Sheet (ITB) (English) revised final 250702.docx,표 2 행 7,"- Gross floor area | 5,486 m2",5486:GFA;2451:BUILDING_OR_CONSTRUCTION_AREA,13292831.0,NOTICE_EXECUTION_CEILING,PROCUREMENT_CEILING_ASSUMED_WORKS,UNKNOWN,,KOICA 입찰 상세페이지,집행한도금액(달러),,METADATA_PLUS_SCOPE_REVIEW,WORKS_CEILING,MATCH,MATCH,2423.0461173897193,,NO,C?,C?,V2R_HUMAN_REVIEWED_EXTRACTION,범위 일치 잠정확인; 원본 V3 확인 전 직접 사용 금지,,0,,,,0,초기 스크리닝만,0,0,https://nebid.koica.go.kr/oep/lobi/localBidManageDetail.do?P_LOAZ_BID_PBLANC_NO=L2025-00070&P_PBLANC_ODR=1,KOICA-AREA-COST-READINESS-2.0,2026-08-01,40,31,33,25,8,0,1,0
156,2021-2025,2022-00076,L2025-00051-1,L2025-00051,2022-00076::L2025-00051,2025-07-11,피지,피지,피지 국립재활센터 신축 공사,공사,WORKS,기타·미분류,리모델링·개보수,6767312.0,"\ 9,182,267,806","$ 6,767,312 (환율 : 1356.86)",2399.0,GFA,AUTO_SELECTED_SINGLE_OR_TOTAL,AUTO_HIGH,L2025-00051-1/Section 2 - Bid Data Sheet (BDS).hwp,문단 64,"Internal Area 2,399㎡ + Ancillary facilities (refer to Drawings)",2399:GFA;13916:AMBIGUOUS_AREA,6767312.0,NOTICE_EXECUTION_CEILING,PROCUREMENT_CEILING_ASSUMED_WORKS,UNKNOWN,,KOICA 입찰 상세페이지,집행한도금액(달러),,METADATA_PLUS_SCOPE_REVIEW,WORKS_CEILING,PARTIAL_SCOPE,PARTIAL_SCOPE,2820.888703626511,,NO,B,B,V3_ORIGINAL_MANUAL,피지 국립재활센터 공종별 blank BOQ,"Internal Area 2,399㎡ 외 부속시설 면적이 도면 참조로 미완성",0,,,,1,현지단가 결합 수량모델,0,0,https://nebid.koica.go.kr/oep/lobi/localBidManageDetail.do?P_LOAZ_BID_PBLANC_NO=L2025-00051&P_PBLANC_ODR=1,KOICA-AREA-COST-READINESS-2.0,2026-08-01,14,1,1,1,0,0,0,0
157,2021-2025,2023-00008,L2025-00056-1,L2025-00056,2023-00008::L2025-00056,2025-08-01,캄보디아,캄보디아,캄보디아 직원훈련기관(TVET기관) ICT Lab 리모델링 설계·시공,공사,DESIGN_BUILD_WORKS,실험실·연구시설,리모델링·개보수,1343000.0,,"$ 1,343,000",,QUALIFICATION_OR_OTHER_PROJECT,NOT_APPLICABLE,MANUAL_REJECTED,L2025-00056-1/2-CACPM/2-CACPM/2.CACPM Company Profile.pdf,페이지 5,입찰업체 Company Profile의 타 사업 포트폴리오 면적,21586:AMBIGUOUS_AREA;848.44:AMBIGUOUS_AREA;682.39:AMBIGUOUS_AREA;366.88:AMBIGUOUS_AREA;210:AMBIGUOUS_AREA;132:AMBIGUOUS_AREA;48:AMBIGUOUS_AREA;31:AMBIGUOUS_AREA;21.36:AMBIGUOUS_AREA;19.5:WORK_ITEM_AREA,1343000.0,NOTICE_EXECUTION_CEILING,PROCUREMENT_CEILING_ASSUMED_WORKS,UNKNOWN,,KOICA 입찰 상세페이지,집행한도금액(달러),,METADATA_PLUS_SCOPE_REVIEW,WORKS_CEILING,NO_MATCH,NO_MATCH,,,NO,U,U,V3_SCOPE_REVIEW,공사 후보이나 유효 GFA 또는 같은 범위 금액이 없음,입찰업체 Company Profile의 타 사업 포트폴리오 면적,0,,,,0,계산 금지,0,0,https://nebid.koica.go.kr/oep/lobi/localBidManageDetail.do?P_LOAZ_BID_PBLANC_NO=L2025-00056&P_PBLANC_ODR=1,KOICA-AREA-COST-READINESS-2.0,2026-08-01,25,0,0,0,0,0,1,1
158,2021-2025,2021-00042,L2025-00062-1,L2025-00062,2021-00042::L2025-00062,2025-08-06,우간다,우간다,우간다 농업지도자 연수원 자립적 운영체계구축 및 연수역량 강화사업 시범농장 신축 공사,공사,WORKS,농업시설,신축,1123590.0,"\ 1,550,554,200","$ 1,123,590 (환율 : 1380)",2378.8,FACILITY_OR_CAMPUS_AREA,SUM_OR_MULTI,MANUAL_CURATED,L2025-00062-1/1-2. 입찰공고문(영문)_시범농장 신축.docx,표 4 행 8,"동별 면적 합계 2,378.80㎡; 상세페이지 집행한도 USD 1,123,590; 산출단가 USD 472/㎡.",2378.8:AMBIGUOUS_AREA,1123590.0,NOTICE_EXECUTION_CEILING,BUILDING_WORKS_OR_CURATED_CONSTRUCTION_BUDGET,SEE_SOURCE,관개·외부공사 포함 패키지,L2025-00062-1/1-2. 입찰공고문(영문)_시범농장 신축.docx,표 4 행 8,"동별 면적 합계 2,378.80㎡; 상세페이지 집행한도 USD 1,123,590; 산출단가 USD 472/㎡.",MANUAL_CURATED,WORKS_CEILING,MATCH,MATCH,472.33479065074823,,NO,C,C,V3_CURATED_AREA_COST_RECHECK,동일/제한 범위 공사금액÷면적 스크리닝 근거,,1,C,공사 입찰 집행한도,YES,0,초기 스크리닝만,0,1,https://nebid.koica.go.kr/oep/lobi/localBidManageDetail.do?P_LOAZ_BID_PBLANC_NO=L2025-00062&P_PBLANC_ODR=1,KOICA-AREA-COST-READINESS-2.0,2026-08-01,17,0,0,0,0,0,1,1
159,2021-2025,2023-00087,L2025-00045-2,L2025-00045,2023-00087::L2025-00045,2025-08-28,이라크,이라크,“이라크 쿠르드 지역학교 내 난민통합교육 강화사업” 선도학교 및 교사연수센터 신축을 위한 설계 및 시공감리 업체 선정,용역,DESIGN_OR_SUPERVISION_SERVICE,학교·교육시설,신축,411000.0,"\ 575,400,000","$ 411,000 (환율 : 1400)",6000.0,GFA,AUTO_SELECTED_SINGLE_OR_TOTAL,AUTO_HIGH,L2025-00045-2/붙임3. 영문 입찰서류(양식 등 포함)/Section 2 - Bid Data Sheet (BDS)_v2_250827(└╧┴ñ╝÷┴ñ).docx,표 5 행 3,"ist of the services for the construction of the project mentioned below: - New Construction of a Model School in Daratoo : Total Floor Area 6 , 000 M2. 42 class rooms . The Project site area is 27 , 500 M2 - New Construc",6000:GFA;750:GFA;6000:BUILDING_OR_CONSTRUCTION_AREA;750:BUILDING_OR_CONSTRUCTION_AREA;500:BUILDING_OR_CONSTRUCTION_AREA;27500:SITE_AREA;27500:SITE_AREA;5400:SITE_AREA;5400:SITE_AREA,,SERVICE_OR_GOODS_CEILING,DESIGN_OR_SUPERVISION_SERVICE,NOT_APPLICABLE,,KOICA 입찰 상세페이지,집행한도금액(달러),,SCOPE_REJECTED,SERVICE_FEE_OR_MIXED,NO_MATCH,NO_MATCH,,,NO,X,X,V3_SCOPE_REVIEW,설계·감리·기타 용역 집행한도는 건축공사비가 아님,,0,,,,0,계산 금지,0,0,https://nebid.koica.go.kr/oep/lobi/localBidManageDetail.do?P_LOAZ_BID_PBLANC_NO=L2025-00045&P_PBLANC_ODR=2,KOICA-AREA-COST-READINESS-2.0,2026-08-01,15,0,0,0,0,0,1,1
160,2021-2025,2020-00119,L2025-00071-1,L2025-00071,2020-00119::L2025-00071,2025-09-08,이라크,이라크,한-이라크 심장병 어린이 전문병원 신축공사(재공고),공사,WORKS,병원,신축,13292831.0,,"$ 13,292,831",5486.0,GFA,SINGLE_OR_TOTAL,MANUAL_CURATED,L2025-00071-1/붙임2. 현지입찰(재공고입찰) 서류 및 계약서류(안)/IKHCC Section 2 - Bid Data Sheet (ITB) (English) 250903_final.docx,표 2 행 7,"총연면적 5,486.00㎡; 상세페이지 집행한도 USD 13,292,831; 산출단가 USD 2,423/㎡.",5486:GFA;2451:BUILDING_OR_CONSTRUCTION_AREA,13292831.0,NOTICE_EXECUTION_CEILING,BUILDING_WORKS_OR_CURATED_CONSTRUCTION_BUDGET,SEE_SOURCE,,L2025-00071-1/붙임2. 현지입찰(재공고입찰) 서류 및 계약서류(안)/IKHCC Section 2 - Bid Data Sheet (ITB) (English) 250903_final.docx,표 2 행 7,"총연면적 5,486.00㎡; 상세페이지 집행한도 USD 13,292,831; 산출단가 USD 2,423/㎡.",MANUAL_CURATED,WORKS_CEILING,MATCH,MATCH,2423.0461173897193,,NO,C,C,V3_CURATED_AREA_COST_RECHECK,동일/제한 범위 공사금액÷면적 스크리닝 근거,,1,A,공사 입찰 집행한도,YES,0,초기 스크리닝만,0,0,https://nebid.koica.go.kr/oep/lobi/localBidManageDetail.do?P_LOAZ_BID_PBLANC_NO=L2025-00071&P_PBLANC_ODR=1,KOICA-AREA-COST-READINESS-2.0,2026-08-01,39,30,32,24,13,0,1,0
161,2021-2025,2022-00027,L2025-00073-1,L2025-00073,2022-00027::L2025-00073,2025-09-08,캄보디아,캄보디아,캄보디아 국립어린이병원 내과계 병동건립 및 의료인력역량 강화사업 내과계 병동 신축공사 시공사 선정 입찰,공사,WORKS,병원,신축,11277000.0,,"$ 11,277,000",9053.0,GFA,SINGLE_OR_TOTAL,MANUAL_CURATED,L2025-00073-1/(붙임1) 입찰공고문(국문).pdf,페이지 5,"총연면적 9,053.00㎡; 상세페이지 집행한도 USD 11,277,000; 산출단가 USD 1,246/㎡.",9053:GFA;6000:GFA;9053:GFA;6000:GFA,11277000.0,NOTICE_EXECUTION_CEILING,BUILDING_WORKS_OR_CURATED_CONSTRUCTION_BUDGET,SEE_SOURCE,,L2025-00073-1/(붙임1) 입찰공고문(국문).pdf,페이지 5,"총연면적 9,053.00㎡; 상세페이지 집행한도 USD 11,277,000; 산출단가 USD 1,246/㎡.",MANUAL_CURATED,WORKS_CEILING,MATCH,MATCH,1245.664420634044,,NO,B,B,V3_ORIGINAL_MANUAL,국립소아병원 공종별 blank BOQ,,1,A,공사 입찰 집행한도,YES,1,현지단가 결합 수량모델,0,1,https://nebid.koica.go.kr/oep/lobi/localBidManageDetail.do?P_LOAZ_BID_PBLANC_NO=L2025-00073&P_PBLANC_ODR=1,KOICA-AREA-COST-READINESS-2.0,2026-08-01,9,1,1,1,0,0,1,1
162,2021-2025,2022-00076,L2025-00051-2,L2025-00051,2022-00076::L2025-00051,2025-09-12,피지,피지,피지 국립재활센터 신축 공사,공사,WORKS,기타·미분류,리모델링·개보수,6767312.0,"\ 9,182,267,806","$ 6,767,312 (환율 : 1356.86)",2686.4,GFA,SUM_OR_MULTI,MANUAL_CURATED,L2023-00038-1/2. 현지입찰 첨부문서 묶음/Addendum_No.1_Scope_of_the_services.docx,표 1 행 3,"상세 공간계획 합계 2,686.40㎡; 상세페이지 집행한도 USD 6,767,312; 산출단가 USD 2,519/㎡.",2399:GFA;2399:GFA;13916:AMBIGUOUS_AREA;13916:AMBIGUOUS_AREA,6767312.0,NOTICE_EXECUTION_CEILING,BUILDING_WORKS_OR_CURATED_CONSTRUCTION_BUDGET,SEE_SOURCE,동일 사업 설계단계 사례와 중복,L2023-00038-1/2. 현지입찰 첨부문서 묶음/Addendum_No.1_Scope_of_the_services.docx,표 1 행 3,"상세 공간계획 합계 2,686.40㎡; 상세페이지 집행한도 USD 6,767,312; 산출단가 USD 2,519/㎡.",MANUAL_CURATED,WORKS_CEILING,PARTIAL_SCOPE,PARTIAL_SCOPE,2519.1006551518763,,NO,B,B,V3_ORIGINAL_MANUAL,재공고의 동일 피지 blank BOQ; 한 표본으로 처리,"Internal Area 2,399㎡ 외 부속시설 면적이 도면 참조로 미완성",1,A,공사 입찰 집행한도,YES,1,현지단가 결합 수량모델,0,1,https://nebid.koica.go.kr/oep/lobi/localBidManageDetail.do?P_LOAZ_BID_PBLANC_NO=L2025-00051&P_PBLANC_ODR=2,KOICA-AREA-COST-READINESS-2.0,2026-08-01,16,2,1,1,0,0,1,1
163,2021-2025,2022-00069,L2025-00075-1,L2025-00075,2022-00069::L2025-00075,2025-09-13,필리핀,필리핀,(긴급) 필리핀 기마라스주 해수양식센터 건립 설계 용역업체 선정,용역,DESIGN_OR_SUPERVISION_SERVICE,기타·미분류,신축,153695.0,,"$ 153,695",8722.56,GFA,AUTO_SELECTED_SINGLE_OR_TOTAL,AUTO_HIGH,L2025-00075-1/Section 2 - Bid Data Sheet (BDS)_20250913_fin.docx,표 4 행 3," DWGs) - CD (Construction DWGs) Work No2. Size of the Project - Total Floor Area: 2,040 ㎡ , a building of 3-storey - Total Pilot Pond Area: 8,722.56 ㎡ , Internal Dikes Work No3. Output - DWGs (Soft Copy & 5 sets Hard Cop",8722.56:GFA;8722.56:GFA;8722.56:GFA;2040:GFA;2040:GFA;2040:GFA;2024:GFA;2040:GFA;8722.56:BUILDING_OR_CONSTRUCTION_AREA;8722.56:BUILDING_OR_CONSTRUCTION_AREA;8722.56:BUILDING_OR_CONSTRUCTION_AREA;8722.56:BUILDING_OR_CONSTRUCTION_AREA,,SERVICE_OR_GOODS_CEILING,DESIGN_OR_SUPERVISION_SERVICE,NOT_APPLICABLE,,KOICA 입찰 상세페이지,집행한도금액(달러),,SCOPE_REJECTED,SERVICE_FEE_OR_MIXED,NO_MATCH,NO_MATCH,,,NO,X,X,V3_SCOPE_REVIEW,설계·감리·기타 용역 집행한도는 건축공사비가 아님,,0,,,,0,계산 금지,0,0,https://nebid.koica.go.kr/oep/lobi/localBidManageDetail.do?P_LOAZ_BID_PBLANC_NO=L2025-00075&P_PBLANC_ODR=1,KOICA-AREA-COST-READINESS-2.0,2026-08-01,14,0,0,0,0,0,1,0
164,2021-2025,2023-00004,L2025-00078-1,L2025-00078,2023-00004::L2025-00078,2025-09-26,볼리비아,볼리비아,볼리비아 엘알또 모성보건센터 신축/증축/보수 공사 설계사 선정,용역,DESIGN_OR_SUPERVISION_SERVICE,기타·미분류,리모델링·개보수,196500.0,,"$ 196,500",1600.0,GFA,SINGLE_OR_TOTAL,MANUAL_CURATED,L2025-00078-1/1. 국문 입찰계획서.hwp,문단 14·16·80,"두 시설 연면적 1,080㎡와 520㎡, 추정 건축공사비 USD 3,226,604.",1080:GFA;1080:GFA;520:GFA;520:GFA;1866.97:SITE_AREA;1866.97:SITE_AREA;1799.45:SITE_AREA;1799.45:SITE_AREA,3226604.0,DESIGN_ESTIMATE,BUILDING_WORKS_OR_CURATED_CONSTRUCTION_BUDGET,SEE_SOURCE,공사비가 두 시설 합계라는 해석에 기반하므로 원문 재확인 필요.,L2025-00078-1/1. 국문 입찰계획서.hwp,문단 14·16·80,"두 시설 연면적 1,080㎡와 520㎡, 추정 건축공사비 USD 3,226,604.",MANUAL_CURATED,SERVICE_FEE_OR_MIXED,NO_MATCH,PARTIAL_ATTACHMENT_CONSTRUCTION_BUDGET,2016.6275,,NO,C-부분,C,V3_CURATED_AREA_COST_RECHECK,동일/제한 범위 공사금액÷면적 스크리닝 근거,,1,B,예비조사 추정 건축공사비,YES,0,초기 스크리닝만,0,1,https://nebid.koica.go.kr/oep/lobi/localBidManageDetail.do?P_LOAZ_BID_PBLANC_NO=L2025-00078&P_PBLANC_ODR=1,KOICA-AREA-COST-READINESS-2.0,2026-08-01,3,0,0,0,0,0,1,1
165,2021-2025,2022-00064,L2025-00084-1,L2025-00084,2022-00064::L2025-00084,2025-09-29,우간다,우간다,우간다 마케레레 대학 원격교육 조성사업 신축 공사,공사,WORKS,학교·교육시설,신축,4383000.0,,"$ 4,383,000",4040.0,GFA,SINGLE_OR_TOTAL,MANUAL_CURATED,L2025-00084-1/Section 2 - Bid Data Sheet (EN)_vr8.docx,표 4 행 9,"총연면적 4,040.00㎡; 상세페이지 집행한도 USD 4,383,000; 산출단가 USD 1,085/㎡.",4040:GFA;924:GFA;887:GFA;706:GFA;313:GFA;690:AMBIGUOUS_AREA;520:AMBIGUOUS_AREA,4383000.0,NOTICE_EXECUTION_CEILING,BUILDING_WORKS_OR_CURATED_CONSTRUCTION_BUDGET,SEE_SOURCE,,L2025-00084-1/Section 2 - Bid Data Sheet (EN)_vr8.docx,표 4 행 9,"총연면적 4,040.00㎡; 상세페이지 집행한도 USD 4,383,000; 산출단가 USD 1,085/㎡.",MANUAL_CURATED,WORKS_CEILING,MATCH,MATCH,1084.90099009901,,NO,C,C,V3_CURATED_AREA_COST_RECHECK,동일/제한 범위 공사금액÷면적 스크리닝 근거,,1,A,공사 입찰 집행한도,YES,0,초기 스크리닝만,0,1,https://nebid.koica.go.kr/oep/lobi/localBidManageDetail.do?P_LOAZ_BID_PBLANC_NO=L2025-00084&P_PBLANC_ODR=1,KOICA-AREA-COST-READINESS-2.0,2026-08-01,1,0,0,0,0,0,1,1
166,2021-2025,2020-00119,L2025-00085-1,L2025-00085,2020-00119::L2025-00085,2025-10-06,이라크,이라크,(긴급) 한-이라크 심장병 어린이 전문 병원 신축공사(신규입찰),공사,WORKS,병원,신축,13292831.0,,"$ 13,292,831",5486.0,GFA,AUTO_SELECTED_SINGLE_OR_TOTAL,AUTO_HIGH,L2025-00085-1/붙임2. 현지입찰(신규입찰) 서류 및 계약서류(안)/IKHCC Section 2 - Bid Data Sheet (ITB) (English) 250930 final★.docx,표 2 행 7,"- Gross floor area | 5,486 m2",5486:GFA;2451:BUILDING_OR_CONSTRUCTION_AREA;9162:AMBIGUOUS_AREA;5486:AMBIGUOUS_AREA;2451:AMBIGUOUS_AREA,13292831.0,NOTICE_EXECUTION_CEILING,PROCUREMENT_CEILING_ASSUMED_WORKS,UNKNOWN,,KOICA 입찰 상세페이지,집행한도금액(달러),,METADATA_PLUS_SCOPE_REVIEW,WORKS_CEILING,MATCH,MATCH,2423.0461173897193,,NO,A-부분,A,V3_ORIGINAL_MANUAL,건축 Bill No.01만 숨김 설계단가와 결합; 타 공종 제외,,0,,,,1,검증된 부분 Bill만,0,1,https://nebid.koica.go.kr/oep/lobi/localBidManageDetail.do?P_LOAZ_BID_PBLANC_NO=L2025-00085&P_PBLANC_ODR=1,KOICA-AREA-COST-READINESS-2.0,2026-08-01,40,30,32,24,13,0,1,1
167,2021-2025,2022-00069,L2025-00094-1,L2025-00094,2022-00069::L2025-00094,2025-10-22,필리핀,필리핀,[재공고][긴급] 필리핀 기마라스주 해수양식센터 건립 설계 용역업체 선정,용역,DESIGN_OR_SUPERVISION_SERVICE,기타·미분류,신축,153695.0,,"$ 153,695",8722.56,GFA,AUTO_SELECTED_SINGLE_OR_TOTAL,AUTO_HIGH,L2025-00094-1/ReBidding Documents (Guimaras_Design) 1022v2/ReBidding Documents (Guimaras_Design) 1022/Section 2 - Bid Data Sheet (BDS)_20251020v5.docx,표 4 행 3," DWGs) - CD (Construction DWGs) Work No2. Size of the Project - Total Floor Area: 2,040 ㎡ , a building of 3-storey - Total Pilot Pond Area: 8,722.56 ㎡ , Internal Dikes Work No3. Output - DWGs (Soft Copy & 5 sets Hard Cop",8722.56:GFA;8722.56:GFA;8722.56:GFA;2040:GFA;2040:GFA;2040:GFA;2024:GFA;2040:GFA;8722.56:BUILDING_OR_CONSTRUCTION_AREA;8722.56:BUILDING_OR_CONSTRUCTION_AREA;8722.56:BUILDING_OR_CONSTRUCTION_AREA;8722.56:BUILDING_OR_CONSTRUCTION_AREA,,SERVICE_OR_GOODS_CEILING,DESIGN_OR_SUPERVISION_SERVICE,NOT_APPLICABLE,,KOICA 입찰 상세페이지,집행한도금액(달러),,SCOPE_REJECTED,SERVICE_FEE_OR_MIXED,NO_MATCH,NO_MATCH,,,NO,X,X,V3_SCOPE_REVIEW,설계·감리·기타 용역 집행한도는 건축공사비가 아님,,0,,,,0,계산 금지,0,0,https://nebid.koica.go.kr/oep/lobi/localBidManageDetail.do?P_LOAZ_BID_PBLANC_NO=L2025-00094&P_PBLANC_ODR=1,KOICA-AREA-COST-READINESS-2.0,2026-08-01,15,0,0,0,0,0,1,1
168,2021-2025,2022-00003,L2025-00106-1,L2025-00106,2022-00003::L2025-00106,2025-10-23,세네갈,세네갈,세네갈 실험실 리모델링 사업 Control Office 계약,용역,DESIGN_OR_SUPERVISION_SERVICE,실험실·연구시설,리모델링·개보수,13000.0,,"$ 13,000",,AMBIGUOUS_AREA,UNKNOWN,LOW,L2025-00106-1/실험실 Control office_최종/Control office_최종/RFP for Controll office_CM_clean.docx,문단 18,"The works focus on renovation and functional upgrade of three existing buildings (approx. 1,737 m² total):",1737:AMBIGUOUS_AREA;775.4:AMBIGUOUS_AREA;649.9:AMBIGUOUS_AREA;312:AMBIGUOUS_AREA,,SERVICE_OR_GOODS_CEILING,DESIGN_OR_SUPERVISION_SERVICE,NOT_APPLICABLE,,KOICA 입찰 상세페이지,집행한도금액(달러),,SCOPE_REJECTED,SERVICE_FEE_OR_MIXED,NO_MATCH,NO_MATCH,,,NO,X,X,V3_SCOPE_REVIEW,설계·감리·기타 용역 집행한도는 건축공사비가 아님,,0,,,,0,계산 금지,0,0,https://nebid.koica.go.kr/oep/lobi/localBidManageDetail.do?P_LOAZ_BID_PBLANC_NO=L2025-00106&P_PBLANC_ODR=1,KOICA-AREA-COST-READINESS-2.0,2026-08-01,5,0,0,0,0,0,1,1
169,2021-2025,2024-00105,L2025-00097-1,L2025-00097,2024-00105::L2025-00097,2025-10-29,키르기스스탄,,키르기스스탄 디지털 전환을 위한 국가 정보화 역량 강화 사업 ICT 교육센터 신축공사를 위한 설계 및 저작권감리용역,용역,DESIGN_OR_SUPERVISION_SERVICE,학교·교육시설,신축,110763.0,,"$ 110,763",1179.0,GFA,SINGLE_OR_TOTAL,MANUAL_CURATED,L2025-00097-1/붙임1. 공고내역 (KG-2025-10)/ENG - final/Section 2 - Bid Data Sheet (BDS).docx,표 5 행 3,"2층 GFA 1,179㎡, 공사예산 한도 USD 1,704,050(비상발전기 포함).",1179:GFA;1179:GFA,1704050.0,DESIGN_ESTIMATE,BUILDING_WORKS_OR_CURATED_CONSTRUCTION_BUDGET,SEE_SOURCE,,L2025-00097-1/붙임1. 공고내역 (KG-2025-10)/ENG - final/Section 2 - Bid Data Sheet (BDS).docx,표 5 행 3,"2층 GFA 1,179㎡, 공사예산 한도 USD 1,704,050(비상발전기 포함).",MANUAL_CURATED,SERVICE_FEE_OR_MIXED,NO_MATCH,MATCH_ATTACHMENT_CONSTRUCTION_BUDGET,1445.3350296861747,,NO,C,C,V3_CURATED_AREA_COST_RECHECK,동일/제한 범위 공사금액÷면적 스크리닝 근거,,1,A,설계 ToR 공사예산 한도,YES,0,초기 스크리닝만,0,1,https://nebid.koica.go.kr/oep/lobi/localBidManageDetail.do?P_LOAZ_BID_PBLANC_NO=L2025-00097&P_PBLANC_ODR=1,KOICA-AREA-COST-READINESS-2.0,2026-08-01,27,0,0,0,0,0,1,1
170,2021-2025,2019-03655,L2025-00099-1,L2025-00099,2019-03655::L2025-00099,2025-11-13,키르기스스탄,,키르기스스탄 추이 주 교내 위생환경 개선 사업(프로젝트봉사단) 리모델링 시공업체 선정 현지 입찰,공사,WORKS,학교·교육시설,리모델링·개보수,200000.0,,"$ 200,000",255.52,FACILITY_OR_CAMPUS_AREA,SUM_OR_MULTI,MANUAL_CURATED,L2025-00099-1/KG-2025-11/KG-2025-11/Section 2 - Bid Data Sheet (영문)_WaSH.docx,표 4 행 8,"대상 시설 합계 255.52㎡; 상세페이지 집행한도 USD 200,000; 산출단가 USD 783/㎡.",255.52:GFA,200000.0,NOTICE_EXECUTION_CEILING,BUILDING_WORKS_OR_CURATED_CONSTRUCTION_BUDGET,SEE_SOURCE,소규모 실내 개보수,L2025-00099-1/KG-2025-11/KG-2025-11/Section 2 - Bid Data Sheet (영문)_WaSH.docx,표 4 행 8,"대상 시설 합계 255.52㎡; 상세페이지 집행한도 USD 200,000; 산출단가 USD 783/㎡.",MANUAL_CURATED,WORKS_CEILING,MATCH,MATCH,782.7175954915466,,NO,C,C,V3_CURATED_AREA_COST_RECHECK,동일/제한 범위 공사금액÷면적 스크리닝 근거,,1,B,공사 입찰 집행한도,YES,0,초기 스크리닝만,0,1,https://nebid.koica.go.kr/oep/lobi/localBidManageDetail.do?P_LOAZ_BID_PBLANC_NO=L2025-00099&P_PBLANC_ODR=1,KOICA-AREA-COST-READINESS-2.0,2026-08-01,9,0,0,0,0,0,1,1
