dataset_id,project_no,bid_no,scope_role,source_file,extension,bytes,sha256,boq_filename_candidate,blank_or_unpriced_filename,scan_error,table_count,quantity_rows_max,priced_rows_max,strong_priced_table,best_sheet,best_sheet_state,best_header_row,best_priced_ratio,provisional_file_signal,final_grade_rule
2016-2020,2015-00011,L2019-00024-1,WORKS,L2019-00024-1/시공입찰 신문공고 견적서_Daily Mirror.xls,.xls,58368,491ede084b59301c62a5c3b65146f2e6f7e371fadd7af6c299652c759d315f0d,1,0,,0,0,0,0,,,,0.0,BOQ_NAME_ONLY,자동 표 신호는 최종 A/B로 승격하지 않음
2016-2020,2015-00011,L2019-00024-1,WORKS,L2019-00024-1/시공입찰 신문공고 견적서_Ceylon Daily News.jpg,.jpg,661370,fd11fd3655bd376e45a27229962b7fefe666500b61b8670f1a5a93c7fbe91a59,1,0,,0,0,0,0,,,,0.0,BOQ_NAME_ONLY,자동 표 신호는 최종 A/B로 승격하지 않음
2016-2020,2017-15267,L2019-00046-1,MIXED_FITOUT_WORKS,L2019-00046-1/붙임/Attachment 6. Quaries and Answers_┴·└╟╚╕╜┼.xls,.xls,33280,ce382f710c5ef4a56495c245ba0ad657452be6c1d7c930c2bfc69d9e40165d3d,0,0,,0,0,0,0,,,,0.0,NONE,자동 표 신호는 최종 A/B로 승격하지 않음
2016-2020,2015-00011,L2019-00024-1,WORKS,L2019-00024-1/입찰서류_190626/Chapter 7. BOQ (CD)_to be distributed later.docx,.docx,17193,44407b6e6a829370dbc74f960dc0979a92b195ff9251e859f54a85103b4f3c0f,1,0,,0,0,0,0,,,,0.0,BOQ_NAME_ONLY,자동 표 신호는 최종 A/B로 승격하지 않음
2016-2020,2015-00011,L2019-00024-1,WORKS,L2019-00024-1/입찰서류_190626/Bid Form/Attachment 6. Form of Queries and Answers.xls,.xls,32768,2068ceca867ab09b7175d20679fa72fb6d037133435602d3c18c3d02a3e1e2de,0,0,,0,0,0,0,,,,0.0,NONE,자동 표 신호는 최종 A/B로 승격하지 않음
2016-2020,2016-00206,L2020-00007-1,DESIGN_OR_SUPERVISION_SERVICE,L2020-00007-1/Tender Documents_final rev 2. (15.7.2020)/Attachment 2-1_BOQ for the Consultant Services Rev3.xlsx,.xlsx,18774,5e27e64712c2a6c8e3b9a22ed846d13b212530a87ced9d024f2f9a8fa596621b,0,0,,0,0,0,0,,,,0.0,NONE,자동 표 신호는 최종 A/B로 승격하지 않음
2016-2020,2016-00206,L2020-00007-1,DESIGN_OR_SUPERVISION_SERVICE,L2020-00007-1/Tender Documents_final rev 2. (15.7.2020)/Attachment 8. Queries and Answers(Form)_Rev2.xls,.xls,32768,fe764a121b541ee1cbbd04afdd372b6465df7d2c193b717ef6dcd0281777f896,0,0,,0,0,0,0,,,,0.0,NONE,자동 표 신호는 최종 A/B로 승격하지 않음
2021-2025,2020-00070,L2024-00078-1,WORKS,L2024-00078-1/Section 4_BOQ (BLANK sin PRICE)- MVC PROJECT_fin.xlsx,.xlsx,65728,2a926c9a26b8ff49065bbb52562ae8a7b51c534e04b3754a9237935e7d95fc7a,0,1,,1,408,0,0,Blank B.O.Q for distribution,visible,6,0.0,B?,자동 표 신호는 최종 A/B로 승격하지 않음
2021-2025,2019-00011,L2022-00001-1,WORKS,L2022-00001-1/Section_08_BOQ_unpriced.docx,.docx,22122,5afc968d5d913464aee1298ddb9d2dff4b27466b7dc41ddff1c88c6b3d93bc7b,1,1,,0,0,0,0,,,,0.0,BOQ_NAME_ONLY,자동 표 신호는 최종 A/B로 승격하지 않음
2021-2025,2022-00076,L2025-00051-2,WORKS,L2025-00051-2/Section 3-1. Annex 9 Self-Evaluation Table.xlsx,.xlsx,15221,f29149292606184375f4e0391fdea0f9a7b1a4de7e74f7d7ebba994f6d88eedc,0,0,,0,0,0,0,,,0,0.0,NONE,자동 표 신호는 최종 A/B로 승격하지 않음
2021-2025,2022-00076,L2025-00051-2,WORKS,L2025-00051-2/Section 4 - Bill of Quantity.xlsx,.xlsx,791666,fdbb5bdceee51a500d8090d7ac47ab3d31ad8bb593aa9d322b6cfb899c69ad43,1,0,,13,204,0,0,Mechanical Services,visible,1,0.0,B?,자동 표 신호는 최종 A/B로 승격하지 않음
2021-2025,2021-00104,L2024-00068-1,WORKS,L2024-00068-1/Section 11 - Bid Document Checklist_IPNETP Construction.xlsx,.xlsx,66999,e15331263bc5dc63bf84f2ca35d387eaf12457b9bf40b571b979e4d1a44373e7,0,0,,0,0,0,0,,,,0.0,NONE,자동 표 신호는 최종 A/B로 승격하지 않음
2021-2025,2021-00054,L2023-00077-1,GOODS,L2023-00077-1/붙임5-2. 투찰내역서_1110.xlsx,.xlsx,55458,71899f389f9e348861e2a95f1b03eeb116fedb6b75f99b02bedaafb9600b8747,1,0,,0,0,0,0,,,,0.0,BOQ_NAME_ONLY,자동 표 신호는 최종 A/B로 승격하지 않음
2021-2025,2023-00067,L2024-00056-2,DESIGN_OR_SUPERVISION_SERVICE,L2024-00056-2/Section 10 - Bid Document Checklist.xlsx,.xlsx,25005,8de71448e9a0b1326043ea8a235afb18716db73322a6c5cd19fb20261c0ce1de,0,0,,0,0,0,0,,,0,0.0,NONE,자동 표 신호는 최종 A/B로 승격하지 않음
2021-2025,2022-00009,L2024-00031-1,WORKS,L2024-00031-1/2-2. Lalitpur Link Media 견적서.jpg,.jpg,900118,efc6ff4620c511b51ad0dc33683022177ecaa448c37c22a7eafd1d35d6afe8af,1,0,,0,0,0,0,,,,0.0,BOQ_NAME_ONLY,자동 표 신호는 최종 A/B로 승격하지 않음
2021-2025,2022-00009,L2024-00031-1,WORKS,L2024-00031-1/2-4. 견적서 비교결과표.xlsx,.xlsx,6363,cbbe6e22369f0ea484519d6c1ad8507be06cdff5d989be9a24ad5913c67ee063,1,0,,0,0,0,0,,,,0.0,BOQ_NAME_ONLY,자동 표 신호는 최종 A/B로 승격하지 않음
2021-2025,2022-00009,L2024-00031-1,WORKS,L2024-00031-1/2-1. Beyond Media 견적서.pdf,.pdf,1695337,87c3cda64fee850c6cc5f32fe50db0f6534233ff8ffec4a69e2403f10342a3a6,1,0,,0,0,0,0,,,,0.0,BOQ_NAME_ONLY,자동 표 신호는 최종 A/B로 승격하지 않음
2021-2025,2022-00009,L2024-00031-1,WORKS,L2024-00031-1/2-3. Milestone Media Service 견적서.jpg,.jpg,763751,6a85ce90b8375c45580eb59eb26dbcad083b14c97bd1130d231cf263433bb1a1,1,0,,0,0,0,0,,,,0.0,BOQ_NAME_ONLY,자동 표 신호는 최종 A/B로 승격하지 않음
2021-2025,2018-56501,L2025-00016-2,WORKS,L2025-00016-2/Section 4 - BOQ_empty.xlsx,.xlsx,271278,c0e6885f380545741de565dd0d4725ab278059f68dc34050886b3f62845b3d61,0,0,,15,73,0,0,No7-1_toilet repair_Mech,visible,1,0.0,B?,자동 표 신호는 최종 A/B로 승격하지 않음
2021-2025,2022-00598,L2025-00014-1,DESIGN_OR_SUPERVISION_SERVICE,L2025-00014-1/Section 4-Bill Of Quantity.xls,.xls,470528,2cff67596bebad4a08278ca50ac225bb47c891871d45b359597a9700e6088977,1,0,,10,143,15,0,ELECTRICAL ,visible,2,0.006993006993006993,B?,자동 표 신호는 최종 A/B로 승격하지 않음
2021-2025,2019-00027,L2024-00074-1,GOODS,L2024-00074-1/4_1.Summary for the list of items_241104.xlsx,.xlsx,22475,34fc1cf74a3ce87abaefea5c1dea97a7544baac05ce371d8bea12def0cea6ce8,0,0,,0,0,0,0,,,,0.0,NONE,자동 표 신호는 최종 A/B로 승격하지 않음
2021-2025,2022-00076,L2025-00051-1,WORKS,L2025-00051-1/Section 4 - Bill of Quantity.xlsx,.xlsx,791666,fdbb5bdceee51a500d8090d7ac47ab3d31ad8bb593aa9d322b6cfb899c69ad43,1,0,,13,204,0,0,Mechanical Services,visible,1,0.0,B?,자동 표 신호는 최종 A/B로 승격하지 않음
2021-2025,2021-00104,L2024-00068-2,WORKS,L2024-00068-2/Section 11 - Bid Document Checklist_IPNETP Construction.xlsx,.xlsx,67399,98007c42b1a6ef27ec8ee468f3e8412663a8625de470e779806190ce01a39a5c,0,0,,0,0,0,0,,,,0.0,NONE,자동 표 신호는 최종 A/B로 승격하지 않음
2021-2025,2023-00067,L2024-00056-1,DESIGN_OR_SUPERVISION_SERVICE,L2024-00056-1/Section 10 - Bid Document Checklist.xlsx,.xlsx,24788,f0af688635c89a5cd1a44ba189ab51e5e004363bea937c3b7285bbf06b265ef8,0,0,,0,0,0,0,,,0,0.0,NONE,자동 표 신호는 최종 A/B로 승격하지 않음
2021-2025,2014-00016,L2024-00039-1,WORKS,L2024-00039-1/붙임2. 시공예산산출내역서.xlsx,.xlsx,183092,5853b6495d862bc94184a645cf2d6563ecd978ed1fb68e2227dffc2c10bb2036,1,0,,1,506,0,0,Sheet1,visible,1,0.0,B?,자동 표 신호는 최종 A/B로 승격하지 않음
2021-2025,2018-56501,L2025-00016-1,WORKS,L2025-00016-1/Section 4 - BOQ_empty.xlsx,.xlsx,271278,c0e6885f380545741de565dd0d4725ab278059f68dc34050886b3f62845b3d61,0,0,,15,73,0,0,No7-1_toilet repair_Mech,visible,1,0.0,B?,자동 표 신호는 최종 A/B로 승격하지 않음
2021-2025,2022-00036,L2023-00061-1,DESIGN_OR_SUPERVISION_SERVICE,L2023-00061-1/붙임 4. 입찰 공고 견적.zip,.zip,1867235,324894032d083d14060198dd4b0642706febe04c89a0989514911663d5b0f6a0,1,0,,0,0,0,0,,,,0.0,BOQ_NAME_ONLY,자동 표 신호는 최종 A/B로 승격하지 않음
2021-2025,2020-00053,L2023-00004-1,WORKS,L2023-00004-1/붙임 4. 입찰 공고 견적서.zip,.zip,2089989,afc7d79d1a5fecd0e8eae00669fc997d740b04699b751b289842b2bd71f8e81c,1,0,,0,0,0,0,,,,0.0,BOQ_NAME_ONLY,자동 표 신호는 최종 A/B로 승격하지 않음
2021-2025,2021-00016,L2025-00018-1,WORKS,L2025-00018-1/3. 집행한도금액 예산(안).xlsx,.xlsx,113435,00c7377ff4ade4d870b1d30cb6570d66c65b76a73618f2240cf857cbf59f13de,0,0,,6,208,208,1,MAIN BUILDING,visible,1,1.0,A?,자동 표 신호는 최종 A/B로 승격하지 않음
2021-2025,2013-00064,L2025-00012-1,WORKS,L2025-00012-1/(붙임2) 입찰 관련 부속서류/Q-Lab_Chacala_Bidding Doc/Section 4. Q-Lab_Chacala_BOQ_blanked/G LAND SCAPE.xls,.xls,1558528,ece87bec3c596a52b49808e23eaf8b7452691f478f3458db783f7a5925cc41dc,0,1,,0,0,0,0,,,0,0.0,NONE,자동 표 신호는 최종 A/B로 승격하지 않음
2021-2025,2013-00064,L2025-00012-1,WORKS,L2025-00012-1/(붙임2) 입찰 관련 부속서류/Q-Lab_Chacala_Bidding Doc/Section 4. Q-Lab_Chacala_BOQ_blanked/A3 EM STRUCTURE.xls,.xls,1427456,be4eb3ffac3c73f6eaf90474e2eddf0a2ffa149db63a257d36852c3adf6f913f,0,1,,0,0,0,0,,,0,0.0,NONE,자동 표 신호는 최종 A/B로 승격하지 않음
2021-2025,2013-00064,L2025-00012-1,WORKS,L2025-00012-1/(붙임2) 입찰 관련 부속서류/Q-Lab_Chacala_Bidding Doc/Section 4. Q-Lab_Chacala_BOQ_blanked/F HYDRO SANITARY SYSTEM.xlsx,.xlsx,2229362,6b11639d6fabaaa1823187ee5ba99fb4622ca894447107d8a88e8e14f09fefc9,0,1,,2,191,0,0,Computos Métricos Quinoa,visible,1,0.0,B?,자동 표 신호는 최종 A/B로 승격하지 않음
2021-2025,2013-00064,L2025-00012-1,WORKS,L2025-00012-1/(붙임2) 입찰 관련 부속서류/Q-Lab_Chacala_Bidding Doc/Section 4. Q-Lab_Chacala_BOQ_blanked/A1 ARCHITECTURE CHACALA.xlsx,.xlsx,779128,73623a71fe2a23883e5a998378b9fe9efc5451758aa4e066764c5555dda545a2,0,1,,1,28,0,0,PPTO-8 CHACALA,visible,13,0.0,B?,자동 표 신호는 최종 A/B로 승격하지 않음
2021-2025,2013-00064,L2025-00012-1,WORKS,L2025-00012-1/(붙임2) 입찰 관련 부속서류/Q-Lab_Chacala_Bidding Doc/Section 4. Q-Lab_Chacala_BOQ_blanked/B ELECTRIC SYSTEM.xlsx,.xlsx,109607,bc94e7a90dea8f9eecbdcfcf1792adf3d6d226fcfbf55c2e1a88c9df8fb25de3,0,1,,6,18,0,0,TDG-H,visible,16,0.0,B?,자동 표 신호는 최종 A/B로 승격하지 않음
2021-2025,2013-00064,L2025-00012-1,WORKS,L2025-00012-1/(붙임2) 입찰 관련 부속서류/Q-Lab_Chacala_Bidding Doc/Section 4. Q-Lab_Chacala_BOQ_blanked/A2 HA STRUCTURE.xls,.xls,1555456,335205a7ceb9965c6a3103b7052311eb56ae166668d1280f0de1e9c5d3686807,0,1,,0,0,0,0,,,0,0.0,NONE,자동 표 신호는 최종 A/B로 승격하지 않음
2021-2025,2022-00027,L2025-00073-1,WORKS,"L2025-00073-1/(붙임2) 입찰서류(영문)_도면, 시방서, 프로젝트리포트 제외/Section 4_BLANK BOQ.xlsx",.xlsx,875472,95c1a9e61d364b09d02099a7f668a3a757b3cb9e9601e0a03ad252ce300ddae9,1,1,,16,452,0,0,Bill 4.3,visible,6,0.0,B?,자동 표 신호는 최종 A/B로 승격하지 않음
2021-2025,2020-00053,L2023-00004-1,WORKS,L2023-00004-1/붙임 4. 입찰 공고 견적서/3. Reporter ░▀└√╝¡.pdf,.pdf,1385279,c326d4442b6da4a9c7f6a7851935b19f15e7d5d4e3e4523e5d1f099fb221eacc,1,0,,0,0,0,0,,,,0.0,BOQ_NAME_ONLY,자동 표 신호는 최종 A/B로 승격하지 않음
2021-2025,2020-00053,L2023-00004-1,WORKS,L2023-00004-1/붙임 4. 입찰 공고 견적서/1. 2merkato.com ░▀└√╝¡.pdf,.pdf,543672,339b21c988c315e02d3cd7f9b2ebe2322de72a9425c9cbc5517fdbf1c33522b4,1,0,,0,0,0,0,,,,0.0,BOQ_NAME_ONLY,자동 표 신호는 최종 A/B로 승격하지 않음
2021-2025,2020-00053,L2023-00004-1,WORKS,L2023-00004-1/붙임 4. 입찰 공고 견적서/╚»└▓ ▒Γ┴╪ 2023.02.01..xls,.xls,39936,b75ef78bdcb726e21fde45f79e435912a863fc3e46b3e152939da73683d919ea,1,0,,0,0,0,0,,,,0.0,BOQ_NAME_ONLY,자동 표 신호는 최종 A/B로 승격하지 않음
2021-2025,2020-00053,L2023-00004-1,WORKS,L2023-00004-1/붙임 4. 입찰 공고 견적서/2. Ethiopian Herald.pdf,.pdf,243264,1346d6412b936d07f8fce551add762252703494b97816a7b5dc3f14d53c8dba9,1,0,,0,0,0,0,,,,0.0,BOQ_NAME_ONLY,자동 표 신호는 최종 A/B로 승격하지 않음
2021-2025,2020-00053,L2023-00004-1,WORKS,L2023-00004-1/붙임 2. 입찰 서류/02_Part2(░·╛≈┴÷╜├╝¡)/Section_8_BOQ_unpriced/Section_08_BOQ_unpriced.docx,.docx,22122,5afc968d5d913464aee1298ddb9d2dff4b27466b7dc41ddff1c88c6b3d93bc7b,1,1,,0,0,0,0,,,,0.0,BOQ_NAME_ONLY,자동 표 신호는 최종 A/B로 승격하지 않음
2021-2025,2020-00053,L2023-00004-1,WORKS,L2023-00004-1/붙임 2. 입찰 서류/02_Part2(░·╛≈┴÷╜├╝¡)/Section_8_BOQ_unpriced/ICT PROJECT ESTIMATION_empty.xlsx,.xlsx,302269,7f217d93428791e3672733e5071aef7a85463f0b816f910282eba52219d3ff0e,1,1,,6,72,0,0,04_ELEC. SAFETY & SE,visible,2,0.0,B?,자동 표 신호는 최종 A/B로 승격하지 않음
2021-2025,2020-00053,L2023-00004-1,WORKS,L2023-00004-1/붙임 2. 입찰 서류/03_Part3(░Φ╛α╝¡ ╣╫ ▒Γ┼╕ └┌╖ß)/Section_12_Other Form/Reference3_Design Review.xlsx,.xlsx,486902,08c77bec6c1ff43fbe8ea7a4beb3c8518b1ebab658d776bd6a8da3a60ba62715,0,0,,0,0,0,0,,,,0.0,NONE,자동 표 신호는 최종 A/B로 승격하지 않음
2021-2025,2012-00016,L2021-00017-1,WORKS,L2021-00017-1/Bidding Documents for Distribution AAUR PCRWR_0517/Attachment 7. List of Bid Documents_0504.xlsx,.xlsx,12812,fb0d699baf054ed664d19f8550666ea145d63d0baa9631791b16ad62cdc0d669,0,0,,0,0,0,0,,,,0.0,NONE,자동 표 신호는 최종 A/B로 승격하지 않음
2021-2025,2012-00016,L2021-00017-1,WORKS,L2021-00017-1/Bidding Documents for Distribution AAUR PCRWR_0517/Chapter 3. Bid BoQ_0503.xlsx,.xlsx,39752,39f98165ee4822612b34376ceeeeaeb1673f185f3b69b3e1ccaa57ee0f0fa1c0,0,0,,2,126,0,0,PCRWR,visible,2,0.0,B?,자동 표 신호는 최종 A/B로 승격하지 않음
2021-2025,2023-00067,L2025-00052-1,WORKS,L2025-00052-1/(붙임 2) 영문 입찰 계획 서류_KOICA FHBU Construction_정정본/Section 11 - Bid Document Checklist_FHBU Construction_KOICA FHBU Construction.xlsx,.xlsx,63363,66df9b7d0d9465979678f38ed6dea1582e262f16a8bf8cf038a0ddd78a0a657d,0,0,,0,0,0,0,,,0,0.0,NONE,자동 표 신호는 최종 A/B로 승격하지 않음
2021-2025,2022-00036,L2023-00061-1,DESIGN_OR_SUPERVISION_SERVICE,L2023-00061-1/붙임 4. 입찰 공고 견적/2Merkato.pdf,.pdf,543672,339b21c988c315e02d3cd7f9b2ebe2322de72a9425c9cbc5517fdbf1c33522b4,1,0,,0,0,0,0,,,,0.0,BOQ_NAME_ONLY,자동 표 신호는 최종 A/B로 승격하지 않음
2021-2025,2022-00036,L2023-00061-1,DESIGN_OR_SUPERVISION_SERVICE,L2023-00061-1/붙임 4. 입찰 공고 견적/The Reporter.pdf,.pdf,1405670,14bcb20c3ff2a5c913a2ddec3144ec5dcac30d787d5210c33e8dd482b80dc55f,1,0,,0,0,0,0,,,,0.0,BOQ_NAME_ONLY,자동 표 신호는 최종 A/B로 승격하지 않음
2021-2025,2014-00016,L2024-00039-1,WORKS,L2024-00039-1/붙임3. Bidding Documents_20240702/Section 4 - BOQ.zip,.zip,165738,92af7cd7905faba26c248661bfa8b8fa9fdb90336a5956e0398a51e1df6f827d,1,0,,0,0,0,0,,,,0.0,BOQ_NAME_ONLY,자동 표 신호는 최종 A/B로 승격하지 않음
2021-2025,2014-00016,L2024-00039-1,WORKS,L2024-00039-1/붙임3. 입찰서류 및 계약서류(안)_재공고(20240701)/Section 4 - BOQ.zip,.zip,165738,92af7cd7905faba26c248661bfa8b8fa9fdb90336a5956e0398a51e1df6f827d,1,0,,0,0,0,0,,,,0.0,BOQ_NAME_ONLY,자동 표 신호는 최종 A/B로 승격하지 않음
2021-2025,2014-00016,L2024-00039-1,WORKS,L2024-00039-1/붙임3. 입찰서류 및 계약서류(안)_재공고(20240701)/Section 4 - BOQ/NEW BOQs (14-MAY-23)_공BOQ_20240416.xlsx,.xlsx,168572,ce54a2d18a575e830ecd27ffd1c0c0342d39cefa17599004484a32c52a069740,1,0,,1,504,0,0,Sheet1,visible,1,0.0,B?,자동 표 신호는 최종 A/B로 승격하지 않음
2021-2025,2014-00016,L2024-00039-1,WORKS,L2024-00039-1/붙임3. Bidding Documents_20240702/Section 4 - BOQ/NEW BOQs (14-MAY-23)_공BOQ_20240416.xlsx,.xlsx,168572,ce54a2d18a575e830ecd27ffd1c0c0342d39cefa17599004484a32c52a069740,1,0,,1,504,0,0,Sheet1,visible,1,0.0,B?,자동 표 신호는 최종 A/B로 승격하지 않음
2021-2025,2016-20176,L2022-00040-1,DESIGN_OR_SUPERVISION_SERVICE,L2022-00040-1/(붙임3) 설계 및 규정참고자료(영문)/Attachment (Design Documents) 3. BOQ (blanked).zip,.zip,478458,27555e35067316196b079d46ba585966fd33c4f0c9d9f2594feafcbb1b282c57,1,1,,0,0,0,0,,,,0.0,BOQ_NAME_ONLY,자동 표 신호는 최종 A/B로 승격하지 않음
2021-2025,2016-20176,L2022-00040-1,DESIGN_OR_SUPERVISION_SERVICE,L2022-00040-1/(붙임3) 설계 및 규정참고자료(영문)/Attachment (Design Documents) 3. BOQ (blanked)/BOQ (unit price blanked).XLS,.xls,684544,fab23ffb9dfc62c883c66d9d238996d0ee9d6715da53874d599ae18b7b2476ed,1,1,,1,498,0,0,LISTADO DE PARTIDAS ,visible,5,0.0,B?,자동 표 신호는 최종 A/B로 승격하지 않음
2021-2025,2016-20176,L2022-00040-1,DESIGN_OR_SUPERVISION_SERVICE,L2022-00040-1/(붙임3) 설계 및 규정참고자료(영문)/Attachment (Design Documents) 3. BOQ (blanked)/BOQ (unit price blanked).pdf,.pdf,505425,2d363840a32ce088371547a50512c9d04dc45839c57554d35e0de7a8004ab8e8,1,1,,0,0,0,0,,,,0.0,BOQ_NAME_ONLY,자동 표 신호는 최종 A/B로 승격하지 않음
2021-2025,2020-00119,L2025-00070-1,WORKS,"L2025-00070-1/붙임3. 현지입찰 서류 및 계약서류(안)/IKHCC Section 4,5,6 BOQ, Drawing, Spec.docx",.docx,11941,aab74da4619bd3a8a368567d5620e0116eb9da42f75975717f485ef6a83a41b6,1,0,,0,0,0,0,,,,0.0,BOQ_NAME_ONLY,자동 표 신호는 최종 A/B로 승격하지 않음
2021-2025,2020-00119,L2025-00070-1,WORKS,L2025-00070-1/붙임3. 현지입찰 서류 및 계약서류(안)/IKHCC Section 4 - IKHCC BLANK BOQ 250430.zip,.zip,8546544,bb1eef9cdc717c6d757d43f3da1f13f6275049d1523718e2fd85659780cc9f55,1,1,,0,0,0,0,,,,0.0,BOQ_NAME_ONLY,자동 표 신호는 최종 A/B로 승격하지 않음
2021-2025,2020-00119,L2025-00070-1,WORKS,L2025-00070-1/붙임3. 현지입찰 서류 및 계약서류(안)/IKHCC Section 4 - IKHCC BLANK BOQ 250430/3 CIVIL/BLANK BILL.CIVIL(HOSPITAL) .xls,.xls,81920,c0b0e1d857d357e06310785027eb14b6c6e3c28491c19fed4dfc9e3030f34ef2,1,1,,0,0,0,0,,,0,0.0,BOQ_NAME_ONLY,자동 표 신호는 최종 A/B로 승격하지 않음
2021-2025,2020-00119,L2025-00070-1,WORKS,L2025-00070-1/붙임3. 현지입찰 서류 및 계약서류(안)/IKHCC Section 4 - IKHCC BLANK BOQ 250430/3 CIVIL/BLANK BILL.CIVIL(PARKING LOT).xls,.xls,58368,33510cb6918366ccd2e38ca39a6fe6a3a14e1ad8a37570bc850277811837ef6a,1,1,,0,0,0,0,,,0,0.0,BOQ_NAME_ONLY,자동 표 신호는 최종 A/B로 승격하지 않음
2021-2025,2020-00119,L2025-00070-1,WORKS,L2025-00070-1/붙임3. 현지입찰 서류 및 계약서류(안)/IKHCC Section 4 - IKHCC BLANK BOQ 250430/3 CIVIL/BLANK BILL.CIVIL(BRIDGE)).xls,.xls,74240,7fbae1f3c71758b2f9dd4d91fc045323ea1864b4be9d2d301a2cbf63a5072570,1,1,,0,0,0,0,,,0,0.0,BOQ_NAME_ONLY,자동 표 신호는 최종 A/B로 승격하지 않음
2021-2025,2020-00119,L2025-00070-1,WORKS,L2025-00070-1/붙임3. 현지입찰 서류 및 계약서류(안)/IKHCC Section 4 - IKHCC BLANK BOQ 250430/3 CIVIL/BLANK BILL.CIVIL (MEP).xls,.xls,74240,1c50470f6121836494e92fb616d765f06e8b3bc5153b11a3c8540a29ac1ec615,1,1,,0,0,0,0,,,0,0.0,BOQ_NAME_ONLY,자동 표 신호는 최종 A/B로 승격하지 않음
2021-2025,2020-00119,L2025-00070-1,WORKS,L2025-00070-1/붙임3. 현지입찰 서류 및 계약서류(안)/IKHCC Section 4 - IKHCC BLANK BOQ 250430/8 Mob & Signage/BILL No8-2 Signages-blank.xlsx,.xlsx,31619,4421d3cb9982d35873aa1763a4a7b1ee4b0d235faaeed68ee92551a4fa1c803f,1,1,,1,6,0,0,Works particular bill,visible,1,0.0,B?,자동 표 신호는 최종 A/B로 승격하지 않음
2021-2025,2020-00119,L2025-00070-1,WORKS,L2025-00070-1/붙임3. 현지입찰 서류 및 계약서류(안)/IKHCC Section 4 - IKHCC BLANK BOQ 250430/8 Mob & Signage/BILL No8-1 -Mobilization Works-blank.xlsx,.xlsx,638347,95772272ef1568157e0f604c1bb0cae64d776ffaf2b58cf9d26e389a796bb67e,1,1,,1,34,0,0,Mobilization,visible,1,0.0,B?,자동 표 신호는 최종 A/B로 승격하지 않음
2021-2025,2020-00119,L2025-00070-1,WORKS,L2025-00070-1/붙임3. 현지입찰 서류 및 계약서류(안)/IKHCC Section 4 - IKHCC BLANK BOQ 250430/4 MECH/BLANK  BILL.MECH(TOTAL).xls,.xls,1402880,943c92d368e4e26e68ff2d5dc17a80fc0672c2766d586d3aa6c68578e0614040,1,1,,1,831,823,1,일위대가,hidden,1,0.9903730445246691,A?,자동 표 신호는 최종 A/B로 승격하지 않음
2021-2025,2020-00119,L2025-00070-1,WORKS,L2025-00070-1/붙임3. 현지입찰 서류 및 계약서류(안)/IKHCC Section 4 - IKHCC BLANK BOQ 250430/4 MECH/BLANK BILL.MECH(MEP).xls,.xls,1337344,2d0e5689227e4bbd2311904d4351ff0bca308e5b11c4d1d202496909acd5388c,1,1,,1,831,823,1,일위대가,hidden,1,0.9903730445246691,A?,자동 표 신호는 최종 A/B로 승격하지 않음
2021-2025,2020-00119,L2025-00070-1,WORKS,L2025-00070-1/붙임3. 현지입찰 서류 및 계약서류(안)/IKHCC Section 4 - IKHCC BLANK BOQ 250430/4 MECH/BLANK BILL.MECH(HOSPITAL).xls,.xls,1235968,8720d754cc3e986be036e1cfdef45baf74559f7549f20d481b8bac23e8336af7,1,1,,1,831,823,1,일위대가,hidden,1,0.9903730445246691,A?,자동 표 신호는 최종 A/B로 승격하지 않음
2021-2025,2020-00119,L2025-00070-1,WORKS,L2025-00070-1/붙임3. 현지입찰 서류 및 계약서류(안)/IKHCC Section 4 - IKHCC BLANK BOQ 250430/4 MECH/BLANK BILL.MECH(BRIDGE).xls,.xls,1424896,b61e26e6dff7092b2fe58420cc843f0e7722f7a0335f7bcb6684128a02b6ec16,1,1,,1,831,823,1,일위대가,hidden,1,0.9903730445246691,A?,자동 표 신호는 최종 A/B로 승격하지 않음
2021-2025,2020-00119,L2025-00070-1,WORKS,L2025-00070-1/붙임3. 현지입찰 서류 및 계약서류(안)/IKHCC Section 4 - IKHCC BLANK BOQ 250430/5 ELEC/BLANK BILL-ELEC - B (MEP BUILDING).xlsm,.xlsm,426206,a636920d68a78ac587cf8191a42250b0ff1dfc635a3cc17d571310e580570bae,1,1,,3,1476,161,0,일위을지,hidden,1,0.023712737127371274,B?,자동 표 신호는 최종 A/B로 승격하지 않음
2021-2025,2020-00119,L2025-00070-1,WORKS,L2025-00070-1/붙임3. 현지입찰 서류 및 계약서류(안)/IKHCC Section 4 - IKHCC BLANK BOQ 250430/5 ELEC/BLANK BILL-ELEC - 0 (TOTAL).xlsm,.xlsm,445864,d25f2183117ab557937eb36e84232913bee71efc309a28cb39e31bb1600e812d,1,1,,3,1476,161,0,일위을지,hidden,1,0.023712737127371274,B?,자동 표 신호는 최종 A/B로 승격하지 않음
2021-2025,2020-00119,L2025-00070-1,WORKS,L2025-00070-1/붙임3. 현지입찰 서류 및 계약서류(안)/IKHCC Section 4 - IKHCC BLANK BOQ 250430/5 ELEC/BLANK BILL-ELEC - A (HOSPITAL).xlsm,.xlsm,408853,2762730f368573765a903e44a95f853b9bf81dd42ff99e7cc12547936ae1f2d4,1,1,,3,1476,35,0,일위을지,hidden,1,0.023712737127371274,B?,자동 표 신호는 최종 A/B로 승격하지 않음
2021-2025,2020-00119,L2025-00070-1,WORKS,L2025-00070-1/붙임3. 현지입찰 서류 및 계약서류(안)/IKHCC Section 4 - IKHCC BLANK BOQ 250430/5 ELEC/BLANK BILL-ELEC - C (BRIDGE).xlsm,.xlsm,448183,6010a7c5eb8dae6bd6aea630ea1e2547859f41b179030218ee09fbd928fffc8e,1,1,,3,1476,161,0,일위을지,hidden,1,0.023712737127371274,B?,자동 표 신호는 최종 A/B로 승격하지 않음
2021-2025,2020-00119,L2025-00070-1,WORKS,L2025-00070-1/붙임3. 현지입찰 서류 및 계약서류(안)/IKHCC Section 4 - IKHCC BLANK BOQ 250430/6 COMMUN/BLANK BILL-COMMUN - 0 (TOTAL).xlsm,.xlsm,271765,1006eec1b38bda7bcedfcdd748e4c48cadd10a929e94b06fc6de7440fc0948c9,1,1,,3,826,95,0,일위을지,hidden,1,0.0811138014527845,B?,자동 표 신호는 최종 A/B로 승격하지 않음
2021-2025,2020-00119,L2025-00070-1,WORKS,L2025-00070-1/붙임3. 현지입찰 서류 및 계약서류(안)/IKHCC Section 4 - IKHCC BLANK BOQ 250430/6 COMMUN/BLANK BILL-COMMUN - C (BRIDGE).xlsm,.xlsm,276178,dd5783efd02abd570ad15930d2d60e0fe1ccca7cfd9e9e51e7fca3b73ad40ea9,1,1,,3,826,95,0,일위을지,hidden,1,0.0811138014527845,B?,자동 표 신호는 최종 A/B로 승격하지 않음
2021-2025,2020-00119,L2025-00070-1,WORKS,L2025-00070-1/붙임3. 현지입찰 서류 및 계약서류(안)/IKHCC Section 4 - IKHCC BLANK BOQ 250430/6 COMMUN/BLANK BILL-COMMUN - B (MEP BUILDING).xlsm,.xlsm,272559,3d2844ae8dc01c300385769bb2746bebf9b88b27b770c7e0f1be5378dbc6f64b,1,1,,3,826,95,0,일위을지,hidden,1,0.0811138014527845,B?,자동 표 신호는 최종 A/B로 승격하지 않음
2021-2025,2020-00119,L2025-00070-1,WORKS,L2025-00070-1/붙임3. 현지입찰 서류 및 계약서류(안)/IKHCC Section 4 - IKHCC BLANK BOQ 250430/6 COMMUN/BLANK BILL-COMMUN - A (HOSPITAL).xlsm,.xlsm,242663,d156c3b2a4f144fad57ffe385bf9404bcb64a71d2c6160fa17874405cfd70c81,1,1,,3,826,67,0,일위을지,hidden,1,0.0811138014527845,B?,자동 표 신호는 최종 A/B로 승격하지 않음
2021-2025,2020-00119,L2025-00070-1,WORKS,L2025-00070-1/붙임3. 현지입찰 서류 및 계약서류(안)/IKHCC Section 4 - IKHCC BLANK BOQ 250430/1 Architectural & summery/BILL No1 -Architectural Works-01. HOSPITAL(BLANK BILL).xlsx,.xlsx,677921,47d79c95e2c3273f84778935276c94526e369cc1b1bc057f6b03c998f44e253f,1,1,,2,377,0,0,Works particular bill,visible,1,0.0,B?,자동 표 신호는 최종 A/B로 승격하지 않음
2021-2025,2020-00119,L2025-00070-1,WORKS,L2025-00070-1/붙임3. 현지입찰 서류 및 계약서류(안)/IKHCC Section 4 - IKHCC BLANK BOQ 250430/1 Architectural & summery/BILL No1 -Architectural Works-03. BRIDGE(BLANK BILL).xlsx,.xlsx,643812,9af2b1263622fb9487fbf8ea97b31ead65763962f1c58d657985557a58983e83,1,1,,2,48,0,0,Works particular bill,visible,1,0.0,B?,자동 표 신호는 최종 A/B로 승격하지 않음
2021-2025,2020-00119,L2025-00070-1,WORKS,L2025-00070-1/붙임3. 현지입찰 서류 및 계약서류(안)/IKHCC Section 4 - IKHCC BLANK BOQ 250430/1 Architectural & summery/BILL No1 -Architectural Works-02. MEP BUILDING(BLANK BILL).xlsx,.xlsx,670008,e882c3f7b2c691fc22ee6ee99fba87f9ca830eb3c133892b8c8800d7d02e97cb,1,1,,2,149,0,0,Works particular bill,visible,1,0.0,B?,자동 표 신호는 최종 A/B로 승격하지 않음
2021-2025,2020-00119,L2025-00070-1,WORKS,L2025-00070-1/붙임3. 현지입찰 서류 및 계약서류(안)/IKHCC Section 4 - IKHCC BLANK BOQ 250430/1 Architectural & summery/Bill _Total Cost Summary-Blank 250306.xlsx,.xlsx,636201,91332400de69e34ae40026af2416f1b516644fe7da6004e86983efa25e049eac,1,1,,0,0,0,0,,,0,0.0,BOQ_NAME_ONLY,자동 표 신호는 최종 A/B로 승격하지 않음
2021-2025,2020-00119,L2025-00070-1,WORKS,L2025-00070-1/붙임3. 현지입찰 서류 및 계약서류(안)/IKHCC Section 4 - IKHCC BLANK BOQ 250430/2 Land/BILL No2-LAND-blank.xlsx,.xlsx,61604,c1bc5d70f7890380284bc1ac52db2ebd9027a588f1855aab191d262d2d5e98ba,1,1,,0,0,0,0,,,0,0.0,BOQ_NAME_ONLY,자동 표 신호는 최종 A/B로 승격하지 않음
2021-2025,2020-00119,L2025-00070-1,WORKS,L2025-00070-1/붙임3. 현지입찰 서류 및 계약서류(안)/IKHCC Section 4 - IKHCC BLANK BOQ 250430/7 FIRE FIGHTING/FIREFIGHTING_ELEC/BLANK BILL-FIRE FIGHTING ELEC - 0 (TOTAL).xlsm,.xlsm,107555,83f64c03b3ed36d32e44a5a855a050c75a9fdca09e13d0409d4bbfc481a02d66,1,1,,3,250,86,0,일위을지,hidden,1,0.0,B?,자동 표 신호는 최종 A/B로 승격하지 않음
2021-2025,2020-00119,L2025-00070-1,WORKS,L2025-00070-1/붙임3. 현지입찰 서류 및 계약서류(안)/IKHCC Section 4 - IKHCC BLANK BOQ 250430/7 FIRE FIGHTING/FIREFIGHTING_ELEC/BLANK BILL-FIRE FIGHTING ELEC - C (BRIDGE).xlsm,.xlsm,108291,a66b56e34694551d25d1c71e5d21cdd34ef6cdc5d1fe9913d7a8fdd2168407ed,1,1,,3,250,75,0,일위을지,hidden,1,0.0,B?,자동 표 신호는 최종 A/B로 승격하지 않음
2021-2025,2020-00119,L2025-00070-1,WORKS,L2025-00070-1/붙임3. 현지입찰 서류 및 계약서류(안)/IKHCC Section 4 - IKHCC BLANK BOQ 250430/7 FIRE FIGHTING/FIREFIGHTING_ELEC/BLANK BILL-FIRE FIGHTING ELEC - B (MEP BUILDING).xlsm,.xlsm,105175,21ba91bb3b87cc4a3fbb83a64a4685c946ad254bee1449d1f253a46e3fbf8544,1,1,,3,250,51,0,일위을지,hidden,1,0.0,B?,자동 표 신호는 최종 A/B로 승격하지 않음
2021-2025,2020-00119,L2025-00070-1,WORKS,L2025-00070-1/붙임3. 현지입찰 서류 및 계약서류(안)/IKHCC Section 4 - IKHCC BLANK BOQ 250430/7 FIRE FIGHTING/FIREFIGHTING_ELEC/BLANK BILL-FIRE FIGHTING ELEC - A (HOSPITAL).xlsm,.xlsm,105228,9ffa9d47d2ec91c02914ee0d70e0bb54b361f4e85b738b4d24ed32dc1887b98a,1,1,,3,250,46,0,일위을지,hidden,1,0.0,B?,자동 표 신호는 최종 A/B로 승격하지 않음
2021-2025,2020-00119,L2025-00070-1,WORKS,L2025-00070-1/붙임3. 현지입찰 서류 및 계약서류(안)/IKHCC Section 4 - IKHCC BLANK BOQ 250430/7 FIRE FIGHTING/FIREFIGHTING_MEC/BLANK BILL.MECH(MEP).xls,.xls,1337344,2d0e5689227e4bbd2311904d4351ff0bca308e5b11c4d1d202496909acd5388c,1,1,,1,831,823,1,일위대가,hidden,1,0.9903730445246691,A?,자동 표 신호는 최종 A/B로 승격하지 않음
2021-2025,2020-00119,L2025-00070-1,WORKS,L2025-00070-1/붙임3. 현지입찰 서류 및 계약서류(안)/IKHCC Section 4 - IKHCC BLANK BOQ 250430/7 FIRE FIGHTING/FIREFIGHTING_MEC/BLANK BILL.MECH(TOTAL).xls,.xls,1402880,943c92d368e4e26e68ff2d5dc17a80fc0672c2766d586d3aa6c68578e0614040,1,1,,1,831,823,1,일위대가,hidden,1,0.9903730445246691,A?,자동 표 신호는 최종 A/B로 승격하지 않음
2021-2025,2020-00119,L2025-00070-1,WORKS,L2025-00070-1/붙임3. 현지입찰 서류 및 계약서류(안)/IKHCC Section 4 - IKHCC BLANK BOQ 250430/7 FIRE FIGHTING/FIREFIGHTING_MEC/BLANK BILL.MECH(HOSPITAL).xls,.xls,1235968,8720d754cc3e986be036e1cfdef45baf74559f7549f20d481b8bac23e8336af7,1,1,,1,831,823,1,일위대가,hidden,1,0.9903730445246691,A?,자동 표 신호는 최종 A/B로 승격하지 않음
2021-2025,2020-00119,L2025-00070-1,WORKS,L2025-00070-1/붙임3. 현지입찰 서류 및 계약서류(안)/IKHCC Section 4 - IKHCC BLANK BOQ 250430/7 FIRE FIGHTING/FIREFIGHTING_MEC/BLANK BILL.MECH(BRIDGE).xls,.xls,1424896,6897a174ff988b300d26b83c45ce53ce52df4bc577a8816c15f1e7e7cc607611,1,1,,1,831,823,1,일위대가,hidden,1,0.9903730445246691,A?,자동 표 신호는 최종 A/B로 승격하지 않음
2021-2025,2016-20176,L2022-00032-1,WORKS,L2022-00032-1/(붙임3) 설계 및 규정참고자료(영문)/Attachment (Design Documents) 3. BOQ (blanked).zip,.zip,478458,27555e35067316196b079d46ba585966fd33c4f0c9d9f2594feafcbb1b282c57,1,1,,0,0,0,0,,,,0.0,BOQ_NAME_ONLY,자동 표 신호는 최종 A/B로 승격하지 않음
2021-2025,2016-20176,L2022-00032-1,WORKS,L2022-00032-1/(붙임3) 설계 및 규정참고자료(영문)/Attachment (Design Documents) 3. BOQ (blanked)/BOQ (unit price blanked).XLS,.xls,684544,fab23ffb9dfc62c883c66d9d238996d0ee9d6715da53874d599ae18b7b2476ed,1,1,,1,498,0,0,LISTADO DE PARTIDAS ,visible,5,0.0,B?,자동 표 신호는 최종 A/B로 승격하지 않음
2021-2025,2016-20176,L2022-00032-1,WORKS,L2022-00032-1/(붙임3) 설계 및 규정참고자료(영문)/Attachment (Design Documents) 3. BOQ (blanked)/BOQ (unit price blanked).pdf,.pdf,505425,2d363840a32ce088371547a50512c9d04dc45839c57554d35e0de7a8004ab8e8,1,1,,0,0,0,0,,,,0.0,BOQ_NAME_ONLY,자동 표 신호는 최종 A/B로 승격하지 않음
2021-2025,2019-00045,L2021-00031-1,WORKS,L2021-00031-1/3. Attachments/Attachment 1-2. Checklist of PQ Documents_1016.xlsx,.xlsx,13208,15a3f7ec7f7ce55f396bda63f6252575edf663bee8256caa59e5974c285bde0f,0,0,,0,0,0,0,,,,0.0,NONE,자동 표 신호는 최종 A/B로 승격하지 않음
2021-2025,2019-00045,L2021-00031-1,WORKS,L2021-00031-1/3. Attachments/Attachment 7. Checklist of Bid Documents_1016.xlsx,.xlsx,13847,63585a0855faa24b14f4127a7de30c5a5224d70cf663d25dac911992114cc4c7,0,0,,0,0,0,0,,,,0.0,NONE,자동 표 신호는 최종 A/B로 승격하지 않음
2021-2025,2019-00045,L2021-00031-1,WORKS,L2021-00031-1/2. Chapters/Chapter 2. Bid BoQ_1021/5)FLS-1008.xlsx,.xlsx,41873,2f433f2fd39a5bc8f8bee1e4c3520fc3b590cc83c3d83fbef9b3cd73e66aebd5,0,0,,3,22,0,0,BOQ PHASE-1,visible,2,0.0,B?,자동 표 신호는 최종 A/B로 승격하지 않음
2021-2025,2019-00045,L2021-00031-1,WORKS,L2021-00031-1/2. Chapters/Chapter 2. Bid BoQ_1021/3)BOUNDARY WALL_1008.xlsx,.xlsx,33332,21bcfd396eb9b1426dbc8acff021148c6bc0aef61073dbd6c594e1901a0be137,0,0,,2,26,1,0,B.WCal.,hidden,1,0.0,B?,자동 표 신호는 최종 A/B로 승격하지 않음
2021-2025,2019-00045,L2021-00031-1,WORKS,L2021-00031-1/2. Chapters/Chapter 2. Bid BoQ_1021/1)CIVIL (With Cover)_1008.xls,.xls,406528,77d948f4b2c4f4828e0a1dffc6bc8b253c61908f820be9c49250fcdc716c415d,0,0,,7,69,1,0,Ground Floor (Civil),visible,4,0.014492753623188406,B?,자동 표 신호는 최종 A/B로 승격하지 않음
2021-2025,2019-00045,L2021-00031-1,WORKS,L2021-00031-1/2. Chapters/Chapter 2. Bid BoQ_1021/2)GUARD-ROOM_1008.xls,.xls,82432,3a1c8341f7ff213f228e85a958a475fa04a78b3fd048a31335c184f58ebc0d40,0,0,,1,32,1,0,Guard Room (Civil) O,visible,3,0.03125,B?,자동 표 신호는 최종 A/B로 승격하지 않음
2021-2025,2019-00045,L2021-00031-1,WORKS,L2021-00031-1/2. Chapters/Chapter 2. Bid BoQ_1021/4)Electric-1008.xlsx,.xlsx,31152,a5a882e048f6cf0fd2e1520dacef79bd31da5a4b77d2c1d1e475c3fee95a3726,0,0,,1,94,1,0,ELEC,visible,2,0.010638297872340425,B?,자동 표 신호는 최종 A/B로 승격하지 않음
2021-2025,2019-00045,L2021-00031-1,WORKS,L2021-00031-1/2. Chapters/Chapter 2. Bid BoQ_1021/6)HVAC_1008.xlsx,.xlsx,17962,033b8313b9ca7a0075ea54b6012173a25b1d25bec5a1b79a90d59f6af109ba32,0,0,,1,28,0,0,BOQ,visible,1,0.0,B?,자동 표 신호는 최종 A/B로 승격하지 않음
2021-2025,2011-00008,L2023-00068-1,WORKS,L2023-00068-1/입찰공고 관련서류 최종본/Section 4 - Bill of Quantity.xlsx,.xlsx,587287,485cd48ab887e7cbffd325b7167ceb634c24d5ebf80836141f916ec19e679c94,1,0,,1,110,0,0,DETAIL BOQ,visible,5,0.0,B?,자동 표 신호는 최종 A/B로 승격하지 않음
2021-2025,2019-00005,L2023-00009-1,WORKS,L2023-00009-1/2. 입찰서류(영문)/Part 2(░·╛≈┴÷╜├╝¡)/Section 4. Bill of Quantities_unpriced.xlsx,.xlsx,10826631,ffa2463b0b5c7a652f98e5087245647a99ddd527c9c6ff31f6d3f17103a9b0e9,1,1,,8,113,0,0,ADMIN BLOCK,visible,1,0.0,B?,자동 표 신호는 최종 A/B로 승격하지 않음
2021-2025,2020-00086,L2023-00036-1,WORKS,L2023-00036-1/붙임3_입찰관련서류_검토완_0717/Section 4.  Bill of Quantities(Not-Priced).zip,.zip,13052503,99a055acc422a26b58aeb64cff198b7e527518a20cc52f0be4eb5bc26fb3afca,1,1,,0,0,0,0,,,,0.0,BOQ_NAME_ONLY,자동 표 신호는 최종 A/B로 승격하지 않음
2021-2025,2020-00086,L2023-00036-1,WORKS,L2023-00036-1/붙임3_입찰관련서류_검토완_0717/Section 4.  Bill of Quantities(Not-Priced)/Estimate Detailed Conditions)(VTC+TTC)_Final_.docx,.docx,80256,85e95a0b24220bc384b973a8b80ddf9f69be2a1263001b8c8ae3065ad7d3c962,1,1,,0,0,0,0,,,,0.0,BOQ_NAME_ONLY,자동 표 신호는 최종 A/B로 승격하지 않음
2021-2025,2020-00086,L2023-00036-1,WORKS,L2023-00036-1/붙임3_입찰관련서류_검토완_0717/Section 4.  Bill of Quantities(Not-Priced)/.Urgench_CM_Comments_Arch_VTC_and_TTC_ENG_20230707.zip,.zip,6277094,bb0bb341fea9c97c5d1f6886bfc0e8d81bef7ec0a0005c4732279204d73f6f30,1,1,,0,0,0,0,,,,0.0,BOQ_NAME_ONLY,자동 표 신호는 최종 A/B로 승격하지 않음
2021-2025,2020-00086,L2023-00036-1,WORKS,L2023-00036-1/붙임3_입찰관련서류_검토완_0717/Section 4.  Bill of Quantities(Not-Priced)/Section 4. Bill of Quantity(Not-Priced) Summary.xls,.xls,76800,037a7d1fe991db0c65622821b70b45e6af52d1e48416557c86b53041692045d7,1,1,,0,0,0,0,,,0,0.0,BOQ_NAME_ONLY,자동 표 신호는 최종 A/B로 승격하지 않음
2021-2025,2020-00086,L2023-00036-1,WORKS,L2023-00036-1/붙임3_입찰관련서류_검토완_0717/Section 4.  Bill of Quantities(Not-Priced)/.Urgench_CM_Comments_Arch_VTC_and_TTC_ENG_20230707/1.3.3. Urgench CM_Comments_Mech_VTC_and_TTC_Main_ENG_20230707.xlsx.docx,.docx,16615,29ae17bcfb236300ba73df96caa054ed9ce989b8ba57084acd00b934eb9595a3,1,1,,0,0,0,0,,,,0.0,BOQ_NAME_ONLY,자동 표 신호는 최종 A/B로 승격하지 않음
2021-2025,2020-00086,L2023-00036-1,WORKS,L2023-00036-1/붙임3_입찰관련서류_검토완_0717/Section 4.  Bill of Quantities(Not-Priced)/.Urgench_CM_Comments_Arch_VTC_and_TTC_ENG_20230707/1.4. Urgench CM_Comments_PMC_VTC_and_TTC_ENG_20230707.xlsx,.xlsx,18240,6267ba3be03e15ebb107a67e18bd725ae8b33e8b48c5827fa075966fde925d4a,1,1,,0,0,0,0,,,0,0.0,BOQ_NAME_ONLY,자동 표 신호는 최종 A/B로 승격하지 않음
2021-2025,2020-00086,L2023-00036-1,WORKS,L2023-00036-1/붙임3_입찰관련서류_검토완_0717/Section 4.  Bill of Quantities(Not-Priced)/.Urgench_CM_Comments_Arch_VTC_and_TTC_ENG_20230707/1.3.1. Urgench CM Comments(Mech) VTC_20230704_R3.xlsx,.xlsx,6188237,3748d4f009cd54f2282e881d0536c882181a3e457e4d641bd2f93b9ae5b7fc3b,1,1,,0,0,0,0,,,0,0.0,BOQ_NAME_ONLY,자동 표 신호는 최종 A/B로 승격하지 않음
2021-2025,2020-00086,L2023-00036-1,WORKS,L2023-00036-1/붙임3_입찰관련서류_검토완_0717/Section 4.  Bill of Quantities(Not-Priced)/.Urgench_CM_Comments_Arch_VTC_and_TTC_ENG_20230707/1.1.Urgench_CM_Comments_Arch_VTC_and_TTC_ENG_20230505.xlsx,.xlsx,26633,08702e1b68ae13cb4ea31105eb2d1413073365045e5def30a2c799ad087aa8e7,1,1,,0,0,0,0,,,0,0.0,BOQ_NAME_ONLY,자동 표 신호는 최종 A/B로 승격하지 않음
2021-2025,2020-00086,L2023-00036-1,WORKS,L2023-00036-1/붙임3_입찰관련서류_검토완_0717/Section 4.  Bill of Quantities(Not-Priced)/.Urgench_CM_Comments_Arch_VTC_and_TTC_ENG_20230707/1.3.2. Urgench CM Comments(Mech)_Tashkent_TTC_Drawings_20230704.xlsx,.xlsx,788369,d6dcc478819c73e452f13add3e10ce964f21104cb779fc3b9992106eb0026c87,1,1,,0,0,0,0,,,0,0.0,BOQ_NAME_ONLY,자동 표 신호는 최종 A/B로 승격하지 않음
2021-2025,2020-00086,L2023-00036-1,WORKS,L2023-00036-1/붙임3_입찰관련서류_검토완_0717/Section 4.  Bill of Quantities(Not-Priced)/.Urgench_CM_Comments_Arch_VTC_and_TTC_ENG_20230707/1.2. Urgench CM Comments(Elec)_VTC+TTC-(ENG)__20230707.xlsx,.xlsx,18391,97cbb7c5606fd8e13d33953e0c4258dc32df19871ad462ac80d3d9ab0de4ebe3,1,1,,0,0,0,0,,,0,0.0,BOQ_NAME_ONLY,자동 표 신호는 최종 A/B로 승격하지 않음
2021-2025,2020-00086,L2023-00036-1,WORKS,L2023-00036-1/붙임3_입찰관련서류_검토완_0717/Section 4.  Bill of Quantities(Not-Priced)/공내역서/Total Table(VTC+TTC o).xls,.xls,46592,2b31964c93f2361fea7c845e3bb14da51759b044460b06d74d5174fc81a876a8,1,1,,0,0,0,0,,,0,0.0,BOQ_NAME_ONLY,자동 표 신호는 최종 A/B로 승격하지 않음
2021-2025,2020-00086,L2023-00036-1,WORKS,L2023-00036-1/붙임3_입찰관련서류_검토완_0717/Section 4.  Bill of Quantities(Not-Priced)/공내역서/TTC견적서/Estimate Manual(VTC+TTC).docx,.docx,61925,45d6dcb2d563481212a18017b78a268e453685bae9d504e1f74e23b5679e21b1,1,1,,0,0,0,0,,,,0.0,BOQ_NAME_ONLY,자동 표 신호는 최종 A/B로 승격하지 않음
2021-2025,2020-00086,L2023-00036-1,WORKS,L2023-00036-1/붙임3_입찰관련서류_검토완_0717/Section 4.  Bill of Quantities(Not-Priced)/공내역서/TTC견적서/Total Table(TTC o).xls,.xls,46080,28d446c09dedabb50892b509edb8f58f15a29925ca0afbc015ed89632a9de30e,1,1,,0,0,0,0,,,0,0.0,BOQ_NAME_ONLY,자동 표 신호는 최종 A/B로 승격하지 않음
2021-2025,2020-00086,L2023-00036-1,WORKS,L2023-00036-1/붙임3_입찰관련서류_검토완_0717/Section 4.  Bill of Quantities(Not-Priced)/공내역서/VTC견적서/Estimate Manual(VTC+TTC).docx,.docx,61925,45d6dcb2d563481212a18017b78a268e453685bae9d504e1f74e23b5679e21b1,1,1,,0,0,0,0,,,,0.0,BOQ_NAME_ONLY,자동 표 신호는 최종 A/B로 승격하지 않음
2021-2025,2020-00086,L2023-00036-1,WORKS,L2023-00036-1/붙임3_입찰관련서류_검토완_0717/Section 4.  Bill of Quantities(Not-Priced)/공내역서/VTC견적서/Total Table(VTC o).xls,.xls,53248,95215ae6e2ec160e32c5a08207e13a9f849e9f0f7420e9315a16d201c6b36283,1,1,,0,0,0,0,,,0,0.0,BOQ_NAME_ONLY,자동 표 신호는 최종 A/B로 승격하지 않음
2021-2025,2020-00086,L2023-00036-1,WORKS,L2023-00036-1/붙임3_입찰관련서류_검토완_0717/Section 4.  Bill of Quantities(Not-Priced)/공내역서/VTC견적서/9 ТП(Transformers)/СВОДКА ТП o.xls,.xls,37376,facd6690ec26530b590132959b7d4a075ba1994b5106b4bcde8fc118b849ef8c,1,1,,0,0,0,0,,,0,0.0,BOQ_NAME_ONLY,자동 표 신호는 최종 A/B로 승격하지 않음
2021-2025,2020-00086,L2023-00036-1,WORKS,L2023-00036-1/붙임3_입찰관련서류_검토완_0717/Section 4.  Bill of Quantities(Not-Priced)/공내역서/VTC견적서/9 ТП(Transformers)/Титул  ТОМ XI.doc,.doc,31232,562b75d717c841e3583929c3dc728976da62eae357252f326b5e55a04f1d196c,1,1,,0,0,0,0,,,,0.0,BOQ_NAME_ONLY,자동 표 신호는 최종 A/B로 승격하지 않음
2021-2025,2020-00086,L2023-00036-1,WORKS,L2023-00036-1/붙임3_입찰관련서류_검토완_0717/Section 4.  Bill of Quantities(Not-Priced)/공내역서/VTC견적서/5 МИНИКУХНЯ(Mini Cafe)/СВОДКА МИНИ-КУХНЯ o.xls,.xls,40448,8f914360b8e4f1fc5d8468deaf2b61af743e6873fa2b694c0fb7dbcc7a4bed51,1,1,,0,0,0,0,,,0,0.0,BOQ_NAME_ONLY,자동 표 신호는 최종 A/B로 승격하지 않음
2021-2025,2020-00086,L2023-00036-1,WORKS,L2023-00036-1/붙임3_입찰관련서류_검토완_0717/Section 4.  Bill of Quantities(Not-Priced)/공내역서/VTC견적서/5 МИНИКУХНЯ(Mini Cafe)/Титул  ТОМ VI.doc,.doc,31232,5d3df82f7fc981a9739b9b7c058a93fee78c22081ac1c704fbb85f9f85a42c87,1,1,,0,0,0,0,,,,0.0,BOQ_NAME_ONLY,자동 표 신호는 최종 A/B로 승격하지 않음
2021-2025,2020-00086,L2023-00036-1,WORKS,L2023-00036-1/붙임3_입찰관련서류_검토완_0717/Section 4.  Bill of Quantities(Not-Priced)/공내역서/VTC견적서/1 АДМИН ЗДАНИЕ(Admin. Build)/СВОДКА АДМИН ЗДАНИЕ o.xls,.xls,43008,239cf320377a69c6514a677d854e57982e433342b7a55f43a6b4565f1d6e2655,1,1,,0,0,0,0,,,0,0.0,BOQ_NAME_ONLY,자동 표 신호는 최종 A/B로 승격하지 않음
2021-2025,2020-00086,L2023-00036-1,WORKS,L2023-00036-1/붙임3_입찰관련서류_검토완_0717/Section 4.  Bill of Quantities(Not-Priced)/공내역서/VTC견적서/1 АДМИН ЗДАНИЕ(Admin. Build)/Титул  ТОМ II.doc,.doc,30720,835c98ce909b2e964c2710e36061eb15d37eb1fc6a1e589b4eb01f7a428e6ab1,1,1,,0,0,0,0,,,,0.0,BOQ_NAME_ONLY,자동 표 신호는 최종 A/B로 승격하지 않음
2021-2025,2020-00086,L2023-00036-1,WORKS,L2023-00036-1/붙임3_입찰관련서류_검토완_0717/Section 4.  Bill of Quantities(Not-Priced)/공내역서/VTC견적서/2 УПК(Practice and Education Building)/СВОДКА УНП o.xls,.xls,41984,4e9e4173d9aaf338992fc1a73bdba899f9b1309cc10a476fa73a616edd0c77fa,1,1,,0,0,0,0,,,0,0.0,BOQ_NAME_ONLY,자동 표 신호는 최종 A/B로 승격하지 않음
2021-2025,2020-00086,L2023-00036-1,WORKS,L2023-00036-1/붙임3_입찰관련서류_검토완_0717/Section 4.  Bill of Quantities(Not-Priced)/공내역서/VTC견적서/2 УПК(Practice and Education Building)/Титул  ТОМ III.doc,.doc,31232,f8ec15c11cbb553ae2762ca699a90e16cd13aa1ef2cbd491e594fed4da383a69,1,1,,0,0,0,0,,,,0.0,BOQ_NAME_ONLY,자동 표 신호는 최종 A/B로 승격하지 않음
2021-2025,2020-00086,L2023-00036-1,WORKS,L2023-00036-1/붙임3_입찰관련서류_검토완_0717/Section 4.  Bill of Quantities(Not-Priced)/공내역서/VTC견적서/6 КПП(Guard House+Fence & Gate)/СВОДКА КПП o.xls,.xls,39936,d27c5152b98d05c4e041485209c2097fc8c59879eaa9b7191d41891200560736,1,1,,0,0,0,0,,,0,0.0,BOQ_NAME_ONLY,자동 표 신호는 최종 A/B로 승격하지 않음
2021-2025,2020-00086,L2023-00036-1,WORKS,L2023-00036-1/붙임3_입찰관련서류_검토완_0717/Section 4.  Bill of Quantities(Not-Priced)/공내역서/VTC견적서/6 КПП(Guard House+Fence & Gate)/Титул  ТОМ VII.doc,.doc,31232,d3a2878206d1a5ed18bf735bd8e0e29bcf39f0f7e7908670880919bce45c4d64,1,1,,0,0,0,0,,,,0.0,BOQ_NAME_ONLY,자동 표 신호는 최종 A/B로 승격하지 않음
2021-2025,2020-00086,L2023-00036-1,WORKS,L2023-00036-1/붙임3_입찰관련서류_검토완_0717/Section 4.  Bill of Quantities(Not-Priced)/공내역서/VTC견적서/0 ГП(Site Plan & Landscape+Outdoor Infra)/Титул  ГП.doc,.doc,31232,668b31d75f72b7e552805f9881eb1194815e756808fbb34626fafe827afacac8,1,1,,0,0,0,0,,,,0.0,BOQ_NAME_ONLY,자동 표 신호는 최종 A/B로 승격하지 않음
2021-2025,2020-00086,L2023-00036-1,WORKS,L2023-00036-1/붙임3_입찰관련서류_검토완_0717/Section 4.  Bill of Quantities(Not-Priced)/공내역서/VTC견적서/0 ГП(Site Plan & Landscape+Outdoor Infra)/СВОДКА ГП o.xls,.xls,45568,ea3f4e528b188609521baeecebb2d8c370f0b8bcb04912b0ecc7b6f576cead23,1,1,,0,0,0,0,,,0,0.0,BOQ_NAME_ONLY,자동 표 신호는 최종 A/B로 승격하지 않음
2021-2025,2020-00086,L2023-00036-1,WORKS,L2023-00036-1/붙임3_입찰관련서류_검토완_0717/Section 4.  Bill of Quantities(Not-Priced)/공내역서/VTC견적서/7 КОМПРЕССОРАНЯ(Comp.+GAS storage)/Титул  ТОМ VIII.doc,.doc,31232,f5cd809cdb57d6a998fcf268c2026e9e6273e70367355d3819724a2f5393a610,1,1,,0,0,0,0,,,,0.0,BOQ_NAME_ONLY,자동 표 신호는 최종 A/B로 승격하지 않음
2021-2025,2020-00086,L2023-00036-1,WORKS,L2023-00036-1/붙임3_입찰관련서류_검토완_0717/Section 4.  Bill of Quantities(Not-Priced)/공내역서/VTC견적서/7 КОМПРЕССОРАНЯ(Comp.+GAS storage)/СВОДКА КОМПРЕССОРНАЯ o.xls,.xls,38400,0b2724d38273defda9a531465cca025007abde2b3afdd8f53e7888f815118475,1,1,,0,0,0,0,,,0,0.0,BOQ_NAME_ONLY,자동 표 신호는 최종 A/B로 승격하지 않음
2021-2025,2020-00086,L2023-00036-1,WORKS,L2023-00036-1/붙임3_입찰관련서류_검토완_0717/Section 4.  Bill of Quantities(Not-Priced)/공내역서/VTC견적서/3 ОБЩЕЖИТИЕ(Dormitory)/СВОДКА ОБЩЕЖИТИЕ o.xls,.xls,41984,9e450ed4764d68cf1717aec94480771f8ac30c1c153541e64da47a920e09d403,1,1,,0,0,0,0,,,0,0.0,BOQ_NAME_ONLY,자동 표 신호는 최종 A/B로 승격하지 않음
2021-2025,2020-00086,L2023-00036-1,WORKS,L2023-00036-1/붙임3_입찰관련서류_검토완_0717/Section 4.  Bill of Quantities(Not-Priced)/공내역서/VTC견적서/8 ПОЖАРНАЯ ЕМЪКОСТЬ(Fire Tank)/СВОДКА НАСОСНАЯ o.xls,.xls,36864,8ef74923d250818b9dc846d7e1e8cf5532a3e349c007a54e4475abbae35c2b29,1,1,,0,0,0,0,,,0,0.0,BOQ_NAME_ONLY,자동 표 신호는 최종 A/B로 승격하지 않음
2021-2025,2020-00086,L2023-00036-1,WORKS,L2023-00036-1/붙임3_입찰관련서류_검토완_0717/Section 4.  Bill of Quantities(Not-Priced)/공내역서/VTC견적서/8 ПОЖАРНАЯ ЕМЪКОСТЬ(Fire Tank)/Титул  ТОМ VIII.doc,.doc,31232,5ddb37550ef46644b2b3d4e63ede77d94e36e452ec009253911c901adac38784,1,1,,0,0,0,0,,,,0.0,BOQ_NAME_ONLY,자동 표 신호는 최종 A/B로 승격하지 않음
2021-2025,2020-00086,L2023-00036-1,WORKS,L2023-00036-1/붙임3_입찰관련서류_검토완_0717/Section 4.  Bill of Quantities(Not-Priced)/공내역서/VTC견적서/4 БУФЕТ(Cafeteria)/Титул  ТОМ V.doc,.doc,31232,a0409474de93963ccc2edc98b174358d13a0f332a3278a64d7054f37b8652ce2,1,1,,0,0,0,0,,,,0.0,BOQ_NAME_ONLY,자동 표 신호는 최종 A/B로 승격하지 않음
2021-2025,2020-00086,L2023-00036-1,WORKS,L2023-00036-1/붙임3_입찰관련서류_검토완_0717/Section 4.  Bill of Quantities(Not-Priced)/공내역서/VTC견적서/4 БУФЕТ(Cafeteria)/СВОДКА БУФЕТ o.xls,.xls,41984,4ecacaffd035763b281b2ec0f37463659ed1670d177cc1b38809ca7cbec90628,1,1,,0,0,0,0,,,0,0.0,BOQ_NAME_ONLY,자동 표 신호는 최종 A/B로 승격하지 않음
2021-2025,2020-00086,L2023-00036-1,WORKS,L2023-00036-1/붙임3_입찰관련서류_검토완_0717/Section 4.  Bill of Quantities(Not-Priced)/공내역서/VTC견적서/4 БУФЕТ(Cafeteria)/4-9 ТХ/13743_vfor.xls,.xls,33280,c8d68a7f99bd5aa730939196a85ab57f191b2ab524c3c5bac885dcbbdbecaa69,1,1,,0,0,0,0,,,0,0.0,BOQ_NAME_ONLY,자동 표 신호는 최종 A/B로 승격하지 않음
2021-2025,2020-00086,L2023-00036-1,WORKS,L2023-00036-1/붙임3_입찰관련서류_검토완_0717/Section 4.  Bill of Quantities(Not-Priced)/공내역서/VTC견적서/4 БУФЕТ(Cafeteria)/4-9 ТХ/13743_vrmu.xls,.xls,44032,78405bf4dba631faab9d2df8eb3c9871b3b3e6bcb3d8da1b40aa473f959fda6a,1,1,,0,0,0,0,,,0,0.0,BOQ_NAME_ONLY,자동 표 신호는 최종 A/B로 승격하지 않음
2021-2025,2020-00086,L2023-00036-1,WORKS,L2023-00036-1/붙임3_입찰관련서류_검토완_0717/Section 4.  Bill of Quantities(Not-Priced)/공내역서/VTC견적서/4 БУФЕТ(Cafeteria)/4-9 ТХ/bv13740.xls,.xls,45056,81b3b9a2bd4d7715fcfc6a79b81680314cf0ee94a009ceab7a13cc679ca3f9a0,1,1,,0,0,0,0,,,0,0.0,BOQ_NAME_ONLY,자동 표 신호는 최종 A/B로 승격하지 않음
2021-2025,2020-00086,L2023-00036-1,WORKS,"L2023-00036-1/붙임3_입찰관련서류_검토완_0717/Section 4.  Bill of Quantities(Not-Priced)/공내역서/VTC견적서/4 БУФЕТ(Cafeteria)/4-7 ВН, СКС(CCTV & Network)/13323_vfor.xls",.xls,47616,bd337520c73d4d2e111bd320f563772ebf15d04cc070a3c51c25a2f9742c00de,1,1,,0,0,0,0,,,0,0.0,BOQ_NAME_ONLY,자동 표 신호는 최종 A/B로 승격하지 않음
2021-2025,2020-00086,L2023-00036-1,WORKS,"L2023-00036-1/붙임3_입찰관련서류_검토완_0717/Section 4.  Bill of Quantities(Not-Priced)/공내역서/VTC견적서/4 БУФЕТ(Cafeteria)/4-7 ВН, СКС(CCTV & Network)/13323_vrmu.xls",.xls,56832,a965a9f3d225f89ea5505676fa4b27565617d1ccd45171df72e2d792f5246df8,1,1,,1,85,1,0,Лист1,visible,8,0.011764705882352941,B?,자동 표 신호는 최종 A/B로 승격하지 않음
2021-2025,2020-00086,L2023-00036-1,WORKS,"L2023-00036-1/붙임3_입찰관련서류_검토완_0717/Section 4.  Bill of Quantities(Not-Priced)/공내역서/VTC견적서/4 БУФЕТ(Cafeteria)/4-7 ВН, СКС(CCTV & Network)/bv13320.xls",.xls,87040,361a226fbda147a7d7ef7fb5d8d6d1c8872c0ed1662beb04e60fbd5668ac0762,1,1,,0,0,0,0,,,0,0.0,BOQ_NAME_ONLY,자동 표 신호는 최종 A/B로 승격하지 않음
2021-2025,2020-00086,L2023-00036-1,WORKS,L2023-00036-1/붙임3_입찰관련서류_검토완_0717/Section 4.  Bill of Quantities(Not-Priced)/공내역서/VTC견적서/4 БУФЕТ(Cafeteria)/4-5 ЭО(Electric)/13383_vrmu.xls,.xls,60416,2277aa6b32da71292f8a69faae1241528367c8c6929e15a3ba1b26669f36572d,1,1,,1,83,1,0,Лист1,visible,8,0.012048192771084338,B?,자동 표 신호는 최종 A/B로 승격하지 않음
2021-2025,2020-00086,L2023-00036-1,WORKS,L2023-00036-1/붙임3_입찰관련서류_검토완_0717/Section 4.  Bill of Quantities(Not-Priced)/공내역서/VTC견적서/4 БУФЕТ(Cafeteria)/4-5 ЭО(Electric)/bv13380.xls,.xls,105984,ca022ac74868089349f7351ccbad69acd7123e242598613111ebc50d6fe072f5,1,1,,0,0,0,0,,,0,0.0,BOQ_NAME_ONLY,자동 표 신호는 최종 A/B로 승격하지 않음
2021-2025,2020-00086,L2023-00036-1,WORKS,L2023-00036-1/붙임3_입찰관련서류_검토완_0717/Section 4.  Bill of Quantities(Not-Priced)/공내역서/VTC견적서/4 БУФЕТ(Cafeteria)/4-5 ЭО(Electric)/13383_vfor.xls,.xls,52736,aa89940fa2c1f84aa2274538c4d5e33fe9d0802c4f52e1d9d71978122c7ca737,1,1,,0,0,0,0,,,0,0.0,BOQ_NAME_ONLY,자동 표 신호는 최종 A/B로 승격하지 않음
2021-2025,2020-00086,L2023-00036-1,WORKS,L2023-00036-1/붙임3_입찰관련서류_검토완_0717/Section 4.  Bill of Quantities(Not-Priced)/공내역서/VTC견적서/4 БУФЕТ(Cafeteria)/4-3 ОВ(Heating & Ventilation)/bv13570.xls,.xls,122368,60e01915d1915446e6fbcf0c477ec5ae0ee632ec951cf92acae51a0c7039940e,1,1,,0,0,0,0,,,0,0.0,BOQ_NAME_ONLY,자동 표 신호는 최종 A/B로 승격하지 않음
2021-2025,2020-00086,L2023-00036-1,WORKS,L2023-00036-1/붙임3_입찰관련서류_검토완_0717/Section 4.  Bill of Quantities(Not-Priced)/공내역서/VTC견적서/4 БУФЕТ(Cafeteria)/4-3 ОВ(Heating & Ventilation)/13573_vfor.xls,.xls,51200,d5904d9daa78238ff69eaa06732493e5c87423d6e508d7e7e0b3f03109494c34,1,1,,0,0,0,0,,,0,0.0,BOQ_NAME_ONLY,자동 표 신호는 최종 A/B로 승격하지 않음
2021-2025,2020-00086,L2023-00036-1,WORKS,L2023-00036-1/붙임3_입찰관련서류_검토완_0717/Section 4.  Bill of Quantities(Not-Priced)/공내역서/VTC견적서/4 БУФЕТ(Cafeteria)/4-3 ОВ(Heating & Ventilation)/13573_vrmu.xls,.xls,60928,a5a7bba5cee708cae574407190c4325ce23010e6102a49546438bd114ab4ad90,1,1,,1,101,1,0,Лист1,visible,8,0.009900990099009901,B?,자동 표 신호는 최종 A/B로 승격하지 않음
2021-2025,2020-00086,L2023-00036-1,WORKS,L2023-00036-1/붙임3_입찰관련서류_검토완_0717/Section 4.  Bill of Quantities(Not-Priced)/공내역서/VTC견적서/4 БУФЕТ(Cafeteria)/4-2 АР(Architecture)/13173_vfor.xls,.xls,46080,c8b6f0c18efd3eccb7d44d4f282da38be8bd7c5687a2b12e1320ea9b2d445a18,1,1,,0,0,0,0,,,0,0.0,BOQ_NAME_ONLY,자동 표 신호는 최종 A/B로 승격하지 않음
2021-2025,2020-00086,L2023-00036-1,WORKS,L2023-00036-1/붙임3_입찰관련서류_검토완_0717/Section 4.  Bill of Quantities(Not-Priced)/공내역서/VTC견적서/4 БУФЕТ(Cafeteria)/4-2 АР(Architecture)/bv13170.xls,.xls,115200,90d2bed5ebcd297c0fb0bd22fc2a056d950d9a2b3cc977b05f9c01dfd7e4410e,1,1,,0,0,0,0,,,0,0.0,BOQ_NAME_ONLY,자동 표 신호는 최종 A/B로 승격하지 않음
2021-2025,2020-00086,L2023-00036-1,WORKS,L2023-00036-1/붙임3_입찰관련서류_검토완_0717/Section 4.  Bill of Quantities(Not-Priced)/공내역서/VTC견적서/4 БУФЕТ(Cafeteria)/4-2 АР(Architecture)/13173_vrmu.xls,.xls,57344,41f2d0b5bfa1724a0a6f25b395a07b6a4bbfa2179ab0651f1ac22066c407f406,1,1,,1,97,1,0,Лист1,visible,8,0.010309278350515464,B?,자동 표 신호는 최종 A/B로 승격하지 않음
2021-2025,2020-00086,L2023-00036-1,WORKS,L2023-00036-1/붙임3_입찰관련서류_검토완_0717/Section 4.  Bill of Quantities(Not-Priced)/공내역서/VTC견적서/4 БУФЕТ(Cafeteria)/4-4 ВК(Water & Sewer & Fireplug)/13143_vrmu.xls,.xls,58880,027d687c679bf6e9cdeb0a54bacb5e7bb8bbeb103807f88b0bfeb421b7cf4c55,1,1,,1,92,1,0,Лист1,visible,8,0.010869565217391304,B?,자동 표 신호는 최종 A/B로 승격하지 않음
2021-2025,2020-00086,L2023-00036-1,WORKS,L2023-00036-1/붙임3_입찰관련서류_검토완_0717/Section 4.  Bill of Quantities(Not-Priced)/공내역서/VTC견적서/4 БУФЕТ(Cafeteria)/4-4 ВК(Water & Sewer & Fireplug)/bv13140.xls,.xls,101376,30d7129e70a2f8c02e76abae0bdc44883ba9865a77d3abb89c0c70e00a6481d7,1,1,,0,0,0,0,,,0,0.0,BOQ_NAME_ONLY,자동 표 신호는 최종 A/B로 승격하지 않음
2021-2025,2020-00086,L2023-00036-1,WORKS,L2023-00036-1/붙임3_입찰관련서류_검토완_0717/Section 4.  Bill of Quantities(Not-Priced)/공내역서/VTC견적서/4 БУФЕТ(Cafeteria)/4-4 ВК(Water & Sewer & Fireplug)/13143_vfor.xls,.xls,44544,98b13878ef8ab7c9d3cae5fa8b44fee5f5ee24bd74d0cf10dc4c1be4092da457,1,1,,0,0,0,0,,,0,0.0,BOQ_NAME_ONLY,자동 표 신호는 최종 A/B로 승격하지 않음
2021-2025,2020-00086,L2023-00036-1,WORKS,L2023-00036-1/붙임3_입찰관련서류_검토완_0717/Section 4.  Bill of Quantities(Not-Priced)/공내역서/VTC견적서/4 БУФЕТ(Cafeteria)/4-1 КЖ(Structure)/bv13000.xls,.xls,156672,e49a76056dacf893c3d8796df531ea37b5095b5abc0a8b4162cbcaa36a253bf9,1,1,,0,0,0,0,,,0,0.0,BOQ_NAME_ONLY,자동 표 신호는 최종 A/B로 승격하지 않음
2021-2025,2020-00086,L2023-00036-1,WORKS,L2023-00036-1/붙임3_입찰관련서류_검토완_0717/Section 4.  Bill of Quantities(Not-Priced)/공내역서/VTC견적서/4 БУФЕТ(Cafeteria)/4-1 КЖ(Structure)/13003_vrmu.xls,.xls,62464,d72b64907d7daa57e525829fef7b974213dd612efc93728136b1f9a32ba64193,1,1,,1,101,1,0,Лист1,visible,8,0.009900990099009901,B?,자동 표 신호는 최종 A/B로 승격하지 않음
2021-2025,2020-00086,L2023-00036-1,WORKS,L2023-00036-1/붙임3_입찰관련서류_검토완_0717/Section 4.  Bill of Quantities(Not-Priced)/공내역서/VTC견적서/4 БУФЕТ(Cafeteria)/4-1 КЖ(Structure)/13003_vfor.xls,.xls,50688,3b1e98bbc6de0c72870866ac1c0c8db81940cd52c11496ff73a104140e3b986b,1,1,,0,0,0,0,,,0,0.0,BOQ_NAME_ONLY,자동 표 신호는 최종 A/B로 승격하지 않음
2021-2025,2020-00086,L2023-00036-1,WORKS,L2023-00036-1/붙임3_입찰관련서류_검토완_0717/Section 4.  Bill of Quantities(Not-Priced)/공내역서/VTC견적서/4 БУФЕТ(Cafeteria)/4-6 ПС(Fire Alarm)/bv13310.xls,.xls,69120,81809811b78a8dd144fece047c059af1fd7e7d922ba4e5f2d70343d6a2180b31,1,1,,0,0,0,0,,,0,0.0,BOQ_NAME_ONLY,자동 표 신호는 최종 A/B로 승격하지 않음
2021-2025,2020-00086,L2023-00036-1,WORKS,L2023-00036-1/붙임3_입찰관련서류_검토완_0717/Section 4.  Bill of Quantities(Not-Priced)/공내역서/VTC견적서/4 БУФЕТ(Cafeteria)/4-6 ПС(Fire Alarm)/13313_vrmu.xls,.xls,46080,01d43896faa9af4d2e70ba503954aaa3dc7c7ca5760cd23fc5cb4b35df1973d8,1,1,,1,46,1,0,Лист1,visible,8,0.021739130434782608,B?,자동 표 신호는 최종 A/B로 승격하지 않음
2021-2025,2020-00086,L2023-00036-1,WORKS,L2023-00036-1/붙임3_입찰관련서류_검토완_0717/Section 4.  Bill of Quantities(Not-Priced)/공내역서/VTC견적서/4 БУФЕТ(Cafeteria)/4-6 ПС(Fire Alarm)/13313_vfor.xls,.xls,40960,3a4adfa8a2b2159255f5e5fc7479802f38be4f2cb149beebcf59d780125a0c16,1,1,,0,0,0,0,,,0,0.0,BOQ_NAME_ONLY,자동 표 신호는 최종 A/B로 승격하지 않음
2021-2025,2020-00086,L2023-00036-1,WORKS,L2023-00036-1/붙임3_입찰관련서류_검토완_0717/Section 4.  Bill of Quantities(Not-Priced)/공내역서/VTC견적서/4 БУФЕТ(Cafeteria)/4-8 ГСВ(Gas)/13473_vfor.xls,.xls,43008,5d603195cdfc413bea2240ef38ba9f4d3adfd29a3e4a64767494df660b2149df,1,1,,0,0,0,0,,,0,0.0,BOQ_NAME_ONLY,자동 표 신호는 최종 A/B로 승격하지 않음
2021-2025,2020-00086,L2023-00036-1,WORKS,L2023-00036-1/붙임3_입찰관련서류_검토완_0717/Section 4.  Bill of Quantities(Not-Priced)/공내역서/VTC견적서/4 БУФЕТ(Cafeteria)/4-8 ГСВ(Gas)/bv13470.xls,.xls,86528,9089df465dcf44624bcfa1339c6394342f5633ca53765547ae3967955305ecea,1,1,,0,0,0,0,,,0,0.0,BOQ_NAME_ONLY,자동 표 신호는 최종 A/B로 승격하지 않음
2021-2025,2020-00086,L2023-00036-1,WORKS,L2023-00036-1/붙임3_입찰관련서류_검토완_0717/Section 4.  Bill of Quantities(Not-Priced)/공내역서/VTC견적서/4 БУФЕТ(Cafeteria)/4-8 ГСВ(Gas)/13473_vrmu.xls,.xls,51712,7895280f53f85a8490bd3a4cba8955f4e0267d7828d7adaca5eac514a87c8039,1,1,,1,58,1,0,Лист1,visible,8,0.017241379310344827,B?,자동 표 신호는 최종 A/B로 승격하지 않음
2021-2025,2020-00086,L2023-00036-1,WORKS,L2023-00036-1/붙임3_입찰관련서류_검토완_0717/Section 4.  Bill of Quantities(Not-Priced)/공내역서/VTC견적서/8 ПОЖАРНАЯ ЕМЪКОСТЬ(Fire Tank)/8-3 ЭО(Electric)/13733_vrmu.xls,.xls,55296,dd26635add3df12c3c1ffa6d858087ee72aad2c51664c8f5af2ad5b1a0b3cbf1,1,1,,1,76,1,0,Лист1,visible,8,0.013157894736842105,B?,자동 표 신호는 최종 A/B로 승격하지 않음
2021-2025,2020-00086,L2023-00036-1,WORKS,L2023-00036-1/붙임3_입찰관련서류_검토완_0717/Section 4.  Bill of Quantities(Not-Priced)/공내역서/VTC견적서/8 ПОЖАРНАЯ ЕМЪКОСТЬ(Fire Tank)/8-3 ЭО(Electric)/13733_vfor.xls,.xls,40448,4b7ecea42e8e01f81fbf69ffbe105611f8e47711cbfac29373ac28d50d40fd4b,1,1,,0,0,0,0,,,0,0.0,BOQ_NAME_ONLY,자동 표 신호는 최종 A/B로 승격하지 않음
2021-2025,2020-00086,L2023-00036-1,WORKS,L2023-00036-1/붙임3_입찰관련서류_검토완_0717/Section 4.  Bill of Quantities(Not-Priced)/공내역서/VTC견적서/8 ПОЖАРНАЯ ЕМЪКОСТЬ(Fire Tank)/8-3 ЭО(Electric)/bv13730.xls,.xls,90112,a6ce3182f24e613f5aae906cca546b8467389ab8803175c900c5edc80050bdb9,1,1,,0,0,0,0,,,0,0.0,BOQ_NAME_ONLY,자동 표 신호는 최종 A/B로 승격하지 않음
2021-2025,2020-00086,L2023-00036-1,WORKS,L2023-00036-1/붙임3_입찰관련서류_검토완_0717/Section 4.  Bill of Quantities(Not-Priced)/공내역서/VTC견적서/8 ПОЖАРНАЯ ЕМЪКОСТЬ(Fire Tank)/8-2 ТХ(Technology Plan)/13603_vfor.xls,.xls,35840,aef3e1723acd7e063007694bdea3257d0d9172d1dfd94eea0adef60ffec47c04,1,1,,0,0,0,0,,,0,0.0,BOQ_NAME_ONLY,자동 표 신호는 최종 A/B로 승격하지 않음
2021-2025,2020-00086,L2023-00036-1,WORKS,L2023-00036-1/붙임3_입찰관련서류_검토완_0717/Section 4.  Bill of Quantities(Not-Priced)/공내역서/VTC견적서/8 ПОЖАРНАЯ ЕМЪКОСТЬ(Fire Tank)/8-2 ТХ(Technology Plan)/bv13600.xls,.xls,80896,c8b47be5d6000bcdfeef410c167b93e50c2f883be060652b37ff38542a97986f,1,1,,0,0,0,0,,,0,0.0,BOQ_NAME_ONLY,자동 표 신호는 최종 A/B로 승격하지 않음
2021-2025,2020-00086,L2023-00036-1,WORKS,L2023-00036-1/붙임3_입찰관련서류_검토완_0717/Section 4.  Bill of Quantities(Not-Priced)/공내역서/VTC견적서/8 ПОЖАРНАЯ ЕМЪКОСТЬ(Fire Tank)/8-2 ТХ(Technology Plan)/13603_vrmu.xls,.xls,53248,59e7c73eb0916c52e8edb0dc9f78a1ba785db1d8b39138ad6aae1b088f8c61f6,1,1,,1,59,1,0,Лист1,visible,8,0.01694915254237288,B?,자동 표 신호는 최종 A/B로 승격하지 않음
2021-2025,2020-00086,L2023-00036-1,WORKS,L2023-00036-1/붙임3_입찰관련서류_검토완_0717/Section 4.  Bill of Quantities(Not-Priced)/공내역서/VTC견적서/8 ПОЖАРНАЯ ЕМЪКОСТЬ(Fire Tank)/8-1 АС(Architecture+Structure)/bv13560.xls,.xls,143360,c0c38b80f51c65331020314872a4530efa2890a349a0bbfbe7546f3d325f3c4c,1,1,,0,0,0,0,,,0,0.0,BOQ_NAME_ONLY,자동 표 신호는 최종 A/B로 승격하지 않음
2021-2025,2020-00086,L2023-00036-1,WORKS,L2023-00036-1/붙임3_입찰관련서류_검토완_0717/Section 4.  Bill of Quantities(Not-Priced)/공내역서/VTC견적서/8 ПОЖАРНАЯ ЕМЪКОСТЬ(Fire Tank)/8-1 АС(Architecture+Structure)/13563_vrmu.xls,.xls,56832,79e14b24c7df19631df2b8c58f12863b08e7aa7d66983b2990f8ef0923fe886f,1,1,,1,80,1,0,Лист1,visible,8,0.0125,B?,자동 표 신호는 최종 A/B로 승격하지 않음
2021-2025,2020-00086,L2023-00036-1,WORKS,L2023-00036-1/붙임3_입찰관련서류_검토완_0717/Section 4.  Bill of Quantities(Not-Priced)/공내역서/VTC견적서/8 ПОЖАРНАЯ ЕМЪКОСТЬ(Fire Tank)/8-1 АС(Architecture+Structure)/13563_vfor.xls,.xls,48128,be5b745b940f05f1f41e44ed150503de2709f71b2406a43b2625fbeb73d92ced,1,1,,0,0,0,0,,,0,0.0,BOQ_NAME_ONLY,자동 표 신호는 최종 A/B로 승격하지 않음
2021-2025,2020-00086,L2023-00036-1,WORKS,"L2023-00036-1/붙임3_입찰관련서류_검토완_0717/Section 4.  Bill of Quantities(Not-Priced)/공내역서/VTC견적서/3 ОБЩЕЖИТИЕ(Dormitory)/3-7 ВН, СКС(CCTV & Network)/13303_vfor.xls",.xls,48640,5a18635d72aa11084ea9ace6f157b8628ca9366276bd4b01f0389389eb69dd15,1,1,,0,0,0,0,,,0,0.0,BOQ_NAME_ONLY,자동 표 신호는 최종 A/B로 승격하지 않음
2021-2025,2020-00086,L2023-00036-1,WORKS,"L2023-00036-1/붙임3_입찰관련서류_검토완_0717/Section 4.  Bill of Quantities(Not-Priced)/공내역서/VTC견적서/3 ОБЩЕЖИТИЕ(Dormitory)/3-7 ВН, СКС(CCTV & Network)/bv13300.xls",.xls,91136,eabe1189fd53fa553a7256019fdcd183629f090a5817c504e1c9f65e297f4127,1,1,,0,0,0,0,,,0,0.0,BOQ_NAME_ONLY,자동 표 신호는 최종 A/B로 승격하지 않음
2021-2025,2020-00086,L2023-00036-1,WORKS,"L2023-00036-1/붙임3_입찰관련서류_검토완_0717/Section 4.  Bill of Quantities(Not-Priced)/공내역서/VTC견적서/3 ОБЩЕЖИТИЕ(Dormitory)/3-7 ВН, СКС(CCTV & Network)/13303_vrmu.xls",.xls,55808,1446b4e9d4ca55f00683876eb3b47e8dfe2d96fd5f8331a988ddeb69272efd21,1,1,,1,81,1,0,Лист1,visible,8,0.012345679012345678,B?,자동 표 신호는 최종 A/B로 승격하지 않음
2021-2025,2020-00086,L2023-00036-1,WORKS,L2023-00036-1/붙임3_입찰관련서류_검토완_0717/Section 4.  Bill of Quantities(Not-Priced)/공내역서/VTC견적서/3 ОБЩЕЖИТИЕ(Dormitory)/3-6 ПС(Fire Alarm)/13293_vfor.xls,.xls,47616,13504304f6bbd4c322400660e78166be924c5a8a3f7a3d2fa32ea8eaabd6d151,1,1,,0,0,0,0,,,0,0.0,BOQ_NAME_ONLY,자동 표 신호는 최종 A/B로 승격하지 않음
2021-2025,2020-00086,L2023-00036-1,WORKS,L2023-00036-1/붙임3_입찰관련서류_검토완_0717/Section 4.  Bill of Quantities(Not-Priced)/공내역서/VTC견적서/3 ОБЩЕЖИТИЕ(Dormitory)/3-6 ПС(Fire Alarm)/13293_vrmu.xls,.xls,52736,d247ad0533474b0b1cedc26fffab2c9b866c1246de159a021e5b366aabc19286,1,1,,1,62,1,0,Лист1,visible,8,0.016129032258064516,B?,자동 표 신호는 최종 A/B로 승격하지 않음
2021-2025,2020-00086,L2023-00036-1,WORKS,L2023-00036-1/붙임3_입찰관련서류_검토완_0717/Section 4.  Bill of Quantities(Not-Priced)/공내역서/VTC견적서/3 ОБЩЕЖИТИЕ(Dormitory)/3-6 ПС(Fire Alarm)/bv13290.xls,.xls,86016,e18ef7fec05891daaad5066075ed8900b09d1ea1449184f0063fbb372759596e,1,1,,0,0,0,0,,,0,0.0,BOQ_NAME_ONLY,자동 표 신호는 최종 A/B로 승격하지 않음
2021-2025,2020-00086,L2023-00036-1,WORKS,L2023-00036-1/붙임3_입찰관련서류_검토완_0717/Section 4.  Bill of Quantities(Not-Priced)/공내역서/VTC견적서/3 ОБЩЕЖИТИЕ(Dormitory)/3-2 АР(Architecture)/13093_vrmu.xls,.xls,71168,e74ff7123038365d8a0bdcd1c7b2209df8480aa897b3fc0679910a92028a4f3e,1,1,,1,145,1,0,Лист1,visible,8,0.006896551724137931,B?,자동 표 신호는 최종 A/B로 승격하지 않음
2021-2025,2020-00086,L2023-00036-1,WORKS,L2023-00036-1/붙임3_입찰관련서류_검토완_0717/Section 4.  Bill of Quantities(Not-Priced)/공내역서/VTC견적서/3 ОБЩЕЖИТИЕ(Dormitory)/3-2 АР(Architecture)/13093_vfor.xls,.xls,60928,4d47568603d5e187d1e4c7fb6f4d61f9bbfd00c2e5ce279aa4cbc3e286009fda,1,1,,0,0,0,0,,,0,0.0,BOQ_NAME_ONLY,자동 표 신호는 최종 A/B로 승격하지 않음
2021-2025,2020-00086,L2023-00036-1,WORKS,L2023-00036-1/붙임3_입찰관련서류_검토완_0717/Section 4.  Bill of Quantities(Not-Priced)/공내역서/VTC견적서/3 ОБЩЕЖИТИЕ(Dormitory)/3-2 АР(Architecture)/bv13090.xls,.xls,209920,1685986296491a91628263cbf83b83623c64d74dd57af717e61f8666ff120e05,1,1,,0,0,0,0,,,0,0.0,BOQ_NAME_ONLY,자동 표 신호는 최종 A/B로 승격하지 않음
2021-2025,2020-00086,L2023-00036-1,WORKS,L2023-00036-1/붙임3_입찰관련서류_검토완_0717/Section 4.  Bill of Quantities(Not-Priced)/공내역서/VTC견적서/3 ОБЩЕЖИТИЕ(Dormitory)/3-5 ЭО(Electric)/bv13390.xls,.xls,160768,f253090ffac6492dc866ebd21e5932b06eb5866828914246cdec489ba998f2e4,1,1,,0,0,0,0,,,0,0.0,BOQ_NAME_ONLY,자동 표 신호는 최종 A/B로 승격하지 않음
2021-2025,2020-00086,L2023-00036-1,WORKS,L2023-00036-1/붙임3_입찰관련서류_검토완_0717/Section 4.  Bill of Quantities(Not-Priced)/공내역서/VTC견적서/3 ОБЩЕЖИТИЕ(Dormitory)/3-5 ЭО(Electric)/13393_vfor.xls,.xls,74752,c57faedafd23f56233bfb4c2b31f065e2adce41022cc4128bd3c30ee9cca34fb,1,1,,0,0,0,0,,,0,0.0,BOQ_NAME_ONLY,자동 표 신호는 최종 A/B로 승격하지 않음
2021-2025,2020-00086,L2023-00036-1,WORKS,L2023-00036-1/붙임3_입찰관련서류_검토완_0717/Section 4.  Bill of Quantities(Not-Priced)/공내역서/VTC견적서/3 ОБЩЕЖИТИЕ(Dormitory)/3-5 ЭО(Electric)/13393_vrmu.xls,.xls,78336,7add88d19ffe23920e0d357509a9de1536402bfcbd3a0ea5b119baa189db15ee,1,1,,0,0,0,0,,,0,0.0,BOQ_NAME_ONLY,자동 표 신호는 최종 A/B로 승격하지 않음
2021-2025,2020-00086,L2023-00036-1,WORKS,L2023-00036-1/붙임3_입찰관련서류_검토완_0717/Section 4.  Bill of Quantities(Not-Priced)/공내역서/VTC견적서/3 ОБЩЕЖИТИЕ(Dormitory)/3-9 ГСВ(Gas)/13453_vfor.xls,.xls,44544,b2b073542fbb835fe4e72757b8f29fa046145334ce54790769524e09e869dc87,1,1,,0,0,0,0,,,0,0.0,BOQ_NAME_ONLY,자동 표 신호는 최종 A/B로 승격하지 않음
2021-2025,2020-00086,L2023-00036-1,WORKS,L2023-00036-1/붙임3_입찰관련서류_검토완_0717/Section 4.  Bill of Quantities(Not-Priced)/공내역서/VTC견적서/3 ОБЩЕЖИТИЕ(Dormitory)/3-9 ГСВ(Gas)/13453_vrmu.xls,.xls,54272,3d2cb67c9a0dde2603871acfa78f9950ff40dd7781efbc8177d683b0c6dcf091,1,1,,1,71,1,0,Лист1,visible,8,0.014084507042253521,B?,자동 표 신호는 최종 A/B로 승격하지 않음
2021-2025,2020-00086,L2023-00036-1,WORKS,L2023-00036-1/붙임3_입찰관련서류_검토완_0717/Section 4.  Bill of Quantities(Not-Priced)/공내역서/VTC견적서/3 ОБЩЕЖИТИЕ(Dormitory)/3-9 ГСВ(Gas)/bv13450.xls,.xls,101888,5f4deb4ba0c0096f69c68e61171f182e5ed846594ec98a23e310f3970c06fa71,1,1,,0,0,0,0,,,0,0.0,BOQ_NAME_ONLY,자동 표 신호는 최종 A/B로 승격하지 않음
2021-2025,2020-00086,L2023-00036-1,WORKS,L2023-00036-1/붙임3_입찰관련서류_검토완_0717/Section 4.  Bill of Quantities(Not-Priced)/공내역서/VTC견적서/3 ОБЩЕЖИТИЕ(Dormitory)/3-8 ТМ(Boiler & Solar heating)/13443_vrmu.xls,.xls,86528,d3c0a88886331817cb71e9575b7bdf7dcfbffd63454a29c052460c96407dc642,1,1,,1,174,1,0,Лист1,visible,8,0.005747126436781609,B?,자동 표 신호는 최종 A/B로 승격하지 않음
2021-2025,2020-00086,L2023-00036-1,WORKS,L2023-00036-1/붙임3_입찰관련서류_검토완_0717/Section 4.  Bill of Quantities(Not-Priced)/공내역서/VTC견적서/3 ОБЩЕЖИТИЕ(Dormitory)/3-8 ТМ(Boiler & Solar heating)/bv13440.xls,.xls,176128,8f851a4587465612841b0497ea7ac0167998ac563b5dd9f8fd3cf937c6d20e25,1,1,,0,0,0,0,,,0,0.0,BOQ_NAME_ONLY,자동 표 신호는 최종 A/B로 승격하지 않음
2021-2025,2020-00086,L2023-00036-1,WORKS,L2023-00036-1/붙임3_입찰관련서류_검토완_0717/Section 4.  Bill of Quantities(Not-Priced)/공내역서/VTC견적서/3 ОБЩЕЖИТИЕ(Dormitory)/3-8 ТМ(Boiler & Solar heating)/13443_vfor.xls,.xls,70144,95536513d6bf3158fb4d65daa1a681e30df8970af4be141270aaa7b89bb0d95a,1,1,,0,0,0,0,,,0,0.0,BOQ_NAME_ONLY,자동 표 신호는 최종 A/B로 승격하지 않음
2021-2025,2020-00086,L2023-00036-1,WORKS,L2023-00036-1/붙임3_입찰관련서류_검토완_0717/Section 4.  Bill of Quantities(Not-Priced)/공내역서/VTC견적서/3 ОБЩЕЖИТИЕ(Dormitory)/3-3 ОВ(Heating & Ventilation)/13103_vrmu.xls,.xls,61440,1e94bb5552421589790c2b57554f506b5f1f0d69289ff4eee0eadf0c4411484b,1,1,,1,87,1,0,Лист1,visible,8,0.011494252873563218,B?,자동 표 신호는 최종 A/B로 승격하지 않음
2021-2025,2020-00086,L2023-00036-1,WORKS,L2023-00036-1/붙임3_입찰관련서류_검토완_0717/Section 4.  Bill of Quantities(Not-Priced)/공내역서/VTC견적서/3 ОБЩЕЖИТИЕ(Dormitory)/3-3 ОВ(Heating & Ventilation)/bv13100.xls,.xls,118784,7a6af10e951e5b9fb0bc177d931c4ff15c4ecb1ebe83088b80ad66656bcd9ec6,1,1,,0,0,0,0,,,0,0.0,BOQ_NAME_ONLY,자동 표 신호는 최종 A/B로 승격하지 않음
2021-2025,2020-00086,L2023-00036-1,WORKS,L2023-00036-1/붙임3_입찰관련서류_검토완_0717/Section 4.  Bill of Quantities(Not-Priced)/공내역서/VTC견적서/3 ОБЩЕЖИТИЕ(Dormitory)/3-3 ОВ(Heating & Ventilation)/13103_vfor.xls,.xls,51712,fc72408b079aa86e3fe987541b5e7735bf43a368e9fe333d8ae13603fde2a81f,1,1,,0,0,0,0,,,0,0.0,BOQ_NAME_ONLY,자동 표 신호는 최종 A/B로 승격하지 않음
2021-2025,2020-00086,L2023-00036-1,WORKS,L2023-00036-1/붙임3_입찰관련서류_검토완_0717/Section 4.  Bill of Quantities(Not-Priced)/공내역서/VTC견적서/3 ОБЩЕЖИТИЕ(Dormitory)/3-4 ВК(Water & Sewer & Fireplug)/13113_vfor.xls,.xls,62464,73e6dd7aa52e8cf03b392cc81de31620bc3e272e464fc12dbcafaed5d7906cd7,1,1,,0,0,0,0,,,0,0.0,BOQ_NAME_ONLY,자동 표 신호는 최종 A/B로 승격하지 않음
2021-2025,2020-00086,L2023-00036-1,WORKS,L2023-00036-1/붙임3_입찰관련서류_검토완_0717/Section 4.  Bill of Quantities(Not-Priced)/공내역서/VTC견적서/3 ОБЩЕЖИТИЕ(Dormitory)/3-4 ВК(Water & Sewer & Fireplug)/bv13110.xls,.xls,162816,88307ab28fb3650d960a3f58562bd7c34d3a46f3916c3f9c302c8d91b33946f4,1,1,,0,0,0,0,,,0,0.0,BOQ_NAME_ONLY,자동 표 신호는 최종 A/B로 승격하지 않음
2021-2025,2020-00086,L2023-00036-1,WORKS,L2023-00036-1/붙임3_입찰관련서류_검토완_0717/Section 4.  Bill of Quantities(Not-Priced)/공내역서/VTC견적서/3 ОБЩЕЖИТИЕ(Dormitory)/3-4 ВК(Water & Sewer & Fireplug)/13113_vrmu.xls,.xls,78336,23bb6dcb0e3ca3d9e11440aeecc7927f87168d16d5a2fb32594cc8f7c510f911,1,1,,0,0,0,0,,,0,0.0,BOQ_NAME_ONLY,자동 표 신호는 최종 A/B로 승격하지 않음
2021-2025,2020-00086,L2023-00036-1,WORKS,L2023-00036-1/붙임3_입찰관련서류_검토완_0717/Section 4.  Bill of Quantities(Not-Priced)/공내역서/VTC견적서/3 ОБЩЕЖИТИЕ(Dormitory)/3-1 КЖ(Structure)/13023_vrmu.xls,.xls,71168,1cd9211b72104c9dc7f6eee96daa2851e9bdb7ba1e1883dd402b4f613cca8d8f,1,1,,1,130,1,0,Лист1,visible,8,0.007692307692307693,B?,자동 표 신호는 최종 A/B로 승격하지 않음
2021-2025,2020-00086,L2023-00036-1,WORKS,L2023-00036-1/붙임3_입찰관련서류_검토완_0717/Section 4.  Bill of Quantities(Not-Priced)/공내역서/VTC견적서/3 ОБЩЕЖИТИЕ(Dormitory)/3-1 КЖ(Structure)/13023_vfor.xls,.xls,71168,673a85f5a1e9b6b7350bf66f3c67c715335e2cd418a95188f312dcbd098d438a,1,1,,1,219,0,0,Лист1,visible,9,0.0,B?,자동 표 신호는 최종 A/B로 승격하지 않음
2021-2025,2020-00086,L2023-00036-1,WORKS,L2023-00036-1/붙임3_입찰관련서류_검토완_0717/Section 4.  Bill of Quantities(Not-Priced)/공내역서/VTC견적서/3 ОБЩЕЖИТИЕ(Dormitory)/3-1 КЖ(Structure)/bv13020.xls,.xls,286208,aee487d6db0fed682c28fabba84e56d3b2d993351976b6197fbf6df4e3bc0506,1,1,,1,1374,0,0,3-1_ЛРВ,visible,10,0.0,B?,자동 표 신호는 최종 A/B로 승격하지 않음
2021-2025,2020-00086,L2023-00036-1,WORKS,L2023-00036-1/붙임3_입찰관련서류_검토완_0717/Section 4.  Bill of Quantities(Not-Priced)/공내역서/VTC견적서/7 КОМПРЕССОРАНЯ(Comp.+GAS storage)/7-3 ЭО(Electric)/bv13500.xls,.xls,76800,774c07e5846d462fcc00eda8f335b28050758f61dee53d10a4a56e44d829b2bb,1,1,,0,0,0,0,,,0,0.0,BOQ_NAME_ONLY,자동 표 신호는 최종 A/B로 승격하지 않음
2021-2025,2020-00086,L2023-00036-1,WORKS,L2023-00036-1/붙임3_입찰관련서류_검토완_0717/Section 4.  Bill of Quantities(Not-Priced)/공내역서/VTC견적서/7 КОМПРЕССОРАНЯ(Comp.+GAS storage)/7-3 ЭО(Electric)/13503_vrmu.xls,.xls,51200,557a980a68981d94391b523dccdccf4e876c9d6dcae8e97a692aa94929ddbec5,1,1,,1,51,1,0,Лист1,visible,8,0.0196078431372549,B?,자동 표 신호는 최종 A/B로 승격하지 않음
2021-2025,2020-00086,L2023-00036-1,WORKS,L2023-00036-1/붙임3_입찰관련서류_검토완_0717/Section 4.  Bill of Quantities(Not-Priced)/공내역서/VTC견적서/7 КОМПРЕССОРАНЯ(Comp.+GAS storage)/7-3 ЭО(Electric)/13503_vfor.xls,.xls,44544,fba80ba25d76993629553bd43cccae9188ce442e97030bea9bec4d66366073e1,1,1,,0,0,0,0,,,0,0.0,BOQ_NAME_ONLY,자동 표 신호는 최종 A/B로 승격하지 않음
2021-2025,2020-00086,L2023-00036-1,WORKS,L2023-00036-1/붙임3_입찰관련서류_검토완_0717/Section 4.  Bill of Quantities(Not-Priced)/공내역서/VTC견적서/7 КОМПРЕССОРАНЯ(Comp.+GAS storage)/7-1 КЖ(Structure)/bv13070.xls,.xls,126464,9d15fc0b7e8c4ef335b01731a25fd915a06431f5b409d64ed8e75bdf471e8c99,1,1,,0,0,0,0,,,0,0.0,BOQ_NAME_ONLY,자동 표 신호는 최종 A/B로 승격하지 않음
2021-2025,2020-00086,L2023-00036-1,WORKS,L2023-00036-1/붙임3_입찰관련서류_검토완_0717/Section 4.  Bill of Quantities(Not-Priced)/공내역서/VTC견적서/7 КОМПРЕССОРАНЯ(Comp.+GAS storage)/7-1 КЖ(Structure)/13073_vfor.xls,.xls,45056,d4075fede6ca06f6e076cc3a33d9c66485d394bc84c4f6204421ee0751c41c29,1,1,,0,0,0,0,,,0,0.0,BOQ_NAME_ONLY,자동 표 신호는 최종 A/B로 승격하지 않음
2021-2025,2020-00086,L2023-00036-1,WORKS,L2023-00036-1/붙임3_입찰관련서류_검토완_0717/Section 4.  Bill of Quantities(Not-Priced)/공내역서/VTC견적서/7 КОМПРЕССОРАНЯ(Comp.+GAS storage)/7-1 КЖ(Structure)/13073_vrmu.xls,.xls,57344,b2b87877d1df201ff70c4fded29e0c808c0cf38b05ea0ef976abf05e5e3bb3f1,1,1,,1,85,1,0,Лист1,visible,8,0.011764705882352941,B?,자동 표 신호는 최종 A/B로 승격하지 않음
2021-2025,2020-00086,L2023-00036-1,WORKS,L2023-00036-1/붙임3_입찰관련서류_검토완_0717/Section 4.  Bill of Quantities(Not-Priced)/공내역서/VTC견적서/7 КОМПРЕССОРАНЯ(Comp.+GAS storage)/7-2 АР(Architecture)/13083_vfor.xls,.xls,37888,0d0641098aaf99e56a206db663b79287befbb026eb9ae10d31713fe26751af88,1,1,,0,0,0,0,,,0,0.0,BOQ_NAME_ONLY,자동 표 신호는 최종 A/B로 승격하지 않음
2021-2025,2020-00086,L2023-00036-1,WORKS,L2023-00036-1/붙임3_입찰관련서류_검토완_0717/Section 4.  Bill of Quantities(Not-Priced)/공내역서/VTC견적서/7 КОМПРЕССОРАНЯ(Comp.+GAS storage)/7-2 АР(Architecture)/13083_vrmu.xls,.xls,48128,69688f446686a4d38925437ff702119b6f61b5ee8d3b5ed975f2c10dfc6291a5,1,1,,1,48,1,0,Лист1,visible,8,0.020833333333333332,B?,자동 표 신호는 최종 A/B로 승격하지 않음
2021-2025,2020-00086,L2023-00036-1,WORKS,L2023-00036-1/붙임3_입찰관련서류_검토완_0717/Section 4.  Bill of Quantities(Not-Priced)/공내역서/VTC견적서/7 КОМПРЕССОРАНЯ(Comp.+GAS storage)/7-2 АР(Architecture)/bv13080.xls,.xls,76800,49259d752c40853e7e634831a6035f4fc055b29c0dc905b007f082fffb42211e,1,1,,0,0,0,0,,,0,0.0,BOQ_NAME_ONLY,자동 표 신호는 최종 A/B로 승격하지 않음
2021-2025,2020-00086,L2023-00036-1,WORKS,L2023-00036-1/붙임3_입찰관련서류_검토완_0717/Section 4.  Bill of Quantities(Not-Priced)/공내역서/VTC견적서/0 ГП(Site Plan & Landscape+Outdoor Infra)/0-4 ФЛАГШТОК(Flog pole)/13643_vfor.xls,.xls,36352,67966ce0d47aa65517abf1ac5bf4144c07e48cd2eaba531279ab70cb9dfbf6a2,1,1,,0,0,0,0,,,0,0.0,BOQ_NAME_ONLY,자동 표 신호는 최종 A/B로 승격하지 않음
2021-2025,2020-00086,L2023-00036-1,WORKS,L2023-00036-1/붙임3_입찰관련서류_검토완_0717/Section 4.  Bill of Quantities(Not-Priced)/공내역서/VTC견적서/0 ГП(Site Plan & Landscape+Outdoor Infra)/0-4 ФЛАГШТОК(Flog pole)/bv13640.xls,.xls,79872,c2bccc679e99fec40afa6d24486761ae70a294b045dc7ac6cac4d9f7e61c164e,1,1,,0,0,0,0,,,0,0.0,BOQ_NAME_ONLY,자동 표 신호는 최종 A/B로 승격하지 않음
2021-2025,2020-00086,L2023-00036-1,WORKS,L2023-00036-1/붙임3_입찰관련서류_검토완_0717/Section 4.  Bill of Quantities(Not-Priced)/공내역서/VTC견적서/0 ГП(Site Plan & Landscape+Outdoor Infra)/0-4 ФЛАГШТОК(Flog pole)/13643_vrmu.xls,.xls,55808,0f5b9d6f0d88cc8062fa6c5a0843bc51ec0ce77b9910f927cd9e6825241e7974,1,1,,1,79,1,0,Лист1,visible,8,0.012658227848101266,B?,자동 표 신호는 최종 A/B로 승격하지 않음
2021-2025,2020-00086,L2023-00036-1,WORKS,L2023-00036-1/붙임3_입찰관련서류_검토완_0717/Section 4.  Bill of Quantities(Not-Priced)/공내역서/VTC견적서/0 ГП(Site Plan & Landscape+Outdoor Infra)/0-10 ПВ(Landscape Water Piping)/bv13700.xls,.xls,108032,7fce9c3406ee12ced99948fe837cc6e8d07c7892479efffdac7037793b89f75d,1,1,,0,0,0,0,,,0,0.0,BOQ_NAME_ONLY,자동 표 신호는 최종 A/B로 승격하지 않음
2021-2025,2020-00086,L2023-00036-1,WORKS,L2023-00036-1/붙임3_입찰관련서류_검토완_0717/Section 4.  Bill of Quantities(Not-Priced)/공내역서/VTC견적서/0 ГП(Site Plan & Landscape+Outdoor Infra)/0-10 ПВ(Landscape Water Piping)/13703_vfor.xls,.xls,44544,223b6a365f4c188df7b71ab432b3cf0fb70ab37141f6befdb4176e797d1219a7,1,1,,0,0,0,0,,,0,0.0,BOQ_NAME_ONLY,자동 표 신호는 최종 A/B로 승격하지 않음
2021-2025,2020-00086,L2023-00036-1,WORKS,L2023-00036-1/붙임3_입찰관련서류_검토완_0717/Section 4.  Bill of Quantities(Not-Priced)/공내역서/VTC견적서/0 ГП(Site Plan & Landscape+Outdoor Infra)/0-10 ПВ(Landscape Water Piping)/13703_vrmu.xls,.xls,67584,340757e0a5f7ca107ff9763eb6e78032fa52480ae47709f5c93d4b4d8acb1301,1,1,,1,112,1,0,Лист1,visible,8,0.008928571428571428,B?,자동 표 신호는 최종 A/B로 승격하지 않음
2021-2025,2020-00086,L2023-00036-1,WORKS,L2023-00036-1/붙임3_입찰관련서류_검토완_0717/Section 4.  Bill of Quantities(Not-Priced)/공내역서/VTC견적서/0 ГП(Site Plan & Landscape+Outdoor Infra)/0-6 ЭС(Outdoor Electric Infra)/bv13660.xls,.xls,85504,00539b077799596b299656474c20d1f2bce4a015e4e5986c8ec3ef060d1c92be,1,1,,0,0,0,0,,,0,0.0,BOQ_NAME_ONLY,자동 표 신호는 최종 A/B로 승격하지 않음
2021-2025,2020-00086,L2023-00036-1,WORKS,L2023-00036-1/붙임3_입찰관련서류_검토완_0717/Section 4.  Bill of Quantities(Not-Priced)/공내역서/VTC견적서/0 ГП(Site Plan & Landscape+Outdoor Infra)/0-6 ЭС(Outdoor Electric Infra)/13663_vfor.xls,.xls,37888,d6e264bc982e8ff16cc0d3f02f24b4bad1d12dac0c5106696da5050f02d894e3,1,1,,0,0,0,0,,,0,0.0,BOQ_NAME_ONLY,자동 표 신호는 최종 A/B로 승격하지 않음
2021-2025,2020-00086,L2023-00036-1,WORKS,L2023-00036-1/붙임3_입찰관련서류_검토완_0717/Section 4.  Bill of Quantities(Not-Priced)/공내역서/VTC견적서/0 ГП(Site Plan & Landscape+Outdoor Infra)/0-6 ЭС(Outdoor Electric Infra)/13663_vrmu.xls,.xls,55296,5211f233ecc117ba1086040ece1ad8ce7323d32f4a4e8d1cdd6e35537116f52f,1,1,,1,69,1,0,Лист1,visible,8,0.014492753623188406,B?,자동 표 신호는 최종 A/B로 승격하지 않음
2021-2025,2020-00086,L2023-00036-1,WORKS,L2023-00036-1/붙임3_입찰관련서류_검토완_0717/Section 4.  Bill of Quantities(Not-Priced)/공내역서/VTC견적서/0 ГП(Site Plan & Landscape+Outdoor Infra)/0-3 БЕСЕДКА 5 ШТ(Pargola)/bv13630.xls,.xls,86016,89900deeb95cc6c3d44955a4322c7d0b36aa7b7469220c2d8969211de3a71e9f,1,1,,0,0,0,0,,,0,0.0,BOQ_NAME_ONLY,자동 표 신호는 최종 A/B로 승격하지 않음
2021-2025,2020-00086,L2023-00036-1,WORKS,L2023-00036-1/붙임3_입찰관련서류_검토완_0717/Section 4.  Bill of Quantities(Not-Priced)/공내역서/VTC견적서/0 ГП(Site Plan & Landscape+Outdoor Infra)/0-3 БЕСЕДКА 5 ШТ(Pargola)/13633_vrmu.xls,.xls,54784,91cd41b13250e518545986d37e21277c42f67ff63baa4fc5aa5bd8526a10da10,1,1,,1,71,1,0,Лист1,visible,8,0.014084507042253521,B?,자동 표 신호는 최종 A/B로 승격하지 않음
2021-2025,2020-00086,L2023-00036-1,WORKS,L2023-00036-1/붙임3_입찰관련서류_검토완_0717/Section 4.  Bill of Quantities(Not-Priced)/공내역서/VTC견적서/0 ГП(Site Plan & Landscape+Outdoor Infra)/0-3 БЕСЕДКА 5 ШТ(Pargola)/13633_vfor.xls,.xls,34304,a4de5c64037addc65a3a0ea858a58150461f31b07ec98eb3374f87a100be5518,1,1,,0,0,0,0,,,0,0.0,BOQ_NAME_ONLY,자동 표 신호는 최종 A/B로 승격하지 않음
2021-2025,2020-00086,L2023-00036-1,WORKS,L2023-00036-1/붙임3_입찰관련서류_검토완_0717/Section 4.  Bill of Quantities(Not-Priced)/공내역서/VTC견적서/0 ГП(Site Plan & Landscape+Outdoor Infra)/0-12 АСКУЭ((Automatic Pump system)/13723_vfor.xls,.xls,33792,eb99c1117217bd159b2705fd3fdba4dca427dbfee616518108fed741a867e4a9,1,1,,0,0,0,0,,,0,0.0,BOQ_NAME_ONLY,자동 표 신호는 최종 A/B로 승격하지 않음
2021-2025,2020-00086,L2023-00036-1,WORKS,L2023-00036-1/붙임3_입찰관련서류_검토완_0717/Section 4.  Bill of Quantities(Not-Priced)/공내역서/VTC견적서/0 ГП(Site Plan & Landscape+Outdoor Infra)/0-12 АСКУЭ((Automatic Pump system)/13723_vrmu.xls,.xls,49152,748258beac5d82e7c3a847666f17f9ad1601ab24563b52999aa8e5d1b3e7ff6a,1,1,,1,48,1,0,Лист1,visible,8,0.020833333333333332,B?,자동 표 신호는 최종 A/B로 승격하지 않음
2021-2025,2020-00086,L2023-00036-1,WORKS,L2023-00036-1/붙임3_입찰관련서류_검토완_0717/Section 4.  Bill of Quantities(Not-Priced)/공내역서/VTC견적서/0 ГП(Site Plan & Landscape+Outdoor Infra)/0-12 АСКУЭ((Automatic Pump system)/bv13720.xls,.xls,54784,73d4b495f41c4c5e62abe918e52313703f29267f7bda2774066dc0e5ffd96095,1,1,,0,0,0,0,,,0,0.0,BOQ_NAME_ONLY,자동 표 신호는 최종 A/B로 승격하지 않음
2021-2025,2020-00086,L2023-00036-1,WORKS,L2023-00036-1/붙임3_입찰관련서류_검토완_0717/Section 4.  Bill of Quantities(Not-Priced)/공내역서/VTC견적서/0 ГП(Site Plan & Landscape+Outdoor Infra)/0-2 ФУТБОЛНОЕ ПОЛЕ(Football)/13413_vfor.xls,.xls,35840,b524a9fc3353cae7e72ebf771994c561b251158e684f12846f7be3e853e9b094,1,1,,0,0,0,0,,,0,0.0,BOQ_NAME_ONLY,자동 표 신호는 최종 A/B로 승격하지 않음
2021-2025,2020-00086,L2023-00036-1,WORKS,L2023-00036-1/붙임3_입찰관련서류_검토완_0717/Section 4.  Bill of Quantities(Not-Priced)/공내역서/VTC견적서/0 ГП(Site Plan & Landscape+Outdoor Infra)/0-2 ФУТБОЛНОЕ ПОЛЕ(Football)/13413_vrmu.xls,.xls,54784,656fd24a77c94039bb6a228c6d395e89e1304637aa470a5b06fd4b70f791c7d3,1,1,,1,69,1,0,Лист1,visible,8,0.014492753623188406,B?,자동 표 신호는 최종 A/B로 승격하지 않음
2021-2025,2020-00086,L2023-00036-1,WORKS,L2023-00036-1/붙임3_입찰관련서류_검토완_0717/Section 4.  Bill of Quantities(Not-Priced)/공내역서/VTC견적서/0 ГП(Site Plan & Landscape+Outdoor Infra)/0-2 ФУТБОЛНОЕ ПОЛЕ(Football)/bv13410.xls,.xls,82432,2749f4b67fbce5b996b82719eb992ca5140d514c5c3e0b6a254cbe8991a461ba,1,1,,0,0,0,0,,,0,0.0,BOQ_NAME_ONLY,자동 표 신호는 최종 A/B로 승격하지 않음
2021-2025,2020-00086,L2023-00036-1,WORKS,L2023-00036-1/붙임3_입찰관련서류_검토완_0717/Section 4.  Bill of Quantities(Not-Priced)/공내역서/VTC견적서/0 ГП(Site Plan & Landscape+Outdoor Infra)/0-7 НЭО(Outdoor Lighting)/13673_vrmu.xls,.xls,59904,ff62cd8285dbfe8a4cd93911394279299b8c03d2069749850cffc7a2107aef50,1,1,,1,88,1,0,Лист1,visible,8,0.011363636363636364,B?,자동 표 신호는 최종 A/B로 승격하지 않음
2021-2025,2020-00086,L2023-00036-1,WORKS,L2023-00036-1/붙임3_입찰관련서류_검토완_0717/Section 4.  Bill of Quantities(Not-Priced)/공내역서/VTC견적서/0 ГП(Site Plan & Landscape+Outdoor Infra)/0-7 НЭО(Outdoor Lighting)/bv13670.xls,.xls,88576,9ceeee982353f80a2bdb6f54623ab653597f61763c8bf5d6ff51e5212e6720af,1,1,,0,0,0,0,,,0,0.0,BOQ_NAME_ONLY,자동 표 신호는 최종 A/B로 승격하지 않음
2021-2025,2020-00086,L2023-00036-1,WORKS,L2023-00036-1/붙임3_입찰관련서류_검토완_0717/Section 4.  Bill of Quantities(Not-Priced)/공내역서/VTC견적서/0 ГП(Site Plan & Landscape+Outdoor Infra)/0-7 НЭО(Outdoor Lighting)/13673_vfor.xls,.xls,39936,60eb4c1ec6baefd78c2277da9cc0f32f1a655aa123b894a0438e4580ed6b8ecc,1,1,,0,0,0,0,,,0,0.0,BOQ_NAME_ONLY,자동 표 신호는 최종 A/B로 승격하지 않음
2021-2025,2020-00086,L2023-00036-1,WORKS,L2023-00036-1/붙임3_입찰관련서류_검토완_0717/Section 4.  Bill of Quantities(Not-Priced)/공내역서/VTC견적서/0 ГП(Site Plan & Landscape+Outdoor Infra)/0-8 НСС(Outside CCTV)/13683_vrmu.xls,.xls,58880,dec38e2426a3423e4a2628c92e9b35bce22644a2d4568e883cac23bda9af639f,1,1,,1,87,1,0,Лист1,visible,8,0.011494252873563218,B?,자동 표 신호는 최종 A/B로 승격하지 않음
2021-2025,2020-00086,L2023-00036-1,WORKS,L2023-00036-1/붙임3_입찰관련서류_검토완_0717/Section 4.  Bill of Quantities(Not-Priced)/공내역서/VTC견적서/0 ГП(Site Plan & Landscape+Outdoor Infra)/0-8 НСС(Outside CCTV)/13683_vfor.xls,.xls,43008,1d07c8de41f0bc89f5bb0d45ff6b58a77c316e057c58e0078e76db334b69bcbb,1,1,,0,0,0,0,,,0,0.0,BOQ_NAME_ONLY,자동 표 신호는 최종 A/B로 승격하지 않음
2021-2025,2020-00086,L2023-00036-1,WORKS,L2023-00036-1/붙임3_입찰관련서류_검토완_0717/Section 4.  Bill of Quantities(Not-Priced)/공내역서/VTC견적서/0 ГП(Site Plan & Landscape+Outdoor Infra)/0-8 НСС(Outside CCTV)/bv13680.xls,.xls,90624,ee1cb2dde73307bbbe1f35435c8c23142d9e8947f28e461d2ce3ddabd61afd05,1,1,,0,0,0,0,,,0,0.0,BOQ_NAME_ONLY,자동 표 신호는 최종 A/B로 승격하지 않음
2021-2025,2020-00086,L2023-00036-1,WORKS,L2023-00036-1/붙임3_입찰관련서류_검토완_0717/Section 4.  Bill of Quantities(Not-Priced)/공내역서/VTC견적서/0 ГП(Site Plan & Landscape+Outdoor Infra)/0-9 НВК(Outside Water Piping)/13693_vfor.xls,.xls,50688,40205bc1eaad85a3c4553624b01d8e2e15cb4fbb02e2385cc4c618c196421564,1,1,,0,0,0,0,,,0,0.0,BOQ_NAME_ONLY,자동 표 신호는 최종 A/B로 승격하지 않음
2021-2025,2020-00086,L2023-00036-1,WORKS,L2023-00036-1/붙임3_입찰관련서류_검토완_0717/Section 4.  Bill of Quantities(Not-Priced)/공내역서/VTC견적서/0 ГП(Site Plan & Landscape+Outdoor Infra)/0-9 НВК(Outside Water Piping)/13693_vrmu.xls,.xls,73728,7f90477cfd26b71bef664a93e1ccef28539b5f685b7d63c2d2a8a20c834c4893,1,1,,1,123,1,0,Лист1,visible,8,0.008130081300813009,B?,자동 표 신호는 최종 A/B로 승격하지 않음
2021-2025,2020-00086,L2023-00036-1,WORKS,L2023-00036-1/붙임3_입찰관련서류_검토완_0717/Section 4.  Bill of Quantities(Not-Priced)/공내역서/VTC견적서/0 ГП(Site Plan & Landscape+Outdoor Infra)/0-9 НВК(Outside Water Piping)/bv13690.xls,.xls,160256,1cd6324bf7a0eaec27cb7142830672e0985ab1482b721a78911144c1c4a4cbef,1,1,,0,0,0,0,,,0,0.0,BOQ_NAME_ONLY,자동 표 신호는 최종 A/B로 승격하지 않음
2021-2025,2020-00086,L2023-00036-1,WORKS,L2023-00036-1/붙임3_입찰관련서류_검토완_0717/Section 4.  Bill of Quantities(Not-Priced)/공내역서/VTC견적서/0 ГП(Site Plan & Landscape+Outdoor Infra)/0-11 СВ(Underground Water Pumping)/bv13710.xls,.xls,108544,78a4e1c483aad218148c44031dc0dbe4b3d4be6d9d60c09536a5798bd508b8f7,1,1,,0,0,0,0,,,0,0.0,BOQ_NAME_ONLY,자동 표 신호는 최종 A/B로 승격하지 않음
2021-2025,2020-00086,L2023-00036-1,WORKS,L2023-00036-1/붙임3_입찰관련서류_검토완_0717/Section 4.  Bill of Quantities(Not-Priced)/공내역서/VTC견적서/0 ГП(Site Plan & Landscape+Outdoor Infra)/0-11 СВ(Underground Water Pumping)/13713_vrmu.xls,.xls,67072,9e59430416fb626364f3a259cffd4886e2e1573ee703ed00f728dac814d9f4da,1,1,,1,101,1,0,Лист1,visible,8,0.009900990099009901,B?,자동 표 신호는 최종 A/B로 승격하지 않음
2021-2025,2020-00086,L2023-00036-1,WORKS,L2023-00036-1/붙임3_입찰관련서류_검토완_0717/Section 4.  Bill of Quantities(Not-Priced)/공내역서/VTC견적서/0 ГП(Site Plan & Landscape+Outdoor Infra)/0-11 СВ(Underground Water Pumping)/13713_vfor.xls,.xls,40448,b907108bac749dae0b04900b731d9c1a0b43fea8b519995542662c26c338b56c,1,1,,0,0,0,0,,,0,0.0,BOQ_NAME_ONLY,자동 표 신호는 최종 A/B로 승격하지 않음
2021-2025,2020-00086,L2023-00036-1,WORKS,L2023-00036-1/붙임3_입찰관련서류_검토완_0717/Section 4.  Bill of Quantities(Not-Priced)/공내역서/VTC견적서/0 ГП(Site Plan & Landscape+Outdoor Infra)/0-5 ГСН(Outdoor Gas Infra)/13653_vrmu.xls,.xls,83968,73cdcf6c26608fd6ed09727e2837da02b88671e6e4a9cf14ce3d854ea7a831f7,1,1,,1,158,1,0,Лист1,visible,8,0.006329113924050633,B?,자동 표 신호는 최종 A/B로 승격하지 않음
2021-2025,2020-00086,L2023-00036-1,WORKS,L2023-00036-1/붙임3_입찰관련서류_검토완_0717/Section 4.  Bill of Quantities(Not-Priced)/공내역서/VTC견적서/0 ГП(Site Plan & Landscape+Outdoor Infra)/0-5 ГСН(Outdoor Gas Infra)/13653_vfor.xls,.xls,50176,567efd592c487f7ff0d0c59fb9c7d182601f503045ac37195ca1d7619476918a,1,1,,0,0,0,0,,,0,0.0,BOQ_NAME_ONLY,자동 표 신호는 최종 A/B로 승격하지 않음
2021-2025,2020-00086,L2023-00036-1,WORKS,L2023-00036-1/붙임3_입찰관련서류_검토완_0717/Section 4.  Bill of Quantities(Not-Priced)/공내역서/VTC견적서/0 ГП(Site Plan & Landscape+Outdoor Infra)/0-5 ГСН(Outdoor Gas Infra)/bv13650.xls,.xls,158208,5a395510c961855d96159b216312e8884d10e3b4d57bafd7a4326ad596851fb7,1,1,,0,0,0,0,,,0,0.0,BOQ_NAME_ONLY,자동 표 신호는 최종 A/B로 승격하지 않음
2021-2025,2020-00086,L2023-00036-1,WORKS,L2023-00036-1/붙임3_입찰관련서류_검토완_0717/Section 4.  Bill of Quantities(Not-Priced)/공내역서/VTC견적서/0 ГП(Site Plan & Landscape+Outdoor Infra)/0-1 ГП(Site Plan+Landscape)/13403_vrmu.xls,.xls,57344,9e93c17fb83cb754c8b2b889d7c88e9d56b7b5e94ef2f36d2c7b96356a99bf8b,1,1,,1,85,1,0,Лист1,visible,8,0.011764705882352941,B?,자동 표 신호는 최종 A/B로 승격하지 않음
2021-2025,2020-00086,L2023-00036-1,WORKS,L2023-00036-1/붙임3_입찰관련서류_검토완_0717/Section 4.  Bill of Quantities(Not-Priced)/공내역서/VTC견적서/0 ГП(Site Plan & Landscape+Outdoor Infra)/0-1 ГП(Site Plan+Landscape)/bv13400.xls,.xls,100864,c237827588a1b89c4b31b984ef80299ed0268e63e35039a34093895646b82cb6,1,1,,0,0,0,0,,,0,0.0,BOQ_NAME_ONLY,자동 표 신호는 최종 A/B로 승격하지 않음
2021-2025,2020-00086,L2023-00036-1,WORKS,L2023-00036-1/붙임3_입찰관련서류_검토완_0717/Section 4.  Bill of Quantities(Not-Priced)/공내역서/VTC견적서/0 ГП(Site Plan & Landscape+Outdoor Infra)/0-1 ГП(Site Plan+Landscape)/13403_vfor.xls,.xls,40960,3f220fc5a5b364271bb7c01e7b3a9ffa53b430c77dd7e2b8da559aac8af53508,1,1,,0,0,0,0,,,0,0.0,BOQ_NAME_ONLY,자동 표 신호는 최종 A/B로 승격하지 않음
2021-2025,2020-00086,L2023-00036-1,WORKS,L2023-00036-1/붙임3_입찰관련서류_검토완_0717/Section 4.  Bill of Quantities(Not-Priced)/공내역서/VTC견적서/6 КПП(Guard House+Fence & Gate)/6-1 КЖ(Structure)/13053_vfor.xls,.xls,57856,4b6138cf061524a28704b118bd7c9f47aac9302aca4030b86c5a714c09dbe871,1,1,,0,0,0,0,,,0,0.0,BOQ_NAME_ONLY,자동 표 신호는 최종 A/B로 승격하지 않음
2021-2025,2020-00086,L2023-00036-1,WORKS,L2023-00036-1/붙임3_입찰관련서류_검토완_0717/Section 4.  Bill of Quantities(Not-Priced)/공내역서/VTC견적서/6 КПП(Guard House+Fence & Gate)/6-1 КЖ(Structure)/13053_vrmu.xls,.xls,72704,dcc0b7139d1a295111335bacbfa1dec0eb5c4d8fd84c4550f6c49f5003c87115,1,1,,1,120,1,0,Лист1,visible,8,0.008333333333333333,B?,자동 표 신호는 최종 A/B로 승격하지 않음
2021-2025,2020-00086,L2023-00036-1,WORKS,L2023-00036-1/붙임3_입찰관련서류_검토완_0717/Section 4.  Bill of Quantities(Not-Priced)/공내역서/VTC견적서/6 КПП(Guard House+Fence & Gate)/6-1 КЖ(Structure)/bv13050.xls,.xls,186368,ecb8d5c1397c5c50289b9fbd88481d3cee7bb833c0a9a712edc967ee65d8af3f,1,1,,0,0,0,0,,,0,0.0,BOQ_NAME_ONLY,자동 표 신호는 최종 A/B로 승격하지 않음
2021-2025,2020-00086,L2023-00036-1,WORKS,L2023-00036-1/붙임3_입찰관련서류_검토완_0717/Section 4.  Bill of Quantities(Not-Priced)/공내역서/VTC견적서/6 КПП(Guard House+Fence & Gate)/6-5 ЭО(Electric)/13533_vfor.xls,.xls,45568,a8c797c5c49f18bcd37916401194d6111b33f4cd1c1431c0bc17678dc1ef7507,1,1,,1,28,0,0,Лист1,visible,9,0.0,B?,자동 표 신호는 최종 A/B로 승격하지 않음
2021-2025,2020-00086,L2023-00036-1,WORKS,L2023-00036-1/붙임3_입찰관련서류_검토완_0717/Section 4.  Bill of Quantities(Not-Priced)/공내역서/VTC견적서/6 КПП(Guard House+Fence & Gate)/6-5 ЭО(Electric)/13533_vrmu.xls,.xls,51712,adc4d0090b25860f05ae432980f8a84532193b463acbd300f4d5fa3acf31929d,1,1,,1,51,1,0,Лист1,visible,8,0.0196078431372549,B?,자동 표 신호는 최종 A/B로 승격하지 않음
2021-2025,2020-00086,L2023-00036-1,WORKS,L2023-00036-1/붙임3_입찰관련서류_검토완_0717/Section 4.  Bill of Quantities(Not-Priced)/공내역서/VTC견적서/6 КПП(Guard House+Fence & Gate)/6-5 ЭО(Electric)/bv13530.xls,.xls,77824,245b723563475e969548ffaaf40bf6267f9670b17170e37180d848a6826ae285,1,1,,1,123,0,0,6-5_ЛРВ,visible,10,0.0,B?,자동 표 신호는 최종 A/B로 승격하지 않음
2021-2025,2020-00086,L2023-00036-1,WORKS,L2023-00036-1/붙임3_입찰관련서류_검토완_0717/Section 4.  Bill of Quantities(Not-Priced)/공내역서/VTC견적서/6 КПП(Guard House+Fence & Gate)/6-4 ВК(Water & Sewer & Fire plug)/13163_vrmu.xls,.xls,51712,02996d3aeb403f16f777614300c531dffc91202f13226adbc63fdcd4170cf27b,1,1,,1,69,1,0,Лист1,visible,8,0.014492753623188406,B?,자동 표 신호는 최종 A/B로 승격하지 않음
2021-2025,2020-00086,L2023-00036-1,WORKS,L2023-00036-1/붙임3_입찰관련서류_검토완_0717/Section 4.  Bill of Quantities(Not-Priced)/공내역서/VTC견적서/6 КПП(Guard House+Fence & Gate)/6-4 ВК(Water & Sewer & Fire plug)/13163_vfor.xls,.xls,42496,df6220b225173aa488bd8d4a23eb05263619cbf4e888bbe98ea36c01265e50fc,1,1,,1,34,0,0,Лист1,visible,9,0.0,B?,자동 표 신호는 최종 A/B로 승격하지 않음
2021-2025,2020-00086,L2023-00036-1,WORKS,L2023-00036-1/붙임3_입찰관련서류_검토완_0717/Section 4.  Bill of Quantities(Not-Priced)/공내역서/VTC견적서/6 КПП(Guard House+Fence & Gate)/6-4 ВК(Water & Sewer & Fire plug)/bv13160.xls,.xls,81408,0da398eedf5f2bce997092265a779da29c1e9aad374c13682effe71359e455e6,1,1,,1,127,0,0,6-4_ЛРВ,visible,10,0.0,B?,자동 표 신호는 최종 A/B로 승격하지 않음
2021-2025,2020-00086,L2023-00036-1,WORKS,L2023-00036-1/붙임3_입찰관련서류_검토완_0717/Section 4.  Bill of Quantities(Not-Priced)/공내역서/VTC견적서/6 КПП(Guard House+Fence & Gate)/6-2 АР(Architecture)/bv13200.xls,.xls,129024,438cdab323bc3e1f71d5b490c7094683b5141f8e682754558baf8ad56fb493b6,1,1,,1,336,0,0,6-2_ЛРВ,visible,10,0.0,B?,자동 표 신호는 최종 A/B로 승격하지 않음
2021-2025,2020-00086,L2023-00036-1,WORKS,L2023-00036-1/붙임3_입찰관련서류_검토완_0717/Section 4.  Bill of Quantities(Not-Priced)/공내역서/VTC견적서/6 КПП(Guard House+Fence & Gate)/6-2 АР(Architecture)/13203_vfor.xls,.xls,48640,21fa111c58e5d02f90ed6d5bf2e47e5fc93e3e0b70ff150c2a2bfd5f7ce512f3,1,1,,0,0,0,0,,,0,0.0,BOQ_NAME_ONLY,자동 표 신호는 최종 A/B로 승격하지 않음
2021-2025,2020-00086,L2023-00036-1,WORKS,L2023-00036-1/붙임3_입찰관련서류_검토완_0717/Section 4.  Bill of Quantities(Not-Priced)/공내역서/VTC견적서/6 КПП(Guard House+Fence & Gate)/6-2 АР(Architecture)/13203_vrmu.xls,.xls,61440,cdc00d62f8cb153c9478d025a81ca7bcec02338d395b64066ecdb866f099a689,1,1,,1,112,1,0,Лист1,visible,8,0.008928571428571428,B?,자동 표 신호는 최종 A/B로 승격하지 않음
2021-2025,2020-00086,L2023-00036-1,WORKS,"L2023-00036-1/붙임3_입찰관련서류_검토완_0717/Section 4.  Bill of Quantities(Not-Priced)/공내역서/VTC견적서/6 КПП(Guard House+Fence & Gate)/6-7 ВН, СКС(CCTV & Network)/13363_vfor.xls",.xls,48128,36c9333a99d57c47105b911fbcb3486700e28e5017f87607868f0f75926dffa2,1,1,,1,46,0,0,Лист1,visible,9,0.0,B?,자동 표 신호는 최종 A/B로 승격하지 않음
2021-2025,2020-00086,L2023-00036-1,WORKS,"L2023-00036-1/붙임3_입찰관련서류_검토완_0717/Section 4.  Bill of Quantities(Not-Priced)/공내역서/VTC견적서/6 КПП(Guard House+Fence & Gate)/6-7 ВН, СКС(CCTV & Network)/bv13360.xls",.xls,88576,74bc8b533c92a35d0c29c637a7feab7f5b9a68290b45af8b0e0690bf0416adab,1,1,,1,157,0,0,6-7_ЛРВ,visible,10,0.0,B?,자동 표 신호는 최종 A/B로 승격하지 않음
2021-2025,2020-00086,L2023-00036-1,WORKS,"L2023-00036-1/붙임3_입찰관련서류_검토완_0717/Section 4.  Bill of Quantities(Not-Priced)/공내역서/VTC견적서/6 КПП(Guard House+Fence & Gate)/6-7 ВН, СКС(CCTV & Network)/13363_vrmu.xls",.xls,57344,bb45d8fce2bdc88caf7c66fd7cb3a7b238228ed5926d5e1cd6c17d10d95924ee,1,1,,1,79,1,0,Лист1,visible,8,0.012658227848101266,B?,자동 표 신호는 최종 A/B로 승격하지 않음
2021-2025,2020-00086,L2023-00036-1,WORKS,L2023-00036-1/붙임3_입찰관련서류_검토완_0717/Section 4.  Bill of Quantities(Not-Priced)/공내역서/VTC견적서/6 КПП(Guard House+Fence & Gate)/6-6 ПС(Fire Alarm)/bv13350.xls,.xls,68608,3fedac4c69065bad31ff8ef486ec7a572c6b66408b084530fddeb99286af3107,1,1,,0,0,0,0,,,0,0.0,BOQ_NAME_ONLY,자동 표 신호는 최종 A/B로 승격하지 않음
2021-2025,2020-00086,L2023-00036-1,WORKS,L2023-00036-1/붙임3_입찰관련서류_검토완_0717/Section 4.  Bill of Quantities(Not-Priced)/공내역서/VTC견적서/6 КПП(Guard House+Fence & Gate)/6-6 ПС(Fire Alarm)/13353_vrmu.xls,.xls,45568,1042a9e9f47e2df7996e894c927dd8ac8c3cc20fef3dfd2e0469d34176fb67a4,1,1,,0,0,0,0,,,0,0.0,BOQ_NAME_ONLY,자동 표 신호는 최종 A/B로 승격하지 않음
2021-2025,2020-00086,L2023-00036-1,WORKS,L2023-00036-1/붙임3_입찰관련서류_검토완_0717/Section 4.  Bill of Quantities(Not-Priced)/공내역서/VTC견적서/6 КПП(Guard House+Fence & Gate)/6-6 ПС(Fire Alarm)/13353_vfor.xls,.xls,39936,ada6a09861b75baeced88918213281f646dd23f8d179cda036079e272dedf6d9,1,1,,1,25,0,0,Лист1,visible,9,0.0,B?,자동 표 신호는 최종 A/B로 승격하지 않음
2021-2025,2020-00086,L2023-00036-1,WORKS,L2023-00036-1/붙임3_입찰관련서류_검토완_0717/Section 4.  Bill of Quantities(Not-Priced)/공내역서/VTC견적서/6 КПП(Guard House+Fence & Gate)/6-3 ОВ(Heating & Ventilation)/13553_vfor.xls,.xls,39424,221afcc766216a2167659cd706b07c07df791349f680a06ec88931f4e140e87d,1,1,,1,10,0,0,Лист1,visible,9,0.0,B?,자동 표 신호는 최종 A/B로 승격하지 않음
2021-2025,2020-00086,L2023-00036-1,WORKS,L2023-00036-1/붙임3_입찰관련서류_검토완_0717/Section 4.  Bill of Quantities(Not-Priced)/공내역서/VTC견적서/6 КПП(Guard House+Fence & Gate)/6-3 ОВ(Heating & Ventilation)/13553_vrmu.xls,.xls,47104,7c9d9051925373dc66d2ca05fefd5ea839554e87b692910a8f4c2f7831d68277,1,1,,1,43,1,0,Лист1,visible,8,0.023255813953488372,B?,자동 표 신호는 최종 A/B로 승격하지 않음
2021-2025,2020-00086,L2023-00036-1,WORKS,L2023-00036-1/붙임3_입찰관련서류_검토완_0717/Section 4.  Bill of Quantities(Not-Priced)/공내역서/VTC견적서/6 КПП(Guard House+Fence & Gate)/6-3 ОВ(Heating & Ventilation)/bv13550.xls,.xls,64000,028f57741a7980eb9293cf32591884faf6ce3b4531076bbbf2f780cc5aeb3c5c,1,1,,1,58,0,0,6-3_ЛРВ,visible,10,0.0,B?,자동 표 신호는 최종 A/B로 승격하지 않음
2021-2025,2020-00086,L2023-00036-1,WORKS,L2023-00036-1/붙임3_입찰관련서류_검토완_0717/Section 4.  Bill of Quantities(Not-Priced)/공내역서/VTC견적서/2 УПК(Practice and Education Building)/2-9 ГСВ(Gas)/13583_vfor.xls,.xls,38400,ec378189ec8e3fc423efb9636e24d6a2214a259d2af40c14f92b5626a47a4b53,1,1,,0,0,0,0,,,0,0.0,BOQ_NAME_ONLY,자동 표 신호는 최종 A/B로 승격하지 않음
2021-2025,2020-00086,L2023-00036-1,WORKS,L2023-00036-1/붙임3_입찰관련서류_검토완_0717/Section 4.  Bill of Quantities(Not-Priced)/공내역서/VTC견적서/2 УПК(Practice and Education Building)/2-9 ГСВ(Gas)/13583_vrmu.xls,.xls,58368,79c0d45acad111aa632a5123591aee7f4aaf88bfcc819bf29af6b23500a562ad,1,1,,1,75,1,0,Лист1,visible,8,0.013333333333333334,B?,자동 표 신호는 최종 A/B로 승격하지 않음
2021-2025,2020-00086,L2023-00036-1,WORKS,L2023-00036-1/붙임3_입찰관련서류_검토완_0717/Section 4.  Bill of Quantities(Not-Priced)/공내역서/VTC견적서/2 УПК(Practice and Education Building)/2-9 ГСВ(Gas)/bv13580.xls,.xls,97792,e2f79d457ed4fef8a6f0beb829b71d27adcc667ae940dd195ceb0fc2d6b8be1f,1,1,,0,0,0,0,,,0,0.0,BOQ_NAME_ONLY,자동 표 신호는 최종 A/B로 승격하지 않음
2021-2025,2020-00086,L2023-00036-1,WORKS,L2023-00036-1/붙임3_입찰관련서류_검토완_0717/Section 4.  Bill of Quantities(Not-Priced)/공내역서/VTC견적서/2 УПК(Practice and Education Building)/2-6 ПС(Fire Alarm)/bv13270.xls,.xls,81408,d46cd1888c84107a56dd7e1a1f3e026e361cbd56a90fe559692389429af17a31,1,1,,0,0,0,0,,,0,0.0,BOQ_NAME_ONLY,자동 표 신호는 최종 A/B로 승격하지 않음
2021-2025,2020-00086,L2023-00036-1,WORKS,L2023-00036-1/붙임3_입찰관련서류_검토완_0717/Section 4.  Bill of Quantities(Not-Priced)/공내역서/VTC견적서/2 УПК(Practice and Education Building)/2-6 ПС(Fire Alarm)/13273_vrmu.xls,.xls,51712,37a7d416719880479a04287f43738c935aabd798ceb429a6996cc4e3c53eacf9,1,1,,1,64,1,0,Лист1,visible,8,0.015625,B?,자동 표 신호는 최종 A/B로 승격하지 않음
2021-2025,2020-00086,L2023-00036-1,WORKS,L2023-00036-1/붙임3_입찰관련서류_검토완_0717/Section 4.  Bill of Quantities(Not-Priced)/공내역서/VTC견적서/2 УПК(Practice and Education Building)/2-6 ПС(Fire Alarm)/13273_vfor.xls,.xls,39424,9253b08795feafb761135dfb7172359fd6821432264e5cec4a3ba2c9aaaef0df,1,1,,0,0,0,0,,,0,0.0,BOQ_NAME_ONLY,자동 표 신호는 최종 A/B로 승격하지 않음
2021-2025,2020-00086,L2023-00036-1,WORKS,L2023-00036-1/붙임3_입찰관련서류_검토완_0717/Section 4.  Bill of Quantities(Not-Priced)/공내역서/VTC견적서/2 УПК(Practice and Education Building)/2-8 ТМ(Boiler & Solar heating)/13433_vfor.xls,.xls,61952,d1c10b9aaca880e34e432f14a598fbfa9d3620e37ff970f3d323e49ce5560785,1,1,,0,0,0,0,,,0,0.0,BOQ_NAME_ONLY,자동 표 신호는 최종 A/B로 승격하지 않음
2021-2025,2020-00086,L2023-00036-1,WORKS,L2023-00036-1/붙임3_입찰관련서류_검토완_0717/Section 4.  Bill of Quantities(Not-Priced)/공내역서/VTC견적서/2 УПК(Practice and Education Building)/2-8 ТМ(Boiler & Solar heating)/bv13430.xls,.xls,178176,1e6b0f50a2a378878bb06672f894f03a587ce5a0d49a819318305705775920d7,1,1,,0,0,0,0,,,0,0.0,BOQ_NAME_ONLY,자동 표 신호는 최종 A/B로 승격하지 않음
2021-2025,2020-00086,L2023-00036-1,WORKS,L2023-00036-1/붙임3_입찰관련서류_검토완_0717/Section 4.  Bill of Quantities(Not-Priced)/공내역서/VTC견적서/2 УПК(Practice and Education Building)/2-8 ТМ(Boiler & Solar heating)/13433_vrmu.xls,.xls,86528,07503448a7270dbdb8f63ef2ae2d8ee1d85bc1ce1b33df86927763a7c6a90f7c,1,1,,1,175,1,0,Лист1,visible,8,0.005714285714285714,B?,자동 표 신호는 최종 A/B로 승격하지 않음
2021-2025,2020-00086,L2023-00036-1,WORKS,L2023-00036-1/붙임3_입찰관련서류_검토완_0717/Section 4.  Bill of Quantities(Not-Priced)/공내역서/VTC견적서/2 УПК(Practice and Education Building)/2-5 ЭО(Electric)/13593_vrmu.xls,.xls,88064,939da5ac56da64a557c1ad8bd96b90cc057f9a01d7ed01a90287001de59cfd7e,1,1,,1,140,1,0,Лист1,visible,8,0.007142857142857143,B?,자동 표 신호는 최종 A/B로 승격하지 않음
2021-2025,2020-00086,L2023-00036-1,WORKS,L2023-00036-1/붙임3_입찰관련서류_검토완_0717/Section 4.  Bill of Quantities(Not-Priced)/공내역서/VTC견적서/2 УПК(Practice and Education Building)/2-5 ЭО(Electric)/13593_vfor.xls,.xls,76288,c30b8ac327c03590384c07e2e8f0356db3b6aa949e01439f1bd4eb1866809498,1,1,,0,0,0,0,,,0,0.0,BOQ_NAME_ONLY,자동 표 신호는 최종 A/B로 승격하지 않음
2021-2025,2020-00086,L2023-00036-1,WORKS,L2023-00036-1/붙임3_입찰관련서류_검토완_0717/Section 4.  Bill of Quantities(Not-Priced)/공내역서/VTC견적서/2 УПК(Practice and Education Building)/2-5 ЭО(Electric)/bv13590.xls,.xls,165376,66663efa81309957bad47d81b20bef6148a275bbbdc2760911baebfc3d44937b,1,1,,0,0,0,0,,,0,0.0,BOQ_NAME_ONLY,자동 표 신호는 최종 A/B로 승격하지 않음
2021-2025,2020-00086,L2023-00036-1,WORKS,L2023-00036-1/붙임3_입찰관련서류_검토완_0717/Section 4.  Bill of Quantities(Not-Priced)/공내역서/VTC견적서/2 УПК(Practice and Education Building)/2-1 КЖ(Structure)/bv13010.xls,.xls,438784,9a08a9249b066c02507c7d7b6711bbd0214f8d0d66dfa4d6052663da0fc7d2fe,1,1,,0,0,0,0,,,0,0.0,BOQ_NAME_ONLY,자동 표 신호는 최종 A/B로 승격하지 않음
2021-2025,2020-00086,L2023-00036-1,WORKS,L2023-00036-1/붙임3_입찰관련서류_검토완_0717/Section 4.  Bill of Quantities(Not-Priced)/공내역서/VTC견적서/2 УПК(Practice and Education Building)/2-1 КЖ(Structure)/13013_vfor.xls,.xls,90112,eb125c00f27b73c161614158902fe9f7296eb1d8eee1c3f3da800522e1d82334,1,1,,0,0,0,0,,,0,0.0,BOQ_NAME_ONLY,자동 표 신호는 최종 A/B로 승격하지 않음
2021-2025,2020-00086,L2023-00036-1,WORKS,L2023-00036-1/붙임3_입찰관련서류_검토완_0717/Section 4.  Bill of Quantities(Not-Priced)/공내역서/VTC견적서/2 УПК(Practice and Education Building)/2-1 КЖ(Structure)/13013_vrmu.xls,.xls,78336,894f30fba7d6ceffd13ac600a3933b3b9c6ef0d085d61f97bad1695d4a782097,1,1,,1,151,1,0,Лист1,visible,8,0.006622516556291391,B?,자동 표 신호는 최종 A/B로 승격하지 않음
2021-2025,2020-00086,L2023-00036-1,WORKS,L2023-00036-1/붙임3_입찰관련서류_검토완_0717/Section 4.  Bill of Quantities(Not-Priced)/공내역서/VTC견적서/2 УПК(Practice and Education Building)/2-3 ОВ(Heating & Ventilation)/bv13510.xls,.xls,450048,f64d8d027c4f2b4232513b0b8605c8f8092aa552cac0b7ed425ff53f6db6908f,1,1,,0,0,0,0,,,0,0.0,BOQ_NAME_ONLY,자동 표 신호는 최종 A/B로 승격하지 않음
2021-2025,2020-00086,L2023-00036-1,WORKS,L2023-00036-1/붙임3_입찰관련서류_검토완_0717/Section 4.  Bill of Quantities(Not-Priced)/공내역서/VTC견적서/2 УПК(Practice and Education Building)/2-3 ОВ(Heating & Ventilation)/13513_vfor.xls,.xls,99840,12c5ca43305042fecde990e14ec0489f64e6a5bfb76e9a69fab76bb26799d793,1,1,,0,0,0,0,,,0,0.0,BOQ_NAME_ONLY,자동 표 신호는 최종 A/B로 승격하지 않음
2021-2025,2020-00086,L2023-00036-1,WORKS,L2023-00036-1/붙임3_입찰관련서류_검토완_0717/Section 4.  Bill of Quantities(Not-Priced)/공내역서/VTC견적서/2 УПК(Practice and Education Building)/2-3 ОВ(Heating & Ventilation)/13513_vrmu.xls,.xls,100352,c598552db7e0e86089126d4ffff68c3be6e09016d43faddb5648dc76758c1996,1,1,,1,228,1,0,Лист1,visible,8,0.0043859649122807015,B?,자동 표 신호는 최종 A/B로 승격하지 않음
2021-2025,2020-00086,L2023-00036-1,WORKS,L2023-00036-1/붙임3_입찰관련서류_검토완_0717/Section 4.  Bill of Quantities(Not-Priced)/공내역서/VTC견적서/2 УПК(Practice and Education Building)/2-4 ВК(Water & Sewer & Fireplug)/13123_vrmu.xls,.xls,88576,355c8ae16063462d4e7d9dacb0087baa7fe1d5550fffd04313e146fe418e2cc7,1,1,,1,198,1,0,Лист1,visible,8,0.005050505050505051,B?,자동 표 신호는 최종 A/B로 승격하지 않음
2021-2025,2020-00086,L2023-00036-1,WORKS,L2023-00036-1/붙임3_입찰관련서류_검토완_0717/Section 4.  Bill of Quantities(Not-Priced)/공내역서/VTC견적서/2 УПК(Practice and Education Building)/2-4 ВК(Water & Sewer & Fireplug)/13123_vfor.xls,.xls,59904,a7d4c30f7d188cff8e06d5929b7943ca6001dd6edf34d708f09e06ff60bad3a9,1,1,,0,0,0,0,,,0,0.0,BOQ_NAME_ONLY,자동 표 신호는 최종 A/B로 승격하지 않음
2021-2025,2020-00086,L2023-00036-1,WORKS,L2023-00036-1/붙임3_입찰관련서류_검토완_0717/Section 4.  Bill of Quantities(Not-Priced)/공내역서/VTC견적서/2 УПК(Practice and Education Building)/2-4 ВК(Water & Sewer & Fireplug)/bv13120.xls,.xls,172032,3e907a310c004ae321d7eebac0f5fce2c118ec91ebfb9514f3a8a5c68894b05c,1,1,,0,0,0,0,,,0,0.0,BOQ_NAME_ONLY,자동 표 신호는 최종 A/B로 승격하지 않음
2021-2025,2020-00086,L2023-00036-1,WORKS,"L2023-00036-1/붙임3_입찰관련서류_검토완_0717/Section 4.  Bill of Quantities(Not-Priced)/공내역서/VTC견적서/2 УПК(Practice and Education Building)/2-7 ВН, СКС(CCTV & Network)/13283_vrmu.xls",.xls,67072,b6846cb5505886d26e2d8e4507951919d190aa8d9ba9fa7ba7df632cb03e888d,1,1,,1,121,1,0,Лист1,visible,8,0.008264462809917356,B?,자동 표 신호는 최종 A/B로 승격하지 않음
2021-2025,2020-00086,L2023-00036-1,WORKS,"L2023-00036-1/붙임3_입찰관련서류_검토완_0717/Section 4.  Bill of Quantities(Not-Priced)/공내역서/VTC견적서/2 УПК(Practice and Education Building)/2-7 ВН, СКС(CCTV & Network)/13283_vfor.xls",.xls,47104,db6c3cc502fbc8f749a5c19609ddf016fd8932c4cc11020c6bd9ee1e3229f05d,1,1,,0,0,0,0,,,0,0.0,BOQ_NAME_ONLY,자동 표 신호는 최종 A/B로 승격하지 않음
2021-2025,2020-00086,L2023-00036-1,WORKS,"L2023-00036-1/붙임3_입찰관련서류_검토완_0717/Section 4.  Bill of Quantities(Not-Priced)/공내역서/VTC견적서/2 УПК(Practice and Education Building)/2-7 ВН, СКС(CCTV & Network)/bv13280.xls",.xls,108032,6992044beb67c2e32411290725db35b2c64559310aff468a4b53db8d3f90312f,1,1,,0,0,0,0,,,0,0.0,BOQ_NAME_ONLY,자동 표 신호는 최종 A/B로 승격하지 않음
2021-2025,2020-00086,L2023-00036-1,WORKS,L2023-00036-1/붙임3_입찰관련서류_검토완_0717/Section 4.  Bill of Quantities(Not-Priced)/공내역서/VTC견적서/2 УПК(Practice and Education Building)/2-2 АР(Architecture)/bv13180.xls,.xls,216064,0a4453a2cbcb0fb035d5a2ee0e7a231433a198a6bc5351d8192be15d300f39db,1,1,,0,0,0,0,,,0,0.0,BOQ_NAME_ONLY,자동 표 신호는 최종 A/B로 승격하지 않음
2021-2025,2020-00086,L2023-00036-1,WORKS,L2023-00036-1/붙임3_입찰관련서류_검토완_0717/Section 4.  Bill of Quantities(Not-Priced)/공내역서/VTC견적서/2 УПК(Practice and Education Building)/2-2 АР(Architecture)/13183_vfor.xls,.xls,57344,ced6d9cc5f0dc47f2fbaa02466c757851c746ad533d0b2a7e89d6670c94b95f5,1,1,,0,0,0,0,,,0,0.0,BOQ_NAME_ONLY,자동 표 신호는 최종 A/B로 승격하지 않음
2021-2025,2020-00086,L2023-00036-1,WORKS,L2023-00036-1/붙임3_입찰관련서류_검토완_0717/Section 4.  Bill of Quantities(Not-Priced)/공내역서/VTC견적서/2 УПК(Practice and Education Building)/2-2 АР(Architecture)/13183_vrmu.xls,.xls,82432,d785547f100119bf8fe99b2cf9a925055b4fd0715cf243dd3de72fa18b6a5902,1,1,,1,189,1,0,Лист1,visible,8,0.005291005291005291,B?,자동 표 신호는 최종 A/B로 승격하지 않음
2021-2025,2020-00086,L2023-00036-1,WORKS,L2023-00036-1/붙임3_입찰관련서류_검토완_0717/Section 4.  Bill of Quantities(Not-Priced)/공내역서/VTC견적서/1 АДМИН ЗДАНИЕ(Admin. Build)/1-1 КЖ(Structure)/bv13060.xls,.xls,726528,24109ba5131665957977d77e5eaf5651afc7be65b2c614927a1f2a469e3a4094,1,1,,0,0,0,0,,,0,0.0,BOQ_NAME_ONLY,자동 표 신호는 최종 A/B로 승격하지 않음
2021-2025,2020-00086,L2023-00036-1,WORKS,L2023-00036-1/붙임3_입찰관련서류_검토완_0717/Section 4.  Bill of Quantities(Not-Priced)/공내역서/VTC견적서/1 АДМИН ЗДАНИЕ(Admin. Build)/1-1 КЖ(Structure)/13063_vrmu.xls,.xls,79360,97ca88b1db2e39ab8d470cd74e64acd38eb9c5888d5f78c83da36d324fa0e727,1,1,,1,163,1,0,Лист1,visible,8,0.006134969325153374,B?,자동 표 신호는 최종 A/B로 승격하지 않음
2021-2025,2020-00086,L2023-00036-1,WORKS,L2023-00036-1/붙임3_입찰관련서류_검토완_0717/Section 4.  Bill of Quantities(Not-Priced)/공내역서/VTC견적서/1 АДМИН ЗДАНИЕ(Admin. Build)/1-1 КЖ(Structure)/13063_vfor.xls,.xls,118272,722aad89cd38a9a05303abe12485831eca2450747711346f1c22d77bdb78f05b,1,1,,0,0,0,0,,,0,0.0,BOQ_NAME_ONLY,자동 표 신호는 최종 A/B로 승격하지 않음
2021-2025,2020-00086,L2023-00036-1,WORKS,L2023-00036-1/붙임3_입찰관련서류_검토완_0717/Section 4.  Bill of Quantities(Not-Priced)/공내역서/VTC견적서/1 АДМИН ЗДАНИЕ(Admin. Build)/1-5 ЭО(Electric)/13493_vrmu.xls,.xls,95744,ebe77e774131a081d32956fc8861c1d8f742a8828afd9bed0fd71db438f6f165,1,1,,0,0,0,0,,,0,0.0,BOQ_NAME_ONLY,자동 표 신호는 최종 A/B로 승격하지 않음
2021-2025,2020-00086,L2023-00036-1,WORKS,L2023-00036-1/붙임3_입찰관련서류_검토완_0717/Section 4.  Bill of Quantities(Not-Priced)/공내역서/VTC견적서/1 АДМИН ЗДАНИЕ(Admin. Build)/1-5 ЭО(Electric)/bv13490.xls,.xls,158720,bd5f8e35593e9c7efc6d645f53dd05706c78ef405c09926c16e8f6574c780cc0,1,1,,0,0,0,0,,,0,0.0,BOQ_NAME_ONLY,자동 표 신호는 최종 A/B로 승격하지 않음
2021-2025,2020-00086,L2023-00036-1,WORKS,"L2023-00036-1/붙임3_입찰관련서류_검토완_0717/Section 4.  Bill of Quantities(Not-Priced)/공내역서/VTC견적서/1 АДМИН ЗДАНИЕ(Admin. Build)/1-7 ВН, СКС(CCTV & Network)/bv13260.xls",.xls,107520,da9736d6f767a8ecd457f4daac55033b9573e34d0967a3842ac2dd832de749d3,1,1,,0,0,0,0,,,0,0.0,BOQ_NAME_ONLY,자동 표 신호는 최종 A/B로 승격하지 않음
2021-2025,2020-00086,L2023-00036-1,WORKS,"L2023-00036-1/붙임3_입찰관련서류_검토완_0717/Section 4.  Bill of Quantities(Not-Priced)/공내역서/VTC견적서/1 АДМИН ЗДАНИЕ(Admin. Build)/1-7 ВН, СКС(CCTV & Network)/13263_vfor.xls",.xls,47616,7a8b4feeaa0c2b59e5da2fb55f1768d770b5ad657133ec053d138eb8e9bce861,1,1,,0,0,0,0,,,0,0.0,BOQ_NAME_ONLY,자동 표 신호는 최종 A/B로 승격하지 않음
2021-2025,2020-00086,L2023-00036-1,WORKS,"L2023-00036-1/붙임3_입찰관련서류_검토완_0717/Section 4.  Bill of Quantities(Not-Priced)/공내역서/VTC견적서/1 АДМИН ЗДАНИЕ(Admin. Build)/1-7 ВН, СКС(CCTV & Network)/13263_vrmu.xls",.xls,68608,6c0471c582338da570a451cd77b90965fe575e9f9b5a76c47f242fa9f7baf869,1,1,,1,121,1,0,Лист1,visible,8,0.008264462809917356,B?,자동 표 신호는 최종 A/B로 승격하지 않음
2021-2025,2020-00086,L2023-00036-1,WORKS,L2023-00036-1/붙임3_입찰관련서류_검토완_0717/Section 4.  Bill of Quantities(Not-Priced)/공내역서/VTC견적서/1 АДМИН ЗДАНИЕ(Admin. Build)/1-4 ВК(Water & Sewer & Fireplug)/13133_vfor.xls,.xls,52736,741ec748efad6c50d4f9031854c9af39efdae94a7f251502f482d1e634696395,1,1,,0,0,0,0,,,0,0.0,BOQ_NAME_ONLY,자동 표 신호는 최종 A/B로 승격하지 않음
2021-2025,2020-00086,L2023-00036-1,WORKS,L2023-00036-1/붙임3_입찰관련서류_검토완_0717/Section 4.  Bill of Quantities(Not-Priced)/공내역서/VTC견적서/1 АДМИН ЗДАНИЕ(Admin. Build)/1-4 ВК(Water & Sewer & Fireplug)/bv13130.xls,.xls,154624,1223ff48761e0fa74c64b76affe4f9a0bba0f90d9621723ff81afca192aa3ec9,1,1,,0,0,0,0,,,0,0.0,BOQ_NAME_ONLY,자동 표 신호는 최종 A/B로 승격하지 않음
2021-2025,2020-00086,L2023-00036-1,WORKS,L2023-00036-1/붙임3_입찰관련서류_검토완_0717/Section 4.  Bill of Quantities(Not-Priced)/공내역서/VTC견적서/1 АДМИН ЗДАНИЕ(Admin. Build)/1-4 ВК(Water & Sewer & Fireplug)/13133_vrmu.xls,.xls,79360,b0afbc4d11efcf493a5e6015f97ca5b4a7b9097194af5dc00c5ac2e9b8482153,1,1,,1,169,1,0,Лист1,visible,8,0.005917159763313609,B?,자동 표 신호는 최종 A/B로 승격하지 않음
2021-2025,2020-00086,L2023-00036-1,WORKS,L2023-00036-1/붙임3_입찰관련서류_검토완_0717/Section 4.  Bill of Quantities(Not-Priced)/공내역서/VTC견적서/1 АДМИН ЗДАНИЕ(Admin. Build)/1-10 ЛИФТ(ELEV)/13753_vrmu.xls,.xls,43008,d8c8c9194e19cccc526a10c247d70181deba40b1b4cf1c4603bfe482647ccc57,1,1,,0,0,0,0,,,0,0.0,BOQ_NAME_ONLY,자동 표 신호는 최종 A/B로 승격하지 않음
2021-2025,2020-00086,L2023-00036-1,WORKS,L2023-00036-1/붙임3_입찰관련서류_검토완_0717/Section 4.  Bill of Quantities(Not-Priced)/공내역서/VTC견적서/1 АДМИН ЗДАНИЕ(Admin. Build)/1-10 ЛИФТ(ELEV)/13753_vfor.xls,.xls,30208,b3579f537710c58124f00338f7e0f9e99571d8b9b633597f327e8b17d0a47566,1,1,,0,0,0,0,,,0,0.0,BOQ_NAME_ONLY,자동 표 신호는 최종 A/B로 승격하지 않음
2021-2025,2020-00086,L2023-00036-1,WORKS,L2023-00036-1/붙임3_입찰관련서류_검토완_0717/Section 4.  Bill of Quantities(Not-Priced)/공내역서/VTC견적서/1 АДМИН ЗДАНИЕ(Admin. Build)/1-10 ЛИФТ(ELEV)/bv13750.xls,.xls,54784,eb9c87be647fc11b224374cdaaccddcc279ef6fd030d266e10a9e18b670be321,1,1,,0,0,0,0,,,0,0.0,BOQ_NAME_ONLY,자동 표 신호는 최종 A/B로 승격하지 않음
2021-2025,2020-00086,L2023-00036-1,WORKS,L2023-00036-1/붙임3_입찰관련서류_검토완_0717/Section 4.  Bill of Quantities(Not-Priced)/공내역서/VTC견적서/1 АДМИН ЗДАНИЕ(Admin. Build)/1-3 ОВ(Heating & Ventilation)/13483_vfor.xls,.xls,99328,ea2c98759901d209006d0bf437f6b47db3db59af4a523229e57e8127d6eaec66,1,1,,0,0,0,0,,,0,0.0,BOQ_NAME_ONLY,자동 표 신호는 최종 A/B로 승격하지 않음
2021-2025,2020-00086,L2023-00036-1,WORKS,L2023-00036-1/붙임3_입찰관련서류_검토완_0717/Section 4.  Bill of Quantities(Not-Priced)/공내역서/VTC견적서/1 АДМИН ЗДАНИЕ(Admin. Build)/1-3 ОВ(Heating & Ventilation)/bv13480.xls,.xls,427008,09bb65db10a11858d8ac285c8181d79f56e81b7cf85edc982df2b0f23f6c6b66,1,1,,0,0,0,0,,,0,0.0,BOQ_NAME_ONLY,자동 표 신호는 최종 A/B로 승격하지 않음
2021-2025,2020-00086,L2023-00036-1,WORKS,L2023-00036-1/붙임3_입찰관련서류_검토완_0717/Section 4.  Bill of Quantities(Not-Priced)/공내역서/VTC견적서/1 АДМИН ЗДАНИЕ(Admin. Build)/1-3 ОВ(Heating & Ventilation)/13483_vrmu.xls,.xls,103936,a04ed59f23ea1ae61745cad683d4cbaf5ae363e309db5658d259973ecd8f543d,1,1,,1,244,1,0,Лист1,visible,8,0.004098360655737705,B?,자동 표 신호는 최종 A/B로 승격하지 않음
2021-2025,2020-00086,L2023-00036-1,WORKS,L2023-00036-1/붙임3_입찰관련서류_검토완_0717/Section 4.  Bill of Quantities(Not-Priced)/공내역서/VTC견적서/1 АДМИН ЗДАНИЕ(Admin. Build)/1-6 ПС(Fire Alarm)/13253_vrmu.xls,.xls,49152,638ac1d9b3e1c826c7350759798f5c9e7977ba6841161f9a0604aab9275f55ae,1,1,,0,0,0,0,,,0,0.0,BOQ_NAME_ONLY,자동 표 신호는 최종 A/B로 승격하지 않음
2021-2025,2020-00086,L2023-00036-1,WORKS,L2023-00036-1/붙임3_입찰관련서류_검토완_0717/Section 4.  Bill of Quantities(Not-Priced)/공내역서/VTC견적서/1 АДМИН ЗДАНИЕ(Admin. Build)/1-6 ПС(Fire Alarm)/13253_vfor.xls,.xls,36864,4bb2f66c458714b2e47664a339164cdd7ab4a42d68218d6abcca1ab11bf69708,1,1,,0,0,0,0,,,0,0.0,BOQ_NAME_ONLY,자동 표 신호는 최종 A/B로 승격하지 않음
2021-2025,2020-00086,L2023-00036-1,WORKS,L2023-00036-1/붙임3_입찰관련서류_검토완_0717/Section 4.  Bill of Quantities(Not-Priced)/공내역서/VTC견적서/1 АДМИН ЗДАНИЕ(Admin. Build)/1-6 ПС(Fire Alarm)/bv13250.xls,.xls,71680,6dde06584b8e720185be54b7abd01bc9cfe2672da2dbd294b9972d6ed3dfea7d,1,1,,0,0,0,0,,,0,0.0,BOQ_NAME_ONLY,자동 표 신호는 최종 A/B로 승격하지 않음
2021-2025,2020-00086,L2023-00036-1,WORKS,L2023-00036-1/붙임3_입찰관련서류_검토완_0717/Section 4.  Bill of Quantities(Not-Priced)/공내역서/VTC견적서/1 АДМИН ЗДАНИЕ(Admin. Build)/1-8 ТМ (Boiler & Solar heating)/bv13420.xls,.xls,164864,54879a728d46d53dde25618dd54da54ee91a6d2d51486ebe13b0999701943dd6,1,1,,0,0,0,0,,,0,0.0,BOQ_NAME_ONLY,자동 표 신호는 최종 A/B로 승격하지 않음
2021-2025,2020-00086,L2023-00036-1,WORKS,L2023-00036-1/붙임3_입찰관련서류_검토완_0717/Section 4.  Bill of Quantities(Not-Priced)/공내역서/VTC견적서/1 АДМИН ЗДАНИЕ(Admin. Build)/1-8 ТМ (Boiler & Solar heating)/13423_vrmu.xls,.xls,84480,a54c2fcb25747bfe4b9ef498e03a257b08f2e783b9e9f49c3876e0aff148bd9c,1,1,,1,170,1,0,Лист1,visible,8,0.0058823529411764705,B?,자동 표 신호는 최종 A/B로 승격하지 않음
2021-2025,2020-00086,L2023-00036-1,WORKS,L2023-00036-1/붙임3_입찰관련서류_검토완_0717/Section 4.  Bill of Quantities(Not-Priced)/공내역서/VTC견적서/1 АДМИН ЗДАНИЕ(Admin. Build)/1-8 ТМ (Boiler & Solar heating)/13423_vfor.xls,.xls,59392,4fe45df97a3ca51ea360b356de5895b9deb0d9cd61ae11d2664eed6687d6f3d6,1,1,,0,0,0,0,,,0,0.0,BOQ_NAME_ONLY,자동 표 신호는 최종 A/B로 승격하지 않음
2021-2025,2020-00086,L2023-00036-1,WORKS,L2023-00036-1/붙임3_입찰관련서류_검토완_0717/Section 4.  Bill of Quantities(Not-Priced)/공내역서/VTC견적서/1 АДМИН ЗДАНИЕ(Admin. Build)/1-2 АР(Architecture)/13373_vrmu.xls,.xls,78336,d8937a8073c4ef846f2a1d0ed67d95e4a5466aa94bfcffaee1af02f63a42d713,1,1,,1,173,1,0,Лист1,visible,8,0.005780346820809248,B?,자동 표 신호는 최종 A/B로 승격하지 않음
2021-2025,2020-00086,L2023-00036-1,WORKS,L2023-00036-1/붙임3_입찰관련서류_검토완_0717/Section 4.  Bill of Quantities(Not-Priced)/공내역서/VTC견적서/1 АДМИН ЗДАНИЕ(Admin. Build)/1-2 АР(Architecture)/bv13370.xls,.xls,210944,8de2bc3d895d879ac1baa522646d817648368da6f2ca6310cdce9e83c7414649,1,1,,0,0,0,0,,,0,0.0,BOQ_NAME_ONLY,자동 표 신호는 최종 A/B로 승격하지 않음
2021-2025,2020-00086,L2023-00036-1,WORKS,L2023-00036-1/붙임3_입찰관련서류_검토완_0717/Section 4.  Bill of Quantities(Not-Priced)/공내역서/VTC견적서/1 АДМИН ЗДАНИЕ(Admin. Build)/1-2 АР(Architecture)/13373_vfor.xls,.xls,53248,1fd794da035727f9b400374fd614b001fa502fae9e609f298084c9c1ba246f47,1,1,,0,0,0,0,,,0,0.0,BOQ_NAME_ONLY,자동 표 신호는 최종 A/B로 승격하지 않음
2021-2025,2020-00086,L2023-00036-1,WORKS,L2023-00036-1/붙임3_입찰관련서류_검토완_0717/Section 4.  Bill of Quantities(Not-Priced)/공내역서/VTC견적서/1 АДМИН ЗДАНИЕ(Admin. Build)/1-9 ГСВ(Gas)/13463_vrmu.xls,.xls,57344,1501c33f8e5b96476ddea53841abdd3c2adb92e4d3e866d7096938be3f8c71a6,1,1,,1,72,1,0,Лист1,visible,8,0.013888888888888888,B?,자동 표 신호는 최종 A/B로 승격하지 않음
2021-2025,2020-00086,L2023-00036-1,WORKS,L2023-00036-1/붙임3_입찰관련서류_검토완_0717/Section 4.  Bill of Quantities(Not-Priced)/공내역서/VTC견적서/1 АДМИН ЗДАНИЕ(Admin. Build)/1-9 ГСВ(Gas)/bv13460.xls,.xls,96256,588c1f649649826e30b0665d9a48f62f1bb7b8c32ecd2910dbcab3cb69e9168f,1,1,,0,0,0,0,,,0,0.0,BOQ_NAME_ONLY,자동 표 신호는 최종 A/B로 승격하지 않음
2021-2025,2020-00086,L2023-00036-1,WORKS,L2023-00036-1/붙임3_입찰관련서류_검토완_0717/Section 4.  Bill of Quantities(Not-Priced)/공내역서/VTC견적서/1 АДМИН ЗДАНИЕ(Admin. Build)/1-9 ГСВ(Gas)/13463_vfor.xls,.xls,37888,25912c3b07a4bfa20711c5089964aa1b96918b731753114e83bff382b00543b4,1,1,,0,0,0,0,,,0,0.0,BOQ_NAME_ONLY,자동 표 신호는 최종 A/B로 승격하지 않음
2021-2025,2020-00086,L2023-00036-1,WORKS,L2023-00036-1/붙임3_입찰관련서류_검토완_0717/Section 4.  Bill of Quantities(Not-Priced)/공내역서/VTC견적서/5 МИНИКУХНЯ(Mini Cafe)/5-3 ОВ(Heating & Ventilation)/13543_vrmu.xls,.xls,49664,2e0c5447782587d021f6d8f036576bc903e602712197c33721262ba5cc1fc354,1,1,,1,45,1,0,Лист1,visible,8,0.022222222222222223,B?,자동 표 신호는 최종 A/B로 승격하지 않음
2021-2025,2020-00086,L2023-00036-1,WORKS,L2023-00036-1/붙임3_입찰관련서류_검토완_0717/Section 4.  Bill of Quantities(Not-Priced)/공내역서/VTC견적서/5 МИНИКУХНЯ(Mini Cafe)/5-3 ОВ(Heating & Ventilation)/13543_vfor.xls,.xls,32768,876a0957fc6163b0b1e4ad5810ee7d53956a2d9014cbba2d4ea4baf23224ec61,1,1,,0,0,0,0,,,0,0.0,BOQ_NAME_ONLY,자동 표 신호는 최종 A/B로 승격하지 않음
2021-2025,2020-00086,L2023-00036-1,WORKS,L2023-00036-1/붙임3_입찰관련서류_검토완_0717/Section 4.  Bill of Quantities(Not-Priced)/공내역서/VTC견적서/5 МИНИКУХНЯ(Mini Cafe)/5-3 ОВ(Heating & Ventilation)/bv13540.xls,.xls,65536,f02a015b345ee86a5346018105e60337b5af91dc340467ec926133d010d70b8f,1,1,,0,0,0,0,,,0,0.0,BOQ_NAME_ONLY,자동 표 신호는 최종 A/B로 승격하지 않음
2021-2025,2020-00086,L2023-00036-1,WORKS,L2023-00036-1/붙임3_입찰관련서류_검토완_0717/Section 4.  Bill of Quantities(Not-Priced)/공내역서/VTC견적서/5 МИНИКУХНЯ(Mini Cafe)/5-2 АР(Architecture)/bv13190.xls,.xls,114176,4ade510ed9f6b01414dd3b9e208d36868bcf0fe70bb6352beb850b258163fe9f,1,1,,0,0,0,0,,,0,0.0,BOQ_NAME_ONLY,자동 표 신호는 최종 A/B로 승격하지 않음
2021-2025,2020-00086,L2023-00036-1,WORKS,L2023-00036-1/붙임3_입찰관련서류_검토완_0717/Section 4.  Bill of Quantities(Not-Priced)/공내역서/VTC견적서/5 МИНИКУХНЯ(Mini Cafe)/5-2 АР(Architecture)/13193_vrmu.xls,.xls,59392,32390eeba886734409c4cffd1bac48a8b2621f64ee819bc516ce95d6ce0de568,1,1,,1,104,1,0,Лист1,visible,8,0.009615384615384616,B?,자동 표 신호는 최종 A/B로 승격하지 않음
2021-2025,2020-00086,L2023-00036-1,WORKS,L2023-00036-1/붙임3_입찰관련서류_검토완_0717/Section 4.  Bill of Quantities(Not-Priced)/공내역서/VTC견적서/5 МИНИКУХНЯ(Mini Cafe)/5-2 АР(Architecture)/13193_vfor.xls,.xls,40960,f62d6e52a875e6096a3b3750725b2d51bc1fd31530c2873884d5a5d062914d99,1,1,,0,0,0,0,,,0,0.0,BOQ_NAME_ONLY,자동 표 신호는 최종 A/B로 승격하지 않음
2021-2025,2020-00086,L2023-00036-1,WORKS,L2023-00036-1/붙임3_입찰관련서류_검토완_0717/Section 4.  Bill of Quantities(Not-Priced)/공내역서/VTC견적서/5 МИНИКУХНЯ(Mini Cafe)/5-5 ЭО(Electric)/13523_vrmu.xls,.xls,51712,7e16265662d64e011839c6562a409b724755257307d17d53527af9a45b14d4e6,1,1,,1,51,1,0,Лист1,visible,8,0.0196078431372549,B?,자동 표 신호는 최종 A/B로 승격하지 않음
2021-2025,2020-00086,L2023-00036-1,WORKS,L2023-00036-1/붙임3_입찰관련서류_검토완_0717/Section 4.  Bill of Quantities(Not-Priced)/공내역서/VTC견적서/5 МИНИКУХНЯ(Mini Cafe)/5-5 ЭО(Electric)/13523_vfor.xls,.xls,38912,0b8abf0891da011114759f88243e0f71e1a95036c98ea30dad347b4f69ee2b1b,1,1,,0,0,0,0,,,0,0.0,BOQ_NAME_ONLY,자동 표 신호는 최종 A/B로 승격하지 않음
2021-2025,2020-00086,L2023-00036-1,WORKS,L2023-00036-1/붙임3_입찰관련서류_검토완_0717/Section 4.  Bill of Quantities(Not-Priced)/공내역서/VTC견적서/5 МИНИКУХНЯ(Mini Cafe)/5-5 ЭО(Electric)/bv13520.xls,.xls,72704,1ada1c8c043ded8552eb8c5daa2fa56c90309d301f171e5fe5761772acfa2c72,1,1,,0,0,0,0,,,0,0.0,BOQ_NAME_ONLY,자동 표 신호는 최종 A/B로 승격하지 않음
2021-2025,2020-00086,L2023-00036-1,WORKS,L2023-00036-1/붙임3_입찰관련서류_검토완_0717/Section 4.  Bill of Quantities(Not-Priced)/공내역서/VTC견적서/5 МИНИКУХНЯ(Mini Cafe)/5-6 ПС(Fire Alarm)/13333_vrmu.xls,.xls,45568,c129f77230778e4e75807137b0a081fda18b76c89bfafb91bf998c73b18b42b4,1,1,,1,46,1,0,Лист1,visible,8,0.021739130434782608,B?,자동 표 신호는 최종 A/B로 승격하지 않음
2021-2025,2020-00086,L2023-00036-1,WORKS,L2023-00036-1/붙임3_입찰관련서류_검토완_0717/Section 4.  Bill of Quantities(Not-Priced)/공내역서/VTC견적서/5 МИНИКУХНЯ(Mini Cafe)/5-6 ПС(Fire Alarm)/13333_vfor.xls,.xls,35328,10bb19b81831d3a84b82c28f1547ca3fe887463b9f75dee45ccc757eb0779c6c,1,1,,0,0,0,0,,,0,0.0,BOQ_NAME_ONLY,자동 표 신호는 최종 A/B로 승격하지 않음
2021-2025,2020-00086,L2023-00036-1,WORKS,L2023-00036-1/붙임3_입찰관련서류_검토완_0717/Section 4.  Bill of Quantities(Not-Priced)/공내역서/VTC견적서/5 МИНИКУХНЯ(Mini Cafe)/5-6 ПС(Fire Alarm)/bv13330.xls,.xls,62976,5285368cbc7c4336c65b8d5e64b9139cb7feafa61bb9ae14627cdc4c2d5c9f76,1,1,,0,0,0,0,,,0,0.0,BOQ_NAME_ONLY,자동 표 신호는 최종 A/B로 승격하지 않음
2021-2025,2020-00086,L2023-00036-1,WORKS,L2023-00036-1/붙임3_입찰관련서류_검토완_0717/Section 4.  Bill of Quantities(Not-Priced)/공내역서/VTC견적서/5 МИНИКУХНЯ(Mini Cafe)/5-1 КЖ(Structure)/13043_vrmu.xls,.xls,64000,380165b5ba6f48a8bc825a12a666a0aeb51807f94d8b2c20559637674f7d94b0,1,1,,1,131,1,0,Лист1,visible,8,0.007633587786259542,B?,자동 표 신호는 최종 A/B로 승격하지 않음
2021-2025,2020-00086,L2023-00036-1,WORKS,L2023-00036-1/붙임3_입찰관련서류_검토완_0717/Section 4.  Bill of Quantities(Not-Priced)/공내역서/VTC견적서/5 МИНИКУХНЯ(Mini Cafe)/5-1 КЖ(Structure)/13043_vfor.xls,.xls,48128,97f17253a08cf0cc8c9680898c42398ae08fe78103f09e01bf2a6835019a9ec3,1,1,,0,0,0,0,,,0,0.0,BOQ_NAME_ONLY,자동 표 신호는 최종 A/B로 승격하지 않음
2021-2025,2020-00086,L2023-00036-1,WORKS,L2023-00036-1/붙임3_입찰관련서류_검토완_0717/Section 4.  Bill of Quantities(Not-Priced)/공내역서/VTC견적서/5 МИНИКУХНЯ(Mini Cafe)/5-1 КЖ(Structure)/bv13040.xls,.xls,174592,863838e7bc7c9434fc3bd88bdcfea6aba7ac50f88f9f5db01b0e254da7998ff8,1,1,,0,0,0,0,,,0,0.0,BOQ_NAME_ONLY,자동 표 신호는 최종 A/B로 승격하지 않음
2021-2025,2020-00086,L2023-00036-1,WORKS,"L2023-00036-1/붙임3_입찰관련서류_검토완_0717/Section 4.  Bill of Quantities(Not-Priced)/공내역서/VTC견적서/5 МИНИКУХНЯ(Mini Cafe)/5-7 ВН, СКС(CCTV & Network)/bv13340.xls",.xls,87552,f7ebc1e11ee41682c73ffe4df54efdaf6f8776e3d1421e342e5d6efdf51b8f91,1,1,,0,0,0,0,,,0,0.0,BOQ_NAME_ONLY,자동 표 신호는 최종 A/B로 승격하지 않음
2021-2025,2020-00086,L2023-00036-1,WORKS,"L2023-00036-1/붙임3_입찰관련서류_검토완_0717/Section 4.  Bill of Quantities(Not-Priced)/공내역서/VTC견적서/5 МИНИКУХНЯ(Mini Cafe)/5-7 ВН, СКС(CCTV & Network)/13343_vfor.xls",.xls,42496,7ae45ebf6513a57ba6f4fb37a194629105af57885c6435d8e0b3fac1d07b54d7,1,1,,0,0,0,0,,,0,0.0,BOQ_NAME_ONLY,자동 표 신호는 최종 A/B로 승격하지 않음
2021-2025,2020-00086,L2023-00036-1,WORKS,"L2023-00036-1/붙임3_입찰관련서류_검토완_0717/Section 4.  Bill of Quantities(Not-Priced)/공내역서/VTC견적서/5 МИНИКУХНЯ(Mini Cafe)/5-7 ВН, СКС(CCTV & Network)/13343_vrmu.xls",.xls,57344,0c131dc024a728f09c19dc05519a4f69fc17da1dc83c0ff221c9fcbc28ca3e83,1,1,,1,87,1,0,Лист1,visible,8,0.011494252873563218,B?,자동 표 신호는 최종 A/B로 승격하지 않음
2021-2025,2020-00086,L2023-00036-1,WORKS,L2023-00036-1/붙임3_입찰관련서류_검토완_0717/Section 4.  Bill of Quantities(Not-Priced)/공내역서/VTC견적서/5 МИНИКУХНЯ(Mini Cafe)/5-4 ВК(Water & Sewer & Fireplug)/bv13150.xls,.xls,81920,ff40bc5d0ea432e7b1d7366c5d4fcb487b2c3880f96e4f78375825eafcfb95b6,1,1,,0,0,0,0,,,0,0.0,BOQ_NAME_ONLY,자동 표 신호는 최종 A/B로 승격하지 않음
2021-2025,2020-00086,L2023-00036-1,WORKS,L2023-00036-1/붙임3_입찰관련서류_검토완_0717/Section 4.  Bill of Quantities(Not-Priced)/공내역서/VTC견적서/5 МИНИКУХНЯ(Mini Cafe)/5-4 ВК(Water & Sewer & Fireplug)/13153_vfor.xls,.xls,38912,8c432bdc15c5f2e9b21d8cf64d2092af76e32ac769bcf6930a80498eda501c52,1,1,,0,0,0,0,,,0,0.0,BOQ_NAME_ONLY,자동 표 신호는 최종 A/B로 승격하지 않음
2021-2025,2020-00086,L2023-00036-1,WORKS,L2023-00036-1/붙임3_입찰관련서류_검토완_0717/Section 4.  Bill of Quantities(Not-Priced)/공내역서/VTC견적서/5 МИНИКУХНЯ(Mini Cafe)/5-4 ВК(Water & Sewer & Fireplug)/13153_vrmu.xls,.xls,55296,b73ea620ff03c68e64d826146d0e3fdf85d76c45d5f7b952398e75088501d5a8,1,1,,1,89,1,0,Лист1,visible,8,0.011235955056179775,B?,자동 표 신호는 최종 A/B로 승격하지 않음
2021-2025,2020-00086,L2023-00036-1,WORKS,L2023-00036-1/붙임3_입찰관련서류_검토완_0717/Section 4.  Bill of Quantities(Not-Priced)/공내역서/VTC견적서/9 ТП(Transformers)/9-2 ЭО(Electric)/bv13620.xls,.xls,72192,d12264dd66d83231e992bd650b7557870412089a06a2a0d4425c2f7ce9505b54,1,1,,0,0,0,0,,,0,0.0,BOQ_NAME_ONLY,자동 표 신호는 최종 A/B로 승격하지 않음
2021-2025,2020-00086,L2023-00036-1,WORKS,L2023-00036-1/붙임3_입찰관련서류_검토완_0717/Section 4.  Bill of Quantities(Not-Priced)/공내역서/VTC견적서/9 ТП(Transformers)/9-2 ЭО(Electric)/13623_vfor.xls,.xls,43520,45d383d1448e59a8f49860e92e6e7aa212038c27e4d7bce97a086cc21f88ccfe,1,1,,0,0,0,0,,,0,0.0,BOQ_NAME_ONLY,자동 표 신호는 최종 A/B로 승격하지 않음
2021-2025,2020-00086,L2023-00036-1,WORKS,L2023-00036-1/붙임3_입찰관련서류_검토완_0717/Section 4.  Bill of Quantities(Not-Priced)/공내역서/VTC견적서/9 ТП(Transformers)/9-2 ЭО(Electric)/13623_vrmu.xls,.xls,44544,9c376ffd83f74a7a0482782b87e52d87f3fd57e8ae172745d22dd2b5f75c87d3,1,1,,1,25,1,0,Лист1,visible,8,0.04,B?,자동 표 신호는 최종 A/B로 승격하지 않음
2021-2025,2020-00086,L2023-00036-1,WORKS,L2023-00036-1/붙임3_입찰관련서류_검토완_0717/Section 4.  Bill of Quantities(Not-Priced)/공내역서/VTC견적서/9 ТП(Transformers)/9-1 AC(Architecture+Structure)/13613_vrmu.xls,.xls,52224,dac492bc0da9304780f8cd01f3d5f4471428e5935002eef499f872bcaa423196,1,1,,1,60,1,0,Лист1,visible,8,0.016666666666666666,B?,자동 표 신호는 최종 A/B로 승격하지 않음
2021-2025,2020-00086,L2023-00036-1,WORKS,L2023-00036-1/붙임3_입찰관련서류_검토완_0717/Section 4.  Bill of Quantities(Not-Priced)/공내역서/VTC견적서/9 ТП(Transformers)/9-1 AC(Architecture+Structure)/bv13610.xls,.xls,87552,9c3b233e7eee9e95f4d7e3a8fd06879e5232932fea0154ee2d2ca48539bf46ec,1,1,,0,0,0,0,,,0,0.0,BOQ_NAME_ONLY,자동 표 신호는 최종 A/B로 승격하지 않음
2021-2025,2020-00086,L2023-00036-1,WORKS,L2023-00036-1/붙임3_입찰관련서류_검토완_0717/Section 4.  Bill of Quantities(Not-Priced)/공내역서/VTC견적서/9 ТП(Transformers)/9-1 AC(Architecture+Structure)/13613_vfor.xls,.xls,43520,d44f0b5ecfc1065f05341153878714679026a9bf6545cc1f41a3b99d2fc64e82,1,1,,0,0,0,0,,,0,0.0,BOQ_NAME_ONLY,자동 표 신호는 최종 A/B로 승격하지 않음
2021-2025,2020-00086,L2023-00036-1,WORKS,L2023-00036-1/붙임3_입찰관련서류_검토완_0717/Section 4.  Bill of Quantities(Not-Priced)/공내역서/TTC견적서/TTC(Teacher Traing Center)/СВОДКА(TTC Total sum. o).xlsx,.xlsx,32243,18f7fed124e549f8d045a52b65bfb032bfd797fb45093bfe24108488bd7f0010,1,1,,0,0,0,0,,,0,0.0,BOQ_NAME_ONLY,자동 표 신호는 최종 A/B로 승격하지 않음
2021-2025,2020-00086,L2023-00036-1,WORKS,L2023-00036-1/붙임3_입찰관련서류_검토완_0717/Section 4.  Bill of Quantities(Not-Priced)/공내역서/TTC견적서/TTC(Teacher Traing Center)/12 OB( Heating & Ventilation)/ra900.xlsx,.xlsx,25457,c0e7dba7fed37589ec6340137fd80e3748fc4e6f60d5a31a1732a90a20c89215,1,1,,1,145,0,0,ra_abc4,visible,8,0.0,B?,자동 표 신호는 최종 A/B로 승격하지 않음
2021-2025,2020-00086,L2023-00036-1,WORKS,L2023-00036-1/붙임3_입찰관련서류_검토완_0717/Section 4.  Bill of Quantities(Not-Priced)/공내역서/TTC견적서/TTC(Teacher Traing Center)/12 OB( Heating & Ventilation)/bv900.xlsx,.xlsx,57114,6ecb37ae086780f16e98b30e7632769c400d862e9e881341019571e4635cfe62,1,1,,1,583,0,0,_ЛРВ,visible,9,0.0,B?,자동 표 신호는 최종 A/B로 승격하지 않음
2021-2025,2020-00086,L2023-00036-1,WORKS,L2023-00036-1/붙임3_입찰관련서류_검토완_0717/Section 4.  Bill of Quantities(Not-Priced)/공내역서/TTC견적서/TTC(Teacher Traing Center)/10 СКС(Network)/ra880.xlsx,.xlsx,18030,199cd0082bbab1b40761e3488c1f1d8640ea614526e9e2299473c945cad04b3c,1,1,,1,46,0,0,ra_abc4,visible,8,0.0,B?,자동 표 신호는 최종 A/B로 승격하지 않음
2021-2025,2020-00086,L2023-00036-1,WORKS,L2023-00036-1/붙임3_입찰관련서류_검토완_0717/Section 4.  Bill of Quantities(Not-Priced)/공내역서/TTC견적서/TTC(Teacher Traing Center)/10 СКС(Network)/bv880.xlsx,.xlsx,18727,7dbc22ca005e0e4c226c79d089e7a86d1cf9d86c5ce303f40f114936328702ea,1,1,,1,72,0,0,_ЛРВ,visible,9,0.0,B?,자동 표 신호는 최종 A/B로 승격하지 않음
2021-2025,2020-00086,L2023-00036-1,WORKS,L2023-00036-1/붙임3_입찰관련서류_검토완_0717/Section 4.  Bill of Quantities(Not-Priced)/공내역서/TTC견적서/TTC(Teacher Traing Center)/9 ЭО(Electric)/bv870.xlsx,.xlsx,24024,590053cdfd59adba7a4b5f88ecdf76f97cfb3c4d11e98da39322368216c48da9,1,1,,1,135,0,0,_ЛРВ,visible,9,0.0,B?,자동 표 신호는 최종 A/B로 승격하지 않음
2021-2025,2020-00086,L2023-00036-1,WORKS,L2023-00036-1/붙임3_입찰관련서류_검토완_0717/Section 4.  Bill of Quantities(Not-Priced)/공내역서/TTC견적서/TTC(Teacher Traing Center)/9 ЭО(Electric)/ra870.xlsx,.xlsx,17554,86bcd13f1e122deed0898b8d011d1d581353131e0abde33c435654236fba8f3e,1,1,,1,44,0,0,ra_abc4,visible,8,0.0,B?,자동 표 신호는 최종 A/B로 승격하지 않음
2021-2025,2020-00086,L2023-00036-1,WORKS,L2023-00036-1/붙임3_입찰관련서류_검토완_0717/Section 4.  Bill of Quantities(Not-Priced)/공내역서/TTC견적서/TTC(Teacher Traing Center)/2 АР(Architecture)/ra3030.xlsx,.xlsx,27171,1ab32257b417f35173d37ca063d6c865481a2c4e20984dbfcccad7ba6691eea3,1,1,,1,142,0,0,ra_abc4,visible,10,0.0,B?,자동 표 신호는 최종 A/B로 승격하지 않음
2021-2025,2020-00086,L2023-00036-1,WORKS,L2023-00036-1/붙임3_입찰관련서류_검토완_0717/Section 4.  Bill of Quantities(Not-Priced)/공내역서/TTC견적서/TTC(Teacher Traing Center)/2 АР(Architecture)/bv3030.xlsx,.xlsx,84434,fe7024582a9e7a27577e95f0b5c83b062807ddf1c456cf8c97eea3f47349b1f3,1,1,,1,720,0,0,_ЛРВ,visible,10,0.0,B?,자동 표 신호는 최종 A/B로 승격하지 않음
2021-2025,2020-00086,L2023-00036-1,WORKS,L2023-00036-1/붙임3_입찰관련서류_검토완_0717/Section 4.  Bill of Quantities(Not-Priced)/공내역서/TTC견적서/TTC(Teacher Traing Center)/7 CO(Suond)/ra3050.xlsx,.xlsx,16144,3cf45bc9f2d27c43f48e134d2bfd9e01b5da1619124aac33d045fbd062047f42,1,1,,1,26,0,0,ra_abc4,visible,11,0.0,B?,자동 표 신호는 최종 A/B로 승격하지 않음
2021-2025,2020-00086,L2023-00036-1,WORKS,L2023-00036-1/붙임3_입찰관련서류_검토완_0717/Section 4.  Bill of Quantities(Not-Priced)/공내역서/TTC견적서/TTC(Teacher Traing Center)/7 CO(Suond)/bv3050.xlsx,.xlsx,19167,d8736b6fb22ca90bb5af5c298fc86e1ee24f5e86a706ccd04c842123ad6d6659,1,1,,1,47,0,0,_ЛРВ,visible,10,0.0,B?,자동 표 신호는 최종 A/B로 승격하지 않음
2021-2025,2020-00086,L2023-00036-1,WORKS,L2023-00036-1/붙임3_입찰관련서류_검토완_0717/Section 4.  Bill of Quantities(Not-Priced)/공내역서/TTC견적서/TTC(Teacher Traing Center)/6 BH(CCTV)/bv3040.xlsx,.xlsx,17421,c087a01a7f5ee8bc03972781ebf3fd9e8b22b9403edf8c1afc5f58ba62cd9347,1,1,,1,41,0,0,_ЛРВ,visible,10,0.0,B?,자동 표 신호는 최종 A/B로 승격하지 않음
2021-2025,2020-00086,L2023-00036-1,WORKS,L2023-00036-1/붙임3_입찰관련서류_검토완_0717/Section 4.  Bill of Quantities(Not-Priced)/공내역서/TTC견적서/TTC(Teacher Traing Center)/6 BH(CCTV)/ra3040.xlsx,.xlsx,15692,f5e37918a701d900c3b2bbe9e1043f237d948b3b8b8e292ed0b3f2ded32bfeef,1,1,,1,21,0,0,ra_abc4,visible,11,0.0,B?,자동 표 신호는 최종 A/B로 승격하지 않음
2021-2025,2020-00086,L2023-00036-1,WORKS,L2023-00036-1/붙임3_입찰관련서류_검토완_0717/Section 4.  Bill of Quantities(Not-Priced)/공내역서/TTC견적서/TTC(Teacher Traing Center)/3 ГП(Site Plan & Landscape+Outdoor Infra)/bv3060.xlsx,.xlsx,27660,d38cd3ff2234cd84ccd1adff4d2959195030ae5e3712b8ec0eff324533322e0f,1,1,,1,119,0,0,_ЛРВ,visible,10,0.0,B?,자동 표 신호는 최종 A/B로 승격하지 않음
2021-2025,2020-00086,L2023-00036-1,WORKS,L2023-00036-1/붙임3_입찰관련서류_검토완_0717/Section 4.  Bill of Quantities(Not-Priced)/공내역서/TTC견적서/TTC(Teacher Traing Center)/3 ГП(Site Plan & Landscape+Outdoor Infra)/ra3060.xlsx,.xlsx,18388,7d07a0c0b1035748d075950f03fed1b0792f6c426640217f52f3e44a82850c98,1,1,,1,47,0,0,ra_abc4,visible,11,0.0,B?,자동 표 신호는 최종 A/B로 승격하지 않음
2021-2025,2020-00086,L2023-00036-1,WORKS,L2023-00036-1/붙임3_입찰관련서류_검토완_0717/Section 4.  Bill of Quantities(Not-Priced)/공내역서/TTC견적서/TTC(Teacher Traing Center)/11 ПС(Fire Alarm)/ra890.xlsx,.xlsx,16065,d8b2c9b85f45400cc7d8c27f259fa0c5b3e76d1b545bb75354989dbb43135b4d,1,1,,1,26,0,0,ra_abc4,visible,8,0.0,B?,자동 표 신호는 최종 A/B로 승격하지 않음
2021-2025,2020-00086,L2023-00036-1,WORKS,L2023-00036-1/붙임3_입찰관련서류_검토완_0717/Section 4.  Bill of Quantities(Not-Priced)/공내역서/TTC견적서/TTC(Teacher Traing Center)/11 ПС(Fire Alarm)/bv890.xlsx,.xlsx,16239,8129ceac07201b1e597cc0f6a8cb95da3e9b128c6c78d846cc24a60a01eda92a,1,1,,1,50,0,0,_ЛРВ,visible,9,0.0,B?,자동 표 신호는 최종 A/B로 승격하지 않음
2021-2025,2020-00086,L2023-00036-1,WORKS,L2023-00036-1/붙임3_입찰관련서류_검토완_0717/Section 4.  Bill of Quantities(Not-Priced)/공내역서/TTC견적서/TTC(Teacher Traing Center)/8 TX(Technology)/ra1980.xlsx,.xlsx,20617,622bb79188a8c68bb6c3ee2ce4251459a88c3c64cd720cfe0775331285385fe3,1,1,,1,73,0,0,ra_abc4,visible,10,0.0,B?,자동 표 신호는 최종 A/B로 승격하지 않음
2021-2025,2020-00086,L2023-00036-1,WORKS,L2023-00036-1/붙임3_입찰관련서류_검토완_0717/Section 4.  Bill of Quantities(Not-Priced)/공내역서/TTC견적서/TTC(Teacher Traing Center)/8 TX(Technology)/bv1980.xlsx,.xlsx,26757,658f831982ac98d8cfbab1681ad4e3120d4258ebd2fe84176ecd04c364fd7c9f,1,1,,1,122,0,0,_ЛРВ,visible,10,0.0,B?,자동 표 신호는 최종 A/B로 승격하지 않음
2021-2025,2020-00086,L2023-00036-1,WORKS,L2023-00036-1/붙임3_입찰관련서류_검토완_0717/Section 4.  Bill of Quantities(Not-Priced)/공내역서/TTC견적서/TTC(Teacher Traing Center)/1 КЖ(Structure)/bv1960bvvv.xlsx,.xlsx,182869,e5c99030dcc522bfbec53f93e2065da4eb585f95ef5433d19a6f5060946eda14,1,1,,1,1896,0,0,_ЛРВ,visible,9,0.0,B?,자동 표 신호는 최종 A/B로 승격하지 않음
2021-2025,2020-00086,L2023-00036-1,WORKS,L2023-00036-1/붙임3_입찰관련서류_검토완_0717/Section 4.  Bill of Quantities(Not-Priced)/공내역서/TTC견적서/TTC(Teacher Traing Center)/1 КЖ(Structure)/ra1960.xlsx,.xlsx,22697,1df141d69100814db5f9704fbd37ab0da50fd60867b7be892d994f292bba0530,1,1,,1,93,0,0,ra_abc4,visible,10,0.0,B?,자동 표 신호는 최종 A/B로 승격하지 않음
2021-2025,2020-00086,L2023-00036-1,WORKS,L2023-00036-1/붙임3_입찰관련서류_검토완_0717/Section 4.  Bill of Quantities(Not-Priced)/공내역서/TTC견적서/TTC(Teacher Traing Center)/4 Fence & Gate/ra1970.xlsx,.xlsx,17488,2ce08b34a8bc5b4c30202b96999f24f8b8143955bb33db40aa4a9b418396dc3e,1,1,,1,47,0,0,ra_abc4,visible,10,0.0,B?,자동 표 신호는 최종 A/B로 승격하지 않음
2021-2025,2020-00086,L2023-00036-1,WORKS,L2023-00036-1/붙임3_입찰관련서류_검토완_0717/Section 4.  Bill of Quantities(Not-Priced)/공내역서/TTC견적서/TTC(Teacher Traing Center)/4 Fence & Gate/bv1970.xlsx,.xlsx,31247,72f147bedce1773ad4eb4cb1322cdb8560daad6b74664382be38ab6b252391e8,1,1,,1,160,0,0,_ЛРВ,visible,10,0.0,B?,자동 표 신호는 최종 A/B로 승격하지 않음
2021-2025,2020-00086,L2023-00036-1,WORKS,L2023-00036-1/붙임3_입찰관련서류_검토완_0717/Section 4.  Bill of Quantities(Not-Priced)/공내역서/TTC견적서/TTC(Teacher Traing Center)/5 BK(Water & Drain)/ra3070.xlsx,.xlsx,25278,fd300044379245c1d80d88ba74fe1633f3b5207511979bfda5b2a1dcd3740796,1,1,,1,129,0,0,ra_abc4,visible,11,0.0,B?,자동 표 신호는 최종 A/B로 승격하지 않음
2021-2025,2020-00086,L2023-00036-1,WORKS,L2023-00036-1/붙임3_입찰관련서류_검토완_0717/Section 4.  Bill of Quantities(Not-Priced)/공내역서/TTC견적서/TTC(Teacher Traing Center)/5 BK(Water & Drain)/bv3070.xlsx,.xlsx,49531,6acc573f07036eef8ca050dcd24be3037151b90e25f2d5c5ee04ffd429ce3bd4,1,1,,1,351,0,0,_ЛРВ,visible,10,0.0,B?,자동 표 신호는 최종 A/B로 승격하지 않음
2021-2025,2020-00086,L2023-00036-1,WORKS,L2023-00036-1/붙임3_입찰관련서류_검토완_0717/Section 4.  Bill of Quantities(Not-Priced)/공내역서/TTC견적서/TTC(Teacher Traing Center)/13 ТП(Transformers)/13-2 ЭО(Electric)/bv13620.xls,.xls,41984,7e8bd22f2ccb96108964380fcbdbcd8324c2a0724a07718109c2bb550faa2db3,1,1,,1,20,1,0,Лист1,visible,10,0.05,B?,자동 표 신호는 최종 A/B로 승격하지 않음
2021-2025,2020-00086,L2023-00036-1,WORKS,L2023-00036-1/붙임3_입찰관련서류_검토완_0717/Section 4.  Bill of Quantities(Not-Priced)/공내역서/TTC견적서/TTC(Teacher Traing Center)/13 ТП(Transformers)/13-2 ЭО(Electric)/ra13620.xls,.xls,65024,5a96dab71fd5d42b3c00fe59751a4460f6fc39aa8bf201852715f2b9b272d1d5,1,1,,0,0,0,0,,,0,0.0,BOQ_NAME_ONLY,자동 표 신호는 최종 A/B로 승격하지 않음
2021-2025,2020-00086,L2023-00036-1,WORKS,L2023-00036-1/붙임3_입찰관련서류_검토완_0717/Section 4.  Bill of Quantities(Not-Priced)/공내역서/TTC견적서/TTC(Teacher Traing Center)/13 ТП(Transformers)/13-1 AC(Architecture+Structure)/ra13610.xls,.xls,80896,2d4926fc91e958ec0627a1ae92e834125bb395be03f2a1749895e985115bbf2f,1,1,,0,0,0,0,,,0,0.0,BOQ_NAME_ONLY,자동 표 신호는 최종 A/B로 승격하지 않음
2021-2025,2020-00086,L2023-00036-1,WORKS,L2023-00036-1/붙임3_입찰관련서류_검토완_0717/Section 4.  Bill of Quantities(Not-Priced)/공내역서/TTC견적서/TTC(Teacher Traing Center)/13 ТП(Transformers)/13-1 AC(Architecture+Structure)/bv13610.xls,.xls,48640,6e059fc8e195c66ee541a50f09da94021c8a9f0d41e662173e8be5b9bd43b5a9,1,1,,1,53,1,0,Лист1,visible,10,0.018867924528301886,B?,자동 표 신호는 최종 A/B로 승격하지 않음
2021-2025,2020-00053,L2022-00068-1,WORKS,L2022-00068-1/붙임 2. 입찰 관련 서류/02_Part2(░·╛≈┴÷╜├╝¡)/Section_8_BOQ_unpriced/Section_08_BOQ_unpriced.docx,.docx,22122,5afc968d5d913464aee1298ddb9d2dff4b27466b7dc41ddff1c88c6b3d93bc7b,1,1,,0,0,0,0,,,,0.0,BOQ_NAME_ONLY,자동 표 신호는 최종 A/B로 승격하지 않음
2021-2025,2020-00053,L2022-00068-1,WORKS,L2022-00068-1/붙임 2. 입찰 관련 서류/02_Part2(░·╛≈┴÷╜├╝¡)/Section_8_BOQ_unpriced/ICT PROJECT ESTIMATION_empty.xlsx,.xlsx,302269,7f217d93428791e3672733e5071aef7a85463f0b816f910282eba52219d3ff0e,1,1,,6,72,0,0,04_ELEC. SAFETY & SE,visible,2,0.0,B?,자동 표 신호는 최종 A/B로 승격하지 않음
2021-2025,2020-00053,L2022-00068-1,WORKS,L2022-00068-1/붙임 2. 입찰 관련 서류/03_Part3(░Φ╛α╝¡ ╣╫ ▒Γ┼╕ └┌╖ß)/Section_12_Other Form/Reference3_Design Review.xlsx,.xlsx,486902,08c77bec6c1ff43fbe8ea7a4beb3c8518b1ebab658d776bd6a8da3a60ba62715,0,0,,0,0,0,0,,,,0.0,NONE,자동 표 신호는 최종 A/B로 승격하지 않음
2021-2025,2020-00086,L2023-00053-1,WORKS,L2023-00053-1/Urgench VTC Bid Attachment Documents/Urgench VTC Bid Attachment Documents/Section 4.  Bill of Quantities(Not-Priced).zip,.zip,13052503,99a055acc422a26b58aeb64cff198b7e527518a20cc52f0be4eb5bc26fb3afca,1,1,,0,0,0,0,,,,0.0,BOQ_NAME_ONLY,자동 표 신호는 최종 A/B로 승격하지 않음
2021-2025,2020-00086,L2023-00053-1,WORKS,L2023-00053-1/Urgench VTC Bid Attachment Documents/Urgench VTC Bid Attachment Documents/Section 4.  Bill of Quantities(Not-Priced)/Estimate Detailed Conditions)(VTC+TTC)_Final_.docx,.docx,80256,85e95a0b24220bc384b973a8b80ddf9f69be2a1263001b8c8ae3065ad7d3c962,1,1,,0,0,0,0,,,,0.0,BOQ_NAME_ONLY,자동 표 신호는 최종 A/B로 승격하지 않음
2021-2025,2020-00086,L2023-00053-1,WORKS,L2023-00053-1/Urgench VTC Bid Attachment Documents/Urgench VTC Bid Attachment Documents/Section 4.  Bill of Quantities(Not-Priced)/.Urgench_CM_Comments_Arch_VTC_and_TTC_ENG_20230707.zip,.zip,6277094,bb0bb341fea9c97c5d1f6886bfc0e8d81bef7ec0a0005c4732279204d73f6f30,1,1,,0,0,0,0,,,,0.0,BOQ_NAME_ONLY,자동 표 신호는 최종 A/B로 승격하지 않음
2021-2025,2020-00086,L2023-00053-1,WORKS,L2023-00053-1/Urgench VTC Bid Attachment Documents/Urgench VTC Bid Attachment Documents/Section 4.  Bill of Quantities(Not-Priced)/Section 4. Bill of Quantity(Not-Priced) Summary.xls,.xls,76800,037a7d1fe991db0c65622821b70b45e6af52d1e48416557c86b53041692045d7,1,1,,0,0,0,0,,,0,0.0,BOQ_NAME_ONLY,자동 표 신호는 최종 A/B로 승격하지 않음
2021-2025,2020-00086,L2023-00053-1,WORKS,L2023-00053-1/Urgench VTC Bid Attachment Documents/Urgench VTC Bid Attachment Documents/Section 4.  Bill of Quantities(Not-Priced)/.Urgench_CM_Comments_Arch_VTC_and_TTC_ENG_20230707/1.3.3. Urgench CM_Comments_Mech_VTC_and_TTC_Main_ENG_20230707.xlsx.docx,.docx,16615,29ae17bcfb236300ba73df96caa054ed9ce989b8ba57084acd00b934eb9595a3,1,1,,0,0,0,0,,,,0.0,BOQ_NAME_ONLY,자동 표 신호는 최종 A/B로 승격하지 않음
2021-2025,2020-00086,L2023-00053-1,WORKS,L2023-00053-1/Urgench VTC Bid Attachment Documents/Urgench VTC Bid Attachment Documents/Section 4.  Bill of Quantities(Not-Priced)/.Urgench_CM_Comments_Arch_VTC_and_TTC_ENG_20230707/1.4. Urgench CM_Comments_PMC_VTC_and_TTC_ENG_20230707.xlsx,.xlsx,18240,6267ba3be03e15ebb107a67e18bd725ae8b33e8b48c5827fa075966fde925d4a,1,1,,0,0,0,0,,,0,0.0,BOQ_NAME_ONLY,자동 표 신호는 최종 A/B로 승격하지 않음
2021-2025,2020-00086,L2023-00053-1,WORKS,L2023-00053-1/Urgench VTC Bid Attachment Documents/Urgench VTC Bid Attachment Documents/Section 4.  Bill of Quantities(Not-Priced)/.Urgench_CM_Comments_Arch_VTC_and_TTC_ENG_20230707/1.3.1. Urgench CM Comments(Mech) VTC_20230704_R3.xlsx,.xlsx,6188237,3748d4f009cd54f2282e881d0536c882181a3e457e4d641bd2f93b9ae5b7fc3b,1,1,,0,0,0,0,,,0,0.0,BOQ_NAME_ONLY,자동 표 신호는 최종 A/B로 승격하지 않음
2021-2025,2020-00086,L2023-00053-1,WORKS,L2023-00053-1/Urgench VTC Bid Attachment Documents/Urgench VTC Bid Attachment Documents/Section 4.  Bill of Quantities(Not-Priced)/.Urgench_CM_Comments_Arch_VTC_and_TTC_ENG_20230707/1.1.Urgench_CM_Comments_Arch_VTC_and_TTC_ENG_20230505.xlsx,.xlsx,26633,08702e1b68ae13cb4ea31105eb2d1413073365045e5def30a2c799ad087aa8e7,1,1,,0,0,0,0,,,0,0.0,BOQ_NAME_ONLY,자동 표 신호는 최종 A/B로 승격하지 않음
2021-2025,2020-00086,L2023-00053-1,WORKS,L2023-00053-1/Urgench VTC Bid Attachment Documents/Urgench VTC Bid Attachment Documents/Section 4.  Bill of Quantities(Not-Priced)/.Urgench_CM_Comments_Arch_VTC_and_TTC_ENG_20230707/1.3.2. Urgench CM Comments(Mech)_Tashkent_TTC_Drawings_20230704.xlsx,.xlsx,788369,d6dcc478819c73e452f13add3e10ce964f21104cb779fc3b9992106eb0026c87,1,1,,0,0,0,0,,,0,0.0,BOQ_NAME_ONLY,자동 표 신호는 최종 A/B로 승격하지 않음
2021-2025,2020-00086,L2023-00053-1,WORKS,L2023-00053-1/Urgench VTC Bid Attachment Documents/Urgench VTC Bid Attachment Documents/Section 4.  Bill of Quantities(Not-Priced)/.Urgench_CM_Comments_Arch_VTC_and_TTC_ENG_20230707/1.2. Urgench CM Comments(Elec)_VTC+TTC-(ENG)__20230707.xlsx,.xlsx,18391,97cbb7c5606fd8e13d33953e0c4258dc32df19871ad462ac80d3d9ab0de4ebe3,1,1,,0,0,0,0,,,0,0.0,BOQ_NAME_ONLY,자동 표 신호는 최종 A/B로 승격하지 않음
2021-2025,2020-00086,L2023-00053-1,WORKS,L2023-00053-1/Urgench VTC Bid Attachment Documents/Urgench VTC Bid Attachment Documents/Section 4.  Bill of Quantities(Not-Priced)/공내역서/Total Table(VTC+TTC o).xls,.xls,46592,2b31964c93f2361fea7c845e3bb14da51759b044460b06d74d5174fc81a876a8,1,1,,0,0,0,0,,,0,0.0,BOQ_NAME_ONLY,자동 표 신호는 최종 A/B로 승격하지 않음
2021-2025,2020-00086,L2023-00053-1,WORKS,L2023-00053-1/Urgench VTC Bid Attachment Documents/Urgench VTC Bid Attachment Documents/Section 4.  Bill of Quantities(Not-Priced)/공내역서/TTC견적서/Estimate Manual(VTC+TTC).docx,.docx,61925,45d6dcb2d563481212a18017b78a268e453685bae9d504e1f74e23b5679e21b1,1,1,,0,0,0,0,,,,0.0,BOQ_NAME_ONLY,자동 표 신호는 최종 A/B로 승격하지 않음
2021-2025,2020-00086,L2023-00053-1,WORKS,L2023-00053-1/Urgench VTC Bid Attachment Documents/Urgench VTC Bid Attachment Documents/Section 4.  Bill of Quantities(Not-Priced)/공내역서/TTC견적서/Total Table(TTC o).xls,.xls,46080,28d446c09dedabb50892b509edb8f58f15a29925ca0afbc015ed89632a9de30e,1,1,,0,0,0,0,,,0,0.0,BOQ_NAME_ONLY,자동 표 신호는 최종 A/B로 승격하지 않음
2021-2025,2020-00086,L2023-00053-1,WORKS,L2023-00053-1/Urgench VTC Bid Attachment Documents/Urgench VTC Bid Attachment Documents/Section 4.  Bill of Quantities(Not-Priced)/공내역서/VTC견적서/Estimate Manual(VTC+TTC).docx,.docx,61925,45d6dcb2d563481212a18017b78a268e453685bae9d504e1f74e23b5679e21b1,1,1,,0,0,0,0,,,,0.0,BOQ_NAME_ONLY,자동 표 신호는 최종 A/B로 승격하지 않음
2021-2025,2020-00086,L2023-00053-1,WORKS,L2023-00053-1/Urgench VTC Bid Attachment Documents/Urgench VTC Bid Attachment Documents/Section 4.  Bill of Quantities(Not-Priced)/공내역서/VTC견적서/Total Table(VTC o).xls,.xls,53248,95215ae6e2ec160e32c5a08207e13a9f849e9f0f7420e9315a16d201c6b36283,1,1,,0,0,0,0,,,0,0.0,BOQ_NAME_ONLY,자동 표 신호는 최종 A/B로 승격하지 않음
2021-2025,2020-00086,L2023-00053-1,WORKS,L2023-00053-1/Urgench VTC Bid Attachment Documents/Urgench VTC Bid Attachment Documents/Section 4.  Bill of Quantities(Not-Priced)/공내역서/VTC견적서/9 ТП(Transformers)/СВОДКА ТП o.xls,.xls,37376,facd6690ec26530b590132959b7d4a075ba1994b5106b4bcde8fc118b849ef8c,1,1,,0,0,0,0,,,0,0.0,BOQ_NAME_ONLY,자동 표 신호는 최종 A/B로 승격하지 않음
2021-2025,2020-00086,L2023-00053-1,WORKS,L2023-00053-1/Urgench VTC Bid Attachment Documents/Urgench VTC Bid Attachment Documents/Section 4.  Bill of Quantities(Not-Priced)/공내역서/VTC견적서/9 ТП(Transformers)/Титул  ТОМ XI.doc,.doc,31232,562b75d717c841e3583929c3dc728976da62eae357252f326b5e55a04f1d196c,1,1,,0,0,0,0,,,,0.0,BOQ_NAME_ONLY,자동 표 신호는 최종 A/B로 승격하지 않음
2021-2025,2020-00086,L2023-00053-1,WORKS,L2023-00053-1/Urgench VTC Bid Attachment Documents/Urgench VTC Bid Attachment Documents/Section 4.  Bill of Quantities(Not-Priced)/공내역서/VTC견적서/5 МИНИКУХНЯ(Mini Cafe)/СВОДКА МИНИ-КУХНЯ o.xls,.xls,40448,8f914360b8e4f1fc5d8468deaf2b61af743e6873fa2b694c0fb7dbcc7a4bed51,1,1,,0,0,0,0,,,0,0.0,BOQ_NAME_ONLY,자동 표 신호는 최종 A/B로 승격하지 않음
2021-2025,2020-00086,L2023-00053-1,WORKS,L2023-00053-1/Urgench VTC Bid Attachment Documents/Urgench VTC Bid Attachment Documents/Section 4.  Bill of Quantities(Not-Priced)/공내역서/VTC견적서/5 МИНИКУХНЯ(Mini Cafe)/Титул  ТОМ VI.doc,.doc,31232,5d3df82f7fc981a9739b9b7c058a93fee78c22081ac1c704fbb85f9f85a42c87,1,1,,0,0,0,0,,,,0.0,BOQ_NAME_ONLY,자동 표 신호는 최종 A/B로 승격하지 않음
2021-2025,2020-00086,L2023-00053-1,WORKS,L2023-00053-1/Urgench VTC Bid Attachment Documents/Urgench VTC Bid Attachment Documents/Section 4.  Bill of Quantities(Not-Priced)/공내역서/VTC견적서/1 АДМИН ЗДАНИЕ(Admin. Build)/СВОДКА АДМИН ЗДАНИЕ o.xls,.xls,43008,239cf320377a69c6514a677d854e57982e433342b7a55f43a6b4565f1d6e2655,1,1,,0,0,0,0,,,0,0.0,BOQ_NAME_ONLY,자동 표 신호는 최종 A/B로 승격하지 않음
2021-2025,2020-00086,L2023-00053-1,WORKS,L2023-00053-1/Urgench VTC Bid Attachment Documents/Urgench VTC Bid Attachment Documents/Section 4.  Bill of Quantities(Not-Priced)/공내역서/VTC견적서/1 АДМИН ЗДАНИЕ(Admin. Build)/Титул  ТОМ II.doc,.doc,30720,835c98ce909b2e964c2710e36061eb15d37eb1fc6a1e589b4eb01f7a428e6ab1,1,1,,0,0,0,0,,,,0.0,BOQ_NAME_ONLY,자동 표 신호는 최종 A/B로 승격하지 않음
2021-2025,2020-00086,L2023-00053-1,WORKS,L2023-00053-1/Urgench VTC Bid Attachment Documents/Urgench VTC Bid Attachment Documents/Section 4.  Bill of Quantities(Not-Priced)/공내역서/VTC견적서/2 УПК(Practice and Education Building)/СВОДКА УНП o.xls,.xls,41984,4e9e4173d9aaf338992fc1a73bdba899f9b1309cc10a476fa73a616edd0c77fa,1,1,,0,0,0,0,,,0,0.0,BOQ_NAME_ONLY,자동 표 신호는 최종 A/B로 승격하지 않음
2021-2025,2020-00086,L2023-00053-1,WORKS,L2023-00053-1/Urgench VTC Bid Attachment Documents/Urgench VTC Bid Attachment Documents/Section 4.  Bill of Quantities(Not-Priced)/공내역서/VTC견적서/2 УПК(Practice and Education Building)/Титул  ТОМ III.doc,.doc,31232,f8ec15c11cbb553ae2762ca699a90e16cd13aa1ef2cbd491e594fed4da383a69,1,1,,0,0,0,0,,,,0.0,BOQ_NAME_ONLY,자동 표 신호는 최종 A/B로 승격하지 않음
2021-2025,2020-00086,L2023-00053-1,WORKS,L2023-00053-1/Urgench VTC Bid Attachment Documents/Urgench VTC Bid Attachment Documents/Section 4.  Bill of Quantities(Not-Priced)/공내역서/VTC견적서/6 КПП(Guard House+Fence & Gate)/СВОДКА КПП o.xls,.xls,39936,d27c5152b98d05c4e041485209c2097fc8c59879eaa9b7191d41891200560736,1,1,,0,0,0,0,,,0,0.0,BOQ_NAME_ONLY,자동 표 신호는 최종 A/B로 승격하지 않음
2021-2025,2020-00086,L2023-00053-1,WORKS,L2023-00053-1/Urgench VTC Bid Attachment Documents/Urgench VTC Bid Attachment Documents/Section 4.  Bill of Quantities(Not-Priced)/공내역서/VTC견적서/6 КПП(Guard House+Fence & Gate)/Титул  ТОМ VII.doc,.doc,31232,d3a2878206d1a5ed18bf735bd8e0e29bcf39f0f7e7908670880919bce45c4d64,1,1,,0,0,0,0,,,,0.0,BOQ_NAME_ONLY,자동 표 신호는 최종 A/B로 승격하지 않음
2021-2025,2020-00086,L2023-00053-1,WORKS,L2023-00053-1/Urgench VTC Bid Attachment Documents/Urgench VTC Bid Attachment Documents/Section 4.  Bill of Quantities(Not-Priced)/공내역서/VTC견적서/0 ГП(Site Plan & Landscape+Outdoor Infra)/Титул  ГП.doc,.doc,31232,668b31d75f72b7e552805f9881eb1194815e756808fbb34626fafe827afacac8,1,1,,0,0,0,0,,,,0.0,BOQ_NAME_ONLY,자동 표 신호는 최종 A/B로 승격하지 않음
2021-2025,2020-00086,L2023-00053-1,WORKS,L2023-00053-1/Urgench VTC Bid Attachment Documents/Urgench VTC Bid Attachment Documents/Section 4.  Bill of Quantities(Not-Priced)/공내역서/VTC견적서/0 ГП(Site Plan & Landscape+Outdoor Infra)/СВОДКА ГП o.xls,.xls,45568,ea3f4e528b188609521baeecebb2d8c370f0b8bcb04912b0ecc7b6f576cead23,1,1,,0,0,0,0,,,0,0.0,BOQ_NAME_ONLY,자동 표 신호는 최종 A/B로 승격하지 않음
2021-2025,2020-00086,L2023-00053-1,WORKS,L2023-00053-1/Urgench VTC Bid Attachment Documents/Urgench VTC Bid Attachment Documents/Section 4.  Bill of Quantities(Not-Priced)/공내역서/VTC견적서/7 КОМПРЕССОРАНЯ(Comp.+GAS storage)/Титул  ТОМ VIII.doc,.doc,31232,f5cd809cdb57d6a998fcf268c2026e9e6273e70367355d3819724a2f5393a610,1,1,,0,0,0,0,,,,0.0,BOQ_NAME_ONLY,자동 표 신호는 최종 A/B로 승격하지 않음
2021-2025,2020-00086,L2023-00053-1,WORKS,L2023-00053-1/Urgench VTC Bid Attachment Documents/Urgench VTC Bid Attachment Documents/Section 4.  Bill of Quantities(Not-Priced)/공내역서/VTC견적서/7 КОМПРЕССОРАНЯ(Comp.+GAS storage)/СВОДКА КОМПРЕССОРНАЯ o.xls,.xls,38400,0b2724d38273defda9a531465cca025007abde2b3afdd8f53e7888f815118475,1,1,,0,0,0,0,,,0,0.0,BOQ_NAME_ONLY,자동 표 신호는 최종 A/B로 승격하지 않음
2021-2025,2020-00086,L2023-00053-1,WORKS,L2023-00053-1/Urgench VTC Bid Attachment Documents/Urgench VTC Bid Attachment Documents/Section 4.  Bill of Quantities(Not-Priced)/공내역서/VTC견적서/3 ОБЩЕЖИТИЕ(Dormitory)/СВОДКА ОБЩЕЖИТИЕ o.xls,.xls,41984,9e450ed4764d68cf1717aec94480771f8ac30c1c153541e64da47a920e09d403,1,1,,0,0,0,0,,,0,0.0,BOQ_NAME_ONLY,자동 표 신호는 최종 A/B로 승격하지 않음
2021-2025,2020-00086,L2023-00053-1,WORKS,L2023-00053-1/Urgench VTC Bid Attachment Documents/Urgench VTC Bid Attachment Documents/Section 4.  Bill of Quantities(Not-Priced)/공내역서/VTC견적서/8 ПОЖАРНАЯ ЕМЪКОСТЬ(Fire Tank)/СВОДКА НАСОСНАЯ o.xls,.xls,36864,8ef74923d250818b9dc846d7e1e8cf5532a3e349c007a54e4475abbae35c2b29,1,1,,0,0,0,0,,,0,0.0,BOQ_NAME_ONLY,자동 표 신호는 최종 A/B로 승격하지 않음
2021-2025,2020-00086,L2023-00053-1,WORKS,L2023-00053-1/Urgench VTC Bid Attachment Documents/Urgench VTC Bid Attachment Documents/Section 4.  Bill of Quantities(Not-Priced)/공내역서/VTC견적서/8 ПОЖАРНАЯ ЕМЪКОСТЬ(Fire Tank)/Титул  ТОМ VIII.doc,.doc,31232,5ddb37550ef46644b2b3d4e63ede77d94e36e452ec009253911c901adac38784,1,1,,0,0,0,0,,,,0.0,BOQ_NAME_ONLY,자동 표 신호는 최종 A/B로 승격하지 않음
2021-2025,2020-00086,L2023-00053-1,WORKS,L2023-00053-1/Urgench VTC Bid Attachment Documents/Urgench VTC Bid Attachment Documents/Section 4.  Bill of Quantities(Not-Priced)/공내역서/VTC견적서/4 БУФЕТ(Cafeteria)/Титул  ТОМ V.doc,.doc,31232,a0409474de93963ccc2edc98b174358d13a0f332a3278a64d7054f37b8652ce2,1,1,,0,0,0,0,,,,0.0,BOQ_NAME_ONLY,자동 표 신호는 최종 A/B로 승격하지 않음
2021-2025,2020-00086,L2023-00053-1,WORKS,L2023-00053-1/Urgench VTC Bid Attachment Documents/Urgench VTC Bid Attachment Documents/Section 4.  Bill of Quantities(Not-Priced)/공내역서/VTC견적서/4 БУФЕТ(Cafeteria)/СВОДКА БУФЕТ o.xls,.xls,41984,4ecacaffd035763b281b2ec0f37463659ed1670d177cc1b38809ca7cbec90628,1,1,,0,0,0,0,,,0,0.0,BOQ_NAME_ONLY,자동 표 신호는 최종 A/B로 승격하지 않음
2021-2025,2020-00086,L2023-00053-1,WORKS,L2023-00053-1/Urgench VTC Bid Attachment Documents/Urgench VTC Bid Attachment Documents/Section 4.  Bill of Quantities(Not-Priced)/공내역서/VTC견적서/4 БУФЕТ(Cafeteria)/4-9 ТХ/13743_vfor.xls,.xls,33280,c8d68a7f99bd5aa730939196a85ab57f191b2ab524c3c5bac885dcbbdbecaa69,1,1,,0,0,0,0,,,0,0.0,BOQ_NAME_ONLY,자동 표 신호는 최종 A/B로 승격하지 않음
2021-2025,2020-00086,L2023-00053-1,WORKS,L2023-00053-1/Urgench VTC Bid Attachment Documents/Urgench VTC Bid Attachment Documents/Section 4.  Bill of Quantities(Not-Priced)/공내역서/VTC견적서/4 БУФЕТ(Cafeteria)/4-9 ТХ/13743_vrmu.xls,.xls,44032,78405bf4dba631faab9d2df8eb3c9871b3b3e6bcb3d8da1b40aa473f959fda6a,1,1,,0,0,0,0,,,0,0.0,BOQ_NAME_ONLY,자동 표 신호는 최종 A/B로 승격하지 않음
2021-2025,2020-00086,L2023-00053-1,WORKS,L2023-00053-1/Urgench VTC Bid Attachment Documents/Urgench VTC Bid Attachment Documents/Section 4.  Bill of Quantities(Not-Priced)/공내역서/VTC견적서/4 БУФЕТ(Cafeteria)/4-9 ТХ/bv13740.xls,.xls,45056,81b3b9a2bd4d7715fcfc6a79b81680314cf0ee94a009ceab7a13cc679ca3f9a0,1,1,,0,0,0,0,,,0,0.0,BOQ_NAME_ONLY,자동 표 신호는 최종 A/B로 승격하지 않음
2021-2025,2020-00086,L2023-00053-1,WORKS,"L2023-00053-1/Urgench VTC Bid Attachment Documents/Urgench VTC Bid Attachment Documents/Section 4.  Bill of Quantities(Not-Priced)/공내역서/VTC견적서/4 БУФЕТ(Cafeteria)/4-7 ВН, СКС(CCTV & Network)/13323_vfor.xls",.xls,47616,bd337520c73d4d2e111bd320f563772ebf15d04cc070a3c51c25a2f9742c00de,1,1,,0,0,0,0,,,0,0.0,BOQ_NAME_ONLY,자동 표 신호는 최종 A/B로 승격하지 않음
2021-2025,2020-00086,L2023-00053-1,WORKS,"L2023-00053-1/Urgench VTC Bid Attachment Documents/Urgench VTC Bid Attachment Documents/Section 4.  Bill of Quantities(Not-Priced)/공내역서/VTC견적서/4 БУФЕТ(Cafeteria)/4-7 ВН, СКС(CCTV & Network)/13323_vrmu.xls",.xls,56832,a965a9f3d225f89ea5505676fa4b27565617d1ccd45171df72e2d792f5246df8,1,1,,1,85,1,0,Лист1,visible,8,0.011764705882352941,B?,자동 표 신호는 최종 A/B로 승격하지 않음
2021-2025,2020-00086,L2023-00053-1,WORKS,"L2023-00053-1/Urgench VTC Bid Attachment Documents/Urgench VTC Bid Attachment Documents/Section 4.  Bill of Quantities(Not-Priced)/공내역서/VTC견적서/4 БУФЕТ(Cafeteria)/4-7 ВН, СКС(CCTV & Network)/bv13320.xls",.xls,87040,361a226fbda147a7d7ef7fb5d8d6d1c8872c0ed1662beb04e60fbd5668ac0762,1,1,,0,0,0,0,,,0,0.0,BOQ_NAME_ONLY,자동 표 신호는 최종 A/B로 승격하지 않음
2021-2025,2020-00086,L2023-00053-1,WORKS,L2023-00053-1/Urgench VTC Bid Attachment Documents/Urgench VTC Bid Attachment Documents/Section 4.  Bill of Quantities(Not-Priced)/공내역서/VTC견적서/4 БУФЕТ(Cafeteria)/4-5 ЭО(Electric)/13383_vrmu.xls,.xls,60416,2277aa6b32da71292f8a69faae1241528367c8c6929e15a3ba1b26669f36572d,1,1,,1,83,1,0,Лист1,visible,8,0.012048192771084338,B?,자동 표 신호는 최종 A/B로 승격하지 않음
2021-2025,2020-00086,L2023-00053-1,WORKS,L2023-00053-1/Urgench VTC Bid Attachment Documents/Urgench VTC Bid Attachment Documents/Section 4.  Bill of Quantities(Not-Priced)/공내역서/VTC견적서/4 БУФЕТ(Cafeteria)/4-5 ЭО(Electric)/bv13380.xls,.xls,105984,ca022ac74868089349f7351ccbad69acd7123e242598613111ebc50d6fe072f5,1,1,,0,0,0,0,,,0,0.0,BOQ_NAME_ONLY,자동 표 신호는 최종 A/B로 승격하지 않음
2021-2025,2020-00086,L2023-00053-1,WORKS,L2023-00053-1/Urgench VTC Bid Attachment Documents/Urgench VTC Bid Attachment Documents/Section 4.  Bill of Quantities(Not-Priced)/공내역서/VTC견적서/4 БУФЕТ(Cafeteria)/4-5 ЭО(Electric)/13383_vfor.xls,.xls,52736,aa89940fa2c1f84aa2274538c4d5e33fe9d0802c4f52e1d9d71978122c7ca737,1,1,,0,0,0,0,,,0,0.0,BOQ_NAME_ONLY,자동 표 신호는 최종 A/B로 승격하지 않음
2021-2025,2020-00086,L2023-00053-1,WORKS,L2023-00053-1/Urgench VTC Bid Attachment Documents/Urgench VTC Bid Attachment Documents/Section 4.  Bill of Quantities(Not-Priced)/공내역서/VTC견적서/4 БУФЕТ(Cafeteria)/4-3 ОВ(Heating & Ventilation)/bv13570.xls,.xls,122368,60e01915d1915446e6fbcf0c477ec5ae0ee632ec951cf92acae51a0c7039940e,1,1,,0,0,0,0,,,0,0.0,BOQ_NAME_ONLY,자동 표 신호는 최종 A/B로 승격하지 않음
2021-2025,2020-00086,L2023-00053-1,WORKS,L2023-00053-1/Urgench VTC Bid Attachment Documents/Urgench VTC Bid Attachment Documents/Section 4.  Bill of Quantities(Not-Priced)/공내역서/VTC견적서/4 БУФЕТ(Cafeteria)/4-3 ОВ(Heating & Ventilation)/13573_vfor.xls,.xls,51200,d5904d9daa78238ff69eaa06732493e5c87423d6e508d7e7e0b3f03109494c34,1,1,,0,0,0,0,,,0,0.0,BOQ_NAME_ONLY,자동 표 신호는 최종 A/B로 승격하지 않음
2021-2025,2020-00086,L2023-00053-1,WORKS,L2023-00053-1/Urgench VTC Bid Attachment Documents/Urgench VTC Bid Attachment Documents/Section 4.  Bill of Quantities(Not-Priced)/공내역서/VTC견적서/4 БУФЕТ(Cafeteria)/4-3 ОВ(Heating & Ventilation)/13573_vrmu.xls,.xls,60928,a5a7bba5cee708cae574407190c4325ce23010e6102a49546438bd114ab4ad90,1,1,,1,101,1,0,Лист1,visible,8,0.009900990099009901,B?,자동 표 신호는 최종 A/B로 승격하지 않음
2021-2025,2020-00086,L2023-00053-1,WORKS,L2023-00053-1/Urgench VTC Bid Attachment Documents/Urgench VTC Bid Attachment Documents/Section 4.  Bill of Quantities(Not-Priced)/공내역서/VTC견적서/4 БУФЕТ(Cafeteria)/4-2 АР(Architecture)/13173_vfor.xls,.xls,46080,c8b6f0c18efd3eccb7d44d4f282da38be8bd7c5687a2b12e1320ea9b2d445a18,1,1,,0,0,0,0,,,0,0.0,BOQ_NAME_ONLY,자동 표 신호는 최종 A/B로 승격하지 않음
2021-2025,2020-00086,L2023-00053-1,WORKS,L2023-00053-1/Urgench VTC Bid Attachment Documents/Urgench VTC Bid Attachment Documents/Section 4.  Bill of Quantities(Not-Priced)/공내역서/VTC견적서/4 БУФЕТ(Cafeteria)/4-2 АР(Architecture)/bv13170.xls,.xls,115200,90d2bed5ebcd297c0fb0bd22fc2a056d950d9a2b3cc977b05f9c01dfd7e4410e,1,1,,0,0,0,0,,,0,0.0,BOQ_NAME_ONLY,자동 표 신호는 최종 A/B로 승격하지 않음
2021-2025,2020-00086,L2023-00053-1,WORKS,L2023-00053-1/Urgench VTC Bid Attachment Documents/Urgench VTC Bid Attachment Documents/Section 4.  Bill of Quantities(Not-Priced)/공내역서/VTC견적서/4 БУФЕТ(Cafeteria)/4-2 АР(Architecture)/13173_vrmu.xls,.xls,57344,41f2d0b5bfa1724a0a6f25b395a07b6a4bbfa2179ab0651f1ac22066c407f406,1,1,,1,97,1,0,Лист1,visible,8,0.010309278350515464,B?,자동 표 신호는 최종 A/B로 승격하지 않음
2021-2025,2020-00086,L2023-00053-1,WORKS,L2023-00053-1/Urgench VTC Bid Attachment Documents/Urgench VTC Bid Attachment Documents/Section 4.  Bill of Quantities(Not-Priced)/공내역서/VTC견적서/4 БУФЕТ(Cafeteria)/4-4 ВК(Water & Sewer & Fireplug)/13143_vrmu.xls,.xls,58880,027d687c679bf6e9cdeb0a54bacb5e7bb8bbeb103807f88b0bfeb421b7cf4c55,1,1,,1,92,1,0,Лист1,visible,8,0.010869565217391304,B?,자동 표 신호는 최종 A/B로 승격하지 않음
2021-2025,2020-00086,L2023-00053-1,WORKS,L2023-00053-1/Urgench VTC Bid Attachment Documents/Urgench VTC Bid Attachment Documents/Section 4.  Bill of Quantities(Not-Priced)/공내역서/VTC견적서/4 БУФЕТ(Cafeteria)/4-4 ВК(Water & Sewer & Fireplug)/bv13140.xls,.xls,101376,30d7129e70a2f8c02e76abae0bdc44883ba9865a77d3abb89c0c70e00a6481d7,1,1,,0,0,0,0,,,0,0.0,BOQ_NAME_ONLY,자동 표 신호는 최종 A/B로 승격하지 않음
2021-2025,2020-00086,L2023-00053-1,WORKS,L2023-00053-1/Urgench VTC Bid Attachment Documents/Urgench VTC Bid Attachment Documents/Section 4.  Bill of Quantities(Not-Priced)/공내역서/VTC견적서/4 БУФЕТ(Cafeteria)/4-4 ВК(Water & Sewer & Fireplug)/13143_vfor.xls,.xls,44544,98b13878ef8ab7c9d3cae5fa8b44fee5f5ee24bd74d0cf10dc4c1be4092da457,1,1,,0,0,0,0,,,0,0.0,BOQ_NAME_ONLY,자동 표 신호는 최종 A/B로 승격하지 않음
2021-2025,2020-00086,L2023-00053-1,WORKS,L2023-00053-1/Urgench VTC Bid Attachment Documents/Urgench VTC Bid Attachment Documents/Section 4.  Bill of Quantities(Not-Priced)/공내역서/VTC견적서/4 БУФЕТ(Cafeteria)/4-1 КЖ(Structure)/bv13000.xls,.xls,156672,e49a76056dacf893c3d8796df531ea37b5095b5abc0a8b4162cbcaa36a253bf9,1,1,,0,0,0,0,,,0,0.0,BOQ_NAME_ONLY,자동 표 신호는 최종 A/B로 승격하지 않음
2021-2025,2020-00086,L2023-00053-1,WORKS,L2023-00053-1/Urgench VTC Bid Attachment Documents/Urgench VTC Bid Attachment Documents/Section 4.  Bill of Quantities(Not-Priced)/공내역서/VTC견적서/4 БУФЕТ(Cafeteria)/4-1 КЖ(Structure)/13003_vrmu.xls,.xls,62464,d72b64907d7daa57e525829fef7b974213dd612efc93728136b1f9a32ba64193,1,1,,1,101,1,0,Лист1,visible,8,0.009900990099009901,B?,자동 표 신호는 최종 A/B로 승격하지 않음
2021-2025,2020-00086,L2023-00053-1,WORKS,L2023-00053-1/Urgench VTC Bid Attachment Documents/Urgench VTC Bid Attachment Documents/Section 4.  Bill of Quantities(Not-Priced)/공내역서/VTC견적서/4 БУФЕТ(Cafeteria)/4-1 КЖ(Structure)/13003_vfor.xls,.xls,50688,3b1e98bbc6de0c72870866ac1c0c8db81940cd52c11496ff73a104140e3b986b,1,1,,0,0,0,0,,,0,0.0,BOQ_NAME_ONLY,자동 표 신호는 최종 A/B로 승격하지 않음
2021-2025,2020-00086,L2023-00053-1,WORKS,L2023-00053-1/Urgench VTC Bid Attachment Documents/Urgench VTC Bid Attachment Documents/Section 4.  Bill of Quantities(Not-Priced)/공내역서/VTC견적서/4 БУФЕТ(Cafeteria)/4-6 ПС(Fire Alarm)/bv13310.xls,.xls,69120,81809811b78a8dd144fece047c059af1fd7e7d922ba4e5f2d70343d6a2180b31,1,1,,0,0,0,0,,,0,0.0,BOQ_NAME_ONLY,자동 표 신호는 최종 A/B로 승격하지 않음
2021-2025,2020-00086,L2023-00053-1,WORKS,L2023-00053-1/Urgench VTC Bid Attachment Documents/Urgench VTC Bid Attachment Documents/Section 4.  Bill of Quantities(Not-Priced)/공내역서/VTC견적서/4 БУФЕТ(Cafeteria)/4-6 ПС(Fire Alarm)/13313_vrmu.xls,.xls,46080,01d43896faa9af4d2e70ba503954aaa3dc7c7ca5760cd23fc5cb4b35df1973d8,1,1,,1,46,1,0,Лист1,visible,8,0.021739130434782608,B?,자동 표 신호는 최종 A/B로 승격하지 않음
2021-2025,2020-00086,L2023-00053-1,WORKS,L2023-00053-1/Urgench VTC Bid Attachment Documents/Urgench VTC Bid Attachment Documents/Section 4.  Bill of Quantities(Not-Priced)/공내역서/VTC견적서/4 БУФЕТ(Cafeteria)/4-6 ПС(Fire Alarm)/13313_vfor.xls,.xls,40960,3a4adfa8a2b2159255f5e5fc7479802f38be4f2cb149beebcf59d780125a0c16,1,1,,0,0,0,0,,,0,0.0,BOQ_NAME_ONLY,자동 표 신호는 최종 A/B로 승격하지 않음
2021-2025,2020-00086,L2023-00053-1,WORKS,L2023-00053-1/Urgench VTC Bid Attachment Documents/Urgench VTC Bid Attachment Documents/Section 4.  Bill of Quantities(Not-Priced)/공내역서/VTC견적서/4 БУФЕТ(Cafeteria)/4-8 ГСВ(Gas)/13473_vfor.xls,.xls,43008,5d603195cdfc413bea2240ef38ba9f4d3adfd29a3e4a64767494df660b2149df,1,1,,0,0,0,0,,,0,0.0,BOQ_NAME_ONLY,자동 표 신호는 최종 A/B로 승격하지 않음
2021-2025,2020-00086,L2023-00053-1,WORKS,L2023-00053-1/Urgench VTC Bid Attachment Documents/Urgench VTC Bid Attachment Documents/Section 4.  Bill of Quantities(Not-Priced)/공내역서/VTC견적서/4 БУФЕТ(Cafeteria)/4-8 ГСВ(Gas)/bv13470.xls,.xls,86528,9089df465dcf44624bcfa1339c6394342f5633ca53765547ae3967955305ecea,1,1,,0,0,0,0,,,0,0.0,BOQ_NAME_ONLY,자동 표 신호는 최종 A/B로 승격하지 않음
2021-2025,2020-00086,L2023-00053-1,WORKS,L2023-00053-1/Urgench VTC Bid Attachment Documents/Urgench VTC Bid Attachment Documents/Section 4.  Bill of Quantities(Not-Priced)/공내역서/VTC견적서/4 БУФЕТ(Cafeteria)/4-8 ГСВ(Gas)/13473_vrmu.xls,.xls,51712,7895280f53f85a8490bd3a4cba8955f4e0267d7828d7adaca5eac514a87c8039,1,1,,1,58,1,0,Лист1,visible,8,0.017241379310344827,B?,자동 표 신호는 최종 A/B로 승격하지 않음
2021-2025,2020-00086,L2023-00053-1,WORKS,L2023-00053-1/Urgench VTC Bid Attachment Documents/Urgench VTC Bid Attachment Documents/Section 4.  Bill of Quantities(Not-Priced)/공내역서/VTC견적서/8 ПОЖАРНАЯ ЕМЪКОСТЬ(Fire Tank)/8-3 ЭО(Electric)/13733_vrmu.xls,.xls,55296,dd26635add3df12c3c1ffa6d858087ee72aad2c51664c8f5af2ad5b1a0b3cbf1,1,1,,1,76,1,0,Лист1,visible,8,0.013157894736842105,B?,자동 표 신호는 최종 A/B로 승격하지 않음
2021-2025,2020-00086,L2023-00053-1,WORKS,L2023-00053-1/Urgench VTC Bid Attachment Documents/Urgench VTC Bid Attachment Documents/Section 4.  Bill of Quantities(Not-Priced)/공내역서/VTC견적서/8 ПОЖАРНАЯ ЕМЪКОСТЬ(Fire Tank)/8-3 ЭО(Electric)/13733_vfor.xls,.xls,40448,4b7ecea42e8e01f81fbf69ffbe105611f8e47711cbfac29373ac28d50d40fd4b,1,1,,0,0,0,0,,,0,0.0,BOQ_NAME_ONLY,자동 표 신호는 최종 A/B로 승격하지 않음
2021-2025,2020-00086,L2023-00053-1,WORKS,L2023-00053-1/Urgench VTC Bid Attachment Documents/Urgench VTC Bid Attachment Documents/Section 4.  Bill of Quantities(Not-Priced)/공내역서/VTC견적서/8 ПОЖАРНАЯ ЕМЪКОСТЬ(Fire Tank)/8-3 ЭО(Electric)/bv13730.xls,.xls,90112,a6ce3182f24e613f5aae906cca546b8467389ab8803175c900c5edc80050bdb9,1,1,,0,0,0,0,,,0,0.0,BOQ_NAME_ONLY,자동 표 신호는 최종 A/B로 승격하지 않음
2021-2025,2020-00086,L2023-00053-1,WORKS,L2023-00053-1/Urgench VTC Bid Attachment Documents/Urgench VTC Bid Attachment Documents/Section 4.  Bill of Quantities(Not-Priced)/공내역서/VTC견적서/8 ПОЖАРНАЯ ЕМЪКОСТЬ(Fire Tank)/8-2 ТХ(Technology Plan)/13603_vfor.xls,.xls,35840,aef3e1723acd7e063007694bdea3257d0d9172d1dfd94eea0adef60ffec47c04,1,1,,0,0,0,0,,,0,0.0,BOQ_NAME_ONLY,자동 표 신호는 최종 A/B로 승격하지 않음
2021-2025,2020-00086,L2023-00053-1,WORKS,L2023-00053-1/Urgench VTC Bid Attachment Documents/Urgench VTC Bid Attachment Documents/Section 4.  Bill of Quantities(Not-Priced)/공내역서/VTC견적서/8 ПОЖАРНАЯ ЕМЪКОСТЬ(Fire Tank)/8-2 ТХ(Technology Plan)/bv13600.xls,.xls,80896,c8b47be5d6000bcdfeef410c167b93e50c2f883be060652b37ff38542a97986f,1,1,,0,0,0,0,,,0,0.0,BOQ_NAME_ONLY,자동 표 신호는 최종 A/B로 승격하지 않음
2021-2025,2020-00086,L2023-00053-1,WORKS,L2023-00053-1/Urgench VTC Bid Attachment Documents/Urgench VTC Bid Attachment Documents/Section 4.  Bill of Quantities(Not-Priced)/공내역서/VTC견적서/8 ПОЖАРНАЯ ЕМЪКОСТЬ(Fire Tank)/8-2 ТХ(Technology Plan)/13603_vrmu.xls,.xls,53248,59e7c73eb0916c52e8edb0dc9f78a1ba785db1d8b39138ad6aae1b088f8c61f6,1,1,,1,59,1,0,Лист1,visible,8,0.01694915254237288,B?,자동 표 신호는 최종 A/B로 승격하지 않음
2021-2025,2020-00086,L2023-00053-1,WORKS,L2023-00053-1/Urgench VTC Bid Attachment Documents/Urgench VTC Bid Attachment Documents/Section 4.  Bill of Quantities(Not-Priced)/공내역서/VTC견적서/8 ПОЖАРНАЯ ЕМЪКОСТЬ(Fire Tank)/8-1 АС(Architecture+Structure)/bv13560.xls,.xls,143360,c0c38b80f51c65331020314872a4530efa2890a349a0bbfbe7546f3d325f3c4c,1,1,,0,0,0,0,,,0,0.0,BOQ_NAME_ONLY,자동 표 신호는 최종 A/B로 승격하지 않음
2021-2025,2020-00086,L2023-00053-1,WORKS,L2023-00053-1/Urgench VTC Bid Attachment Documents/Urgench VTC Bid Attachment Documents/Section 4.  Bill of Quantities(Not-Priced)/공내역서/VTC견적서/8 ПОЖАРНАЯ ЕМЪКОСТЬ(Fire Tank)/8-1 АС(Architecture+Structure)/13563_vrmu.xls,.xls,56832,79e14b24c7df19631df2b8c58f12863b08e7aa7d66983b2990f8ef0923fe886f,1,1,,1,80,1,0,Лист1,visible,8,0.0125,B?,자동 표 신호는 최종 A/B로 승격하지 않음
2021-2025,2020-00086,L2023-00053-1,WORKS,L2023-00053-1/Urgench VTC Bid Attachment Documents/Urgench VTC Bid Attachment Documents/Section 4.  Bill of Quantities(Not-Priced)/공내역서/VTC견적서/8 ПОЖАРНАЯ ЕМЪКОСТЬ(Fire Tank)/8-1 АС(Architecture+Structure)/13563_vfor.xls,.xls,48128,be5b745b940f05f1f41e44ed150503de2709f71b2406a43b2625fbeb73d92ced,1,1,,0,0,0,0,,,0,0.0,BOQ_NAME_ONLY,자동 표 신호는 최종 A/B로 승격하지 않음
2021-2025,2020-00086,L2023-00053-1,WORKS,"L2023-00053-1/Urgench VTC Bid Attachment Documents/Urgench VTC Bid Attachment Documents/Section 4.  Bill of Quantities(Not-Priced)/공내역서/VTC견적서/3 ОБЩЕЖИТИЕ(Dormitory)/3-7 ВН, СКС(CCTV & Network)/13303_vfor.xls",.xls,48640,5a18635d72aa11084ea9ace6f157b8628ca9366276bd4b01f0389389eb69dd15,1,1,,0,0,0,0,,,0,0.0,BOQ_NAME_ONLY,자동 표 신호는 최종 A/B로 승격하지 않음
2021-2025,2020-00086,L2023-00053-1,WORKS,"L2023-00053-1/Urgench VTC Bid Attachment Documents/Urgench VTC Bid Attachment Documents/Section 4.  Bill of Quantities(Not-Priced)/공내역서/VTC견적서/3 ОБЩЕЖИТИЕ(Dormitory)/3-7 ВН, СКС(CCTV & Network)/bv13300.xls",.xls,91136,eabe1189fd53fa553a7256019fdcd183629f090a5817c504e1c9f65e297f4127,1,1,,0,0,0,0,,,0,0.0,BOQ_NAME_ONLY,자동 표 신호는 최종 A/B로 승격하지 않음
2021-2025,2020-00086,L2023-00053-1,WORKS,"L2023-00053-1/Urgench VTC Bid Attachment Documents/Urgench VTC Bid Attachment Documents/Section 4.  Bill of Quantities(Not-Priced)/공내역서/VTC견적서/3 ОБЩЕЖИТИЕ(Dormitory)/3-7 ВН, СКС(CCTV & Network)/13303_vrmu.xls",.xls,55808,1446b4e9d4ca55f00683876eb3b47e8dfe2d96fd5f8331a988ddeb69272efd21,1,1,,1,81,1,0,Лист1,visible,8,0.012345679012345678,B?,자동 표 신호는 최종 A/B로 승격하지 않음
2021-2025,2020-00086,L2023-00053-1,WORKS,L2023-00053-1/Urgench VTC Bid Attachment Documents/Urgench VTC Bid Attachment Documents/Section 4.  Bill of Quantities(Not-Priced)/공내역서/VTC견적서/3 ОБЩЕЖИТИЕ(Dormitory)/3-6 ПС(Fire Alarm)/13293_vfor.xls,.xls,47616,13504304f6bbd4c322400660e78166be924c5a8a3f7a3d2fa32ea8eaabd6d151,1,1,,0,0,0,0,,,0,0.0,BOQ_NAME_ONLY,자동 표 신호는 최종 A/B로 승격하지 않음
2021-2025,2020-00086,L2023-00053-1,WORKS,L2023-00053-1/Urgench VTC Bid Attachment Documents/Urgench VTC Bid Attachment Documents/Section 4.  Bill of Quantities(Not-Priced)/공내역서/VTC견적서/3 ОБЩЕЖИТИЕ(Dormitory)/3-6 ПС(Fire Alarm)/13293_vrmu.xls,.xls,52736,d247ad0533474b0b1cedc26fffab2c9b866c1246de159a021e5b366aabc19286,1,1,,1,62,1,0,Лист1,visible,8,0.016129032258064516,B?,자동 표 신호는 최종 A/B로 승격하지 않음
2021-2025,2020-00086,L2023-00053-1,WORKS,L2023-00053-1/Urgench VTC Bid Attachment Documents/Urgench VTC Bid Attachment Documents/Section 4.  Bill of Quantities(Not-Priced)/공내역서/VTC견적서/3 ОБЩЕЖИТИЕ(Dormitory)/3-6 ПС(Fire Alarm)/bv13290.xls,.xls,86016,e18ef7fec05891daaad5066075ed8900b09d1ea1449184f0063fbb372759596e,1,1,,0,0,0,0,,,0,0.0,BOQ_NAME_ONLY,자동 표 신호는 최종 A/B로 승격하지 않음
2021-2025,2020-00086,L2023-00053-1,WORKS,L2023-00053-1/Urgench VTC Bid Attachment Documents/Urgench VTC Bid Attachment Documents/Section 4.  Bill of Quantities(Not-Priced)/공내역서/VTC견적서/3 ОБЩЕЖИТИЕ(Dormitory)/3-2 АР(Architecture)/13093_vrmu.xls,.xls,71168,e74ff7123038365d8a0bdcd1c7b2209df8480aa897b3fc0679910a92028a4f3e,1,1,,1,145,1,0,Лист1,visible,8,0.006896551724137931,B?,자동 표 신호는 최종 A/B로 승격하지 않음
2021-2025,2020-00086,L2023-00053-1,WORKS,L2023-00053-1/Urgench VTC Bid Attachment Documents/Urgench VTC Bid Attachment Documents/Section 4.  Bill of Quantities(Not-Priced)/공내역서/VTC견적서/3 ОБЩЕЖИТИЕ(Dormitory)/3-2 АР(Architecture)/13093_vfor.xls,.xls,60928,4d47568603d5e187d1e4c7fb6f4d61f9bbfd00c2e5ce279aa4cbc3e286009fda,1,1,,0,0,0,0,,,0,0.0,BOQ_NAME_ONLY,자동 표 신호는 최종 A/B로 승격하지 않음
2021-2025,2020-00086,L2023-00053-1,WORKS,L2023-00053-1/Urgench VTC Bid Attachment Documents/Urgench VTC Bid Attachment Documents/Section 4.  Bill of Quantities(Not-Priced)/공내역서/VTC견적서/3 ОБЩЕЖИТИЕ(Dormitory)/3-2 АР(Architecture)/bv13090.xls,.xls,209920,1685986296491a91628263cbf83b83623c64d74dd57af717e61f8666ff120e05,1,1,,0,0,0,0,,,0,0.0,BOQ_NAME_ONLY,자동 표 신호는 최종 A/B로 승격하지 않음
2021-2025,2020-00086,L2023-00053-1,WORKS,L2023-00053-1/Urgench VTC Bid Attachment Documents/Urgench VTC Bid Attachment Documents/Section 4.  Bill of Quantities(Not-Priced)/공내역서/VTC견적서/3 ОБЩЕЖИТИЕ(Dormitory)/3-5 ЭО(Electric)/bv13390.xls,.xls,160768,f253090ffac6492dc866ebd21e5932b06eb5866828914246cdec489ba998f2e4,1,1,,0,0,0,0,,,0,0.0,BOQ_NAME_ONLY,자동 표 신호는 최종 A/B로 승격하지 않음
2021-2025,2020-00086,L2023-00053-1,WORKS,L2023-00053-1/Urgench VTC Bid Attachment Documents/Urgench VTC Bid Attachment Documents/Section 4.  Bill of Quantities(Not-Priced)/공내역서/VTC견적서/3 ОБЩЕЖИТИЕ(Dormitory)/3-5 ЭО(Electric)/13393_vfor.xls,.xls,74752,c57faedafd23f56233bfb4c2b31f065e2adce41022cc4128bd3c30ee9cca34fb,1,1,,0,0,0,0,,,0,0.0,BOQ_NAME_ONLY,자동 표 신호는 최종 A/B로 승격하지 않음
2021-2025,2020-00086,L2023-00053-1,WORKS,L2023-00053-1/Urgench VTC Bid Attachment Documents/Urgench VTC Bid Attachment Documents/Section 4.  Bill of Quantities(Not-Priced)/공내역서/VTC견적서/3 ОБЩЕЖИТИЕ(Dormitory)/3-5 ЭО(Electric)/13393_vrmu.xls,.xls,78336,7add88d19ffe23920e0d357509a9de1536402bfcbd3a0ea5b119baa189db15ee,1,1,,0,0,0,0,,,0,0.0,BOQ_NAME_ONLY,자동 표 신호는 최종 A/B로 승격하지 않음
2021-2025,2020-00086,L2023-00053-1,WORKS,L2023-00053-1/Urgench VTC Bid Attachment Documents/Urgench VTC Bid Attachment Documents/Section 4.  Bill of Quantities(Not-Priced)/공내역서/VTC견적서/3 ОБЩЕЖИТИЕ(Dormitory)/3-9 ГСВ(Gas)/13453_vfor.xls,.xls,44544,b2b073542fbb835fe4e72757b8f29fa046145334ce54790769524e09e869dc87,1,1,,0,0,0,0,,,0,0.0,BOQ_NAME_ONLY,자동 표 신호는 최종 A/B로 승격하지 않음
2021-2025,2020-00086,L2023-00053-1,WORKS,L2023-00053-1/Urgench VTC Bid Attachment Documents/Urgench VTC Bid Attachment Documents/Section 4.  Bill of Quantities(Not-Priced)/공내역서/VTC견적서/3 ОБЩЕЖИТИЕ(Dormitory)/3-9 ГСВ(Gas)/13453_vrmu.xls,.xls,54272,3d2cb67c9a0dde2603871acfa78f9950ff40dd7781efbc8177d683b0c6dcf091,1,1,,1,71,1,0,Лист1,visible,8,0.014084507042253521,B?,자동 표 신호는 최종 A/B로 승격하지 않음
2021-2025,2020-00086,L2023-00053-1,WORKS,L2023-00053-1/Urgench VTC Bid Attachment Documents/Urgench VTC Bid Attachment Documents/Section 4.  Bill of Quantities(Not-Priced)/공내역서/VTC견적서/3 ОБЩЕЖИТИЕ(Dormitory)/3-9 ГСВ(Gas)/bv13450.xls,.xls,101888,5f4deb4ba0c0096f69c68e61171f182e5ed846594ec98a23e310f3970c06fa71,1,1,,0,0,0,0,,,0,0.0,BOQ_NAME_ONLY,자동 표 신호는 최종 A/B로 승격하지 않음
2021-2025,2020-00086,L2023-00053-1,WORKS,L2023-00053-1/Urgench VTC Bid Attachment Documents/Urgench VTC Bid Attachment Documents/Section 4.  Bill of Quantities(Not-Priced)/공내역서/VTC견적서/3 ОБЩЕЖИТИЕ(Dormitory)/3-8 ТМ(Boiler & Solar heating)/13443_vrmu.xls,.xls,86528,d3c0a88886331817cb71e9575b7bdf7dcfbffd63454a29c052460c96407dc642,1,1,,1,174,1,0,Лист1,visible,8,0.005747126436781609,B?,자동 표 신호는 최종 A/B로 승격하지 않음
2021-2025,2020-00086,L2023-00053-1,WORKS,L2023-00053-1/Urgench VTC Bid Attachment Documents/Urgench VTC Bid Attachment Documents/Section 4.  Bill of Quantities(Not-Priced)/공내역서/VTC견적서/3 ОБЩЕЖИТИЕ(Dormitory)/3-8 ТМ(Boiler & Solar heating)/bv13440.xls,.xls,176128,8f851a4587465612841b0497ea7ac0167998ac563b5dd9f8fd3cf937c6d20e25,1,1,,0,0,0,0,,,0,0.0,BOQ_NAME_ONLY,자동 표 신호는 최종 A/B로 승격하지 않음
2021-2025,2020-00086,L2023-00053-1,WORKS,L2023-00053-1/Urgench VTC Bid Attachment Documents/Urgench VTC Bid Attachment Documents/Section 4.  Bill of Quantities(Not-Priced)/공내역서/VTC견적서/3 ОБЩЕЖИТИЕ(Dormitory)/3-8 ТМ(Boiler & Solar heating)/13443_vfor.xls,.xls,70144,95536513d6bf3158fb4d65daa1a681e30df8970af4be141270aaa7b89bb0d95a,1,1,,0,0,0,0,,,0,0.0,BOQ_NAME_ONLY,자동 표 신호는 최종 A/B로 승격하지 않음
2021-2025,2020-00086,L2023-00053-1,WORKS,L2023-00053-1/Urgench VTC Bid Attachment Documents/Urgench VTC Bid Attachment Documents/Section 4.  Bill of Quantities(Not-Priced)/공내역서/VTC견적서/3 ОБЩЕЖИТИЕ(Dormitory)/3-3 ОВ(Heating & Ventilation)/13103_vrmu.xls,.xls,61440,1e94bb5552421589790c2b57554f506b5f1f0d69289ff4eee0eadf0c4411484b,1,1,,1,87,1,0,Лист1,visible,8,0.011494252873563218,B?,자동 표 신호는 최종 A/B로 승격하지 않음
2021-2025,2020-00086,L2023-00053-1,WORKS,L2023-00053-1/Urgench VTC Bid Attachment Documents/Urgench VTC Bid Attachment Documents/Section 4.  Bill of Quantities(Not-Priced)/공내역서/VTC견적서/3 ОБЩЕЖИТИЕ(Dormitory)/3-3 ОВ(Heating & Ventilation)/bv13100.xls,.xls,118784,7a6af10e951e5b9fb0bc177d931c4ff15c4ecb1ebe83088b80ad66656bcd9ec6,1,1,,0,0,0,0,,,0,0.0,BOQ_NAME_ONLY,자동 표 신호는 최종 A/B로 승격하지 않음
2021-2025,2020-00086,L2023-00053-1,WORKS,L2023-00053-1/Urgench VTC Bid Attachment Documents/Urgench VTC Bid Attachment Documents/Section 4.  Bill of Quantities(Not-Priced)/공내역서/VTC견적서/3 ОБЩЕЖИТИЕ(Dormitory)/3-3 ОВ(Heating & Ventilation)/13103_vfor.xls,.xls,51712,fc72408b079aa86e3fe987541b5e7735bf43a368e9fe333d8ae13603fde2a81f,1,1,,0,0,0,0,,,0,0.0,BOQ_NAME_ONLY,자동 표 신호는 최종 A/B로 승격하지 않음
2021-2025,2020-00086,L2023-00053-1,WORKS,L2023-00053-1/Urgench VTC Bid Attachment Documents/Urgench VTC Bid Attachment Documents/Section 4.  Bill of Quantities(Not-Priced)/공내역서/VTC견적서/3 ОБЩЕЖИТИЕ(Dormitory)/3-4 ВК(Water & Sewer & Fireplug)/13113_vfor.xls,.xls,62464,73e6dd7aa52e8cf03b392cc81de31620bc3e272e464fc12dbcafaed5d7906cd7,1,1,,0,0,0,0,,,0,0.0,BOQ_NAME_ONLY,자동 표 신호는 최종 A/B로 승격하지 않음
2021-2025,2020-00086,L2023-00053-1,WORKS,L2023-00053-1/Urgench VTC Bid Attachment Documents/Urgench VTC Bid Attachment Documents/Section 4.  Bill of Quantities(Not-Priced)/공내역서/VTC견적서/3 ОБЩЕЖИТИЕ(Dormitory)/3-4 ВК(Water & Sewer & Fireplug)/bv13110.xls,.xls,162816,88307ab28fb3650d960a3f58562bd7c34d3a46f3916c3f9c302c8d91b33946f4,1,1,,0,0,0,0,,,0,0.0,BOQ_NAME_ONLY,자동 표 신호는 최종 A/B로 승격하지 않음
2021-2025,2020-00086,L2023-00053-1,WORKS,L2023-00053-1/Urgench VTC Bid Attachment Documents/Urgench VTC Bid Attachment Documents/Section 4.  Bill of Quantities(Not-Priced)/공내역서/VTC견적서/3 ОБЩЕЖИТИЕ(Dormitory)/3-4 ВК(Water & Sewer & Fireplug)/13113_vrmu.xls,.xls,78336,23bb6dcb0e3ca3d9e11440aeecc7927f87168d16d5a2fb32594cc8f7c510f911,1,1,,0,0,0,0,,,0,0.0,BOQ_NAME_ONLY,자동 표 신호는 최종 A/B로 승격하지 않음
2021-2025,2020-00086,L2023-00053-1,WORKS,L2023-00053-1/Urgench VTC Bid Attachment Documents/Urgench VTC Bid Attachment Documents/Section 4.  Bill of Quantities(Not-Priced)/공내역서/VTC견적서/3 ОБЩЕЖИТИЕ(Dormitory)/3-1 КЖ(Structure)/13023_vrmu.xls,.xls,71168,1cd9211b72104c9dc7f6eee96daa2851e9bdb7ba1e1883dd402b4f613cca8d8f,1,1,,1,130,1,0,Лист1,visible,8,0.007692307692307693,B?,자동 표 신호는 최종 A/B로 승격하지 않음
2021-2025,2020-00086,L2023-00053-1,WORKS,L2023-00053-1/Urgench VTC Bid Attachment Documents/Urgench VTC Bid Attachment Documents/Section 4.  Bill of Quantities(Not-Priced)/공내역서/VTC견적서/3 ОБЩЕЖИТИЕ(Dormitory)/3-1 КЖ(Structure)/13023_vfor.xls,.xls,71168,673a85f5a1e9b6b7350bf66f3c67c715335e2cd418a95188f312dcbd098d438a,1,1,,1,219,0,0,Лист1,visible,9,0.0,B?,자동 표 신호는 최종 A/B로 승격하지 않음
2021-2025,2020-00086,L2023-00053-1,WORKS,L2023-00053-1/Urgench VTC Bid Attachment Documents/Urgench VTC Bid Attachment Documents/Section 4.  Bill of Quantities(Not-Priced)/공내역서/VTC견적서/3 ОБЩЕЖИТИЕ(Dormitory)/3-1 КЖ(Structure)/bv13020.xls,.xls,286208,aee487d6db0fed682c28fabba84e56d3b2d993351976b6197fbf6df4e3bc0506,1,1,,1,1374,0,0,3-1_ЛРВ,visible,10,0.0,B?,자동 표 신호는 최종 A/B로 승격하지 않음
2021-2025,2020-00086,L2023-00053-1,WORKS,L2023-00053-1/Urgench VTC Bid Attachment Documents/Urgench VTC Bid Attachment Documents/Section 4.  Bill of Quantities(Not-Priced)/공내역서/VTC견적서/7 КОМПРЕССОРАНЯ(Comp.+GAS storage)/7-3 ЭО(Electric)/bv13500.xls,.xls,76800,774c07e5846d462fcc00eda8f335b28050758f61dee53d10a4a56e44d829b2bb,1,1,,0,0,0,0,,,0,0.0,BOQ_NAME_ONLY,자동 표 신호는 최종 A/B로 승격하지 않음
2021-2025,2020-00086,L2023-00053-1,WORKS,L2023-00053-1/Urgench VTC Bid Attachment Documents/Urgench VTC Bid Attachment Documents/Section 4.  Bill of Quantities(Not-Priced)/공내역서/VTC견적서/7 КОМПРЕССОРАНЯ(Comp.+GAS storage)/7-3 ЭО(Electric)/13503_vrmu.xls,.xls,51200,557a980a68981d94391b523dccdccf4e876c9d6dcae8e97a692aa94929ddbec5,1,1,,1,51,1,0,Лист1,visible,8,0.0196078431372549,B?,자동 표 신호는 최종 A/B로 승격하지 않음
2021-2025,2020-00086,L2023-00053-1,WORKS,L2023-00053-1/Urgench VTC Bid Attachment Documents/Urgench VTC Bid Attachment Documents/Section 4.  Bill of Quantities(Not-Priced)/공내역서/VTC견적서/7 КОМПРЕССОРАНЯ(Comp.+GAS storage)/7-3 ЭО(Electric)/13503_vfor.xls,.xls,44544,fba80ba25d76993629553bd43cccae9188ce442e97030bea9bec4d66366073e1,1,1,,0,0,0,0,,,0,0.0,BOQ_NAME_ONLY,자동 표 신호는 최종 A/B로 승격하지 않음
2021-2025,2020-00086,L2023-00053-1,WORKS,L2023-00053-1/Urgench VTC Bid Attachment Documents/Urgench VTC Bid Attachment Documents/Section 4.  Bill of Quantities(Not-Priced)/공내역서/VTC견적서/7 КОМПРЕССОРАНЯ(Comp.+GAS storage)/7-1 КЖ(Structure)/bv13070.xls,.xls,126464,9d15fc0b7e8c4ef335b01731a25fd915a06431f5b409d64ed8e75bdf471e8c99,1,1,,0,0,0,0,,,0,0.0,BOQ_NAME_ONLY,자동 표 신호는 최종 A/B로 승격하지 않음
2021-2025,2020-00086,L2023-00053-1,WORKS,L2023-00053-1/Urgench VTC Bid Attachment Documents/Urgench VTC Bid Attachment Documents/Section 4.  Bill of Quantities(Not-Priced)/공내역서/VTC견적서/7 КОМПРЕССОРАНЯ(Comp.+GAS storage)/7-1 КЖ(Structure)/13073_vfor.xls,.xls,45056,d4075fede6ca06f6e076cc3a33d9c66485d394bc84c4f6204421ee0751c41c29,1,1,,0,0,0,0,,,0,0.0,BOQ_NAME_ONLY,자동 표 신호는 최종 A/B로 승격하지 않음
2021-2025,2020-00086,L2023-00053-1,WORKS,L2023-00053-1/Urgench VTC Bid Attachment Documents/Urgench VTC Bid Attachment Documents/Section 4.  Bill of Quantities(Not-Priced)/공내역서/VTC견적서/7 КОМПРЕССОРАНЯ(Comp.+GAS storage)/7-1 КЖ(Structure)/13073_vrmu.xls,.xls,57344,b2b87877d1df201ff70c4fded29e0c808c0cf38b05ea0ef976abf05e5e3bb3f1,1,1,,1,85,1,0,Лист1,visible,8,0.011764705882352941,B?,자동 표 신호는 최종 A/B로 승격하지 않음
2021-2025,2020-00086,L2023-00053-1,WORKS,L2023-00053-1/Urgench VTC Bid Attachment Documents/Urgench VTC Bid Attachment Documents/Section 4.  Bill of Quantities(Not-Priced)/공내역서/VTC견적서/7 КОМПРЕССОРАНЯ(Comp.+GAS storage)/7-2 АР(Architecture)/13083_vfor.xls,.xls,37888,0d0641098aaf99e56a206db663b79287befbb026eb9ae10d31713fe26751af88,1,1,,0,0,0,0,,,0,0.0,BOQ_NAME_ONLY,자동 표 신호는 최종 A/B로 승격하지 않음
2021-2025,2020-00086,L2023-00053-1,WORKS,L2023-00053-1/Urgench VTC Bid Attachment Documents/Urgench VTC Bid Attachment Documents/Section 4.  Bill of Quantities(Not-Priced)/공내역서/VTC견적서/7 КОМПРЕССОРАНЯ(Comp.+GAS storage)/7-2 АР(Architecture)/13083_vrmu.xls,.xls,48128,69688f446686a4d38925437ff702119b6f61b5ee8d3b5ed975f2c10dfc6291a5,1,1,,1,48,1,0,Лист1,visible,8,0.020833333333333332,B?,자동 표 신호는 최종 A/B로 승격하지 않음
2021-2025,2020-00086,L2023-00053-1,WORKS,L2023-00053-1/Urgench VTC Bid Attachment Documents/Urgench VTC Bid Attachment Documents/Section 4.  Bill of Quantities(Not-Priced)/공내역서/VTC견적서/7 КОМПРЕССОРАНЯ(Comp.+GAS storage)/7-2 АР(Architecture)/bv13080.xls,.xls,76800,49259d752c40853e7e634831a6035f4fc055b29c0dc905b007f082fffb42211e,1,1,,0,0,0,0,,,0,0.0,BOQ_NAME_ONLY,자동 표 신호는 최종 A/B로 승격하지 않음
2021-2025,2020-00086,L2023-00053-1,WORKS,L2023-00053-1/Urgench VTC Bid Attachment Documents/Urgench VTC Bid Attachment Documents/Section 4.  Bill of Quantities(Not-Priced)/공내역서/VTC견적서/0 ГП(Site Plan & Landscape+Outdoor Infra)/0-4 ФЛАГШТОК(Flog pole)/13643_vfor.xls,.xls,36352,67966ce0d47aa65517abf1ac5bf4144c07e48cd2eaba531279ab70cb9dfbf6a2,1,1,,0,0,0,0,,,0,0.0,BOQ_NAME_ONLY,자동 표 신호는 최종 A/B로 승격하지 않음
2021-2025,2020-00086,L2023-00053-1,WORKS,L2023-00053-1/Urgench VTC Bid Attachment Documents/Urgench VTC Bid Attachment Documents/Section 4.  Bill of Quantities(Not-Priced)/공내역서/VTC견적서/0 ГП(Site Plan & Landscape+Outdoor Infra)/0-4 ФЛАГШТОК(Flog pole)/bv13640.xls,.xls,79872,c2bccc679e99fec40afa6d24486761ae70a294b045dc7ac6cac4d9f7e61c164e,1,1,,0,0,0,0,,,0,0.0,BOQ_NAME_ONLY,자동 표 신호는 최종 A/B로 승격하지 않음
2021-2025,2020-00086,L2023-00053-1,WORKS,L2023-00053-1/Urgench VTC Bid Attachment Documents/Urgench VTC Bid Attachment Documents/Section 4.  Bill of Quantities(Not-Priced)/공내역서/VTC견적서/0 ГП(Site Plan & Landscape+Outdoor Infra)/0-4 ФЛАГШТОК(Flog pole)/13643_vrmu.xls,.xls,55808,0f5b9d6f0d88cc8062fa6c5a0843bc51ec0ce77b9910f927cd9e6825241e7974,1,1,,1,79,1,0,Лист1,visible,8,0.012658227848101266,B?,자동 표 신호는 최종 A/B로 승격하지 않음
2021-2025,2020-00086,L2023-00053-1,WORKS,L2023-00053-1/Urgench VTC Bid Attachment Documents/Urgench VTC Bid Attachment Documents/Section 4.  Bill of Quantities(Not-Priced)/공내역서/VTC견적서/0 ГП(Site Plan & Landscape+Outdoor Infra)/0-10 ПВ(Landscape Water Piping)/bv13700.xls,.xls,108032,7fce9c3406ee12ced99948fe837cc6e8d07c7892479efffdac7037793b89f75d,1,1,,0,0,0,0,,,0,0.0,BOQ_NAME_ONLY,자동 표 신호는 최종 A/B로 승격하지 않음
2021-2025,2020-00086,L2023-00053-1,WORKS,L2023-00053-1/Urgench VTC Bid Attachment Documents/Urgench VTC Bid Attachment Documents/Section 4.  Bill of Quantities(Not-Priced)/공내역서/VTC견적서/0 ГП(Site Plan & Landscape+Outdoor Infra)/0-10 ПВ(Landscape Water Piping)/13703_vfor.xls,.xls,44544,223b6a365f4c188df7b71ab432b3cf0fb70ab37141f6befdb4176e797d1219a7,1,1,,0,0,0,0,,,0,0.0,BOQ_NAME_ONLY,자동 표 신호는 최종 A/B로 승격하지 않음
2021-2025,2020-00086,L2023-00053-1,WORKS,L2023-00053-1/Urgench VTC Bid Attachment Documents/Urgench VTC Bid Attachment Documents/Section 4.  Bill of Quantities(Not-Priced)/공내역서/VTC견적서/0 ГП(Site Plan & Landscape+Outdoor Infra)/0-10 ПВ(Landscape Water Piping)/13703_vrmu.xls,.xls,67584,340757e0a5f7ca107ff9763eb6e78032fa52480ae47709f5c93d4b4d8acb1301,1,1,,1,112,1,0,Лист1,visible,8,0.008928571428571428,B?,자동 표 신호는 최종 A/B로 승격하지 않음
2021-2025,2020-00086,L2023-00053-1,WORKS,L2023-00053-1/Urgench VTC Bid Attachment Documents/Urgench VTC Bid Attachment Documents/Section 4.  Bill of Quantities(Not-Priced)/공내역서/VTC견적서/0 ГП(Site Plan & Landscape+Outdoor Infra)/0-6 ЭС(Outdoor Electric Infra)/bv13660.xls,.xls,85504,00539b077799596b299656474c20d1f2bce4a015e4e5986c8ec3ef060d1c92be,1,1,,0,0,0,0,,,0,0.0,BOQ_NAME_ONLY,자동 표 신호는 최종 A/B로 승격하지 않음
2021-2025,2020-00086,L2023-00053-1,WORKS,L2023-00053-1/Urgench VTC Bid Attachment Documents/Urgench VTC Bid Attachment Documents/Section 4.  Bill of Quantities(Not-Priced)/공내역서/VTC견적서/0 ГП(Site Plan & Landscape+Outdoor Infra)/0-6 ЭС(Outdoor Electric Infra)/13663_vfor.xls,.xls,37888,d6e264bc982e8ff16cc0d3f02f24b4bad1d12dac0c5106696da5050f02d894e3,1,1,,0,0,0,0,,,0,0.0,BOQ_NAME_ONLY,자동 표 신호는 최종 A/B로 승격하지 않음
2021-2025,2020-00086,L2023-00053-1,WORKS,L2023-00053-1/Urgench VTC Bid Attachment Documents/Urgench VTC Bid Attachment Documents/Section 4.  Bill of Quantities(Not-Priced)/공내역서/VTC견적서/0 ГП(Site Plan & Landscape+Outdoor Infra)/0-6 ЭС(Outdoor Electric Infra)/13663_vrmu.xls,.xls,55296,5211f233ecc117ba1086040ece1ad8ce7323d32f4a4e8d1cdd6e35537116f52f,1,1,,1,69,1,0,Лист1,visible,8,0.014492753623188406,B?,자동 표 신호는 최종 A/B로 승격하지 않음
2021-2025,2020-00086,L2023-00053-1,WORKS,L2023-00053-1/Urgench VTC Bid Attachment Documents/Urgench VTC Bid Attachment Documents/Section 4.  Bill of Quantities(Not-Priced)/공내역서/VTC견적서/0 ГП(Site Plan & Landscape+Outdoor Infra)/0-3 БЕСЕДКА 5 ШТ(Pargola)/bv13630.xls,.xls,86016,89900deeb95cc6c3d44955a4322c7d0b36aa7b7469220c2d8969211de3a71e9f,1,1,,0,0,0,0,,,0,0.0,BOQ_NAME_ONLY,자동 표 신호는 최종 A/B로 승격하지 않음
2021-2025,2020-00086,L2023-00053-1,WORKS,L2023-00053-1/Urgench VTC Bid Attachment Documents/Urgench VTC Bid Attachment Documents/Section 4.  Bill of Quantities(Not-Priced)/공내역서/VTC견적서/0 ГП(Site Plan & Landscape+Outdoor Infra)/0-3 БЕСЕДКА 5 ШТ(Pargola)/13633_vrmu.xls,.xls,54784,91cd41b13250e518545986d37e21277c42f67ff63baa4fc5aa5bd8526a10da10,1,1,,1,71,1,0,Лист1,visible,8,0.014084507042253521,B?,자동 표 신호는 최종 A/B로 승격하지 않음
2021-2025,2020-00086,L2023-00053-1,WORKS,L2023-00053-1/Urgench VTC Bid Attachment Documents/Urgench VTC Bid Attachment Documents/Section 4.  Bill of Quantities(Not-Priced)/공내역서/VTC견적서/0 ГП(Site Plan & Landscape+Outdoor Infra)/0-3 БЕСЕДКА 5 ШТ(Pargola)/13633_vfor.xls,.xls,34304,a4de5c64037addc65a3a0ea858a58150461f31b07ec98eb3374f87a100be5518,1,1,,0,0,0,0,,,0,0.0,BOQ_NAME_ONLY,자동 표 신호는 최종 A/B로 승격하지 않음
2021-2025,2020-00086,L2023-00053-1,WORKS,L2023-00053-1/Urgench VTC Bid Attachment Documents/Urgench VTC Bid Attachment Documents/Section 4.  Bill of Quantities(Not-Priced)/공내역서/VTC견적서/0 ГП(Site Plan & Landscape+Outdoor Infra)/0-12 АСКУЭ((Automatic Pump system)/13723_vfor.xls,.xls,33792,eb99c1117217bd159b2705fd3fdba4dca427dbfee616518108fed741a867e4a9,1,1,,0,0,0,0,,,0,0.0,BOQ_NAME_ONLY,자동 표 신호는 최종 A/B로 승격하지 않음
2021-2025,2020-00086,L2023-00053-1,WORKS,L2023-00053-1/Urgench VTC Bid Attachment Documents/Urgench VTC Bid Attachment Documents/Section 4.  Bill of Quantities(Not-Priced)/공내역서/VTC견적서/0 ГП(Site Plan & Landscape+Outdoor Infra)/0-12 АСКУЭ((Automatic Pump system)/13723_vrmu.xls,.xls,49152,748258beac5d82e7c3a847666f17f9ad1601ab24563b52999aa8e5d1b3e7ff6a,1,1,,1,48,1,0,Лист1,visible,8,0.020833333333333332,B?,자동 표 신호는 최종 A/B로 승격하지 않음
2021-2025,2020-00086,L2023-00053-1,WORKS,L2023-00053-1/Urgench VTC Bid Attachment Documents/Urgench VTC Bid Attachment Documents/Section 4.  Bill of Quantities(Not-Priced)/공내역서/VTC견적서/0 ГП(Site Plan & Landscape+Outdoor Infra)/0-12 АСКУЭ((Automatic Pump system)/bv13720.xls,.xls,54784,73d4b495f41c4c5e62abe918e52313703f29267f7bda2774066dc0e5ffd96095,1,1,,0,0,0,0,,,0,0.0,BOQ_NAME_ONLY,자동 표 신호는 최종 A/B로 승격하지 않음
2021-2025,2020-00086,L2023-00053-1,WORKS,L2023-00053-1/Urgench VTC Bid Attachment Documents/Urgench VTC Bid Attachment Documents/Section 4.  Bill of Quantities(Not-Priced)/공내역서/VTC견적서/0 ГП(Site Plan & Landscape+Outdoor Infra)/0-2 ФУТБОЛНОЕ ПОЛЕ(Football)/13413_vfor.xls,.xls,35840,b524a9fc3353cae7e72ebf771994c561b251158e684f12846f7be3e853e9b094,1,1,,0,0,0,0,,,0,0.0,BOQ_NAME_ONLY,자동 표 신호는 최종 A/B로 승격하지 않음
2021-2025,2020-00086,L2023-00053-1,WORKS,L2023-00053-1/Urgench VTC Bid Attachment Documents/Urgench VTC Bid Attachment Documents/Section 4.  Bill of Quantities(Not-Priced)/공내역서/VTC견적서/0 ГП(Site Plan & Landscape+Outdoor Infra)/0-2 ФУТБОЛНОЕ ПОЛЕ(Football)/13413_vrmu.xls,.xls,54784,656fd24a77c94039bb6a228c6d395e89e1304637aa470a5b06fd4b70f791c7d3,1,1,,1,69,1,0,Лист1,visible,8,0.014492753623188406,B?,자동 표 신호는 최종 A/B로 승격하지 않음
2021-2025,2020-00086,L2023-00053-1,WORKS,L2023-00053-1/Urgench VTC Bid Attachment Documents/Urgench VTC Bid Attachment Documents/Section 4.  Bill of Quantities(Not-Priced)/공내역서/VTC견적서/0 ГП(Site Plan & Landscape+Outdoor Infra)/0-2 ФУТБОЛНОЕ ПОЛЕ(Football)/bv13410.xls,.xls,82432,2749f4b67fbce5b996b82719eb992ca5140d514c5c3e0b6a254cbe8991a461ba,1,1,,0,0,0,0,,,0,0.0,BOQ_NAME_ONLY,자동 표 신호는 최종 A/B로 승격하지 않음
2021-2025,2020-00086,L2023-00053-1,WORKS,L2023-00053-1/Urgench VTC Bid Attachment Documents/Urgench VTC Bid Attachment Documents/Section 4.  Bill of Quantities(Not-Priced)/공내역서/VTC견적서/0 ГП(Site Plan & Landscape+Outdoor Infra)/0-7 НЭО(Outdoor Lighting)/13673_vrmu.xls,.xls,59904,ff62cd8285dbfe8a4cd93911394279299b8c03d2069749850cffc7a2107aef50,1,1,,1,88,1,0,Лист1,visible,8,0.011363636363636364,B?,자동 표 신호는 최종 A/B로 승격하지 않음
2021-2025,2020-00086,L2023-00053-1,WORKS,L2023-00053-1/Urgench VTC Bid Attachment Documents/Urgench VTC Bid Attachment Documents/Section 4.  Bill of Quantities(Not-Priced)/공내역서/VTC견적서/0 ГП(Site Plan & Landscape+Outdoor Infra)/0-7 НЭО(Outdoor Lighting)/bv13670.xls,.xls,88576,9ceeee982353f80a2bdb6f54623ab653597f61763c8bf5d6ff51e5212e6720af,1,1,,0,0,0,0,,,0,0.0,BOQ_NAME_ONLY,자동 표 신호는 최종 A/B로 승격하지 않음
2021-2025,2020-00086,L2023-00053-1,WORKS,L2023-00053-1/Urgench VTC Bid Attachment Documents/Urgench VTC Bid Attachment Documents/Section 4.  Bill of Quantities(Not-Priced)/공내역서/VTC견적서/0 ГП(Site Plan & Landscape+Outdoor Infra)/0-7 НЭО(Outdoor Lighting)/13673_vfor.xls,.xls,39936,60eb4c1ec6baefd78c2277da9cc0f32f1a655aa123b894a0438e4580ed6b8ecc,1,1,,0,0,0,0,,,0,0.0,BOQ_NAME_ONLY,자동 표 신호는 최종 A/B로 승격하지 않음
2021-2025,2020-00086,L2023-00053-1,WORKS,L2023-00053-1/Urgench VTC Bid Attachment Documents/Urgench VTC Bid Attachment Documents/Section 4.  Bill of Quantities(Not-Priced)/공내역서/VTC견적서/0 ГП(Site Plan & Landscape+Outdoor Infra)/0-8 НСС(Outside CCTV)/13683_vrmu.xls,.xls,58880,dec38e2426a3423e4a2628c92e9b35bce22644a2d4568e883cac23bda9af639f,1,1,,1,87,1,0,Лист1,visible,8,0.011494252873563218,B?,자동 표 신호는 최종 A/B로 승격하지 않음
2021-2025,2020-00086,L2023-00053-1,WORKS,L2023-00053-1/Urgench VTC Bid Attachment Documents/Urgench VTC Bid Attachment Documents/Section 4.  Bill of Quantities(Not-Priced)/공내역서/VTC견적서/0 ГП(Site Plan & Landscape+Outdoor Infra)/0-8 НСС(Outside CCTV)/13683_vfor.xls,.xls,43008,1d07c8de41f0bc89f5bb0d45ff6b58a77c316e057c58e0078e76db334b69bcbb,1,1,,0,0,0,0,,,0,0.0,BOQ_NAME_ONLY,자동 표 신호는 최종 A/B로 승격하지 않음
2021-2025,2020-00086,L2023-00053-1,WORKS,L2023-00053-1/Urgench VTC Bid Attachment Documents/Urgench VTC Bid Attachment Documents/Section 4.  Bill of Quantities(Not-Priced)/공내역서/VTC견적서/0 ГП(Site Plan & Landscape+Outdoor Infra)/0-8 НСС(Outside CCTV)/bv13680.xls,.xls,90624,ee1cb2dde73307bbbe1f35435c8c23142d9e8947f28e461d2ce3ddabd61afd05,1,1,,0,0,0,0,,,0,0.0,BOQ_NAME_ONLY,자동 표 신호는 최종 A/B로 승격하지 않음
2021-2025,2020-00086,L2023-00053-1,WORKS,L2023-00053-1/Urgench VTC Bid Attachment Documents/Urgench VTC Bid Attachment Documents/Section 4.  Bill of Quantities(Not-Priced)/공내역서/VTC견적서/0 ГП(Site Plan & Landscape+Outdoor Infra)/0-9 НВК(Outside Water Piping)/13693_vfor.xls,.xls,50688,40205bc1eaad85a3c4553624b01d8e2e15cb4fbb02e2385cc4c618c196421564,1,1,,0,0,0,0,,,0,0.0,BOQ_NAME_ONLY,자동 표 신호는 최종 A/B로 승격하지 않음
2021-2025,2020-00086,L2023-00053-1,WORKS,L2023-00053-1/Urgench VTC Bid Attachment Documents/Urgench VTC Bid Attachment Documents/Section 4.  Bill of Quantities(Not-Priced)/공내역서/VTC견적서/0 ГП(Site Plan & Landscape+Outdoor Infra)/0-9 НВК(Outside Water Piping)/13693_vrmu.xls,.xls,73728,7f90477cfd26b71bef664a93e1ccef28539b5f685b7d63c2d2a8a20c834c4893,1,1,,1,123,1,0,Лист1,visible,8,0.008130081300813009,B?,자동 표 신호는 최종 A/B로 승격하지 않음
2021-2025,2020-00086,L2023-00053-1,WORKS,L2023-00053-1/Urgench VTC Bid Attachment Documents/Urgench VTC Bid Attachment Documents/Section 4.  Bill of Quantities(Not-Priced)/공내역서/VTC견적서/0 ГП(Site Plan & Landscape+Outdoor Infra)/0-9 НВК(Outside Water Piping)/bv13690.xls,.xls,160256,1cd6324bf7a0eaec27cb7142830672e0985ab1482b721a78911144c1c4a4cbef,1,1,,0,0,0,0,,,0,0.0,BOQ_NAME_ONLY,자동 표 신호는 최종 A/B로 승격하지 않음
2021-2025,2020-00086,L2023-00053-1,WORKS,L2023-00053-1/Urgench VTC Bid Attachment Documents/Urgench VTC Bid Attachment Documents/Section 4.  Bill of Quantities(Not-Priced)/공내역서/VTC견적서/0 ГП(Site Plan & Landscape+Outdoor Infra)/0-11 СВ(Underground Water Pumping)/bv13710.xls,.xls,108544,78a4e1c483aad218148c44031dc0dbe4b3d4be6d9d60c09536a5798bd508b8f7,1,1,,0,0,0,0,,,0,0.0,BOQ_NAME_ONLY,자동 표 신호는 최종 A/B로 승격하지 않음
2021-2025,2020-00086,L2023-00053-1,WORKS,L2023-00053-1/Urgench VTC Bid Attachment Documents/Urgench VTC Bid Attachment Documents/Section 4.  Bill of Quantities(Not-Priced)/공내역서/VTC견적서/0 ГП(Site Plan & Landscape+Outdoor Infra)/0-11 СВ(Underground Water Pumping)/13713_vrmu.xls,.xls,67072,9e59430416fb626364f3a259cffd4886e2e1573ee703ed00f728dac814d9f4da,1,1,,1,101,1,0,Лист1,visible,8,0.009900990099009901,B?,자동 표 신호는 최종 A/B로 승격하지 않음
2021-2025,2020-00086,L2023-00053-1,WORKS,L2023-00053-1/Urgench VTC Bid Attachment Documents/Urgench VTC Bid Attachment Documents/Section 4.  Bill of Quantities(Not-Priced)/공내역서/VTC견적서/0 ГП(Site Plan & Landscape+Outdoor Infra)/0-11 СВ(Underground Water Pumping)/13713_vfor.xls,.xls,40448,b907108bac749dae0b04900b731d9c1a0b43fea8b519995542662c26c338b56c,1,1,,0,0,0,0,,,0,0.0,BOQ_NAME_ONLY,자동 표 신호는 최종 A/B로 승격하지 않음
2021-2025,2020-00086,L2023-00053-1,WORKS,L2023-00053-1/Urgench VTC Bid Attachment Documents/Urgench VTC Bid Attachment Documents/Section 4.  Bill of Quantities(Not-Priced)/공내역서/VTC견적서/0 ГП(Site Plan & Landscape+Outdoor Infra)/0-5 ГСН(Outdoor Gas Infra)/13653_vrmu.xls,.xls,83968,73cdcf6c26608fd6ed09727e2837da02b88671e6e4a9cf14ce3d854ea7a831f7,1,1,,1,158,1,0,Лист1,visible,8,0.006329113924050633,B?,자동 표 신호는 최종 A/B로 승격하지 않음
2021-2025,2020-00086,L2023-00053-1,WORKS,L2023-00053-1/Urgench VTC Bid Attachment Documents/Urgench VTC Bid Attachment Documents/Section 4.  Bill of Quantities(Not-Priced)/공내역서/VTC견적서/0 ГП(Site Plan & Landscape+Outdoor Infra)/0-5 ГСН(Outdoor Gas Infra)/13653_vfor.xls,.xls,50176,567efd592c487f7ff0d0c59fb9c7d182601f503045ac37195ca1d7619476918a,1,1,,0,0,0,0,,,0,0.0,BOQ_NAME_ONLY,자동 표 신호는 최종 A/B로 승격하지 않음
2021-2025,2020-00086,L2023-00053-1,WORKS,L2023-00053-1/Urgench VTC Bid Attachment Documents/Urgench VTC Bid Attachment Documents/Section 4.  Bill of Quantities(Not-Priced)/공내역서/VTC견적서/0 ГП(Site Plan & Landscape+Outdoor Infra)/0-5 ГСН(Outdoor Gas Infra)/bv13650.xls,.xls,158208,5a395510c961855d96159b216312e8884d10e3b4d57bafd7a4326ad596851fb7,1,1,,0,0,0,0,,,0,0.0,BOQ_NAME_ONLY,자동 표 신호는 최종 A/B로 승격하지 않음
2021-2025,2020-00086,L2023-00053-1,WORKS,L2023-00053-1/Urgench VTC Bid Attachment Documents/Urgench VTC Bid Attachment Documents/Section 4.  Bill of Quantities(Not-Priced)/공내역서/VTC견적서/0 ГП(Site Plan & Landscape+Outdoor Infra)/0-1 ГП(Site Plan+Landscape)/13403_vrmu.xls,.xls,57344,9e93c17fb83cb754c8b2b889d7c88e9d56b7b5e94ef2f36d2c7b96356a99bf8b,1,1,,1,85,1,0,Лист1,visible,8,0.011764705882352941,B?,자동 표 신호는 최종 A/B로 승격하지 않음
2021-2025,2020-00086,L2023-00053-1,WORKS,L2023-00053-1/Urgench VTC Bid Attachment Documents/Urgench VTC Bid Attachment Documents/Section 4.  Bill of Quantities(Not-Priced)/공내역서/VTC견적서/0 ГП(Site Plan & Landscape+Outdoor Infra)/0-1 ГП(Site Plan+Landscape)/bv13400.xls,.xls,100864,c237827588a1b89c4b31b984ef80299ed0268e63e35039a34093895646b82cb6,1,1,,0,0,0,0,,,0,0.0,BOQ_NAME_ONLY,자동 표 신호는 최종 A/B로 승격하지 않음
2021-2025,2020-00086,L2023-00053-1,WORKS,L2023-00053-1/Urgench VTC Bid Attachment Documents/Urgench VTC Bid Attachment Documents/Section 4.  Bill of Quantities(Not-Priced)/공내역서/VTC견적서/0 ГП(Site Plan & Landscape+Outdoor Infra)/0-1 ГП(Site Plan+Landscape)/13403_vfor.xls,.xls,40960,3f220fc5a5b364271bb7c01e7b3a9ffa53b430c77dd7e2b8da559aac8af53508,1,1,,0,0,0,0,,,0,0.0,BOQ_NAME_ONLY,자동 표 신호는 최종 A/B로 승격하지 않음
2021-2025,2020-00086,L2023-00053-1,WORKS,L2023-00053-1/Urgench VTC Bid Attachment Documents/Urgench VTC Bid Attachment Documents/Section 4.  Bill of Quantities(Not-Priced)/공내역서/VTC견적서/6 КПП(Guard House+Fence & Gate)/6-1 КЖ(Structure)/13053_vfor.xls,.xls,57856,4b6138cf061524a28704b118bd7c9f47aac9302aca4030b86c5a714c09dbe871,1,1,,0,0,0,0,,,0,0.0,BOQ_NAME_ONLY,자동 표 신호는 최종 A/B로 승격하지 않음
2021-2025,2020-00086,L2023-00053-1,WORKS,L2023-00053-1/Urgench VTC Bid Attachment Documents/Urgench VTC Bid Attachment Documents/Section 4.  Bill of Quantities(Not-Priced)/공내역서/VTC견적서/6 КПП(Guard House+Fence & Gate)/6-1 КЖ(Structure)/13053_vrmu.xls,.xls,72704,dcc0b7139d1a295111335bacbfa1dec0eb5c4d8fd84c4550f6c49f5003c87115,1,1,,1,120,1,0,Лист1,visible,8,0.008333333333333333,B?,자동 표 신호는 최종 A/B로 승격하지 않음
2021-2025,2020-00086,L2023-00053-1,WORKS,L2023-00053-1/Urgench VTC Bid Attachment Documents/Urgench VTC Bid Attachment Documents/Section 4.  Bill of Quantities(Not-Priced)/공내역서/VTC견적서/6 КПП(Guard House+Fence & Gate)/6-1 КЖ(Structure)/bv13050.xls,.xls,186368,ecb8d5c1397c5c50289b9fbd88481d3cee7bb833c0a9a712edc967ee65d8af3f,1,1,,0,0,0,0,,,0,0.0,BOQ_NAME_ONLY,자동 표 신호는 최종 A/B로 승격하지 않음
2021-2025,2020-00086,L2023-00053-1,WORKS,L2023-00053-1/Urgench VTC Bid Attachment Documents/Urgench VTC Bid Attachment Documents/Section 4.  Bill of Quantities(Not-Priced)/공내역서/VTC견적서/6 КПП(Guard House+Fence & Gate)/6-5 ЭО(Electric)/13533_vfor.xls,.xls,45568,a8c797c5c49f18bcd37916401194d6111b33f4cd1c1431c0bc17678dc1ef7507,1,1,,1,28,0,0,Лист1,visible,9,0.0,B?,자동 표 신호는 최종 A/B로 승격하지 않음
2021-2025,2020-00086,L2023-00053-1,WORKS,L2023-00053-1/Urgench VTC Bid Attachment Documents/Urgench VTC Bid Attachment Documents/Section 4.  Bill of Quantities(Not-Priced)/공내역서/VTC견적서/6 КПП(Guard House+Fence & Gate)/6-5 ЭО(Electric)/13533_vrmu.xls,.xls,51712,adc4d0090b25860f05ae432980f8a84532193b463acbd300f4d5fa3acf31929d,1,1,,1,51,1,0,Лист1,visible,8,0.0196078431372549,B?,자동 표 신호는 최종 A/B로 승격하지 않음
2021-2025,2020-00086,L2023-00053-1,WORKS,L2023-00053-1/Urgench VTC Bid Attachment Documents/Urgench VTC Bid Attachment Documents/Section 4.  Bill of Quantities(Not-Priced)/공내역서/VTC견적서/6 КПП(Guard House+Fence & Gate)/6-5 ЭО(Electric)/bv13530.xls,.xls,77824,245b723563475e969548ffaaf40bf6267f9670b17170e37180d848a6826ae285,1,1,,1,123,0,0,6-5_ЛРВ,visible,10,0.0,B?,자동 표 신호는 최종 A/B로 승격하지 않음
2021-2025,2020-00086,L2023-00053-1,WORKS,L2023-00053-1/Urgench VTC Bid Attachment Documents/Urgench VTC Bid Attachment Documents/Section 4.  Bill of Quantities(Not-Priced)/공내역서/VTC견적서/6 КПП(Guard House+Fence & Gate)/6-4 ВК(Water & Sewer & Fire plug)/13163_vrmu.xls,.xls,51712,02996d3aeb403f16f777614300c531dffc91202f13226adbc63fdcd4170cf27b,1,1,,1,69,1,0,Лист1,visible,8,0.014492753623188406,B?,자동 표 신호는 최종 A/B로 승격하지 않음
2021-2025,2020-00086,L2023-00053-1,WORKS,L2023-00053-1/Urgench VTC Bid Attachment Documents/Urgench VTC Bid Attachment Documents/Section 4.  Bill of Quantities(Not-Priced)/공내역서/VTC견적서/6 КПП(Guard House+Fence & Gate)/6-4 ВК(Water & Sewer & Fire plug)/13163_vfor.xls,.xls,42496,df6220b225173aa488bd8d4a23eb05263619cbf4e888bbe98ea36c01265e50fc,1,1,,1,34,0,0,Лист1,visible,9,0.0,B?,자동 표 신호는 최종 A/B로 승격하지 않음
2021-2025,2020-00086,L2023-00053-1,WORKS,L2023-00053-1/Urgench VTC Bid Attachment Documents/Urgench VTC Bid Attachment Documents/Section 4.  Bill of Quantities(Not-Priced)/공내역서/VTC견적서/6 КПП(Guard House+Fence & Gate)/6-4 ВК(Water & Sewer & Fire plug)/bv13160.xls,.xls,81408,0da398eedf5f2bce997092265a779da29c1e9aad374c13682effe71359e455e6,1,1,,1,127,0,0,6-4_ЛРВ,visible,10,0.0,B?,자동 표 신호는 최종 A/B로 승격하지 않음
2021-2025,2020-00086,L2023-00053-1,WORKS,L2023-00053-1/Urgench VTC Bid Attachment Documents/Urgench VTC Bid Attachment Documents/Section 4.  Bill of Quantities(Not-Priced)/공내역서/VTC견적서/6 КПП(Guard House+Fence & Gate)/6-2 АР(Architecture)/bv13200.xls,.xls,129024,438cdab323bc3e1f71d5b490c7094683b5141f8e682754558baf8ad56fb493b6,1,1,,1,336,0,0,6-2_ЛРВ,visible,10,0.0,B?,자동 표 신호는 최종 A/B로 승격하지 않음
2021-2025,2020-00086,L2023-00053-1,WORKS,L2023-00053-1/Urgench VTC Bid Attachment Documents/Urgench VTC Bid Attachment Documents/Section 4.  Bill of Quantities(Not-Priced)/공내역서/VTC견적서/6 КПП(Guard House+Fence & Gate)/6-2 АР(Architecture)/13203_vfor.xls,.xls,48640,21fa111c58e5d02f90ed6d5bf2e47e5fc93e3e0b70ff150c2a2bfd5f7ce512f3,1,1,,0,0,0,0,,,0,0.0,BOQ_NAME_ONLY,자동 표 신호는 최종 A/B로 승격하지 않음
2021-2025,2020-00086,L2023-00053-1,WORKS,L2023-00053-1/Urgench VTC Bid Attachment Documents/Urgench VTC Bid Attachment Documents/Section 4.  Bill of Quantities(Not-Priced)/공내역서/VTC견적서/6 КПП(Guard House+Fence & Gate)/6-2 АР(Architecture)/13203_vrmu.xls,.xls,61440,cdc00d62f8cb153c9478d025a81ca7bcec02338d395b64066ecdb866f099a689,1,1,,1,112,1,0,Лист1,visible,8,0.008928571428571428,B?,자동 표 신호는 최종 A/B로 승격하지 않음
2021-2025,2020-00086,L2023-00053-1,WORKS,"L2023-00053-1/Urgench VTC Bid Attachment Documents/Urgench VTC Bid Attachment Documents/Section 4.  Bill of Quantities(Not-Priced)/공내역서/VTC견적서/6 КПП(Guard House+Fence & Gate)/6-7 ВН, СКС(CCTV & Network)/13363_vfor.xls",.xls,48128,36c9333a99d57c47105b911fbcb3486700e28e5017f87607868f0f75926dffa2,1,1,,1,46,0,0,Лист1,visible,9,0.0,B?,자동 표 신호는 최종 A/B로 승격하지 않음
2021-2025,2020-00086,L2023-00053-1,WORKS,"L2023-00053-1/Urgench VTC Bid Attachment Documents/Urgench VTC Bid Attachment Documents/Section 4.  Bill of Quantities(Not-Priced)/공내역서/VTC견적서/6 КПП(Guard House+Fence & Gate)/6-7 ВН, СКС(CCTV & Network)/bv13360.xls",.xls,88576,74bc8b533c92a35d0c29c637a7feab7f5b9a68290b45af8b0e0690bf0416adab,1,1,,1,157,0,0,6-7_ЛРВ,visible,10,0.0,B?,자동 표 신호는 최종 A/B로 승격하지 않음
2021-2025,2020-00086,L2023-00053-1,WORKS,"L2023-00053-1/Urgench VTC Bid Attachment Documents/Urgench VTC Bid Attachment Documents/Section 4.  Bill of Quantities(Not-Priced)/공내역서/VTC견적서/6 КПП(Guard House+Fence & Gate)/6-7 ВН, СКС(CCTV & Network)/13363_vrmu.xls",.xls,57344,bb45d8fce2bdc88caf7c66fd7cb3a7b238228ed5926d5e1cd6c17d10d95924ee,1,1,,1,79,1,0,Лист1,visible,8,0.012658227848101266,B?,자동 표 신호는 최종 A/B로 승격하지 않음
2021-2025,2020-00086,L2023-00053-1,WORKS,L2023-00053-1/Urgench VTC Bid Attachment Documents/Urgench VTC Bid Attachment Documents/Section 4.  Bill of Quantities(Not-Priced)/공내역서/VTC견적서/6 КПП(Guard House+Fence & Gate)/6-6 ПС(Fire Alarm)/bv13350.xls,.xls,68608,3fedac4c69065bad31ff8ef486ec7a572c6b66408b084530fddeb99286af3107,1,1,,0,0,0,0,,,0,0.0,BOQ_NAME_ONLY,자동 표 신호는 최종 A/B로 승격하지 않음
2021-2025,2020-00086,L2023-00053-1,WORKS,L2023-00053-1/Urgench VTC Bid Attachment Documents/Urgench VTC Bid Attachment Documents/Section 4.  Bill of Quantities(Not-Priced)/공내역서/VTC견적서/6 КПП(Guard House+Fence & Gate)/6-6 ПС(Fire Alarm)/13353_vrmu.xls,.xls,45568,1042a9e9f47e2df7996e894c927dd8ac8c3cc20fef3dfd2e0469d34176fb67a4,1,1,,0,0,0,0,,,0,0.0,BOQ_NAME_ONLY,자동 표 신호는 최종 A/B로 승격하지 않음
2021-2025,2020-00086,L2023-00053-1,WORKS,L2023-00053-1/Urgench VTC Bid Attachment Documents/Urgench VTC Bid Attachment Documents/Section 4.  Bill of Quantities(Not-Priced)/공내역서/VTC견적서/6 КПП(Guard House+Fence & Gate)/6-6 ПС(Fire Alarm)/13353_vfor.xls,.xls,39936,ada6a09861b75baeced88918213281f646dd23f8d179cda036079e272dedf6d9,1,1,,1,25,0,0,Лист1,visible,9,0.0,B?,자동 표 신호는 최종 A/B로 승격하지 않음
2021-2025,2020-00086,L2023-00053-1,WORKS,L2023-00053-1/Urgench VTC Bid Attachment Documents/Urgench VTC Bid Attachment Documents/Section 4.  Bill of Quantities(Not-Priced)/공내역서/VTC견적서/6 КПП(Guard House+Fence & Gate)/6-3 ОВ(Heating & Ventilation)/13553_vfor.xls,.xls,39424,221afcc766216a2167659cd706b07c07df791349f680a06ec88931f4e140e87d,1,1,,1,10,0,0,Лист1,visible,9,0.0,B?,자동 표 신호는 최종 A/B로 승격하지 않음
2021-2025,2020-00086,L2023-00053-1,WORKS,L2023-00053-1/Urgench VTC Bid Attachment Documents/Urgench VTC Bid Attachment Documents/Section 4.  Bill of Quantities(Not-Priced)/공내역서/VTC견적서/6 КПП(Guard House+Fence & Gate)/6-3 ОВ(Heating & Ventilation)/13553_vrmu.xls,.xls,47104,7c9d9051925373dc66d2ca05fefd5ea839554e87b692910a8f4c2f7831d68277,1,1,,1,43,1,0,Лист1,visible,8,0.023255813953488372,B?,자동 표 신호는 최종 A/B로 승격하지 않음
2021-2025,2020-00086,L2023-00053-1,WORKS,L2023-00053-1/Urgench VTC Bid Attachment Documents/Urgench VTC Bid Attachment Documents/Section 4.  Bill of Quantities(Not-Priced)/공내역서/VTC견적서/6 КПП(Guard House+Fence & Gate)/6-3 ОВ(Heating & Ventilation)/bv13550.xls,.xls,64000,028f57741a7980eb9293cf32591884faf6ce3b4531076bbbf2f780cc5aeb3c5c,1,1,,1,58,0,0,6-3_ЛРВ,visible,10,0.0,B?,자동 표 신호는 최종 A/B로 승격하지 않음
2021-2025,2020-00086,L2023-00053-1,WORKS,L2023-00053-1/Urgench VTC Bid Attachment Documents/Urgench VTC Bid Attachment Documents/Section 4.  Bill of Quantities(Not-Priced)/공내역서/VTC견적서/2 УПК(Practice and Education Building)/2-9 ГСВ(Gas)/13583_vfor.xls,.xls,38400,ec378189ec8e3fc423efb9636e24d6a2214a259d2af40c14f92b5626a47a4b53,1,1,,0,0,0,0,,,0,0.0,BOQ_NAME_ONLY,자동 표 신호는 최종 A/B로 승격하지 않음
2021-2025,2020-00086,L2023-00053-1,WORKS,L2023-00053-1/Urgench VTC Bid Attachment Documents/Urgench VTC Bid Attachment Documents/Section 4.  Bill of Quantities(Not-Priced)/공내역서/VTC견적서/2 УПК(Practice and Education Building)/2-9 ГСВ(Gas)/13583_vrmu.xls,.xls,58368,79c0d45acad111aa632a5123591aee7f4aaf88bfcc819bf29af6b23500a562ad,1,1,,1,75,1,0,Лист1,visible,8,0.013333333333333334,B?,자동 표 신호는 최종 A/B로 승격하지 않음
2021-2025,2020-00086,L2023-00053-1,WORKS,L2023-00053-1/Urgench VTC Bid Attachment Documents/Urgench VTC Bid Attachment Documents/Section 4.  Bill of Quantities(Not-Priced)/공내역서/VTC견적서/2 УПК(Practice and Education Building)/2-9 ГСВ(Gas)/bv13580.xls,.xls,97792,e2f79d457ed4fef8a6f0beb829b71d27adcc667ae940dd195ceb0fc2d6b8be1f,1,1,,0,0,0,0,,,0,0.0,BOQ_NAME_ONLY,자동 표 신호는 최종 A/B로 승격하지 않음
2021-2025,2020-00086,L2023-00053-1,WORKS,L2023-00053-1/Urgench VTC Bid Attachment Documents/Urgench VTC Bid Attachment Documents/Section 4.  Bill of Quantities(Not-Priced)/공내역서/VTC견적서/2 УПК(Practice and Education Building)/2-6 ПС(Fire Alarm)/bv13270.xls,.xls,81408,d46cd1888c84107a56dd7e1a1f3e026e361cbd56a90fe559692389429af17a31,1,1,,0,0,0,0,,,0,0.0,BOQ_NAME_ONLY,자동 표 신호는 최종 A/B로 승격하지 않음
2021-2025,2020-00086,L2023-00053-1,WORKS,L2023-00053-1/Urgench VTC Bid Attachment Documents/Urgench VTC Bid Attachment Documents/Section 4.  Bill of Quantities(Not-Priced)/공내역서/VTC견적서/2 УПК(Practice and Education Building)/2-6 ПС(Fire Alarm)/13273_vrmu.xls,.xls,51712,37a7d416719880479a04287f43738c935aabd798ceb429a6996cc4e3c53eacf9,1,1,,1,64,1,0,Лист1,visible,8,0.015625,B?,자동 표 신호는 최종 A/B로 승격하지 않음
2021-2025,2020-00086,L2023-00053-1,WORKS,L2023-00053-1/Urgench VTC Bid Attachment Documents/Urgench VTC Bid Attachment Documents/Section 4.  Bill of Quantities(Not-Priced)/공내역서/VTC견적서/2 УПК(Practice and Education Building)/2-6 ПС(Fire Alarm)/13273_vfor.xls,.xls,39424,9253b08795feafb761135dfb7172359fd6821432264e5cec4a3ba2c9aaaef0df,1,1,,0,0,0,0,,,0,0.0,BOQ_NAME_ONLY,자동 표 신호는 최종 A/B로 승격하지 않음
2021-2025,2020-00086,L2023-00053-1,WORKS,L2023-00053-1/Urgench VTC Bid Attachment Documents/Urgench VTC Bid Attachment Documents/Section 4.  Bill of Quantities(Not-Priced)/공내역서/VTC견적서/2 УПК(Practice and Education Building)/2-8 ТМ(Boiler & Solar heating)/13433_vfor.xls,.xls,61952,d1c10b9aaca880e34e432f14a598fbfa9d3620e37ff970f3d323e49ce5560785,1,1,,0,0,0,0,,,0,0.0,BOQ_NAME_ONLY,자동 표 신호는 최종 A/B로 승격하지 않음
2021-2025,2020-00086,L2023-00053-1,WORKS,L2023-00053-1/Urgench VTC Bid Attachment Documents/Urgench VTC Bid Attachment Documents/Section 4.  Bill of Quantities(Not-Priced)/공내역서/VTC견적서/2 УПК(Practice and Education Building)/2-8 ТМ(Boiler & Solar heating)/bv13430.xls,.xls,178176,1e6b0f50a2a378878bb06672f894f03a587ce5a0d49a819318305705775920d7,1,1,,0,0,0,0,,,0,0.0,BOQ_NAME_ONLY,자동 표 신호는 최종 A/B로 승격하지 않음
2021-2025,2020-00086,L2023-00053-1,WORKS,L2023-00053-1/Urgench VTC Bid Attachment Documents/Urgench VTC Bid Attachment Documents/Section 4.  Bill of Quantities(Not-Priced)/공내역서/VTC견적서/2 УПК(Practice and Education Building)/2-8 ТМ(Boiler & Solar heating)/13433_vrmu.xls,.xls,86528,07503448a7270dbdb8f63ef2ae2d8ee1d85bc1ce1b33df86927763a7c6a90f7c,1,1,,1,175,1,0,Лист1,visible,8,0.005714285714285714,B?,자동 표 신호는 최종 A/B로 승격하지 않음
2021-2025,2020-00086,L2023-00053-1,WORKS,L2023-00053-1/Urgench VTC Bid Attachment Documents/Urgench VTC Bid Attachment Documents/Section 4.  Bill of Quantities(Not-Priced)/공내역서/VTC견적서/2 УПК(Practice and Education Building)/2-5 ЭО(Electric)/13593_vrmu.xls,.xls,88064,939da5ac56da64a557c1ad8bd96b90cc057f9a01d7ed01a90287001de59cfd7e,1,1,,1,140,1,0,Лист1,visible,8,0.007142857142857143,B?,자동 표 신호는 최종 A/B로 승격하지 않음
2021-2025,2020-00086,L2023-00053-1,WORKS,L2023-00053-1/Urgench VTC Bid Attachment Documents/Urgench VTC Bid Attachment Documents/Section 4.  Bill of Quantities(Not-Priced)/공내역서/VTC견적서/2 УПК(Practice and Education Building)/2-5 ЭО(Electric)/13593_vfor.xls,.xls,76288,c30b8ac327c03590384c07e2e8f0356db3b6aa949e01439f1bd4eb1866809498,1,1,,0,0,0,0,,,0,0.0,BOQ_NAME_ONLY,자동 표 신호는 최종 A/B로 승격하지 않음
2021-2025,2020-00086,L2023-00053-1,WORKS,L2023-00053-1/Urgench VTC Bid Attachment Documents/Urgench VTC Bid Attachment Documents/Section 4.  Bill of Quantities(Not-Priced)/공내역서/VTC견적서/2 УПК(Practice and Education Building)/2-5 ЭО(Electric)/bv13590.xls,.xls,165376,66663efa81309957bad47d81b20bef6148a275bbbdc2760911baebfc3d44937b,1,1,,0,0,0,0,,,0,0.0,BOQ_NAME_ONLY,자동 표 신호는 최종 A/B로 승격하지 않음
2021-2025,2020-00086,L2023-00053-1,WORKS,L2023-00053-1/Urgench VTC Bid Attachment Documents/Urgench VTC Bid Attachment Documents/Section 4.  Bill of Quantities(Not-Priced)/공내역서/VTC견적서/2 УПК(Practice and Education Building)/2-1 КЖ(Structure)/bv13010.xls,.xls,438784,9a08a9249b066c02507c7d7b6711bbd0214f8d0d66dfa4d6052663da0fc7d2fe,1,1,,0,0,0,0,,,0,0.0,BOQ_NAME_ONLY,자동 표 신호는 최종 A/B로 승격하지 않음
2021-2025,2020-00086,L2023-00053-1,WORKS,L2023-00053-1/Urgench VTC Bid Attachment Documents/Urgench VTC Bid Attachment Documents/Section 4.  Bill of Quantities(Not-Priced)/공내역서/VTC견적서/2 УПК(Practice and Education Building)/2-1 КЖ(Structure)/13013_vfor.xls,.xls,90112,eb125c00f27b73c161614158902fe9f7296eb1d8eee1c3f3da800522e1d82334,1,1,,0,0,0,0,,,0,0.0,BOQ_NAME_ONLY,자동 표 신호는 최종 A/B로 승격하지 않음
2021-2025,2020-00086,L2023-00053-1,WORKS,L2023-00053-1/Urgench VTC Bid Attachment Documents/Urgench VTC Bid Attachment Documents/Section 4.  Bill of Quantities(Not-Priced)/공내역서/VTC견적서/2 УПК(Practice and Education Building)/2-1 КЖ(Structure)/13013_vrmu.xls,.xls,78336,894f30fba7d6ceffd13ac600a3933b3b9c6ef0d085d61f97bad1695d4a782097,1,1,,1,151,1,0,Лист1,visible,8,0.006622516556291391,B?,자동 표 신호는 최종 A/B로 승격하지 않음
2021-2025,2020-00086,L2023-00053-1,WORKS,L2023-00053-1/Urgench VTC Bid Attachment Documents/Urgench VTC Bid Attachment Documents/Section 4.  Bill of Quantities(Not-Priced)/공내역서/VTC견적서/2 УПК(Practice and Education Building)/2-3 ОВ(Heating & Ventilation)/bv13510.xls,.xls,450048,f64d8d027c4f2b4232513b0b8605c8f8092aa552cac0b7ed425ff53f6db6908f,1,1,,0,0,0,0,,,0,0.0,BOQ_NAME_ONLY,자동 표 신호는 최종 A/B로 승격하지 않음
2021-2025,2020-00086,L2023-00053-1,WORKS,L2023-00053-1/Urgench VTC Bid Attachment Documents/Urgench VTC Bid Attachment Documents/Section 4.  Bill of Quantities(Not-Priced)/공내역서/VTC견적서/2 УПК(Practice and Education Building)/2-3 ОВ(Heating & Ventilation)/13513_vfor.xls,.xls,99840,12c5ca43305042fecde990e14ec0489f64e6a5bfb76e9a69fab76bb26799d793,1,1,,0,0,0,0,,,0,0.0,BOQ_NAME_ONLY,자동 표 신호는 최종 A/B로 승격하지 않음
2021-2025,2020-00086,L2023-00053-1,WORKS,L2023-00053-1/Urgench VTC Bid Attachment Documents/Urgench VTC Bid Attachment Documents/Section 4.  Bill of Quantities(Not-Priced)/공내역서/VTC견적서/2 УПК(Practice and Education Building)/2-3 ОВ(Heating & Ventilation)/13513_vrmu.xls,.xls,100352,c598552db7e0e86089126d4ffff68c3be6e09016d43faddb5648dc76758c1996,1,1,,1,228,1,0,Лист1,visible,8,0.0043859649122807015,B?,자동 표 신호는 최종 A/B로 승격하지 않음
2021-2025,2020-00086,L2023-00053-1,WORKS,L2023-00053-1/Urgench VTC Bid Attachment Documents/Urgench VTC Bid Attachment Documents/Section 4.  Bill of Quantities(Not-Priced)/공내역서/VTC견적서/2 УПК(Practice and Education Building)/2-4 ВК(Water & Sewer & Fireplug)/13123_vrmu.xls,.xls,88576,355c8ae16063462d4e7d9dacb0087baa7fe1d5550fffd04313e146fe418e2cc7,1,1,,1,198,1,0,Лист1,visible,8,0.005050505050505051,B?,자동 표 신호는 최종 A/B로 승격하지 않음
2021-2025,2020-00086,L2023-00053-1,WORKS,L2023-00053-1/Urgench VTC Bid Attachment Documents/Urgench VTC Bid Attachment Documents/Section 4.  Bill of Quantities(Not-Priced)/공내역서/VTC견적서/2 УПК(Practice and Education Building)/2-4 ВК(Water & Sewer & Fireplug)/13123_vfor.xls,.xls,59904,a7d4c30f7d188cff8e06d5929b7943ca6001dd6edf34d708f09e06ff60bad3a9,1,1,,0,0,0,0,,,0,0.0,BOQ_NAME_ONLY,자동 표 신호는 최종 A/B로 승격하지 않음
2021-2025,2020-00086,L2023-00053-1,WORKS,L2023-00053-1/Urgench VTC Bid Attachment Documents/Urgench VTC Bid Attachment Documents/Section 4.  Bill of Quantities(Not-Priced)/공내역서/VTC견적서/2 УПК(Practice and Education Building)/2-4 ВК(Water & Sewer & Fireplug)/bv13120.xls,.xls,172032,3e907a310c004ae321d7eebac0f5fce2c118ec91ebfb9514f3a8a5c68894b05c,1,1,,0,0,0,0,,,0,0.0,BOQ_NAME_ONLY,자동 표 신호는 최종 A/B로 승격하지 않음
2021-2025,2020-00086,L2023-00053-1,WORKS,"L2023-00053-1/Urgench VTC Bid Attachment Documents/Urgench VTC Bid Attachment Documents/Section 4.  Bill of Quantities(Not-Priced)/공내역서/VTC견적서/2 УПК(Practice and Education Building)/2-7 ВН, СКС(CCTV & Network)/13283_vrmu.xls",.xls,67072,b6846cb5505886d26e2d8e4507951919d190aa8d9ba9fa7ba7df632cb03e888d,1,1,,1,121,1,0,Лист1,visible,8,0.008264462809917356,B?,자동 표 신호는 최종 A/B로 승격하지 않음
2021-2025,2020-00086,L2023-00053-1,WORKS,"L2023-00053-1/Urgench VTC Bid Attachment Documents/Urgench VTC Bid Attachment Documents/Section 4.  Bill of Quantities(Not-Priced)/공내역서/VTC견적서/2 УПК(Practice and Education Building)/2-7 ВН, СКС(CCTV & Network)/13283_vfor.xls",.xls,47104,db6c3cc502fbc8f749a5c19609ddf016fd8932c4cc11020c6bd9ee1e3229f05d,1,1,,0,0,0,0,,,0,0.0,BOQ_NAME_ONLY,자동 표 신호는 최종 A/B로 승격하지 않음
2021-2025,2020-00086,L2023-00053-1,WORKS,"L2023-00053-1/Urgench VTC Bid Attachment Documents/Urgench VTC Bid Attachment Documents/Section 4.  Bill of Quantities(Not-Priced)/공내역서/VTC견적서/2 УПК(Practice and Education Building)/2-7 ВН, СКС(CCTV & Network)/bv13280.xls",.xls,108032,6992044beb67c2e32411290725db35b2c64559310aff468a4b53db8d3f90312f,1,1,,0,0,0,0,,,0,0.0,BOQ_NAME_ONLY,자동 표 신호는 최종 A/B로 승격하지 않음
2021-2025,2020-00086,L2023-00053-1,WORKS,L2023-00053-1/Urgench VTC Bid Attachment Documents/Urgench VTC Bid Attachment Documents/Section 4.  Bill of Quantities(Not-Priced)/공내역서/VTC견적서/2 УПК(Practice and Education Building)/2-2 АР(Architecture)/bv13180.xls,.xls,216064,0a4453a2cbcb0fb035d5a2ee0e7a231433a198a6bc5351d8192be15d300f39db,1,1,,0,0,0,0,,,0,0.0,BOQ_NAME_ONLY,자동 표 신호는 최종 A/B로 승격하지 않음
2021-2025,2020-00086,L2023-00053-1,WORKS,L2023-00053-1/Urgench VTC Bid Attachment Documents/Urgench VTC Bid Attachment Documents/Section 4.  Bill of Quantities(Not-Priced)/공내역서/VTC견적서/2 УПК(Practice and Education Building)/2-2 АР(Architecture)/13183_vfor.xls,.xls,57344,ced6d9cc5f0dc47f2fbaa02466c757851c746ad533d0b2a7e89d6670c94b95f5,1,1,,0,0,0,0,,,0,0.0,BOQ_NAME_ONLY,자동 표 신호는 최종 A/B로 승격하지 않음
2021-2025,2020-00086,L2023-00053-1,WORKS,L2023-00053-1/Urgench VTC Bid Attachment Documents/Urgench VTC Bid Attachment Documents/Section 4.  Bill of Quantities(Not-Priced)/공내역서/VTC견적서/2 УПК(Practice and Education Building)/2-2 АР(Architecture)/13183_vrmu.xls,.xls,82432,d785547f100119bf8fe99b2cf9a925055b4fd0715cf243dd3de72fa18b6a5902,1,1,,1,189,1,0,Лист1,visible,8,0.005291005291005291,B?,자동 표 신호는 최종 A/B로 승격하지 않음
2021-2025,2020-00086,L2023-00053-1,WORKS,L2023-00053-1/Urgench VTC Bid Attachment Documents/Urgench VTC Bid Attachment Documents/Section 4.  Bill of Quantities(Not-Priced)/공내역서/VTC견적서/1 АДМИН ЗДАНИЕ(Admin. Build)/1-1 КЖ(Structure)/bv13060.xls,.xls,726528,24109ba5131665957977d77e5eaf5651afc7be65b2c614927a1f2a469e3a4094,1,1,,0,0,0,0,,,0,0.0,BOQ_NAME_ONLY,자동 표 신호는 최종 A/B로 승격하지 않음
2021-2025,2020-00086,L2023-00053-1,WORKS,L2023-00053-1/Urgench VTC Bid Attachment Documents/Urgench VTC Bid Attachment Documents/Section 4.  Bill of Quantities(Not-Priced)/공내역서/VTC견적서/1 АДМИН ЗДАНИЕ(Admin. Build)/1-1 КЖ(Structure)/13063_vrmu.xls,.xls,79360,97ca88b1db2e39ab8d470cd74e64acd38eb9c5888d5f78c83da36d324fa0e727,1,1,,1,163,1,0,Лист1,visible,8,0.006134969325153374,B?,자동 표 신호는 최종 A/B로 승격하지 않음
2021-2025,2020-00086,L2023-00053-1,WORKS,L2023-00053-1/Urgench VTC Bid Attachment Documents/Urgench VTC Bid Attachment Documents/Section 4.  Bill of Quantities(Not-Priced)/공내역서/VTC견적서/1 АДМИН ЗДАНИЕ(Admin. Build)/1-1 КЖ(Structure)/13063_vfor.xls,.xls,118272,722aad89cd38a9a05303abe12485831eca2450747711346f1c22d77bdb78f05b,1,1,,0,0,0,0,,,0,0.0,BOQ_NAME_ONLY,자동 표 신호는 최종 A/B로 승격하지 않음
2021-2025,2020-00086,L2023-00053-1,WORKS,L2023-00053-1/Urgench VTC Bid Attachment Documents/Urgench VTC Bid Attachment Documents/Section 4.  Bill of Quantities(Not-Priced)/공내역서/VTC견적서/1 АДМИН ЗДАНИЕ(Admin. Build)/1-5 ЭО(Electric)/13493_vrmu.xls,.xls,95744,ebe77e774131a081d32956fc8861c1d8f742a8828afd9bed0fd71db438f6f165,1,1,,0,0,0,0,,,0,0.0,BOQ_NAME_ONLY,자동 표 신호는 최종 A/B로 승격하지 않음
2021-2025,2020-00086,L2023-00053-1,WORKS,L2023-00053-1/Urgench VTC Bid Attachment Documents/Urgench VTC Bid Attachment Documents/Section 4.  Bill of Quantities(Not-Priced)/공내역서/VTC견적서/1 АДМИН ЗДАНИЕ(Admin. Build)/1-5 ЭО(Electric)/bv13490.xls,.xls,158720,bd5f8e35593e9c7efc6d645f53dd05706c78ef405c09926c16e8f6574c780cc0,1,1,,0,0,0,0,,,0,0.0,BOQ_NAME_ONLY,자동 표 신호는 최종 A/B로 승격하지 않음
2021-2025,2020-00086,L2023-00053-1,WORKS,"L2023-00053-1/Urgench VTC Bid Attachment Documents/Urgench VTC Bid Attachment Documents/Section 4.  Bill of Quantities(Not-Priced)/공내역서/VTC견적서/1 АДМИН ЗДАНИЕ(Admin. Build)/1-7 ВН, СКС(CCTV & Network)/bv13260.xls",.xls,107520,da9736d6f767a8ecd457f4daac55033b9573e34d0967a3842ac2dd832de749d3,1,1,,0,0,0,0,,,0,0.0,BOQ_NAME_ONLY,자동 표 신호는 최종 A/B로 승격하지 않음
2021-2025,2020-00086,L2023-00053-1,WORKS,"L2023-00053-1/Urgench VTC Bid Attachment Documents/Urgench VTC Bid Attachment Documents/Section 4.  Bill of Quantities(Not-Priced)/공내역서/VTC견적서/1 АДМИН ЗДАНИЕ(Admin. Build)/1-7 ВН, СКС(CCTV & Network)/13263_vfor.xls",.xls,47616,7a8b4feeaa0c2b59e5da2fb55f1768d770b5ad657133ec053d138eb8e9bce861,1,1,,0,0,0,0,,,0,0.0,BOQ_NAME_ONLY,자동 표 신호는 최종 A/B로 승격하지 않음
2021-2025,2020-00086,L2023-00053-1,WORKS,"L2023-00053-1/Urgench VTC Bid Attachment Documents/Urgench VTC Bid Attachment Documents/Section 4.  Bill of Quantities(Not-Priced)/공내역서/VTC견적서/1 АДМИН ЗДАНИЕ(Admin. Build)/1-7 ВН, СКС(CCTV & Network)/13263_vrmu.xls",.xls,68608,6c0471c582338da570a451cd77b90965fe575e9f9b5a76c47f242fa9f7baf869,1,1,,1,121,1,0,Лист1,visible,8,0.008264462809917356,B?,자동 표 신호는 최종 A/B로 승격하지 않음
2021-2025,2020-00086,L2023-00053-1,WORKS,L2023-00053-1/Urgench VTC Bid Attachment Documents/Urgench VTC Bid Attachment Documents/Section 4.  Bill of Quantities(Not-Priced)/공내역서/VTC견적서/1 АДМИН ЗДАНИЕ(Admin. Build)/1-4 ВК(Water & Sewer & Fireplug)/13133_vfor.xls,.xls,52736,741ec748efad6c50d4f9031854c9af39efdae94a7f251502f482d1e634696395,1,1,,0,0,0,0,,,0,0.0,BOQ_NAME_ONLY,자동 표 신호는 최종 A/B로 승격하지 않음
2021-2025,2020-00086,L2023-00053-1,WORKS,L2023-00053-1/Urgench VTC Bid Attachment Documents/Urgench VTC Bid Attachment Documents/Section 4.  Bill of Quantities(Not-Priced)/공내역서/VTC견적서/1 АДМИН ЗДАНИЕ(Admin. Build)/1-4 ВК(Water & Sewer & Fireplug)/bv13130.xls,.xls,154624,1223ff48761e0fa74c64b76affe4f9a0bba0f90d9621723ff81afca192aa3ec9,1,1,,0,0,0,0,,,0,0.0,BOQ_NAME_ONLY,자동 표 신호는 최종 A/B로 승격하지 않음
2021-2025,2020-00086,L2023-00053-1,WORKS,L2023-00053-1/Urgench VTC Bid Attachment Documents/Urgench VTC Bid Attachment Documents/Section 4.  Bill of Quantities(Not-Priced)/공내역서/VTC견적서/1 АДМИН ЗДАНИЕ(Admin. Build)/1-4 ВК(Water & Sewer & Fireplug)/13133_vrmu.xls,.xls,79360,b0afbc4d11efcf493a5e6015f97ca5b4a7b9097194af5dc00c5ac2e9b8482153,1,1,,1,169,1,0,Лист1,visible,8,0.005917159763313609,B?,자동 표 신호는 최종 A/B로 승격하지 않음
2021-2025,2020-00086,L2023-00053-1,WORKS,L2023-00053-1/Urgench VTC Bid Attachment Documents/Urgench VTC Bid Attachment Documents/Section 4.  Bill of Quantities(Not-Priced)/공내역서/VTC견적서/1 АДМИН ЗДАНИЕ(Admin. Build)/1-10 ЛИФТ(ELEV)/13753_vrmu.xls,.xls,43008,d8c8c9194e19cccc526a10c247d70181deba40b1b4cf1c4603bfe482647ccc57,1,1,,0,0,0,0,,,0,0.0,BOQ_NAME_ONLY,자동 표 신호는 최종 A/B로 승격하지 않음
2021-2025,2020-00086,L2023-00053-1,WORKS,L2023-00053-1/Urgench VTC Bid Attachment Documents/Urgench VTC Bid Attachment Documents/Section 4.  Bill of Quantities(Not-Priced)/공내역서/VTC견적서/1 АДМИН ЗДАНИЕ(Admin. Build)/1-10 ЛИФТ(ELEV)/13753_vfor.xls,.xls,30208,b3579f537710c58124f00338f7e0f9e99571d8b9b633597f327e8b17d0a47566,1,1,,0,0,0,0,,,0,0.0,BOQ_NAME_ONLY,자동 표 신호는 최종 A/B로 승격하지 않음
2021-2025,2020-00086,L2023-00053-1,WORKS,L2023-00053-1/Urgench VTC Bid Attachment Documents/Urgench VTC Bid Attachment Documents/Section 4.  Bill of Quantities(Not-Priced)/공내역서/VTC견적서/1 АДМИН ЗДАНИЕ(Admin. Build)/1-10 ЛИФТ(ELEV)/bv13750.xls,.xls,54784,eb9c87be647fc11b224374cdaaccddcc279ef6fd030d266e10a9e18b670be321,1,1,,0,0,0,0,,,0,0.0,BOQ_NAME_ONLY,자동 표 신호는 최종 A/B로 승격하지 않음
2021-2025,2020-00086,L2023-00053-1,WORKS,L2023-00053-1/Urgench VTC Bid Attachment Documents/Urgench VTC Bid Attachment Documents/Section 4.  Bill of Quantities(Not-Priced)/공내역서/VTC견적서/1 АДМИН ЗДАНИЕ(Admin. Build)/1-3 ОВ(Heating & Ventilation)/13483_vfor.xls,.xls,99328,ea2c98759901d209006d0bf437f6b47db3db59af4a523229e57e8127d6eaec66,1,1,,0,0,0,0,,,0,0.0,BOQ_NAME_ONLY,자동 표 신호는 최종 A/B로 승격하지 않음
2021-2025,2020-00086,L2023-00053-1,WORKS,L2023-00053-1/Urgench VTC Bid Attachment Documents/Urgench VTC Bid Attachment Documents/Section 4.  Bill of Quantities(Not-Priced)/공내역서/VTC견적서/1 АДМИН ЗДАНИЕ(Admin. Build)/1-3 ОВ(Heating & Ventilation)/bv13480.xls,.xls,427008,09bb65db10a11858d8ac285c8181d79f56e81b7cf85edc982df2b0f23f6c6b66,1,1,,0,0,0,0,,,0,0.0,BOQ_NAME_ONLY,자동 표 신호는 최종 A/B로 승격하지 않음
2021-2025,2020-00086,L2023-00053-1,WORKS,L2023-00053-1/Urgench VTC Bid Attachment Documents/Urgench VTC Bid Attachment Documents/Section 4.  Bill of Quantities(Not-Priced)/공내역서/VTC견적서/1 АДМИН ЗДАНИЕ(Admin. Build)/1-3 ОВ(Heating & Ventilation)/13483_vrmu.xls,.xls,103936,a04ed59f23ea1ae61745cad683d4cbaf5ae363e309db5658d259973ecd8f543d,1,1,,1,244,1,0,Лист1,visible,8,0.004098360655737705,B?,자동 표 신호는 최종 A/B로 승격하지 않음
2021-2025,2020-00086,L2023-00053-1,WORKS,L2023-00053-1/Urgench VTC Bid Attachment Documents/Urgench VTC Bid Attachment Documents/Section 4.  Bill of Quantities(Not-Priced)/공내역서/VTC견적서/1 АДМИН ЗДАНИЕ(Admin. Build)/1-6 ПС(Fire Alarm)/13253_vrmu.xls,.xls,49152,638ac1d9b3e1c826c7350759798f5c9e7977ba6841161f9a0604aab9275f55ae,1,1,,0,0,0,0,,,0,0.0,BOQ_NAME_ONLY,자동 표 신호는 최종 A/B로 승격하지 않음
2021-2025,2020-00086,L2023-00053-1,WORKS,L2023-00053-1/Urgench VTC Bid Attachment Documents/Urgench VTC Bid Attachment Documents/Section 4.  Bill of Quantities(Not-Priced)/공내역서/VTC견적서/1 АДМИН ЗДАНИЕ(Admin. Build)/1-6 ПС(Fire Alarm)/13253_vfor.xls,.xls,36864,4bb2f66c458714b2e47664a339164cdd7ab4a42d68218d6abcca1ab11bf69708,1,1,,0,0,0,0,,,0,0.0,BOQ_NAME_ONLY,자동 표 신호는 최종 A/B로 승격하지 않음
2021-2025,2020-00086,L2023-00053-1,WORKS,L2023-00053-1/Urgench VTC Bid Attachment Documents/Urgench VTC Bid Attachment Documents/Section 4.  Bill of Quantities(Not-Priced)/공내역서/VTC견적서/1 АДМИН ЗДАНИЕ(Admin. Build)/1-6 ПС(Fire Alarm)/bv13250.xls,.xls,71680,6dde06584b8e720185be54b7abd01bc9cfe2672da2dbd294b9972d6ed3dfea7d,1,1,,0,0,0,0,,,0,0.0,BOQ_NAME_ONLY,자동 표 신호는 최종 A/B로 승격하지 않음
2021-2025,2020-00086,L2023-00053-1,WORKS,L2023-00053-1/Urgench VTC Bid Attachment Documents/Urgench VTC Bid Attachment Documents/Section 4.  Bill of Quantities(Not-Priced)/공내역서/VTC견적서/1 АДМИН ЗДАНИЕ(Admin. Build)/1-8 ТМ (Boiler & Solar heating)/bv13420.xls,.xls,164864,54879a728d46d53dde25618dd54da54ee91a6d2d51486ebe13b0999701943dd6,1,1,,0,0,0,0,,,0,0.0,BOQ_NAME_ONLY,자동 표 신호는 최종 A/B로 승격하지 않음
2021-2025,2020-00086,L2023-00053-1,WORKS,L2023-00053-1/Urgench VTC Bid Attachment Documents/Urgench VTC Bid Attachment Documents/Section 4.  Bill of Quantities(Not-Priced)/공내역서/VTC견적서/1 АДМИН ЗДАНИЕ(Admin. Build)/1-8 ТМ (Boiler & Solar heating)/13423_vrmu.xls,.xls,84480,a54c2fcb25747bfe4b9ef498e03a257b08f2e783b9e9f49c3876e0aff148bd9c,1,1,,1,170,1,0,Лист1,visible,8,0.0058823529411764705,B?,자동 표 신호는 최종 A/B로 승격하지 않음
2021-2025,2020-00086,L2023-00053-1,WORKS,L2023-00053-1/Urgench VTC Bid Attachment Documents/Urgench VTC Bid Attachment Documents/Section 4.  Bill of Quantities(Not-Priced)/공내역서/VTC견적서/1 АДМИН ЗДАНИЕ(Admin. Build)/1-8 ТМ (Boiler & Solar heating)/13423_vfor.xls,.xls,59392,4fe45df97a3ca51ea360b356de5895b9deb0d9cd61ae11d2664eed6687d6f3d6,1,1,,0,0,0,0,,,0,0.0,BOQ_NAME_ONLY,자동 표 신호는 최종 A/B로 승격하지 않음
2021-2025,2020-00086,L2023-00053-1,WORKS,L2023-00053-1/Urgench VTC Bid Attachment Documents/Urgench VTC Bid Attachment Documents/Section 4.  Bill of Quantities(Not-Priced)/공내역서/VTC견적서/1 АДМИН ЗДАНИЕ(Admin. Build)/1-2 АР(Architecture)/13373_vrmu.xls,.xls,78336,d8937a8073c4ef846f2a1d0ed67d95e4a5466aa94bfcffaee1af02f63a42d713,1,1,,1,173,1,0,Лист1,visible,8,0.005780346820809248,B?,자동 표 신호는 최종 A/B로 승격하지 않음
2021-2025,2020-00086,L2023-00053-1,WORKS,L2023-00053-1/Urgench VTC Bid Attachment Documents/Urgench VTC Bid Attachment Documents/Section 4.  Bill of Quantities(Not-Priced)/공내역서/VTC견적서/1 АДМИН ЗДАНИЕ(Admin. Build)/1-2 АР(Architecture)/bv13370.xls,.xls,210944,8de2bc3d895d879ac1baa522646d817648368da6f2ca6310cdce9e83c7414649,1,1,,0,0,0,0,,,0,0.0,BOQ_NAME_ONLY,자동 표 신호는 최종 A/B로 승격하지 않음
2021-2025,2020-00086,L2023-00053-1,WORKS,L2023-00053-1/Urgench VTC Bid Attachment Documents/Urgench VTC Bid Attachment Documents/Section 4.  Bill of Quantities(Not-Priced)/공내역서/VTC견적서/1 АДМИН ЗДАНИЕ(Admin. Build)/1-2 АР(Architecture)/13373_vfor.xls,.xls,53248,1fd794da035727f9b400374fd614b001fa502fae9e609f298084c9c1ba246f47,1,1,,0,0,0,0,,,0,0.0,BOQ_NAME_ONLY,자동 표 신호는 최종 A/B로 승격하지 않음
2021-2025,2020-00086,L2023-00053-1,WORKS,L2023-00053-1/Urgench VTC Bid Attachment Documents/Urgench VTC Bid Attachment Documents/Section 4.  Bill of Quantities(Not-Priced)/공내역서/VTC견적서/1 АДМИН ЗДАНИЕ(Admin. Build)/1-9 ГСВ(Gas)/13463_vrmu.xls,.xls,57344,1501c33f8e5b96476ddea53841abdd3c2adb92e4d3e866d7096938be3f8c71a6,1,1,,1,72,1,0,Лист1,visible,8,0.013888888888888888,B?,자동 표 신호는 최종 A/B로 승격하지 않음
2021-2025,2020-00086,L2023-00053-1,WORKS,L2023-00053-1/Urgench VTC Bid Attachment Documents/Urgench VTC Bid Attachment Documents/Section 4.  Bill of Quantities(Not-Priced)/공내역서/VTC견적서/1 АДМИН ЗДАНИЕ(Admin. Build)/1-9 ГСВ(Gas)/bv13460.xls,.xls,96256,588c1f649649826e30b0665d9a48f62f1bb7b8c32ecd2910dbcab3cb69e9168f,1,1,,0,0,0,0,,,0,0.0,BOQ_NAME_ONLY,자동 표 신호는 최종 A/B로 승격하지 않음
2021-2025,2020-00086,L2023-00053-1,WORKS,L2023-00053-1/Urgench VTC Bid Attachment Documents/Urgench VTC Bid Attachment Documents/Section 4.  Bill of Quantities(Not-Priced)/공내역서/VTC견적서/1 АДМИН ЗДАНИЕ(Admin. Build)/1-9 ГСВ(Gas)/13463_vfor.xls,.xls,37888,25912c3b07a4bfa20711c5089964aa1b96918b731753114e83bff382b00543b4,1,1,,0,0,0,0,,,0,0.0,BOQ_NAME_ONLY,자동 표 신호는 최종 A/B로 승격하지 않음
2021-2025,2020-00086,L2023-00053-1,WORKS,L2023-00053-1/Urgench VTC Bid Attachment Documents/Urgench VTC Bid Attachment Documents/Section 4.  Bill of Quantities(Not-Priced)/공내역서/VTC견적서/5 МИНИКУХНЯ(Mini Cafe)/5-3 ОВ(Heating & Ventilation)/13543_vrmu.xls,.xls,49664,2e0c5447782587d021f6d8f036576bc903e602712197c33721262ba5cc1fc354,1,1,,1,45,1,0,Лист1,visible,8,0.022222222222222223,B?,자동 표 신호는 최종 A/B로 승격하지 않음
2021-2025,2020-00086,L2023-00053-1,WORKS,L2023-00053-1/Urgench VTC Bid Attachment Documents/Urgench VTC Bid Attachment Documents/Section 4.  Bill of Quantities(Not-Priced)/공내역서/VTC견적서/5 МИНИКУХНЯ(Mini Cafe)/5-3 ОВ(Heating & Ventilation)/13543_vfor.xls,.xls,32768,876a0957fc6163b0b1e4ad5810ee7d53956a2d9014cbba2d4ea4baf23224ec61,1,1,,0,0,0,0,,,0,0.0,BOQ_NAME_ONLY,자동 표 신호는 최종 A/B로 승격하지 않음
2021-2025,2020-00086,L2023-00053-1,WORKS,L2023-00053-1/Urgench VTC Bid Attachment Documents/Urgench VTC Bid Attachment Documents/Section 4.  Bill of Quantities(Not-Priced)/공내역서/VTC견적서/5 МИНИКУХНЯ(Mini Cafe)/5-3 ОВ(Heating & Ventilation)/bv13540.xls,.xls,65536,f02a015b345ee86a5346018105e60337b5af91dc340467ec926133d010d70b8f,1,1,,0,0,0,0,,,0,0.0,BOQ_NAME_ONLY,자동 표 신호는 최종 A/B로 승격하지 않음
2021-2025,2020-00086,L2023-00053-1,WORKS,L2023-00053-1/Urgench VTC Bid Attachment Documents/Urgench VTC Bid Attachment Documents/Section 4.  Bill of Quantities(Not-Priced)/공내역서/VTC견적서/5 МИНИКУХНЯ(Mini Cafe)/5-2 АР(Architecture)/bv13190.xls,.xls,114176,4ade510ed9f6b01414dd3b9e208d36868bcf0fe70bb6352beb850b258163fe9f,1,1,,0,0,0,0,,,0,0.0,BOQ_NAME_ONLY,자동 표 신호는 최종 A/B로 승격하지 않음
2021-2025,2020-00086,L2023-00053-1,WORKS,L2023-00053-1/Urgench VTC Bid Attachment Documents/Urgench VTC Bid Attachment Documents/Section 4.  Bill of Quantities(Not-Priced)/공내역서/VTC견적서/5 МИНИКУХНЯ(Mini Cafe)/5-2 АР(Architecture)/13193_vrmu.xls,.xls,59392,32390eeba886734409c4cffd1bac48a8b2621f64ee819bc516ce95d6ce0de568,1,1,,1,104,1,0,Лист1,visible,8,0.009615384615384616,B?,자동 표 신호는 최종 A/B로 승격하지 않음
2021-2025,2020-00086,L2023-00053-1,WORKS,L2023-00053-1/Urgench VTC Bid Attachment Documents/Urgench VTC Bid Attachment Documents/Section 4.  Bill of Quantities(Not-Priced)/공내역서/VTC견적서/5 МИНИКУХНЯ(Mini Cafe)/5-2 АР(Architecture)/13193_vfor.xls,.xls,40960,f62d6e52a875e6096a3b3750725b2d51bc1fd31530c2873884d5a5d062914d99,1,1,,0,0,0,0,,,0,0.0,BOQ_NAME_ONLY,자동 표 신호는 최종 A/B로 승격하지 않음
2021-2025,2020-00086,L2023-00053-1,WORKS,L2023-00053-1/Urgench VTC Bid Attachment Documents/Urgench VTC Bid Attachment Documents/Section 4.  Bill of Quantities(Not-Priced)/공내역서/VTC견적서/5 МИНИКУХНЯ(Mini Cafe)/5-5 ЭО(Electric)/13523_vrmu.xls,.xls,51712,7e16265662d64e011839c6562a409b724755257307d17d53527af9a45b14d4e6,1,1,,1,51,1,0,Лист1,visible,8,0.0196078431372549,B?,자동 표 신호는 최종 A/B로 승격하지 않음
2021-2025,2020-00086,L2023-00053-1,WORKS,L2023-00053-1/Urgench VTC Bid Attachment Documents/Urgench VTC Bid Attachment Documents/Section 4.  Bill of Quantities(Not-Priced)/공내역서/VTC견적서/5 МИНИКУХНЯ(Mini Cafe)/5-5 ЭО(Electric)/13523_vfor.xls,.xls,38912,0b8abf0891da011114759f88243e0f71e1a95036c98ea30dad347b4f69ee2b1b,1,1,,0,0,0,0,,,0,0.0,BOQ_NAME_ONLY,자동 표 신호는 최종 A/B로 승격하지 않음
2021-2025,2020-00086,L2023-00053-1,WORKS,L2023-00053-1/Urgench VTC Bid Attachment Documents/Urgench VTC Bid Attachment Documents/Section 4.  Bill of Quantities(Not-Priced)/공내역서/VTC견적서/5 МИНИКУХНЯ(Mini Cafe)/5-5 ЭО(Electric)/bv13520.xls,.xls,72704,1ada1c8c043ded8552eb8c5daa2fa56c90309d301f171e5fe5761772acfa2c72,1,1,,0,0,0,0,,,0,0.0,BOQ_NAME_ONLY,자동 표 신호는 최종 A/B로 승격하지 않음
2021-2025,2020-00086,L2023-00053-1,WORKS,L2023-00053-1/Urgench VTC Bid Attachment Documents/Urgench VTC Bid Attachment Documents/Section 4.  Bill of Quantities(Not-Priced)/공내역서/VTC견적서/5 МИНИКУХНЯ(Mini Cafe)/5-6 ПС(Fire Alarm)/13333_vrmu.xls,.xls,45568,c129f77230778e4e75807137b0a081fda18b76c89bfafb91bf998c73b18b42b4,1,1,,1,46,1,0,Лист1,visible,8,0.021739130434782608,B?,자동 표 신호는 최종 A/B로 승격하지 않음
2021-2025,2020-00086,L2023-00053-1,WORKS,L2023-00053-1/Urgench VTC Bid Attachment Documents/Urgench VTC Bid Attachment Documents/Section 4.  Bill of Quantities(Not-Priced)/공내역서/VTC견적서/5 МИНИКУХНЯ(Mini Cafe)/5-6 ПС(Fire Alarm)/13333_vfor.xls,.xls,35328,10bb19b81831d3a84b82c28f1547ca3fe887463b9f75dee45ccc757eb0779c6c,1,1,,0,0,0,0,,,0,0.0,BOQ_NAME_ONLY,자동 표 신호는 최종 A/B로 승격하지 않음
2021-2025,2020-00086,L2023-00053-1,WORKS,L2023-00053-1/Urgench VTC Bid Attachment Documents/Urgench VTC Bid Attachment Documents/Section 4.  Bill of Quantities(Not-Priced)/공내역서/VTC견적서/5 МИНИКУХНЯ(Mini Cafe)/5-6 ПС(Fire Alarm)/bv13330.xls,.xls,62976,5285368cbc7c4336c65b8d5e64b9139cb7feafa61bb9ae14627cdc4c2d5c9f76,1,1,,0,0,0,0,,,0,0.0,BOQ_NAME_ONLY,자동 표 신호는 최종 A/B로 승격하지 않음
2021-2025,2020-00086,L2023-00053-1,WORKS,L2023-00053-1/Urgench VTC Bid Attachment Documents/Urgench VTC Bid Attachment Documents/Section 4.  Bill of Quantities(Not-Priced)/공내역서/VTC견적서/5 МИНИКУХНЯ(Mini Cafe)/5-1 КЖ(Structure)/13043_vrmu.xls,.xls,64000,380165b5ba6f48a8bc825a12a666a0aeb51807f94d8b2c20559637674f7d94b0,1,1,,1,131,1,0,Лист1,visible,8,0.007633587786259542,B?,자동 표 신호는 최종 A/B로 승격하지 않음
2021-2025,2020-00086,L2023-00053-1,WORKS,L2023-00053-1/Urgench VTC Bid Attachment Documents/Urgench VTC Bid Attachment Documents/Section 4.  Bill of Quantities(Not-Priced)/공내역서/VTC견적서/5 МИНИКУХНЯ(Mini Cafe)/5-1 КЖ(Structure)/13043_vfor.xls,.xls,48128,97f17253a08cf0cc8c9680898c42398ae08fe78103f09e01bf2a6835019a9ec3,1,1,,0,0,0,0,,,0,0.0,BOQ_NAME_ONLY,자동 표 신호는 최종 A/B로 승격하지 않음
2021-2025,2020-00086,L2023-00053-1,WORKS,L2023-00053-1/Urgench VTC Bid Attachment Documents/Urgench VTC Bid Attachment Documents/Section 4.  Bill of Quantities(Not-Priced)/공내역서/VTC견적서/5 МИНИКУХНЯ(Mini Cafe)/5-1 КЖ(Structure)/bv13040.xls,.xls,174592,863838e7bc7c9434fc3bd88bdcfea6aba7ac50f88f9f5db01b0e254da7998ff8,1,1,,0,0,0,0,,,0,0.0,BOQ_NAME_ONLY,자동 표 신호는 최종 A/B로 승격하지 않음
2021-2025,2020-00086,L2023-00053-1,WORKS,"L2023-00053-1/Urgench VTC Bid Attachment Documents/Urgench VTC Bid Attachment Documents/Section 4.  Bill of Quantities(Not-Priced)/공내역서/VTC견적서/5 МИНИКУХНЯ(Mini Cafe)/5-7 ВН, СКС(CCTV & Network)/bv13340.xls",.xls,87552,f7ebc1e11ee41682c73ffe4df54efdaf6f8776e3d1421e342e5d6efdf51b8f91,1,1,,0,0,0,0,,,0,0.0,BOQ_NAME_ONLY,자동 표 신호는 최종 A/B로 승격하지 않음
2021-2025,2020-00086,L2023-00053-1,WORKS,"L2023-00053-1/Urgench VTC Bid Attachment Documents/Urgench VTC Bid Attachment Documents/Section 4.  Bill of Quantities(Not-Priced)/공내역서/VTC견적서/5 МИНИКУХНЯ(Mini Cafe)/5-7 ВН, СКС(CCTV & Network)/13343_vfor.xls",.xls,42496,7ae45ebf6513a57ba6f4fb37a194629105af57885c6435d8e0b3fac1d07b54d7,1,1,,0,0,0,0,,,0,0.0,BOQ_NAME_ONLY,자동 표 신호는 최종 A/B로 승격하지 않음
2021-2025,2020-00086,L2023-00053-1,WORKS,"L2023-00053-1/Urgench VTC Bid Attachment Documents/Urgench VTC Bid Attachment Documents/Section 4.  Bill of Quantities(Not-Priced)/공내역서/VTC견적서/5 МИНИКУХНЯ(Mini Cafe)/5-7 ВН, СКС(CCTV & Network)/13343_vrmu.xls",.xls,57344,0c131dc024a728f09c19dc05519a4f69fc17da1dc83c0ff221c9fcbc28ca3e83,1,1,,1,87,1,0,Лист1,visible,8,0.011494252873563218,B?,자동 표 신호는 최종 A/B로 승격하지 않음
2021-2025,2020-00086,L2023-00053-1,WORKS,L2023-00053-1/Urgench VTC Bid Attachment Documents/Urgench VTC Bid Attachment Documents/Section 4.  Bill of Quantities(Not-Priced)/공내역서/VTC견적서/5 МИНИКУХНЯ(Mini Cafe)/5-4 ВК(Water & Sewer & Fireplug)/bv13150.xls,.xls,81920,ff40bc5d0ea432e7b1d7366c5d4fcb487b2c3880f96e4f78375825eafcfb95b6,1,1,,0,0,0,0,,,0,0.0,BOQ_NAME_ONLY,자동 표 신호는 최종 A/B로 승격하지 않음
2021-2025,2020-00086,L2023-00053-1,WORKS,L2023-00053-1/Urgench VTC Bid Attachment Documents/Urgench VTC Bid Attachment Documents/Section 4.  Bill of Quantities(Not-Priced)/공내역서/VTC견적서/5 МИНИКУХНЯ(Mini Cafe)/5-4 ВК(Water & Sewer & Fireplug)/13153_vfor.xls,.xls,38912,8c432bdc15c5f2e9b21d8cf64d2092af76e32ac769bcf6930a80498eda501c52,1,1,,0,0,0,0,,,0,0.0,BOQ_NAME_ONLY,자동 표 신호는 최종 A/B로 승격하지 않음
2021-2025,2020-00086,L2023-00053-1,WORKS,L2023-00053-1/Urgench VTC Bid Attachment Documents/Urgench VTC Bid Attachment Documents/Section 4.  Bill of Quantities(Not-Priced)/공내역서/VTC견적서/5 МИНИКУХНЯ(Mini Cafe)/5-4 ВК(Water & Sewer & Fireplug)/13153_vrmu.xls,.xls,55296,b73ea620ff03c68e64d826146d0e3fdf85d76c45d5f7b952398e75088501d5a8,1,1,,1,89,1,0,Лист1,visible,8,0.011235955056179775,B?,자동 표 신호는 최종 A/B로 승격하지 않음
2021-2025,2020-00086,L2023-00053-1,WORKS,L2023-00053-1/Urgench VTC Bid Attachment Documents/Urgench VTC Bid Attachment Documents/Section 4.  Bill of Quantities(Not-Priced)/공내역서/VTC견적서/9 ТП(Transformers)/9-2 ЭО(Electric)/bv13620.xls,.xls,72192,d12264dd66d83231e992bd650b7557870412089a06a2a0d4425c2f7ce9505b54,1,1,,0,0,0,0,,,0,0.0,BOQ_NAME_ONLY,자동 표 신호는 최종 A/B로 승격하지 않음
2021-2025,2020-00086,L2023-00053-1,WORKS,L2023-00053-1/Urgench VTC Bid Attachment Documents/Urgench VTC Bid Attachment Documents/Section 4.  Bill of Quantities(Not-Priced)/공내역서/VTC견적서/9 ТП(Transformers)/9-2 ЭО(Electric)/13623_vfor.xls,.xls,43520,45d383d1448e59a8f49860e92e6e7aa212038c27e4d7bce97a086cc21f88ccfe,1,1,,0,0,0,0,,,0,0.0,BOQ_NAME_ONLY,자동 표 신호는 최종 A/B로 승격하지 않음
2021-2025,2020-00086,L2023-00053-1,WORKS,L2023-00053-1/Urgench VTC Bid Attachment Documents/Urgench VTC Bid Attachment Documents/Section 4.  Bill of Quantities(Not-Priced)/공내역서/VTC견적서/9 ТП(Transformers)/9-2 ЭО(Electric)/13623_vrmu.xls,.xls,44544,9c376ffd83f74a7a0482782b87e52d87f3fd57e8ae172745d22dd2b5f75c87d3,1,1,,1,25,1,0,Лист1,visible,8,0.04,B?,자동 표 신호는 최종 A/B로 승격하지 않음
2021-2025,2020-00086,L2023-00053-1,WORKS,L2023-00053-1/Urgench VTC Bid Attachment Documents/Urgench VTC Bid Attachment Documents/Section 4.  Bill of Quantities(Not-Priced)/공내역서/VTC견적서/9 ТП(Transformers)/9-1 AC(Architecture+Structure)/13613_vrmu.xls,.xls,52224,dac492bc0da9304780f8cd01f3d5f4471428e5935002eef499f872bcaa423196,1,1,,1,60,1,0,Лист1,visible,8,0.016666666666666666,B?,자동 표 신호는 최종 A/B로 승격하지 않음
2021-2025,2020-00086,L2023-00053-1,WORKS,L2023-00053-1/Urgench VTC Bid Attachment Documents/Urgench VTC Bid Attachment Documents/Section 4.  Bill of Quantities(Not-Priced)/공내역서/VTC견적서/9 ТП(Transformers)/9-1 AC(Architecture+Structure)/bv13610.xls,.xls,87552,9c3b233e7eee9e95f4d7e3a8fd06879e5232932fea0154ee2d2ca48539bf46ec,1,1,,0,0,0,0,,,0,0.0,BOQ_NAME_ONLY,자동 표 신호는 최종 A/B로 승격하지 않음
2021-2025,2020-00086,L2023-00053-1,WORKS,L2023-00053-1/Urgench VTC Bid Attachment Documents/Urgench VTC Bid Attachment Documents/Section 4.  Bill of Quantities(Not-Priced)/공내역서/VTC견적서/9 ТП(Transformers)/9-1 AC(Architecture+Structure)/13613_vfor.xls,.xls,43520,d44f0b5ecfc1065f05341153878714679026a9bf6545cc1f41a3b99d2fc64e82,1,1,,0,0,0,0,,,0,0.0,BOQ_NAME_ONLY,자동 표 신호는 최종 A/B로 승격하지 않음
2021-2025,2020-00086,L2023-00053-1,WORKS,L2023-00053-1/Urgench VTC Bid Attachment Documents/Urgench VTC Bid Attachment Documents/Section 4.  Bill of Quantities(Not-Priced)/공내역서/TTC견적서/TTC(Teacher Traing Center)/СВОДКА(TTC Total sum. o).xlsx,.xlsx,32243,18f7fed124e549f8d045a52b65bfb032bfd797fb45093bfe24108488bd7f0010,1,1,,0,0,0,0,,,0,0.0,BOQ_NAME_ONLY,자동 표 신호는 최종 A/B로 승격하지 않음
2021-2025,2020-00086,L2023-00053-1,WORKS,L2023-00053-1/Urgench VTC Bid Attachment Documents/Urgench VTC Bid Attachment Documents/Section 4.  Bill of Quantities(Not-Priced)/공내역서/TTC견적서/TTC(Teacher Traing Center)/12 OB( Heating & Ventilation)/ra900.xlsx,.xlsx,25457,c0e7dba7fed37589ec6340137fd80e3748fc4e6f60d5a31a1732a90a20c89215,1,1,,1,145,0,0,ra_abc4,visible,8,0.0,B?,자동 표 신호는 최종 A/B로 승격하지 않음
2021-2025,2020-00086,L2023-00053-1,WORKS,L2023-00053-1/Urgench VTC Bid Attachment Documents/Urgench VTC Bid Attachment Documents/Section 4.  Bill of Quantities(Not-Priced)/공내역서/TTC견적서/TTC(Teacher Traing Center)/12 OB( Heating & Ventilation)/bv900.xlsx,.xlsx,57114,6ecb37ae086780f16e98b30e7632769c400d862e9e881341019571e4635cfe62,1,1,,1,583,0,0,_ЛРВ,visible,9,0.0,B?,자동 표 신호는 최종 A/B로 승격하지 않음
2021-2025,2020-00086,L2023-00053-1,WORKS,L2023-00053-1/Urgench VTC Bid Attachment Documents/Urgench VTC Bid Attachment Documents/Section 4.  Bill of Quantities(Not-Priced)/공내역서/TTC견적서/TTC(Teacher Traing Center)/10 СКС(Network)/ra880.xlsx,.xlsx,18030,199cd0082bbab1b40761e3488c1f1d8640ea614526e9e2299473c945cad04b3c,1,1,,1,46,0,0,ra_abc4,visible,8,0.0,B?,자동 표 신호는 최종 A/B로 승격하지 않음
2021-2025,2020-00086,L2023-00053-1,WORKS,L2023-00053-1/Urgench VTC Bid Attachment Documents/Urgench VTC Bid Attachment Documents/Section 4.  Bill of Quantities(Not-Priced)/공내역서/TTC견적서/TTC(Teacher Traing Center)/10 СКС(Network)/bv880.xlsx,.xlsx,18727,7dbc22ca005e0e4c226c79d089e7a86d1cf9d86c5ce303f40f114936328702ea,1,1,,1,72,0,0,_ЛРВ,visible,9,0.0,B?,자동 표 신호는 최종 A/B로 승격하지 않음
2021-2025,2020-00086,L2023-00053-1,WORKS,L2023-00053-1/Urgench VTC Bid Attachment Documents/Urgench VTC Bid Attachment Documents/Section 4.  Bill of Quantities(Not-Priced)/공내역서/TTC견적서/TTC(Teacher Traing Center)/9 ЭО(Electric)/bv870.xlsx,.xlsx,24024,590053cdfd59adba7a4b5f88ecdf76f97cfb3c4d11e98da39322368216c48da9,1,1,,1,135,0,0,_ЛРВ,visible,9,0.0,B?,자동 표 신호는 최종 A/B로 승격하지 않음
2021-2025,2020-00086,L2023-00053-1,WORKS,L2023-00053-1/Urgench VTC Bid Attachment Documents/Urgench VTC Bid Attachment Documents/Section 4.  Bill of Quantities(Not-Priced)/공내역서/TTC견적서/TTC(Teacher Traing Center)/9 ЭО(Electric)/ra870.xlsx,.xlsx,17554,86bcd13f1e122deed0898b8d011d1d581353131e0abde33c435654236fba8f3e,1,1,,1,44,0,0,ra_abc4,visible,8,0.0,B?,자동 표 신호는 최종 A/B로 승격하지 않음
2021-2025,2020-00086,L2023-00053-1,WORKS,L2023-00053-1/Urgench VTC Bid Attachment Documents/Urgench VTC Bid Attachment Documents/Section 4.  Bill of Quantities(Not-Priced)/공내역서/TTC견적서/TTC(Teacher Traing Center)/2 АР(Architecture)/ra3030.xlsx,.xlsx,27171,1ab32257b417f35173d37ca063d6c865481a2c4e20984dbfcccad7ba6691eea3,1,1,,1,142,0,0,ra_abc4,visible,10,0.0,B?,자동 표 신호는 최종 A/B로 승격하지 않음
2021-2025,2020-00086,L2023-00053-1,WORKS,L2023-00053-1/Urgench VTC Bid Attachment Documents/Urgench VTC Bid Attachment Documents/Section 4.  Bill of Quantities(Not-Priced)/공내역서/TTC견적서/TTC(Teacher Traing Center)/2 АР(Architecture)/bv3030.xlsx,.xlsx,84434,fe7024582a9e7a27577e95f0b5c83b062807ddf1c456cf8c97eea3f47349b1f3,1,1,,1,720,0,0,_ЛРВ,visible,10,0.0,B?,자동 표 신호는 최종 A/B로 승격하지 않음
2021-2025,2020-00086,L2023-00053-1,WORKS,L2023-00053-1/Urgench VTC Bid Attachment Documents/Urgench VTC Bid Attachment Documents/Section 4.  Bill of Quantities(Not-Priced)/공내역서/TTC견적서/TTC(Teacher Traing Center)/7 CO(Suond)/ra3050.xlsx,.xlsx,16144,3cf45bc9f2d27c43f48e134d2bfd9e01b5da1619124aac33d045fbd062047f42,1,1,,1,26,0,0,ra_abc4,visible,11,0.0,B?,자동 표 신호는 최종 A/B로 승격하지 않음
2021-2025,2020-00086,L2023-00053-1,WORKS,L2023-00053-1/Urgench VTC Bid Attachment Documents/Urgench VTC Bid Attachment Documents/Section 4.  Bill of Quantities(Not-Priced)/공내역서/TTC견적서/TTC(Teacher Traing Center)/7 CO(Suond)/bv3050.xlsx,.xlsx,19167,d8736b6fb22ca90bb5af5c298fc86e1ee24f5e86a706ccd04c842123ad6d6659,1,1,,1,47,0,0,_ЛРВ,visible,10,0.0,B?,자동 표 신호는 최종 A/B로 승격하지 않음
2021-2025,2020-00086,L2023-00053-1,WORKS,L2023-00053-1/Urgench VTC Bid Attachment Documents/Urgench VTC Bid Attachment Documents/Section 4.  Bill of Quantities(Not-Priced)/공내역서/TTC견적서/TTC(Teacher Traing Center)/6 BH(CCTV)/bv3040.xlsx,.xlsx,17421,c087a01a7f5ee8bc03972781ebf3fd9e8b22b9403edf8c1afc5f58ba62cd9347,1,1,,1,41,0,0,_ЛРВ,visible,10,0.0,B?,자동 표 신호는 최종 A/B로 승격하지 않음
2021-2025,2020-00086,L2023-00053-1,WORKS,L2023-00053-1/Urgench VTC Bid Attachment Documents/Urgench VTC Bid Attachment Documents/Section 4.  Bill of Quantities(Not-Priced)/공내역서/TTC견적서/TTC(Teacher Traing Center)/6 BH(CCTV)/ra3040.xlsx,.xlsx,15692,f5e37918a701d900c3b2bbe9e1043f237d948b3b8b8e292ed0b3f2ded32bfeef,1,1,,1,21,0,0,ra_abc4,visible,11,0.0,B?,자동 표 신호는 최종 A/B로 승격하지 않음
2021-2025,2020-00086,L2023-00053-1,WORKS,L2023-00053-1/Urgench VTC Bid Attachment Documents/Urgench VTC Bid Attachment Documents/Section 4.  Bill of Quantities(Not-Priced)/공내역서/TTC견적서/TTC(Teacher Traing Center)/3 ГП(Site Plan & Landscape+Outdoor Infra)/bv3060.xlsx,.xlsx,27660,d38cd3ff2234cd84ccd1adff4d2959195030ae5e3712b8ec0eff324533322e0f,1,1,,1,119,0,0,_ЛРВ,visible,10,0.0,B?,자동 표 신호는 최종 A/B로 승격하지 않음
2021-2025,2020-00086,L2023-00053-1,WORKS,L2023-00053-1/Urgench VTC Bid Attachment Documents/Urgench VTC Bid Attachment Documents/Section 4.  Bill of Quantities(Not-Priced)/공내역서/TTC견적서/TTC(Teacher Traing Center)/3 ГП(Site Plan & Landscape+Outdoor Infra)/ra3060.xlsx,.xlsx,18388,7d07a0c0b1035748d075950f03fed1b0792f6c426640217f52f3e44a82850c98,1,1,,1,47,0,0,ra_abc4,visible,11,0.0,B?,자동 표 신호는 최종 A/B로 승격하지 않음
2021-2025,2020-00086,L2023-00053-1,WORKS,L2023-00053-1/Urgench VTC Bid Attachment Documents/Urgench VTC Bid Attachment Documents/Section 4.  Bill of Quantities(Not-Priced)/공내역서/TTC견적서/TTC(Teacher Traing Center)/11 ПС(Fire Alarm)/ra890.xlsx,.xlsx,16065,d8b2c9b85f45400cc7d8c27f259fa0c5b3e76d1b545bb75354989dbb43135b4d,1,1,,1,26,0,0,ra_abc4,visible,8,0.0,B?,자동 표 신호는 최종 A/B로 승격하지 않음
2021-2025,2020-00086,L2023-00053-1,WORKS,L2023-00053-1/Urgench VTC Bid Attachment Documents/Urgench VTC Bid Attachment Documents/Section 4.  Bill of Quantities(Not-Priced)/공내역서/TTC견적서/TTC(Teacher Traing Center)/11 ПС(Fire Alarm)/bv890.xlsx,.xlsx,16239,8129ceac07201b1e597cc0f6a8cb95da3e9b128c6c78d846cc24a60a01eda92a,1,1,,1,50,0,0,_ЛРВ,visible,9,0.0,B?,자동 표 신호는 최종 A/B로 승격하지 않음
2021-2025,2020-00086,L2023-00053-1,WORKS,L2023-00053-1/Urgench VTC Bid Attachment Documents/Urgench VTC Bid Attachment Documents/Section 4.  Bill of Quantities(Not-Priced)/공내역서/TTC견적서/TTC(Teacher Traing Center)/8 TX(Technology)/ra1980.xlsx,.xlsx,20617,622bb79188a8c68bb6c3ee2ce4251459a88c3c64cd720cfe0775331285385fe3,1,1,,1,73,0,0,ra_abc4,visible,10,0.0,B?,자동 표 신호는 최종 A/B로 승격하지 않음
2021-2025,2020-00086,L2023-00053-1,WORKS,L2023-00053-1/Urgench VTC Bid Attachment Documents/Urgench VTC Bid Attachment Documents/Section 4.  Bill of Quantities(Not-Priced)/공내역서/TTC견적서/TTC(Teacher Traing Center)/8 TX(Technology)/bv1980.xlsx,.xlsx,26757,658f831982ac98d8cfbab1681ad4e3120d4258ebd2fe84176ecd04c364fd7c9f,1,1,,1,122,0,0,_ЛРВ,visible,10,0.0,B?,자동 표 신호는 최종 A/B로 승격하지 않음
2021-2025,2020-00086,L2023-00053-1,WORKS,L2023-00053-1/Urgench VTC Bid Attachment Documents/Urgench VTC Bid Attachment Documents/Section 4.  Bill of Quantities(Not-Priced)/공내역서/TTC견적서/TTC(Teacher Traing Center)/1 КЖ(Structure)/bv1960bvvv.xlsx,.xlsx,182869,e5c99030dcc522bfbec53f93e2065da4eb585f95ef5433d19a6f5060946eda14,1,1,,1,1896,0,0,_ЛРВ,visible,9,0.0,B?,자동 표 신호는 최종 A/B로 승격하지 않음
2021-2025,2020-00086,L2023-00053-1,WORKS,L2023-00053-1/Urgench VTC Bid Attachment Documents/Urgench VTC Bid Attachment Documents/Section 4.  Bill of Quantities(Not-Priced)/공내역서/TTC견적서/TTC(Teacher Traing Center)/1 КЖ(Structure)/ra1960.xlsx,.xlsx,22697,1df141d69100814db5f9704fbd37ab0da50fd60867b7be892d994f292bba0530,1,1,,1,93,0,0,ra_abc4,visible,10,0.0,B?,자동 표 신호는 최종 A/B로 승격하지 않음
2021-2025,2020-00086,L2023-00053-1,WORKS,L2023-00053-1/Urgench VTC Bid Attachment Documents/Urgench VTC Bid Attachment Documents/Section 4.  Bill of Quantities(Not-Priced)/공내역서/TTC견적서/TTC(Teacher Traing Center)/4 Fence & Gate/ra1970.xlsx,.xlsx,17488,2ce08b34a8bc5b4c30202b96999f24f8b8143955bb33db40aa4a9b418396dc3e,1,1,,1,47,0,0,ra_abc4,visible,10,0.0,B?,자동 표 신호는 최종 A/B로 승격하지 않음
2021-2025,2020-00086,L2023-00053-1,WORKS,L2023-00053-1/Urgench VTC Bid Attachment Documents/Urgench VTC Bid Attachment Documents/Section 4.  Bill of Quantities(Not-Priced)/공내역서/TTC견적서/TTC(Teacher Traing Center)/4 Fence & Gate/bv1970.xlsx,.xlsx,31247,72f147bedce1773ad4eb4cb1322cdb8560daad6b74664382be38ab6b252391e8,1,1,,1,160,0,0,_ЛРВ,visible,10,0.0,B?,자동 표 신호는 최종 A/B로 승격하지 않음
2021-2025,2020-00086,L2023-00053-1,WORKS,L2023-00053-1/Urgench VTC Bid Attachment Documents/Urgench VTC Bid Attachment Documents/Section 4.  Bill of Quantities(Not-Priced)/공내역서/TTC견적서/TTC(Teacher Traing Center)/5 BK(Water & Drain)/ra3070.xlsx,.xlsx,25278,fd300044379245c1d80d88ba74fe1633f3b5207511979bfda5b2a1dcd3740796,1,1,,1,129,0,0,ra_abc4,visible,11,0.0,B?,자동 표 신호는 최종 A/B로 승격하지 않음
2021-2025,2020-00086,L2023-00053-1,WORKS,L2023-00053-1/Urgench VTC Bid Attachment Documents/Urgench VTC Bid Attachment Documents/Section 4.  Bill of Quantities(Not-Priced)/공내역서/TTC견적서/TTC(Teacher Traing Center)/5 BK(Water & Drain)/bv3070.xlsx,.xlsx,49531,6acc573f07036eef8ca050dcd24be3037151b90e25f2d5c5ee04ffd429ce3bd4,1,1,,1,351,0,0,_ЛРВ,visible,10,0.0,B?,자동 표 신호는 최종 A/B로 승격하지 않음
2021-2025,2020-00086,L2023-00053-1,WORKS,L2023-00053-1/Urgench VTC Bid Attachment Documents/Urgench VTC Bid Attachment Documents/Section 4.  Bill of Quantities(Not-Priced)/공내역서/TTC견적서/TTC(Teacher Traing Center)/13 ТП(Transformers)/13-2 ЭО(Electric)/bv13620.xls,.xls,41984,7e8bd22f2ccb96108964380fcbdbcd8324c2a0724a07718109c2bb550faa2db3,1,1,,1,20,1,0,Лист1,visible,10,0.05,B?,자동 표 신호는 최종 A/B로 승격하지 않음
2021-2025,2020-00086,L2023-00053-1,WORKS,L2023-00053-1/Urgench VTC Bid Attachment Documents/Urgench VTC Bid Attachment Documents/Section 4.  Bill of Quantities(Not-Priced)/공내역서/TTC견적서/TTC(Teacher Traing Center)/13 ТП(Transformers)/13-2 ЭО(Electric)/ra13620.xls,.xls,65024,5a96dab71fd5d42b3c00fe59751a4460f6fc39aa8bf201852715f2b9b272d1d5,1,1,,0,0,0,0,,,0,0.0,BOQ_NAME_ONLY,자동 표 신호는 최종 A/B로 승격하지 않음
2021-2025,2020-00086,L2023-00053-1,WORKS,L2023-00053-1/Urgench VTC Bid Attachment Documents/Urgench VTC Bid Attachment Documents/Section 4.  Bill of Quantities(Not-Priced)/공내역서/TTC견적서/TTC(Teacher Traing Center)/13 ТП(Transformers)/13-1 AC(Architecture+Structure)/ra13610.xls,.xls,80896,2d4926fc91e958ec0627a1ae92e834125bb395be03f2a1749895e985115bbf2f,1,1,,0,0,0,0,,,0,0.0,BOQ_NAME_ONLY,자동 표 신호는 최종 A/B로 승격하지 않음
2021-2025,2020-00086,L2023-00053-1,WORKS,L2023-00053-1/Urgench VTC Bid Attachment Documents/Urgench VTC Bid Attachment Documents/Section 4.  Bill of Quantities(Not-Priced)/공내역서/TTC견적서/TTC(Teacher Traing Center)/13 ТП(Transformers)/13-1 AC(Architecture+Structure)/bv13610.xls,.xls,48640,6e059fc8e195c66ee541a50f09da94021c8a9f0d41e662173e8be5b9bd43b5a9,1,1,,1,53,1,0,Лист1,visible,10,0.018867924528301886,B?,자동 표 신호는 최종 A/B로 승격하지 않음
2021-2025,2020-00046,L2023-00032-1,NONBUILDING_OR_FALSE_AREA,L2023-00032-1/2. 입찰서류(영문)/Section 4 - Unpriced Bill of Quantities.xlsx,.xlsx,97554,37c01f5ce61faf4028bc8073e6cbc4aee56d442a0de2fd7d2b4f208ec01d246c,1,1,,4,113,0,0,BOQ_Total,visible,1,0.0,B?,자동 표 신호는 최종 A/B로 승격하지 않음
2021-2025,2020-00119,L2025-00071-1,WORKS,"L2025-00071-1/붙임2. 현지입찰(재공고입찰) 서류 및 계약서류(안)/IKHCC Section 4,5,6 BOQ, Drawing, Spec.docx",.docx,11941,aab74da4619bd3a8a368567d5620e0116eb9da42f75975717f485ef6a83a41b6,1,0,,0,0,0,0,,,,0.0,BOQ_NAME_ONLY,자동 표 신호는 최종 A/B로 승격하지 않음
2021-2025,2020-00119,L2025-00071-1,WORKS,L2025-00071-1/붙임2. 현지입찰(재공고입찰) 서류 및 계약서류(안)/IKHCC Section 4 - IKHCC BLANK BOQ 250903.Zip,.zip,7985148,41eb5e8df4f7ff512ab97dd9920db979fc6a54eed36365c0e00b4eb1a26f4f6b,1,1,,0,0,0,0,,,,0.0,BOQ_NAME_ONLY,자동 표 신호는 최종 A/B로 승격하지 않음
2021-2025,2020-00119,L2025-00071-1,WORKS,L2025-00071-1/붙임2. 현지입찰(재공고입찰) 서류 및 계약서류(안)/IKHCC Section 4 - IKHCC BLANK BOQ 250903/5. Blank bill Elec revised 250812/BLANK BILL-ELEC - B (MEP BUILDING).xlsm,.xlsm,501858,91dd2575abb4beee6373cfeec8125758dfdc79a1c61a375c7ca02a671198036f,1,1,,3,1476,782,1,일위을지,hidden,1,0.5298102981029811,A?,자동 표 신호는 최종 A/B로 승격하지 않음
2021-2025,2020-00119,L2025-00071-1,WORKS,L2025-00071-1/붙임2. 현지입찰(재공고입찰) 서류 및 계약서류(안)/IKHCC Section 4 - IKHCC BLANK BOQ 250903/5. Blank bill Elec revised 250812/BLANK BILL-ELEC - 0 (TOTAL).xlsm,.xlsm,526626,21096095d93be985d074b4a1e68330275ef71f2824b32410d598c7a1594b07f6,1,1,,3,1476,782,1,일위을지,hidden,1,0.5298102981029811,A?,자동 표 신호는 최종 A/B로 승격하지 않음
2021-2025,2020-00119,L2025-00071-1,WORKS,L2025-00071-1/붙임2. 현지입찰(재공고입찰) 서류 및 계약서류(안)/IKHCC Section 4 - IKHCC BLANK BOQ 250903/5. Blank bill Elec revised 250812/BLANK BILL-ELEC - A (HOSPITAL).xlsm,.xlsm,481577,33433bc4c641e89eb4c2ef46824bdc7e1a1d079f323f9d96823049336987ae6e,1,1,,3,1476,782,0,일위을지,hidden,1,0.5298102981029811,B?,자동 표 신호는 최종 A/B로 승격하지 않음
2021-2025,2020-00119,L2025-00071-1,WORKS,L2025-00071-1/붙임2. 현지입찰(재공고입찰) 서류 및 계약서류(안)/IKHCC Section 4 - IKHCC BLANK BOQ 250903/5. Blank bill Elec revised 250812/BLANK BILL-ELEC - C (BRIDGE).xlsm,.xlsm,528512,e9e9c097356f19ace92baa9eb41371ddaf6c4410bacb4fd4aeccd3016a75f597,1,1,,3,1476,782,1,일위을지,hidden,1,0.5298102981029811,A?,자동 표 신호는 최종 A/B로 승격하지 않음
2021-2025,2020-00119,L2025-00071-1,WORKS,L2025-00071-1/붙임2. 현지입찰(재공고입찰) 서류 및 계약서류(안)/IKHCC Section 4 - IKHCC BLANK BOQ 250903/3 CIVIL/BLANK BILL.CIVIL(HOSPITAL) .xls,.xls,81920,c0b0e1d857d357e06310785027eb14b6c6e3c28491c19fed4dfc9e3030f34ef2,1,1,,0,0,0,0,,,0,0.0,BOQ_NAME_ONLY,자동 표 신호는 최종 A/B로 승격하지 않음
2021-2025,2020-00119,L2025-00071-1,WORKS,L2025-00071-1/붙임2. 현지입찰(재공고입찰) 서류 및 계약서류(안)/IKHCC Section 4 - IKHCC BLANK BOQ 250903/3 CIVIL/BLANK BILL.CIVIL(PARKING LOT).xls,.xls,58368,33510cb6918366ccd2e38ca39a6fe6a3a14e1ad8a37570bc850277811837ef6a,1,1,,0,0,0,0,,,0,0.0,BOQ_NAME_ONLY,자동 표 신호는 최종 A/B로 승격하지 않음
2021-2025,2020-00119,L2025-00071-1,WORKS,L2025-00071-1/붙임2. 현지입찰(재공고입찰) 서류 및 계약서류(안)/IKHCC Section 4 - IKHCC BLANK BOQ 250903/3 CIVIL/BLANK BILL.CIVIL(BRIDGE)).xls,.xls,74240,7fbae1f3c71758b2f9dd4d91fc045323ea1864b4be9d2d301a2cbf63a5072570,1,1,,0,0,0,0,,,0,0.0,BOQ_NAME_ONLY,자동 표 신호는 최종 A/B로 승격하지 않음
2021-2025,2020-00119,L2025-00071-1,WORKS,L2025-00071-1/붙임2. 현지입찰(재공고입찰) 서류 및 계약서류(안)/IKHCC Section 4 - IKHCC BLANK BOQ 250903/3 CIVIL/BLANK BILL.CIVIL (MEP).xls,.xls,74240,1c50470f6121836494e92fb616d765f06e8b3bc5153b11a3c8540a29ac1ec615,1,1,,0,0,0,0,,,0,0.0,BOQ_NAME_ONLY,자동 표 신호는 최종 A/B로 승격하지 않음
2021-2025,2020-00119,L2025-00071-1,WORKS,L2025-00071-1/붙임2. 현지입찰(재공고입찰) 서류 및 계약서류(안)/IKHCC Section 4 - IKHCC BLANK BOQ 250903/8 Mob & Signage/BILL No8-2 Signages-blank.xlsx,.xlsx,31619,4421d3cb9982d35873aa1763a4a7b1ee4b0d235faaeed68ee92551a4fa1c803f,1,1,,1,6,0,0,Works particular bill,visible,1,0.0,B?,자동 표 신호는 최종 A/B로 승격하지 않음
2021-2025,2020-00119,L2025-00071-1,WORKS,L2025-00071-1/붙임2. 현지입찰(재공고입찰) 서류 및 계약서류(안)/IKHCC Section 4 - IKHCC BLANK BOQ 250903/8 Mob & Signage/BILL No8-1 -Mobilization Works-blank.xlsx,.xlsx,638347,95772272ef1568157e0f604c1bb0cae64d776ffaf2b58cf9d26e389a796bb67e,1,1,,1,34,0,0,Mobilization,visible,1,0.0,B?,자동 표 신호는 최종 A/B로 승격하지 않음
2021-2025,2020-00119,L2025-00071-1,WORKS,L2025-00071-1/붙임2. 현지입찰(재공고입찰) 서류 및 계약서류(안)/IKHCC Section 4 - IKHCC BLANK BOQ 250903/4 MECH/BLANK  BILL.MECH(TOTAL).xls,.xls,1402880,943c92d368e4e26e68ff2d5dc17a80fc0672c2766d586d3aa6c68578e0614040,1,1,,1,831,823,1,일위대가,hidden,1,0.9903730445246691,A?,자동 표 신호는 최종 A/B로 승격하지 않음
2021-2025,2020-00119,L2025-00071-1,WORKS,L2025-00071-1/붙임2. 현지입찰(재공고입찰) 서류 및 계약서류(안)/IKHCC Section 4 - IKHCC BLANK BOQ 250903/4 MECH/BLANK BILL.MECH(MEP).xls,.xls,1337344,2d0e5689227e4bbd2311904d4351ff0bca308e5b11c4d1d202496909acd5388c,1,1,,1,831,823,1,일위대가,hidden,1,0.9903730445246691,A?,자동 표 신호는 최종 A/B로 승격하지 않음
2021-2025,2020-00119,L2025-00071-1,WORKS,L2025-00071-1/붙임2. 현지입찰(재공고입찰) 서류 및 계약서류(안)/IKHCC Section 4 - IKHCC BLANK BOQ 250903/4 MECH/BLANK BILL.MECH(HOSPITAL).xls,.xls,1235968,8720d754cc3e986be036e1cfdef45baf74559f7549f20d481b8bac23e8336af7,1,1,,1,831,823,1,일위대가,hidden,1,0.9903730445246691,A?,자동 표 신호는 최종 A/B로 승격하지 않음
2021-2025,2020-00119,L2025-00071-1,WORKS,L2025-00071-1/붙임2. 현지입찰(재공고입찰) 서류 및 계약서류(안)/IKHCC Section 4 - IKHCC BLANK BOQ 250903/4 MECH/BLANK BILL.MECH(BRIDGE).xls,.xls,1424896,b61e26e6dff7092b2fe58420cc843f0e7722f7a0335f7bcb6684128a02b6ec16,1,1,,1,831,823,1,일위대가,hidden,1,0.9903730445246691,A?,자동 표 신호는 최종 A/B로 승격하지 않음
2021-2025,2020-00119,L2025-00071-1,WORKS,L2025-00071-1/붙임2. 현지입찰(재공고입찰) 서류 및 계약서류(안)/IKHCC Section 4 - IKHCC BLANK BOQ 250903/1 Architectural & summery/BILL No1 -Architectural Works-01. HOSPITAL(BLANK BILL).xlsx,.xlsx,677921,47d79c95e2c3273f84778935276c94526e369cc1b1bc057f6b03c998f44e253f,1,1,,2,377,0,0,Works particular bill,visible,1,0.0,B?,자동 표 신호는 최종 A/B로 승격하지 않음
2021-2025,2020-00119,L2025-00071-1,WORKS,L2025-00071-1/붙임2. 현지입찰(재공고입찰) 서류 및 계약서류(안)/IKHCC Section 4 - IKHCC BLANK BOQ 250903/1 Architectural & summery/BILL No1 -Architectural Works-03. BRIDGE(BLANK BILL).xlsx,.xlsx,643812,9af2b1263622fb9487fbf8ea97b31ead65763962f1c58d657985557a58983e83,1,1,,2,48,0,0,Works particular bill,visible,1,0.0,B?,자동 표 신호는 최종 A/B로 승격하지 않음
2021-2025,2020-00119,L2025-00071-1,WORKS,L2025-00071-1/붙임2. 현지입찰(재공고입찰) 서류 및 계약서류(안)/IKHCC Section 4 - IKHCC BLANK BOQ 250903/1 Architectural & summery/BILL No1 -Architectural Works-02. MEP BUILDING(BLANK BILL).xlsx,.xlsx,670008,e882c3f7b2c691fc22ee6ee99fba87f9ca830eb3c133892b8c8800d7d02e97cb,1,1,,2,149,0,0,Works particular bill,visible,1,0.0,B?,자동 표 신호는 최종 A/B로 승격하지 않음
2021-2025,2020-00119,L2025-00071-1,WORKS,L2025-00071-1/붙임2. 현지입찰(재공고입찰) 서류 및 계약서류(안)/IKHCC Section 4 - IKHCC BLANK BOQ 250903/1 Architectural & summery/Bill _Total Cost Summary-Blank 250306.xlsx,.xlsx,636201,91332400de69e34ae40026af2416f1b516644fe7da6004e86983efa25e049eac,1,1,,0,0,0,0,,,0,0.0,BOQ_NAME_ONLY,자동 표 신호는 최종 A/B로 승격하지 않음
2021-2025,2020-00119,L2025-00071-1,WORKS,L2025-00071-1/붙임2. 현지입찰(재공고입찰) 서류 및 계약서류(안)/IKHCC Section 4 - IKHCC BLANK BOQ 250903/6.Blank bill Comm revised 250812/BLANK BILL-COMMUN - 0 (TOTAL).xlsm,.xlsm,326212,531209bc36fd5556f27cda100673dc9536c73b02d3f9bf7a6a89f35435375b14,1,1,,3,826,479,1,일위을지,hidden,1,0.5799031476997578,A?,자동 표 신호는 최종 A/B로 승격하지 않음
2021-2025,2020-00119,L2025-00071-1,WORKS,L2025-00071-1/붙임2. 현지입찰(재공고입찰) 서류 및 계약서류(안)/IKHCC Section 4 - IKHCC BLANK BOQ 250903/6.Blank bill Comm revised 250812/BLANK BILL-COMMUN - C (BRIDGE).xlsm,.xlsm,330971,40e1a242e8e22894db16ff02bc88da5a0378a15809bb07beacad2f113b644167,1,1,,3,826,479,1,일위을지,hidden,1,0.5799031476997578,A?,자동 표 신호는 최종 A/B로 승격하지 않음
2021-2025,2020-00119,L2025-00071-1,WORKS,L2025-00071-1/붙임2. 현지입찰(재공고입찰) 서류 및 계약서류(안)/IKHCC Section 4 - IKHCC BLANK BOQ 250903/6.Blank bill Comm revised 250812/BLANK BILL-COMMUN - B (MEP BUILDING).xlsm,.xlsm,326315,3578e3ca6d1f3136990f2e12009056b0b070e80a5e53b0f0746f3c42e9dc0f79,1,1,,3,826,479,1,일위을지,hidden,1,0.5799031476997578,A?,자동 표 신호는 최종 A/B로 승격하지 않음
2021-2025,2020-00119,L2025-00071-1,WORKS,L2025-00071-1/붙임2. 현지입찰(재공고입찰) 서류 및 계약서류(안)/IKHCC Section 4 - IKHCC BLANK BOQ 250903/6.Blank bill Comm revised 250812/BLANK BILL-COMMUN - A (HOSPITAL).xlsm,.xlsm,289659,e77a6c920e625055518141f190d459882c70792f382551359dd5293c03a7a322,1,1,,3,826,479,0,일위을지,hidden,1,0.5799031476997578,B?,자동 표 신호는 최종 A/B로 승격하지 않음
2021-2025,2020-00119,L2025-00071-1,WORKS,L2025-00071-1/붙임2. 현지입찰(재공고입찰) 서류 및 계약서류(안)/IKHCC Section 4 - IKHCC BLANK BOQ 250903/2 Land/BILL No2-LAND-blank.xlsx,.xlsx,61604,c1bc5d70f7890380284bc1ac52db2ebd9027a588f1855aab191d262d2d5e98ba,1,1,,0,0,0,0,,,0,0.0,BOQ_NAME_ONLY,자동 표 신호는 최종 A/B로 승격하지 않음
2021-2025,2020-00119,L2025-00071-1,WORKS,L2025-00071-1/붙임2. 현지입찰(재공고입찰) 서류 및 계약서류(안)/IKHCC Section 4 - IKHCC BLANK BOQ 250903/7. Blank bill Firefighting revised 250811/FIREFIGHTING_ELEC/BLANK BILL-FIRE FIGHTING ELEC - 0 (TOTAL).xlsm,.xlsm,107555,83f64c03b3ed36d32e44a5a855a050c75a9fdca09e13d0409d4bbfc481a02d66,1,1,,3,250,86,0,일위을지,hidden,1,0.0,B?,자동 표 신호는 최종 A/B로 승격하지 않음
2021-2025,2020-00119,L2025-00071-1,WORKS,L2025-00071-1/붙임2. 현지입찰(재공고입찰) 서류 및 계약서류(안)/IKHCC Section 4 - IKHCC BLANK BOQ 250903/7. Blank bill Firefighting revised 250811/FIREFIGHTING_ELEC/BLANK BILL-FIRE FIGHTING ELEC - C (BRIDGE).xlsm,.xlsm,108291,a66b56e34694551d25d1c71e5d21cdd34ef6cdc5d1fe9913d7a8fdd2168407ed,1,1,,3,250,75,0,일위을지,hidden,1,0.0,B?,자동 표 신호는 최종 A/B로 승격하지 않음
2021-2025,2020-00119,L2025-00071-1,WORKS,L2025-00071-1/붙임2. 현지입찰(재공고입찰) 서류 및 계약서류(안)/IKHCC Section 4 - IKHCC BLANK BOQ 250903/7. Blank bill Firefighting revised 250811/FIREFIGHTING_ELEC/BLANK BILL-FIRE FIGHTING ELEC - B (MEP BUILDING).xlsm,.xlsm,105175,21ba91bb3b87cc4a3fbb83a64a4685c946ad254bee1449d1f253a46e3fbf8544,1,1,,3,250,51,0,일위을지,hidden,1,0.0,B?,자동 표 신호는 최종 A/B로 승격하지 않음
2021-2025,2020-00119,L2025-00071-1,WORKS,L2025-00071-1/붙임2. 현지입찰(재공고입찰) 서류 및 계약서류(안)/IKHCC Section 4 - IKHCC BLANK BOQ 250903/7. Blank bill Firefighting revised 250811/FIREFIGHTING_ELEC/BLANK BILL-FIRE FIGHTING ELEC - A (HOSPITAL).xlsm,.xlsm,105228,9ffa9d47d2ec91c02914ee0d70e0bb54b361f4e85b738b4d24ed32dc1887b98a,1,1,,3,250,46,0,일위을지,hidden,1,0.0,B?,자동 표 신호는 최종 A/B로 승격하지 않음
2021-2025,2020-00119,L2025-00071-1,WORKS,L2025-00071-1/붙임2. 현지입찰(재공고입찰) 서류 및 계약서류(안)/IKHCC Section 4 - IKHCC BLANK BOQ 250903/7. Blank bill Firefighting revised 250811/Fire fighting - Mech revised 250812/BLANK BILL.FIREFIGHTING MECH (TOTAL) revised 250812.xls,.xls,342528,b86f9e7d916e329fa492ae9cc76913ba3ae04e606ab3dd8fc8f2491cad9cfcf4,1,1,,1,195,195,1,일위대가,hidden,1,1.0,A?,자동 표 신호는 최종 A/B로 승격하지 않음
2021-2025,2020-00119,L2025-00071-1,WORKS,L2025-00071-1/붙임2. 현지입찰(재공고입찰) 서류 및 계약서류(안)/IKHCC Section 4 - IKHCC BLANK BOQ 250903/7. Blank bill Firefighting revised 250811/Fire fighting - Mech revised 250812/BLANK BILL. FIREFIGHTING MECH (HOSPITAL) revised 250812.xls,.xls,327168,1bce2eb84aabd6f325628ec262acfed2e1741993139ba7d051d86b605fce68c2,1,1,,1,195,195,1,일위대가,hidden,1,1.0,A?,자동 표 신호는 최종 A/B로 승격하지 않음
2021-2025,2020-00119,L2025-00071-1,WORKS,L2025-00071-1/붙임2. 현지입찰(재공고입찰) 서류 및 계약서류(안)/IKHCC Section 4 - IKHCC BLANK BOQ 250903/7. Blank bill Firefighting revised 250811/Fire fighting - Mech revised 250812/BLANK BILL. FIRFEIGHTING MECH(MEP BUILDING) revised 250812.xls,.xls,324096,bfa53a58df75fc8fcf1655e49ee0157f687c1027acd02cdd85a11035db84447a,1,1,,1,195,195,1,일위대가,hidden,1,1.0,A?,자동 표 신호는 최종 A/B로 승격하지 않음
2021-2025,2013-00064,L2025-00012-2,WORKS,L2025-00012-2/(붙임2) 입찰 관련 부속서류/Q-Lab_Chacala_Bidding Doc/Section 4. Q-Lab_Chacala_BOQ_blanked/G LAND SCAPE.xls,.xls,1558528,ece87bec3c596a52b49808e23eaf8b7452691f478f3458db783f7a5925cc41dc,0,1,,0,0,0,0,,,0,0.0,NONE,자동 표 신호는 최종 A/B로 승격하지 않음
2021-2025,2013-00064,L2025-00012-2,WORKS,L2025-00012-2/(붙임2) 입찰 관련 부속서류/Q-Lab_Chacala_Bidding Doc/Section 4. Q-Lab_Chacala_BOQ_blanked/A3 EM STRUCTURE.xls,.xls,1427456,be4eb3ffac3c73f6eaf90474e2eddf0a2ffa149db63a257d36852c3adf6f913f,0,1,,0,0,0,0,,,0,0.0,NONE,자동 표 신호는 최종 A/B로 승격하지 않음
2021-2025,2013-00064,L2025-00012-2,WORKS,L2025-00012-2/(붙임2) 입찰 관련 부속서류/Q-Lab_Chacala_Bidding Doc/Section 4. Q-Lab_Chacala_BOQ_blanked/F HYDRO SANITARY SYSTEM.xlsx,.xlsx,2229362,6b11639d6fabaaa1823187ee5ba99fb4622ca894447107d8a88e8e14f09fefc9,0,1,,2,191,0,0,Computos Métricos Quinoa,visible,1,0.0,B?,자동 표 신호는 최종 A/B로 승격하지 않음
2021-2025,2013-00064,L2025-00012-2,WORKS,L2025-00012-2/(붙임2) 입찰 관련 부속서류/Q-Lab_Chacala_Bidding Doc/Section 4. Q-Lab_Chacala_BOQ_blanked/A1 ARCHITECTURE CHACALA.xlsx,.xlsx,779128,73623a71fe2a23883e5a998378b9fe9efc5451758aa4e066764c5555dda545a2,0,1,,1,28,0,0,PPTO-8 CHACALA,visible,13,0.0,B?,자동 표 신호는 최종 A/B로 승격하지 않음
2021-2025,2013-00064,L2025-00012-2,WORKS,L2025-00012-2/(붙임2) 입찰 관련 부속서류/Q-Lab_Chacala_Bidding Doc/Section 4. Q-Lab_Chacala_BOQ_blanked/B ELECTRIC SYSTEM.xlsx,.xlsx,109607,bc94e7a90dea8f9eecbdcfcf1792adf3d6d226fcfbf55c2e1a88c9df8fb25de3,0,1,,6,18,0,0,TDG-H,visible,16,0.0,B?,자동 표 신호는 최종 A/B로 승격하지 않음
2021-2025,2013-00064,L2025-00012-2,WORKS,L2025-00012-2/(붙임2) 입찰 관련 부속서류/Q-Lab_Chacala_Bidding Doc/Section 4. Q-Lab_Chacala_BOQ_blanked/A2 HA STRUCTURE.xls,.xls,1555456,335205a7ceb9965c6a3103b7052311eb56ae166668d1280f0de1e9c5d3686807,0,1,,0,0,0,0,,,0,0.0,NONE,자동 표 신호는 최종 A/B로 승격하지 않음
2021-2025,2020-00024,L2025-00019-1,NONBUILDING_OR_FALSE_AREA,L2025-00019-1/3. 입찰 관련 자료/3. 입찰 관련 자료/4-1. 아사이만 BoQ 양식.xlsx,.xlsx,326589,7a03f4f6a9c960d68e788ae0b5892c16ac10c64655e2eadbf2efaad3428cb1a7,1,0,,2,117,0,0,Ashaiman B.O.Q,visible,1,0.0,B?,자동 표 신호는 최종 A/B로 승격하지 않음
2021-2025,2020-00024,L2025-00019-1,NONBUILDING_OR_FALSE_AREA,L2025-00019-1/3. 입찰 관련 자료/3. 입찰 관련 자료/4-2. 아베이면 BoQ 양식.xlsx,.xlsx,109453,77171190a092d335de43aa08ed3f8bbbf5a973949294b7a02100ea983d5490d7,1,0,,2,149,0,0,Aveyime BOQ ,visible,1,0.0,B?,자동 표 신호는 최종 A/B로 승격하지 않음
2021-2025,2020-00104,L2021-00012-1,DESIGN_OR_SUPERVISION_SERVICE,L2021-00012-1/Bid Documents for Distribution_PKNC final/Attachment 6. List of Bid Documents_0429.xlsx,.xlsx,13259,3a3f45f8837342f22bc9c75a6d44bd23f0292c95d34dcda79e94bbf962172fb0,0,0,,0,0,0,0,,,,0.0,NONE,자동 표 신호는 최종 A/B로 승격하지 않음
2021-2025,2020-00104,L2022-00034-1,WORKS,L2022-00034-1/2. 영양교육센터 설립사업 입찰관련 서류/Attachment 6. Checklist of Bid Documents.xlsx,.xlsx,14447,84ed30ab56d1f4e6ddba3588a76cbdba02ce779ebabe43042f7310b512ce0246,0,0,,0,0,0,0,,,,0.0,NONE,자동 표 신호는 최종 A/B로 승격하지 않음
2021-2025,2020-00104,L2022-00034-1,WORKS,L2022-00034-1/2. 영양교육센터 설립사업 입찰관련 서류/Chapter 2. BID BOQs.xlsx,.xlsx,144458,ef2019f3b9ac1781f15e90f1cd06bb405e7e09f6e5689d2fc1ea350c20cf8f69,0,0,,6,180,0,0,Architectural Works,visible,2,0.0,B?,자동 표 신호는 최종 A/B로 승격하지 않음
2021-2025,2020-00104,L2022-00034-1,WORKS,L2022-00034-1/2. 영양교육센터 설립사업 입찰관련 서류/Attachment 1-2. Checklist of PQ Documents.xlsx,.xlsx,13688,edf0249b33cb76a73f00faaa68e43d2b30e873c3ab6d663ce070101f482f2741,0,0,,0,0,0,0,,,,0.0,NONE,자동 표 신호는 최종 A/B로 승격하지 않음
2021-2025,2020-00119,L2025-00085-1,WORKS,"L2025-00085-1/붙임2. 현지입찰(신규입찰) 서류 및 계약서류(안)/IKHCC Section 4,5,6 BOQ, Drawing, Spec.docx",.docx,11941,aab74da4619bd3a8a368567d5620e0116eb9da42f75975717f485ef6a83a41b6,1,0,,0,0,0,0,,,,0.0,BOQ_NAME_ONLY,자동 표 신호는 최종 A/B로 승격하지 않음
2021-2025,2020-00119,L2025-00085-1,WORKS,L2025-00085-1/붙임2. 현지입찰(신규입찰) 서류 및 계약서류(안)/IKHCC Section 4 - IKHCC BLANK BOQ 250903_최종.zip,.zip,7985017,d1fb3cd141e35125508d3af540e47f947a796eb26fb7150c4905876928a5fb10,1,1,,0,0,0,0,,,,0.0,BOQ_NAME_ONLY,자동 표 신호는 최종 A/B로 승격하지 않음
2021-2025,2020-00119,L2025-00085-1,WORKS,L2025-00085-1/붙임2. 현지입찰(신규입찰) 서류 및 계약서류(안)/IKHCC Section 4 - IKHCC BLANK BOQ 250903_최종/5. Blank bill Elec revised 250812/BLANK BILL-ELEC - B (MEP BUILDING).xlsm,.xlsm,501858,91dd2575abb4beee6373cfeec8125758dfdc79a1c61a375c7ca02a671198036f,1,1,,3,1476,782,1,일위을지,hidden,1,0.5298102981029811,A?,자동 표 신호는 최종 A/B로 승격하지 않음
2021-2025,2020-00119,L2025-00085-1,WORKS,L2025-00085-1/붙임2. 현지입찰(신규입찰) 서류 및 계약서류(안)/IKHCC Section 4 - IKHCC BLANK BOQ 250903_최종/5. Blank bill Elec revised 250812/BLANK BILL-ELEC - 0 (TOTAL).xlsm,.xlsm,526626,21096095d93be985d074b4a1e68330275ef71f2824b32410d598c7a1594b07f6,1,1,,3,1476,782,1,일위을지,hidden,1,0.5298102981029811,A?,자동 표 신호는 최종 A/B로 승격하지 않음
2021-2025,2020-00119,L2025-00085-1,WORKS,L2025-00085-1/붙임2. 현지입찰(신규입찰) 서류 및 계약서류(안)/IKHCC Section 4 - IKHCC BLANK BOQ 250903_최종/5. Blank bill Elec revised 250812/BLANK BILL-ELEC - A (HOSPITAL).xlsm,.xlsm,481577,33433bc4c641e89eb4c2ef46824bdc7e1a1d079f323f9d96823049336987ae6e,1,1,,3,1476,782,0,일위을지,hidden,1,0.5298102981029811,B?,자동 표 신호는 최종 A/B로 승격하지 않음
2021-2025,2020-00119,L2025-00085-1,WORKS,L2025-00085-1/붙임2. 현지입찰(신규입찰) 서류 및 계약서류(안)/IKHCC Section 4 - IKHCC BLANK BOQ 250903_최종/5. Blank bill Elec revised 250812/BLANK BILL-ELEC - C (BRIDGE).xlsm,.xlsm,528512,e9e9c097356f19ace92baa9eb41371ddaf6c4410bacb4fd4aeccd3016a75f597,1,1,,3,1476,782,1,일위을지,hidden,1,0.5298102981029811,A?,자동 표 신호는 최종 A/B로 승격하지 않음
2021-2025,2020-00119,L2025-00085-1,WORKS,L2025-00085-1/붙임2. 현지입찰(신규입찰) 서류 및 계약서류(안)/IKHCC Section 4 - IKHCC BLANK BOQ 250903_최종/3 CIVIL/BLANK BILL.CIVIL(HOSPITAL) .xls,.xls,81920,c0b0e1d857d357e06310785027eb14b6c6e3c28491c19fed4dfc9e3030f34ef2,1,1,,0,0,0,0,,,0,0.0,BOQ_NAME_ONLY,자동 표 신호는 최종 A/B로 승격하지 않음
2021-2025,2020-00119,L2025-00085-1,WORKS,L2025-00085-1/붙임2. 현지입찰(신규입찰) 서류 및 계약서류(안)/IKHCC Section 4 - IKHCC BLANK BOQ 250903_최종/3 CIVIL/BLANK BILL.CIVIL(PARKING LOT).xls,.xls,58368,33510cb6918366ccd2e38ca39a6fe6a3a14e1ad8a37570bc850277811837ef6a,1,1,,0,0,0,0,,,0,0.0,BOQ_NAME_ONLY,자동 표 신호는 최종 A/B로 승격하지 않음
2021-2025,2020-00119,L2025-00085-1,WORKS,L2025-00085-1/붙임2. 현지입찰(신규입찰) 서류 및 계약서류(안)/IKHCC Section 4 - IKHCC BLANK BOQ 250903_최종/3 CIVIL/BLANK BILL.CIVIL(BRIDGE)).xls,.xls,74240,7fbae1f3c71758b2f9dd4d91fc045323ea1864b4be9d2d301a2cbf63a5072570,1,1,,0,0,0,0,,,0,0.0,BOQ_NAME_ONLY,자동 표 신호는 최종 A/B로 승격하지 않음
2021-2025,2020-00119,L2025-00085-1,WORKS,L2025-00085-1/붙임2. 현지입찰(신규입찰) 서류 및 계약서류(안)/IKHCC Section 4 - IKHCC BLANK BOQ 250903_최종/3 CIVIL/BLANK BILL.CIVIL (MEP).xls,.xls,74240,1c50470f6121836494e92fb616d765f06e8b3bc5153b11a3c8540a29ac1ec615,1,1,,0,0,0,0,,,0,0.0,BOQ_NAME_ONLY,자동 표 신호는 최종 A/B로 승격하지 않음
2021-2025,2020-00119,L2025-00085-1,WORKS,L2025-00085-1/붙임2. 현지입찰(신규입찰) 서류 및 계약서류(안)/IKHCC Section 4 - IKHCC BLANK BOQ 250903_최종/8 Mob & Signage/BILL No8-2 Signages-blank.xlsx,.xlsx,31619,4421d3cb9982d35873aa1763a4a7b1ee4b0d235faaeed68ee92551a4fa1c803f,1,1,,1,6,0,0,Works particular bill,visible,1,0.0,B?,자동 표 신호는 최종 A/B로 승격하지 않음
2021-2025,2020-00119,L2025-00085-1,WORKS,L2025-00085-1/붙임2. 현지입찰(신규입찰) 서류 및 계약서류(안)/IKHCC Section 4 - IKHCC BLANK BOQ 250903_최종/8 Mob & Signage/BILL No8-1 -Mobilization Works-blank.xlsx,.xlsx,638347,95772272ef1568157e0f604c1bb0cae64d776ffaf2b58cf9d26e389a796bb67e,1,1,,1,34,0,0,Mobilization,visible,1,0.0,B?,자동 표 신호는 최종 A/B로 승격하지 않음
2021-2025,2020-00119,L2025-00085-1,WORKS,L2025-00085-1/붙임2. 현지입찰(신규입찰) 서류 및 계약서류(안)/IKHCC Section 4 - IKHCC BLANK BOQ 250903_최종/4 MECH/BLANK  BILL.MECH(TOTAL).xls,.xls,1402880,943c92d368e4e26e68ff2d5dc17a80fc0672c2766d586d3aa6c68578e0614040,1,1,,1,831,823,1,일위대가,hidden,1,0.9903730445246691,A?,자동 표 신호는 최종 A/B로 승격하지 않음
2021-2025,2020-00119,L2025-00085-1,WORKS,L2025-00085-1/붙임2. 현지입찰(신규입찰) 서류 및 계약서류(안)/IKHCC Section 4 - IKHCC BLANK BOQ 250903_최종/4 MECH/BLANK BILL.MECH(MEP).xls,.xls,1337344,2d0e5689227e4bbd2311904d4351ff0bca308e5b11c4d1d202496909acd5388c,1,1,,1,831,823,1,일위대가,hidden,1,0.9903730445246691,A?,자동 표 신호는 최종 A/B로 승격하지 않음
2021-2025,2020-00119,L2025-00085-1,WORKS,L2025-00085-1/붙임2. 현지입찰(신규입찰) 서류 및 계약서류(안)/IKHCC Section 4 - IKHCC BLANK BOQ 250903_최종/4 MECH/BLANK BILL.MECH(HOSPITAL).xls,.xls,1235968,8720d754cc3e986be036e1cfdef45baf74559f7549f20d481b8bac23e8336af7,1,1,,1,831,823,1,일위대가,hidden,1,0.9903730445246691,A?,자동 표 신호는 최종 A/B로 승격하지 않음
2021-2025,2020-00119,L2025-00085-1,WORKS,L2025-00085-1/붙임2. 현지입찰(신규입찰) 서류 및 계약서류(안)/IKHCC Section 4 - IKHCC BLANK BOQ 250903_최종/4 MECH/BLANK BILL.MECH(BRIDGE).xls,.xls,1424896,b61e26e6dff7092b2fe58420cc843f0e7722f7a0335f7bcb6684128a02b6ec16,1,1,,1,831,823,1,일위대가,hidden,1,0.9903730445246691,A?,자동 표 신호는 최종 A/B로 승격하지 않음
2021-2025,2020-00119,L2025-00085-1,WORKS,L2025-00085-1/붙임2. 현지입찰(신규입찰) 서류 및 계약서류(안)/IKHCC Section 4 - IKHCC BLANK BOQ 250903_최종/1 Architectural & summery/BILL No1 -Architectural Works-01. HOSPITAL(BLANK BILL).xlsx,.xlsx,677921,47d79c95e2c3273f84778935276c94526e369cc1b1bc057f6b03c998f44e253f,1,1,,2,377,0,0,Works particular bill,visible,1,0.0,B?,자동 표 신호는 최종 A/B로 승격하지 않음
2021-2025,2020-00119,L2025-00085-1,WORKS,L2025-00085-1/붙임2. 현지입찰(신규입찰) 서류 및 계약서류(안)/IKHCC Section 4 - IKHCC BLANK BOQ 250903_최종/1 Architectural & summery/BILL No1 -Architectural Works-03. BRIDGE(BLANK BILL).xlsx,.xlsx,643812,9af2b1263622fb9487fbf8ea97b31ead65763962f1c58d657985557a58983e83,1,1,,2,48,0,0,Works particular bill,visible,1,0.0,B?,자동 표 신호는 최종 A/B로 승격하지 않음
2021-2025,2020-00119,L2025-00085-1,WORKS,L2025-00085-1/붙임2. 현지입찰(신규입찰) 서류 및 계약서류(안)/IKHCC Section 4 - IKHCC BLANK BOQ 250903_최종/1 Architectural & summery/BILL No1 -Architectural Works-02. MEP BUILDING(BLANK BILL).xlsx,.xlsx,670008,e882c3f7b2c691fc22ee6ee99fba87f9ca830eb3c133892b8c8800d7d02e97cb,1,1,,2,149,0,0,Works particular bill,visible,1,0.0,B?,자동 표 신호는 최종 A/B로 승격하지 않음
2021-2025,2020-00119,L2025-00085-1,WORKS,L2025-00085-1/붙임2. 현지입찰(신규입찰) 서류 및 계약서류(안)/IKHCC Section 4 - IKHCC BLANK BOQ 250903_최종/1 Architectural & summery/Bill _Total Cost Summary-Blank 250306.xlsx,.xlsx,636201,91332400de69e34ae40026af2416f1b516644fe7da6004e86983efa25e049eac,1,1,,0,0,0,0,,,0,0.0,BOQ_NAME_ONLY,자동 표 신호는 최종 A/B로 승격하지 않음
2021-2025,2020-00119,L2025-00085-1,WORKS,L2025-00085-1/붙임2. 현지입찰(신규입찰) 서류 및 계약서류(안)/IKHCC Section 4 - IKHCC BLANK BOQ 250903_최종/6.Blank bill Comm revised 250812/BLANK BILL-COMMUN - 0 (TOTAL).xlsm,.xlsm,326212,531209bc36fd5556f27cda100673dc9536c73b02d3f9bf7a6a89f35435375b14,1,1,,3,826,479,1,일위을지,hidden,1,0.5799031476997578,A?,자동 표 신호는 최종 A/B로 승격하지 않음
2021-2025,2020-00119,L2025-00085-1,WORKS,L2025-00085-1/붙임2. 현지입찰(신규입찰) 서류 및 계약서류(안)/IKHCC Section 4 - IKHCC BLANK BOQ 250903_최종/6.Blank bill Comm revised 250812/BLANK BILL-COMMUN - C (BRIDGE).xlsm,.xlsm,330971,40e1a242e8e22894db16ff02bc88da5a0378a15809bb07beacad2f113b644167,1,1,,3,826,479,1,일위을지,hidden,1,0.5799031476997578,A?,자동 표 신호는 최종 A/B로 승격하지 않음
2021-2025,2020-00119,L2025-00085-1,WORKS,L2025-00085-1/붙임2. 현지입찰(신규입찰) 서류 및 계약서류(안)/IKHCC Section 4 - IKHCC BLANK BOQ 250903_최종/6.Blank bill Comm revised 250812/BLANK BILL-COMMUN - B (MEP BUILDING).xlsm,.xlsm,326315,3578e3ca6d1f3136990f2e12009056b0b070e80a5e53b0f0746f3c42e9dc0f79,1,1,,3,826,479,1,일위을지,hidden,1,0.5799031476997578,A?,자동 표 신호는 최종 A/B로 승격하지 않음
2021-2025,2020-00119,L2025-00085-1,WORKS,L2025-00085-1/붙임2. 현지입찰(신규입찰) 서류 및 계약서류(안)/IKHCC Section 4 - IKHCC BLANK BOQ 250903_최종/6.Blank bill Comm revised 250812/BLANK BILL-COMMUN - A (HOSPITAL).xlsm,.xlsm,289659,e77a6c920e625055518141f190d459882c70792f382551359dd5293c03a7a322,1,1,,3,826,479,0,일위을지,hidden,1,0.5799031476997578,B?,자동 표 신호는 최종 A/B로 승격하지 않음
2021-2025,2020-00119,L2025-00085-1,WORKS,L2025-00085-1/붙임2. 현지입찰(신규입찰) 서류 및 계약서류(안)/IKHCC Section 4 - IKHCC BLANK BOQ 250903_최종/2 Land/BILL No2-LAND-blank.xlsx,.xlsx,61604,c1bc5d70f7890380284bc1ac52db2ebd9027a588f1855aab191d262d2d5e98ba,1,1,,0,0,0,0,,,0,0.0,BOQ_NAME_ONLY,자동 표 신호는 최종 A/B로 승격하지 않음
2021-2025,2020-00119,L2025-00085-1,WORKS,L2025-00085-1/붙임2. 현지입찰(신규입찰) 서류 및 계약서류(안)/IKHCC Section 4 - IKHCC BLANK BOQ 250903_최종/7. Blank bill Firefighting revised 250811/FIREFIGHTING_ELEC/BLANK BILL-FIRE FIGHTING ELEC - 0 (TOTAL).xlsm,.xlsm,107555,83f64c03b3ed36d32e44a5a855a050c75a9fdca09e13d0409d4bbfc481a02d66,1,1,,3,250,86,0,일위을지,hidden,1,0.0,B?,자동 표 신호는 최종 A/B로 승격하지 않음
2021-2025,2020-00119,L2025-00085-1,WORKS,L2025-00085-1/붙임2. 현지입찰(신규입찰) 서류 및 계약서류(안)/IKHCC Section 4 - IKHCC BLANK BOQ 250903_최종/7. Blank bill Firefighting revised 250811/FIREFIGHTING_ELEC/BLANK BILL-FIRE FIGHTING ELEC - C (BRIDGE).xlsm,.xlsm,108291,a66b56e34694551d25d1c71e5d21cdd34ef6cdc5d1fe9913d7a8fdd2168407ed,1,1,,3,250,75,0,일위을지,hidden,1,0.0,B?,자동 표 신호는 최종 A/B로 승격하지 않음
2021-2025,2020-00119,L2025-00085-1,WORKS,L2025-00085-1/붙임2. 현지입찰(신규입찰) 서류 및 계약서류(안)/IKHCC Section 4 - IKHCC BLANK BOQ 250903_최종/7. Blank bill Firefighting revised 250811/FIREFIGHTING_ELEC/BLANK BILL-FIRE FIGHTING ELEC - B (MEP BUILDING).xlsm,.xlsm,105175,21ba91bb3b87cc4a3fbb83a64a4685c946ad254bee1449d1f253a46e3fbf8544,1,1,,3,250,51,0,일위을지,hidden,1,0.0,B?,자동 표 신호는 최종 A/B로 승격하지 않음
2021-2025,2020-00119,L2025-00085-1,WORKS,L2025-00085-1/붙임2. 현지입찰(신규입찰) 서류 및 계약서류(안)/IKHCC Section 4 - IKHCC BLANK BOQ 250903_최종/7. Blank bill Firefighting revised 250811/FIREFIGHTING_ELEC/BLANK BILL-FIRE FIGHTING ELEC - A (HOSPITAL).xlsm,.xlsm,105228,9ffa9d47d2ec91c02914ee0d70e0bb54b361f4e85b738b4d24ed32dc1887b98a,1,1,,3,250,46,0,일위을지,hidden,1,0.0,B?,자동 표 신호는 최종 A/B로 승격하지 않음
2021-2025,2020-00119,L2025-00085-1,WORKS,L2025-00085-1/붙임2. 현지입찰(신규입찰) 서류 및 계약서류(안)/IKHCC Section 4 - IKHCC BLANK BOQ 250903_최종/7. Blank bill Firefighting revised 250811/Fire fighting - Mech revised 250812/BILL FIREFIGHTING MECH (TOTAL).xls,.xls,342528,b86f9e7d916e329fa492ae9cc76913ba3ae04e606ab3dd8fc8f2491cad9cfcf4,1,1,,1,195,195,1,일위대가,hidden,1,1.0,A?,자동 표 신호는 최종 A/B로 승격하지 않음
2021-2025,2020-00119,L2025-00085-1,WORKS,L2025-00085-1/붙임2. 현지입찰(신규입찰) 서류 및 계약서류(안)/IKHCC Section 4 - IKHCC BLANK BOQ 250903_최종/7. Blank bill Firefighting revised 250811/Fire fighting - Mech revised 250812/BILL. FIREFIGHTING MECH (HOSPITAL).xls,.xls,327168,b5f2993a823a4828a8d8759c31f310612cfe99ec916b0b54f30f251325c90d7b,1,1,,1,195,195,1,일위대가,hidden,1,1.0,A?,자동 표 신호는 최종 A/B로 승격하지 않음
2021-2025,2020-00119,L2025-00085-1,WORKS,L2025-00085-1/붙임2. 현지입찰(신규입찰) 서류 및 계약서류(안)/IKHCC Section 4 - IKHCC BLANK BOQ 250903_최종/7. Blank bill Firefighting revised 250811/Fire fighting - Mech revised 250812/BILL. FIRFEIGHTING MECH(MEP BUILDING).xls,.xls,324096,a2c13abecdd649c9d69a323713ec4bff622a5b2b9a0fdccc74e7e12b80429735,1,1,,1,195,195,1,일위대가,hidden,1,1.0,A?,자동 표 신호는 최종 A/B로 승격하지 않음
2021-2025,2022-00598,L2025-00047-1,WORKS,L2025-00047-1/붙임2. 영문 입찰서류_섬유센터 2차사업 시공 재입찰 (2025.06.20)/Section 4 - Bill Of Quantity (Quantity Statement).xls,.xls,449024,3e29ef9e8faecccb2f66b562df5e0a6a01857f2a4b3f623a01b55c2858fc9961,1,0,,10,143,15,0,ELECTRICAL ,visible,2,0.027972027972027972,B?,자동 표 신호는 최종 A/B로 승격하지 않음
