source_record_id,source_row_number,public_data_id,source_page_url,project_no_source,project_no_linked,project_link_method,project_link_score,existing_db_project_match,existing_db_project_bid_nos,bid_no_source,bid_base_no_source,country_ko,is_uganda,project_title,start_year,end_year,project_summary_url,program_budget_usd_from_title,amount_boundary,construction_related,construction_reason,construction_keywords,area_values_m2,gross_floor_area_m2,gfa_extraction_method,raw_ceiling_per_gfa_krw,unit_cost_potential
15052832:1,1,15052832,https://www.data.go.kr/data/15052832/fileData.do,2025-00066,2025-00066,source_direct,1.000,0,,,,스리랑카,0,"스리랑카 시기리야 세계유산의 역사관광 자원화를 위한 복원 및 환경 개선 사업('25-'29/1,000만불)",2025,2029,https://www.oda.go.kr/opo/bsin/bsnsSumryDocDetail.do?P_BSNS_NO=2025-00066,10000000,사업명에 표시된 KOICA 전체 사업예산; 건축공사비 아님,0,,,,,,,0
15052832:2,2,15052832,https://www.data.go.kr/data/15052832/fileData.do,2024-00144,2024-00144,source_direct,1.000,0,,,,튀니지,0,튀니지 전자참여 확대 및 부패방지를 위한 시스템(국민신문고) 고도화 사업('24-'28/600만불),2024,2028,https://www.oda.go.kr/opo/bsin/bsnsSumryDocDetail.do?P_BSNS_NO=2024-00144,6000000,사업명에 표시된 KOICA 전체 사업예산; 건축공사비 아님,0,,,,,,,0
15052832:3,3,15052832,https://www.data.go.kr/data/15052832/fileData.do,2024-00138,2024-00138,source_direct,1.000,0,,,,우즈베키스탄,0,우즈베키스탄 지질재해와 지질자원 통합관리시스템 구축사업('24-'29/700만불),2024,2029,https://www.oda.go.kr/opo/bsin/bsnsSumryDocDetail.do?P_BSNS_NO=2024-00138,7000000,사업명에 표시된 KOICA 전체 사업예산; 건축공사비 아님,0,,,,,,,0
15052832:4,4,15052832,https://www.data.go.kr/data/15052832/fileData.do,2024-00133,2024-00133,source_direct,1.000,0,,,,몽골,0,"몽골 날라흐구 폐광산지역 지속가능한 생태환경 조성을 통한 녹색 산업 혁신 생태계 구축사업('24-'29/1,000만불)",2024,2029,https://www.oda.go.kr/opo/bsin/bsnsSumryDocDetail.do?P_BSNS_NO=2024-00133,10000000,사업명에 표시된 KOICA 전체 사업예산; 건축공사비 아님,0,,,,,,,0
15052832:5,5,15052832,https://www.data.go.kr/data/15052832/fileData.do,2024-00115,2024-00115,source_direct,1.000,0,,,,키르기스스탄,0,"키르기스스탄 그린모빌리티 실현을 위한 공공기관 전기차 전환사업 ('24-'27/1,100만불)",2024,2027,https://www.oda.go.kr/opo/bsin/bsnsSumryDocDetail.do?P_BSNS_NO=2024-00115,11000000,사업명에 표시된 KOICA 전체 사업예산; 건축공사비 아님,0,,,,,,,0
15052832:6,6,15052832,https://www.data.go.kr/data/15052832/fileData.do,2024-00105,2024-00105,source_direct,1.000,1,L2025-00097-1,,,키르기스스탄,0,키르기스스탄 디지털 전환을 위한 국가 정보화 역량 강화 사업('24-'27/700만불),2024,2027,https://www.oda.go.kr/opo/bsin/bsnsSumryDocDetail.do?P_BSNS_NO=2024-00105,7000000,사업명에 표시된 KOICA 전체 사업예산; 건축공사비 아님,0,,,,,,,0
15052832:7,7,15052832,https://www.data.go.kr/data/15052832/fileData.do,2024-00096,2024-00096,source_direct,1.000,0,,,,네팔,0,네팔 버르디야 지역 포용적 농촌공동체 개발사업('24-'29/800만불),2024,2029,https://www.oda.go.kr/opo/bsin/bsnsSumryDocDetail.do?P_BSNS_NO=2024-00096,8000000,사업명에 표시된 KOICA 전체 사업예산; 건축공사비 아님,0,,,,,,,0
15052832:8,8,15052832,https://www.data.go.kr/data/15052832/fileData.do,2024-00089,2024-00089,source_direct,1.000,0,,,,DR콩고,0,DR콩고 북카탕가주 감염병 감시 역량 강화사업('24-'27/600만불),2024,2027,https://www.oda.go.kr/opo/bsin/bsnsSumryDocDetail.do?P_BSNS_NO=2024-00089,6000000,사업명에 표시된 KOICA 전체 사업예산; 건축공사비 아님,0,,,,,,,0
15052832:9,9,15052832,https://www.data.go.kr/data/15052832/fileData.do,2024-00053,2024-00053,source_direct,1.000,1,L2025-00086-1,,,네팔,0,네팔 Province4 직업교육학교 건립사업('24-'30/900만불),2024,2030,https://www.oda.go.kr/opo/bsin/bsnsSumryDocDetail.do?P_BSNS_NO=2024-00053,9000000,사업명에 표시된 KOICA 전체 사업예산; 건축공사비 아님,1,강한건축어,건립;학교,,,,,0
15052832:10,10,15052832,https://www.data.go.kr/data/15052832/fileData.do,2024-00029,2024-00029,source_direct,1.000,1,L2025-00060-1,,,코트디부아르,0,"코트디부아르 지역균형발전을 위한 중부지역 직업전문학교 역량강화사업('24-'29/1,100만불)",2024,2029,https://www.oda.go.kr/opo/bsin/bsnsSumryDocDetail.do?P_BSNS_NO=2024-00029,11000000,사업명에 표시된 KOICA 전체 사업예산; 건축공사비 아님,0,,학교,,,,,0
15052832:11,11,15052832,https://www.data.go.kr/data/15052832/fileData.do,2024-00019,2024-00019,source_direct,1.000,0,,,,세네갈,0,세네갈 중부지역 모자보건체계 강화사업 2단계('24-'28/1250만불),2024,2028,https://www.oda.go.kr/opo/bsin/bsnsSumryDocDetail.do?P_BSNS_NO=2024-00019,12500000,사업명에 표시된 KOICA 전체 사업예산; 건축공사비 아님,0,,,,,,,0
15052832:12,12,15052832,https://www.data.go.kr/data/15052832/fileData.do,2024-00017,2024-00017,source_direct,1.000,0,,,,몽골,0,"몽골 울란바토르시 어린이 교통안전을 위한 스쿨존 시범설치 및 역량강화사업('24-'28/1,000만불)",2024,2028,https://www.oda.go.kr/opo/bsin/bsnsSumryDocDetail.do?P_BSNS_NO=2024-00017,10000000,사업명에 표시된 KOICA 전체 사업예산; 건축공사비 아님,0,,,,,,,0
15052832:13,13,15052832,https://www.data.go.kr/data/15052832/fileData.do,2024-00015,2024-00015,source_direct,1.000,1,L2025-00036-1,,,캄보디아,0,"캄보디아 당까오 후송병원 공공의료서비스 개선사업('24-'29/1,100만불)",2024,2029,https://www.oda.go.kr/opo/bsin/bsnsSumryDocDetail.do?P_BSNS_NO=2024-00015,11000000,사업명에 표시된 KOICA 전체 사업예산; 건축공사비 아님,0,,병원,,,,,0
15052832:14,14,15052832,https://www.data.go.kr/data/15052832/fileData.do,2024-00012,2024-00012,source_direct,1.000,0,,,,르완다,0,르완다 통합적 일자리 정보체계 구축사업('24-'28/650만불),2024,2028,https://www.oda.go.kr/opo/bsin/bsnsSumryDocDetail.do?P_BSNS_NO=2024-00012,6500000,사업명에 표시된 KOICA 전체 사업예산; 건축공사비 아님,0,,,,,,,0
15052832:15,15,15052832,https://www.data.go.kr/data/15052832/fileData.do,2024-00010,2024-00010,source_direct,1.000,0,,,,나이지리아,0,나이지리아 스타트업 디지털 이노베이션 아카데미 설립을 통한 청년 및 중소기업 혁신성장 지원사업('24-'28/1200만불),2024,2028,https://www.oda.go.kr/opo/bsin/bsnsSumryDocDetail.do?P_BSNS_NO=2024-00010,12000000,사업명에 표시된 KOICA 전체 사업예산; 건축공사비 아님,0,,,,,,,0
15052832:16,16,15052832,https://www.data.go.kr/data/15052832/fileData.do,2024-00007,2024-00007,source_direct,1.000,0,,,,이집트,0,이집트 직업훈련원 친환경 자동차 정비기술 고도화 사업('24-'30/1000만불),2024,2030,https://www.oda.go.kr/opo/bsin/bsnsSumryDocDetail.do?P_BSNS_NO=2024-00007,10000000,사업명에 표시된 KOICA 전체 사업예산; 건축공사비 아님,0,,훈련원,,,,,0
15052832:17,17,15052832,https://www.data.go.kr/data/15052832/fileData.do,2026-00159,2026-00159,source_direct,1.000,0,,,,이집트,0,이집트 지식재산권청 통합 서비스 전산화 사업('26-'30/850만불),2026,2030,https://www.oda.go.kr/opo/bsin/bsnsSumryDocDetail.do?P_BSNS_NO=2026-00159,8500000,사업명에 표시된 KOICA 전체 사업예산; 건축공사비 아님,0,,,,,,,0
15052832:18,18,15052832,https://www.data.go.kr/data/15052832/fileData.do,2026-00150,2026-00150,source_direct,1.000,0,,,,방글라데시,0,"방글라데시 AI 혁신기술 전문인력 양성사업('26-'29/1,300만불)",2026,2029,https://www.oda.go.kr/opo/bsin/bsnsSumryDocDetail.do?P_BSNS_NO=2026-00150,13000000,사업명에 표시된 KOICA 전체 사업예산; 건축공사비 아님,0,,,,,,,0
15052832:19,19,15052832,https://www.data.go.kr/data/15052832/fileData.do,2026-00121,2026-00121,source_direct,1.000,0,,,,라오스,0,"라오스 혁신적 농촌공동체 개발 프로그램('26-'31/2,000만불)",2026,2031,https://www.oda.go.kr/opo/bsin/bsnsSumryDocDetail.do?P_BSNS_NO=2026-00121,20000000,사업명에 표시된 KOICA 전체 사업예산; 건축공사비 아님,0,,,,,,,0
15052832:20,20,15052832,https://www.data.go.kr/data/15052832/fileData.do,2026-00063,2026-00063,source_direct,1.000,0,,,,인도네시아;인도,0,인도네시아 성생식권리강화를 위한 조산사전문역량강화사업(UNFPA)('26-'30/700만불),2026,2030,https://www.oda.go.kr/opo/bsin/bsnsSumryDocDetail.do?P_BSNS_NO=2026-00063,7000000,사업명에 표시된 KOICA 전체 사업예산; 건축공사비 아님,0,,,,,,,0
15052832:21,21,15052832,https://www.data.go.kr/data/15052832/fileData.do,2026-00044,2026-00044,source_direct,1.000,0,,,,모잠비크,0,"모잠비크 마푸토 카템베 지역병원 건립사업('26-'30/1,340만불)",2026,2030,https://www.oda.go.kr/opo/bsin/bsnsSumryDocDetail.do?P_BSNS_NO=2026-00044,13400000,사업명에 표시된 KOICA 전체 사업예산; 건축공사비 아님,1,강한건축어,건립;병원,,,,,0
15052832:22,22,15052832,https://www.data.go.kr/data/15052832/fileData.do,2026-00032,2026-00032,source_direct,1.000,0,,,,방글라데시,0,방글라데시 지속가능한 농촌개발 수행 역량강화사업,2026,2032,https://www.oda.go.kr/opo/bsin/bsnsSumryDocDetail.do?P_BSNS_NO=2026-00032,,,0,,,,,,,0
15052832:23,23,15052832,https://www.data.go.kr/data/15052832/fileData.do,2025-02228,2025-02228,source_direct,1.000,0,,,,파라과이,0,"파라과이 아순시온시 통합 관제 서비스 개선 및 공공안전 마스터플랜 수립 사업('26-'31/1,000만불)",2026,2031,https://www.oda.go.kr/opo/bsin/bsnsSumryDocDetail.do?P_BSNS_NO=2025-02228,10000000,사업명에 표시된 KOICA 전체 사업예산; 건축공사비 아님,0,,,,,,,0
15052832:24,24,15052832,https://www.data.go.kr/data/15052832/fileData.do,2025-00189,2025-00189,source_direct,1.000,0,,,,,0,마셜제도 외교부 행정차량 지원사업,,,https://www.oda.go.kr/opo/bsin/bsnsSumryDocDetail.do?P_BSNS_NO=2025-00189,,,0,,,,,,,0
15052832:25,25,15052832,https://www.data.go.kr/data/15052832/fileData.do,2025-00178,2025-00178,source_direct,1.000,0,,,,콜롬비아,0,콜롬비아 반부패포털(PACOII) 고도화를 통한 투명성 강화사업('25-'29/540만불),2025,2029,https://www.oda.go.kr/opo/bsin/bsnsSumryDocDetail.do?P_BSNS_NO=2025-00178,5400000,사업명에 표시된 KOICA 전체 사업예산; 건축공사비 아님,0,,,,,,,0
15052832:26,26,15052832,https://www.data.go.kr/data/15052832/fileData.do,2025-00162,2025-00162,source_direct,1.000,0,,,,몽골,0,몽골 관세청 위험관리 및 수하물 관리 선진화 사업('25-'28/560만불),2025,2027,https://www.oda.go.kr/opo/bsin/bsnsSumryDocDetail.do?P_BSNS_NO=2025-00162,5600000,사업명에 표시된 KOICA 전체 사업예산; 건축공사비 아님,0,,,,,,,0
15052832:27,27,15052832,https://www.data.go.kr/data/15052832/fileData.do,2025-00157,2025-00157,source_direct,1.000,0,,,,,0,자메이카 토지행정 역량강화 사업('25-'31/900만불),2025,2027,https://www.oda.go.kr/opo/bsin/bsnsSumryDocDetail.do?P_BSNS_NO=2025-00157,9000000,사업명에 표시된 KOICA 전체 사업예산; 건축공사비 아님,0,,,,,,,0
15052832:28,28,15052832,https://www.data.go.kr/data/15052832/fileData.do,2025-00106,2025-00106,source_direct,1.000,0,,,,케냐,0,케냐 여성 고용 증진 및 친환경 산업 활성화를 위한 직업기술교육 훈련사업('25-'27/850만불),2025,2027,https://www.oda.go.kr/opo/bsin/bsnsSumryDocDetail.do?P_BSNS_NO=2025-00106,8500000,사업명에 표시된 KOICA 전체 사업예산; 건축공사비 아님,0,,,,,,,0
15052832:29,29,15052832,https://www.data.go.kr/data/15052832/fileData.do,2025-00101,2025-00101,source_direct,1.000,0,,,,방글라데시,0,방글라데시 간호대학원 교육연구 역량강화 사업('25-'29/590만불),2025,2030,https://www.oda.go.kr/opo/bsin/bsnsSumryDocDetail.do?P_BSNS_NO=2025-00101,5900000,사업명에 표시된 KOICA 전체 사업예산; 건축공사비 아님,0,,대학,,,,,0
15052832:30,30,15052832,https://www.data.go.kr/data/15052832/fileData.do,2025-00040,2025-00040,source_direct,1.000,0,,,,에티오피아,0,"에티오피아 모자보건 서비스 개선을 위한 결과기반 공동재정지원 프로그램('25-'29/1,300만불)",2025,2029,https://www.oda.go.kr/opo/bsin/bsnsSumryDocDetail.do?P_BSNS_NO=2025-00040,13000000,사업명에 표시된 KOICA 전체 사업예산; 건축공사비 아님,0,,,,,,,0
15052832:31,31,15052832,https://www.data.go.kr/data/15052832/fileData.do,2025-00039,2025-00039,source_direct,1.000,0,,,,우간다,1,우간다 카라모자 지역 학교 및 의료시설의 기후변화 대응을 위한 식수위생 서비스 강화 사업(UNICEF)('25-'29/934만불),2025,2029,https://www.oda.go.kr/opo/bsin/bsnsSumryDocDetail.do?P_BSNS_NO=2025-00039,9340000,사업명에 표시된 KOICA 전체 사업예산; 건축공사비 아님,0,,시설;학교,,,,,0
15052832:32,32,15052832,https://www.data.go.kr/data/15052832/fileData.do,2025-00038,2025-00038,source_direct,1.000,0,,,,볼리비아;리비아,0,볼리비아 포토시 주 지역사회 기반 위생시설 개선 및 보건위생 역량강화사업(UNICEF)('25-'29/800만불),2025,2029,https://www.oda.go.kr/opo/bsin/bsnsSumryDocDetail.do?P_BSNS_NO=2025-00038,8000000,사업명에 표시된 KOICA 전체 사업예산; 건축공사비 아님,0,,시설,,,,,0
15052832:33,33,15052832,https://www.data.go.kr/data/15052832/fileData.do,2025-00028,2025-00028,source_direct,1.000,0,,,,볼리비아;리비아,0,"볼리비아 베니, 포토시 주 여성청소년과 여성의 보건 서비스 및 성생식 권리 강화를 통한 모성사망 예방 사업(UNFPA)('25-'29/850만불)",2025,2029,https://www.oda.go.kr/opo/bsin/bsnsSumryDocDetail.do?P_BSNS_NO=2025-00028,8500000,사업명에 표시된 KOICA 전체 사업예산; 건축공사비 아님,0,,,,,,,0
15052832:34,34,15052832,https://www.data.go.kr/data/15052832/fileData.do,2025-00019,2025-00019,source_direct,1.000,0,,,,네팔,0,"네팔 과일 및 채소 가치사슬 개발사업(2단계)('25-'31/1,000만불)",2025,2031,https://www.oda.go.kr/opo/bsin/bsnsSumryDocDetail.do?P_BSNS_NO=2025-00019,10000000,사업명에 표시된 KOICA 전체 사업예산; 건축공사비 아님,0,,,,,,,0
15052832:35,35,15052832,https://www.data.go.kr/data/15052832/fileData.do,2025-00015,2025-00015,source_direct,1.000,0,,,,에티오피아,0,"에티오피아 2개주(아파르, SNNP 주) 분쟁 및 기후위기에 영향을 받은 청년 중심의 회복력 강화사업(UNFPA,UNHCR)('25-'28/1,000만불)",2025,2028,https://www.oda.go.kr/opo/bsin/bsnsSumryDocDetail.do?P_BSNS_NO=2025-00015,10000000,사업명에 표시된 KOICA 전체 사업예산; 건축공사비 아님,0,,,,,,,0
15052832:36,36,15052832,https://www.data.go.kr/data/15052832/fileData.do,2025-00007,2025-00007,source_direct,1.000,0,,,,우간다,1,"우간다 부소가지역 혈액수혈체계 강화사업('25-'30/1,200만불)",2025,2030,https://www.oda.go.kr/opo/bsin/bsnsSumryDocDetail.do?P_BSNS_NO=2025-00007,12000000,사업명에 표시된 KOICA 전체 사업예산; 건축공사비 아님,0,,,,,,,0
15052832:37,37,15052832,https://www.data.go.kr/data/15052832/fileData.do,2025-00006,2025-00006,source_direct,1.000,0,,,,에티오피아,0,"에티오피아 무역활성화를 위한 통합 관세행정 시스템 구축 사업('25-'29/1,260만불)",2025,2029,https://www.oda.go.kr/opo/bsin/bsnsSumryDocDetail.do?P_BSNS_NO=2025-00006,12600000,사업명에 표시된 KOICA 전체 사업예산; 건축공사비 아님,0,,,,,,,0
15052832:38,38,15052832,https://www.data.go.kr/data/15052832/fileData.do,2025-00005,2025-00005,source_direct,1.000,0,,,,케냐,0,"케냐 카지아도주 모성 및 신생아 전문의료센터 구축을 통한 보건의료서비스 개선사업('25-'30/1,400만불)",2025,2030,https://www.oda.go.kr/opo/bsin/bsnsSumryDocDetail.do?P_BSNS_NO=2025-00005,14000000,사업명에 표시된 KOICA 전체 사업예산; 건축공사비 아님,0,,센터,,,,,0
15052832:39,39,15052832,https://www.data.go.kr/data/15052832/fileData.do,2024-02690,2024-02690,source_direct,1.000,0,,,,케냐,0,"케냐 분고마 주 보편적 식수접근성 향상을 위한 상수도 구축 및 통합적 운영관리 역량강화사업('25-'32/1,300만불)",2025,2029,https://www.oda.go.kr/opo/bsin/bsnsSumryDocDetail.do?P_BSNS_NO=2024-02690,13000000,사업명에 표시된 KOICA 전체 사업예산; 건축공사비 아님,0,,,,,,,0
15052832:40,40,15052832,https://www.data.go.kr/data/15052832/fileData.do,2024-00144,2024-00144,source_direct,1.000,0,,,,콜롬비아,0,콜롬비아 다목적 지적을 위한 공간 정보 역량강화 체계 구축사업(`24-`28/695만불),2024,2028,https://www.oda.go.kr/opo/bsin/bsnsSumryDocDetail.do?P_BSNS_NO=2024-00144,6950000,사업명에 표시된 KOICA 전체 사업예산; 건축공사비 아님,0,,,,,,,0
15052832:41,41,15052832,https://www.data.go.kr/data/15052832/fileData.do,2024-00143,2024-00143,source_direct,1.000,0,,,,튀니지,0,튀니지 전자참여 확대 및 부패방지를 위한 시스템(국민신문고) 고도화 사업('24-'28/600만불),2024,2028,https://www.oda.go.kr/opo/bsin/bsnsSumryDocDetail.do?P_BSNS_NO=2024-00143,6000000,사업명에 표시된 KOICA 전체 사업예산; 건축공사비 아님,0,,,,,,,0
15052832:42,42,15052832,https://www.data.go.kr/data/15052832/fileData.do,2024-00138,2024-00138,source_direct,1.000,0,,,,방글라데시,0,방글라데시 도로청 관리대상 전역 교량 스마트 유지관리기술 역량강화('24-'27/885만불),2024,2027,https://www.oda.go.kr/opo/bsin/bsnsSumryDocDetail.do?P_BSNS_NO=2024-00138,8850000,사업명에 표시된 KOICA 전체 사업예산; 건축공사비 아님,0,,,,,,,0
15052832:43,43,15052832,https://www.data.go.kr/data/15052832/fileData.do,2024-00133,2024-00133,source_direct,1.000,0,,,,우즈베키스탄,0,우즈베키스탄 지질재해와 지질자원 통합관리시스템 구축사업('24-'29/700만불),2024,2029,https://www.oda.go.kr/opo/bsin/bsnsSumryDocDetail.do?P_BSNS_NO=2024-00133,7000000,사업명에 표시된 KOICA 전체 사업예산; 건축공사비 아님,0,,,,,,,0
15052832:44,44,15052832,https://www.data.go.kr/data/15052832/fileData.do,2024-00115,2024-00115,source_direct,1.000,0,,,,몽골,0,"몽골 날라흐구 폐광산지역 지속가능한 생태환경 조성을 통한 녹색 산업 혁신 생태계 구축사업('24-'29/1,000만불)",2024,2029,https://www.oda.go.kr/opo/bsin/bsnsSumryDocDetail.do?P_BSNS_NO=2024-00115,10000000,사업명에 표시된 KOICA 전체 사업예산; 건축공사비 아님,0,,,,,,,0
15052832:45,45,15052832,https://www.data.go.kr/data/15052832/fileData.do,2024-00105,2024-00105,source_direct,1.000,1,L2025-00097-1,,,키르기스스탄,0,"키르기스스탄 그린모빌리티 실현을 위한 공공기관 전기차 전환사업 ('24-'27/1,100만불)",2024,2027,https://www.oda.go.kr/opo/bsin/bsnsSumryDocDetail.do?P_BSNS_NO=2024-00105,11000000,사업명에 표시된 KOICA 전체 사업예산; 건축공사비 아님,0,,,,,,,0
15052832:46,46,15052832,https://www.data.go.kr/data/15052832/fileData.do,2024-00096,2024-00096,source_direct,1.000,0,,,,키르기스스탄,0,키르기스스탄 디지털 전환을 위한 국가 정보화 역량 강화 사업('24-'27/700만불),2024,2027,https://www.oda.go.kr/opo/bsin/bsnsSumryDocDetail.do?P_BSNS_NO=2024-00096,7000000,사업명에 표시된 KOICA 전체 사업예산; 건축공사비 아님,0,,,,,,,0
15052832:47,47,15052832,https://www.data.go.kr/data/15052832/fileData.do,2024-00093,2024-00093,source_direct,1.000,0,,,,네팔,0,네팔 버르디야 지역 포용적 농촌공동체 개발사업('24-'29/800만불),2024,2029,https://www.oda.go.kr/opo/bsin/bsnsSumryDocDetail.do?P_BSNS_NO=2024-00093,8000000,사업명에 표시된 KOICA 전체 사업예산; 건축공사비 아님,0,,,,,,,0
15052832:48,48,15052832,https://www.data.go.kr/data/15052832/fileData.do,2024-00036,2024-00036,source_direct,1.000,0,,,,스리랑카,0,"스리랑카 북부 및 우바주 지속가능한 폐기물 관리 및 순환경제 구축 사업('24-'30/1,100만불)",2024,2030,https://www.oda.go.kr/opo/bsin/bsnsSumryDocDetail.do?P_BSNS_NO=2024-00036,11000000,사업명에 표시된 KOICA 전체 사업예산; 건축공사비 아님,0,,,,,,,0
15052832:49,49,15052832,https://www.data.go.kr/data/15052832/fileData.do,2024-00029,2024-00029,source_direct,1.000,1,L2025-00060-1,,,볼리비아;리비아,0,볼리비아 융가스 지역의 커피산업 가치사슬 강화 및 작물 다양화를 통한 코카잎 불법재배지 감축 및 지역경제 발전 지원사업(UNODC)('24-'28/856만불),2024,2028,https://www.oda.go.kr/opo/bsin/bsnsSumryDocDetail.do?P_BSNS_NO=2024-00029,8560000,사업명에 표시된 KOICA 전체 사업예산; 건축공사비 아님,0,,,,,,,0
15052832:50,50,15052832,https://www.data.go.kr/data/15052832/fileData.do,2024-00017,2024-00017,source_direct,1.000,0,,,,코트디부아르,0,"코트디부아르 지역균형발전을 위한 중부지역 직업전문학교 역량강화사업('24-'29/1,100만불)",2024,2029,https://www.oda.go.kr/opo/bsin/bsnsSumryDocDetail.do?P_BSNS_NO=2024-00017,11000000,사업명에 표시된 KOICA 전체 사업예산; 건축공사비 아님,0,,학교,,,,,0
15052832:51,51,15052832,https://www.data.go.kr/data/15052832/fileData.do,2024-00015,2024-00015,source_direct,1.000,1,L2025-00036-1,,,몽골,0,"몽골 울란바토르시 어린이 교통안전을 위한 스쿨존 시범설치 및 역량강화사업('24-'28/1,000만불)",2024,2028,https://www.oda.go.kr/opo/bsin/bsnsSumryDocDetail.do?P_BSNS_NO=2024-00015,10000000,사업명에 표시된 KOICA 전체 사업예산; 건축공사비 아님,0,,,,,,,0
15052832:52,52,15052832,https://www.data.go.kr/data/15052832/fileData.do,2024-00012,2024-00012,source_direct,1.000,0,,,,캄보디아,0,"캄보디아 당까오 후송병원 공공의료서비스 개선사업('24-'29/1,100만불)",2024,2029,https://www.oda.go.kr/opo/bsin/bsnsSumryDocDetail.do?P_BSNS_NO=2024-00012,11000000,사업명에 표시된 KOICA 전체 사업예산; 건축공사비 아님,0,,병원,,,,,0
15052832:53,53,15052832,https://www.data.go.kr/data/15052832/fileData.do,2024-00010,2024-00010,source_direct,1.000,0,,,,르완다,0,르완다 통합적 일자리 정보체계 구축사업('24-'28/650만불),2024,2028,https://www.oda.go.kr/opo/bsin/bsnsSumryDocDetail.do?P_BSNS_NO=2024-00010,6500000,사업명에 표시된 KOICA 전체 사업예산; 건축공사비 아님,0,,,,,,,0
15052832:54,54,15052832,https://www.data.go.kr/data/15052832/fileData.do,2024-00007,2024-00007,source_direct,1.000,0,,,,나이지리아,0,나이지리아 스타트업 디지털 이노베이션 아카데미 설립을 통한 청년 및 중소기업 혁신성장 지원사업('24-'28/1200만불),2024,2028,https://www.oda.go.kr/opo/bsin/bsnsSumryDocDetail.do?P_BSNS_NO=2024-00007,12000000,사업명에 표시된 KOICA 전체 사업예산; 건축공사비 아님,0,,,,,,,0
15052832:55,55,15052832,https://www.data.go.kr/data/15052832/fileData.do,2024-00005,2024-00005,source_direct,1.000,0,,,,이집트,0,이집트 직업훈련원 친환경 자동차 정비기술 고도화 사업('24-'30/1000만불),2024,2030,https://www.oda.go.kr/opo/bsin/bsnsSumryDocDetail.do?P_BSNS_NO=2024-00005,10000000,사업명에 표시된 KOICA 전체 사업예산; 건축공사비 아님,0,,훈련원,,,,,0
15052832:56,56,15052832,https://www.data.go.kr/data/15052832/fileData.do,2023-03096,2023-03096,source_direct,1.000,0,,,,몽골,0,몽골 울란바토르 지속가능한 도시화 및 국토 균형 개발 지원사업('23-'26/570만불),2023,2026,https://www.oda.go.kr/opo/bsin/bsnsSumryDocDetail.do?P_BSNS_NO=2023-03096,5700000,사업명에 표시된 KOICA 전체 사업예산; 건축공사비 아님,0,,,,,,,0
15052832:57,57,15052832,https://www.data.go.kr/data/15052832/fileData.do,2023-00572,2023-00572,source_direct,1.000,0,,,,라오스,0,라오스 항만 관리 정보화 시스템(Port-MIS) 구축사업('23-'27/425만불),2023,2027,https://www.oda.go.kr/opo/bsin/bsnsSumryDocDetail.do?P_BSNS_NO=2023-00572,4250000,사업명에 표시된 KOICA 전체 사업예산; 건축공사비 아님,0,,,,,,,0
15052832:58,58,15052832,https://www.data.go.kr/data/15052832/fileData.do,2023-00107,2023-00107,source_direct,1.000,0,,,,키르기스스탄,0,"키르기스스탄 국가 에너지시스템 개선을 위한 중앙 집중 AMI 시스템 구축사업('23-'26/1,050만불)",2023,2026,https://www.oda.go.kr/opo/bsin/bsnsSumryDocDetail.do?P_BSNS_NO=2023-00107,10500000,사업명에 표시된 KOICA 전체 사업예산; 건축공사비 아님,0,,,,,,,0
15052832:59,59,15052832,https://www.data.go.kr/data/15052832/fileData.do,2023-00105,2023-00105,source_direct,1.000,0,,,,우즈베키스탄,0,우즈베키스탄 타슈켄트주 스마트 기술기반 산림 도시녹화 역량강화사업('23-'28/770만불),2023,2028,https://www.oda.go.kr/opo/bsin/bsnsSumryDocDetail.do?P_BSNS_NO=2023-00105,7700000,사업명에 표시된 KOICA 전체 사업예산; 건축공사비 아님,0,,,,,,,0
15052832:60,60,15052832,https://www.data.go.kr/data/15052832/fileData.do,2023-00100,2023-00100,source_direct,1.000,1,L2025-00006-1,,,탄자니아,0,탄자니아 도도마주 유수율 제고 시범모델 구축 및 상수도 시설 개선사업('23-'26/382만불),2023,2026,https://www.oda.go.kr/opo/bsin/bsnsSumryDocDetail.do?P_BSNS_NO=2023-00100,3820000,사업명에 표시된 KOICA 전체 사업예산; 건축공사비 아님,0,,시설,,,,,0
15052832:61,61,15052832,https://www.data.go.kr/data/15052832/fileData.do,2023-00098,2023-00098,source_direct,1.000,0,,,,몽골,0,"몽골 자동차 검사역량 제고 및 시설 개선을 통한 교통안전 강화 사업('23-'27/1,300만불)",2023,2027,https://www.oda.go.kr/opo/bsin/bsnsSumryDocDetail.do?P_BSNS_NO=2023-00098,13000000,사업명에 표시된 KOICA 전체 사업예산; 건축공사비 아님,0,,시설,,,,,0
15052832:62,62,15052832,https://www.data.go.kr/data/15052832/fileData.do,2023-00095,2023-00095,source_direct,1.000,0,,,,우즈베키스탄,0,"우즈베키스탄 열린 의정활동을 위한 상하원 국회 방송시스템 구축 및 지역 의회와의 연계기반 개선 사업(`23-`27/1,395만불)",2023,2027,https://www.oda.go.kr/opo/bsin/bsnsSumryDocDetail.do?P_BSNS_NO=2023-00095,13950000,사업명에 표시된 KOICA 전체 사업예산; 건축공사비 아님,0,,,,,,,0
15052832:63,63,15052832,https://www.data.go.kr/data/15052832/fileData.do,2023-00094,2023-00094,source_direct,1.000,0,,,,알제리,0,알제리 대기환경 모니터링 시스템 구축 및 대기관리 역량강화사업('23-'27/550만불),2023,2027,https://www.oda.go.kr/opo/bsin/bsnsSumryDocDetail.do?P_BSNS_NO=2023-00094,5500000,사업명에 표시된 KOICA 전체 사업예산; 건축공사비 아님,0,,,,,,,0
15052832:64,64,15052832,https://www.data.go.kr/data/15052832/fileData.do,2023-00091,2023-00091,source_direct,1.000,1,L2025-00087-1,,,타지키스탄,0,"타지키스탄 전력소외 지역 전력망 구축 2차 사업('23-'26/1,400만불)",2023,2026,https://www.oda.go.kr/opo/bsin/bsnsSumryDocDetail.do?P_BSNS_NO=2023-00091,14000000,사업명에 표시된 KOICA 전체 사업예산; 건축공사비 아님,0,,,,,,,0
15052832:65,65,15052832,https://www.data.go.kr/data/15052832/fileData.do,2023-00087,2023-00087,source_direct,1.000,1,L2025-00017-1;L2025-00017-2;L2025-00045-1;L2025-00045-2,,,이라크,0,"이라크 쿠르드 지역학교 내 난민통합교육 강화사업 ('23-'28/1,200만불)",2023,2028,https://www.oda.go.kr/opo/bsin/bsnsSumryDocDetail.do?P_BSNS_NO=2023-00087,12000000,사업명에 표시된 KOICA 전체 사업예산; 건축공사비 아님,0,,학교,,,,,0
15052832:66,66,15052832,https://www.data.go.kr/data/15052832/fileData.do,2023-00084,2023-00084,source_direct,1.000,0,,,,카메룬,0,"카메룬 응급의료체계 구축 사업('23-'28/1,400만불)",2023,2028,https://www.oda.go.kr/opo/bsin/bsnsSumryDocDetail.do?P_BSNS_NO=2023-00084,14000000,사업명에 표시된 KOICA 전체 사업예산; 건축공사비 아님,0,,,,,,,0
15052832:67,67,15052832,https://www.data.go.kr/data/15052832/fileData.do,2023-00074,2023-00074,source_direct,1.000,0,,,,르완다,0,르완다 산업 표준화 ICT 역량 강화를 통한 산업 경쟁력 강화사업('23-'28/700만불),2023,2028,https://www.oda.go.kr/opo/bsin/bsnsSumryDocDetail.do?P_BSNS_NO=2023-00074,7000000,사업명에 표시된 KOICA 전체 사업예산; 건축공사비 아님,0,,,,,,,0
15052832:68,68,15052832,https://www.data.go.kr/data/15052832/fileData.do,2023-00067,2023-00067,source_direct,1.000,1,L2024-00048-1;L2024-00056-1;L2024-00056-2;L2025-00052-1,,,코트디부아르,0,코트디부아르 펠릭스 우푸에 부아니대학교 ICT 교육역량 강화 및 ICT 혁신센터 설립 사업('23-'27/995만불),2023,2027,https://www.oda.go.kr/opo/bsin/bsnsSumryDocDetail.do?P_BSNS_NO=2023-00067,9950000,사업명에 표시된 KOICA 전체 사업예산; 건축공사비 아님,0,,대학;센터;학교,,,,,0
15052832:69,69,15052832,https://www.data.go.kr/data/15052832/fileData.do,2023-00066,2023-00066,source_direct,1.000,0,,,,코트디부아르,0,코트디부아르 아비장시 아보보 지역 상수급수 연결 사업('23-'26/700만불),2023,2026,https://www.oda.go.kr/opo/bsin/bsnsSumryDocDetail.do?P_BSNS_NO=2023-00066,7000000,사업명에 표시된 KOICA 전체 사업예산; 건축공사비 아님,0,,,,,,,0
15052832:70,70,15052832,https://www.data.go.kr/data/15052832/fileData.do,2023-00061,2023-00061,source_direct,1.000,1,L2025-00077-1,,,세네갈,0,"세네갈 콜다 주 통합적 접근을 통한 미곡가치사슬 강화사업('23-'28/1,450만불)",2023,2028,https://www.oda.go.kr/opo/bsin/bsnsSumryDocDetail.do?P_BSNS_NO=2023-00061,14500000,사업명에 표시된 KOICA 전체 사업예산; 건축공사비 아님,0,,,,,,,0
15052832:71,71,15052832,https://www.data.go.kr/data/15052832/fileData.do,2023-00059,2023-00059,source_direct,1.000,0,,,,우즈베키스탄,0,우즈베키스탄 식물검역행정 역량강화 및 식물검역소 개선사업('23-'27/674만불),2023,2027,https://www.oda.go.kr/opo/bsin/bsnsSumryDocDetail.do?P_BSNS_NO=2023-00059,6740000,사업명에 표시된 KOICA 전체 사업예산; 건축공사비 아님,0,,,,,,,0
15052832:72,72,15052832,https://www.data.go.kr/data/15052832/fileData.do,2023-00057,2023-00057,source_direct,1.000,0,,,,이집트,0,이집트 한-이집트 기술대학 교육역량 및 산학협력 강화 사업,2023,2028,https://www.oda.go.kr/opo/bsin/bsnsSumryDocDetail.do?P_BSNS_NO=2023-00057,,,0,,대학,,,,,0
15052832:73,73,15052832,https://www.data.go.kr/data/15052832/fileData.do,2023-00055,2023-00055,source_direct,1.000,0,,,,방글라데시,0,방글라데시 플랫폼 기반의 통계 서비스 역량강화사업('23-'26/965만불),2023,2026,https://www.oda.go.kr/opo/bsin/bsnsSumryDocDetail.do?P_BSNS_NO=2023-00055,9650000,사업명에 표시된 KOICA 전체 사업예산; 건축공사비 아님,0,,,,,,,0
15052832:74,74,15052832,https://www.data.go.kr/data/15052832/fileData.do,2023-00052,2023-00052,source_direct,1.000,1,L2023-00073-1;L2023-00074-1;L2024-00079-1,,,네팔,0,네팔 포카라시 리사이클/업사이클 플랫폼 및 친환경 시범마을 구축을 통한 녹색일자리 창출지원사업('23-'29/980만불),2023,2029,https://www.oda.go.kr/opo/bsin/bsnsSumryDocDetail.do?P_BSNS_NO=2023-00052,9800000,사업명에 표시된 KOICA 전체 사업예산; 건축공사비 아님,0,,,,,,,0
15052832:75,75,15052832,https://www.data.go.kr/data/15052832/fileData.do,2023-00033,2023-00033,source_direct,1.000,0,,,,피지,0,피지 신재생에너지 확산 및 역량강화사업('23-'26/700만불),2023,2026,https://www.oda.go.kr/opo/bsin/bsnsSumryDocDetail.do?P_BSNS_NO=2023-00033,7000000,사업명에 표시된 KOICA 전체 사업예산; 건축공사비 아님,0,,,,,,,0
15052832:76,76,15052832,https://www.data.go.kr/data/15052832/fileData.do,2023-00032,2023-00032,source_direct,1.000,1,L2024-00066-1,,,피지,0,피지 국립대학교 의과대학 교육 역량강화사업(23-27/977만불),2023,2027,https://www.oda.go.kr/opo/bsin/bsnsSumryDocDetail.do?P_BSNS_NO=2023-00032,9770000,사업명에 표시된 KOICA 전체 사업예산; 건축공사비 아님,0,,대학;학교,,,,,0
15052832:77,77,15052832,https://www.data.go.kr/data/15052832/fileData.do,2023-00030,2023-00030,source_direct,1.000,1,L2024-00041-1,,,키르기스스탄,0,키르기스스탄 가축 품종개량 및 인공수정인력 역량강화사업('23-'27/750만불),2023,2027,https://www.oda.go.kr/opo/bsin/bsnsSumryDocDetail.do?P_BSNS_NO=2023-00030,7500000,사업명에 표시된 KOICA 전체 사업예산; 건축공사비 아님,0,,,,,,,0
15052832:78,78,15052832,https://www.data.go.kr/data/15052832/fileData.do,2023-00027,2023-00027,source_direct,1.000,1,L2025-00003-1;L2025-00003-2;L2025-00028-1;L2025-00054-1;L2025-00058-1,,,키르기스스탄,0,키르기스스탄 국회 디지털화 사업('23-'27/840만불),2023,2027,https://www.oda.go.kr/opo/bsin/bsnsSumryDocDetail.do?P_BSNS_NO=2023-00027,8400000,사업명에 표시된 KOICA 전체 사업예산; 건축공사비 아님,0,,,,,,,0
15052832:79,79,15052832,https://www.data.go.kr/data/15052832/fileData.do,2023-00022,2023-00022,source_direct,1.000,0,,,,우간다,1,우간다 지속가능한 농촌개발을 위한 수행역량 강화사업('24-'29/550만불),2024,2029,https://www.oda.go.kr/opo/bsin/bsnsSumryDocDetail.do?P_BSNS_NO=2023-00022,5500000,사업명에 표시된 KOICA 전체 사업예산; 건축공사비 아님,0,,,,,,,0
15052832:80,80,15052832,https://www.data.go.kr/data/15052832/fileData.do,2023-00008,2023-00008,source_direct,1.000,1,L2025-00056-1,,,캄보디아,0,캄보디아 ICT 분야 직업기술훈련 역량강화 및 교육훈련 환경구축 사업('23-'27/800만불),2023,2027,https://www.oda.go.kr/opo/bsin/bsnsSumryDocDetail.do?P_BSNS_NO=2023-00008,8000000,사업명에 표시된 KOICA 전체 사업예산; 건축공사비 아님,0,,,,,,,0
15052832:81,81,15052832,https://www.data.go.kr/data/15052832/fileData.do,2023-00005,2023-00005,source_direct,1.000,0,,,,모로코,0,"모로코 마라케시 친환경 전기버스 교통체계 구축사업('23-'26/1,300만불)",2023,2026,https://www.oda.go.kr/opo/bsin/bsnsSumryDocDetail.do?P_BSNS_NO=2023-00005,13000000,사업명에 표시된 KOICA 전체 사업예산; 건축공사비 아님,0,,,,,,,0
15052832:82,82,15052832,https://www.data.go.kr/data/15052832/fileData.do,2022-00599,2022-00599,source_direct,1.000,0,,,,캄보디아,0,"캄보디아 건강형평성 및 보건의료 질 향상 프로그램 2차 사업('22-'27/1,000만불)",2022,2027,https://www.oda.go.kr/opo/bsin/bsnsSumryDocDetail.do?P_BSNS_NO=2022-00599,10000000,사업명에 표시된 KOICA 전체 사업예산; 건축공사비 아님,0,,,,,,,0
15052832:83,83,15052832,https://www.data.go.kr/data/15052832/fileData.do,2022-00596,2022-00596,source_direct,1.000,0,,,,에티오피아,0,"에티오피아 오로미아-소말리주 분쟁지역 이주민 사회경제적 회복력 구축 지원사업(IOM)('22-'25/1,000만불)",2022,2025,https://www.oda.go.kr/opo/bsin/bsnsSumryDocDetail.do?P_BSNS_NO=2022-00596,10000000,사업명에 표시된 KOICA 전체 사업예산; 건축공사비 아님,0,,,,,,,0
15052832:84,84,15052832,https://www.data.go.kr/data/15052832/fileData.do,2022-00178,2022-00178,source_direct,1.000,0,,,,방글라데시,0,방글라데시 차토그램 광역권 도시교통 마스터플랜 수립 및 도시철도 건설 예비타당성조사사업('22-'24/600만불),2022,2024,https://www.oda.go.kr/opo/bsin/bsnsSumryDocDetail.do?P_BSNS_NO=2022-00178,6000000,사업명에 표시된 KOICA 전체 사업예산; 건축공사비 아님,0,,,,,,,0
15052832:85,85,15052832,https://www.data.go.kr/data/15052832/fileData.do,2022-00176,2022-00176,source_direct,1.000,0,,,,우즈베키스탄,0,우즈베키스탄 타슈켄트소아의과대학교 교육 연구 역량강화 사업('22-'27/500만불),2022,2027,https://www.oda.go.kr/opo/bsin/bsnsSumryDocDetail.do?P_BSNS_NO=2022-00176,5000000,사업명에 표시된 KOICA 전체 사업예산; 건축공사비 아님,0,,대학;학교,,,,,0
15052832:86,86,15052832,https://www.data.go.kr/data/15052832/fileData.do,2022-00175,2022-00175,source_direct,1.000,0,,,,가나,0,가나 세무행정 현대화 마스터플랜 수립사업('22-'25/220만불),2022,2025,https://www.oda.go.kr/opo/bsin/bsnsSumryDocDetail.do?P_BSNS_NO=2022-00175,2200000,사업명에 표시된 KOICA 전체 사업예산; 건축공사비 아님,0,,,,,,,0
15052832:87,87,15052832,https://www.data.go.kr/data/15052832/fileData.do,2022-00173,2022-00173,source_direct,1.000,0,,,,몽골,0,몽골 성과주의 확립을 위한 인사행정 역량강화사업('22-'25/300만불),2022,2025,https://www.oda.go.kr/opo/bsin/bsnsSumryDocDetail.do?P_BSNS_NO=2022-00173,3000000,사업명에 표시된 KOICA 전체 사업예산; 건축공사비 아님,0,,,,,,,0
15052832:88,88,15052832,https://www.data.go.kr/data/15052832/fileData.do,2022-00171,2022-00171,source_direct,1.000,0,,,,르완다,0,르완다 농산물 가치사슬 스마트화 지원사업(`22-`26/950만불),2022,2026,https://www.oda.go.kr/opo/bsin/bsnsSumryDocDetail.do?P_BSNS_NO=2022-00171,9500000,사업명에 표시된 KOICA 전체 사업예산; 건축공사비 아님,0,,,,,,,0
15052832:89,89,15052832,https://www.data.go.kr/data/15052832/fileData.do,2022-00168,2022-00168,source_direct,1.000,0,,,,우즈베키스탄,0,우즈베키스탄 타슈켄트정보통신대학교 취창업 연계형 비즈니스 IT 교육 역량강화 사업('22-'27/500만불),2022,2027,https://www.oda.go.kr/opo/bsin/bsnsSumryDocDetail.do?P_BSNS_NO=2022-00168,5000000,사업명에 표시된 KOICA 전체 사업예산; 건축공사비 아님,0,,대학;학교,,,,,0
15052832:90,90,15052832,https://www.data.go.kr/data/15052832/fileData.do,2022-00162,2022-00162,source_direct,1.000,0,,,,몽골,0,몽골과학기술대 도시계획공학과 설립 및 도시개발 전문인력 역량강화 사업('22-'27/500만불),2022,2027,https://www.oda.go.kr/opo/bsin/bsnsSumryDocDetail.do?P_BSNS_NO=2022-00162,5000000,사업명에 표시된 KOICA 전체 사업예산; 건축공사비 아님,0,,,,,,,0
15052832:91,91,15052832,https://www.data.go.kr/data/15052832/fileData.do,2022-00161,2022-00161,source_direct,1.000,0,,,,몽골,0,몽골 생명과학대학교 산학연계형 고등교육 역량강화사업('22-'26/500만불),2022,2026,https://www.oda.go.kr/opo/bsin/bsnsSumryDocDetail.do?P_BSNS_NO=2022-00161,5000000,사업명에 표시된 KOICA 전체 사업예산; 건축공사비 아님,0,,대학;학교,,,,,0
15052832:92,92,15052832,https://www.data.go.kr/data/15052832/fileData.do,2022-00159,2022-00159,source_direct,1.000,0,,,,베트남,0,베트남 부동산 가격 DB 구축 및 가격정보종합시스템 개발 사업('22-'24/736만불),2022,2024,https://www.oda.go.kr/opo/bsin/bsnsSumryDocDetail.do?P_BSNS_NO=2022-00159,7360000,사업명에 표시된 KOICA 전체 사업예산; 건축공사비 아님,0,,,,,,,0
15052832:93,93,15052832,https://www.data.go.kr/data/15052832/fileData.do,2022-00156,2022-00156,source_direct,1.000,0,,,,튀니지,0,튀니지 산업재산권 공공행정 정보시스템 개선 사업('22-'26/373만불),2022,2026,https://www.oda.go.kr/opo/bsin/bsnsSumryDocDetail.do?P_BSNS_NO=2022-00156,3730000,사업명에 표시된 KOICA 전체 사업예산; 건축공사비 아님,0,,,,,,,0
15052832:94,94,15052832,https://www.data.go.kr/data/15052832/fileData.do,2022-00143,2022-00143,source_direct,1.000,0,,,,DR콩고,0,"DR콩고 카사이성트랄 주 만성영양실조 예방 사업(WFP, UNICEF)('22-'26/800만불)",2022,2026,https://www.oda.go.kr/opo/bsin/bsnsSumryDocDetail.do?P_BSNS_NO=2022-00143,8000000,사업명에 표시된 KOICA 전체 사업예산; 건축공사비 아님,0,,,,,,,0
15052832:95,95,15052832,https://www.data.go.kr/data/15052832/fileData.do,2022-00142,2022-00142,source_direct,1.000,1,L2024-00015-1;L2024-00015-2;L2025-00032-1;L2025-00032-2,,,카메룬,0,카메룬 전자정부 인식개선 및 역량강화 사업('22-'26/823만불),2022,2026,https://www.oda.go.kr/opo/bsin/bsnsSumryDocDetail.do?P_BSNS_NO=2022-00142,8230000,사업명에 표시된 KOICA 전체 사업예산; 건축공사비 아님,0,,,,,,,0
15052832:96,96,15052832,https://www.data.go.kr/data/15052832/fileData.do,2022-00140,2022-00140,source_direct,1.000,0,,,,과테말라,0,과테말라 키체주 농촌취약지역 기후회복력 강화사업('22-'26/700만불),2022,2026,https://www.oda.go.kr/opo/bsin/bsnsSumryDocDetail.do?P_BSNS_NO=2022-00140,7000000,사업명에 표시된 KOICA 전체 사업예산; 건축공사비 아님,0,,,,,,,0
15052832:97,97,15052832,https://www.data.go.kr/data/15052832/fileData.do,2022-00138,2022-00138,source_direct,1.000,0,,,,가나,0,"가나 북부 2개주 포괄적 일차보건의료체계 강화사업('22-'27/1,240만불)",2022,2027,https://www.oda.go.kr/opo/bsin/bsnsSumryDocDetail.do?P_BSNS_NO=2022-00138,12400000,사업명에 표시된 KOICA 전체 사업예산; 건축공사비 아님,0,,,,,,,0
15052832:98,98,15052832,https://www.data.go.kr/data/15052832/fileData.do,2022-00128,2022-00128,source_direct,1.000,0,,,,베트남,0,베트남 타이응웬성 지속가능한 폐기물관리체계 구축을 통한 폐기물 감량화 및 자원화 지원사업('22-'25/810만불),2022,2025,https://www.oda.go.kr/opo/bsin/bsnsSumryDocDetail.do?P_BSNS_NO=2022-00128,8100000,사업명에 표시된 KOICA 전체 사업예산; 건축공사비 아님,0,,,,,,,0
15052832:99,99,15052832,https://www.data.go.kr/data/15052832/fileData.do,2022-00127,2022-00127,source_direct,1.000,0,,,,베트남,0,"베트남 꽝찌성 장애인 종합재활센터 설립사업('22-'26/1,200만불)",2022,2026,https://www.oda.go.kr/opo/bsin/bsnsSumryDocDetail.do?P_BSNS_NO=2022-00127,12000000,사업명에 표시된 KOICA 전체 사업예산; 건축공사비 아님,0,,센터,,,,,0
15052832:100,100,15052832,https://www.data.go.kr/data/15052832/fileData.do,2022-00126,2022-00126,source_direct,1.000,0,,,,솔로몬군도,0,솔로몬군도 모자보건지원 2차사업(WHO)('22-'26/660만불),2022,2026,https://www.oda.go.kr/opo/bsin/bsnsSumryDocDetail.do?P_BSNS_NO=2022-00126,6600000,사업명에 표시된 KOICA 전체 사업예산; 건축공사비 아님,0,,,,,,,0
15052832:101,101,15052832,https://www.data.go.kr/data/15052832/fileData.do,2022-00123,2022-00123,source_direct,1.000,0,,,,팔레스타인,0,팔레스타인 야타지역 교육 취약계층 청소년을 위한 기술교육 고등학교 지원사업('22-'27/650만불),2022,2027,https://www.oda.go.kr/opo/bsin/bsnsSumryDocDetail.do?P_BSNS_NO=2022-00123,6500000,사업명에 표시된 KOICA 전체 사업예산; 건축공사비 아님,0,,학교,,,,,0
15052832:102,102,15052832,https://www.data.go.kr/data/15052832/fileData.do,2022-00120,2022-00120,source_direct,1.000,0,,,,탄자니아,0,탄자니아 보건분야 공동재정지원 프로그램 3차사업('22-'25/900만불),2022,2025,https://www.oda.go.kr/opo/bsin/bsnsSumryDocDetail.do?P_BSNS_NO=2022-00120,9000000,사업명에 표시된 KOICA 전체 사업예산; 건축공사비 아님,0,,,,,,,0
15052832:103,103,15052832,https://www.data.go.kr/data/15052832/fileData.do,2022-00119,2022-00119,source_direct,1.000,0,,,,스리랑카,0,스리랑카 경력개발 플랫폼을 활용한 직업기술교육훈련생 취업지원 사업 ('22-'26/600만불),2022,2026,https://www.oda.go.kr/opo/bsin/bsnsSumryDocDetail.do?P_BSNS_NO=2022-00119,6000000,사업명에 표시된 KOICA 전체 사업예산; 건축공사비 아님,0,,,,,,,0
15052832:104,104,15052832,https://www.data.go.kr/data/15052832/fileData.do,2022-00117,2022-00117,source_direct,1.000,0,,,,도미니카공화국;도미니카,0,도미니카공화국 조혼 및 여성대상폭력 예방을 통한 성평등 증진사업(UNICEF) ('22-'25/380만불),2022,2025,https://www.oda.go.kr/opo/bsin/bsnsSumryDocDetail.do?P_BSNS_NO=2022-00117,3800000,사업명에 표시된 KOICA 전체 사업예산; 건축공사비 아님,0,,,,,,,0
15052832:105,105,15052832,https://www.data.go.kr/data/15052832/fileData.do,2022-00115,2022-00115,source_direct,1.000,0,,,,우간다,1,우간다 고속도로 통합 매뉴얼 개발 및 주요 시설물 관리시스템 구축 사업('22-'26/750만불),2022,2026,https://www.oda.go.kr/opo/bsin/bsnsSumryDocDetail.do?P_BSNS_NO=2022-00115,7500000,사업명에 표시된 KOICA 전체 사업예산; 건축공사비 아님,0,,시설,,,,,0
15052832:106,106,15052832,https://www.data.go.kr/data/15052832/fileData.do,2022-00114,2022-00114,source_direct,1.000,0,,,,콜롬비아,0,콜롬비아 2개 분쟁피해지역(PDET)의 가치사슬 강화를 통한 소농 소득 증대사업(UNDP)('22-'27/940만불)),2022,2027,https://www.oda.go.kr/opo/bsin/bsnsSumryDocDetail.do?P_BSNS_NO=2022-00114,9400000,사업명에 표시된 KOICA 전체 사업예산; 건축공사비 아님,0,,,,,,,0
15052832:107,107,15052832,https://www.data.go.kr/data/15052832/fileData.do,2022-00103,2022-00103,source_direct,1.000,0,,,,우간다,1,우간다 농산업발전을 위한 청년 역량강화사업('22-'27/500만불),2022,2027,https://www.oda.go.kr/opo/bsin/bsnsSumryDocDetail.do?P_BSNS_NO=2022-00103,5000000,사업명에 표시된 KOICA 전체 사업예산; 건축공사비 아님,0,,,,,,,0
15052832:108,108,15052832,https://www.data.go.kr/data/15052832/fileData.do,2022-00097,2022-00097,source_direct,1.000,0,,,,베트남,0,베트남 한베 ICT 대학교 교육역량 강화 지원 사업('22-'27/770만불),2022,2027,https://www.oda.go.kr/opo/bsin/bsnsSumryDocDetail.do?P_BSNS_NO=2022-00097,7700000,사업명에 표시된 KOICA 전체 사업예산; 건축공사비 아님,0,,대학;학교,,,,,0
15052832:109,109,15052832,https://www.data.go.kr/data/15052832/fileData.do,2022-00094,2022-00094,source_direct,1.000,0,,,,베트남,0,"베트남 지뢰/불발탄 제거를 통한 중부지역 평화마을 조성 사업(UNDP)('22-'26/2,500만불)",2022,2026,https://www.oda.go.kr/opo/bsin/bsnsSumryDocDetail.do?P_BSNS_NO=2022-00094,25000000,사업명에 표시된 KOICA 전체 사업예산; 건축공사비 아님,0,,,,,,,0
15052832:110,110,15052832,https://www.data.go.kr/data/15052832/fileData.do,2022-00092,2022-00092,source_direct,1.000,0,,,,이라크,0,이라크 변압기 정비소 현대화 및 기술인력 역량강화 사업 ('22-'26/500만불),2022,2026,https://www.oda.go.kr/opo/bsin/bsnsSumryDocDetail.do?P_BSNS_NO=2022-00092,5000000,사업명에 표시된 KOICA 전체 사업예산; 건축공사비 아님,0,,,,,,,0
15052832:111,111,15052832,https://www.data.go.kr/data/15052832/fileData.do,2022-00089,2022-00089,source_direct,1.000,0,,,,라오스,0,라오스 디지털혁신중소기업학과 설립 및 전문인력양성 기반 구축 사업('22-'26/500만불),2022,2026,https://www.oda.go.kr/opo/bsin/bsnsSumryDocDetail.do?P_BSNS_NO=2022-00089,5000000,사업명에 표시된 KOICA 전체 사업예산; 건축공사비 아님,0,,,,,,,0
15052832:112,112,15052832,https://www.data.go.kr/data/15052832/fileData.do,2022-00085,2022-00085,source_direct,1.000,0,,,,필리핀,0,필리핀 스마트농업을 적용한 서비사야스 지역 고소득작물 가치사슬 강화사업('22-'27/800만불),2022,2027,https://www.oda.go.kr/opo/bsin/bsnsSumryDocDetail.do?P_BSNS_NO=2022-00085,8000000,사업명에 표시된 KOICA 전체 사업예산; 건축공사비 아님,0,,,,,,,0
15052832:113,113,15052832,https://www.data.go.kr/data/15052832/fileData.do,2022-00084,2022-00084,source_direct,1.000,1,L2025-00090-1;L2025-00090-2,,,인도네시아;인도,0,"인도네시아 재난대응 공공의료 훈련 역량강화사업('22-'25/1,200만불)",2022,2025,https://www.oda.go.kr/opo/bsin/bsnsSumryDocDetail.do?P_BSNS_NO=2022-00084,12000000,사업명에 표시된 KOICA 전체 사업예산; 건축공사비 아님,0,,,,,,,0
15052832:114,114,15052832,https://www.data.go.kr/data/15052832/fileData.do,2022-00082,2022-00082,source_direct,1.000,0,,,,이라크,0,이라크 니나와주 취약계층 청년 취업역량 강화 사업(UNESCO)('22-'26/550만불),2022,2026,https://www.oda.go.kr/opo/bsin/bsnsSumryDocDetail.do?P_BSNS_NO=2022-00082,5500000,사업명에 표시된 KOICA 전체 사업예산; 건축공사비 아님,0,,,,,,,0
15052832:115,115,15052832,https://www.data.go.kr/data/15052832/fileData.do,2022-00079,2022-00079,source_direct,1.000,1,L2023-00071-1;L2024-00053-1;L2025-00002-1,,,인도네시아;인도,0,인도네시아 사이버보안 전문인력양성 역량강화사업('22-'26/740만불),2022,2026,https://www.oda.go.kr/opo/bsin/bsnsSumryDocDetail.do?P_BSNS_NO=2022-00079,7400000,사업명에 표시된 KOICA 전체 사업예산; 건축공사비 아님,0,,,,,,,0
15052832:116,116,15052832,https://www.data.go.kr/data/15052832/fileData.do,2022-00076,2022-00076,source_direct,1.000,1,L2023-00038-1;L2025-00051-1;L2025-00051-2,,,피지,0,"피지 국립재활센터 건립사업('22-'27/1,000만불)",2022,2027,https://www.oda.go.kr/opo/bsin/bsnsSumryDocDetail.do?P_BSNS_NO=2022-00076,10000000,사업명에 표시된 KOICA 전체 사업예산; 건축공사비 아님,1,강한건축어,건립;센터,,,,,0
15052832:117,117,15052832,https://www.data.go.kr/data/15052832/fileData.do,2022-00070,2022-00070,source_direct,1.000,0,,,,라오스,0,"라오스 불발탄 분야 지속가능성 확보사업(UNDP)('22-'26/1,100만불)",2022,2026,https://www.oda.go.kr/opo/bsin/bsnsSumryDocDetail.do?P_BSNS_NO=2022-00070,11000000,사업명에 표시된 KOICA 전체 사업예산; 건축공사비 아님,0,,,,,,,0
15052832:118,118,15052832,https://www.data.go.kr/data/15052832/fileData.do,2022-00069,2022-00069,source_direct,1.000,1,L2025-00059-1;L2025-00075-1;L2025-00094-1,,,필리핀,0,"필리핀 기마라스주 지속가능한 스마트 수산양식장 구축 사업('22-'26/1,000만불)",2022,2026,https://www.oda.go.kr/opo/bsin/bsnsSumryDocDetail.do?P_BSNS_NO=2022-00069,10000000,사업명에 표시된 KOICA 전체 사업예산; 건축공사비 아님,0,,,,,,,0
15052832:119,119,15052832,https://www.data.go.kr/data/15052832/fileData.do,2022-00066,2022-00066,source_direct,1.000,0,,,,필리핀,0,필리핀 남부레이테 및 사마르 주 청소년 성생식 보건 개선사업 (UNFPA-UNICEF-WHO)('22-'26/650만불),2022,2026,https://www.oda.go.kr/opo/bsin/bsnsSumryDocDetail.do?P_BSNS_NO=2022-00066,6500000,사업명에 표시된 KOICA 전체 사업예산; 건축공사비 아님,0,,,,,,,0
15052832:120,120,15052832,https://www.data.go.kr/data/15052832/fileData.do,2022-00065,2022-00065,source_direct,1.000,0,,,,필리핀,0,"필리핀 마카티시 스마트 대중교통체계 구축사업('22-'25/1,300만불)",2022,2025,https://www.oda.go.kr/opo/bsin/bsnsSumryDocDetail.do?P_BSNS_NO=2022-00065,13000000,사업명에 표시된 KOICA 전체 사업예산; 건축공사비 아님,0,,,,,,,0
15052832:121,121,15052832,https://www.data.go.kr/data/15052832/fileData.do,2022-00061,2022-00061,source_direct,1.000,0,,,,방글라데시,0,방글라데시 디지털 지방자치 행정서비스 시스템 구축 확대사업('22-'26/800만불),2022,2026,https://www.oda.go.kr/opo/bsin/bsnsSumryDocDetail.do?P_BSNS_NO=2022-00061,8000000,사업명에 표시된 KOICA 전체 사업예산; 건축공사비 아님,0,,,,,,,0
15052832:122,122,15052832,https://www.data.go.kr/data/15052832/fileData.do,2022-00058,2022-00058,source_direct,1.000,1,L2024-00055-1;L2024-00076-1,,,페루,0,페루 쿠스코시 폐기물 통합관리체계 구축 및 자원순환 선진화 사업('22-'27/450만불),2022,2027,https://www.oda.go.kr/opo/bsin/bsnsSumryDocDetail.do?P_BSNS_NO=2022-00058,4500000,사업명에 표시된 KOICA 전체 사업예산; 건축공사비 아님,0,,,,,,,0
15052832:123,123,15052832,https://www.data.go.kr/data/15052832/fileData.do,2022-00056,2022-00056,source_direct,1.000,0,,,,캄보디아,0,"캄보디아 농촌종합개발을 통한 평화마을 조성사업('22-'26/1,000만불)",2022,2026,https://www.oda.go.kr/opo/bsin/bsnsSumryDocDetail.do?P_BSNS_NO=2022-00056,10000000,사업명에 표시된 KOICA 전체 사업예산; 건축공사비 아님,0,,,,,,,0
15052832:124,124,15052832,https://www.data.go.kr/data/15052832/fileData.do,2022-00051,2022-00051,source_direct,1.000,0,,,,스리랑카,0,스리랑카 중부주.우바주 코로나19 피해 지역사회의 사회경제적 회복력 강화사업(UN-Habitat) ('22-'25/600만불),2022,2025,https://www.oda.go.kr/opo/bsin/bsnsSumryDocDetail.do?P_BSNS_NO=2022-00051,6000000,사업명에 표시된 KOICA 전체 사업예산; 건축공사비 아님,0,,,,,,,0
15052832:125,125,15052832,https://www.data.go.kr/data/15052832/fileData.do,2022-00049,2022-00049,source_direct,1.000,0,,,,르완다,0,르완다 디지털 대사 프로그램 지원을 통한 디지털 문해율 증진 사업('22-'25/450만불),2022,2025,https://www.oda.go.kr/opo/bsin/bsnsSumryDocDetail.do?P_BSNS_NO=2022-00049,4500000,사업명에 표시된 KOICA 전체 사업예산; 건축공사비 아님,0,,,,,,,0
15052832:126,126,15052832,https://www.data.go.kr/data/15052832/fileData.do,2022-00048,2022-00048,source_direct,1.000,1,L2024-00021-1;L2024-00022-1,,,몽골,0,몽골 초중고등학교 급식환경 개선 및 역량강화 사업 ('22-'26/800만불),2022,2026,https://www.oda.go.kr/opo/bsin/bsnsSumryDocDetail.do?P_BSNS_NO=2022-00048,8000000,사업명에 표시된 KOICA 전체 사업예산; 건축공사비 아님,0,,학교,,,,,0
15052832:127,127,15052832,https://www.data.go.kr/data/15052832/fileData.do,2022-00045,2022-00045,source_direct,1.000,1,L2023-00072-1;L2023-00072-2,,,이집트,0,이집트 정부서비스청(GAGS) 공공 전자조달시스템 개선 사업('22-'26/790만불),2022,2026,https://www.oda.go.kr/opo/bsin/bsnsSumryDocDetail.do?P_BSNS_NO=2022-00045,7900000,사업명에 표시된 KOICA 전체 사업예산; 건축공사비 아님,0,,,,,,,0
15052832:128,128,15052832,https://www.data.go.kr/data/15052832/fileData.do,2022-00044,2022-00044,source_direct,1.000,0,,,,동티모르,0,동티모르 청년 취?창업 지원사업(UNDP)('22-'27/620만불),2022,2027,https://www.oda.go.kr/opo/bsin/bsnsSumryDocDetail.do?P_BSNS_NO=2022-00044,6200000,사업명에 표시된 KOICA 전체 사업예산; 건축공사비 아님,0,,,,,,,0
15052832:129,129,15052832,https://www.data.go.kr/data/15052832/fileData.do,2022-00041,2022-00041,source_direct,1.000,0,,,,요르단,0,요르단 제라시주 마스타바 지역 노후 상수도 관망 개선사업('22-'26/913.1만불),2022,2026,https://www.oda.go.kr/opo/bsin/bsnsSumryDocDetail.do?P_BSNS_NO=2022-00041,9131000,사업명에 표시된 KOICA 전체 사업예산; 건축공사비 아님,0,,,,,,,0
15052832:130,130,15052832,https://www.data.go.kr/data/15052832/fileData.do,2022-00039,2022-00039,source_direct,1.000,0,,,,에콰도르,0,에콰도르 생물다양성 보전과 지속가능한 이용을 위한 국가 유전자원 데이터 은행 설립사업('22-'28/900만불),2022,2028,https://www.oda.go.kr/opo/bsin/bsnsSumryDocDetail.do?P_BSNS_NO=2022-00039,9000000,사업명에 표시된 KOICA 전체 사업예산; 건축공사비 아님,0,,,,,,,0
15052832:131,131,15052832,https://www.data.go.kr/data/15052832/fileData.do,2022-00038,2022-00038,source_direct,1.000,1,L2023-00070-1;L2023-00070-2;L2025-00029-1;L2025-00030-1,,,볼리비아;리비아,0,볼리비아 라파스주 임상병리검사실체계 강화사업('22-'26/700만불),2022,2026,https://www.oda.go.kr/opo/bsin/bsnsSumryDocDetail.do?P_BSNS_NO=2022-00038,7000000,사업명에 표시된 KOICA 전체 사업예산; 건축공사비 아님,0,,,,,,,0
15052832:132,132,15052832,https://www.data.go.kr/data/15052832/fileData.do,2022-00036,2022-00036,source_direct,1.000,1,L2023-00061-1;L2024-00069-1,,,에티오피아,0,"에티오피아 가죽 및 가죽제품 경쟁력 강화 사업('22-'27/1,000만불)",2022,2027,https://www.oda.go.kr/opo/bsin/bsnsSumryDocDetail.do?P_BSNS_NO=2022-00036,10000000,사업명에 표시된 KOICA 전체 사업예산; 건축공사비 아님,0,,,,,,,0
15052832:133,133,15052832,https://www.data.go.kr/data/15052832/fileData.do,2022-00027,2022-00027,source_direct,1.000,1,L2025-00073-1,,,캄보디아,0,"캄보디아 국립소아병원 내과계 병동건립 및 의료인력 역량강화사업('22-'27/1,600만불)",2022,2027,https://www.oda.go.kr/opo/bsin/bsnsSumryDocDetail.do?P_BSNS_NO=2022-00027,16000000,사업명에 표시된 KOICA 전체 사업예산; 건축공사비 아님,1,강한건축어,건립;병원,,,,,0
15052832:134,134,15052832,https://www.data.go.kr/data/15052832/fileData.do,2022-00026,2022-00026,source_direct,1.000,0,,,,우즈베키스탄,0,"우즈베키스탄 질병부담 경감을 위한 감염병 대응체계 강화 사업('22-'26/1,415만불)",2022,2026,https://www.oda.go.kr/opo/bsin/bsnsSumryDocDetail.do?P_BSNS_NO=2022-00026,14150000,사업명에 표시된 KOICA 전체 사업예산; 건축공사비 아님,0,,,,,,,0
15052832:135,135,15052832,https://www.data.go.kr/data/15052832/fileData.do,2022-00025,2022-00025,source_direct,1.000,0,,,,네팔,0,네팔 한국 귀환노동자 안정적 재정착을 위한 단계별 지원체계 강화사업('22-'28/800만불),2022,2028,https://www.oda.go.kr/opo/bsin/bsnsSumryDocDetail.do?P_BSNS_NO=2022-00025,8000000,사업명에 표시된 KOICA 전체 사업예산; 건축공사비 아님,0,,,,,,,0
15052832:136,136,15052832,https://www.data.go.kr/data/15052832/fileData.do,2022-00022,2022-00022,source_direct,1.000,0,,,,키르기즈,0,키르기즈공화국 포괄적 스마트 축산물이력제도 운영을 통한 축산물안전성 강화사업('22-'26/550만불),2022,2026,https://www.oda.go.kr/opo/bsin/bsnsSumryDocDetail.do?P_BSNS_NO=2022-00022,5500000,사업명에 표시된 KOICA 전체 사업예산; 건축공사비 아님,0,,,,,,,0
15052832:137,137,15052832,https://www.data.go.kr/data/15052832/fileData.do,2022-00013,2022-00013,source_direct,1.000,0,,,,콜롬비아,0,콜롬비아 2개 분쟁피해지역(PDET) 평화지속화를 위한 지역사회 거버넌스 역량강화사업('22-'26/640만불),2022,2026,https://www.oda.go.kr/opo/bsin/bsnsSumryDocDetail.do?P_BSNS_NO=2022-00013,6400000,사업명에 표시된 KOICA 전체 사업예산; 건축공사비 아님,0,,,,,,,0
15052832:138,138,15052832,https://www.data.go.kr/data/15052832/fileData.do,2022-00011,2022-00011,source_direct,1.000,1,L2022-00069-1;L2024-00017-1;L2024-00018-1,,,파라과이,0,파라과이 아순시온 국립대학 ICT 혁신센터 설립을 통한 ICT 경쟁력 강화 사업('22-'26/960만불),2022,2026,https://www.oda.go.kr/opo/bsin/bsnsSumryDocDetail.do?P_BSNS_NO=2022-00011,9600000,사업명에 표시된 KOICA 전체 사업예산; 건축공사비 아님,0,,대학;센터,,,,,0
15052832:139,139,15052832,https://www.data.go.kr/data/15052832/fileData.do,2022-00010,2022-00010,source_direct,1.000,0,,,,동티모르,0,동티모르 감염병 예방 및 대응 역량강화 사업(WHO)('22-'26/600만불),2022,2026,https://www.oda.go.kr/opo/bsin/bsnsSumryDocDetail.do?P_BSNS_NO=2022-00010,6000000,사업명에 표시된 KOICA 전체 사업예산; 건축공사비 아님,0,,,,,,,0
15052832:140,140,15052832,https://www.data.go.kr/data/15052832/fileData.do,2022-00007,2022-00007,source_direct,1.000,0,,,,,0,앙골라 북서부 3개 주 교육격차 해소를 위한 교사 역량강화 및 취약계층 교육의 질 향상 사업(3단계)('22-'26/576만불),2022,2026,https://www.oda.go.kr/opo/bsin/bsnsSumryDocDetail.do?P_BSNS_NO=2022-00007,5760000,사업명에 표시된 KOICA 전체 사업예산; 건축공사비 아님,0,,,,,,,0
15052832:141,141,15052832,https://www.data.go.kr/data/15052832/fileData.do,2022-00003,2022-00003,source_direct,1.000,1,L2025-00080-1;L2025-00106-1;L2025-00107-1,,,세네갈,0,세네갈 국가공중보건 실험실 역량강화사업('22-'26/600만불),2022,2026,https://www.oda.go.kr/opo/bsin/bsnsSumryDocDetail.do?P_BSNS_NO=2022-00003,6000000,사업명에 표시된 KOICA 전체 사업예산; 건축공사비 아님,0,,실험실,,,,,0
15052832:142,142,15052832,https://www.data.go.kr/data/15052832/fileData.do,2021-00187,2021-00187,source_direct,1.000,0,,,,우즈베키스탄,0,우즈베키스탄 국가화학산업 발전을 위한 화학연구원 설립 역량강화사업('21...,2021,2027,https://www.oda.go.kr/opo/bsin/bsnsSumryDocDetail.do?P_BSNS_NO=2021-00187,,,0,,,,,,,0
15052832:143,143,15052832,https://www.data.go.kr/data/15052832/fileData.do,2021-00180,2021-00180,source_direct,1.000,0,,,,인도,0,인도 직업기술교육 역량강화사업('21-'23/200만불)...,2021,2023,https://www.oda.go.kr/opo/bsin/bsnsSumryDocDetail.do?P_BSNS_NO=2021-00180,2000000,사업명에 표시된 KOICA 전체 사업예산; 건축공사비 아님,0,,,,,,,0
15052832:144,144,15052832,https://www.data.go.kr/data/15052832/fileData.do,2021-00179,2021-00179,source_direct,1.000,0,,,,베트남,0,베트남 도시정보관리시스템 구축사업('21-'25/950만불)...,2021,2025,https://www.oda.go.kr/opo/bsin/bsnsSumryDocDetail.do?P_BSNS_NO=2021-00179,9500000,사업명에 표시된 KOICA 전체 사업예산; 건축공사비 아님,0,,,,,,,0
15052832:145,145,15052832,https://www.data.go.kr/data/15052832/fileData.do,2021-00178,2021-00178,source_direct,1.000,0,,,,캄보디아,0,캄보디아 고등인재양성 왕립프놈펜대학 환경공학과 설립사업('21-'26/6...,2021,2026,https://www.oda.go.kr/opo/bsin/bsnsSumryDocDetail.do?P_BSNS_NO=2021-00178,,,0,,대학,,,,,0
15052832:146,146,15052832,https://www.data.go.kr/data/15052832/fileData.do,2021-00177,2021-00177,source_direct,1.000,0,,,,베트남,0,베트남 축산 고등전문인력 양성을 위한 국립농업대학교 역량강화 사업('21...,2021,2027,https://www.oda.go.kr/opo/bsin/bsnsSumryDocDetail.do?P_BSNS_NO=2021-00177,,,0,,대학;학교,,,,,0
15052832:147,147,15052832,https://www.data.go.kr/data/15052832/fileData.do,2021-00176,2021-00176,source_direct,1.000,0,,,,베트남,0,"베트남 하이테크 농업발전을 위한 호치민국립대 농과대학 교육, 연구 역량강...",2021,2027,https://www.oda.go.kr/opo/bsin/bsnsSumryDocDetail.do?P_BSNS_NO=2021-00176,,,0,,대학,,,,,0
15052832:148,148,15052832,https://www.data.go.kr/data/15052832/fileData.do,2021-00175,2021-00175,source_direct,1.000,0,,,,베트남,0,베트남 호치민의약학대학 교육연구 역량강화 사업('21-'26년/968만불...,2021,2026,https://www.oda.go.kr/opo/bsin/bsnsSumryDocDetail.do?P_BSNS_NO=2021-00175,9680000,사업명에 표시된 KOICA 전체 사업예산; 건축공사비 아님,0,,대학,,,,,0
15052832:149,149,15052832,https://www.data.go.kr/data/15052832/fileData.do,2021-00172,2021-00172,source_direct,1.000,0,,,,미얀마,0,"미얀마 철도 역량강화 사업('21-'26/1,460만불)...",2021,2026,https://www.oda.go.kr/opo/bsin/bsnsSumryDocDetail.do?P_BSNS_NO=2021-00172,14600000,사업명에 표시된 KOICA 전체 사업예산; 건축공사비 아님,0,,,,,,,0
15052832:150,150,15052832,https://www.data.go.kr/data/15052832/fileData.do,2021-00169,2021-00169,source_direct,1.000,0,,,,베트남,0,베트남 금융분야 조기경보 및 위기관리 역량강화 사업('21-'25/237...,2021,2025,https://www.oda.go.kr/opo/bsin/bsnsSumryDocDetail.do?P_BSNS_NO=2021-00169,,,0,,,,,,,0
15052832:151,151,15052832,https://www.data.go.kr/data/15052832/fileData.do,2021-00168,2021-00168,source_direct,1.000,0,,,,엘살바도르,0,엘살바도르 산살바도르 도시교통 마스터플랜 수립 및 교통신호체계 개선사업(...,2021,2025,https://www.oda.go.kr/opo/bsin/bsnsSumryDocDetail.do?P_BSNS_NO=2021-00168,,,0,,,,,,,0
15052832:152,152,15052832,https://www.data.go.kr/data/15052832/fileData.do,2021-00166,2021-00166,source_direct,1.000,0,,,,필리핀,0,필리핀 해양 쓰레기 관리 역량 강화 사업('21-'25/770만불)...,2021,2025,https://www.oda.go.kr/opo/bsin/bsnsSumryDocDetail.do?P_BSNS_NO=2021-00166,7700000,사업명에 표시된 KOICA 전체 사업예산; 건축공사비 아님,0,,,,,,,0
15052832:153,153,15052832,https://www.data.go.kr/data/15052832/fileData.do,2021-00165,2021-00165,source_direct,1.000,0,,,,인도네시아;인도,0,인도네시아 해안쓰레기 관리정책 역량강화('21-'23/250만불)...,2021,2023,https://www.oda.go.kr/opo/bsin/bsnsSumryDocDetail.do?P_BSNS_NO=2021-00165,2500000,사업명에 표시된 KOICA 전체 사업예산; 건축공사비 아님,0,,,,,,,0
15052832:154,154,15052832,https://www.data.go.kr/data/15052832/fileData.do,2021-00164,2021-00164,source_direct,1.000,0,,,,우즈베키스탄,0,우즈베키스탄 IT Park의 지속가능한 성장을 위한 기반조성 및 역량강화...,2021,2025,https://www.oda.go.kr/opo/bsin/bsnsSumryDocDetail.do?P_BSNS_NO=2021-00164,,,0,,,,,,,0
15052832:155,155,15052832,https://www.data.go.kr/data/15052832/fileData.do,2021-00163,2021-00163,source_direct,1.000,1,L2022-00063-1;L2022-00063-2;L2022-00064-1;L2023-00048-1,,,몽골,0,몽골 대기환경 개선을 위한 에너지원 품질 관리 역량 강화사업('21-'2...,2021,2025,https://www.oda.go.kr/opo/bsin/bsnsSumryDocDetail.do?P_BSNS_NO=2021-00163,,,0,,,,,,,0
15052832:156,156,15052832,https://www.data.go.kr/data/15052832/fileData.do,2021-00162,2021-00162,source_direct,1.000,0,,,,인도네시아;인도,0,인도네시아 법령정보시스템 구축 사업('21-'25/850만불)...,2021,2025,https://www.oda.go.kr/opo/bsin/bsnsSumryDocDetail.do?P_BSNS_NO=2021-00162,8500000,사업명에 표시된 KOICA 전체 사업예산; 건축공사비 아님,0,,,,,,,0
15052832:157,157,15052832,https://www.data.go.kr/data/15052832/fileData.do,2021-00161,2021-00161,source_direct,1.000,0,,,,알제리,0,알제리 전자무역을 위한 싱글윈도우 구축 사업('21-'25/750만불)...,2021,2025,https://www.oda.go.kr/opo/bsin/bsnsSumryDocDetail.do?P_BSNS_NO=2021-00161,7500000,사업명에 표시된 KOICA 전체 사업예산; 건축공사비 아님,0,,,,,,,0
15052832:158,158,15052832,https://www.data.go.kr/data/15052832/fileData.do,2021-00158,2021-00158,source_direct,1.000,0,,,,필리핀,0,필리핀 재해경감을 위한 메트로 마닐라 통합 홍수관리 체계 구축사업('21...,2021,2026,https://www.oda.go.kr/opo/bsin/bsnsSumryDocDetail.do?P_BSNS_NO=2021-00158,,,0,,,,,,,0
15052832:159,159,15052832,https://www.data.go.kr/data/15052832/fileData.do,2021-00156,2021-00156,source_direct,1.000,1,L2024-00052-1;L2025-00079-1,,,인도네시아;인도,0,인도네시아 보고르대학교 농업생명과학연구센터 역량강화 사업(‘2...,2021,2027,https://www.oda.go.kr/opo/bsin/bsnsSumryDocDetail.do?P_BSNS_NO=2021-00156,,,0,,대학;센터;연구센터;학교,,,,,0
15052832:160,160,15052832,https://www.data.go.kr/data/15052832/fileData.do,2021-00155,2021-00155,source_direct,1.000,0,,,,팔레스타인,0,팔레스타인 서안지구 통합적 교육환경 개선사업 (UNICEF)('21-'2...,2021,2025,https://www.oda.go.kr/opo/bsin/bsnsSumryDocDetail.do?P_BSNS_NO=2021-00155,,,0,,,,,,,0
15052832:161,161,15052832,https://www.data.go.kr/data/15052832/fileData.do,2021-00154,2021-00154,source_direct,1.000,0,,,,베트남,0,"베트남 중부지역 꽝빈성 평화마을 농촌개발 프로그램 ('21-'25/1,0...",2021,2025,https://www.oda.go.kr/opo/bsin/bsnsSumryDocDetail.do?P_BSNS_NO=2021-00154,,,0,,,,,,,0
15052832:162,162,15052832,https://www.data.go.kr/data/15052832/fileData.do,2021-00152,2021-00152,source_direct,1.000,1,L2024-00042-1,,,라오스,0,라오스 8번 국도(아시안 하이웨이 15) 교량과 도로안전 기능개선 및 역...,2021,2025,https://www.oda.go.kr/opo/bsin/bsnsSumryDocDetail.do?P_BSNS_NO=2021-00152,,,0,,,,,,,0
15052832:163,163,15052832,https://www.data.go.kr/data/15052832/fileData.do,2021-00141,2021-00141,source_direct,1.000,1,L2022-00006-1,,,네팔,0,네팔 경찰청 사이버 안전국 설립을 통한 사이버 수사능력 강화사업('21-...,2021,2026,https://www.oda.go.kr/opo/bsin/bsnsSumryDocDetail.do?P_BSNS_NO=2021-00141,,,0,,,,,,,0
15052832:164,164,15052832,https://www.data.go.kr/data/15052832/fileData.do,2021-00139,2021-00139,source_direct,1.000,1,L2021-00013-1;L2022-00029-1,,,네팔,0,네팔 Province 2 지역 건설기술인력 양성을 위한 모델 폴리텍 설립...,2021,2027,https://www.oda.go.kr/opo/bsin/bsnsSumryDocDetail.do?P_BSNS_NO=2021-00139,,,0,,,,,,,0
15052832:165,165,15052832,https://www.data.go.kr/data/15052832/fileData.do,2021-00136,2021-00136,source_direct,1.000,0,,,,,0,아프리카연합(AU) 간염 예방 및 통제 지원사업('21-'24/500만불...,2021,2024,https://www.oda.go.kr/opo/bsin/bsnsSumryDocDetail.do?P_BSNS_NO=2021-00136,5000000,사업명에 표시된 KOICA 전체 사업예산; 건축공사비 아님,0,,,,,,,0
15052832:166,166,15052832,https://www.data.go.kr/data/15052832/fileData.do,2021-00135,2021-00135,source_direct,1.000,0,,,,스리랑카,0,스리랑카 도로교통 DB 구축 및 역량강화 사업('21-'24/400만불)...,2021,2024,https://www.oda.go.kr/opo/bsin/bsnsSumryDocDetail.do?P_BSNS_NO=2021-00135,4000000,사업명에 표시된 KOICA 전체 사업예산; 건축공사비 아님,0,,,,,,,0
15052832:167,167,15052832,https://www.data.go.kr/data/15052832/fileData.do,2021-00131,2021-00131,source_direct,1.000,0,,,,팔레스타인,0,팔레스타인 서안지구 공공 재활치료센터 구축 및 역량강화사업('21-'25...,2021,2025,https://www.oda.go.kr/opo/bsin/bsnsSumryDocDetail.do?P_BSNS_NO=2021-00131,,,0,,센터,,,,,0
15052832:168,168,15052832,https://www.data.go.kr/data/15052832/fileData.do,2021-00127,2021-00127,source_direct,1.000,0,,,,요르단,0,요르단 빅데이터 기반 치안정보 통합관리 시스템 구축 사업('21-'25/...,2021,2025,https://www.oda.go.kr/opo/bsin/bsnsSumryDocDetail.do?P_BSNS_NO=2021-00127,,,0,,,,,,,0
15052832:169,169,15052832,https://www.data.go.kr/data/15052832/fileData.do,2021-00126,2021-00126,source_direct,1.000,1,L2024-00035-1;L2025-00008-1,,,케냐,0,케냐 카지아도주 보건시스템 강화를 통한 모성 및 신생아 보건 개선 사업(...,2021,2026,https://www.oda.go.kr/opo/bsin/bsnsSumryDocDetail.do?P_BSNS_NO=2021-00126,,,0,,,,,,,0
15052832:170,170,15052832,https://www.data.go.kr/data/15052832/fileData.do,2021-00125,2021-00125,source_direct,1.000,0,,,,케냐,0,케냐 청년취업 증진을 위한 직업기술교육훈련사업(GIZ)('21-'24/7...,2021,2024,https://www.oda.go.kr/opo/bsin/bsnsSumryDocDetail.do?P_BSNS_NO=2021-00125,,,0,,,,,,,0
15052832:171,171,15052832,https://www.data.go.kr/data/15052832/fileData.do,2021-00123,2021-00123,source_direct,1.000,0,,,,우간다,1,우간다 캄팔라지역 고형폐기물 및 분뇨처리 역량강화사업(GGGI)(`21-...,2021,2023,https://www.oda.go.kr/opo/bsin/bsnsSumryDocDetail.do?P_BSNS_NO=2021-00123,,,0,,,,,,,0
15052832:172,172,15052832,https://www.data.go.kr/data/15052832/fileData.do,2021-00121,2021-00121,source_direct,1.000,0,,,,탄자니아,0,탄자니아 도도마주 보건의료정보체계(GoT-HoMIS) 확산 사업(`21-...,2021,2025,https://www.oda.go.kr/opo/bsin/bsnsSumryDocDetail.do?P_BSNS_NO=2021-00121,,,0,,,,,,,0
15052832:173,173,15052832,https://www.data.go.kr/data/15052832/fileData.do,2021-00119,2021-00119,source_direct,1.000,0,,,,탄자니아,0,탄자니아 청년 취업을 위한 직업능력개발사업(GIZ)(`21-`23/530...,2021,2023,https://www.oda.go.kr/opo/bsin/bsnsSumryDocDetail.do?P_BSNS_NO=2021-00119,,,0,,,,,,,0
15052832:174,174,15052832,https://www.data.go.kr/data/15052832/fileData.do,2021-00117,2021-00117,source_direct,1.000,0,,,,에티오피아,0,에티오피아 암하라주 농산물 수확후 관리 및 유통기능 제고를 통한 농촌지역...,2021,2025,https://www.oda.go.kr/opo/bsin/bsnsSumryDocDetail.do?P_BSNS_NO=2021-00117,,,0,,,,,,,0
15052832:175,175,15052832,https://www.data.go.kr/data/15052832/fileData.do,2021-00111,2021-00111,source_direct,1.000,1,L2022-00036-1;L2024-00049-1;L2024-00049-2;L2024-00054-1;L2024-00054-2,,,엘살바도르,0,엘살바도르 ITCA 공학교육역량 강화사업('21-'26/580만불)   ...,2021,2026,https://www.oda.go.kr/opo/bsin/bsnsSumryDocDetail.do?P_BSNS_NO=2021-00111,5800000,사업명에 표시된 KOICA 전체 사업예산; 건축공사비 아님,0,,학교,,,,,0
15052832:176,176,15052832,https://www.data.go.kr/data/15052832/fileData.do,2021-00109,2021-00109,source_direct,1.000,0,,,,이집트,0,이집트 여성 경제 역량강화 사업(UN Women)('21-'24/250만...,2021,2024,https://www.oda.go.kr/opo/bsin/bsnsSumryDocDetail.do?P_BSNS_NO=2021-00109,,,0,,,,,,,0
15052832:177,177,15052832,https://www.data.go.kr/data/15052832/fileData.do,2021-00105,2021-00105,source_direct,1.000,0,,,,과테말라,0,과테말라 수도권 교통개선마스터플랜 수립 및 순환고속도로 타당성 조사사업(...,2021,2025,https://www.oda.go.kr/opo/bsin/bsnsSumryDocDetail.do?P_BSNS_NO=2021-00105,,,0,,,,,,,0
15052832:178,178,15052832,https://www.data.go.kr/data/15052832/fileData.do,2021-00104,2021-00104,source_direct,1.000,1,L2024-00068-1;L2024-00068-2,,,코트디부아르,0,코트디부아르 국립직업기술교육원 교사 ICT기반 교수역량강화사업('21-'...,2021,2025,https://www.oda.go.kr/opo/bsin/bsnsSumryDocDetail.do?P_BSNS_NO=2021-00104,,,0,,교육원,,,,,0
15052832:179,179,15052832,https://www.data.go.kr/data/15052832/fileData.do,2021-00103,2021-00103,source_direct,1.000,0,,,,,0,수단 아비에이 지역 참여적 사회통합 및 경제 회복력 강화 사업(`21-`...,2021,2023,https://www.oda.go.kr/opo/bsin/bsnsSumryDocDetail.do?P_BSNS_NO=2021-00103,,,0,,,,,,,0
15052832:180,180,15052832,https://www.data.go.kr/data/15052832/fileData.do,2021-00100,2021-00100,source_direct,1.000,0,,,,르완다,0,르완다 소프트웨어 특성화고 역량강화 사업('21-'25/710만불)...,2021,2025,https://www.oda.go.kr/opo/bsin/bsnsSumryDocDetail.do?P_BSNS_NO=2021-00100,7100000,사업명에 표시된 KOICA 전체 사업예산; 건축공사비 아님,0,,,,,,,0
15052832:181,181,15052832,https://www.data.go.kr/data/15052832/fileData.do,2021-00098,2021-00098,source_direct,1.000,1,L2023-00066-1,,,에티오피아,0,에티오피아 아디스아바바 강변개발 미스터플랜 수립지원 및 Sheger강 상...,2021,2024,https://www.oda.go.kr/opo/bsin/bsnsSumryDocDetail.do?P_BSNS_NO=2021-00098,,,0,,,,,,,0
15052832:182,182,15052832,https://www.data.go.kr/data/15052832/fileData.do,2021-00097,2021-00097,source_direct,1.000,1,L2023-00030-1;L2024-00036-1;L2025-00015-1;L2025-00015-2,,,피지,0,피지 농업공존형 태양광 발전사업(GCF)('21-'24/800만불)...,2021,2024,https://www.oda.go.kr/opo/bsin/bsnsSumryDocDetail.do?P_BSNS_NO=2021-00097,8000000,사업명에 표시된 KOICA 전체 사업예산; 건축공사비 아님,0,,,,,,,0
15052832:183,183,15052832,https://www.data.go.kr/data/15052832/fileData.do,2021-00094,2021-00094,source_direct,1.000,0,,,,필리핀,0,필리핀 정부 통합수자원관리 및 개발 역량강화 사업('21-'24/250만...,2021,2024,https://www.oda.go.kr/opo/bsin/bsnsSumryDocDetail.do?P_BSNS_NO=2021-00094,,,0,,,,,,,0
15052832:184,184,15052832,https://www.data.go.kr/data/15052832/fileData.do,2021-00092,2021-00092,source_direct,1.000,0,,,,라오스,0,라오스 농촌개발 실행전략 수립 및 중북부지역 농가소득증대 시범사업('21...,2021,2025,https://www.oda.go.kr/opo/bsin/bsnsSumryDocDetail.do?P_BSNS_NO=2021-00092,,,0,,,,,,,0
15052832:185,185,15052832,https://www.data.go.kr/data/15052832/fileData.do,2021-00090,2021-00090,source_direct,1.000,0,,,,코트디부아르,0,코트디부아르 북부 3개주 젠더기반 포용적 중등교육사업(UNICEF)('2...,2021,2025,https://www.oda.go.kr/opo/bsin/bsnsSumryDocDetail.do?P_BSNS_NO=2021-00090,,,0,,,,,,,0
15052832:186,186,15052832,https://www.data.go.kr/data/15052832/fileData.do,2021-00089,2021-00089,source_direct,1.000,0,,,,페루,0,페루 취약계층 건강보험 심사절차 디지털화 및 원격의료 플랫폼 구축사업('...,2021,2026,https://www.oda.go.kr/opo/bsin/bsnsSumryDocDetail.do?P_BSNS_NO=2021-00089,,,0,,,,,,,0
15052832:187,187,15052832,https://www.data.go.kr/data/15052832/fileData.do,2021-00088,2021-00088,source_direct,1.000,0,,,,이라크,0,이라크 분쟁 피해지역 경제회복 지원 사업(IOM)('21-'24/500만...,2021,2024,https://www.oda.go.kr/opo/bsin/bsnsSumryDocDetail.do?P_BSNS_NO=2021-00088,,,0,,,,,,,0
15052832:188,188,15052832,https://www.data.go.kr/data/15052832/fileData.do,2021-00087,2021-00087,source_direct,1.000,0,,,,튀니지,0,튀니지 고용정책 실현 강화와 청년 및 여성을 위한 ICT 기반 일자리 창...,2021,2025,https://www.oda.go.kr/opo/bsin/bsnsSumryDocDetail.do?P_BSNS_NO=2021-00087,,,0,,,,,,,0
15052832:189,189,15052832,https://www.data.go.kr/data/15052832/fileData.do,2021-00085,2021-00085,source_direct,1.000,1,L2023-00065-1,,,우즈베키스탄,0,우즈베키스탄 교수학습개발복합센터 건립을 통한 유아교사 역량강화사업('21...,2021,2026,https://www.oda.go.kr/opo/bsin/bsnsSumryDocDetail.do?P_BSNS_NO=2021-00085,,,1,강한건축어,건립;센터,,,,,0
15052832:190,190,15052832,https://www.data.go.kr/data/15052832/fileData.do,2021-00083,2021-00083,source_direct,1.000,0,,,,페루,0,페루 평화판사 역량강화를 통한 지역사회 젠더폭력 대응력 개선사업('21-...,2021,2027,https://www.oda.go.kr/opo/bsin/bsnsSumryDocDetail.do?P_BSNS_NO=2021-00083,,,0,,,,,,,0
15052832:191,191,15052832,https://www.data.go.kr/data/15052832/fileData.do,2021-00081,2021-00081,source_direct,1.000,0,,,,볼리비아;리비아,0,볼리비아 성 및 재생산권리 향상을 위한 성평등 촉진 사업 (UNFPA)(...,2021,2025,https://www.oda.go.kr/opo/bsin/bsnsSumryDocDetail.do?P_BSNS_NO=2021-00081,,,0,,,,,,,0
15052832:192,192,15052832,https://www.data.go.kr/data/15052832/fileData.do,2021-00080,2021-00080,source_direct,1.000,0,,,,볼리비아;리비아,0,볼리비아 취약계층 여성의 비즈니스 역량강화 및 성주류화 제도수립 지원 (...,2021,2025,https://www.oda.go.kr/opo/bsin/bsnsSumryDocDetail.do?P_BSNS_NO=2021-00080,,,0,,,,,,,0
15052832:193,193,15052832,https://www.data.go.kr/data/15052832/fileData.do,2021-00078,2021-00078,source_direct,1.000,0,,,,스리랑카,0,스리랑카 사법체계의 마약분석 역량강화사업(`21-`24/400만불)...,2021,2024,https://www.oda.go.kr/opo/bsin/bsnsSumryDocDetail.do?P_BSNS_NO=2021-00078,4000000,사업명에 표시된 KOICA 전체 사업예산; 건축공사비 아님,0,,,,,,,0
15052832:194,194,15052832,https://www.data.go.kr/data/15052832/fileData.do,2021-00075,2021-00075,source_direct,1.000,1,L2023-00006-1;L2023-00019-1;L2023-00022-1,,,동티모르,0,동티모르 농민참여형 가치사슬 개선사업('21-'25/600만불)...,2021,2025,https://www.oda.go.kr/opo/bsin/bsnsSumryDocDetail.do?P_BSNS_NO=2021-00075,6000000,사업명에 표시된 KOICA 전체 사업예산; 건축공사비 아님,0,,,,,,,0
15052832:195,195,15052832,https://www.data.go.kr/data/15052832/fileData.do,2021-00073,2021-00073,source_direct,1.000,0,,,,동티모르,0,동티모르 학교 중심 기초보건시스템 개선 및 학교급식 역량강화 사업('21...,2021,2025,https://www.oda.go.kr/opo/bsin/bsnsSumryDocDetail.do?P_BSNS_NO=2021-00073,,,0,,학교,,,,,0
15052832:196,196,15052832,https://www.data.go.kr/data/15052832/fileData.do,2021-00072,2021-00072,source_direct,1.000,1,L2023-00054-1;L2023-00054-2,,,필리핀,0,필리핀 국립대학교 첨단 농업연구센터 설립 및 고등교육 역량강화 사업('2...,2021,2026,https://www.oda.go.kr/opo/bsin/bsnsSumryDocDetail.do?P_BSNS_NO=2021-00072,,,0,,대학;센터;연구센터;학교,,,,,0
15052832:197,197,15052832,https://www.data.go.kr/data/15052832/fileData.do,2021-00070,2021-00070,source_direct,1.000,0,,,,,0,"한-메콩 생물다양성 센터 건립 및 역량강화사업('21-'26/1,000만...",2021,2026,https://www.oda.go.kr/opo/bsin/bsnsSumryDocDetail.do?P_BSNS_NO=2021-00070,,,1,강한건축어,건립;센터,,,,,0
15052832:198,198,15052832,https://www.data.go.kr/data/15052832/fileData.do,2021-00068,2021-00068,source_direct,1.000,0,,,,미얀마,0,"미얀마 농식품 안전 및 식물검역 역량강화 사업('21-'26/1,350만...",2021,2026,https://www.oda.go.kr/opo/bsin/bsnsSumryDocDetail.do?P_BSNS_NO=2021-00068,,,0,,,,,,,0
15052832:199,199,15052832,https://www.data.go.kr/data/15052832/fileData.do,2021-00064,2021-00064,source_direct,1.000,1,L2023-00021-1,,,파라과이,0,파라과이 멀티미디어 교육 지원센터 설립을 통한 교육접근성 향상사업('21...,2021,2024,https://www.oda.go.kr/opo/bsin/bsnsSumryDocDetail.do?P_BSNS_NO=2021-00064,,,0,,센터,,,,,0
15052832:200,200,15052832,https://www.data.go.kr/data/15052832/fileData.do,2021-00063,2021-00063,source_direct,1.000,0,,,,콜롬비아,0,콜롬비아 농촌 여성의 경제 역량강화를 위한 환경 조성 및 소득 개선사업(...,2021,2026,https://www.oda.go.kr/opo/bsin/bsnsSumryDocDetail.do?P_BSNS_NO=2021-00063,,,0,,,,,,,0
15052832:201,201,15052832,https://www.data.go.kr/data/15052832/fileData.do,2021-00062,2021-00062,source_direct,1.000,0,,,,에티오피아,0,에티오피아 기후변화 대응 산림 및 토지복원 사업(GGGI)('21-'25...,2021,2025,https://www.oda.go.kr/opo/bsin/bsnsSumryDocDetail.do?P_BSNS_NO=2021-00062,,,0,,,,,,,0
15052832:202,202,15052832,https://www.data.go.kr/data/15052832/fileData.do,2021-00060,2021-00060,source_direct,1.000,0,,,,콜롬비아,0,콜롬비아 조선업 활성화 기반 구축 사업('21-'24/500만불)...,2021,2024,https://www.oda.go.kr/opo/bsin/bsnsSumryDocDetail.do?P_BSNS_NO=2021-00060,5000000,사업명에 표시된 KOICA 전체 사업예산; 건축공사비 아님,0,,,,,,,0
15052832:203,203,15052832,https://www.data.go.kr/data/15052832/fileData.do,2021-00058,2021-00058,source_direct,1.000,0,,,,모로코,0,모로코 북부 지역 모자보건 향상을 위한 1차 의료 역량강화사업('21-'...,2021,2025,https://www.oda.go.kr/opo/bsin/bsnsSumryDocDetail.do?P_BSNS_NO=2021-00058,,,0,,,,,,,0
15052832:204,204,15052832,https://www.data.go.kr/data/15052832/fileData.do,2021-00056,2021-00056,source_direct,1.000,0,,,,스리랑카,0,스리랑카 기술 대학 및 고등학교 건설학과 역량강화 사업('21-'24/4...,2021,2024,https://www.oda.go.kr/opo/bsin/bsnsSumryDocDetail.do?P_BSNS_NO=2021-00056,,,0,,대학;학교,,,,,0
15052832:205,205,15052832,https://www.data.go.kr/data/15052832/fileData.do,2021-00055,2021-00055,source_direct,1.000,1,L2023-00045-1;L2023-00056-1,,,세네갈,0,세네갈 잠냐죠 고등기술전문대학 메이커스페이스 구축 및 창업 인큐베이팅 지...,2021,2026,https://www.oda.go.kr/opo/bsin/bsnsSumryDocDetail.do?P_BSNS_NO=2021-00055,,,0,,대학,,,,,0
15052832:206,206,15052832,https://www.data.go.kr/data/15052832/fileData.do,2021-00054,2021-00054,source_direct,1.000,1,L2023-00077-1,,,세네갈,0,세네갈 대국민 소통 증진을 위한 국회의정활동시스템 현대화 사업('21-'...,2021,2024,https://www.oda.go.kr/opo/bsin/bsnsSumryDocDetail.do?P_BSNS_NO=2021-00054,,,0,,,,,,,0
15052832:207,207,15052832,https://www.data.go.kr/data/15052832/fileData.do,2021-00053,2021-00053,source_direct,1.000,0,,,,베트남,0,베트남 산업계 에너지효율 투자시장 활성화 및 녹생성장계획 지원사업('21...,2021,2025,https://www.oda.go.kr/opo/bsin/bsnsSumryDocDetail.do?P_BSNS_NO=2021-00053,,,0,,,,,,,0
15052832:208,208,15052832,https://www.data.go.kr/data/15052832/fileData.do,2021-00050,2021-00050,source_direct,1.000,0,,,,이집트,0,이집트 젠더폭력 예방 및 대응 사업(UNFPA)('21-'24/400만불...,2021,2024,https://www.oda.go.kr/opo/bsin/bsnsSumryDocDetail.do?P_BSNS_NO=2021-00050,4000000,사업명에 표시된 KOICA 전체 사업예산; 건축공사비 아님,0,,,,,,,0
15052832:209,209,15052832,https://www.data.go.kr/data/15052832/fileData.do,2021-00048,2021-00048,source_direct,1.000,0,,,,,0,아제르바이잔 혁신정책로드맵 수립을 통한 혁신역량 강화 사업('21-'24...,2021,2024,https://www.oda.go.kr/opo/bsin/bsnsSumryDocDetail.do?P_BSNS_NO=2021-00048,,,0,,,,,,,0
15052832:210,210,15052832,https://www.data.go.kr/data/15052832/fileData.do,2021-00043,2021-00043,source_direct,1.000,1,L2023-00011-1,,,우간다,1,우간다 주요 채소작물 종자 가치사슬 역량강화사업(`21-`29/800만불...,2021,2027,https://www.oda.go.kr/opo/bsin/bsnsSumryDocDetail.do?P_BSNS_NO=2021-00043,8000000,사업명에 표시된 KOICA 전체 사업예산; 건축공사비 아님,0,,,,,,,0
15052832:211,211,15052832,https://www.data.go.kr/data/15052832/fileData.do,2021-00042,2021-00042,source_direct,1.000,1,L2023-00028-1;L2024-00050-1;L2025-00062-1,,,우간다,1,우간다 농업지도자 연수원 자립적 운영체계 구축 및 연수역량 강화사업(`2...,2021,2027,https://www.oda.go.kr/opo/bsin/bsnsSumryDocDetail.do?P_BSNS_NO=2021-00042,,,0,,연수원,,,,,0
15052832:212,212,15052832,https://www.data.go.kr/data/15052832/fileData.do,2021-00039,2021-00039,source_direct,1.000,1,L2022-00045-1,,,캄보디아,0,캄보디아 중학교 ICT교육역량 강화 사업(‘21-’...,2021,2026,https://www.oda.go.kr/opo/bsin/bsnsSumryDocDetail.do?P_BSNS_NO=2021-00039,,,0,,학교,,,,,0
15052832:213,213,15052832,https://www.data.go.kr/data/15052832/fileData.do,2021-00038,2021-00038,source_direct,1.000,0,,,,캄보디아,0,캄보디아 북서부 3개주 지뢰제거를 통한 평화마을 조성사업 (UNDP)('...,2021,2025,https://www.oda.go.kr/opo/bsin/bsnsSumryDocDetail.do?P_BSNS_NO=2021-00038,,,0,,,,,,,0
15052832:214,214,15052832,https://www.data.go.kr/data/15052832/fileData.do,2021-00035,2021-00035,source_direct,1.000,0,,,,베트남,0,베트남 후에시 문화관광 스마트시티 조성 지원사업(‘21-&rs...,2021,2025,https://www.oda.go.kr/opo/bsin/bsnsSumryDocDetail.do?P_BSNS_NO=2021-00035,,,0,,,,,,,0
15052832:215,215,15052832,https://www.data.go.kr/data/15052832/fileData.do,2021-00031,2021-00031,source_direct,1.000,0,,,,모잠비크,0,모잠비크 리쿵고 강유역 홍수예경보시스템 구축사업(`21-`25/750만불...,2021,2025,https://www.oda.go.kr/opo/bsin/bsnsSumryDocDetail.do?P_BSNS_NO=2021-00031,7500000,사업명에 표시된 KOICA 전체 사업예산; 건축공사비 아님,0,,,,,,,0
15052832:216,216,15052832,https://www.data.go.kr/data/15052832/fileData.do,2021-00023,2021-00023,source_direct,1.000,0,,,,나이지리아,0,"나이지리아 공립 초, 중학교 멀티미디어 교육환경 개선 및 교육역량강화 사...",2021,2025,https://www.oda.go.kr/opo/bsin/bsnsSumryDocDetail.do?P_BSNS_NO=2021-00023,,,0,,학교,,,,,0
15052832:217,217,15052832,https://www.data.go.kr/data/15052832/fileData.do,2021-00018,2021-00018,source_direct,1.000,1,L2023-00050-1;L2023-00075-1,,,몽골,0,몽골 철도교통관제센터 건립 및  운영 역량강화를 통한 철도교통 경쟁력 강...,2021,2026,https://www.oda.go.kr/opo/bsin/bsnsSumryDocDetail.do?P_BSNS_NO=2021-00018,,,1,강한건축어,건립;센터,,,,,0
15052832:218,218,15052832,https://www.data.go.kr/data/15052832/fileData.do,2021-00017,2021-00017,source_direct,1.000,0,,,,몽골,0,몽골 공공의사결정에서의 양성평등 달성을 위한 여성 권한 강화사업(UNDP...,2021,2024,https://www.oda.go.kr/opo/bsin/bsnsSumryDocDetail.do?P_BSNS_NO=2021-00017,,,0,,,,,,,0
15052832:219,219,15052832,https://www.data.go.kr/data/15052832/fileData.do,2021-00016,2021-00016,source_direct,1.000,1,L2025-00018-1;L2025-00048-1;L2025-00063-1,,,가나,0,가나대학교 연구 및 ICT 혁신센터 건립 사업('21-'25/900만불)...,2021,2025,https://www.oda.go.kr/opo/bsin/bsnsSumryDocDetail.do?P_BSNS_NO=2021-00016,9000000,사업명에 표시된 KOICA 전체 사업예산; 건축공사비 아님,1,강한건축어,건립;대학;센터;학교,,,,,0
15052832:220,220,15052832,https://www.data.go.kr/data/15052832/fileData.do,2021-00014,2021-00014,source_direct,1.000,0,,,,DR콩고,0,DR콩고 오트우엘레주 산림전용 및 황폐화방지 이니셔티브(REDD+)를 통...,2021,2026,https://www.oda.go.kr/opo/bsin/bsnsSumryDocDetail.do?P_BSNS_NO=2021-00014,,,0,,,,,,,0
15052832:221,221,15052832,https://www.data.go.kr/data/15052832/fileData.do,2021-00013,2021-00013,source_direct,1.000,0,,,,캄보디아,0,캄보디아 메콩델타 지역 통합물관리 마스터플랜 수립사업('21-'23/20...,2021,2023,https://www.oda.go.kr/opo/bsin/bsnsSumryDocDetail.do?P_BSNS_NO=2021-00013,,,0,,,,,,,0
15052832:222,222,15052832,https://www.data.go.kr/data/15052832/fileData.do,2021-00012,2021-00012,source_direct,1.000,0,,,,DR콩고,0,"DR콩고 킨샤샤, 크윌루 주 취약계층 아동 학습권 강화 및 청소년 사회통...",2021,2024,https://www.oda.go.kr/opo/bsin/bsnsSumryDocDetail.do?P_BSNS_NO=2021-00012,,,0,,,,,,,0
15052832:223,223,15052832,https://www.data.go.kr/data/15052832/fileData.do,2021-00009,2021-00009,source_direct,1.000,1,L2024-00063-1;L2025-00004-1,,,인도네시아;인도,0,인도네시아 국립대학교 ICT기반 통합지식교육센터 구축 사업 ('21-'2...,2021,2025,https://www.oda.go.kr/opo/bsin/bsnsSumryDocDetail.do?P_BSNS_NO=2021-00009,,,0,,대학;센터;학교,,,,,0
15052832:224,224,15052832,https://www.data.go.kr/data/15052832/fileData.do,2020-00119,2020-00119,source_direct,1.000,1,L2025-00070-1;L2025-00071-1;L2025-00085-1,,,이라크,0,"이라크 한-이라크 심장병 어린이 전문 병원 건립사업(`20-`25/2,5...",2020,2025,https://www.oda.go.kr/opo/bsin/bsnsSumryDocDetail.do?P_BSNS_NO=2020-00119,,,1,강한건축어,건립;병원,,,,,0
15052832:225,225,15052832,https://www.data.go.kr/data/15052832/fileData.do,2020-00117,2020-00117,source_direct,1.000,0,,,,르완다,0,르완다 조세정책 및 세무행정개선 컨설팅 사업('20-'24/192만불) ...,2020,2024,https://www.oda.go.kr/opo/bsin/bsnsSumryDocDetail.do?P_BSNS_NO=2020-00117,1920000,사업명에 표시된 KOICA 전체 사업예산; 건축공사비 아님,0,,,,,,,0
15052832:226,226,15052832,https://www.data.go.kr/data/15052832/fileData.do,2020-00114,2020-00114,source_direct,1.000,1,L2021-00004-1;L2021-00029-1,,,네팔,0,네팔 보건 및 소득증대를 통한 통합적 농촌지역 역량강화사업(`20-`25...,2020,2025,https://www.oda.go.kr/opo/bsin/bsnsSumryDocDetail.do?P_BSNS_NO=2020-00114,,,0,,,,,,,0
15052832:227,227,15052832,https://www.data.go.kr/data/15052832/fileData.do,2020-00113,2020-00113,source_direct,1.000,1,L2021-00006-1;L2022-00043-1,,,방글라데시,0,방글라데시 사이버안전을 위한 디지털 수사 역량 확산 사업('20-'23/...,2020,2023,https://www.oda.go.kr/opo/bsin/bsnsSumryDocDetail.do?P_BSNS_NO=2020-00113,,,0,,,,,,,0
15052832:228,228,15052832,https://www.data.go.kr/data/15052832/fileData.do,2020-00112,2020-00112,source_direct,1.000,1,L2023-00051-1,,,몽골,0,몽골 국립과학수사원 법과학 역량강화 사업('20-'23/700만불)...,2020,2023,https://www.oda.go.kr/opo/bsin/bsnsSumryDocDetail.do?P_BSNS_NO=2020-00112,7000000,사업명에 표시된 KOICA 전체 사업예산; 건축공사비 아님,0,,,,,,,0
15052832:229,229,15052832,https://www.data.go.kr/data/15052832/fileData.do,2020-00111,2020-00111,source_direct,1.000,0,,,,말라위,0,말라위 여성 청소년 성적 권리 강화 및 사회적 자립 통합지원 사업 (UN...,2020,2024,https://www.oda.go.kr/opo/bsin/bsnsSumryDocDetail.do?P_BSNS_NO=2020-00111,,,0,,,,,,,0
15052832:230,230,15052832,https://www.data.go.kr/data/15052832/fileData.do,2020-00110,2020-00110,source_direct,1.000,0,,,,,0,마다가스카르 남부지역 만성영양실조 개선 사업 (WFP)('20-'24/6...,2020,2024,https://www.oda.go.kr/opo/bsin/bsnsSumryDocDetail.do?P_BSNS_NO=2020-00110,,,0,,,,,,,0
15052832:231,231,15052832,https://www.data.go.kr/data/15052832/fileData.do,2020-00109,2020-00109,source_direct,1.000,0,,,,코스타리카,0,코스타리카 국가표준기관 법정계량 역량 강화 사업('20-'24/300만불...,2020,2024,https://www.oda.go.kr/opo/bsin/bsnsSumryDocDetail.do?P_BSNS_NO=2020-00109,3000000,사업명에 표시된 KOICA 전체 사업예산; 건축공사비 아님,0,,,,,,,0
15052832:232,232,15052832,https://www.data.go.kr/data/15052832/fileData.do,2020-00108,2020-00108,source_direct,1.000,0,,,,세네갈,0,세네갈 포도르 지역 새마을 시범마을을 통한 농촌개발 사업('20-'24/...,2020,2024,https://www.oda.go.kr/opo/bsin/bsnsSumryDocDetail.do?P_BSNS_NO=2020-00108,,,0,,,,,,,0
15052832:233,233,15052832,https://www.data.go.kr/data/15052832/fileData.do,2020-00107,2020-00107,source_direct,1.000,0,,,,베트남,0,베트남 다낭시 스마트 통합 도시재난관리센터 구축 및 재난대응 역량강화 사...,2020,2025,https://www.oda.go.kr/opo/bsin/bsnsSumryDocDetail.do?P_BSNS_NO=2020-00107,,,0,,센터,,,,,0
15052832:234,234,15052832,https://www.data.go.kr/data/15052832/fileData.do,2020-00106,2020-00106,source_direct,1.000,0,,,,스리랑카,0,스리랑카 콜롬보시 세무정보시스템 구축사업('20-'24/700만불)...,2020,2024,https://www.oda.go.kr/opo/bsin/bsnsSumryDocDetail.do?P_BSNS_NO=2020-00106,7000000,사업명에 표시된 KOICA 전체 사업예산; 건축공사비 아님,0,,,,,,,0
15052832:235,235,15052832,https://www.data.go.kr/data/15052832/fileData.do,2020-00104,2020-00104,source_direct,1.000,1,L2021-00012-1;L2022-00034-1,,,파키스탄,0,파키스탄 아동 및 지역 영양 개선을 위한 영양교육센터 설립사업('20-'...,2020,2024,https://www.oda.go.kr/opo/bsin/bsnsSumryDocDetail.do?P_BSNS_NO=2020-00104,,,0,,센터,,,,,0
15052832:236,236,15052832,https://www.data.go.kr/data/15052832/fileData.do,2020-00102,2020-00102,source_direct,1.000,1,L2021-00018-1,,,인도네시아;동티모르;인도,0,인도네시아 한-인니-동티모르 태양광 에너지 접근성 향상 사업 (UNDP)...,2020,2024,https://www.oda.go.kr/opo/bsin/bsnsSumryDocDetail.do?P_BSNS_NO=2020-00102,,,0,,,,,,,0
15052832:237,237,15052832,https://www.data.go.kr/data/15052832/fileData.do,2020-00101,2020-00101,source_direct,1.000,0,,,,필리핀,0,필리핀 경쟁위원회 사건처리역량강화사업('20-'23/520만불)...,2020,2023,https://www.oda.go.kr/opo/bsin/bsnsSumryDocDetail.do?P_BSNS_NO=2020-00101,5200000,사업명에 표시된 KOICA 전체 사업예산; 건축공사비 아님,0,,,,,,,0
15052832:238,238,15052832,https://www.data.go.kr/data/15052832/fileData.do,2020-00100,2020-00100,source_direct,1.000,0,,,,,0,쿠바 자연재해 및 기후변화 대응을 위한 동부지역 식량공급시스템 강화 사업...,2020,2024,https://www.oda.go.kr/opo/bsin/bsnsSumryDocDetail.do?P_BSNS_NO=2020-00100,,,0,,,,,,,0
15052832:239,239,15052832,https://www.data.go.kr/data/15052832/fileData.do,2020-00099,2020-00099,source_direct,1.000,1,L2023-00067-1,,,키르기즈,0,키르기즈공화국 행정정보공유체계 구축 및 역량개발 사업('20-'24/50...,2020,2024,https://www.oda.go.kr/opo/bsin/bsnsSumryDocDetail.do?P_BSNS_NO=2020-00099,,,0,,,,,,,0
15052832:240,240,15052832,https://www.data.go.kr/data/15052832/fileData.do,2020-00096,2020-00096,source_direct,1.000,0,,,,필리핀,0,필리핀 마라위 평화 정착을 위한 이주민 생계지원 사업 (IOM)('20-...,2020,2023,https://www.oda.go.kr/opo/bsin/bsnsSumryDocDetail.do?P_BSNS_NO=2020-00096,,,0,,,,,,,0
15052832:241,241,15052832,https://www.data.go.kr/data/15052832/fileData.do,2020-00095,2020-00095,source_direct,1.000,0,,,,필리핀,0,필리핀 지역사회 기반 보건 서비스 전달 체계 강화 사업 (WHO)('20...,2020,2023,https://www.oda.go.kr/opo/bsin/bsnsSumryDocDetail.do?P_BSNS_NO=2020-00095,,,0,,,,,,,0
15052832:242,242,15052832,https://www.data.go.kr/data/15052832/fileData.do,2020-00094,2020-00094,source_direct,1.000,1,L2021-00014-1;L2022-00009-1;L2022-00015-1,,,필리핀,0,필리핀 농기계현대화센터 구축 및 역량강화 사업('20-'25/578만불)...,2020,2025,https://www.oda.go.kr/opo/bsin/bsnsSumryDocDetail.do?P_BSNS_NO=2020-00094,5780000,사업명에 표시된 KOICA 전체 사업예산; 건축공사비 아님,0,,센터,,,,,0
15052832:243,243,15052832,https://www.data.go.kr/data/15052832/fileData.do,2020-00093,2020-00093,source_direct,1.000,0,,,,요르단,0,요르단 카락주 파쿠오 지역 노후 상수도 관망 개선사업('20-'24/92...,2020,2024,https://www.oda.go.kr/opo/bsin/bsnsSumryDocDetail.do?P_BSNS_NO=2020-00093,,,0,,,,,,,0
15052832:244,244,15052832,https://www.data.go.kr/data/15052832/fileData.do,2020-00091,2020-00091,source_direct,1.000,0,,,,요르단,0,요르단 발카대학교 산하 카락 및 이르비드 전문대학의 직업교육훈련 역량강화...,2020,2024,https://www.oda.go.kr/opo/bsin/bsnsSumryDocDetail.do?P_BSNS_NO=2020-00091,,,0,,대학;학교,,,,,0
15052832:245,245,15052832,https://www.data.go.kr/data/15052832/fileData.do,2020-00088,2020-00088,source_direct,1.000,0,,,,우즈베키스탄,0,우즈베키스탄 상공회의소 기술기반 창업촉진센터 역량강화 사업('20-'24...,2020,2024,https://www.oda.go.kr/opo/bsin/bsnsSumryDocDetail.do?P_BSNS_NO=2020-00088,,,0,,센터,,,,,0
15052832:246,246,15052832,https://www.data.go.kr/data/15052832/fileData.do,2020-00087,2020-00087,source_direct,1.000,1,L2023-00018-1,,,인도네시아;인도,0,인도네시아 취약계층 청소년 사회복귀 지원 사업('20-'23/700만불)...,2020,2023,https://www.oda.go.kr/opo/bsin/bsnsSumryDocDetail.do?P_BSNS_NO=2020-00087,7000000,사업명에 표시된 KOICA 전체 사업예산; 건축공사비 아님,0,,,,,,,0
15052832:247,247,15052832,https://www.data.go.kr/data/15052832/fileData.do,2020-00086,2020-00086,source_direct,1.000,1,L2022-00003-1;L2023-00007-1;L2023-00036-1;L2023-00053-1,,,우즈베키스탄,0,우즈베키스탄 우르겐치 직업훈련원 건립 및 직업훈련 제도역량 공고화 지원 ...,2020,2024,https://www.oda.go.kr/opo/bsin/bsnsSumryDocDetail.do?P_BSNS_NO=2020-00086,,,1,강한건축어,건립;훈련원,,,,,0
15052832:248,248,15052832,https://www.data.go.kr/data/15052832/fileData.do,2020-00085,2020-00085,source_direct,1.000,0,,,,인도네시아;인도,0,인도네시아 찌따룸강 유역 홍수예경보 시스템 구축 2차 사업('20-'24...,2020,2024,https://www.oda.go.kr/opo/bsin/bsnsSumryDocDetail.do?P_BSNS_NO=2020-00085,,,0,,,,,,,0
15052832:249,249,15052832,https://www.data.go.kr/data/15052832/fileData.do,2020-00082,2020-00082,source_direct,1.000,0,,,,페루,0,페루 지속가능한 광산 환경복원력 증진사업('20-'25/640만불)...,2020,2025,https://www.oda.go.kr/opo/bsin/bsnsSumryDocDetail.do?P_BSNS_NO=2020-00082,6400000,사업명에 표시된 KOICA 전체 사업예산; 건축공사비 아님,0,,,,,,,0
15052832:250,250,15052832,https://www.data.go.kr/data/15052832/fileData.do,2020-00080,2020-00080,source_direct,1.000,0,,,,파라과이,0,파라과이 아순시온 도시교통혼잡 완화를 위한 대중교통 개선 사업('20-'...,2020,2024,https://www.oda.go.kr/opo/bsin/bsnsSumryDocDetail.do?P_BSNS_NO=2020-00080,,,0,,,,,,,0
15052832:251,251,15052832,https://www.data.go.kr/data/15052832/fileData.do,2020-00079,2020-00079,source_direct,1.000,0,,,,파라과이,0,파라과이 관세청 전자통관시스템 고도화 및 역량강화 사업('20-'24/1...,2020,2024,https://www.oda.go.kr/opo/bsin/bsnsSumryDocDetail.do?P_BSNS_NO=2020-00079,,,0,,,,,,,0
15052832:252,252,15052832,https://www.data.go.kr/data/15052832/fileData.do,2020-00077,2020-00077,source_direct,1.000,0,,,,콜롬비아,0,콜롬비아 뿌뚜마요 지역 마약 대체작물 재배 및 상업화를 통한 지역 농가 ...,2020,2025,https://www.oda.go.kr/opo/bsin/bsnsSumryDocDetail.do?P_BSNS_NO=2020-00077,,,0,,,,,,,0
15052832:253,253,15052832,https://www.data.go.kr/data/15052832/fileData.do,2020-00074,2020-00074,source_direct,1.000,0,,,,에콰도르,0,에콰도르 국가품질 서비스 개선을 위한 법정계량 역량강화 사업('20-'2...,2020,2024,https://www.oda.go.kr/opo/bsin/bsnsSumryDocDetail.do?P_BSNS_NO=2020-00074,,,0,,,,,,,0
15052832:254,254,15052832,https://www.data.go.kr/data/15052832/fileData.do,2020-00073,2020-00073,source_direct,1.000,1,L2022-00027-1,,,에콰도르,0,에콰도르 키토시 혁신센터 건립을 통한 창업 및 기업혁신 지원체계 강화 사...,2020,2026,https://www.oda.go.kr/opo/bsin/bsnsSumryDocDetail.do?P_BSNS_NO=2020-00073,,,1,강한건축어,건립;센터,,,,,0
15052832:255,255,15052832,https://www.data.go.kr/data/15052832/fileData.do,2020-00070,2020-00070,source_direct,1.000,1,L2022-00059-1;L2023-00040-1;L2024-00078-1;L2025-00007-1;L2025-00007-2;L2025-00010-1;L2025-00038-1,,,도미니카공화국;도미니카,0,도미니카공화국 여성 중심 취약계층 사회·경제적 역량강화사업(...,2020,2026,https://www.oda.go.kr/opo/bsin/bsnsSumryDocDetail.do?P_BSNS_NO=2020-00070,,,0,,,,,,,0
15052832:256,256,15052832,https://www.data.go.kr/data/15052832/fileData.do,2020-00068,2020-00068,source_direct,1.000,0,,,,튀니지,0,튀니지 전자정부 역량강화를 위한 온라인 개방형 교육훈련 시스템 구축 사업...,2020,2024,https://www.oda.go.kr/opo/bsin/bsnsSumryDocDetail.do?P_BSNS_NO=2020-00068,,,0,,,,,,,0
15052832:257,257,15052832,https://www.data.go.kr/data/15052832/fileData.do,2020-00067,2020-00067,source_direct,1.000,0,,,,모로코,0,모로코 직업훈련교사 기술 향상 훈련 허브 센터 설립 사업('20-'24/...,2020,2024,https://www.oda.go.kr/opo/bsin/bsnsSumryDocDetail.do?P_BSNS_NO=2020-00067,,,0,,센터,,,,,0
15052832:258,258,15052832,https://www.data.go.kr/data/15052832/fileData.do,2020-00066,2020-00066,source_direct,1.000,1,L2020-00021-1,,,탄자니아,0,탄자니아 교육분야 결과기반 재정지원 프로그램('20-'23/700만불)...,2020,2023,https://www.oda.go.kr/opo/bsin/bsnsSumryDocDetail.do?P_BSNS_NO=2020-00066,7000000,사업명에 표시된 KOICA 전체 사업예산; 건축공사비 아님,0,,,,,,,0
15052832:259,259,15052832,https://www.data.go.kr/data/15052832/fileData.do,2020-00065,2020-00065,source_direct,1.000,0,,,,탄자니아,0,탄자니아 싱기다/신양가 주 여성 및 소녀 역량강화를 통한 양성평등 구현 ...,2020,2023,https://www.oda.go.kr/opo/bsin/bsnsSumryDocDetail.do?P_BSNS_NO=2020-00065,,,0,,,,,,,0
15052832:260,260,15052832,https://www.data.go.kr/data/15052832/fileData.do,2020-00059,2020-00059,source_direct,1.000,0,,,,캄보디아,0,"캄보디아 지역농산물 활용 학교 급식 사업 (WFP)('20-'24/1,0...",2020,2024,https://www.oda.go.kr/opo/bsin/bsnsSumryDocDetail.do?P_BSNS_NO=2020-00059,,,0,,학교,,,,,0
15052832:261,261,15052832,https://www.data.go.kr/data/15052832/fileData.do,2020-00058,2020-00058,source_direct,1.000,0,,,,카메룬,0,카메룬 2개주 주민등록 전산화시스템 구축 시범사업('20-23/485만불...,2020,2023,https://www.oda.go.kr/opo/bsin/bsnsSumryDocDetail.do?P_BSNS_NO=2020-00058,4850000,사업명에 표시된 KOICA 전체 사업예산; 건축공사비 아님,0,,,,,,,0
15052832:262,262,15052832,https://www.data.go.kr/data/15052832/fileData.do,2020-00057,2020-00057,source_direct,1.000,0,,,,인도,0,인도 중소기업 역량강화 사업 (ILO)('20-'24/238만불)	...,2020,2024,https://www.oda.go.kr/opo/bsin/bsnsSumryDocDetail.do?P_BSNS_NO=2020-00057,2380000,사업명에 표시된 KOICA 전체 사업예산; 건축공사비 아님,0,,,,,,,0
15052832:263,263,15052832,https://www.data.go.kr/data/15052832/fileData.do,2020-00055,2020-00055,source_direct,1.000,0,,,,우간다,1,우간다 동부 부소가 지역 성생식모자청소년보건 서비스 개선을 위한 보건시스...,2020,2024,https://www.oda.go.kr/opo/bsin/bsnsSumryDocDetail.do?P_BSNS_NO=2020-00055,,,0,,,,,,,0
15052832:264,264,15052832,https://www.data.go.kr/data/15052832/fileData.do,2020-00054,2020-00054,source_direct,1.000,0,,,,우간다,1,우간다 산업수요기반 직업기술교육훈련 역량강화사업('20-'27/700만불...,2020,2026,https://www.oda.go.kr/opo/bsin/bsnsSumryDocDetail.do?P_BSNS_NO=2020-00054,7000000,사업명에 표시된 KOICA 전체 사업예산; 건축공사비 아님,0,,,,,,,0
15052832:265,265,15052832,https://www.data.go.kr/data/15052832/fileData.do,2020-00053,2020-00053,source_direct,1.000,1,L2022-00035-1;L2022-00035-2;L2022-00068-1;L2023-00004-1,,,에티오피아,0,에티오피아 양질의 일자리 창출을 위한 ICT 기반의 창업 및 중소기업(S...,2020,2026,https://www.oda.go.kr/opo/bsin/bsnsSumryDocDetail.do?P_BSNS_NO=2020-00053,,,0,,,,,,,0
15052832:266,266,15052832,https://www.data.go.kr/data/15052832/fileData.do,2020-00052,2020-00052,source_direct,1.000,0,,,,에티오피아,0,에티오피아 직업기술교육훈련 관리자 및 교사 역량강화 사업('20-'26/...,2020,2026,https://www.oda.go.kr/opo/bsin/bsnsSumryDocDetail.do?P_BSNS_NO=2020-00052,,,0,,,,,,,0
15052832:267,267,15052832,https://www.data.go.kr/data/15052832/fileData.do,2020-00051,2020-00051,source_direct,1.000,0,,,,에티오피아,0,에티오피아 베니샹굴구무즈 및 아파르 주 지역기반 통합 신생아 및 아동 보...,2020,2024,https://www.oda.go.kr/opo/bsin/bsnsSumryDocDetail.do?P_BSNS_NO=2020-00051,,,0,,,,,,,0
15052832:268,268,15052832,https://www.data.go.kr/data/15052832/fileData.do,2020-00050,2020-00050,source_direct,1.000,0,,,,,0,수단 소외열대질환(NTD) 퇴치 및 네트워크 구축 사업('20-'24/7...,2020,2024,https://www.oda.go.kr/opo/bsin/bsnsSumryDocDetail.do?P_BSNS_NO=2020-00050,,,0,,,,,,,0
15052832:269,269,15052832,https://www.data.go.kr/data/15052832/fileData.do,2020-00049,2020-00049,source_direct,1.000,0,,,,,0,수단 한-수 직업훈련원 역량 강화 사업('20-'24/500만불) ...,2020,2024,https://www.oda.go.kr/opo/bsin/bsnsSumryDocDetail.do?P_BSNS_NO=2020-00049,5000000,사업명에 표시된 KOICA 전체 사업예산; 건축공사비 아님,0,,훈련원,,,,,0
15052832:270,270,15052832,https://www.data.go.kr/data/15052832/fileData.do,2020-00048,2020-00048,source_direct,1.000,1,L2024-00062-1;L2024-00062-2;L2024-00062-3;L2025-00021-1,,,세네갈,0,"세네갈 미곡가치사슬 강화 2차 사업('20-'26/1,100만불)...",2020,2026,https://www.oda.go.kr/opo/bsin/bsnsSumryDocDetail.do?P_BSNS_NO=2020-00048,11000000,사업명에 표시된 KOICA 전체 사업예산; 건축공사비 아님,0,,,,,,,0
15052832:271,271,15052832,https://www.data.go.kr/data/15052832/fileData.do,2020-00047,2020-00047,source_direct,1.000,0,,,,모잠비크,0,모잠비크 남풀라 및 잠베지아 주 초등교육 형평성 및 질적 개선 사업 (U...,2020,2024,https://www.oda.go.kr/opo/bsin/bsnsSumryDocDetail.do?P_BSNS_NO=2020-00047,,,0,,,,,,,0
15052832:272,272,15052832,https://www.data.go.kr/data/15052832/fileData.do,2020-00039,2020-00039,source_direct,1.000,0,,,,베트남,0,베트남 탱화성 Ma강 수자원관리 시스템 구축 지원 사업('20-'24/9...,2020,2024,https://www.oda.go.kr/opo/bsin/bsnsSumryDocDetail.do?P_BSNS_NO=2020-00039,,,0,,,,,,,0
15052832:273,273,15052832,https://www.data.go.kr/data/15052832/fileData.do,2020-00037,2020-00037,source_direct,1.000,0,,,,베트남,0,베트남 꽝남성 땀끼시 스마트시티 구축 지원사업('20-'25/900만불)...,2020,2025,https://www.oda.go.kr/opo/bsin/bsnsSumryDocDetail.do?P_BSNS_NO=2020-00037,9000000,사업명에 표시된 KOICA 전체 사업예산; 건축공사비 아님,0,,,,,,,0
15052832:274,274,15052832,https://www.data.go.kr/data/15052832/fileData.do,2020-00036,2020-00036,source_direct,1.000,0,,,,방글라데시,0,방글라데시 IOM 인신매매 통합대응 프로그램('20-'24/586만불) ...,2020,2024,https://www.oda.go.kr/opo/bsin/bsnsSumryDocDetail.do?P_BSNS_NO=2020-00036,5860000,사업명에 표시된 KOICA 전체 사업예산; 건축공사비 아님,0,,,,,,,0
15052832:275,275,15052832,https://www.data.go.kr/data/15052832/fileData.do,2020-00035,2020-00035,source_direct,1.000,0,,,,방글라데시,0,방글라데시 지능형교통체계(ITS) 활용 국가 간선도로망 안전성 강화 사업...,2020,2023,https://www.oda.go.kr/opo/bsin/bsnsSumryDocDetail.do?P_BSNS_NO=2020-00035,,,0,,,,,,,0
15052832:276,276,15052832,https://www.data.go.kr/data/15052832/fileData.do,2020-00034,2020-00034,source_direct,1.000,0,,,,미얀마,0,미얀마 교량 안전관리기술 역량강화사업('20-'24/480만불) ...,2020,2024,https://www.oda.go.kr/opo/bsin/bsnsSumryDocDetail.do?P_BSNS_NO=2020-00034,4800000,사업명에 표시된 KOICA 전체 사업예산; 건축공사비 아님,0,,,,,,,0
15052832:277,277,15052832,https://www.data.go.kr/data/15052832/fileData.do,2020-00033,2020-00033,source_direct,1.000,0,,,,미얀마,0,미얀마 라카인 마나웅섬 2.5MW 태양광전력시스템 구축 사업('20-'2...,2020,2025,https://www.oda.go.kr/opo/bsin/bsnsSumryDocDetail.do?P_BSNS_NO=2020-00033,,,0,,,,,,,0
15052832:278,278,15052832,https://www.data.go.kr/data/15052832/fileData.do,2020-00031,2020-00031,source_direct,1.000,0,,,,미얀마,0,미얀마 ICT를 활용한 개발소외지역 참여적 농촌개발 사업('20-'25/...,2020,2025,https://www.oda.go.kr/opo/bsin/bsnsSumryDocDetail.do?P_BSNS_NO=2020-00031,,,0,,,,,,,0
15052832:279,279,15052832,https://www.data.go.kr/data/15052832/fileData.do,2020-00029,2020-00029,source_direct,1.000,0,,,,몽골,0,몽골 국가등록업무 시스템 운영지원사업('20-'22/800만불)...,2020,2022,https://www.oda.go.kr/opo/bsin/bsnsSumryDocDetail.do?P_BSNS_NO=2020-00029,8000000,사업명에 표시된 KOICA 전체 사업예산; 건축공사비 아님,0,,,,,,,0
15052832:280,280,15052832,https://www.data.go.kr/data/15052832/fileData.do,2020-00028,2020-00028,source_direct,1.000,1,L2021-00019-1,,,라오스,0,라오스 여성폭력 예방·대응체계 및 정책역량 강화 사업('20-'24/70...,2020,2024,https://www.oda.go.kr/opo/bsin/bsnsSumryDocDetail.do?P_BSNS_NO=2020-00028,,,0,,,,,,,0
15052832:281,281,15052832,https://www.data.go.kr/data/15052832/fileData.do,2020-00027,2020-00027,source_direct,1.000,0,,,,라오스,0,라오스 남능강 유역의 효율적 물관리 시스템 구축 및 재해대응 역량강화사업...,2020,2025,https://www.oda.go.kr/opo/bsin/bsnsSumryDocDetail.do?P_BSNS_NO=2020-00027,,,0,,,,,,,0
15052832:282,282,15052832,https://www.data.go.kr/data/15052832/fileData.do,2020-00026,2020-00026,source_direct,1.000,0,,,,르완다,0,르완다 직업기술교육훈련 품질관리 역량 강화사업('20-'24/800만불)...,2020,2024,https://www.oda.go.kr/opo/bsin/bsnsSumryDocDetail.do?P_BSNS_NO=2020-00026,8000000,사업명에 표시된 KOICA 전체 사업예산; 건축공사비 아님,0,,,,,,,0
15052832:283,283,15052832,https://www.data.go.kr/data/15052832/fileData.do,2020-00025,2020-00025,source_direct,1.000,0,,,,나이지리아,0,"나이지리아 디지털 거버넌스 기반환경 조성사업('20-'26/1,300만불...",2020,2026,https://www.oda.go.kr/opo/bsin/bsnsSumryDocDetail.do?P_BSNS_NO=2020-00025,13000000,사업명에 표시된 KOICA 전체 사업예산; 건축공사비 아님,0,,,,,,,0
15052832:284,284,15052832,https://www.data.go.kr/data/15052832/fileData.do,2020-00020,2020-00020,source_direct,1.000,0,,,,가나,0,가나 여성청소년 수학.과학 교육지원 사업('20-'24/800만불)...,2020,2024,https://www.oda.go.kr/opo/bsin/bsnsSumryDocDetail.do?P_BSNS_NO=2020-00020,8000000,사업명에 표시된 KOICA 전체 사업예산; 건축공사비 아님,0,,,,,,,0
15052832:285,285,15052832,https://www.data.go.kr/data/15052832/fileData.do,2019-02728,2019-02728,source_direct,1.000,0,,,,라오스,0,라오스 앗따쁘주 기후변화 대응 회복력 및 자립역량 강화를 위한 통합 프로...,2019,2023,https://www.oda.go.kr/opo/bsin/bsnsSumryDocDetail.do?P_BSNS_NO=2019-02728,,,0,,,,,,,0
15052832:286,286,15052832,https://www.data.go.kr/data/15052832/fileData.do,2019-01473,2019-01473,source_direct,1.000,0,,,,베트남,0,베트남 이주로 인한 사회취약계층 여성 및 가구지원을 위한 여성연맹 역량강...,2019,2022,https://www.oda.go.kr/opo/bsin/bsnsSumryDocDetail.do?P_BSNS_NO=2019-01473,,,0,,,,,,,0
15052832:287,287,15052832,https://www.data.go.kr/data/15052832/fileData.do,2019-00075,2019-00075,source_direct,1.000,0,,,,미얀마,0,미얀마 스쿨버스 지원을 통한 교육환경 개선사업('19-'22/300만불)...,2019,2022,https://www.oda.go.kr/opo/bsin/bsnsSumryDocDetail.do?P_BSNS_NO=2019-00075,3000000,사업명에 표시된 KOICA 전체 사업예산; 건축공사비 아님,0,,,,,,,0
15052832:288,288,15052832,https://www.data.go.kr/data/15052832/fileData.do,2019-00074,2019-00074,source_direct,1.000,0,,,,라오스,0,라오스 도시환경 개선을 위한 폐수 및 폐기물처리 역량강화 사업('19-'...,2019,2024,https://www.oda.go.kr/opo/bsin/bsnsSumryDocDetail.do?P_BSNS_NO=2019-00074,,,0,,,,,,,0
15052832:289,289,15052832,https://www.data.go.kr/data/15052832/fileData.do,2019-00072,2019-00072,source_direct,1.000,0,,,,라오스,0,라오스 불발탄 제거 지원 2차 사업('19-'23/550만불) ...,2019,2023,https://www.oda.go.kr/opo/bsin/bsnsSumryDocDetail.do?P_BSNS_NO=2019-00072,5500000,사업명에 표시된 KOICA 전체 사업예산; 건축공사비 아님,0,,,,,,,0
15052832:290,290,15052832,https://www.data.go.kr/data/15052832/fileData.do,2019-00071,2019-00071,source_direct,1.000,1,L2022-00019-1,,,라오스,0,라오스 성생식 모자보건 접근성 개선을 위한 서비스 수준 강화 및 지역기반...,2019,2024,https://www.oda.go.kr/opo/bsin/bsnsSumryDocDetail.do?P_BSNS_NO=2019-00071,,,0,,,,,,,0
15052832:291,291,15052832,https://www.data.go.kr/data/15052832/fileData.do,2019-00070,2019-00070,source_direct,1.000,0,,,,미얀마,0,"미얀마 자동차 통합정보관리 시스템 구축사업('19-'23/1,000만불)...",2019,2023,https://www.oda.go.kr/opo/bsin/bsnsSumryDocDetail.do?P_BSNS_NO=2019-00070,10000000,사업명에 표시된 KOICA 전체 사업예산; 건축공사비 아님,0,,,,,,,0
15052832:292,292,15052832,https://www.data.go.kr/data/15052832/fileData.do,2019-00069,2019-00069,source_direct,1.000,0,,,,미얀마,0,미얀마 기후변화 적응을 위한 농촌지도 역량강화 사업('19-'23/950...,2019,2023,https://www.oda.go.kr/opo/bsin/bsnsSumryDocDetail.do?P_BSNS_NO=2019-00069,,,0,,,,,,,0
15052832:293,293,15052832,https://www.data.go.kr/data/15052832/fileData.do,2019-00068,2019-00068,source_direct,1.000,0,,,,베트남,0,"베트남 뚜옌꽝성 포용적 농촌개발 프로그램(`19-`23/1,500만불)...",2019,2023,https://www.oda.go.kr/opo/bsin/bsnsSumryDocDetail.do?P_BSNS_NO=2019-00068,15000000,사업명에 표시된 KOICA 전체 사업예산; 건축공사비 아님,0,,,,,,,0
15052832:294,294,15052832,https://www.data.go.kr/data/15052832/fileData.do,2019-00067,2019-00067,source_direct,1.000,0,,,,베트남,0,베트남 인민법원 재판절차의 투명성 강화 및 재판품질 향상 지원 사업('1...,2019,2023,https://www.oda.go.kr/opo/bsin/bsnsSumryDocDetail.do?P_BSNS_NO=2019-00067,,,0,,,,,,,0
15052832:295,295,15052832,https://www.data.go.kr/data/15052832/fileData.do,2019-00066,2019-00066,source_direct,1.000,1,L2021-00016-1;L2021-00016-2;L2021-00025-1;L2021-00037-1,,,캄보디아,0,캄보디아 동북부 소외지역 모자보건 프로그램('19-'23/700만불)  ...,2019,2023,https://www.oda.go.kr/opo/bsin/bsnsSumryDocDetail.do?P_BSNS_NO=2019-00066,7000000,사업명에 표시된 KOICA 전체 사업예산; 건축공사비 아님,0,,,,,,,0
15052832:296,296,15052832,https://www.data.go.kr/data/15052832/fileData.do,2019-00065,2019-00065,source_direct,1.000,0,,,,캄보디아,0,캄보디아 앙코르유적 프레아피투 사원과 코끼리테라스 보존 및 복원 2차 사...,2019,2023,https://www.oda.go.kr/opo/bsin/bsnsSumryDocDetail.do?P_BSNS_NO=2019-00065,,,0,,,,,,,0
15052832:297,297,15052832,https://www.data.go.kr/data/15052832/fileData.do,2019-00064,2019-00064,source_direct,1.000,1,L2021-00015-1;L2021-00020-1,,,캄보디아,0,캄보디아 산학연계 비즈니스 인큐베이팅 체계 구축 사업('19-'24/79...,2019,2024,https://www.oda.go.kr/opo/bsin/bsnsSumryDocDetail.do?P_BSNS_NO=2019-00064,,,0,,,,,,,0
15052832:298,298,15052832,https://www.data.go.kr/data/15052832/fileData.do,2019-00062,2019-00062,source_direct,1.000,0,,,,동티모르,0,동티모르 지역사회 기반 결핵진단 및 관리 역량강화사업('19-'24/60...,2019,2024,https://www.oda.go.kr/opo/bsin/bsnsSumryDocDetail.do?P_BSNS_NO=2019-00062,,,0,,,,,,,0
15052832:299,299,15052832,https://www.data.go.kr/data/15052832/fileData.do,2019-00060,2019-00060,source_direct,1.000,0,,,,인도네시아;인도,0,인도네시아 자카르타 광역 ITS 마스터플랜 수립 및 시범시스템 구축사업(...,2019,2024,https://www.oda.go.kr/opo/bsin/bsnsSumryDocDetail.do?P_BSNS_NO=2019-00060,,,0,,,,,,,0
15052832:300,300,15052832,https://www.data.go.kr/data/15052832/fileData.do,2019-00059,2019-00059,source_direct,1.000,0,,,,인도네시아;인도,0,인도네시아 UNDP 통합민원체계 구축 역량강화사업('19-'23/520만...,2019,2023,https://www.oda.go.kr/opo/bsin/bsnsSumryDocDetail.do?P_BSNS_NO=2019-00059,,,0,,,,,,,0
15052832:301,301,15052832,https://www.data.go.kr/data/15052832/fileData.do,2019-00058,2019-00058,source_direct,1.000,0,,,,인도네시아;인도,0,인도네시아 자카르타 경전철 운영안정화를 위한 역량강화사업('19-'24/...,2019,2024,https://www.oda.go.kr/opo/bsin/bsnsSumryDocDetail.do?P_BSNS_NO=2019-00058,,,0,,,,,,,0
15052832:302,302,15052832,https://www.data.go.kr/data/15052832/fileData.do,2019-00055,2019-00055,source_direct,1.000,0,,,,필리핀,0,필리핀 FAO 민다나오 지속가능한 개발을 위한 농촌 비즈니스 강화사업('...,2019,2023,https://www.oda.go.kr/opo/bsin/bsnsSumryDocDetail.do?P_BSNS_NO=2019-00055,,,0,,,,,,,0
15052832:303,303,15052832,https://www.data.go.kr/data/15052832/fileData.do,2019-00054,2019-00054,source_direct,1.000,0,,,,필리핀,0,필리핀 팜팡가강 유역 수자원 통합 관리시스템 구축 2차 사업('19-'2...,2019,2024,https://www.oda.go.kr/opo/bsin/bsnsSumryDocDetail.do?P_BSNS_NO=2019-00054,,,0,,,,,,,0
15052832:304,304,15052832,https://www.data.go.kr/data/15052832/fileData.do,2019-00053,2019-00053,source_direct,1.000,0,,,,필리핀,0,필리핀 GGGI 미마로파 낙후 농촌지역 기후복원력 강화 지원 사업('19...,2019,2024,https://www.oda.go.kr/opo/bsin/bsnsSumryDocDetail.do?P_BSNS_NO=2019-00053,,,0,,,,,,,0
15052832:305,305,15052832,https://www.data.go.kr/data/15052832/fileData.do,2019-00052,2019-00052,source_direct,1.000,0,,,,몽골,0,몽골 직업기술교육훈련(TVET) 시스템 개선사업('19-'22/450만불...,2019,2022,https://www.oda.go.kr/opo/bsin/bsnsSumryDocDetail.do?P_BSNS_NO=2019-00052,4500000,사업명에 표시된 KOICA 전체 사업예산; 건축공사비 아님,0,,,,,,,0
15052832:306,306,15052832,https://www.data.go.kr/data/15052832/fileData.do,2019-00051,2019-00051,source_direct,1.000,0,,,,몽골,0,몽골 국립과학기술대학교 정보통신대학 역량강화사업('19-'24/600만불...,2019,2024,https://www.oda.go.kr/opo/bsin/bsnsSumryDocDetail.do?P_BSNS_NO=2019-00051,6000000,사업명에 표시된 KOICA 전체 사업예산; 건축공사비 아님,0,,대학;학교,,,,,0
15052832:307,307,15052832,https://www.data.go.kr/data/15052832/fileData.do,2019-00050,2019-00050,source_direct,1.000,0,,,,몽골,0,몽골 UNICEF 지역사회기반 기후변화대응 WASH 사업('19-'22/...,2019,2022,https://www.oda.go.kr/opo/bsin/bsnsSumryDocDetail.do?P_BSNS_NO=2019-00050,,,0,,,,,,,0
15052832:308,308,15052832,https://www.data.go.kr/data/15052832/fileData.do,2019-00048,2019-00048,source_direct,1.000,0,,,,스리랑카,0,스리랑카 농산물 수출입 검역시스템 개선사업('19-'24/688만불) ...,2019,2024,https://www.oda.go.kr/opo/bsin/bsnsSumryDocDetail.do?P_BSNS_NO=2019-00048,6880000,사업명에 표시된 KOICA 전체 사업예산; 건축공사비 아님,0,,,,,,,0
15052832:309,309,15052832,https://www.data.go.kr/data/15052832/fileData.do,2019-00047,2019-00047,source_direct,1.000,0,,,,스리랑카,0,스리랑카 WFP 5개군 기후변화적응 기반 지역개발 사업('19-'22/6...,2019,2022,https://www.oda.go.kr/opo/bsin/bsnsSumryDocDetail.do?P_BSNS_NO=2019-00047,,,0,,,,,,,0
15052832:310,310,15052832,https://www.data.go.kr/data/15052832/fileData.do,2019-00045,2019-00045,source_direct,1.000,1,L2021-00031-1,,,파키스탄,0,파키스탄 태양전지모듈 인증시험소 설립사업('19-'23/950만불)...,2019,2023,https://www.oda.go.kr/opo/bsin/bsnsSumryDocDetail.do?P_BSNS_NO=2019-00045,9500000,사업명에 표시된 KOICA 전체 사업예산; 건축공사비 아님,0,,,,,,,0
15052832:311,311,15052832,https://www.data.go.kr/data/15052832/fileData.do,2019-00044,2019-00044,source_direct,1.000,0,,,,파키스탄,0,파키스탄 SDG 6 달성을 위한 수질모니터링 시스템 역량강화 사업('19...,2019,2024,https://www.oda.go.kr/opo/bsin/bsnsSumryDocDetail.do?P_BSNS_NO=2019-00044,,,0,,,,,,,0
15052832:312,312,15052832,https://www.data.go.kr/data/15052832/fileData.do,2019-00043,2019-00043,source_direct,1.000,0,,,,피지,0,피지 기후변화 대응 보건역량강화 사업(WHO)('19-'24/641만불)...,2019,2024,https://www.oda.go.kr/opo/bsin/bsnsSumryDocDetail.do?P_BSNS_NO=2019-00043,6410000,사업명에 표시된 KOICA 전체 사업예산; 건축공사비 아님,0,,,,,,,0
15052832:313,313,15052832,https://www.data.go.kr/data/15052832/fileData.do,2019-00042,2019-00042,source_direct,1.000,0,,,,가나,0,가나 센트럴 주 쌀가치사슬체계 향상 사업('19-'23/800만불)...,2019,2023,https://www.oda.go.kr/opo/bsin/bsnsSumryDocDetail.do?P_BSNS_NO=2019-00042,8000000,사업명에 표시된 KOICA 전체 사업예산; 건축공사비 아님,0,,,,,,,0
15052832:314,314,15052832,https://www.data.go.kr/data/15052832/fileData.do,2019-00041,2019-00041,source_direct,1.000,0,,,,,0,감비아 UNESCO 직업훈련을 통한 청년개발 사업('19-'22/220만...,2019,2022,https://www.oda.go.kr/opo/bsin/bsnsSumryDocDetail.do?P_BSNS_NO=2019-00041,,,0,,,,,,,0
15052832:315,315,15052832,https://www.data.go.kr/data/15052832/fileData.do,2019-00039,2019-00039,source_direct,1.000,0,,,,카메룬,0,카메룬 농촌지역 식수위생 개선사업('19-'23/670만불)...,2019,2023,https://www.oda.go.kr/opo/bsin/bsnsSumryDocDetail.do?P_BSNS_NO=2019-00039,6700000,사업명에 표시된 KOICA 전체 사업예산; 건축공사비 아님,0,,,,,,,0
15052832:316,316,15052832,https://www.data.go.kr/data/15052832/fileData.do,2019-00038,2019-00038,source_direct,1.000,0,,,,과테말라,0,과테말라 GCF 서부고원지대 기후변화 복원력 강화사업(‘19-’25/50...,2019,2025,https://www.oda.go.kr/opo/bsin/bsnsSumryDocDetail.do?P_BSNS_NO=2019-00038,,,0,,,,,,,0
15052832:317,317,15052832,https://www.data.go.kr/data/15052832/fileData.do,2019-00037,2019-00037,source_direct,1.000,1,L2021-00034-1;L2023-00027-1;L2023-00037-1;L2023-00057-1;L2023-00058-1;L2023-00060-1,,,엘살바도르,0,엘살바도르 국립보건교육센터 설립 및 보건교육 강화사업('19-'23/68...,2019,2023,https://www.oda.go.kr/opo/bsin/bsnsSumryDocDetail.do?P_BSNS_NO=2019-00037,,,0,,센터,,,,,0
15052832:318,318,15052832,https://www.data.go.kr/data/15052832/fileData.do,2019-00036,2019-00036,source_direct,1.000,0,,,,엘살바도르,0,엘살바도르 치안역량강화 3차사업('19-'24/550만불)...,2019,2024,https://www.oda.go.kr/opo/bsin/bsnsSumryDocDetail.do?P_BSNS_NO=2019-00036,5500000,사업명에 표시된 KOICA 전체 사업예산; 건축공사비 아님,0,,,,,,,0
15052832:319,319,15052832,https://www.data.go.kr/data/15052832/fileData.do,2019-00035,2019-00035,source_direct,1.000,0,,,,코스타리카,0,코스타리카 기술혁신 기반 창업 및 산학협력 지원사업('19-'25/450...,2019,2025,https://www.oda.go.kr/opo/bsin/bsnsSumryDocDetail.do?P_BSNS_NO=2019-00035,,,0,,,,,,,0
15052832:320,320,15052832,https://www.data.go.kr/data/15052832/fileData.do,2019-00034,2019-00034,source_direct,1.000,0,,,,콜롬비아,0,콜롬비아 WFP 분쟁 피해지역 여성의 경제적 자립 및 권익 증진사업('1...,2019,2024,https://www.oda.go.kr/opo/bsin/bsnsSumryDocDetail.do?P_BSNS_NO=2019-00034,,,0,,,,,,,0
15052832:321,321,15052832,https://www.data.go.kr/data/15052832/fileData.do,2019-00033,2019-00033,source_direct,1.000,1,L2020-00017-1;L2020-00028-1,,,파라과이,0,파라과이 도로기술연구소 구축을 통한 도로기술역량강화사업('19-'23/4...,2019,2023,https://www.oda.go.kr/opo/bsin/bsnsSumryDocDetail.do?P_BSNS_NO=2019-00033,,,0,,연구소,,,,,0
15052832:322,322,15052832,https://www.data.go.kr/data/15052832/fileData.do,2019-00032,2019-00032,source_direct,1.000,1,L2020-00012-1;L2020-00016-1;L2021-00030-1;L2021-00042-1;L2021-00045-1;L2022-00002-1,,,파라과이,0,"파라과이 항공 전문인력 역량강화사업('19-'23/1,113만불)...",2019,2023,https://www.oda.go.kr/opo/bsin/bsnsSumryDocDetail.do?P_BSNS_NO=2019-00032,11130000,사업명에 표시된 KOICA 전체 사업예산; 건축공사비 아님,0,,,,,,,0
15052832:323,323,15052832,https://www.data.go.kr/data/15052832/fileData.do,2019-00028,2019-00028,source_direct,1.000,0,,,,모로코,0,모로코 스마트 멀티마이크로그리드 R&D 역량강화 사업('19-'24/40...,2019,2024,https://www.oda.go.kr/opo/bsin/bsnsSumryDocDetail.do?P_BSNS_NO=2019-00028,,,0,,,,,,,0
15052832:324,324,15052832,https://www.data.go.kr/data/15052832/fileData.do,2019-00027,2019-00027,source_direct,1.000,1,L2024-00074-1,,,알제리,0,알제리 사이버 보안센터 설립 사업('19-'24/650만불)...,2019,2024,https://www.oda.go.kr/opo/bsin/bsnsSumryDocDetail.do?P_BSNS_NO=2019-00027,6500000,사업명에 표시된 KOICA 전체 사업예산; 건축공사비 아님,0,,센터,,,,,0
15052832:325,325,15052832,https://www.data.go.kr/data/15052832/fileData.do,2019-00025,2019-00025,source_direct,1.000,0,,,,이집트,0,이집트 지식재산권 자동화 시스템 개선사업('19-'23/290만불)...,2019,2023,https://www.oda.go.kr/opo/bsin/bsnsSumryDocDetail.do?P_BSNS_NO=2019-00025,2900000,사업명에 표시된 KOICA 전체 사업예산; 건축공사비 아님,0,,,,,,,0
15052832:326,326,15052832,https://www.data.go.kr/data/15052832/fileData.do,2019-00023,2019-00023,source_direct,1.000,0,,,,튀니지,0,튀니지 전자조달시스템 확대·개선사업('19-'23/250만불...,2019,2023,https://www.oda.go.kr/opo/bsin/bsnsSumryDocDetail.do?P_BSNS_NO=2019-00023,2500000,사업명에 표시된 KOICA 전체 사업예산; 건축공사비 아님,0,,,,,,,0
15052832:327,327,15052832,https://www.data.go.kr/data/15052832/fileData.do,2019-00016,2019-00016,source_direct,1.000,0,,,,키르기즈,0,키르기즈공화국 UNDP 소방구조 역량강화사업('19-'23/700만불)...,2019,2023,https://www.oda.go.kr/opo/bsin/bsnsSumryDocDetail.do?P_BSNS_NO=2019-00016,7000000,사업명에 표시된 KOICA 전체 사업예산; 건축공사비 아님,0,,,,,,,0
15052832:328,328,15052832,https://www.data.go.kr/data/15052832/fileData.do,2019-00015,2019-00015,source_direct,1.000,1,L2021-00036-1;L2022-00055-1;L2023-00024-1;L2023-00035-1;L2023-00049-1,,,키르기즈,0,키르기즈공화국 유기농업정책 이행지원 및 역량강화 사업('19-'23/50...,2019,2023,https://www.oda.go.kr/opo/bsin/bsnsSumryDocDetail.do?P_BSNS_NO=2019-00015,,,0,,,,,,,0
15052832:329,329,15052832,https://www.data.go.kr/data/15052832/fileData.do,2019-00012,2019-00012,source_direct,1.000,0,,,,르완다,0,르완다 UNDP 유스 커넥트 이니셔티브 확대 지원사업('19-'22/80...,2019,2022,https://www.oda.go.kr/opo/bsin/bsnsSumryDocDetail.do?P_BSNS_NO=2019-00012,,,0,,,,,,,0
15052832:330,330,15052832,https://www.data.go.kr/data/15052832/fileData.do,2019-00011,2019-00011,source_direct,1.000,1,L2020-00004-1;L2022-00001-1,,,모잠비크,0,모잠비크 직업훈련교육 역량강화사업('19-'23/700만불)...,2019,2023,https://www.oda.go.kr/opo/bsin/bsnsSumryDocDetail.do?P_BSNS_NO=2019-00011,7000000,사업명에 표시된 KOICA 전체 사업예산; 건축공사비 아님,0,,,,,,,0
15052832:331,331,15052832,https://www.data.go.kr/data/15052832/fileData.do,2019-00009,2019-00009,source_direct,1.000,0,,,,,0,수단 UNDP 리버나일주 태양광물펌프 설치를 통한 관개개발사업('19-'...,2019,2023,https://www.oda.go.kr/opo/bsin/bsnsSumryDocDetail.do?P_BSNS_NO=2019-00009,,,0,,,,,,,0
15052832:332,332,15052832,https://www.data.go.kr/data/15052832/fileData.do,2019-00008,2019-00008,source_direct,1.000,0,,,,에티오피아,0,에티오피아 SHaPE 2차사업 - 인구 생식보건 행동변화 및 서비스 증진...,2019,2024,https://www.oda.go.kr/opo/bsin/bsnsSumryDocDetail.do?P_BSNS_NO=2019-00008,,,0,,,,,,,0
15052832:333,333,15052832,https://www.data.go.kr/data/15052832/fileData.do,2019-00007,2019-00007,source_direct,1.000,1,L2020-00008-1,,,에티오피아,0,"에티오피아 통합적 식수위생환경 개선사업('19-'23/1,000만불)...",2019,2023,https://www.oda.go.kr/opo/bsin/bsnsSumryDocDetail.do?P_BSNS_NO=2019-00007,10000000,사업명에 표시된 KOICA 전체 사업예산; 건축공사비 아님,0,,,,,,,0
15052832:334,334,15052832,https://www.data.go.kr/data/15052832/fileData.do,2019-00006,2019-00006,source_direct,1.000,0,,,,우간다,1,우간다 UNDP 난민 및 지역 여성 역량강화사업('19-'23/700만불...,2019,2023,https://www.oda.go.kr/opo/bsin/bsnsSumryDocDetail.do?P_BSNS_NO=2019-00006,7000000,사업명에 표시된 KOICA 전체 사업예산; 건축공사비 아님,0,,,,,,,0
15052832:335,335,15052832,https://www.data.go.kr/data/15052832/fileData.do,2019-00005,2019-00005,source_direct,1.000,1,L2020-00013-1;L2020-00014-1;L2020-00015-1;L2022-00025-1;L2022-00047-1;L2023-00003-1;L2023-00009-1,,,우간다,1,우간다 지속가능 농촌개발 시범마을 확산 사업('19-'23/590만불)...,2019,2023,https://www.oda.go.kr/opo/bsin/bsnsSumryDocDetail.do?P_BSNS_NO=2019-00005,5900000,사업명에 표시된 KOICA 전체 사업예산; 건축공사비 아님,0,,,,,,,0
15052832:336,336,15052832,https://www.data.go.kr/data/15052832/fileData.do,2017-12725,2017-12725,source_direct,1.000,0,,,,베트남,0,베트남 하노이 도시철도 8호선 건설 예비타당성조사(Pre-F/S) 사업(...,2018,2022,https://www.oda.go.kr/opo/bsin/bsnsSumryDocDetail.do?P_BSNS_NO=2017-12725,,,0,,,,,,,0
15052832:337,337,15052832,https://www.data.go.kr/data/15052832/fileData.do,2017-07206,2017-07206,source_direct,1.000,0,,,,카메룬,0,카메룬 전자조달시스템 구축 2차 사업('18-'24/560만불) ...,2018,2024,https://www.oda.go.kr/opo/bsin/bsnsSumryDocDetail.do?P_BSNS_NO=2017-07206,5600000,사업명에 표시된 KOICA 전체 사업예산; 건축공사비 아님,0,,,,,,,0
15052832:338,338,15052832,https://www.data.go.kr/data/15052832/fileData.do,2017-07196,2017-07196,source_direct,1.000,0,,,,우즈베키스탄,0,우즈베키스탄 타슈켄트 정보통신대학교 통합교육정보화시스템 구축 및 보급 지...,2018,2022,https://www.oda.go.kr/opo/bsin/bsnsSumryDocDetail.do?P_BSNS_NO=2017-07196,,,0,,대학;학교,,,,,0
15052832:339,339,15052832,https://www.data.go.kr/data/15052832/fileData.do,2017-07192,2017-07192,source_direct,1.000,1,L2020-00001-1;L2020-00001-2,,,캄보디아,0,캄보디아 앙두엉병원 이비인후과(ENT) 역량강화사업('18-'22/800...,2018,2022,https://www.oda.go.kr/opo/bsin/bsnsSumryDocDetail.do?P_BSNS_NO=2017-07192,,,0,,병원,,,,,0
15052832:340,340,15052832,https://www.data.go.kr/data/15052832/fileData.do,2017-07188,2017-07188,source_direct,1.000,1,L2020-00033-1;L2020-00034-1,,,코트디부아르,0,코트디부아르 아비장시 상수급수 연결 2차사업('18-'22/607만불)	...,2018,2022,https://www.oda.go.kr/opo/bsin/bsnsSumryDocDetail.do?P_BSNS_NO=2017-07188,6070000,사업명에 표시된 KOICA 전체 사업예산; 건축공사비 아님,0,,,,,,,0
15052832:341,341,15052832,https://www.data.go.kr/data/15052832/fileData.do,2017-07184,2017-07184,source_direct,1.000,0,,,,나이지리아,0,나이지리아 UNFPA 보르노주 여성 및 소녀를 위한 성생식 보건 및 젠더...,2018,2022,https://www.oda.go.kr/opo/bsin/bsnsSumryDocDetail.do?P_BSNS_NO=2017-07184,,,0,,,,,,,0
15052832:342,342,15052832,https://www.data.go.kr/data/15052832/fileData.do,2017-07156,2017-07156,source_direct,1.000,0,,,,팔레스타인,0,팔레스타인 외교부 행정관리시스템 고도화 및 보안네트워크 구축사업('18-...,2018,2021,https://www.oda.go.kr/opo/bsin/bsnsSumryDocDetail.do?P_BSNS_NO=2017-07156,,,0,,,,,,,0
15052832:343,343,15052832,https://www.data.go.kr/data/15052832/fileData.do,2017-07139,2017-07139,source_direct,1.000,0,,,,우간다,1,우간다 UNICEF 카라모자지역 초중등학교 식수시설 보급 및 위생교육사업...,2018,2023,https://www.oda.go.kr/opo/bsin/bsnsSumryDocDetail.do?P_BSNS_NO=2017-07139,,,0,,시설;학교,,,,,0
15052832:344,344,15052832,https://www.data.go.kr/data/15052832/fileData.do,2017-07123,2017-07123,source_direct,1.000,0,,,,르완다,0,르완다 전자영수증 발급 시스템 고도화 및 통합조세포털 구축사업('18-'...,2018,2022,https://www.oda.go.kr/opo/bsin/bsnsSumryDocDetail.do?P_BSNS_NO=2017-07123,,,0,,,,,,,0
15052832:345,345,15052832,https://www.data.go.kr/data/15052832/fileData.do,2017-07115,2017-07115,source_direct,1.000,1,L2018-00015-1;L2019-00021-1,,,가나,0,우즈벡 페르가나 직업훈련원 건립사업('18-'22/983만불)  ...,2018,2022,https://www.oda.go.kr/opo/bsin/bsnsSumryDocDetail.do?P_BSNS_NO=2017-07115,9830000,사업명에 표시된 KOICA 전체 사업예산; 건축공사비 아님,1,강한건축어,건립;훈련원,,,,,0
15052832:346,346,15052832,https://www.data.go.kr/data/15052832/fileData.do,2017-07113,2017-07113,source_direct,1.000,1,L2020-00002-1,,,미얀마,0,미얀마 중앙 중추고속도로 타당성조사사업('18-'21/580만불) ...,2018,2021,https://www.oda.go.kr/opo/bsin/bsnsSumryDocDetail.do?P_BSNS_NO=2017-07113,5800000,사업명에 표시된 KOICA 전체 사업예산; 건축공사비 아님,0,,,,,,,0
15052832:347,347,15052832,https://www.data.go.kr/data/15052832/fileData.do,2017-07100,2017-07100,source_direct,1.000,0,,,,네팔,0,네팔 UNDP 과일 및 채소 가치사슬 개발 사업('18-'23/505만불...,2018,2023,https://www.oda.go.kr/opo/bsin/bsnsSumryDocDetail.do?P_BSNS_NO=2017-07100,5050000,사업명에 표시된 KOICA 전체 사업예산; 건축공사비 아님,0,,,,,,,0
15052832:348,348,15052832,https://www.data.go.kr/data/15052832/fileData.do,2017-07025,2017-07025,source_direct,1.000,0,,,,,0,온두라스 교원 ICT 활용능력 강화사업('18-'23/180만불) ...,2018,2023,https://www.oda.go.kr/opo/bsin/bsnsSumryDocDetail.do?P_BSNS_NO=2017-07025,1800000,사업명에 표시된 KOICA 전체 사업예산; 건축공사비 아님,0,,,,,,,0
15052832:349,349,15052832,https://www.data.go.kr/data/15052832/fileData.do,2016-20261,2016-20261,source_direct,1.000,0,,,,파라과이,0,파라과이 바냐도수르 지역개발 마스터플랜 및 강변도로 지역 개발 상세계획 ...,2018,2022,https://www.oda.go.kr/opo/bsin/bsnsSumryDocDetail.do?P_BSNS_NO=2016-20261,,,0,,,,,,,0
15052832:350,350,15052832,https://www.data.go.kr/data/15052832/fileData.do,2016-20242,2016-20242,source_direct,1.000,1,L2019-00033-1;L2021-00001-1;L2021-00001-2,,,케냐,0,케냐 분고마주 체퓩-키바비 식수개발사업(`18-`23/600만불)...,2018,2023,https://www.oda.go.kr/opo/bsin/bsnsSumryDocDetail.do?P_BSNS_NO=2016-20242,6000000,사업명에 표시된 KOICA 전체 사업예산; 건축공사비 아님,0,,,,,,,0
15052832:351,351,15052832,https://www.data.go.kr/data/15052832/fileData.do,2016-20238,2016-20238,source_direct,1.000,0,,,,베트남,0,베트남 해양환경관리 기반구축을 위한 역량강화 및 시범사업('18-'23/...,2018,2023,https://www.oda.go.kr/opo/bsin/bsnsSumryDocDetail.do?P_BSNS_NO=2016-20238,,,0,,,,,,,0
15052832:352,352,15052832,https://www.data.go.kr/data/15052832/fileData.do,2016-20236,2016-20236,source_direct,1.000,0,,,,베트남,0,베트남 사회주택 개발 종합정책수립사업('18-'21/300만불) ...,2018,2021,https://www.oda.go.kr/opo/bsin/bsnsSumryDocDetail.do?P_BSNS_NO=2016-20236,3000000,사업명에 표시된 KOICA 전체 사업예산; 건축공사비 아님,0,,,,,,,0
15052832:353,353,15052832,https://www.data.go.kr/data/15052832/fileData.do,2016-20226,2016-20226,source_direct,1.000,0,,,,피지,0,피지 멜라네시아 신재생에너지 역량강화사업('18-'22/600만불)...,2018,2022,https://www.oda.go.kr/opo/bsin/bsnsSumryDocDetail.do?P_BSNS_NO=2016-20226,6000000,사업명에 표시된 KOICA 전체 사업예산; 건축공사비 아님,0,,,,,,,0
15052832:354,354,15052832,https://www.data.go.kr/data/15052832/fileData.do,2016-20206,2016-20206,source_direct,1.000,1,L2021-00010-1;L2022-00033-1,,,방글라데시,0,방글라데시 청년창업 활성화를 위한 대학 창업교육 역량강화 지원사업('18...,2018,2024,https://www.oda.go.kr/opo/bsin/bsnsSumryDocDetail.do?P_BSNS_NO=2016-20206,,,0,,대학,,,,,0
15052832:355,355,15052832,https://www.data.go.kr/data/15052832/fileData.do,2016-20200,2016-20200,source_direct,1.000,0,,,,방글라데시,0,방글라데시 기술교육 및 청년취업 강화사업('18-'25/850만불)...,2018,2025,https://www.oda.go.kr/opo/bsin/bsnsSumryDocDetail.do?P_BSNS_NO=2016-20200,8500000,사업명에 표시된 KOICA 전체 사업예산; 건축공사비 아님,0,,,,,,,0
15052832:356,356,15052832,https://www.data.go.kr/data/15052832/fileData.do,2016-20196,2016-20196,source_direct,1.000,0,,,,베트남,0,베트남 민간부문 투자활성화를 위한 투자정보시스템 구축사업('18-'23/...,2018,2023,https://www.oda.go.kr/opo/bsin/bsnsSumryDocDetail.do?P_BSNS_NO=2016-20196,,,0,,,,,,,0
15052832:357,357,15052832,https://www.data.go.kr/data/15052832/fileData.do,2016-20194,2016-20194,source_direct,1.000,0,,,,세네갈,0,세네갈 UNICEF 영유아발달 지원사업('18-'23/495만불)...,2018,2023,https://www.oda.go.kr/opo/bsin/bsnsSumryDocDetail.do?P_BSNS_NO=2016-20194,4950000,사업명에 표시된 KOICA 전체 사업예산; 건축공사비 아님,0,,,,,,,0
15052832:358,358,15052832,https://www.data.go.kr/data/15052832/fileData.do,2016-20192,2016-20192,source_direct,1.000,0,,,,세네갈,0,세네갈 중부지역 모자보건체계 강화사업('18-'23/890만불)...,2018,2023,https://www.oda.go.kr/opo/bsin/bsnsSumryDocDetail.do?P_BSNS_NO=2016-20192,8900000,사업명에 표시된 KOICA 전체 사업예산; 건축공사비 아님,0,,,,,,,0
15052832:359,359,15052832,https://www.data.go.kr/data/15052832/fileData.do,2016-20190,2016-20190,source_direct,1.000,0,,,,가나,0,가나 글로벌보건안보구상(GHSA)강화사업('18-'23/750만불) ...,2018,2023,https://www.oda.go.kr/opo/bsin/bsnsSumryDocDetail.do?P_BSNS_NO=2016-20190,7500000,사업명에 표시된 KOICA 전체 사업예산; 건축공사비 아님,0,,,,,,,0
15052832:360,360,15052832,https://www.data.go.kr/data/15052832/fileData.do,2016-20182,2016-20182,source_direct,1.000,0,,,,,0,아이티 UNDP 취약계층 여성역량강화 및 소득증진 사업('18-'24/4...,2018,2024,https://www.oda.go.kr/opo/bsin/bsnsSumryDocDetail.do?P_BSNS_NO=2016-20182,,,0,,,,,,,0
15052832:361,361,15052832,https://www.data.go.kr/data/15052832/fileData.do,2016-20176,2016-20176,source_direct,1.000,1,L2021-00011-1;L2022-00032-1;L2022-00040-1;L2022-00046-1;L2022-00060-1,,,도미니카공화국;도미니카,0,도미니카공화국 미성년자 임신방지 및 여성보건환경개선 3차 사업('18-'...,2018,2023,https://www.oda.go.kr/opo/bsin/bsnsSumryDocDetail.do?P_BSNS_NO=2016-20176,,,0,,,,,,,0
15052832:362,362,15052832,https://www.data.go.kr/data/15052832/fileData.do,2016-20170,2016-20170,source_direct,1.000,0,,,,,0,아제르바이잔 IOM 물공급시스템(카흐리즈) 구축 지원사업('18-'22/...,2018,2022,https://www.oda.go.kr/opo/bsin/bsnsSumryDocDetail.do?P_BSNS_NO=2016-20170,,,0,,,,,,,0
15052832:363,363,15052832,https://www.data.go.kr/data/15052832/fileData.do,2016-20158,2016-20158,source_direct,1.000,0,,,,스리랑카,0,스리랑카 북부주 킬리노치 지역 교육역량강화 사업('18-'22/750만불...,2018,2022,https://www.oda.go.kr/opo/bsin/bsnsSumryDocDetail.do?P_BSNS_NO=2016-20158,7500000,사업명에 표시된 KOICA 전체 사업예산; 건축공사비 아님,0,,,,,,,0
15052832:364,364,15052832,https://www.data.go.kr/data/15052832/fileData.do,2016-20150,2016-20150,source_direct,1.000,1,L2018-00012-1;L2018-00018-1;L2022-00042-1,,,필리핀,0,필리핀 퀴리노주 농촌종합개발 2차 사업('18-'23/950만불)...,2018,2023,https://www.oda.go.kr/opo/bsin/bsnsSumryDocDetail.do?P_BSNS_NO=2016-20150,9500000,사업명에 표시된 KOICA 전체 사업예산; 건축공사비 아님,0,,,,,,,0
15052832:365,365,15052832,https://www.data.go.kr/data/15052832/fileData.do,2016-20148,2016-20148,source_direct,1.000,0,,,,필리핀,0,필리핀 UNICEF 생애초기 1000일간 영양개선사업('18-'22/60...,2018,2022,https://www.oda.go.kr/opo/bsin/bsnsSumryDocDetail.do?P_BSNS_NO=2016-20148,,,0,,,,,,,0
15052832:366,366,15052832,https://www.data.go.kr/data/15052832/fileData.do,2016-20134,2016-20134,source_direct,1.000,0,,,,콜롬비아;국내,0,콜롬비아 UNHCR 내전 피해 국내난민 정착지원 및 지속 가능 해결 방안...,2018,2022,https://www.oda.go.kr/opo/bsin/bsnsSumryDocDetail.do?P_BSNS_NO=2016-20134,,,0,,,,,,,0
15052832:367,367,15052832,https://www.data.go.kr/data/15052832/fileData.do,2016-20124,2016-20124,source_direct,1.000,0,,,,알제리,0,알제리 새우양식 사료 제조역량 강화 사업(`18-`23/357만불)...,2018,2023,https://www.oda.go.kr/opo/bsin/bsnsSumryDocDetail.do?P_BSNS_NO=2016-20124,3570000,사업명에 표시된 KOICA 전체 사업예산; 건축공사비 아님,0,,,,,,,0
15052832:368,368,15052832,https://www.data.go.kr/data/15052832/fileData.do,2016-20110,2016-20110,source_direct,1.000,1,L2019-00023-1;L2020-00011-1,,,탄자니아,0,탄자니아 잔지바르 중등교육 질 향상을 위한 통합적 교육환경 개선사업('1...,2018,2024,https://www.oda.go.kr/opo/bsin/bsnsSumryDocDetail.do?P_BSNS_NO=2016-20110,,,0,,,,,,,0
15052832:369,369,15052832,https://www.data.go.kr/data/15052832/fileData.do,2016-20102,2016-20102,source_direct,1.000,0,,,,파키스탄,0,파키스탄 UNESCO 소녀들의 기초교육권리 확충을 위한 교육역량 강화사업...,2018,2023,https://www.oda.go.kr/opo/bsin/bsnsSumryDocDetail.do?P_BSNS_NO=2016-20102,,,0,,,,,,,0
15052832:370,370,15052832,https://www.data.go.kr/data/15052832/fileData.do,2016-20098,2016-20098,source_direct,1.000,1,L2022-00007-1;L2022-00007-2,,,인도네시아;인도,0,인도네시아 경찰청 사이버 범죄수사역량강화사업('18-'23/510만불) ...,2018,2023,https://www.oda.go.kr/opo/bsin/bsnsSumryDocDetail.do?P_BSNS_NO=2016-20098,5100000,사업명에 표시된 KOICA 전체 사업예산; 건축공사비 아님,0,,,,,,,0
15052832:371,371,15052832,https://www.data.go.kr/data/15052832/fileData.do,2016-20076,2016-20076,source_direct,1.000,0,,,,라오스,0,라오스 사바나켓주 경제특구 개발을 위한 지리공간정보 기반 구축 및 역량강...,2018,2026,https://www.oda.go.kr/opo/bsin/bsnsSumryDocDetail.do?P_BSNS_NO=2016-20076,,,0,,,,,,,0
15052832:372,372,15052832,https://www.data.go.kr/data/15052832/fileData.do,2016-20072,2016-20072,source_direct,1.000,0,,,,과테말라,0,과테말라 중북부 지역 기후변화적응을 위한 복원력 강화 사업 ('18-'2...,2018,2023,https://www.oda.go.kr/opo/bsin/bsnsSumryDocDetail.do?P_BSNS_NO=2016-20072,,,0,,,,,,,0
15052832:373,373,15052832,https://www.data.go.kr/data/15052832/fileData.do,2016-20047,2016-20047,source_direct,1.000,0,,,,볼리비아;리비아,0,"볼리비아 UNICEF 코차밤바, 판도 주 원주민 지역사회 내 보건 및 교...",2018,2022,https://www.oda.go.kr/opo/bsin/bsnsSumryDocDetail.do?P_BSNS_NO=2016-20047,,,0,,,,,,,0
15052832:374,374,15052832,https://www.data.go.kr/data/15052832/fileData.do,2016-20041,2016-20041,source_direct,1.000,0,,,,이라크,0,이라크 쿠르드지방정부 공공조달 현대화 사업('18-'23/600만불)...,2018,2023,https://www.oda.go.kr/opo/bsin/bsnsSumryDocDetail.do?P_BSNS_NO=2016-20041,6000000,사업명에 표시된 KOICA 전체 사업예산; 건축공사비 아님,0,,,,,,,0
15052832:375,375,15052832,https://www.data.go.kr/data/15052832/fileData.do,2016-00235,2016-00235,source_direct,1.000,1,L2019-00004-1;L2019-00007-1;L2019-00008-1,,,에티오피아,0,에티오피아 짐마지역 모성 및 신생아보건서비스 체계강화사업('16-'19/...,2016,2019,https://www.oda.go.kr/opo/bsin/bsnsSumryDocDetail.do?P_BSNS_NO=2016-00235,,,0,,,,,,,0
15052832:376,376,15052832,https://www.data.go.kr/data/15052832/fileData.do,2016-00234,2016-00234,source_direct,1.000,0,,,,우간다,1,우간다 이강가 카물리 지역아웃리치를 통한 모자보건 개선 사업('16-'1...,2016,2018,https://www.oda.go.kr/opo/bsin/bsnsSumryDocDetail.do?P_BSNS_NO=2016-00234,,,0,,,,,,,0
15052832:377,377,15052832,https://www.data.go.kr/data/15052832/fileData.do,2016-00233,2016-00233,source_direct,1.000,0,,,,케냐,0,케냐 카지아도주 모자보건 증진 및 보건인식 개선 강화 사업('16-'18...,2016,2018,https://www.oda.go.kr/opo/bsin/bsnsSumryDocDetail.do?P_BSNS_NO=2016-00233,,,0,,,,,,,0
15052832:378,378,15052832,https://www.data.go.kr/data/15052832/fileData.do,2016-00231,2016-00231,source_direct,1.000,0,,,,에티오피아,0,에티오피아 싱글윈도우사업(2단계)('17-'23/749만불)...,2017,2023,https://www.oda.go.kr/opo/bsin/bsnsSumryDocDetail.do?P_BSNS_NO=2016-00231,7490000,사업명에 표시된 KOICA 전체 사업예산; 건축공사비 아님,0,,,,,,,0
15052832:379,379,15052832,https://www.data.go.kr/data/15052832/fileData.do,2016-00230,2016-00230,source_direct,1.000,0,,,,미얀마,0,미얀마 에야와디 델타 지역 농업 및 관개개발 마스터플랜 수립사업('17-...,2017,2021,https://www.oda.go.kr/opo/bsin/bsnsSumryDocDetail.do?P_BSNS_NO=2016-00230,,,0,,,,,,,0
15052832:380,380,15052832,https://www.data.go.kr/data/15052832/fileData.do,2016-00229,2016-00229,source_direct,1.000,0,,,,키르기즈,0,키르기즈공화국 새마을기반 지역개발 시범사업('17-'23/350만불)...,2017,2023,https://www.oda.go.kr/opo/bsin/bsnsSumryDocDetail.do?P_BSNS_NO=2016-00229,3500000,사업명에 표시된 KOICA 전체 사업예산; 건축공사비 아님,0,,,,,,,0
15052832:381,381,15052832,https://www.data.go.kr/data/15052832/fileData.do,2016-00228,2016-00228,source_direct,1.000,0,,,,,0,니카라과 새마을기반 정책개발역량강화사업('17-`21/180만불) ...,2017,2021,https://www.oda.go.kr/opo/bsin/bsnsSumryDocDetail.do?P_BSNS_NO=2016-00228,1800000,사업명에 표시된 KOICA 전체 사업예산; 건축공사비 아님,0,,,,,,,0
15052832:382,382,15052832,https://www.data.go.kr/data/15052832/fileData.do,2016-00227,2016-00227,source_direct,1.000,0,,,,에티오피아,0,에티오피아 암하라주 새마을운동 사업('17-'22/437.3만불)...,2017,2022,https://www.oda.go.kr/opo/bsin/bsnsSumryDocDetail.do?P_BSNS_NO=2016-00227,4373000,사업명에 표시된 KOICA 전체 사업예산; 건축공사비 아님,0,,,,,,,0
15052832:383,383,15052832,https://www.data.go.kr/data/15052832/fileData.do,2016-00226,2016-00226,source_direct,1.000,0,,,,모로코,0,모로코 녹색기술 연구개발 종합지원사업('17-'23/800만불)...,2017,2023,https://www.oda.go.kr/opo/bsin/bsnsSumryDocDetail.do?P_BSNS_NO=2016-00226,8000000,사업명에 표시된 KOICA 전체 사업예산; 건축공사비 아님,0,,,,,,,0
15052832:384,384,15052832,https://www.data.go.kr/data/15052832/fileData.do,2016-00225,2016-00225,source_direct,1.000,0,,,,베트남,0,베트남 산업계 에너지 효율 투자 활성화 지원사업 ('17-'20/190만...,2017,2020,https://www.oda.go.kr/opo/bsin/bsnsSumryDocDetail.do?P_BSNS_NO=2016-00225,,,0,,,,,,,0
15052832:385,385,15052832,https://www.data.go.kr/data/15052832/fileData.do,2016-00223,2016-00223,source_direct,1.000,0,,,,스리랑카,0,스리랑카 해양대학교 발전 마스터플랜 수립 및 역량강화 사업('17-'22...,2017,2022,https://www.oda.go.kr/opo/bsin/bsnsSumryDocDetail.do?P_BSNS_NO=2016-00223,,,0,,대학;학교,,,,,0
15052832:386,386,15052832,https://www.data.go.kr/data/15052832/fileData.do,2016-00222,2016-00222,source_direct,1.000,0,,,,타지키스탄,0,타지키스탄 전력소외 지역 전력망 구축 사업('17-'21/600만불)...,2017,2021,https://www.oda.go.kr/opo/bsin/bsnsSumryDocDetail.do?P_BSNS_NO=2016-00222,6000000,사업명에 표시된 KOICA 전체 사업예산; 건축공사비 아님,0,,,,,,,0
15052832:387,387,15052832,https://www.data.go.kr/data/15052832/fileData.do,2016-00221,2016-00221,source_direct,1.000,0,,,,,0,카리브해 해안리질리언스 강화를 위한 백사장 침식 모니터링 및 조사사업(&...,2017,2023,https://www.oda.go.kr/opo/bsin/bsnsSumryDocDetail.do?P_BSNS_NO=2016-00221,,,0,,,,,,,0
15052832:388,388,15052832,https://www.data.go.kr/data/15052832/fileData.do,2016-00220,2016-00220,source_direct,1.000,1,L2019-00040-1;L2019-00040-2;L2019-00041-1;L2019-00042-1,,,엘살바도르,0,엘살바도르 동부건조지역 수계 복원력증대를 통한 기후변화대응사업('17-'...,2017,2021,https://www.oda.go.kr/opo/bsin/bsnsSumryDocDetail.do?P_BSNS_NO=2016-00220,,,0,,,,,,,0
15052832:389,389,15052832,https://www.data.go.kr/data/15052832/fileData.do,2016-00219,2016-00219,source_direct,1.000,0,,,,페루,0,페루 아마존지역 주민들의 삶의 질 개선을 위한 바이오 비즈니스 생산성 제...,2017,2023,https://www.oda.go.kr/opo/bsin/bsnsSumryDocDetail.do?P_BSNS_NO=2016-00219,,,0,,,,,,,0
15052832:390,390,15052832,https://www.data.go.kr/data/15052832/fileData.do,2016-00218,2016-00218,source_direct,1.000,1,L2019-00006-1,,,튀니지,0,튀니지 남부지역 50MW 태양광발전소 건설 타당성조사 사업('17-'21...,2017,2021,https://www.oda.go.kr/opo/bsin/bsnsSumryDocDetail.do?P_BSNS_NO=2016-00218,,,0,,,,,,,0
15052832:391,391,15052832,https://www.data.go.kr/data/15052832/fileData.do,2016-00215,2016-00215,source_direct,1.000,1,L2019-00015-1;L2019-00015-2;L2019-00016-1,,,요르단,0,"요르단 자르카 기술고등학교 설립사업('17-'22/1,038만불)...",2017,2022,https://www.oda.go.kr/opo/bsin/bsnsSumryDocDetail.do?P_BSNS_NO=2016-00215,10380000,사업명에 표시된 KOICA 전체 사업예산; 건축공사비 아님,0,,학교,,,,,0
15052832:392,392,15052832,https://www.data.go.kr/data/15052832/fileData.do,2016-00214,2016-00214,source_direct,1.000,0,,,,볼리비아;리비아,0,볼리비아 고원지역 건강증진 및 삶의 질 향상 프로그램('17-'23/90...,2017,2023,https://www.oda.go.kr/opo/bsin/bsnsSumryDocDetail.do?P_BSNS_NO=2016-00214,,,0,,,,,,,0
15052832:393,393,15052832,https://www.data.go.kr/data/15052832/fileData.do,2016-00213,2016-00213,source_direct,1.000,1,L2018-00019-1,,,라오스,0,라오스 한-라 직업기술개발원 역량강화사업('17-'23/585만불) ...,2017,2023,https://www.oda.go.kr/opo/bsin/bsnsSumryDocDetail.do?P_BSNS_NO=2016-00213,5850000,사업명에 표시된 KOICA 전체 사업예산; 건축공사비 아님,0,,,,,,,0
15052832:394,394,15052832,https://www.data.go.kr/data/15052832/fileData.do,2016-00212,2016-00212,source_direct,1.000,0,,,,캄보디아,0,캄보디아 건강형평성 및 질 향상 프로그램('17-'22/700만불)...,2017,2022,https://www.oda.go.kr/opo/bsin/bsnsSumryDocDetail.do?P_BSNS_NO=2016-00212,7000000,사업명에 표시된 KOICA 전체 사업예산; 건축공사비 아님,0,,,,,,,0
15052832:395,395,15052832,https://www.data.go.kr/data/15052832/fileData.do,2016-00211,2016-00211,source_direct,1.000,0,,,,,0,이란 국립 직업훈련교사 훈련원 현대화사업('17-'23/750만불)  ...,2017,2023,https://www.oda.go.kr/opo/bsin/bsnsSumryDocDetail.do?P_BSNS_NO=2016-00211,7500000,사업명에 표시된 KOICA 전체 사업예산; 건축공사비 아님,0,,훈련원,,,,,0
15052832:396,396,15052832,https://www.data.go.kr/data/15052832/fileData.do,2016-00210,2016-00210,source_direct,1.000,0,,,,,0,니카라과 중등교사 ICT교육 역량강화 사업('17-'21/300만불) ...,2017,2021,https://www.oda.go.kr/opo/bsin/bsnsSumryDocDetail.do?P_BSNS_NO=2016-00210,3000000,사업명에 표시된 KOICA 전체 사업예산; 건축공사비 아님,0,,,,,,,0
15052832:397,397,15052832,https://www.data.go.kr/data/15052832/fileData.do,2016-00209,2016-00209,source_direct,1.000,0,,,,르완다,0,르완다 교사 및 예비교사 ICT 교육 역량강화사업('17-'23/730만...,2017,2023,https://www.oda.go.kr/opo/bsin/bsnsSumryDocDetail.do?P_BSNS_NO=2016-00209,,,0,,,,,,,0
15052832:398,398,15052832,https://www.data.go.kr/data/15052832/fileData.do,2016-00208,2016-00208,source_direct,1.000,0,,,,DR콩고,0,DR콩고 루붐바시 실험실 감염병 감시 및 진단 역량강화사업('17-'22...,2017,2022,https://www.oda.go.kr/opo/bsin/bsnsSumryDocDetail.do?P_BSNS_NO=2016-00208,,,0,,실험실,,,,,0
15052832:399,399,15052832,https://www.data.go.kr/data/15052832/fileData.do,2016-00207,2016-00207,source_direct,1.000,0,,,,캄보디아,0,캄보디아 KOICA-GHSA 로드맵 수립 및 3대 행동계획 이행지원 사업...,2017,2021,https://www.oda.go.kr/opo/bsin/bsnsSumryDocDetail.do?P_BSNS_NO=2016-00207,,,0,,,,,,,0
15052832:400,400,15052832,https://www.data.go.kr/data/15052832/fileData.do,2016-00206,2016-00206,source_direct,1.000,1,L2018-00005-1;L2018-00020-1;L2019-00043-1;L2020-00007-1,,,요르단,0,요르단 시리아 난민 밀집지역 취약계층 아동을 위한 3개 학교 건립사업('...,2017,2022,https://www.oda.go.kr/opo/bsin/bsnsSumryDocDetail.do?P_BSNS_NO=2016-00206,,,1,강한건축어,건립;학교,,,,,0
15052832:401,401,15052832,https://www.data.go.kr/data/15052832/fileData.do,2016-00205,2016-00205,source_direct,1.000,0,,,,가나,0,가나 UNICEF 여성청소년 권익과 교육 및 보건 증진 사업('17-'2...,2017,2021,https://www.oda.go.kr/opo/bsin/bsnsSumryDocDetail.do?P_BSNS_NO=2016-00205,,,0,,,,,,,0
15052832:402,402,15052832,https://www.data.go.kr/data/15052832/fileData.do,2016-00204,2016-00204,source_direct,1.000,0,,,,필리핀,0,필리핀 UNESCO 타클로반 지역 학교밖 소녀를 위한 교육사업('17-'...,2017,2022,https://www.oda.go.kr/opo/bsin/bsnsSumryDocDetail.do?P_BSNS_NO=2016-00204,,,0,,학교,,,,,0
15052832:403,403,15052832,https://www.data.go.kr/data/15052832/fileData.do,2016-00202,2016-00202,source_direct,1.000,1,L2019-00011-1,,,라오스,0,라오스 출입국관리 행정역량강화사업(2017-2023/860만불)  ...,2017,2023,https://www.oda.go.kr/opo/bsin/bsnsSumryDocDetail.do?P_BSNS_NO=2016-00202,8600000,사업명에 표시된 KOICA 전체 사업예산; 건축공사비 아님,0,,,,,,,0
15052832:404,404,15052832,https://www.data.go.kr/data/15052832/fileData.do,2016-00201,2016-00201,source_direct,1.000,0,,,,몽골,0,몽골 헌법재판소 정보화시스템 구축사업('17-'19/400만불)...,2017,2019,https://www.oda.go.kr/opo/bsin/bsnsSumryDocDetail.do?P_BSNS_NO=2016-00201,4000000,사업명에 표시된 KOICA 전체 사업예산; 건축공사비 아님,0,,,,,,,0
15052832:405,405,15052832,https://www.data.go.kr/data/15052832/fileData.do,2016-00200,2016-00200,source_direct,1.000,0,,,,우즈베키스탄,0,우즈베키스탄 공공부문 혁신을 위한 국가행정아카데미 역량강화사업('17-'...,2017,2021,https://www.oda.go.kr/opo/bsin/bsnsSumryDocDetail.do?P_BSNS_NO=2016-00200,,,0,,,,,,,0
15052832:406,406,15052832,https://www.data.go.kr/data/15052832/fileData.do,2016-00099,2016-00099,source_direct,1.000,0,,,,탄자니아,0,탄자니아 UNESCO 교육을 통한 탄자니아 여성청소년 역량강화('16-'...,2016,2021,https://www.oda.go.kr/opo/bsin/bsnsSumryDocDetail.do?P_BSNS_NO=2016-00099,,,0,,,,,,,0
15052832:407,407,15052832,https://www.data.go.kr/data/15052832/fileData.do,2016-00098,2016-00098,source_direct,1.000,0,,,,네팔,0,네팔 UNESCO 포괄적 성교육 및 안전한 교육환경 구축을 통한 소녀 및...,2016,2022,https://www.oda.go.kr/opo/bsin/bsnsSumryDocDetail.do?P_BSNS_NO=2016-00098,,,0,,,,,,,0
15052832:408,408,15052832,https://www.data.go.kr/data/15052832/fileData.do,2016-00097,2016-00097,source_direct,1.000,0,,,,,0,말리 UNESCO 교육을 통한 여성청소년 역량강화('16-'21/515만...,2016,2021,https://www.oda.go.kr/opo/bsin/bsnsSumryDocDetail.do?P_BSNS_NO=2016-00097,,,0,,,,,,,0
15052832:409,409,15052832,https://www.data.go.kr/data/15052832/fileData.do,2016-00096,2016-00096,source_direct,1.000,0,,,,키르기즈,0,키르기즈공화국 전자주민카드(e-NID) 도입 사업('16-'18/746만...,2016,2018,https://www.oda.go.kr/opo/bsin/bsnsSumryDocDetail.do?P_BSNS_NO=2016-00096,,,0,,,,,,,0
15052832:410,410,15052832,https://www.data.go.kr/data/15052832/fileData.do,2016-00090,2016-00090,source_direct,1.000,0,,,,,0,남아공 새마을운동 DEEP사업('16-'20/150만불)...,2016,2020,https://www.oda.go.kr/opo/bsin/bsnsSumryDocDetail.do?P_BSNS_NO=2016-00090,1500000,사업명에 표시된 KOICA 전체 사업예산; 건축공사비 아님,0,,,,,,,0
15052832:411,411,15052832,https://www.data.go.kr/data/15052832/fileData.do,2016-00089,2016-00089,source_direct,1.000,0,,,,세네갈,0,세네갈 농업기술학교 역량강화사업('14-'19/300만불)...,2014,2019,https://www.oda.go.kr/opo/bsin/bsnsSumryDocDetail.do?P_BSNS_NO=2016-00089,3000000,사업명에 표시된 KOICA 전체 사업예산; 건축공사비 아님,0,,학교,,,,,0
15052832:412,412,15052832,https://www.data.go.kr/data/15052832/fileData.do,2016-00088,2016-00088,source_direct,1.000,0,,,,콜롬비아,0,콜롬비아 과채류 시장경쟁력 강화사업('16-'21/400만불)...,2016,2021,https://www.oda.go.kr/opo/bsin/bsnsSumryDocDetail.do?P_BSNS_NO=2016-00088,4000000,사업명에 표시된 KOICA 전체 사업예산; 건축공사비 아님,0,,,,,,,0
15052832:413,413,15052832,https://www.data.go.kr/data/15052832/fileData.do,2016-00087,2016-00087,source_direct,1.000,0,,,,라오스,0,라오스 아시안하이웨이 라오스 구간(8번 국도) 개량 타당성조사 및 기본설...,2016,2018,https://www.oda.go.kr/opo/bsin/bsnsSumryDocDetail.do?P_BSNS_NO=2016-00087,,,0,,,,,,,0
15052832:414,414,15052832,https://www.data.go.kr/data/15052832/fileData.do,2016-00086,2016-00086,source_direct,1.000,0,,,,라오스,0,라오스 남능강 유역 통합수자원관리 마스터플랜 수립사업(‘16-’19/26...,2016,2019,https://www.oda.go.kr/opo/bsin/bsnsSumryDocDetail.do?P_BSNS_NO=2016-00086,,,0,,,,,,,0
15052832:415,415,15052832,https://www.data.go.kr/data/15052832/fileData.do,2016-00085,2016-00085,source_direct,1.000,0,,,,인도네시아;인도,0,인도네시아 자카르타 수도권해안종합개발 컨설팅사업('14-'21/950만불...,2014,2021,https://www.oda.go.kr/opo/bsin/bsnsSumryDocDetail.do?P_BSNS_NO=2016-00085,9500000,사업명에 표시된 KOICA 전체 사업예산; 건축공사비 아님,0,,,,,,,0
15052832:416,416,15052832,https://www.data.go.kr/data/15052832/fileData.do,2016-00084,2016-00084,source_direct,1.000,0,,,,베트남,0,베트남 교통분야 DEEP사업('15-'20/500만불)...,2015,2020,https://www.oda.go.kr/opo/bsin/bsnsSumryDocDetail.do?P_BSNS_NO=2016-00084,5000000,사업명에 표시된 KOICA 전체 사업예산; 건축공사비 아님,0,,,,,,,0
15052832:417,417,15052832,https://www.data.go.kr/data/15052832/fileData.do,2016-00083,2016-00083,source_direct,1.000,0,,,,베트남,0,베트남 호치민시 메트로 5호선 2단계 타당성조사 사업('15-'17/50...,2015,2017,https://www.oda.go.kr/opo/bsin/bsnsSumryDocDetail.do?P_BSNS_NO=2016-00083,,,0,,,,,,,0
15052832:418,418,15052832,https://www.data.go.kr/data/15052832/fileData.do,2016-00082,2016-00082,source_direct,1.000,0,,,,카메룬,0,카메룬 재생에너지개발 마스터플랜 수립사업('14-'18/200만불)...,2014,2018,https://www.oda.go.kr/opo/bsin/bsnsSumryDocDetail.do?P_BSNS_NO=2016-00082,2000000,사업명에 표시된 KOICA 전체 사업예산; 건축공사비 아님,0,,,,,,,0
15052832:419,419,15052832,https://www.data.go.kr/data/15052832/fileData.do,2016-00081,2016-00081,source_direct,1.000,0,,,,페루,0,페루 ICT 기반 혁신창업 활성화 지원사업('16-'24/800만불)...,2016,2024,https://www.oda.go.kr/opo/bsin/bsnsSumryDocDetail.do?P_BSNS_NO=2016-00081,8000000,사업명에 표시된 KOICA 전체 사업예산; 건축공사비 아님,0,,,,,,,0
15052832:420,420,15052832,https://www.data.go.kr/data/15052832/fileData.do,2016-00079,2016-00079,source_direct,1.000,0,,,,콜롬비아,0,콜롬비아 자동차부품산업 경쟁력 강화사업(‘16-’20/520만불)...,2016,2021,https://www.oda.go.kr/opo/bsin/bsnsSumryDocDetail.do?P_BSNS_NO=2016-00079,5200000,사업명에 표시된 KOICA 전체 사업예산; 건축공사비 아님,0,,,,,,,0
15052832:421,421,15052832,https://www.data.go.kr/data/15052832/fileData.do,2016-00076,2016-00076,source_direct,1.000,0,,,,카메룬,0,카메룬 전자정부 마스터플랜수립사업('15-'17/200만불)...,2015,2017,https://www.oda.go.kr/opo/bsin/bsnsSumryDocDetail.do?P_BSNS_NO=2016-00076,2000000,사업명에 표시된 KOICA 전체 사업예산; 건축공사비 아님,0,,,,,,,0
15052832:422,422,15052832,https://www.data.go.kr/data/15052832/fileData.do,2016-00075,2016-00075,source_direct,1.000,0,,,,미얀마,0,미얀마 한따와디 신공항인근 및 양곤 남서부 지역개발 마스터플랜 수립사업(...,2015,2017,https://www.oda.go.kr/opo/bsin/bsnsSumryDocDetail.do?P_BSNS_NO=2016-00075,,,0,,공항,,,,,0
15052832:423,423,15052832,https://www.data.go.kr/data/15052832/fileData.do,2016-00074,2016-00074,source_direct,1.000,0,,,,미얀마,0,미얀마 무역투자진흥기구 설립을 위한 마스터플랜 수립 및 무역투자 분야 인...,2014,2017,https://www.oda.go.kr/opo/bsin/bsnsSumryDocDetail.do?P_BSNS_NO=2016-00074,,,0,,,,,,,0
15052832:424,424,15052832,https://www.data.go.kr/data/15052832/fileData.do,2016-00073,2016-00073,source_direct,1.000,0,,,,튀니지,0,튀니지 UNDP 민주적 거버넌스 및 공공책임성 강화사업('16-'20/4...,2016,2021,https://www.oda.go.kr/opo/bsin/bsnsSumryDocDetail.do?P_BSNS_NO=2016-00073,,,0,,,,,,,0
15052832:425,425,15052832,https://www.data.go.kr/data/15052832/fileData.do,2016-00072,2016-00072,source_direct,1.000,1,L2019-00036-1,,,이집트,0,이집트 한-이 기술대학 설립사업('16-'22/583만불)...,2016,2022,https://www.oda.go.kr/opo/bsin/bsnsSumryDocDetail.do?P_BSNS_NO=2016-00072,5830000,사업명에 표시된 KOICA 전체 사업예산; 건축공사비 아님,0,,대학,,,,,0
15052832:426,426,15052832,https://www.data.go.kr/data/15052832/fileData.do,2016-00071,2016-00071,source_direct,1.000,0,,,,캄보디아,0,캄보디아 새마을운동기반 캄퐁참 국립농업대학 교육 및 연구개발 혁신역량강화...,2016,2021,https://www.oda.go.kr/opo/bsin/bsnsSumryDocDetail.do?P_BSNS_NO=2016-00071,,,0,,대학,,,,,0
15052832:427,427,15052832,https://www.data.go.kr/data/15052832/fileData.do,2016-00068,2016-00068,source_direct,1.000,0,,,,필리핀,0,필리핀 북부 일로일로 태풍피해 어항 복구사업('15-'24/748만불) ...,2015,2024,https://www.oda.go.kr/opo/bsin/bsnsSumryDocDetail.do?P_BSNS_NO=2016-00068,7480000,사업명에 표시된 KOICA 전체 사업예산; 건축공사비 아님,0,,,,,,,0
15052832:428,428,15052832,https://www.data.go.kr/data/15052832/fileData.do,2016-00067,2016-00067,source_direct,1.000,1,L2020-00009-1,,,미얀마,0,미얀마 농산물 유통센터 설립사업('16-'23/837만불)...,2016,2023,https://www.oda.go.kr/opo/bsin/bsnsSumryDocDetail.do?P_BSNS_NO=2016-00067,8370000,사업명에 표시된 KOICA 전체 사업예산; 건축공사비 아님,0,,센터,,,,,0
15052832:429,429,15052832,https://www.data.go.kr/data/15052832/fileData.do,2016-00066,2016-00066,source_direct,1.000,1,L2018-00013-1,,,세네갈,0,세네갈 지속가능한 미곡 가치사슬 강화사업(‘16-’22/850만불)...,2016,2022,https://www.oda.go.kr/opo/bsin/bsnsSumryDocDetail.do?P_BSNS_NO=2016-00066,8500000,사업명에 표시된 KOICA 전체 사업예산; 건축공사비 아님,0,,,,,,,0
15052832:430,430,15052832,https://www.data.go.kr/data/15052832/fileData.do,2016-00065,2016-00065,source_direct,1.000,0,,,,DR콩고,0,DR콩고 농촌지도역량강화사업('16-'23/800만불)...,2016,2023,https://www.oda.go.kr/opo/bsin/bsnsSumryDocDetail.do?P_BSNS_NO=2016-00065,8000000,사업명에 표시된 KOICA 전체 사업예산; 건축공사비 아님,0,,,,,,,0
15052832:431,431,15052832,https://www.data.go.kr/data/15052832/fileData.do,2016-00064,2016-00064,source_direct,1.000,0,,,,세네갈,0,세네갈 농업생산성 증대사업('14-'19/300만불)...,2014,2019,https://www.oda.go.kr/opo/bsin/bsnsSumryDocDetail.do?P_BSNS_NO=2016-00064,3000000,사업명에 표시된 KOICA 전체 사업예산; 건축공사비 아님,0,,,,,,,0
15052832:432,432,15052832,https://www.data.go.kr/data/15052832/fileData.do,2016-00062,2016-00062,source_direct,1.000,0,,,,솔로몬군도,0,솔로몬군도 국립대학교 수산인력양성 지원사업(‘14-’18/500만불)...,2014,2018,https://www.oda.go.kr/opo/bsin/bsnsSumryDocDetail.do?P_BSNS_NO=2016-00062,5000000,사업명에 표시된 KOICA 전체 사업예산; 건축공사비 아님,0,,대학;학교,,,,,0
15052832:433,433,15052832,https://www.data.go.kr/data/15052832/fileData.do,2016-00061,2016-00061,source_direct,1.000,0,,,,동티모르,0,동티모르 국립수산양식기술원 지원사업('14-'19/600만불)...,2014,2019,https://www.oda.go.kr/opo/bsin/bsnsSumryDocDetail.do?P_BSNS_NO=2016-00061,6000000,사업명에 표시된 KOICA 전체 사업예산; 건축공사비 아님,0,,,,,,,0
15052832:434,434,15052832,https://www.data.go.kr/data/15052832/fileData.do,2016-00060,2016-00060,source_direct,1.000,0,,,,탄자니아,0,탄자니아 잔지바 양식개발 지원사업('14-'19/360만불)...,2014,2019,https://www.oda.go.kr/opo/bsin/bsnsSumryDocDetail.do?P_BSNS_NO=2016-00060,3600000,사업명에 표시된 KOICA 전체 사업예산; 건축공사비 아님,0,,,,,,,0
15052832:435,435,15052832,https://www.data.go.kr/data/15052832/fileData.do,2016-00058,2016-00058,source_direct,1.000,0,,,,미얀마,0,미얀마 수확후 기술관리연구소 설립사업('14-'19/450만불)...,2014,2019,https://www.oda.go.kr/opo/bsin/bsnsSumryDocDetail.do?P_BSNS_NO=2016-00058,4500000,사업명에 표시된 KOICA 전체 사업예산; 건축공사비 아님,0,,연구소,,,,,0
15052832:436,436,15052832,https://www.data.go.kr/data/15052832/fileData.do,2016-00057,2016-00057,source_direct,1.000,0,,,,DR콩고,0,DR콩고 키치니 농촌종합개발사업('13-'17/300만불)...,2013,2017,https://www.oda.go.kr/opo/bsin/bsnsSumryDocDetail.do?P_BSNS_NO=2016-00057,3000000,사업명에 표시된 KOICA 전체 사업예산; 건축공사비 아님,0,,,,,,,0
15052832:437,437,15052832,https://www.data.go.kr/data/15052832/fileData.do,2016-00056,2016-00056,source_direct,1.000,0,,,,미얀마,0,"미얀마 농촌공동체 개발사업('14-'20/2,200만불)...",2014,2020,https://www.oda.go.kr/opo/bsin/bsnsSumryDocDetail.do?P_BSNS_NO=2016-00056,22000000,사업명에 표시된 KOICA 전체 사업예산; 건축공사비 아님,0,,,,,,,0
15052832:438,438,15052832,https://www.data.go.kr/data/15052832/fileData.do,2016-00055,2016-00055,source_direct,1.000,0,,,,미얀마,0,미얀마 내수면 수산양식산업 기반조성 사업('14-'18/441만불)...,2014,2018,https://www.oda.go.kr/opo/bsin/bsnsSumryDocDetail.do?P_BSNS_NO=2016-00055,4410000,사업명에 표시된 KOICA 전체 사업예산; 건축공사비 아님,0,,,,,,,0
15052832:439,439,15052832,https://www.data.go.kr/data/15052832/fileData.do,2016-00054,2016-00054,source_direct,1.000,0,,,,미얀마,0,미얀마 농업기계화를 위한 경지정리 및 농업기계훈련사업('13-'17/60...,2013,2017,https://www.oda.go.kr/opo/bsin/bsnsSumryDocDetail.do?P_BSNS_NO=2016-00054,,,0,,,,,,,0
15052832:440,440,15052832,https://www.data.go.kr/data/15052832/fileData.do,2016-00053,2016-00053,source_direct,1.000,1,L2017-00008-1;L2018-00010-1,,,가나,0,가나 농민협동조합 역량강화사업('16-'21/618만불)...,2016,2021,https://www.oda.go.kr/opo/bsin/bsnsSumryDocDetail.do?P_BSNS_NO=2016-00053,6180000,사업명에 표시된 KOICA 전체 사업예산; 건축공사비 아님,0,,,,,,,0
15052832:441,441,15052832,https://www.data.go.kr/data/15052832/fileData.do,2016-00052,2016-00052,source_direct,1.000,0,,,,필리핀,0,"필리핀 UNDP 비사야스 동부사말지역 폐기물 관리, 직업훈련, 생계지원 ...",2014,2017,https://www.oda.go.kr/opo/bsin/bsnsSumryDocDetail.do?P_BSNS_NO=2016-00052,,,0,,,,,,,0
15052832:442,442,15052832,https://www.data.go.kr/data/15052832/fileData.do,2016-00050,2016-00050,source_direct,1.000,0,,,,캄보디아,0,캄보디아 국가 지급결제시스템 구축사업('15-'20/800만불)...,2015,2021,https://www.oda.go.kr/opo/bsin/bsnsSumryDocDetail.do?P_BSNS_NO=2016-00050,8000000,사업명에 표시된 KOICA 전체 사업예산; 건축공사비 아님,0,,,,,,,0
15052832:443,443,15052832,https://www.data.go.kr/data/15052832/fileData.do,2016-00049,2016-00049,source_direct,1.000,0,,,,미얀마,0,미얀마 태양광발전을 통한 전력소외지역 생활여건 개선사업(2014-2018...,2014,2018,https://www.oda.go.kr/opo/bsin/bsnsSumryDocDetail.do?P_BSNS_NO=2016-00049,,,0,,,,,,,0
15052832:444,444,15052832,https://www.data.go.kr/data/15052832/fileData.do,2016-00048,2016-00048,source_direct,1.000,0,,,,,0,"아제르바이잔 코자밴드지역 상하수도 시설 구축사업('16-'23/1,070...",2016,2023,https://www.oda.go.kr/opo/bsin/bsnsSumryDocDetail.do?P_BSNS_NO=2016-00048,,,0,,시설,,,,,0
15052832:445,445,15052832,https://www.data.go.kr/data/15052832/fileData.do,2016-00047,2016-00047,source_direct,1.000,0,,,,우즈베키스탄,0,우즈베키스탄 ICT 기반의 수자원정보화 마스터플랜 수립 및 시설기반강화 ...,2016,2021,https://www.oda.go.kr/opo/bsin/bsnsSumryDocDetail.do?P_BSNS_NO=2016-00047,,,0,,시설,,,,,0
15052832:446,446,15052832,https://www.data.go.kr/data/15052832/fileData.do,2016-00043,2016-00043,source_direct,1.000,1,L2019-00014-1,,,나이지리아,0,나이지리아 전자정부 역량강화사업('13-'19/856만불)...,2013,2019,https://www.oda.go.kr/opo/bsin/bsnsSumryDocDetail.do?P_BSNS_NO=2016-00043,8560000,사업명에 표시된 KOICA 전체 사업예산; 건축공사비 아님,0,,,,,,,0
15052832:447,447,15052832,https://www.data.go.kr/data/15052832/fileData.do,2016-00042,2016-00042,source_direct,1.000,0,,,,DR콩고,0,"DR콩고 국립박물관 건립사업('12-'20/2,100만불)...",2012,2020,https://www.oda.go.kr/opo/bsin/bsnsSumryDocDetail.do?P_BSNS_NO=2016-00042,21000000,사업명에 표시된 KOICA 전체 사업예산; 건축공사비 아님,1,강한건축어,건립,,,,,0
15052832:448,448,15052832,https://www.data.go.kr/data/15052832/fileData.do,2016-00041,2016-00041,source_direct,1.000,1,L2020-00020-1,,,미얀마,0,미얀마 법령정보시스템 구축 사업('15-'19/391만불)...,2015,2019,https://www.oda.go.kr/opo/bsin/bsnsSumryDocDetail.do?P_BSNS_NO=2016-00041,3910000,사업명에 표시된 KOICA 전체 사업예산; 건축공사비 아님,0,,,,,,,0
15052832:449,449,15052832,https://www.data.go.kr/data/15052832/fileData.do,2016-00040,2016-00040,source_direct,1.000,0,,,,에콰도르,0,에콰도르 개표결과 전송시스템 선진화 지원사업('16~'17/133만불)...,2016,2017,https://www.oda.go.kr/opo/bsin/bsnsSumryDocDetail.do?P_BSNS_NO=2016-00040,1330000,사업명에 표시된 KOICA 전체 사업예산; 건축공사비 아님,0,,,,,,,0
15052832:450,450,15052832,https://www.data.go.kr/data/15052832/fileData.do,2016-00037,2016-00037,source_direct,1.000,0,,,,베트남,0,베트남 폭력피해 여성 및 여아 예방 보호 모델 구축사업('16-'20/2...,2016,2021,https://www.oda.go.kr/opo/bsin/bsnsSumryDocDetail.do?P_BSNS_NO=2016-00037,,,0,,,,,,,0
15052832:451,451,15052832,https://www.data.go.kr/data/15052832/fileData.do,2016-00036,2016-00036,source_direct,1.000,0,,,,방글라데시,0,방글라데시 마약통제 행정역량강화사업('16-'20/400만불)...,2016,2020,https://www.oda.go.kr/opo/bsin/bsnsSumryDocDetail.do?P_BSNS_NO=2016-00036,4000000,사업명에 표시된 KOICA 전체 사업예산; 건축공사비 아님,0,,,,,,,0
15052832:452,452,15052832,https://www.data.go.kr/data/15052832/fileData.do,2016-00035,2016-00035,source_direct,1.000,1,L2018-00001-1;L2019-00029-1;L2019-00030-1;L2019-00030-2,,,방글라데시,0,방글라데시 소방방재 역량강화사업('16-'22/835만불)...,2016,2022,https://www.oda.go.kr/opo/bsin/bsnsSumryDocDetail.do?P_BSNS_NO=2016-00035,8350000,사업명에 표시된 KOICA 전체 사업예산; 건축공사비 아님,0,,,,,,,0
15052832:453,453,15052832,https://www.data.go.kr/data/15052832/fileData.do,2016-00034,2016-00034,source_direct,1.000,0,,,,필리핀,0,필리핀 경찰 수사역량 강화사업('16-'22/660만불) ...,2016,2022,https://www.oda.go.kr/opo/bsin/bsnsSumryDocDetail.do?P_BSNS_NO=2016-00034,6600000,사업명에 표시된 KOICA 전체 사업예산; 건축공사비 아님,0,,,,,,,0
15052832:454,454,15052832,https://www.data.go.kr/data/15052832/fileData.do,2016-00033,2016-00033,source_direct,1.000,0,,,,베트남,0,베트남 지가산정 역량강화 및 지가정보시스템 개선사업('16-'20/900...,2016,2020,https://www.oda.go.kr/opo/bsin/bsnsSumryDocDetail.do?P_BSNS_NO=2016-00033,,,0,,,,,,,0
15052832:455,455,15052832,https://www.data.go.kr/data/15052832/fileData.do,2016-00032,2016-00032,source_direct,1.000,0,,,,베트남,0,"베트남 지뢰 및 불발탄 통합대응 역량강화사업('16-'21/2,000만불...",2016,2021,https://www.oda.go.kr/opo/bsin/bsnsSumryDocDetail.do?P_BSNS_NO=2016-00032,20000000,사업명에 표시된 KOICA 전체 사업예산; 건축공사비 아님,0,,,,,,,0
15052832:456,456,15052832,https://www.data.go.kr/data/15052832/fileData.do,2016-00030,2016-00030,source_direct,1.000,0,,,,필리핀,0,필리핀 비사야스 주립대 톨로사 캠퍼스 재건사업(‘14-’18/400만불)...,2014,2018,https://www.oda.go.kr/opo/bsin/bsnsSumryDocDetail.do?P_BSNS_NO=2016-00030,4000000,사업명에 표시된 KOICA 전체 사업예산; 건축공사비 아님,0,,,,,,,0
15052832:457,457,15052832,https://www.data.go.kr/data/15052832/fileData.do,2016-00029,2016-00029,source_direct,1.000,1,L2019-00019-1;L2020-00003-1;L2020-00024-1,,,네팔,0,"네팔 통합적 지역개발을 위한 연구개발 인프라 구축사업(‘16-’23/1,...",2016,2023,https://www.oda.go.kr/opo/bsin/bsnsSumryDocDetail.do?P_BSNS_NO=2016-00029,,,0,,,,,,,0
15052832:458,458,15052832,https://www.data.go.kr/data/15052832/fileData.do,2016-00028,2016-00028,source_direct,1.000,1,L2017-00007-1,,,라오스,0,라오스 청년동맹 IT센터 역량강화사업(‘16-’19/300만불)...,2016,2019,https://www.oda.go.kr/opo/bsin/bsnsSumryDocDetail.do?P_BSNS_NO=2016-00028,3000000,사업명에 표시된 KOICA 전체 사업예산; 건축공사비 아님,0,,센터,,,,,0
15052832:459,459,15052832,https://www.data.go.kr/data/15052832/fileData.do,2016-00026,2016-00026,source_direct,1.000,1,L2019-00003-1,,,세네갈,0,세네갈 고등기술전문대학(ISEP) 설립사업(`15-`21/940만불)...,2015,2021,https://www.oda.go.kr/opo/bsin/bsnsSumryDocDetail.do?P_BSNS_NO=2016-00026,9400000,사업명에 표시된 KOICA 전체 사업예산; 건축공사비 아님,0,,대학,,,,,0
15052832:460,460,15052832,https://www.data.go.kr/data/15052832/fileData.do,2016-00025,2016-00025,source_direct,1.000,0,,,,동티모르,0,동티모르 UNESCO 수학과학 교재개발 및 교사역량강화사업('14-'17...,2014,2017,https://www.oda.go.kr/opo/bsin/bsnsSumryDocDetail.do?P_BSNS_NO=2016-00025,,,0,,,,,,,0
15052832:461,461,15052832,https://www.data.go.kr/data/15052832/fileData.do,2016-00024,2016-00024,source_direct,1.000,0,,,,동티모르,0,동티모르 베코라 기술고등학교 지원사업('13-'17/905만불)...,2013,2017,https://www.oda.go.kr/opo/bsin/bsnsSumryDocDetail.do?P_BSNS_NO=2016-00024,9050000,사업명에 표시된 KOICA 전체 사업예산; 건축공사비 아님,0,,학교,,,,,0
15052832:462,462,15052832,https://www.data.go.kr/data/15052832/fileData.do,2016-00023,2016-00023,source_direct,1.000,0,,,,미얀마,0,"미얀마 직업기술교사교육원 설립사업('15-'23/1,305만불) ...",2015,2023,https://www.oda.go.kr/opo/bsin/bsnsSumryDocDetail.do?P_BSNS_NO=2016-00023,13050000,사업명에 표시된 KOICA 전체 사업예산; 건축공사비 아님,0,,교육원,,,,,0
15052832:463,463,15052832,https://www.data.go.kr/data/15052832/fileData.do,2016-00022,2016-00022,source_direct,1.000,0,,,,카메룬,0,카메룬 국립직업훈련교육원 건립사업(`13-`21/680만불)...,2013,2021,https://www.oda.go.kr/opo/bsin/bsnsSumryDocDetail.do?P_BSNS_NO=2016-00022,6800000,사업명에 표시된 KOICA 전체 사업예산; 건축공사비 아님,1,강한건축어,건립;교육원,,,,,0
15052832:464,464,15052832,https://www.data.go.kr/data/15052832/fileData.do,2016-00021,2016-00021,source_direct,1.000,1,L2018-00009-1,,,나이지리아,0,"나이지리아 초중등시범학교단지 건립사업('13-'19/1,500만불)...",2013,2019,https://www.oda.go.kr/opo/bsin/bsnsSumryDocDetail.do?P_BSNS_NO=2016-00021,15000000,사업명에 표시된 KOICA 전체 사업예산; 건축공사비 아님,1,강한건축어,건립;학교,,,,,0
15052832:465,465,15052832,https://www.data.go.kr/data/15052832/fileData.do,2016-00020,2016-00020,source_direct,1.000,0,,,,모잠비크,0,모잠비크 UNICEF 잠베지아주 초등학교 환경개선 및 보건인식개선 강화사...,2016,2021,https://www.oda.go.kr/opo/bsin/bsnsSumryDocDetail.do?P_BSNS_NO=2016-00020,,,0,,학교,,,,,0
15052832:466,466,15052832,https://www.data.go.kr/data/15052832/fileData.do,2016-00019,2016-00019,source_direct,1.000,0,,,,,0,앙골라 교사역량강화 및 지역사회 문해교육 2차사업(‘16-’19/260만...,2016,2019,https://www.oda.go.kr/opo/bsin/bsnsSumryDocDetail.do?P_BSNS_NO=2016-00019,,,0,,,,,,,0
15052832:467,467,15052832,https://www.data.go.kr/data/15052832/fileData.do,2016-00018,2016-00018,source_direct,1.000,0,,,,필리핀,0,필리핀 동부사말 기안 펠리페 아브리고 지역 거점 공공병원 재건사업('15...,2015,2023,https://www.oda.go.kr/opo/bsin/bsnsSumryDocDetail.do?P_BSNS_NO=2016-00018,,,0,,병원,,,,,0
15052832:468,468,15052832,https://www.data.go.kr/data/15052832/fileData.do,2016-00017,2016-00017,source_direct,1.000,0,,,,스리랑카,0,스리랑카 마타라지역 모자보건의료역량강화사업 ('16-'22/900만불) ...,2016,2022,https://www.oda.go.kr/opo/bsin/bsnsSumryDocDetail.do?P_BSNS_NO=2016-00017,9000000,사업명에 표시된 KOICA 전체 사업예산; 건축공사비 아님,0,,,,,,,0
15052832:469,469,15052832,https://www.data.go.kr/data/15052832/fileData.do,2016-00016,2016-00016,source_direct,1.000,0,,,,탄자니아,0,탄자니아 보건분야 공동재정지원('16-'18/690만불)...,2016,2018,https://www.oda.go.kr/opo/bsin/bsnsSumryDocDetail.do?P_BSNS_NO=2016-00016,6900000,사업명에 표시된 KOICA 전체 사업예산; 건축공사비 아님,0,,,,,,,0
15052832:470,470,15052832,https://www.data.go.kr/data/15052832/fileData.do,2016-00015,2016-00015,source_direct,1.000,0,,,,세네갈,0,세네갈 중부지역 식수위생개선사업(15-20/509만불)...,2015,2020,https://www.oda.go.kr/opo/bsin/bsnsSumryDocDetail.do?P_BSNS_NO=2016-00015,5090000,사업명에 표시된 KOICA 전체 사업예산; 건축공사비 아님,0,,,,,,,0
15052832:471,471,15052832,https://www.data.go.kr/data/15052832/fileData.do,2016-00014,2016-00014,source_direct,1.000,0,,,,솔로몬군도,0,솔로몬군도 과달카날주 모자보건체계 역량강화사업(‘15-’21/600만불)...,2015,2021,https://www.oda.go.kr/opo/bsin/bsnsSumryDocDetail.do?P_BSNS_NO=2016-00014,6000000,사업명에 표시된 KOICA 전체 사업예산; 건축공사비 아님,0,,,,,,,0
15052832:472,472,15052832,https://www.data.go.kr/data/15052832/fileData.do,2016-00013,2016-00013,source_direct,1.000,0,,,,동티모르,0,동티모르 WFP 모자보건 영양개선사업('15-'17/360만불)...,2015,2017,https://www.oda.go.kr/opo/bsin/bsnsSumryDocDetail.do?P_BSNS_NO=2016-00013,3600000,사업명에 표시된 KOICA 전체 사업예산; 건축공사비 아님,0,,,,,,,0
15052832:473,473,15052832,https://www.data.go.kr/data/15052832/fileData.do,2016-00012,2016-00012,source_direct,1.000,1,L2019-00028-1;L2019-00028-2;L2019-00028-3,,,동티모르,0,동티모르 아이나로주 모성보건서비스 개선사업('15-'20/490만불)...,2015,2020,https://www.oda.go.kr/opo/bsin/bsnsSumryDocDetail.do?P_BSNS_NO=2016-00012,4900000,사업명에 표시된 KOICA 전체 사업예산; 건축공사비 아님,0,,,,,,,0
15052832:474,474,15052832,https://www.data.go.kr/data/15052832/fileData.do,2016-00010,2016-00010,source_direct,1.000,0,,,,탄자니아,0,탄자니아 차니카 모자보건 서비스 개선사업('14-'19/425만불)...,2014,2019,https://www.oda.go.kr/opo/bsin/bsnsSumryDocDetail.do?P_BSNS_NO=2016-00010,4250000,사업명에 표시된 KOICA 전체 사업예산; 건축공사비 아님,0,,,,,,,0
15052832:475,475,15052832,https://www.data.go.kr/data/15052832/fileData.do,2016-00009,2016-00009,source_direct,1.000,0,,,,DR콩고,0,DR콩고 반둔두주 5개 보건구역 말라리아퇴치 및 역량강화사업(2012-2...,2012,2017,https://www.oda.go.kr/opo/bsin/bsnsSumryDocDetail.do?P_BSNS_NO=2016-00009,,,0,,,,,,,0
15052832:476,476,15052832,https://www.data.go.kr/data/15052832/fileData.do,2016-00008,2016-00008,source_direct,1.000,0,,,,DR콩고,0,DR콩고 모자보건 향상을 위한 Kwango 지역 보건역량강화 사업('13...,2013,2017,https://www.oda.go.kr/opo/bsin/bsnsSumryDocDetail.do?P_BSNS_NO=2016-00008,,,0,,,,,,,0
15052832:477,477,15052832,https://www.data.go.kr/data/15052832/fileData.do,2016-00007,2016-00007,source_direct,1.000,0,,,,DR콩고,0,DR콩고 이디오파 식수 및 위생개선사업('12-'21/520만불)...,2012,2021,https://www.oda.go.kr/opo/bsin/bsnsSumryDocDetail.do?P_BSNS_NO=2016-00007,5200000,사업명에 표시된 KOICA 전체 사업예산; 건축공사비 아님,0,,,,,,,0
15052832:478,478,15052832,https://www.data.go.kr/data/15052832/fileData.do,2016-00006,2016-00006,source_direct,1.000,0,,,,동티모르,0,동티모르 WHO 소외열대질환 통합관리 프로그램('16-'22/650만불)...,2016,2022,https://www.oda.go.kr/opo/bsin/bsnsSumryDocDetail.do?P_BSNS_NO=2016-00006,6500000,사업명에 표시된 KOICA 전체 사업예산; 건축공사비 아님,0,,,,,,,0
15052832:479,479,15052832,https://www.data.go.kr/data/15052832/fileData.do,2016-00005,2016-00005,source_direct,1.000,1,L2019-00032-1;L2019-00032-2;L2020-00023-1,,,이라크,0,"이라크 중환자 전문의료 서비스 역량강화사업(‘16-’23/3,950만불)...",2016,2023,https://www.oda.go.kr/opo/bsin/bsnsSumryDocDetail.do?P_BSNS_NO=2016-00005,39500000,사업명에 표시된 KOICA 전체 사업예산; 건축공사비 아님,0,,,,,,,0
15052832:480,480,15052832,https://www.data.go.kr/data/15052832/fileData.do,2016-00004,2016-00004,source_direct,1.000,0,,,,코트디부아르,0,코트디부아르 UNFPA 여성 누공치료 및 예방 2차 사업(‘16-’19/...,2016,2019,https://www.oda.go.kr/opo/bsin/bsnsSumryDocDetail.do?P_BSNS_NO=2016-00004,,,0,,,,,,,0
15052832:481,481,15052832,https://www.data.go.kr/data/15052832/fileData.do,2016-00003,2016-00003,source_direct,1.000,1,L2018-00014-1;L2018-00022-1;L2018-00030-1;L2020-00026-1;L2020-00030-1;L2020-00031-1,,,파라과이,0,파라과이 취약계층 노인 보건의료복지센터 정책수립 지원사업('16-'22/...,2016,2022,https://www.oda.go.kr/opo/bsin/bsnsSumryDocDetail.do?P_BSNS_NO=2016-00003,,,0,,센터,,,,,0
15052832:482,482,15052832,https://www.data.go.kr/data/15052832/fileData.do,2016-00002,2016-00002,source_direct,1.000,1,L2018-00011-1;L2018-00021-1;L2018-00023-1;L2019-00012-1;L2019-00045-1;L2019-00047-1;L2020-00018-1;L2020-00019-1;L2020-00027-1;L2020-00029-1;L2022-00038-1,,,파라과이,0,파라과이 센트럴주 림삐오시 보건의료체계 형성 및 일차의료 강화사업(&ls...,2016,2023,https://www.oda.go.kr/opo/bsin/bsnsSumryDocDetail.do?P_BSNS_NO=2016-00002,,,0,,,,,,,0
15052832:483,483,15052832,https://www.data.go.kr/data/15052832/fileData.do,2016-00001,2016-00001,source_direct,1.000,0,,,,가나,0,가나 CHPS 기반의 지역보건체계 강화사업('16-'22/956만불)  ...,2016,2022,https://www.oda.go.kr/opo/bsin/bsnsSumryDocDetail.do?P_BSNS_NO=2016-00001,9560000,사업명에 표시된 KOICA 전체 사업예산; 건축공사비 아님,0,,,,,,,0
15052832:484,484,15052832,https://www.data.go.kr/data/15052832/fileData.do,2015-01380,2015-01380,source_direct,1.000,0,,,,네팔,0,네팔 누와꼿군 지진피해보건분야 재건복구지원사업('15-'20/901만불)...,2015,2021,https://www.oda.go.kr/opo/bsin/bsnsSumryDocDetail.do?P_BSNS_NO=2015-01380,9010000,사업명에 표시된 KOICA 전체 사업예산; 건축공사비 아님,0,,,,,,,0
15052832:485,485,15052832,https://www.data.go.kr/data/15052832/fileData.do,2015-00072,2015-00072,source_direct,1.000,0,,,,방글라데시,0,방글라데시 문화재 보존 및 관리 역량강화사업('15-'17/100만불)...,2015,2017,https://www.oda.go.kr/opo/bsin/bsnsSumryDocDetail.do?P_BSNS_NO=2015-00072,1000000,사업명에 표시된 KOICA 전체 사업예산; 건축공사비 아님,0,,,,,,,0
15052832:486,486,15052832,https://www.data.go.kr/data/15052832/fileData.do,2015-00071,2015-00071,source_direct,1.000,0,,,,콜롬비아,0,콜롬비아 대기환경 모니터링 시스템 구축 및 기술역량 강화사업('13-'1...,2013,2018,https://www.oda.go.kr/opo/bsin/bsnsSumryDocDetail.do?P_BSNS_NO=2015-00071,,,0,,,,,,,0
15052832:487,487,15052832,https://www.data.go.kr/data/15052832/fileData.do,2015-00067,2015-00067,source_direct,1.000,0,,,,캄보디아,0,캄보디아 앙코르 유적 프레아피투사원 복원정비 기초사업('15-'19/40...,2015,2019,https://www.oda.go.kr/opo/bsin/bsnsSumryDocDetail.do?P_BSNS_NO=2015-00067,,,0,,,,,,,0
15052832:488,488,15052832,https://www.data.go.kr/data/15052832/fileData.do,2015-00066,2015-00066,source_direct,1.000,0,,,,라오스;베트남,0,라오스-베트남 연결철도(라오스 비엔티엔-타켓-무디아-베트남 붕앙) 타당성...,2015,2018,https://www.oda.go.kr/opo/bsin/bsnsSumryDocDetail.do?P_BSNS_NO=2015-00066,,,0,,,,,,,0
15052832:489,489,15052832,https://www.data.go.kr/data/15052832/fileData.do,2015-00065,2015-00065,source_direct,1.000,0,,,,모로코,0,모로코 세부강 유역 홍수방지 마스터플랜 수립사업('15-'18/400만불...,2015,2018,https://www.oda.go.kr/opo/bsin/bsnsSumryDocDetail.do?P_BSNS_NO=2015-00065,4000000,사업명에 표시된 KOICA 전체 사업예산; 건축공사비 아님,0,,,,,,,0
15052832:490,490,15052832,https://www.data.go.kr/data/15052832/fileData.do,2015-00064,2015-00064,source_direct,1.000,0,,,,모잠비크,0,모잠비크 수자원 관리 마스터플랜 수립사업('15-'18/500만불)...,2015,2018,https://www.oda.go.kr/opo/bsin/bsnsSumryDocDetail.do?P_BSNS_NO=2015-00064,5000000,사업명에 표시된 KOICA 전체 사업예산; 건축공사비 아님,0,,,,,,,0
15052832:491,491,15052832,https://www.data.go.kr/data/15052832/fileData.do,2015-00063,2015-00063,source_direct,1.000,0,,,,가나,0,가나 송변전 HRD 인프라 구축사업('15-'17/260만불)...,2015,2017,https://www.oda.go.kr/opo/bsin/bsnsSumryDocDetail.do?P_BSNS_NO=2015-00063,2600000,사업명에 표시된 KOICA 전체 사업예산; 건축공사비 아님,0,,,,,,,0
15052832:492,492,15052832,https://www.data.go.kr/data/15052832/fileData.do,2015-00061,2015-00061,source_direct,1.000,0,,,,베트남,0,베트남 고속도로 관리 및 제도 역량강화 사업('15-'19/150만불)...,2015,2019,https://www.oda.go.kr/opo/bsin/bsnsSumryDocDetail.do?P_BSNS_NO=2015-00061,1500000,사업명에 표시된 KOICA 전체 사업예산; 건축공사비 아님,0,,,,,,,0
15052832:493,493,15052832,https://www.data.go.kr/data/15052832/fileData.do,2015-00060,2015-00060,source_direct,1.000,0,,,,베트남,0,베트남 그린시티 도시계획 의사결정시스템 구축사업('15-'18/650만불...,2015,2018,https://www.oda.go.kr/opo/bsin/bsnsSumryDocDetail.do?P_BSNS_NO=2015-00060,6500000,사업명에 표시된 KOICA 전체 사업예산; 건축공사비 아님,0,,,,,,,0
15052832:494,494,15052832,https://www.data.go.kr/data/15052832/fileData.do,2015-00058,2015-00058,source_direct,1.000,0,,,,페루,0,페루 국가문화유산 통합등록 및 관리시스템 구축사업('15-'23/800만...,2015,2023,https://www.oda.go.kr/opo/bsin/bsnsSumryDocDetail.do?P_BSNS_NO=2015-00058,,,0,,,,,,,0
15052832:495,495,15052832,https://www.data.go.kr/data/15052832/fileData.do,2015-00057,2015-00057,source_direct,1.000,0,,,,페루,0,페루 지속가능한 자원개발을 위한 광해관리 업무 정보화 시스템 구축사업('...,2015,2018,https://www.oda.go.kr/opo/bsin/bsnsSumryDocDetail.do?P_BSNS_NO=2015-00057,,,0,,,,,,,0
15052832:496,496,15052832,https://www.data.go.kr/data/15052832/fileData.do,2015-00056,2015-00056,source_direct,1.000,0,,,,베트남,0,베트남 미래비전 DEEP 사업('15-'18/220만불)...,2015,2018,https://www.oda.go.kr/opo/bsin/bsnsSumryDocDetail.do?P_BSNS_NO=2015-00056,2200000,사업명에 표시된 KOICA 전체 사업예산; 건축공사비 아님,0,,,,,,,0
15052832:497,497,15052832,https://www.data.go.kr/data/15052832/fileData.do,2015-00055,2015-00055,source_direct,1.000,0,,,,도미니카공화국;도미니카,0,도미니카공화국 과학기술인력 양성사업('15-'21/444만불)...,2015,2021,https://www.oda.go.kr/opo/bsin/bsnsSumryDocDetail.do?P_BSNS_NO=2015-00055,4440000,사업명에 표시된 KOICA 전체 사업예산; 건축공사비 아님,0,,,,,,,0
15052832:498,498,15052832,https://www.data.go.kr/data/15052832/fileData.do,2015-00053,2015-00053,source_direct,1.000,0,,,,우즈베키스탄,0,우즈베키스탄 아동병원 의료인력 역량강화사업('15-'23/700만불)...,2015,2023,https://www.oda.go.kr/opo/bsin/bsnsSumryDocDetail.do?P_BSNS_NO=2015-00053,7000000,사업명에 표시된 KOICA 전체 사업예산; 건축공사비 아님,0,,병원,,,,,0
15052832:499,499,15052832,https://www.data.go.kr/data/15052832/fileData.do,2015-00052,2015-00052,source_direct,1.000,0,,,,베트남,0,베트남 중부지역병원 사후관리 기술협력(Q-health) 사업('15-'2...,2015,2022,https://www.oda.go.kr/opo/bsin/bsnsSumryDocDetail.do?P_BSNS_NO=2015-00052,,,0,,병원,,,,,0
15052832:500,500,15052832,https://www.data.go.kr/data/15052832/fileData.do,2015-00044,2015-00044,source_direct,1.000,1,L2019-00027-1,,,탄자니아,0,탄자니아 세렝게티 국립공원 홍보관 개선사업('15-'19/186만불)...,2015,2019,https://www.oda.go.kr/opo/bsin/bsnsSumryDocDetail.do?P_BSNS_NO=2015-00044,1860000,사업명에 표시된 KOICA 전체 사업예산; 건축공사비 아님,0,,,,,,,0
15052832:501,501,15052832,https://www.data.go.kr/data/15052832/fileData.do,2015-00042,2015-00042,source_direct,1.000,0,,,,인도네시아;인도,0,인도네시아 칠리웅강 복원 시범사업('13-'17/500만불)...,2013,2017,https://www.oda.go.kr/opo/bsin/bsnsSumryDocDetail.do?P_BSNS_NO=2015-00042,5000000,사업명에 표시된 KOICA 전체 사업예산; 건축공사비 아님,0,,,,,,,0
15052832:502,502,15052832,https://www.data.go.kr/data/15052832/fileData.do,2015-00041,2015-00041,source_direct,1.000,0,,,,인도네시아;인도,0,인도네시아 치타룸강 홍수예경보 시스템 개발사업('14-'17/500만불)...,2014,2017,https://www.oda.go.kr/opo/bsin/bsnsSumryDocDetail.do?P_BSNS_NO=2015-00041,5000000,사업명에 표시된 KOICA 전체 사업예산; 건축공사비 아님,0,,,,,,,0
15052832:503,503,15052832,https://www.data.go.kr/data/15052832/fileData.do,2015-00040,2015-00040,source_direct,1.000,0,,,,,0,중국 황사/미세먼지 관측망 운영 및 대처기술 역량강화사업(‘14-’18/...,2014,2018,https://www.oda.go.kr/opo/bsin/bsnsSumryDocDetail.do?P_BSNS_NO=2015-00040,,,0,,,,,,,0
15052832:504,504,15052832,https://www.data.go.kr/data/15052832/fileData.do,2015-00039,2015-00039,source_direct,1.000,0,,,,라오스,0,라오스 불발탄 제거 지원사업('14-'18/300만불)...,2014,2018,https://www.oda.go.kr/opo/bsin/bsnsSumryDocDetail.do?P_BSNS_NO=2015-00039,3000000,사업명에 표시된 KOICA 전체 사업예산; 건축공사비 아님,0,,,,,,,0
15052832:505,505,15052832,https://www.data.go.kr/data/15052832/fileData.do,2015-00038,2015-00038,source_direct,1.000,0,,,,필리핀,0,필리핀 메트로 마닐라 홍수 조기경보 및 모니터링체계 구축사업 ('15-'...,2015,2019,https://www.oda.go.kr/opo/bsin/bsnsSumryDocDetail.do?P_BSNS_NO=2015-00038,,,0,,,,,,,0
15052832:506,506,15052832,https://www.data.go.kr/data/15052832/fileData.do,2015-00037,2015-00037,source_direct,1.000,1,L2019-00022-1;L2019-00026-1;L2019-00038-1,,,에티오피아,0,에티오피아 오로미아주 도도타군 관개 및 농촌개발 역량강화사업('13-'2...,2013,2022,https://www.oda.go.kr/opo/bsin/bsnsSumryDocDetail.do?P_BSNS_NO=2015-00037,,,0,,,,,,,0
15052832:507,507,15052832,https://www.data.go.kr/data/15052832/fileData.do,2015-00036,2015-00036,source_direct,1.000,0,,,,필리핀,0,필리핀 농업용수 확보 및 홍수피해 저감을 위한 소규모저류시설 건설사업('...,2010,2019,https://www.oda.go.kr/opo/bsin/bsnsSumryDocDetail.do?P_BSNS_NO=2015-00036,,,0,,시설,,,,,0
15052832:508,508,15052832,https://www.data.go.kr/data/15052832/fileData.do,2015-00035,2015-00035,source_direct,1.000,1,L2019-00025-1,,,파라과이,0,파라과이 지속가능한 농촌개발 새마을운동 사업('15-'23/700만불)...,2015,2023,https://www.oda.go.kr/opo/bsin/bsnsSumryDocDetail.do?P_BSNS_NO=2015-00035,7000000,사업명에 표시된 KOICA 전체 사업예산; 건축공사비 아님,0,,,,,,,0
15052832:509,509,15052832,https://www.data.go.kr/data/15052832/fileData.do,2015-00034,2015-00034,source_direct,1.000,0,,,,우간다,1,우간다 새마을운동 시범마을 건립사업('15-'18/295만불)...,2015,2018,https://www.oda.go.kr/opo/bsin/bsnsSumryDocDetail.do?P_BSNS_NO=2015-00034,2950000,사업명에 표시된 KOICA 전체 사업예산; 건축공사비 아님,1,강한건축어,건립,,,,,0
15052832:510,510,15052832,https://www.data.go.kr/data/15052832/fileData.do,2015-00031,2015-00031,source_direct,1.000,0,,,,라오스,0,"라오스 농촌공동체 개발사업(‘14-’20/1,455만불)...",2014,2021,https://www.oda.go.kr/opo/bsin/bsnsSumryDocDetail.do?P_BSNS_NO=2015-00031,14550000,사업명에 표시된 KOICA 전체 사업예산; 건축공사비 아님,0,,,,,,,0
15052832:511,511,15052832,https://www.data.go.kr/data/15052832/fileData.do,2015-00030,2015-00030,source_direct,1.000,0,,,,필리핀,0,필리핀 APEC 적정기술 보급 및 연구개발 역량강화 사업(‘14-’16/...,2014,2016,https://www.oda.go.kr/opo/bsin/bsnsSumryDocDetail.do?P_BSNS_NO=2015-00030,,,0,,,,,,,0
15052832:512,512,15052832,https://www.data.go.kr/data/15052832/fileData.do,2015-00029,2015-00029,source_direct,1.000,0,,,,필리핀,0,필리핀 파나이섬 고지대 새마을 농촌종합개발사업('15-'19/650만불)...,2015,2019,https://www.oda.go.kr/opo/bsin/bsnsSumryDocDetail.do?P_BSNS_NO=2015-00029,6500000,사업명에 표시된 KOICA 전체 사업예산; 건축공사비 아님,0,,,,,,,0
15052832:513,513,15052832,https://www.data.go.kr/data/15052832/fileData.do,2015-00024,2015-00024,source_direct,1.000,0,,,,볼리비아;리비아,0,볼리비아 국가표준체계 국제 경쟁력 향상사업('15-'17/400만불)...,2015,2017,https://www.oda.go.kr/opo/bsin/bsnsSumryDocDetail.do?P_BSNS_NO=2015-00024,4000000,사업명에 표시된 KOICA 전체 사업예산; 건축공사비 아님,0,,,,,,,0
15052832:514,514,15052832,https://www.data.go.kr/data/15052832/fileData.do,2015-00023,2015-00023,source_direct,1.000,0,,,,코트디부아르,0,코트디부아르 아비장 도로개선 및 역량강화 사업('15-'18/500만불)...,2015,2018,https://www.oda.go.kr/opo/bsin/bsnsSumryDocDetail.do?P_BSNS_NO=2015-00023,5000000,사업명에 표시된 KOICA 전체 사업예산; 건축공사비 아님,0,,,,,,,0
15052832:515,515,15052832,https://www.data.go.kr/data/15052832/fileData.do,2015-00021,2015-00021,source_direct,1.000,0,,,,키르기즈,0,키르기즈공화국 토지정보 종합관리시스템 구축사업('15-'18/400만불)...,2015,2018,https://www.oda.go.kr/opo/bsin/bsnsSumryDocDetail.do?P_BSNS_NO=2015-00021,4000000,사업명에 표시된 KOICA 전체 사업예산; 건축공사비 아님,0,,,,,,,0
15052832:516,516,15052832,https://www.data.go.kr/data/15052832/fileData.do,2015-00019,2015-00019,source_direct,1.000,1,L2021-00022-1;L2021-00028-1,,,코트디부아르,0,코트디부아르 한-코 협력센터 건립사업(15-20/950만불)...,2015,2020,https://www.oda.go.kr/opo/bsin/bsnsSumryDocDetail.do?P_BSNS_NO=2015-00019,9500000,사업명에 표시된 KOICA 전체 사업예산; 건축공사비 아님,1,강한건축어,건립;센터,,,,,0
15052832:517,517,15052832,https://www.data.go.kr/data/15052832/fileData.do,2015-00018,2015-00018,source_direct,1.000,0,,,,튀니지,0,튀니지 국민참여 및 부패방지를 위한 시스템(국민신문고) 구축사업('15-...,2015,2018,https://www.oda.go.kr/opo/bsin/bsnsSumryDocDetail.do?P_BSNS_NO=2015-00018,,,0,,,,,,,0
15052832:518,518,15052832,https://www.data.go.kr/data/15052832/fileData.do,2015-00016,2015-00016,source_direct,1.000,0,,,,우간다,1,우간다 엔테베 국제공항 시스템 개선사업('14-'22/950만불)...,2014,2022,https://www.oda.go.kr/opo/bsin/bsnsSumryDocDetail.do?P_BSNS_NO=2015-00016,9500000,사업명에 표시된 KOICA 전체 사업예산; 건축공사비 아님,0,,공항,,,,,0
15052832:519,519,15052832,https://www.data.go.kr/data/15052832/fileData.do,2015-00015,2015-00015,source_direct,1.000,0,,,,스리랑카,0,스리랑카 과학수사 역량강화사업('15-'17/320만불)...,2015,2017,https://www.oda.go.kr/opo/bsin/bsnsSumryDocDetail.do?P_BSNS_NO=2015-00015,3200000,사업명에 표시된 KOICA 전체 사업예산; 건축공사비 아님,0,,,,,,,0
15052832:520,520,15052832,https://www.data.go.kr/data/15052832/fileData.do,2015-00013,2015-00013,source_direct,1.000,0,,,,팔레스타인,0,팔레스타인 창.취업 지원프로그램('15-'20/700만불)...,2015,2021,https://www.oda.go.kr/opo/bsin/bsnsSumryDocDetail.do?P_BSNS_NO=2015-00013,7000000,사업명에 표시된 KOICA 전체 사업예산; 건축공사비 아님,0,,,,,,,0
15052832:521,521,15052832,https://www.data.go.kr/data/15052832/fileData.do,2015-00012,2015-00012,source_direct,1.000,1,L2018-00031-1;L2019-00010-1,,,네팔,0,네팔 기술교사 역량강화를 통한 기술직업교육훈련 질 제고사업('15-'20...,2015,2022,https://www.oda.go.kr/opo/bsin/bsnsSumryDocDetail.do?P_BSNS_NO=2015-00012,,,0,,,,,,,0
15052832:522,522,15052832,https://www.data.go.kr/data/15052832/fileData.do,2015-00011,2015-00011,source_direct,1.000,1,L2018-00008-1;L2019-00024-1,,,스리랑카,0,"스리랑카 기술계 교사 양성 및 재교육사업('15'-'25'/1,495만불...",2015,2025,https://www.oda.go.kr/opo/bsin/bsnsSumryDocDetail.do?P_BSNS_NO=2015-00011,14950000,사업명에 표시된 KOICA 전체 사업예산; 건축공사비 아님,0,,,,,,,0
15052832:523,523,15052832,https://www.data.go.kr/data/15052832/fileData.do,2015-00010,2015-00010,source_direct,1.000,1,L2018-00003-1,,,방글라데시,0,방글라데시 라즈샤히 직업훈련원 역량강화사업('15-'20/850만불)...,2015,2021,https://www.oda.go.kr/opo/bsin/bsnsSumryDocDetail.do?P_BSNS_NO=2015-00010,8500000,사업명에 표시된 KOICA 전체 사업예산; 건축공사비 아님,0,,훈련원,,,,,0
15052832:524,524,15052832,https://www.data.go.kr/data/15052832/fileData.do,2015-00007,2015-00007,source_direct,1.000,0,,,,,0,수단 주혈흡충 및 소외열대질환 퇴치사업('15-'19/600만불)...,2015,2019,https://www.oda.go.kr/opo/bsin/bsnsSumryDocDetail.do?P_BSNS_NO=2015-00007,6000000,사업명에 표시된 KOICA 전체 사업예산; 건축공사비 아님,0,,,,,,,0
15052832:525,525,15052832,https://www.data.go.kr/data/15052832/fileData.do,2015-00006,2015-00006,source_direct,1.000,1,L2019-00034-1;L2019-00037-1;L2020-00022-1;L2020-00022-2,,,에티오피아,0,에티오피아 오로미아주 모자보건 및 가족계획 역량강화사업('15-'23/1...,2015,2023,https://www.oda.go.kr/opo/bsin/bsnsSumryDocDetail.do?P_BSNS_NO=2015-00006,,,0,,,,,,,0
15052832:526,526,15052832,https://www.data.go.kr/data/15052832/fileData.do,2015-00005,2015-00005,source_direct,1.000,0,,,,에티오피아,0,에티오피아 통합보건 역량강화사업('15-'22/600만불)	...,2015,2022,https://www.oda.go.kr/opo/bsin/bsnsSumryDocDetail.do?P_BSNS_NO=2015-00005,6000000,사업명에 표시된 KOICA 전체 사업예산; 건축공사비 아님,0,,,,,,,0
15052832:527,527,15052832,https://www.data.go.kr/data/15052832/fileData.do,2015-00003,2015-00003,source_direct,1.000,0,,,,라오스,0,라오스 경찰병원 역량강화사업(‘14-'23/500만불)...,2014,2023,https://www.oda.go.kr/opo/bsin/bsnsSumryDocDetail.do?P_BSNS_NO=2015-00003,5000000,사업명에 표시된 KOICA 전체 사업예산; 건축공사비 아님,0,,병원,,,,,0
15052832:528,528,15052832,https://www.data.go.kr/data/15052832/fileData.do,2015-00002,2015-00002,source_direct,1.000,0,,,,방글라데시,0,방글라데시 KOICA-UNICEF 예방 가능한 아동사망 감소를 위한 모자...,2015,2019,https://www.oda.go.kr/opo/bsin/bsnsSumryDocDetail.do?P_BSNS_NO=2015-00002,,,0,,,,,,,0
15052832:529,529,15052832,https://www.data.go.kr/data/15052832/fileData.do,2015-00001,2015-00001,source_direct,1.000,0,,,,필리핀,0,필리핀 WHO 다바오 지역보건체계 강화 모자보건 사업('15-'18/30...,2015,2018,https://www.oda.go.kr/opo/bsin/bsnsSumryDocDetail.do?P_BSNS_NO=2015-00001,,,0,,,,,,,0
15052832:530,530,15052832,https://www.data.go.kr/data/15052832/fileData.do,2014-00086,2014-00086,source_direct,1.000,0,,,,인도네시아;인도,0,인도네시아 광해실태조사 및 시범복구사업('14-'18/320만불)...,2014,2018,https://www.oda.go.kr/opo/bsin/bsnsSumryDocDetail.do?P_BSNS_NO=2014-00086,3200000,사업명에 표시된 KOICA 전체 사업예산; 건축공사비 아님,0,,,,,,,0
15052832:531,531,15052832,https://www.data.go.kr/data/15052832/fileData.do,2014-00085,2014-00085,source_direct,1.000,0,,,,베트남,0,베트남 라오까이성 새마을운동 사업(라오까이성 행복프로그램) ('14-'1...,2014,2019,https://www.oda.go.kr/opo/bsin/bsnsSumryDocDetail.do?P_BSNS_NO=2014-00085,,,0,,,,,,,0
15052832:532,532,15052832,https://www.data.go.kr/data/15052832/fileData.do,2014-00084,2014-00084,source_direct,1.000,0,,,,베트남,0,베트남 꽝찌성 새마을 운동 사업 (꽝찌성 행복프로그램) ('14-'19/...,2014,2019,https://www.oda.go.kr/opo/bsin/bsnsSumryDocDetail.do?P_BSNS_NO=2014-00084,,,0,,,,,,,0
15052832:533,533,15052832,https://www.data.go.kr/data/15052832/fileData.do,2014-00083,2014-00083,source_direct,1.000,0,,,,알제리,0,알제리 어업 및 양식 생산력의 지속가능한 증대 및 산업화 컨설팅 사업('...,2014,2019,https://www.oda.go.kr/opo/bsin/bsnsSumryDocDetail.do?P_BSNS_NO=2014-00083,,,0,,,,,,,0
15052832:534,534,15052832,https://www.data.go.kr/data/15052832/fileData.do,2014-00082,2014-00082,source_direct,1.000,0,,,,베트남,0,베트남 향강종합개발 지원사업('14-'18/ 600만불)...,2014,2018,https://www.oda.go.kr/opo/bsin/bsnsSumryDocDetail.do?P_BSNS_NO=2014-00082,6000000,사업명에 표시된 KOICA 전체 사업예산; 건축공사비 아님,0,,,,,,,0
15052832:535,535,15052832,https://www.data.go.kr/data/15052832/fileData.do,2014-00081,2014-00081,source_direct,1.000,0,,,,필리핀,0,필리핀 중부지역 해양 교통시설 마스터플랜 수립사업('14-'17/220만...,2014,2017,https://www.oda.go.kr/opo/bsin/bsnsSumryDocDetail.do?P_BSNS_NO=2014-00081,,,0,,시설,,,,,0
15052832:536,536,15052832,https://www.data.go.kr/data/15052832/fileData.do,2014-00079,2014-00079,source_direct,1.000,0,,,,캄보디아,0,캄보디아 증권시장 발전지원사업('14-'18/250만불)...,2014,2018,https://www.oda.go.kr/opo/bsin/bsnsSumryDocDetail.do?P_BSNS_NO=2014-00079,2500000,사업명에 표시된 KOICA 전체 사업예산; 건축공사비 아님,0,,,,,,,0
15052832:537,537,15052832,https://www.data.go.kr/data/15052832/fileData.do,2014-00078,2014-00078,source_direct,1.000,0,,,,캄보디아,0,캄보디아 항만물류기능 활성화를 위한 수로개선 타당성 조사사업('14-'1...,2014,2017,https://www.oda.go.kr/opo/bsin/bsnsSumryDocDetail.do?P_BSNS_NO=2014-00078,,,0,,,,,,,0
15052832:538,538,15052832,https://www.data.go.kr/data/15052832/fileData.do,2014-00077,2014-00077,source_direct,1.000,0,,,,파라과이,0,파라과이 국가 항공발전 마스터플랜 수립사업 ('14-'17/300만불)...,2014,2017,https://www.oda.go.kr/opo/bsin/bsnsSumryDocDetail.do?P_BSNS_NO=2014-00077,3000000,사업명에 표시된 KOICA 전체 사업예산; 건축공사비 아님,0,,,,,,,0
15052832:539,539,15052832,https://www.data.go.kr/data/15052832/fileData.do,2014-00075,2014-00075,source_direct,1.000,0,,,,콜롬비아,0,콜롬비아 깔리시 주택단지 개발 타당성조사 사업('14-'17/170만불)...,2014,2017,https://www.oda.go.kr/opo/bsin/bsnsSumryDocDetail.do?P_BSNS_NO=2014-00075,1700000,사업명에 표시된 KOICA 전체 사업예산; 건축공사비 아님,0,,,,,,,0
15052832:540,540,15052832,https://www.data.go.kr/data/15052832/fileData.do,2014-00074,2014-00074,source_direct,1.000,0,,,,라오스,0,라오스 지도제작 인력양성 및 지형도 제작사업('14-'17/350만불)...,2014,2017,https://www.oda.go.kr/opo/bsin/bsnsSumryDocDetail.do?P_BSNS_NO=2014-00074,3500000,사업명에 표시된 KOICA 전체 사업예산; 건축공사비 아님,0,,,,,,,0
15052832:541,541,15052832,https://www.data.go.kr/data/15052832/fileData.do,2014-00073,2014-00073,source_direct,1.000,0,,,,인도네시아;인도,0,인도네시아 국가도로통합데이터센터 마스터플랜 수립 및 시범시스템 구축사업(...,2014,2017,https://www.oda.go.kr/opo/bsin/bsnsSumryDocDetail.do?P_BSNS_NO=2014-00073,,,0,,센터,,,,,0
15052832:542,542,15052832,https://www.data.go.kr/data/15052832/fileData.do,2014-00072,2014-00072,source_direct,1.000,0,,,,요르단,0,요르단 전자조달 시스템 구축사업('14-'17/850만불)...,2014,2017,https://www.oda.go.kr/opo/bsin/bsnsSumryDocDetail.do?P_BSNS_NO=2014-00072,8500000,사업명에 표시된 KOICA 전체 사업예산; 건축공사비 아님,0,,,,,,,0
15052832:543,543,15052832,https://www.data.go.kr/data/15052832/fileData.do,2014-00071,2014-00071,source_direct,1.000,0,,,,몽골,0,몽골 중기 재정계획 수립 역량강화 및 지원시스템 구축사업('14-'18/...,2014,2018,https://www.oda.go.kr/opo/bsin/bsnsSumryDocDetail.do?P_BSNS_NO=2014-00071,,,0,,,,,,,0
15052832:544,544,15052832,https://www.data.go.kr/data/15052832/fileData.do,2014-00070,2014-00070,source_direct,1.000,0,,,,방글라데시,0,방글라데시 전자정부 발전을 위한 마스터플랜 수립 및 역량강화 사업('14...,2014,2020,https://www.oda.go.kr/opo/bsin/bsnsSumryDocDetail.do?P_BSNS_NO=2014-00070,,,0,,,,,,,0
15052832:545,545,15052832,https://www.data.go.kr/data/15052832/fileData.do,2014-00069,2014-00069,source_direct,1.000,0,,,,모잠비크,0,모잠비크 잠베지지역 지도제작사업('14-'17/450만불)...,2014,2017,https://www.oda.go.kr/opo/bsin/bsnsSumryDocDetail.do?P_BSNS_NO=2014-00069,4500000,사업명에 표시된 KOICA 전체 사업예산; 건축공사비 아님,0,,,,,,,0
15052832:546,546,15052832,https://www.data.go.kr/data/15052832/fileData.do,2014-00068,2014-00068,source_direct,1.000,0,,,,케냐,0,케냐 국가산업훈련청 역량강화사업(`14-`21/400만불)...,2014,2021,https://www.oda.go.kr/opo/bsin/bsnsSumryDocDetail.do?P_BSNS_NO=2014-00068,4000000,사업명에 표시된 KOICA 전체 사업예산; 건축공사비 아님,0,,,,,,,0
15052832:547,547,15052832,https://www.data.go.kr/data/15052832/fileData.do,2014-00067,2014-00067,source_direct,1.000,0,,,,르완다,0,르완다 산업연구개발 역량강화사업('14-'19/250만불)...,2014,2019,https://www.oda.go.kr/opo/bsin/bsnsSumryDocDetail.do?P_BSNS_NO=2014-00067,2500000,사업명에 표시된 KOICA 전체 사업예산; 건축공사비 아님,0,,,,,,,0
15052832:548,548,15052832,https://www.data.go.kr/data/15052832/fileData.do,2014-00066,2014-00066,source_direct,1.000,0,,,,르완다,0,르완다 국세 및 관세 서비스 역량강화사업('14-'17/280만불)...,2014,2017,https://www.oda.go.kr/opo/bsin/bsnsSumryDocDetail.do?P_BSNS_NO=2014-00066,2800000,사업명에 표시된 KOICA 전체 사업예산; 건축공사비 아님,0,,,,,,,0
15052832:549,549,15052832,https://www.data.go.kr/data/15052832/fileData.do,2014-00064,2014-00064,source_direct,1.000,1,L2018-00006-1,,,미얀마,0,"미얀마 개발연구원 설립사업('14-'23/2,000만불) ...",2014,2023,https://www.oda.go.kr/opo/bsin/bsnsSumryDocDetail.do?P_BSNS_NO=2014-00064,20000000,사업명에 표시된 KOICA 전체 사업예산; 건축공사비 아님,0,,,,,,,0
15052832:550,550,15052832,https://www.data.go.kr/data/15052832/fileData.do,2014-00063,2014-00063,source_direct,1.000,0,,,,인도네시아;인도,0,인도네시아 전자정부 추진을 위한 보안긴급대응 및 국가인증체계 구축사업('...,2014,2017,https://www.oda.go.kr/opo/bsin/bsnsSumryDocDetail.do?P_BSNS_NO=2014-00063,,,0,,,,,,,0
15052832:551,551,15052832,https://www.data.go.kr/data/15052832/fileData.do,2014-00062,2014-00062,source_direct,1.000,0,,,,이집트,0,이집트 통합기술교육 클러스터 마스터플랜 수립사업('14-'17/100만불...,2014,2017,https://www.oda.go.kr/opo/bsin/bsnsSumryDocDetail.do?P_BSNS_NO=2014-00062,1000000,사업명에 표시된 KOICA 전체 사업예산; 건축공사비 아님,0,,,,,,,0
15052832:552,552,15052832,https://www.data.go.kr/data/15052832/fileData.do,2014-00056,2014-00056,source_direct,1.000,0,,,,에티오피아,0,에티오피아 재해경감을 위한 기상관측 및 조기경보시스템 구축사업('14-'...,2014,2018,https://www.oda.go.kr/opo/bsin/bsnsSumryDocDetail.do?P_BSNS_NO=2014-00056,,,0,,,,,,,0
15052832:553,553,15052832,https://www.data.go.kr/data/15052832/fileData.do,2014-00055,2014-00055,source_direct,1.000,0,,,,몽골,0,몽골 광해관리 마스터플랜 수립 및 역량강화사업('14-'20/580만불)...,2014,2021,https://www.oda.go.kr/opo/bsin/bsnsSumryDocDetail.do?P_BSNS_NO=2014-00055,5800000,사업명에 표시된 KOICA 전체 사업예산; 건축공사비 아님,0,,,,,,,0
15052832:554,554,15052832,https://www.data.go.kr/data/15052832/fileData.do,2014-00051,2014-00051,source_direct,1.000,0,,,,,0,레바논 원예작물 수확 후 관리기술 지원사업('14-'18/220만불)...,2014,2018,https://www.oda.go.kr/opo/bsin/bsnsSumryDocDetail.do?P_BSNS_NO=2014-00051,2200000,사업명에 표시된 KOICA 전체 사업예산; 건축공사비 아님,0,,,,,,,0
15052832:555,555,15052832,https://www.data.go.kr/data/15052832/fileData.do,2014-00050,2014-00050,source_direct,1.000,0,,,,튀니지,0,튀니지 코르크 참나무숲 복원 시범사업('14-'19/200만불)...,2014,2019,https://www.oda.go.kr/opo/bsin/bsnsSumryDocDetail.do?P_BSNS_NO=2014-00050,2000000,사업명에 표시된 KOICA 전체 사업예산; 건축공사비 아님,0,,,,,,,0
15052832:556,556,15052832,https://www.data.go.kr/data/15052832/fileData.do,2014-00049,2014-00049,source_direct,1.000,1,L2025-00031-1,,,캄보디아,0,캄보디아 농촌공동체 개발사업('14-'20/895만불)...,2014,2020,https://www.oda.go.kr/opo/bsin/bsnsSumryDocDetail.do?P_BSNS_NO=2014-00049,8950000,사업명에 표시된 KOICA 전체 사업예산; 건축공사비 아님,0,,,,,,,0
15052832:557,557,15052832,https://www.data.go.kr/data/15052832/fileData.do,2014-00048,2014-00048,source_direct,1.000,0,,,,에콰도르,0,에콰도르 침보라소주 관개수로건설 및 영농기술지원 2차 사업('14-'18...,2014,2018,https://www.oda.go.kr/opo/bsin/bsnsSumryDocDetail.do?P_BSNS_NO=2014-00048,,,0,,,,,,,0
15052832:558,558,15052832,https://www.data.go.kr/data/15052832/fileData.do,2014-00047,2014-00047,source_direct,1.000,1,L2018-00032-1;L2019-00009-1;L2019-00031-1,,,네팔,0,네팔 농촌공동체 개발사업('14-'22/800만불)...,2014,2022,https://www.oda.go.kr/opo/bsin/bsnsSumryDocDetail.do?P_BSNS_NO=2014-00047,8000000,사업명에 표시된 KOICA 전체 사업예산; 건축공사비 아님,0,,,,,,,0
15052832:559,559,15052832,https://www.data.go.kr/data/15052832/fileData.do,2014-00044,2014-00044,source_direct,1.000,0,,,,르완다,0,"르완다 농촌공동체 지원사업('14-'19/1,100만불)...",2014,2019,https://www.oda.go.kr/opo/bsin/bsnsSumryDocDetail.do?P_BSNS_NO=2014-00044,11000000,사업명에 표시된 KOICA 전체 사업예산; 건축공사비 아님,0,,,,,,,0
15052832:560,560,15052832,https://www.data.go.kr/data/15052832/fileData.do,2014-00038,2014-00038,source_direct,1.000,0,,,,인도네시아;인도,0,인도네시아 국가시설물 안전진단 역량강화사업('14-'17/200만불)...,2014,2017,https://www.oda.go.kr/opo/bsin/bsnsSumryDocDetail.do?P_BSNS_NO=2014-00038,2000000,사업명에 표시된 KOICA 전체 사업예산; 건축공사비 아님,0,,시설,,,,,0
15052832:561,561,15052832,https://www.data.go.kr/data/15052832/fileData.do,2014-00035,2014-00035,source_direct,1.000,0,,,,모로코,0,모로코 산업통계 측정 및 활용 역량강화사업('14-'19/645만불)...,2014,2019,https://www.oda.go.kr/opo/bsin/bsnsSumryDocDetail.do?P_BSNS_NO=2014-00035,6450000,사업명에 표시된 KOICA 전체 사업예산; 건축공사비 아님,0,,,,,,,0
15052832:562,562,15052832,https://www.data.go.kr/data/15052832/fileData.do,2014-00033,2014-00033,source_direct,1.000,0,,,,베트남,0,베트남 경찰대 전자도서관 구축사업('14-'17/230만불)...,2014,2017,https://www.oda.go.kr/opo/bsin/bsnsSumryDocDetail.do?P_BSNS_NO=2014-00033,2300000,사업명에 표시된 KOICA 전체 사업예산; 건축공사비 아님,0,,도서관,,,,,0
15052832:563,563,15052832,https://www.data.go.kr/data/15052832/fileData.do,2014-00032,2014-00032,source_direct,1.000,1,L2019-00018-1;L2019-00018-2;L2019-00039-1,,,과테말라,0,과테말라 치안 강화를 위한 경찰교육 시스템 개선사업('14-'20/398...,2014,2021,https://www.oda.go.kr/opo/bsin/bsnsSumryDocDetail.do?P_BSNS_NO=2014-00032,,,0,,,,,,,0
15052832:564,564,15052832,https://www.data.go.kr/data/15052832/fileData.do,2014-00031,2014-00031,source_direct,1.000,1,L2019-00044-1,,,엘살바도르,0,엘살바도르 치안강화를 위한 차량 자동인식 시스템 구축사업('14-'20/...,2014,2021,https://www.oda.go.kr/opo/bsin/bsnsSumryDocDetail.do?P_BSNS_NO=2014-00031,,,0,,,,,,,0
15052832:565,565,15052832,https://www.data.go.kr/data/15052832/fileData.do,2014-00030,2014-00030,source_direct,1.000,0,,,,페루,0,페루 중소 수출입기업을 위한 전자무역업무 개선사업('14-'21/500만...,2014,2021,https://www.oda.go.kr/opo/bsin/bsnsSumryDocDetail.do?P_BSNS_NO=2014-00030,,,0,,,,,,,0
15052832:566,566,15052832,https://www.data.go.kr/data/15052832/fileData.do,2014-00029,2014-00029,source_direct,1.000,0,,,,팔레스타인,0,팔레스타인 공무원교육원 설립사업('14-'20/700만불)...,2014,2021,https://www.oda.go.kr/opo/bsin/bsnsSumryDocDetail.do?P_BSNS_NO=2014-00029,7000000,사업명에 표시된 KOICA 전체 사업예산; 건축공사비 아님,0,,교육원,,,,,0
15052832:567,567,15052832,https://www.data.go.kr/data/15052832/fileData.do,2014-00028,2014-00028,source_direct,1.000,0,,,,우즈베키스탄,0,우즈베키스탄 표준청 국제동등성 확보 지원 및 통합시스템 구축사업('14-...,2014,2021,https://www.oda.go.kr/opo/bsin/bsnsSumryDocDetail.do?P_BSNS_NO=2014-00028,,,0,,,,,,,0
15052832:568,568,15052832,https://www.data.go.kr/data/15052832/fileData.do,2014-00027,2014-00027,source_direct,1.000,0,,,,르완다,0,르완다 공무원 행정역량 강화사업('14-'18/400만불)...,2014,2018,https://www.oda.go.kr/opo/bsin/bsnsSumryDocDetail.do?P_BSNS_NO=2014-00027,4000000,사업명에 표시된 KOICA 전체 사업예산; 건축공사비 아님,0,,,,,,,0
15052832:569,569,15052832,https://www.data.go.kr/data/15052832/fileData.do,2014-00024,2014-00024,source_direct,1.000,1,L2017-00011-1,,,,0,투르크메니스탄 가스직업훈련원 역량강화사업(14-21/598만불)...,2014,2021,https://www.oda.go.kr/opo/bsin/bsnsSumryDocDetail.do?P_BSNS_NO=2014-00024,5980000,사업명에 표시된 KOICA 전체 사업예산; 건축공사비 아님,0,,훈련원,,,,,0
15052832:570,570,15052832,https://www.data.go.kr/data/15052832/fileData.do,2014-00022,2014-00022,source_direct,1.000,0,,,,베트남,0,베트남 하노이 개방대학교 개선사업('14-'19/300만불)...,2014,2019,https://www.oda.go.kr/opo/bsin/bsnsSumryDocDetail.do?P_BSNS_NO=2014-00022,3000000,사업명에 표시된 KOICA 전체 사업예산; 건축공사비 아님,0,,대학;학교,,,,,0
15052832:571,571,15052832,https://www.data.go.kr/data/15052832/fileData.do,2014-00021,2014-00021,source_direct,1.000,0,,,,베트남,0,베트남 한베 산업기술대학 3차지원사업('14-'19/600만불)...,2014,2019,https://www.oda.go.kr/opo/bsin/bsnsSumryDocDetail.do?P_BSNS_NO=2014-00021,6000000,사업명에 표시된 KOICA 전체 사업예산; 건축공사비 아님,0,,대학,,,,,0
15052832:572,572,15052832,https://www.data.go.kr/data/15052832/fileData.do,2014-00020,2014-00020,source_direct,1.000,1,L2018-00007-1,,,베트남,0,"베트남 한베 과학기술연구원(V-KIST)설립지원 사업('14-'20/3,...",2014,2022,https://www.oda.go.kr/opo/bsin/bsnsSumryDocDetail.do?P_BSNS_NO=2014-00020,,,0,,,,,,,0
15052832:573,573,15052832,https://www.data.go.kr/data/15052832/fileData.do,2014-00019,2014-00019,source_direct,1.000,0,,,,요르단,0,요르단 청각장애 특수학교 건립사업('14-'17/520만불)...,2014,2017,https://www.oda.go.kr/opo/bsin/bsnsSumryDocDetail.do?P_BSNS_NO=2014-00019,5200000,사업명에 표시된 KOICA 전체 사업예산; 건축공사비 아님,1,강한건축어,건립;학교,,,,,0
15052832:574,574,15052832,https://www.data.go.kr/data/15052832/fileData.do,2014-00018,2014-00018,source_direct,1.000,0,,,,우즈베키스탄,0,우즈베키스탄 사흐리사브즈시 훈련센터 설립 및 직업훈련 역량강화 컨설팅사업...,2014,2019,https://www.oda.go.kr/opo/bsin/bsnsSumryDocDetail.do?P_BSNS_NO=2014-00018,,,0,,센터,,,,,0
15052832:575,575,15052832,https://www.data.go.kr/data/15052832/fileData.do,2014-00017,2014-00017,source_direct,1.000,0,,,,,0,아제르바이잔 교사역량강화 및 교육정보화 지원사업(14-23/600만불)...,2014,2023,https://www.oda.go.kr/opo/bsin/bsnsSumryDocDetail.do?P_BSNS_NO=2014-00017,6000000,사업명에 표시된 KOICA 전체 사업예산; 건축공사비 아님,0,,,,,,,0
15052832:576,576,15052832,https://www.data.go.kr/data/15052832/fileData.do,2014-00016,2014-00016,source_direct,1.000,1,L2024-00016-1;L2024-00039-1,,,이라크,0,이라크 한-이라크 직업훈련원 2차 지원사업(`14-`23/500만불)...,2014,2023,https://www.oda.go.kr/opo/bsin/bsnsSumryDocDetail.do?P_BSNS_NO=2014-00016,5000000,사업명에 표시된 KOICA 전체 사업예산; 건축공사비 아님,0,,훈련원,,,,,0
15052832:577,577,15052832,https://www.data.go.kr/data/15052832/fileData.do,2014-00015,2014-00015,source_direct,1.000,0,,,,케냐,0,케냐 초등학교 환경개선 및 역량강화사업('14-'19/425만불)...,2014,2019,https://www.oda.go.kr/opo/bsin/bsnsSumryDocDetail.do?P_BSNS_NO=2014-00015,4250000,사업명에 표시된 KOICA 전체 사업예산; 건축공사비 아님,0,,학교,,,,,0
15052832:578,578,15052832,https://www.data.go.kr/data/15052832/fileData.do,2014-00014,2014-00014,source_direct,1.000,0,,,,르완다,0,르완다 직업교육훈련 역량강화사업('14-'19/500만불)...,2014,2019,https://www.oda.go.kr/opo/bsin/bsnsSumryDocDetail.do?P_BSNS_NO=2014-00014,5000000,사업명에 표시된 KOICA 전체 사업예산; 건축공사비 아님,0,,,,,,,0
15052832:579,579,15052832,https://www.data.go.kr/data/15052832/fileData.do,2014-00013,2014-00013,source_direct,1.000,0,,,,라오스,0,라오스 수파누봉대학교 교육역량강화사업('14-'18/326만불)...,2014,2018,https://www.oda.go.kr/opo/bsin/bsnsSumryDocDetail.do?P_BSNS_NO=2014-00013,3260000,사업명에 표시된 KOICA 전체 사업예산; 건축공사비 아님,0,,대학;학교,,,,,0
15052832:580,580,15052832,https://www.data.go.kr/data/15052832/fileData.do,2014-00010,2014-00010,source_direct,1.000,0,,,,필리핀,0,필리핀 통합의료정보체계 구축사업('14-'18/510만불)...,2014,2018,https://www.oda.go.kr/opo/bsin/bsnsSumryDocDetail.do?P_BSNS_NO=2014-00010,5100000,사업명에 표시된 KOICA 전체 사업예산; 건축공사비 아님,0,,,,,,,0
15052832:581,581,15052832,https://www.data.go.kr/data/15052832/fileData.do,2014-00008,2014-00008,source_direct,1.000,0,,,,에콰도르,0,에콰도르 과야스주 보건의료센터 건립 및 의료인력 역량강화사업('14-'2...,2014,2020,https://www.oda.go.kr/opo/bsin/bsnsSumryDocDetail.do?P_BSNS_NO=2014-00008,,,1,강한건축어,건립;센터,,,,,0
15052832:582,582,15052832,https://www.data.go.kr/data/15052832/fileData.do,2014-00006,2014-00006,source_direct,1.000,0,,,,,0,아프가니스탄 카불시 바르치 지역 식수개발사업('14-'22/650만불)...,2014,2022,https://www.oda.go.kr/opo/bsin/bsnsSumryDocDetail.do?P_BSNS_NO=2014-00006,6500000,사업명에 표시된 KOICA 전체 사업예산; 건축공사비 아님,0,,,,,,,0
15052832:583,583,15052832,https://www.data.go.kr/data/15052832/fileData.do,2014-00004,2014-00004,source_direct,1.000,0,,,,요르단,0,요르단 3개 지역 보건소 건립사업('14-'19/516만불)...,2014,2019,https://www.oda.go.kr/opo/bsin/bsnsSumryDocDetail.do?P_BSNS_NO=2014-00004,5160000,사업명에 표시된 KOICA 전체 사업예산; 건축공사비 아님,1,강한건축어,건립;보건소,,,,,0
15052832:584,584,15052832,https://www.data.go.kr/data/15052832/fileData.do,2014-00003,2014-00003,source_direct,1.000,1,L2018-00004-1;L2021-00023-1;L2023-00042-1,,,방글라데시,0,방글라데시 안질환 예방 및 치료역량강화사업('14-'23/940만불)...,2014,2023,https://www.oda.go.kr/opo/bsin/bsnsSumryDocDetail.do?P_BSNS_NO=2014-00003,9400000,사업명에 표시된 KOICA 전체 사업예산; 건축공사비 아님,0,,,,,,,0
15052832:585,585,15052832,https://www.data.go.kr/data/15052832/fileData.do,2014-00002,2014-00002,source_direct,1.000,0,,,,케냐,0,케냐 분고마 추웰레지역 식수개발사업('14-'19/500만불)...,2014,2019,https://www.oda.go.kr/opo/bsin/bsnsSumryDocDetail.do?P_BSNS_NO=2014-00002,5000000,사업명에 표시된 KOICA 전체 사업예산; 건축공사비 아님,0,,,,,,,0
15052832:586,586,15052832,https://www.data.go.kr/data/15052832/fileData.do,2013-00094,2013-00094,source_direct,1.000,0,,,,베트남,0,베트남 한베 친선 IT 대학 4년제 승격지원사업('13-'20/520만불...,2013,2020,https://www.oda.go.kr/opo/bsin/bsnsSumryDocDetail.do?P_BSNS_NO=2013-00094,5200000,사업명에 표시된 KOICA 전체 사업예산; 건축공사비 아님,0,,대학,,,,,0
15052832:587,587,15052832,https://www.data.go.kr/data/15052832/fileData.do,2013-00092,2013-00092,source_direct,1.000,0,,,,우간다,1,우간다 농가공 및 마케팅 전략수립사업('13-'17/267만불)...,2013,2017,https://www.oda.go.kr/opo/bsin/bsnsSumryDocDetail.do?P_BSNS_NO=2013-00092,2670000,사업명에 표시된 KOICA 전체 사업예산; 건축공사비 아님,0,,,,,,,0
15052832:588,588,15052832,https://www.data.go.kr/data/15052832/fileData.do,2013-00087,2013-00087,source_direct,1.000,0,,,,스리랑카,0,스리랑카 콜롬보 첨단 교통관리 시스템 구축 기술지원사업('13-'17/2...,2013,2017,https://www.oda.go.kr/opo/bsin/bsnsSumryDocDetail.do?P_BSNS_NO=2013-00087,,,0,,,,,,,0
15052832:589,589,15052832,https://www.data.go.kr/data/15052832/fileData.do,2013-00084,2013-00084,source_direct,1.000,0,,,,몽골,0,"몽골 광물자원개발, 인프라구축 및 재원조달을 위한 마스터플랜수립사업('1...",2013,2016,https://www.oda.go.kr/opo/bsin/bsnsSumryDocDetail.do?P_BSNS_NO=2013-00084,,,0,,,,,,,0
15052832:590,590,15052832,https://www.data.go.kr/data/15052832/fileData.do,2013-00082,2013-00082,source_direct,1.000,0,,,,모로코,0,모로코 무역역량 강화사업('13-'17/295만불)...,2013,2017,https://www.oda.go.kr/opo/bsin/bsnsSumryDocDetail.do?P_BSNS_NO=2013-00082,2950000,사업명에 표시된 KOICA 전체 사업예산; 건축공사비 아님,0,,,,,,,0
15052832:591,591,15052832,https://www.data.go.kr/data/15052832/fileData.do,2013-00078,2013-00078,source_direct,1.000,0,,,,콜롬비아,0,콜롬비아 과학기술혁신단지 역량강화를 위한 마스터플랜 구축사업('13-'1...,2013,2016,https://www.oda.go.kr/opo/bsin/bsnsSumryDocDetail.do?P_BSNS_NO=2013-00078,,,0,,,,,,,0
15052832:592,592,15052832,https://www.data.go.kr/data/15052832/fileData.do,2013-00077,2013-00077,source_direct,1.000,0,,,,몽골,0,"몽골 울란바타르시 1:1,000 지형도제작 2차사업('13-'15/320...",2013,2015,https://www.oda.go.kr/opo/bsin/bsnsSumryDocDetail.do?P_BSNS_NO=2013-00077,,,0,,,,,,,0
15052832:593,593,15052832,https://www.data.go.kr/data/15052832/fileData.do,2013-00073,2013-00073,source_direct,1.000,0,,,,네팔,0,네팔 의료보험 제도구축 지원사업('13-'20/450만불)...,2013,2020,https://www.oda.go.kr/opo/bsin/bsnsSumryDocDetail.do?P_BSNS_NO=2013-00073,4500000,사업명에 표시된 KOICA 전체 사업예산; 건축공사비 아님,0,,,,,,,0
15052832:594,594,15052832,https://www.data.go.kr/data/15052832/fileData.do,2013-00069,2013-00069,source_direct,1.000,0,,,,르완다,0,르완다 야루구루 농촌종합개발사업('13-'18/500만불)...,2013,2018,https://www.oda.go.kr/opo/bsin/bsnsSumryDocDetail.do?P_BSNS_NO=2013-00069,5000000,사업명에 표시된 KOICA 전체 사업예산; 건축공사비 아님,0,,,,,,,0
15052832:595,595,15052832,https://www.data.go.kr/data/15052832/fileData.do,2013-00066,2013-00066,source_direct,1.000,0,,,,우즈베키스탄,0,우즈베키스탄 나보이 지역 조림사업('13-'17/250만불)...,2013,2017,https://www.oda.go.kr/opo/bsin/bsnsSumryDocDetail.do?P_BSNS_NO=2013-00066,2500000,사업명에 표시된 KOICA 전체 사업예산; 건축공사비 아님,0,,,,,,,0
15052832:596,596,15052832,https://www.data.go.kr/data/15052832/fileData.do,2013-00065,2013-00065,source_direct,1.000,0,,,,엘살바도르,0,엘살바도르 El Porvenir 지역 주민공동체 기반 지속가능한 농촌개발...,2013,2018,https://www.oda.go.kr/opo/bsin/bsnsSumryDocDetail.do?P_BSNS_NO=2013-00065,,,0,,,,,,,0
15052832:597,597,15052832,https://www.data.go.kr/data/15052832/fileData.do,2013-00064,2013-00064,source_direct,1.000,1,L2021-00005-1;L2023-00012-1;L2023-00015-1;L2023-00031-1;L2023-00031-2;L2025-00012-1;L2025-00012-2,,,볼리비아;리비아,0,볼리비아 고원지역 농업기계화 및 농민 역량강화를 통한 생산성증대 지원사업...,2013,2025,https://www.oda.go.kr/opo/bsin/bsnsSumryDocDetail.do?P_BSNS_NO=2013-00064,,,0,,,,,,,0
15052832:598,598,15052832,https://www.data.go.kr/data/15052832/fileData.do,2013-00063,2013-00063,source_direct,1.000,0,,,,몽골,0,몽골 친환경 농업생산성 향상 지원사업('13-'15/160만불)...,2013,2015,https://www.oda.go.kr/opo/bsin/bsnsSumryDocDetail.do?P_BSNS_NO=2013-00063,1600000,사업명에 표시된 KOICA 전체 사업예산; 건축공사비 아님,0,,,,,,,0
15052832:599,599,15052832,https://www.data.go.kr/data/15052832/fileData.do,2013-00062,2013-00062,source_direct,1.000,0,,,,몽골,0,몽골 농식품 안전관리 역량강화사업('13-'15/100만불)...,2013,2015,https://www.oda.go.kr/opo/bsin/bsnsSumryDocDetail.do?P_BSNS_NO=2013-00062,1000000,사업명에 표시된 KOICA 전체 사업예산; 건축공사비 아님,0,,,,,,,0
15052832:600,600,15052832,https://www.data.go.kr/data/15052832/fileData.do,2013-00061,2013-00061,source_direct,1.000,0,,,,필리핀,0,필리핀 우량 벼종자 생산 및 보급 역량강화 사업('13-'17/400만불...,2013,2017,https://www.oda.go.kr/opo/bsin/bsnsSumryDocDetail.do?P_BSNS_NO=2013-00061,4000000,사업명에 표시된 KOICA 전체 사업예산; 건축공사비 아님,0,,,,,,,0
15052832:601,601,15052832,https://www.data.go.kr/data/15052832/fileData.do,2013-00060,2013-00060,source_direct,1.000,0,,,,필리핀,0,필리핀 퀴리노주 농업종합개발사업 ('13-'17/500만불)...,2013,2017,https://www.oda.go.kr/opo/bsin/bsnsSumryDocDetail.do?P_BSNS_NO=2013-00060,5000000,사업명에 표시된 KOICA 전체 사업예산; 건축공사비 아님,0,,,,,,,0
15052832:602,602,15052832,https://www.data.go.kr/data/15052832/fileData.do,2013-00059,2013-00059,source_direct,1.000,0,,,,파키스탄,0,파키스탄 국립섬유대학 산업용섬유센터 설립사업('13-'17/300만불)...,2013,2017,https://www.oda.go.kr/opo/bsin/bsnsSumryDocDetail.do?P_BSNS_NO=2013-00059,3000000,사업명에 표시된 KOICA 전체 사업예산; 건축공사비 아님,0,,대학;센터,,,,,0
15052832:603,603,15052832,https://www.data.go.kr/data/15052832/fileData.do,2013-00054,2013-00054,source_direct,1.000,0,,,,캄보디아,0,"캄보디아 민간항공 관리역량 제고 및 교육센터 건립사업('13-'18/1,...",2013,2018,https://www.oda.go.kr/opo/bsin/bsnsSumryDocDetail.do?P_BSNS_NO=2013-00054,,,1,강한건축어,건립;센터,,,,,0
15052832:604,604,15052832,https://www.data.go.kr/data/15052832/fileData.do,2013-00051,2013-00051,source_direct,1.000,0,,,,우즈베키스탄,0,우즈베키스탄 전염성 질병 관리역량강화사업 ('13-'19/600만불)...,2013,2019,https://www.oda.go.kr/opo/bsin/bsnsSumryDocDetail.do?P_BSNS_NO=2013-00051,6000000,사업명에 표시된 KOICA 전체 사업예산; 건축공사비 아님,0,,,,,,,0
15052832:605,605,15052832,https://www.data.go.kr/data/15052832/fileData.do,2013-00050,2013-00050,source_direct,1.000,0,,,,이라크,0,이라크 KRG 쿠르드 공무원교육원(KIPA) 역량강화지원사업('13-'1...,2013,2018,https://www.oda.go.kr/opo/bsin/bsnsSumryDocDetail.do?P_BSNS_NO=2013-00050,,,0,,교육원,,,,,0
15052832:606,606,15052832,https://www.data.go.kr/data/15052832/fileData.do,2013-00047,2013-00047,source_direct,1.000,0,,,,르완다,0,르완다 ICT 혁신 역량강화 사업('13-'19/560만불)...,2013,2019,https://www.oda.go.kr/opo/bsin/bsnsSumryDocDetail.do?P_BSNS_NO=2013-00047,5600000,사업명에 표시된 KOICA 전체 사업예산; 건축공사비 아님,0,,,,,,,0
15052832:607,607,15052832,https://www.data.go.kr/data/15052832/fileData.do,2013-00044,2013-00044,source_direct,1.000,0,,,,네팔,0,네팔 정보재난복구센터 구축사업('13-'21/547만불) ...,2013,2021,https://www.oda.go.kr/opo/bsin/bsnsSumryDocDetail.do?P_BSNS_NO=2013-00044,5470000,사업명에 표시된 KOICA 전체 사업예산; 건축공사비 아님,0,,센터,,,,,0
15052832:608,608,15052832,https://www.data.go.kr/data/15052832/fileData.do,2013-00042,2013-00042,source_direct,1.000,0,,,,,0,온두라스 치안역량강화사업('13-'21/550만불)...,2013,2021,https://www.oda.go.kr/opo/bsin/bsnsSumryDocDetail.do?P_BSNS_NO=2013-00042,5500000,사업명에 표시된 KOICA 전체 사업예산; 건축공사비 아님,0,,,,,,,0
15052832:609,609,15052832,https://www.data.go.kr/data/15052832/fileData.do,2013-00041,2013-00041,source_direct,1.000,0,,,,몽골,0,몽골 출입국 관리 및 보안 시스템 현대화 사업('13-'16/700만불)...,2013,2016,https://www.oda.go.kr/opo/bsin/bsnsSumryDocDetail.do?P_BSNS_NO=2013-00041,7000000,사업명에 표시된 KOICA 전체 사업예산; 건축공사비 아님,0,,,,,,,0
15052832:610,610,15052832,https://www.data.go.kr/data/15052832/fileData.do,2013-00040,2013-00040,source_direct,1.000,0,,,,몽골,0,몽골 국회 의정활동 지원시스템 구축사업('13-'15/350만불)...,2013,2015,https://www.oda.go.kr/opo/bsin/bsnsSumryDocDetail.do?P_BSNS_NO=2013-00040,3500000,사업명에 표시된 KOICA 전체 사업예산; 건축공사비 아님,0,,,,,,,0
15052832:611,611,15052832,https://www.data.go.kr/data/15052832/fileData.do,2013-00039,2013-00039,source_direct,1.000,0,,,,몽골,0,몽골 국유재산관리 정보화시스템 구축사업('13-'15/100만불)...,2013,2015,https://www.oda.go.kr/opo/bsin/bsnsSumryDocDetail.do?P_BSNS_NO=2013-00039,1000000,사업명에 표시된 KOICA 전체 사업예산; 건축공사비 아님,0,,,,,,,0
15052832:612,612,15052832,https://www.data.go.kr/data/15052832/fileData.do,2013-00038,2013-00038,source_direct,1.000,0,,,,인도네시아;인도,0,인도네시아 IT 행정 역량강화사업('13-'17/370만불)...,2013,2017,https://www.oda.go.kr/opo/bsin/bsnsSumryDocDetail.do?P_BSNS_NO=2013-00038,3700000,사업명에 표시된 KOICA 전체 사업예산; 건축공사비 아님,0,,,,,,,0
15052832:613,613,15052832,https://www.data.go.kr/data/15052832/fileData.do,2013-00036,2013-00036,source_direct,1.000,0,,,,베트남,0,베트남 법원연수원 역량강화사업('13- '17/954만불)...,2013,2017,https://www.oda.go.kr/opo/bsin/bsnsSumryDocDetail.do?P_BSNS_NO=2013-00036,9540000,사업명에 표시된 KOICA 전체 사업예산; 건축공사비 아님,0,,연수원,,,,,0
15052832:614,614,15052832,https://www.data.go.kr/data/15052832/fileData.do,2013-00034,2013-00034,source_direct,1.000,0,,,,팔레스타인,0,팔레스타인 제닌 청소년센터 건립사업('13-'18/360만불)...,2013,2018,https://www.oda.go.kr/opo/bsin/bsnsSumryDocDetail.do?P_BSNS_NO=2013-00034,3600000,사업명에 표시된 KOICA 전체 사업예산; 건축공사비 아님,1,강한건축어,건립;센터,,,,,0
15052832:615,615,15052832,https://www.data.go.kr/data/15052832/fileData.do,2013-00033,2013-00033,source_direct,1.000,0,,,,팔레스타인,0,팔레스타인 바이오 연구센터 설립사업('13-'19/300만불)...,2013,2019,https://www.oda.go.kr/opo/bsin/bsnsSumryDocDetail.do?P_BSNS_NO=2013-00033,3000000,사업명에 표시된 KOICA 전체 사업예산; 건축공사비 아님,0,,센터;연구센터,,,,,0
15052832:616,616,15052832,https://www.data.go.kr/data/15052832/fileData.do,2013-00032,2013-00032,source_direct,1.000,0,,,,이라크,0,"이라크 KRG 아르빌, 할랍자 교육환경 개선사업('13-'19/940만불...",2013,2019,https://www.oda.go.kr/opo/bsin/bsnsSumryDocDetail.do?P_BSNS_NO=2013-00032,9400000,사업명에 표시된 KOICA 전체 사업예산; 건축공사비 아님,0,,,,,,,0
15052832:617,617,15052832,https://www.data.go.kr/data/15052832/fileData.do,2013-00031,2013-00031,source_direct,1.000,0,,,,이라크,0,이라크 국립대학 및 정부기관 어학실습실 구축사업('13-'21/698만불...,2013,2021,https://www.oda.go.kr/opo/bsin/bsnsSumryDocDetail.do?P_BSNS_NO=2013-00031,6980000,사업명에 표시된 KOICA 전체 사업예산; 건축공사비 아님,0,,대학,,,,,0
15052832:618,618,15052832,https://www.data.go.kr/data/15052832/fileData.do,2013-00030,2013-00030,source_direct,1.000,0,,,,르완다,0,르완다 키추키로 종합기술훈련원 2차지원사업('13-'18/530만불)...,2013,2018,https://www.oda.go.kr/opo/bsin/bsnsSumryDocDetail.do?P_BSNS_NO=2013-00030,5300000,사업명에 표시된 KOICA 전체 사업예산; 건축공사비 아님,0,,훈련원,,,,,0
15052832:619,619,15052832,https://www.data.go.kr/data/15052832/fileData.do,2013-00029,2013-00029,source_direct,1.000,0,,,,모잠비크,0,모잠비크 마톨라 산업학교 역량강화사업('13-'18/745만불)...,2013,2018,https://www.oda.go.kr/opo/bsin/bsnsSumryDocDetail.do?P_BSNS_NO=2013-00029,7450000,사업명에 표시된 KOICA 전체 사업예산; 건축공사비 아님,0,,학교,,,,,0
15052832:620,620,15052832,https://www.data.go.kr/data/15052832/fileData.do,2013-00028,2013-00028,source_direct,1.000,0,,,,에티오피아,0,에티오피아 아다마 과학기술대학 ICT 교육역량강화사업('13-'17/55...,2013,2017,https://www.oda.go.kr/opo/bsin/bsnsSumryDocDetail.do?P_BSNS_NO=2013-00028,,,0,,대학,,,,,0
15052832:621,621,15052832,https://www.data.go.kr/data/15052832/fileData.do,2013-00027,2013-00027,source_direct,1.000,0,,,,에티오피아,0,에티오피아 티그라이주 직업훈련학교 건립사업('13-'19/687만불)...,2013,2019,https://www.oda.go.kr/opo/bsin/bsnsSumryDocDetail.do?P_BSNS_NO=2013-00027,6870000,사업명에 표시된 KOICA 전체 사업예산; 건축공사비 아님,1,강한건축어,건립;학교,,,,,0
15052832:622,622,15052832,https://www.data.go.kr/data/15052832/fileData.do,2013-00026,2013-00026,source_direct,1.000,0,,,,에티오피아,0,에티오피아 오로미아주 라디오방송을 통한 초등교육역량강화사업('13-'22...,2013,2022,https://www.oda.go.kr/opo/bsin/bsnsSumryDocDetail.do?P_BSNS_NO=2013-00026,,,0,,,,,,,0
15052832:623,623,15052832,https://www.data.go.kr/data/15052832/fileData.do,2013-00024,2013-00024,source_direct,1.000,0,,,,스리랑카,0,스리랑카 기능대학(CoT) 및 훈련원(TC) 자동차공과 개선사업('13-...,2013,2017,https://www.oda.go.kr/opo/bsin/bsnsSumryDocDetail.do?P_BSNS_NO=2013-00024,,,0,,대학;훈련원,,,,,0
15052832:624,624,15052832,https://www.data.go.kr/data/15052832/fileData.do,2013-00022,2013-00022,source_direct,1.000,0,,,,우즈베키스탄,0,우즈베키스탄 사마르칸트 직업훈련교육 역량강화사업('13-'17/640만불...,2013,2017,https://www.oda.go.kr/opo/bsin/bsnsSumryDocDetail.do?P_BSNS_NO=2013-00022,6400000,사업명에 표시된 KOICA 전체 사업예산; 건축공사비 아님,0,,,,,,,0
15052832:625,625,15052832,https://www.data.go.kr/data/15052832/fileData.do,2013-00020,2013-00020,source_direct,1.000,0,,,,,0,아이티 까라꼴 의류기술 훈련원 건립사업('13-'17/373만불)...,2013,2017,https://www.oda.go.kr/opo/bsin/bsnsSumryDocDetail.do?P_BSNS_NO=2013-00020,3730000,사업명에 표시된 KOICA 전체 사업예산; 건축공사비 아님,1,강한건축어,건립;훈련원,,,,,0
15052832:626,626,15052832,https://www.data.go.kr/data/15052832/fileData.do,2013-00019,2013-00019,source_direct,1.000,0,,,,방글라데시,0,방글라데시 화학산업 기술훈련원 역량강화사업(`13-`18/500만불)...,2013,2018,https://www.oda.go.kr/opo/bsin/bsnsSumryDocDetail.do?P_BSNS_NO=2013-00019,5000000,사업명에 표시된 KOICA 전체 사업예산; 건축공사비 아님,0,,훈련원,,,,,0
15052832:627,627,15052832,https://www.data.go.kr/data/15052832/fileData.do,2013-00018,2013-00018,source_direct,1.000,0,,,,베트남,0,베트남 중부고원 소수민족 청소년 직업대학 향상사업('13-'17/500만...,2013,2017,https://www.oda.go.kr/opo/bsin/bsnsSumryDocDetail.do?P_BSNS_NO=2013-00018,,,0,,대학,,,,,0
15052832:628,628,15052832,https://www.data.go.kr/data/15052832/fileData.do,2013-00017,2013-00017,source_direct,1.000,0,,,,베트남,0,베트남 산업안전보건 훈련센터 개발 역량강화사업('13-'17/340만불)...,2013,2017,https://www.oda.go.kr/opo/bsin/bsnsSumryDocDetail.do?P_BSNS_NO=2013-00017,3400000,사업명에 표시된 KOICA 전체 사업예산; 건축공사비 아님,0,,센터,,,,,0
15052832:629,629,15052832,https://www.data.go.kr/data/15052832/fileData.do,2013-00016,2013-00016,source_direct,1.000,0,,,,팔레스타인,0,팔레스타인 국립 약물중독 재활치료센터 설립사업('13-'19/500만불)...,2013,2019,https://www.oda.go.kr/opo/bsin/bsnsSumryDocDetail.do?P_BSNS_NO=2013-00016,5000000,사업명에 표시된 KOICA 전체 사업예산; 건축공사비 아님,0,,센터,,,,,0
15052832:630,630,15052832,https://www.data.go.kr/data/15052832/fileData.do,2013-00015,2013-00015,source_direct,1.000,0,,,,에티오피아,0,에티오피아 SNNPR 구라게존 식수위생환경 개선사업('13-'19/900...,2013,2019,https://www.oda.go.kr/opo/bsin/bsnsSumryDocDetail.do?P_BSNS_NO=2013-00015,,,0,,,,,,,0
15052832:631,631,15052832,https://www.data.go.kr/data/15052832/fileData.do,2013-00014,2013-00014,source_direct,1.000,0,,,,에티오피아,0,에티오피아 인구 및 생식보건 인식개선 캠페인 지원사업('13-'18/65...,2013,2018,https://www.oda.go.kr/opo/bsin/bsnsSumryDocDetail.do?P_BSNS_NO=2013-00014,,,0,,,,,,,0
15052832:632,632,15052832,https://www.data.go.kr/data/15052832/fileData.do,2013-00013,2013-00013,source_direct,1.000,0,,,,가나,0,가나 볼타지역 모자보건 개선사업('13-'17/600만불)...,2013,2017,https://www.oda.go.kr/opo/bsin/bsnsSumryDocDetail.do?P_BSNS_NO=2013-00013,6000000,사업명에 표시된 KOICA 전체 사업예산; 건축공사비 아님,0,,,,,,,0
15052832:633,633,15052832,https://www.data.go.kr/data/15052832/fileData.do,2013-00012,2013-00012,source_direct,1.000,1,L2019-00020-1,,,네팔,0,네팔 무구지역 모자보건환경 개선사업('13-'21/540만불) ...,2013,2021,https://www.oda.go.kr/opo/bsin/bsnsSumryDocDetail.do?P_BSNS_NO=2013-00012,5400000,사업명에 표시된 KOICA 전체 사업예산; 건축공사비 아님,0,,,,,,,0
15052832:634,634,15052832,https://www.data.go.kr/data/15052832/fileData.do,2013-00010,2013-00010,source_direct,1.000,0,,,,라오스,0,라오스 통합모자보건 및 소아과 의료인력 교육사업('13-'18/950만불...,2013,2018,https://www.oda.go.kr/opo/bsin/bsnsSumryDocDetail.do?P_BSNS_NO=2013-00010,9500000,사업명에 표시된 KOICA 전체 사업예산; 건축공사비 아님,0,,,,,,,0
15052832:635,635,15052832,https://www.data.go.kr/data/15052832/fileData.do,2013-00009,2013-00009,source_direct,1.000,0,,,,엘살바도르,0,엘살바도르 한-엘 의료센터 건립사업('13-'20/355만불)...,2013,2020,https://www.oda.go.kr/opo/bsin/bsnsSumryDocDetail.do?P_BSNS_NO=2013-00009,3550000,사업명에 표시된 KOICA 전체 사업예산; 건축공사비 아님,1,강한건축어,건립;센터,,,,,0
15052832:636,636,15052832,https://www.data.go.kr/data/15052832/fileData.do,2013-00008,2013-00008,source_direct,1.000,1,L2018-00017-1;L2018-00024-1;L2018-00027-1;L2018-00028-1;L2019-00001-1;L2019-00002-1;L2019-00017-1,,,파라과이,0,파라과이 산빠블로 모자병원 역량강화사업('13-'20/847만불)...,2013,2020,https://www.oda.go.kr/opo/bsin/bsnsSumryDocDetail.do?P_BSNS_NO=2013-00008,8470000,사업명에 표시된 KOICA 전체 사업예산; 건축공사비 아님,0,,병원,,,,,0
15052832:637,637,15052832,https://www.data.go.kr/data/15052832/fileData.do,2013-00007,2013-00007,source_direct,1.000,1,L2018-00025-1;L2018-00025-2;L2018-00026-1;L2018-00029-1,,,볼리비아;리비아,0,볼리비아 엘알또 한국병원 3차 지원사업('13-'22/970만불)...,2013,2022,https://www.oda.go.kr/opo/bsin/bsnsSumryDocDetail.do?P_BSNS_NO=2013-00007,9700000,사업명에 표시된 KOICA 전체 사업예산; 건축공사비 아님,0,,병원,,,,,0
15052832:638,638,15052832,https://www.data.go.kr/data/15052832/fileData.do,2013-00006,2013-00006,source_direct,1.000,0,,,,페루,0,페루 파차쿠텍 보건의료 역량강화사업('13-'20/347만불)...,2013,2020,https://www.oda.go.kr/opo/bsin/bsnsSumryDocDetail.do?P_BSNS_NO=2013-00006,3470000,사업명에 표시된 KOICA 전체 사업예산; 건축공사비 아님,0,,,,,,,0
15052832:639,639,15052832,https://www.data.go.kr/data/15052832/fileData.do,2013-00005,2013-00005,source_direct,1.000,0,,,,페루,0,페루 찬차마요 보건의료 역량강화사업('13-'18/279만불)...,2013,2018,https://www.oda.go.kr/opo/bsin/bsnsSumryDocDetail.do?P_BSNS_NO=2013-00005,2790000,사업명에 표시된 KOICA 전체 사업예산; 건축공사비 아님,0,,,,,,,0
15052832:640,640,15052832,https://www.data.go.kr/data/15052832/fileData.do,2013-00004,2013-00004,source_direct,1.000,0,,,,페루,0,페루 리마 및 까야오 건강증진 프로그램('13-'18/785만불)...,2013,2018,https://www.oda.go.kr/opo/bsin/bsnsSumryDocDetail.do?P_BSNS_NO=2013-00004,7850000,사업명에 표시된 KOICA 전체 사업예산; 건축공사비 아님,0,,,,,,,0
15052832:641,641,15052832,https://www.data.go.kr/data/15052832/fileData.do,2013-00003,2013-00003,source_direct,1.000,0,,,,필리핀,0,필리핀 일로일로주 지역보건 역량강화사업('13-'17/700만불)...,2013,2017,https://www.oda.go.kr/opo/bsin/bsnsSumryDocDetail.do?P_BSNS_NO=2013-00003,7000000,사업명에 표시된 KOICA 전체 사업예산; 건축공사비 아님,0,,,,,,,0
15052832:642,642,15052832,https://www.data.go.kr/data/15052832/fileData.do,2013-00001,2013-00001,source_direct,1.000,0,,,,캄보디아,0,캄보디아 국립소아병원 기능개선사업('13-'18/728만불)...,2013,2018,https://www.oda.go.kr/opo/bsin/bsnsSumryDocDetail.do?P_BSNS_NO=2013-00001,7280000,사업명에 표시된 KOICA 전체 사업예산; 건축공사비 아님,0,,병원,,,,,0
15052832:643,643,15052832,https://www.data.go.kr/data/15052832/fileData.do,2012-00029,2012-00029,source_direct,1.000,0,,,,인도네시아;인도,0,인도네시아 팔렘방시 배수시설 개선을 위한 마스터플랜 및 타당성조사사업('...,2012,2017,https://www.oda.go.kr/opo/bsin/bsnsSumryDocDetail.do?P_BSNS_NO=2012-00029,,,0,,시설,,,,,0
15052832:644,644,15052832,https://www.data.go.kr/data/15052832/fileData.do,2012-00010,2012-00010,source_direct,1.000,0,,,,방글라데시,0,방글라데시 사이버범죄수사 역량강화사업('12-'17/300만불)...,2012,2017,https://www.oda.go.kr/opo/bsin/bsnsSumryDocDetail.do?P_BSNS_NO=2012-00010,3000000,사업명에 표시된 KOICA 전체 사업예산; 건축공사비 아님,0,,,,,,,0
15052832:645,645,15052832,https://www.data.go.kr/data/15052832/fileData.do,2012-00009,2012-00009,source_direct,1.000,0,,,,방글라데시,0,방글라데시 도로교통공단 교통행정정보 전산화사업('12-'17/270만불)...,2012,2017,https://www.oda.go.kr/opo/bsin/bsnsSumryDocDetail.do?P_BSNS_NO=2012-00009,2700000,사업명에 표시된 KOICA 전체 사업예산; 건축공사비 아님,0,,,,,,,0
15052832:646,646,15052832,https://www.data.go.kr/data/15052832/fileData.do,2012-00006,2012-00006,source_direct,1.000,0,,,,에티오피아,0,에티오피아 참전용사후손 직업역량배양사업('12-'18/900만불)...,2012,2018,https://www.oda.go.kr/opo/bsin/bsnsSumryDocDetail.do?P_BSNS_NO=2012-00006,9000000,사업명에 표시된 KOICA 전체 사업예산; 건축공사비 아님,0,,,,,,,0
15052832:647,647,15052832,https://www.data.go.kr/data/15052832/fileData.do,2012-00001,2012-00001,source_direct,1.000,1,L2017-00010-1;L2018-00002-1,,,방글라데시,0,"방글라데시 간호전문 대학원 설립사업('12-'19/1,375만불)...",2012,2019,https://www.oda.go.kr/opo/bsin/bsnsSumryDocDetail.do?P_BSNS_NO=2012-00001,13750000,사업명에 표시된 KOICA 전체 사업예산; 건축공사비 아님,0,,대학,,,,,0
15052832:648,648,15052832,https://www.data.go.kr/data/15052832/fileData.do,2011-00073,2011-00073,source_direct,1.000,0,,,,우즈베키스탄,0,우즈베키스탄 배전손실감소 마스터플랜 수립 및 AMR 시범사업('11-'1...,2011,2013,https://www.oda.go.kr/opo/bsin/bsnsSumryDocDetail.do?P_BSNS_NO=2011-00073,,,0,,,,,,,0
15052832:649,649,15052832,https://www.data.go.kr/data/15052832/fileData.do,2011-00063,2011-00063,source_direct,1.000,0,,,,콜롬비아,0,콜롬비아 산업클러스터 기반 중소기업 생산경쟁력 강화사업('11-'19/3...,2011,2019,https://www.oda.go.kr/opo/bsin/bsnsSumryDocDetail.do?P_BSNS_NO=2011-00063,,,0,,,,,,,0
15052832:650,650,15052832,https://www.data.go.kr/data/15052832/fileData.do,2011-00056,2011-00056,source_direct,1.000,0,,,,우즈베키스탄,0,우즈베키스탄 시범온실 지원사업('11-'14/400만불)...,2011,2014,https://www.oda.go.kr/opo/bsin/bsnsSumryDocDetail.do?P_BSNS_NO=2011-00056,4000000,사업명에 표시된 KOICA 전체 사업예산; 건축공사비 아님,0,,,,,,,0
15052832:651,651,15052832,https://www.data.go.kr/data/15052832/fileData.do,2011-00055,2011-00055,source_direct,1.000,0,,,,콜롬비아,0,콜롬비아 농촌지역 빈곤퇴치사업('11-'17/500만불)...,2011,2017,https://www.oda.go.kr/opo/bsin/bsnsSumryDocDetail.do?P_BSNS_NO=2011-00055,5000000,사업명에 표시된 KOICA 전체 사업예산; 건축공사비 아님,0,,,,,,,0
15052832:652,652,15052832,https://www.data.go.kr/data/15052832/fileData.do,2011-00054,2011-00054,source_direct,1.000,0,,,,볼리비아;리비아,0,볼리비아 추키사카주 저수용댐 축조 및 관개수로 건설사업('11-'23/1...,2011,2023,https://www.oda.go.kr/opo/bsin/bsnsSumryDocDetail.do?P_BSNS_NO=2011-00054,,,0,,,,,,,0
15052832:653,653,15052832,https://www.data.go.kr/data/15052832/fileData.do,2011-00052,2011-00052,source_direct,1.000,0,,,,우간다,1,우간다 농업지도자연수원 건립사업('11-'17/440만불)...,2011,2017,https://www.oda.go.kr/opo/bsin/bsnsSumryDocDetail.do?P_BSNS_NO=2011-00052,4400000,사업명에 표시된 KOICA 전체 사업예산; 건축공사비 아님,1,강한건축어,건립;연수원,,,,,0
15052832:654,654,15052832,https://www.data.go.kr/data/15052832/fileData.do,2011-00051,2011-00051,source_direct,1.000,0,,,,우간다,1,우간다 과일가공공장 건립사업('11-'19/800만불)...,2011,2019,https://www.oda.go.kr/opo/bsin/bsnsSumryDocDetail.do?P_BSNS_NO=2011-00051,8000000,사업명에 표시된 KOICA 전체 사업예산; 건축공사비 아님,1,강한건축어,건립;공장,,,,,0
15052832:655,655,15052832,https://www.data.go.kr/data/15052832/fileData.do,2011-00050,2011-00050,source_direct,1.000,0,,,,,0,수단 농업기술훈련원 건립사업('11-'18/666만불)...,2011,2018,https://www.oda.go.kr/opo/bsin/bsnsSumryDocDetail.do?P_BSNS_NO=2011-00050,6660000,사업명에 표시된 KOICA 전체 사업예산; 건축공사비 아님,1,강한건축어,건립;훈련원,,,,,0
15052832:656,656,15052832,https://www.data.go.kr/data/15052832/fileData.do,2011-00048,2011-00048,source_direct,1.000,0,,,,,0,앙골라 수산자원 조성기술 역량강화사업('11-'18/645만불)...,2011,2018,https://www.oda.go.kr/opo/bsin/bsnsSumryDocDetail.do?P_BSNS_NO=2011-00048,6450000,사업명에 표시된 KOICA 전체 사업예산; 건축공사비 아님,0,,,,,,,0
15052832:657,657,15052832,https://www.data.go.kr/data/15052832/fileData.do,2011-00044,2011-00044,source_direct,1.000,0,,,,미얀마,0,미얀마 농산물 수확후 기술관리 지원사업('11-'14/350만불)...,2011,2014,https://www.oda.go.kr/opo/bsin/bsnsSumryDocDetail.do?P_BSNS_NO=2011-00044,3500000,사업명에 표시된 KOICA 전체 사업예산; 건축공사비 아님,0,,,,,,,0
15052832:658,658,15052832,https://www.data.go.kr/data/15052832/fileData.do,2011-00043,2011-00043,source_direct,1.000,0,,,,몽골,0,몽골 할흐골 시범농장 개발사업('11-'14/400만불)...,2011,2014,https://www.oda.go.kr/opo/bsin/bsnsSumryDocDetail.do?P_BSNS_NO=2011-00043,4000000,사업명에 표시된 KOICA 전체 사업예산; 건축공사비 아님,0,,,,,,,0
15052832:659,659,15052832,https://www.data.go.kr/data/15052832/fileData.do,2011-00041,2011-00041,source_direct,1.000,0,,,,몽골,0,몽골 울란바타르시 지역난방 및 용수공급시스템 개선 2차사업('11-'13...,2011,2013,https://www.oda.go.kr/opo/bsin/bsnsSumryDocDetail.do?P_BSNS_NO=2011-00041,,,0,,,,,,,0
15052832:660,660,15052832,https://www.data.go.kr/data/15052832/fileData.do,2011-00039,2011-00039,source_direct,1.000,0,,,,우즈베키스탄,0,우즈베키스탄 도시계획 지리정보 훈련센터 지원사업('11-'13/150만불...,2011,2013,https://www.oda.go.kr/opo/bsin/bsnsSumryDocDetail.do?P_BSNS_NO=2011-00039,1500000,사업명에 표시된 KOICA 전체 사업예산; 건축공사비 아님,0,,센터,,,,,0
15052832:661,661,15052832,https://www.data.go.kr/data/15052832/fileData.do,2011-00031,2011-00031,source_direct,1.000,0,,,,몽골,0,몽골 국가등록제도 완비사업('11-'12/400만불)...,2011,2012,https://www.oda.go.kr/opo/bsin/bsnsSumryDocDetail.do?P_BSNS_NO=2011-00031,4000000,사업명에 표시된 KOICA 전체 사업예산; 건축공사비 아님,0,,,,,,,0
15052832:662,662,15052832,https://www.data.go.kr/data/15052832/fileData.do,2011-00030,2011-00030,source_direct,1.000,0,,,,몽골,0,몽골 울란바타르시 토지정보통합시스템 구축사업('11-'13/270만불)...,2011,2013,https://www.oda.go.kr/opo/bsin/bsnsSumryDocDetail.do?P_BSNS_NO=2011-00030,2700000,사업명에 표시된 KOICA 전체 사업예산; 건축공사비 아님,0,,,,,,,0
15052832:663,663,15052832,https://www.data.go.kr/data/15052832/fileData.do,2011-00029,2011-00029,source_direct,1.000,0,,,,우즈베키스탄,0,우즈베키스탄 타슈켄트 2개 대학 전자도서관 구축사업('11-'13/250...,2011,2013,https://www.oda.go.kr/opo/bsin/bsnsSumryDocDetail.do?P_BSNS_NO=2011-00029,,,0,,대학;도서관,,,,,0
15052832:664,664,15052832,https://www.data.go.kr/data/15052832/fileData.do,2011-00024,2011-00024,source_direct,1.000,0,,,,우간다,1,우간다 직업훈련원 건립사업('11-'18/579만불)...,2011,2018,https://www.oda.go.kr/opo/bsin/bsnsSumryDocDetail.do?P_BSNS_NO=2011-00024,5790000,사업명에 표시된 KOICA 전체 사업예산; 건축공사비 아님,1,강한건축어,건립;훈련원,,,,,0
15052832:665,665,15052832,https://www.data.go.kr/data/15052832/fileData.do,2011-00023,2011-00023,source_direct,1.000,0,,,,에티오피아,0,에티오피아 아드와시 중학교 건립사업('11-'17/420만불)...,2011,2017,https://www.oda.go.kr/opo/bsin/bsnsSumryDocDetail.do?P_BSNS_NO=2011-00023,4200000,사업명에 표시된 KOICA 전체 사업예산; 건축공사비 아님,1,강한건축어,건립;학교,,,,,0
15052832:666,666,15052832,https://www.data.go.kr/data/15052832/fileData.do,2011-00012,2011-00012,source_direct,1.000,0,,,,과테말라,0,과테말라 웨웨떼낭고주 식수공급 확대사업('11-'17/163만불)...,2011,2017,https://www.oda.go.kr/opo/bsin/bsnsSumryDocDetail.do?P_BSNS_NO=2011-00012,1630000,사업명에 표시된 KOICA 전체 사업예산; 건축공사비 아님,0,,,,,,,0
15052832:667,667,15052832,https://www.data.go.kr/data/15052832/fileData.do,2011-00011,2011-00011,source_direct,1.000,1,L2020-00010-1;L2022-00056-1,,,과테말라,0,과테말라 웨웨떼낭고주 국립병원 모자보건 역량강화사업('11-'18/510...,2011,2018,https://www.oda.go.kr/opo/bsin/bsnsSumryDocDetail.do?P_BSNS_NO=2011-00011,,,0,,병원,,,,,0
15052832:668,668,15052832,https://www.data.go.kr/data/15052832/fileData.do,2010-00065,2010-00065,source_direct,1.000,0,,,,몽골,0,몽골 광해 실태조사 및 광해정보화 구축사업('10-'13/300만불)...,2010,2013,https://www.oda.go.kr/opo/bsin/bsnsSumryDocDetail.do?P_BSNS_NO=2010-00065,3000000,사업명에 표시된 KOICA 전체 사업예산; 건축공사비 아님,0,,,,,,,0
15052832:669,669,15052832,https://www.data.go.kr/data/15052832/fileData.do,2010-00020,2010-00020,source_direct,1.000,1,L2022-00065-1;L2022-00065-2;L2022-00066-1;L2023-00047-1,,,몽골,0,몽골 한몽 기술대학교 역량강화사업('10-'16/576만불)...,2010,2016,https://www.oda.go.kr/opo/bsin/bsnsSumryDocDetail.do?P_BSNS_NO=2010-00020,5760000,사업명에 표시된 KOICA 전체 사업예산; 건축공사비 아님,0,,대학;학교,,,,,0
15052832:670,670,15052832,https://www.data.go.kr/data/15052832/fileData.do,2010-00010,2010-00010,source_direct,1.000,0,,,,볼리비아;리비아,0,볼리비아 오루로 보건의료시스템 향상 및 의료인력 역량강화사업('10-'1...,2010,2017,https://www.oda.go.kr/opo/bsin/bsnsSumryDocDetail.do?P_BSNS_NO=2010-00010,,,0,,,,,,,0
15052832:671,671,15052832,https://www.data.go.kr/data/15052832/fileData.do,2009-00010,2009-00010,source_direct,1.000,0,,,,볼리비아;리비아,0,볼리비아 과라요스지역 상수도시설 구축사업('09-'14/458만불)...,2009,2014,https://www.oda.go.kr/opo/bsin/bsnsSumryDocDetail.do?P_BSNS_NO=2009-00010,4580000,사업명에 표시된 KOICA 전체 사업예산; 건축공사비 아님,0,,시설,,,,,0
15052832:672,672,15052832,https://www.data.go.kr/data/15052832/fileData.do,2008-00040,2008-00040,source_direct,1.000,0,,,,파라과이,0,파라과이 아순시온시 취약아동 청소년 재활훈련원 건립사업('08-'10/1...,2008,2010,https://www.oda.go.kr/opo/bsin/bsnsSumryDocDetail.do?P_BSNS_NO=2008-00040,,,1,강한건축어,건립;훈련원,,,,,0
15052832:673,673,15052832,https://www.data.go.kr/data/15052832/fileData.do,2007-00015,2007-00015,source_direct,1.000,0,,,,콜롬비아,0,"콜롬비아 한-콜롬비아 우호재활센터 건립사업('07-'16/1,150만불)...",2007,2016,https://www.oda.go.kr/opo/bsin/bsnsSumryDocDetail.do?P_BSNS_NO=2007-00015,11500000,사업명에 표시된 KOICA 전체 사업예산; 건축공사비 아님,1,강한건축어,건립;센터,,,,,0
