source_record_id,source_row_number,public_data_id,source_page_url,project_no_source,project_no_linked,project_link_method,project_link_score,existing_db_project_match,existing_db_project_bid_nos,bid_no_source,bid_base_no_source,department,country_ko,is_uganda,procurement_title,sector,procurement_category,scope,ceiling_krw,amount_boundary,contract_method,selection_method,planned_issue_date,construction_related,construction_reason,construction_keywords,area_values_m2,gross_floor_area_m2,gfa_extraction_method,raw_ceiling_per_gfa_krw,unit_cost_potential
15085055:1,1,15085055,https://www.data.go.kr/data/15085055/fileData.do,,2025-00099,existing_db_title_containment,0.990,1,L2025-00108-1,,,알제리사무소,알제리,0,알제리 경찰청 과학수사역량강화사업 과학실험실 실시설계 감리 용역,행정제도,용역,경찰청 과학수사국 건물 내 실험실 리노베이션 실시설계 면적 약 900m2,35000000,발주계획 입찰한도액; 계획 변경 가능,일반경쟁,협상에 의한 계약(기술가격종합평가),2025-12,1,강한건축어;시설어+설계감리어,리노베이션;건물;시설;실험실;감리;설계;실시설계,900,900,single_unlabelled_area,,0
15085055:2,2,15085055,https://www.data.go.kr/data/15085055/fileData.do,,,,0.679,0,,,,필리핀사무소,필리핀,0,필리핀 기마라스주 수산양식역량강화 사업 차량 구매,농촌개발,물품,"차량 2대(SUV 1대, Van 1대)",99999999,발주계획 입찰한도액; 계획 변경 가능,일반경쟁,적격심사,2025-11,0,,,,,,,0
15085055:3,3,15085055,https://www.data.go.kr/data/15085055/fileData.do,,2023-00008,official_report_title_containment,0.990,1,L2025-00056-1,,,캄보디아사무소,캄보디아,0,캄보디아 ICT 분야 직업기술훈련 역량강화 및 교육훈련 환경구축 사업('23·'27/800만불),교육,물품,"캄보디아 직업훈련기관(TVET기관) ICT Lab에서 사용할 IT 기자재 29종 5,023품목 공급 및 설치· 지정된 납품 장소까지 기자재 운송· 지정된 납품 장소에 기자재 설치· 기자재 매뉴얼(영문 및 크메르어) 제공· 사용자 대상 운용교육 실시· 2년간 하자보수",3182872864,발주계획 입찰한도액; 계획 변경 가능,일반경쟁,적격심사,2025-11,0,,,,,,,0
15085055:4,4,15085055,https://www.data.go.kr/data/15085055/fileData.do,,2023-00008,official_report_title_containment,0.990,1,L2025-00056-1,,,캄보디아사무소,캄보디아,0,캄보디아 ICT 분야 직업기술훈련 역량강화 및 교육훈련 환경구축 사업('23·'27/800만불),교육,물품,"캄보디아 직업훈련기관(TVET기관) ICT Lab에서 사용할 사무 기자재 10종 2,280품목 공급 및 설치· 지정된 납품 장소까지 기자재 운송· 지정된 납품 장소에 기자재 설치· 기자재 매뉴얼(영문 및 크메르어) 제공· 사용자 대상 운용교육 실시· 2년간 하자보수",456774861,발주계획 입찰한도액; 계획 변경 가능,일반경쟁,적격심사,2025-11,0,,,,,,,0
15085055:5,5,15085055,https://www.data.go.kr/data/15085055/fileData.do,,2021-00156,existing_db_title_containment,0.990,1,L2024-00052-1;L2025-00079-1,,,인도네시아사무소,인도네시아,0,"인도네시아 보고르대학교 농업생명과학연구센터 역량강화 사업('21·'28/1,100만불)",교육,용역,MOOC 시스템 개발 및 관련 기자재 설치,1195080000,발주계획 입찰한도액; 계획 변경 가능,일반경쟁,협상에 의한 계약(기술가격종합평가),2025-12,0,,대학;센터;연구센터;학교,,,,,0
15085055:6,6,15085055,https://www.data.go.kr/data/15085055/fileData.do,,2019-03655,existing_db_title_fuzzy,0.904,1,L2025-00099-1,,,키르기스스탄사무소,키르기스스탄,0,키르기스스탄 추이 주 교내 위생환경 개선사업 리모델링 시공업체 선정 현지입찰,보건의료,공사,"시공범위 : 추이 주 가브릴로브카 종합학교, 보옌노·안토노브카 종합학교 리모델링 1.화장실, 보건실, 샤워실, 교내 식당 리모델링, 난방, 환풍 및 공기조화(HVAC), 전반적인 전선 배치 포함한 시공 과정에서 필수로 수반되는 인프라 시공 2. 착공부터 준공까지의 과정에서 필요한 인허가 및 민사 소송 관련 업무 포함  3. 준공도면 및운영·유지관리 매뉴얼 작성  계약기간 : 계약체결일로부터 120일 (계약체결일로부터 14일 이내 착공)",276333603,발주계획 입찰한도액; 계획 변경 가능,일반경쟁,적격심사,2025-11,1,입찰구분=공사+시설어;강한건축어;시설어+공사어,리모델링;시공;학교,,,,,0
15085055:7,7,15085055,https://www.data.go.kr/data/15085055/fileData.do,,,,0.235,0,,,,긴급대응팀,우크라이나,0,2025년도 우크라이나 인도적 현물지원(C·arm X·ray) 제조업체 선정,재난구호,물품,"C·arm X·ray (25 set) 공급, 현지 설치/교육, 사후관리",2799000000,발주계획 입찰한도액; 계획 변경 가능,일반경쟁,적격심사,2025-11,0,,,,,,,0
15085055:8,8,15085055,https://www.data.go.kr/data/15085055/fileData.do,,,,0.311,0,,,,긴급대응팀,우크라이나,0,2025년 對우크라이나 인도적 현물지원 기자재(픽업트럭) 제조,기타,물품,2025년 對우크라이나 인도적 현물지원 기자재(픽업트럭) 제조 / 400대,12769901200,발주계획 입찰한도액; 계획 변경 가능,일반경쟁,적격심사,2025-11,0,,,,,,,0
15085055:9,9,15085055,https://www.data.go.kr/data/15085055/fileData.do,,,,0.250,0,,,,긴급대응팀,우크라이나,0,2025년도 우크라이나 인도적 현물지원(궤도형도저) 제조업체 선정,재난구호,물품,궤도불도더(20ea) 공급 및 사후관리,5535000000,발주계획 입찰한도액; 계획 변경 가능,일반경쟁,적격심사,2025-11,0,,,,,,,0
15085055:10,10,15085055,https://www.data.go.kr/data/15085055/fileData.do,,,,0.281,0,,,,긴급대응팀,우크라이나,0,2025년도 우크라이나 인도적 현물지원(궤도형 굴착기) 공급업체 선정,재난구호,물품,"ㅇ 건설중장비(궤도형 굴착기 25대) 납품ㅇ 현지 교육 및 시범운영, 사후유지관리 등",6860000000,발주계획 입찰한도액; 계획 변경 가능,일반경쟁,적격심사,2025-11,0,,,,,,,0
15085055:11,11,15085055,https://www.data.go.kr/data/15085055/fileData.do,,,,0.254,0,,,,긴급대응팀,우크라이나,0,2025년도 우크라이나 인도적 현물지원(차륜형 로더) 공급업체 선정,재난구호,물품,"ㅇ 건설중장비(차륜형 로더 20대) 납품ㅇ 현지 교육 및 시범운영, 사후유지관리 등",6840000000,발주계획 입찰한도액; 계획 변경 가능,일반경쟁,적격심사,2025-11,0,,,,,,,0
15085055:12,12,15085055,https://www.data.go.kr/data/15085055/fileData.do,,2013-00029,official_report_title_containment,0.990,0,,,,아프리카1팀,모잠비크,0,모잠비크 마톨라 산업학교 역량강화 사업 사후지원 컴퓨터 부품 구매,교육,물품,컴퓨터 부품 일체 구매,4950000,발주계획 입찰한도액; 계획 변경 가능,승낙사항,최저가,2025-10,0,,학교,,,,,0
15085055:13,13,15085055,https://www.data.go.kr/data/15085055/fileData.do,,,,0.400,0,,,,에티오피아사무소,에티오피아,0,"에티오피아 낙농가치사슬 및 이해관계자 역량강화를 통한 유제품 품질개선사업(23·28/1,000만불)  유두 소독제 공급",농촌개발,물품,"ㅇ 계약 체결을 위한 낙찰자 서류검토 및 계약 준비ㅇ 기자재 납품계획 수립 및 KOICA 지정 물류업체에 전달ㅇ 납품 기자재 최종 세부사양, 검수신청내역 등ㅇ 기타 기자재 지원 관련 행정업무ㅇ 사후관리방안 수립 및 고장 발생 시 대책 제시 등 · 기자재 공급업체/주에티오피아 대사관 및 수원기관 간 공식 연락망 구축ㅇ 전략물자 확인 및 신고(허가) 관련 서류, 통관 서류 일체",46690875,발주계획 입찰한도액; 계획 변경 가능,제한경쟁,적격심사,2025-11,0,,,,,,,0
15085055:14,14,15085055,https://www.data.go.kr/data/15085055/fileData.do,,,,0.593,0,,,,유라시아팀,키르기스스탄,0,"키르기스스탄 대기질 개선사업('25·'28/1,000만불)",환경및기타,용역,"키르기스스탄 대기질 개선사업('25·'28/1,000만불) PMC 용역",3688947391,발주계획 입찰한도액; 계획 변경 가능,일반경쟁,협상에 의한 계약(기술가격종합평가),2025-11,0,,,,,,,0
15085055:15,15,15085055,https://www.data.go.kr/data/15085055/fileData.do,,2025-00178,official_report_title_fuzzy,0.881,0,,,,콜롬비아사무소,콜롬비아,0,콜롬비아 반부패 포털(PACO) 고도화를 통한 투명성 강화 사업 PMC 용역,행정제도,용역,"1) 반부패포털 (PACO II) 중장기 로드맵 및 BPR/ISP 수립 2) 반부패포털 (PACO II) 시스템 구축 지원 3) 공무원 대상 반부패 인식 및 행정서비스 역량강화 활동4) 대국민 대상 반부패 인식 제고 활동 지원 5) 사업관리(사업 모니터링, 성과관리, 홍보 등)",3640493994,발주계획 입찰한도액; 계획 변경 가능,일반경쟁,협상에 의한 계약(기술가격종합평가),2025-11,0,,,,,,,0
15085055:16,16,15085055,https://www.data.go.kr/data/15085055/fileData.do,,2022-00003,official_report_title_containment,0.990,1,L2025-00080-1;L2025-00106-1;L2025-00107-1,,,세네갈사무소,세네갈,0,세네갈 국가공중보건 실험실 역량강화사업(22·26/600만불) 실험실 리모델링 시공 감리 용역,보건의료,용역,ㅇ 리모델링 시공 용역 감리,27462000,발주계획 입찰한도액; 계획 변경 가능,수의계약,,2025-10,1,강한건축어;시설어+공사어;시설어+설계감리어,리모델링;시공;실험실;감리,,,,,0
15085055:17,17,15085055,https://www.data.go.kr/data/15085055/fileData.do,,2022-00003,official_report_title_containment,0.990,1,L2025-00080-1;L2025-00106-1;L2025-00107-1,,,세네갈사무소,세네갈,0,세네갈 국가공중보건 실험실 역량강화사업(22·26/600만불) 실험실 기자재 공급 및 설치,보건의료,물품,"ㅇ기자재 (104종 425점) 납품, 설치, 교육, 사후관리",1395379328,발주계획 입찰한도액; 계획 변경 가능,일반경쟁,적격심사,2025-10,0,,실험실,,,,,0
15085055:18,18,15085055,https://www.data.go.kr/data/15085055/fileData.do,,2020-00048,official_report_title_containment,0.990,1,L2024-00062-1;L2024-00062-2;L2024-00062-3;L2025-00021-1,,,세네갈사무소,세네갈,0,"세네갈 미곡가치사슬 강화 2차 사업('20·'26/1,100만불)",농촌개발,물품,ㅇ농업용 기자재 4종 8대 납품  · 트랙터 3대  · 콤바인 1대  · 오프셋 3대  · 트럭 1대,454791420,발주계획 입찰한도액; 계획 변경 가능,일반경쟁,적격심사,2025-09,0,,,,,,,0
15085055:19,19,15085055,https://www.data.go.kr/data/15085055/fileData.do,,2022-00084,existing_db_title_containment,0.990,1,L2025-00090-1;L2025-00090-2,,,인도네시아사무소,인도네시아,0,"인도네시아 재난대응 공공의료 훈련 역량강화사업('22·'28/1,200만불)",보건의료,용역,"연면적 2,400.m2 규모 지상2층 교육훈련센터 설계",200100000,발주계획 입찰한도액; 계획 변경 가능,일반경쟁,협상에 의한 계약(기술평가),2025-10,1,시설어+설계감리어,센터;설계,,,,,0
15085055:20,20,15085055,https://www.data.go.kr/data/15085055/fileData.do,,2021-00161,official_report_title_containment,0.990,0,,,,알제리사무소,알제리,0,알제리 전자무역을 위한 싱글윈도우 구축 사업('21·'25/750만불),행정제도,물품,관세청에 복합기 102대 공급,67500000,발주계획 입찰한도액; 계획 변경 가능,일반경쟁,최저가,2025-09,0,,,,,,,0
15085055:21,21,15085055,https://www.data.go.kr/data/15085055/fileData.do,,,,0.382,0,,,,에티오피아사무소,에티오피아,0,"에티오피아 낙농가치사슬 및 이해관계자 역량강화를 통한 유제품 품질 개선사업(23·28/1,000만불) 사료배합기 제조 및 설치",농촌개발,물품,"ㅇ 계약 체결을 위한 낙찰자 서류검토 및 계약 준비ㅇ 기자재 납품계획 수립 및 KOICA 지정 물류업체에 전달ㅇ 납품 기자재 최종 세부사양, 검수신청내역 등ㅇ 기타 기자재 지원 관련 행정업무ㅇ 전략물자 확인 및 신고(허가) 관련 서류, 통관 서류 일체ㅇ 전문가 파견에 따른 기자재 설치 / 검수/ 교육  : 기자재 설치 및 현지 사용자 교육 실시  : 현지 설치 대상지에서 작동여부 검수  ㅇ 사후관리방안 수립 및 현지 유지보수방안 제시 등 : 기자재 공급업체 / 현지유지관리자 / KOICA 에티오피아 사무소 간 공식 연락망 구축",189576164,발주계획 입찰한도액; 계획 변경 가능,제한경쟁,적격심사,2025-10,0,,,,,,,0
15085055:22,22,15085055,https://www.data.go.kr/data/15085055/fileData.do,,,,0.226,0,,,,연수사업1팀,다국가,0,KOICA 사회적경제 석사학위연수(2026·2030) 용역,기타,용역,"학위연수(석사 75명(25명x3차수)) 모집선발 및 사업운영, 연수생 관리 등· 석사: 계약 5년간 17개월 석사과정 총 3차수 운영",4380325677,발주계획 입찰한도액; 계획 변경 가능,일반경쟁,협상에 의한 계약(기술가격종합평가),2025-10,0,,,,,,,0
15085055:23,23,15085055,https://www.data.go.kr/data/15085055/fileData.do,,,,0.222,0,,,,연수사업1팀,다국가,0,KOICA 디지털 헬스 석사학위연수(2026·2030) 용역,보건의료,용역,"학위연수(석사 75명(25명x3차수)) 모집선발 및 사업운영, 연수생 관리 등· 석사: 계약 5년간 17개월 석사과정 총 3차수 운영",4380325677,발주계획 입찰한도액; 계획 변경 가능,일반경쟁,협상에 의한 계약(기술가격종합평가),2025-10,0,,,,,,,0
15085055:24,24,15085055,https://www.data.go.kr/data/15085055/fileData.do,,,,0.230,0,,,,연수사업1팀,다국가,0,KOICA 글로벌 수산발전 석사 및 박사학위연수(2026·2030) 용역,농촌개발,용역,"학위연수(석사 75명(25명x3차수), 박사 3명) 모집선발 및 사업운영, 연수생 관리 등· 석사: 계약 5년간 17개월 석사과정 총 3차수 운영· 박사: 계약 5년간 36개월 박사과정 총 1차수 운영",4753728333,발주계획 입찰한도액; 계획 변경 가능,일반경쟁,협상에 의한 계약(기술가격종합평가),2025-10,0,,,,,,,0
15085055:25,25,15085055,https://www.data.go.kr/data/15085055/fileData.do,,,,0.317,0,,,,연수사업1팀,다국가,0,KOICA 고부가가치 농업 역량강화 석사 및 박사학위연수(2026·2030) 용역,농촌개발,용역,"학위연수(석사 75명(25명x3차수), 박사 3명) 모집선발 및 사업운영, 연수생 관리 등· 석사: 계약 5년간 17개월 석사과정 총 3차수 운영· 박사: 계약 5년간 36개월 박사과정 총 1차수 운영",4753728333,발주계획 입찰한도액; 계획 변경 가능,일반경쟁,협상에 의한 계약(기술가격종합평가),2025-10,0,,,,,,,0
15085055:26,26,15085055,https://www.data.go.kr/data/15085055/fileData.do,,,,0.237,0,,,,연수사업1팀,다국가,0,KOICA 감염병대응 석사 및 박사학위연수(2026·2030) 용역,보건의료,용역,"학위연수(석사 75명(25명x3차수), 박사 3명) 모집선발 및 사업운영, 연수생 관리 등· 석사: 계약 5년간 17개월 석사과정 총 3차수 운영· 박사: 계약 5년간 36개월 박사과정 총 1차수 운영",4753728333,발주계획 입찰한도액; 계획 변경 가능,일반경쟁,협상에 의한 계약(기술가격종합평가),2025-10,0,,,,,,,0
15085055:27,27,15085055,https://www.data.go.kr/data/15085055/fileData.do,,,,0.203,0,,,,연수사업1팀,다국가,0,KOICA AI 디지털혁신 석사 및 박사학위연수(2026·2030) 용역,정보통신,용역,"학위연수(석사 75명(25명x3차수), 박사 3명) 모집선발 및 사업운영, 연수생 관리 등· 석사: 계약 5년간 17개월 석사과정 총 3차수 운영· 박사: 계약 5년간 36개월 박사과정 총 1차수 운영",4753728333,발주계획 입찰한도액; 계획 변경 가능,일반경쟁,협상에 의한 계약(기술가격종합평가),2025-10,0,,,,,,,0
15085055:28,28,15085055,https://www.data.go.kr/data/15085055/fileData.do,,,,0.368,0,,,,라오스사무소,라오스,0,라오스 버리캄싸이주 상수도 확충 및 개선사업(2025·2029/600만불) PMC 용역,기타,용역,"ㅇ 사업수행 관리 총괄ㅇ 평가 및 조사, 설계, 시공업체 선정 입찰 지원ㅇ 평가 및 조사, 설계, 시공업무 관리 및 감리ㅇ 역량강화   · ­ 사업관계자 초청연수 및 상수도 운영 현지 실무교육   ·­  마을 물과 위생(WASH) 아웃리치 교육 및 정기 보건회의, 교육홍보 자료 제작 및 배포   · ­ 상수도 및 지하수 사용 안전성 평가 ㅇ 사업 모니터링 및 산출물 품질관리 ㅇ 사업 성과 관리",2259442260,발주계획 입찰한도액; 계획 변경 가능,일반경쟁,협상에 의한 계약(기술가격종합평가),2025-10,0,,시공;감리;설계,,,,,0
15085055:29,29,15085055,https://www.data.go.kr/data/15085055/fileData.do,,,,0.324,0,,,,우간다사무소,우간다,1,우간다 국별협력사업 2건 사업수행용 차량 공급,농촌개발,물품,· 픽업트럭 2대· 밴 1대,167756940,발주계획 입찰한도액; 계획 변경 가능,일반경쟁,적격심사,2025-09,0,,,,,,,0
15085055:30,30,15085055,https://www.data.go.kr/data/15085055/fileData.do,,,,0.250,0,,,,아프리카2팀,리비아,0,2025년 소규모 무상원조(리비아) 직업훈련소 교육,교육,물품,기자재 조달 및 납품,186300000,발주계획 입찰한도액; 계획 변경 가능,일반경쟁,적격심사,2025-12,0,,,,,,,0
15085055:31,31,15085055,https://www.data.go.kr/data/15085055/fileData.do,,2022-00064,existing_db_title_containment,0.990,1,L2024-00072-1;L2025-00084-1,,,우간다사무소,우간다,1,"우간다 마케레레대학교 ICT 교육환경 조성사업('23·'28/1,220만불)",교육,공사,"· 토공사, 건축공사, 구조공사, 전기공사, 기계공사, 부대토목공사 등",6113400000,발주계획 입찰한도액; 계획 변경 가능,일반경쟁,적격심사,2025-09,1,입찰구분=공사+시설어;강한건축어;시설어+공사어,건축공사;공사;구조공사;기계공사;전기공사;토목공사;대학;학교,,,,,0
15085055:32,32,15085055,https://www.data.go.kr/data/15085055/fileData.do,,2024-00115,official_report_title_containment,0.990,0,,,,키르기스스탄사무소,키르기스스탄,0,"키르기스스탄 그린모빌리티 실현을 위한 공공기관 전기차 전환사업 (24·27/1,100만불) 2025년 전기차 공급",환경및기타,물품,전기 스포츠 유틸리티 차량 1종 10대 납품 및 관련 소모품 지원,874575000,발주계획 입찰한도액; 계획 변경 가능,일반경쟁,적격심사,2025-09,0,,,,,,,0
15085055:33,33,15085055,https://www.data.go.kr/data/15085055/fileData.do,,2023-00084,official_report_title_containment,0.990,0,,,,카메룬사무소,카메룬,0,"카메룬 응급의료체계 구축 사업('23·'28/1,400만불)",보건의료,물품,"ㅇ 의료기자재 9종 30점 구매 · fixed/portable X·ray, autoclave, washer·disinfector, defibrillator, etc",1081767400,발주계획 입찰한도액; 계획 변경 가능,일반경쟁,적격심사,2025-09,0,,,,,,,0
15085055:34,34,15085055,https://www.data.go.kr/data/15085055/fileData.do,,2021-00161,official_report_title_containment,0.990,0,,,,알제리사무소,알제리,0,알제리 전자무역을 위한 싱글윈도우 구축 사업('21·'25/750만불),행정제도,물품,관세청에 조립 데스크탑 및 모니터 204대 공급,134407115,발주계획 입찰한도액; 계획 변경 가능,수의계약,,2025-09,0,,,,,,,0
15085055:35,35,15085055,https://www.data.go.kr/data/15085055/fileData.do,,,,0.724,0,,,,우간다사무소,우간다,1,우간다 산업수요기반 직업기술훈련 역량강화사업 4차 단기교육과정 실습재료 구매,교육,물품,"우간다 산업수요기반 직업기술훈련 역량강화사업 4차 단기교육과정 실습재료 1. 전기, 자동차2. 용접, 배관3. 패션",498150000,발주계획 입찰한도액; 계획 변경 가능,일반경쟁,적격심사,2025-09,0,,,,,,,0
15085055:36,36,15085055,https://www.data.go.kr/data/15085055/fileData.do,,,,0.267,0,,,,콩고민주공화국사무소,콩고민주공화국,0,"DR콩고 쾅고 주 지속가능개발을 위한 에너지 접근성 강화사업(USAID,UNDP)('25·'28/1,000만불)",산업에너지,용역,"ㅇ 태양광시스템 운영관리     · 태양광시스템 운영관리 체계 구축     · 태양광시스템 운영 기관 선발 지원(현지입찰 지원)     · 태양광시스템 운영관리 수행ㅇ 신재생에너지 제도 개선     · DR콩고 신재생에너지 제도 현황조사     · 탄소중립 전력공급 탈중앙화 제도 개선 초청연수     · 제도 개선 이행점검 워크숍(연차별) ㅇ 신재생에너지 민관지원 프로그램      · 신재생에너지 민관지원 프로그램 개발     · 정부기관 신재생에너지 전문가 양성     · 신재생에너지 민관지원 프로그램 운영ㅇ 태양광시스템 기술 자문     · 태양광시스템 기술 부문 자문 및 검토 ㅇ 사업관리(성과, 모니터링, 홍보)     · PSC/PIU 참석 및 주요 안건 제기, 정기회의 운영지원     · 사업 전반 산출물 품질 점검, 사업인력/예산/위기/품질관리     · 기초선/중간선/종료선 조사, 사업 성과지표 관리     · 사업수행기구(UNDP) 과업 점검 및 기술 자문",3513060386,발주계획 입찰한도액; 계획 변경 가능,일반경쟁,협상에 의한 계약(기술가격종합평가),2025-11,0,,,,,,,0
15085055:37,37,15085055,https://www.data.go.kr/data/15085055/fileData.do,,,,0.215,0,,,,시민사회협력사업팀,르완다;베트남;우간다,1,"2025년 시민사회협력프로그램 종료평가 대상사업 (농림수산, 다분야, 교육) 종료평가 용역",교육,용역,2025년 시민사회협력프로그램 종료평가,239010739,발주계획 입찰한도액; 계획 변경 가능,일반경쟁,협상에 의한 계약(기술가격종합평가),2025-10,0,,,,,,,0
15085055:38,38,15085055,https://www.data.go.kr/data/15085055/fileData.do,,,,0.214,0,,,,시민사회협력사업팀,말라위;세네갈;캄보디아;우간다,1,2025년 시민사회협력프로그램 종료평가 대상사업 (보건) 종료평가 용역,보건의료,용역,2025년 시민사회협력프로그램 종료평가 대상사업 종료평가 용역,298300000,발주계획 입찰한도액; 계획 변경 가능,일반경쟁,협상에 의한 계약(기술가격종합평가),2025-10,0,,,,,,,0
15085055:39,39,15085055,https://www.data.go.kr/data/15085055/fileData.do,,,,0.215,0,,,,조달1팀,무상협력대상 44개국,0,2025·2026 KOICA 전담물류용역 업체 선정,기타,용역,코이카 ODA 프로젝트 사업 추진을 위한 물자 포장․보관 .(국내)통관 ․ 운송 일체 및 긴급구호물품 보관 저장 창고 제공,20000000000,발주계획 입찰한도액; 계획 변경 가능,일반경쟁,협상에 의한 계약(기술가격종합평가),2025-10,0,,,,,,,0
15085055:40,40,15085055,https://www.data.go.kr/data/15085055/fileData.do,,2021-00156,existing_db_title_containment,0.990,1,L2024-00052-1;L2025-00079-1,,,인도네시아사무소,인도네시아,0,"인도네시아 보고르대학교 농업생명과학연구센터 역량강화 사업(21·28/1,100만불)",교육,공사,"· 용도 : 연구시설· 연면적 : 2,281.2m2· 규모 : 지상3층 본건물 1개동, 지상1층 부속동 2개동 · 공사내용 :   1) 구조물, 건축,인테리어, 전기, 설비, 소방, 통신, 조경공사  2) 상수도, 하수도, 전기, 전화, 인터넷 연결공사 등 부대공사  3) 정화조 등 기타 설계 도서에 포함된 공사 일체  4) 공사 중 Shop Drawing 및 준공 후 As·Built Drawing",3135564900,발주계획 입찰한도액; 계획 변경 가능,일반경쟁,적격심사,2025-09,1,입찰구분=공사+시설어;시설어+공사어;시설어+설계감리어,공사;건물;대학;센터;시설;연구센터;학교;설계,2281.2,2281.2,explicit_gross_floor_area,1374524,1
15085055:41,41,15085055,https://www.data.go.kr/data/15085055/fileData.do,,,,0.513,0,,,,인도네시아사무소,인도네시아,0,인도네시아 보건인력 관리 체계 개선사업(24·28/300만불),보건의료,용역,ㅇ 보건의료인력 관리 정책 입안자 및 실무자 역량강화ㅇ 보건의료인력 관리 종합계획 및 중장기 수급추계 보고서 수립ㅇ 보건의료인 임상실기시험 운영 인프라 개선,2369671886,발주계획 입찰한도액; 계획 변경 가능,일반경쟁,협상에 의한 계약(기술가격종합평가),2025-09,0,,,,,,,0
15085055:42,42,15085055,https://www.data.go.kr/data/15085055/fileData.do,,,,0.407,0,,,,타지키스탄사무소,타지키스탄,0,"타지키스탄 농업용수 관개 관리 현대화 지원 사업(25·29/1,050만불) 수로 준설 기자재 현지 입찰",농촌개발,물품,"ㅇ 궤도형 포크레인 1대, 차륜형 포크레인 1대, 프론트 로더 1대, 덤프트럭 1대, 트랙터 트럭·트레일러 1대",690000000,발주계획 입찰한도액; 계획 변경 가능,일반경쟁,적격심사,2025-08,0,,,,,,,0
15085055:43,43,15085055,https://www.data.go.kr/data/15085055/fileData.do,,,,0.192,0,,,,긴급대응팀,미정,0,2025년 현물지원 비축물자(워터백) 공급,재난구호,물품,현물지원 비축물자(워터백) 공급,100000000,발주계획 입찰한도액; 계획 변경 가능,제한경쟁,적격심사,2025-09,0,,,,,,,0
15085055:44,44,15085055,https://www.data.go.kr/data/15085055/fileData.do,,,,0.158,0,,,,긴급대응팀,미정,0,2025년 현물지원 비축물자(중보온담요) 제조,재난구호,물품,현물지원 비축물자(중보온담요) 공급,170000000,발주계획 입찰한도액; 계획 변경 가능,제한경쟁,적격심사,2025-09,0,,,,,,,0
15085055:45,45,15085055,https://www.data.go.kr/data/15085055/fileData.do,,,,0.159,0,,,,긴급대응팀,미정,0,2025년 현물지원 비축물자(비상보온담요) 공급,재난구호,물품,현물지원 비축물자(비상보온담요) 공급 및 사후관리,30000000,발주계획 입찰한도액; 계획 변경 가능,승낙사항,최저가,2025-09,0,,,,,,,0
15085055:46,46,15085055,https://www.data.go.kr/data/15085055/fileData.do,,,,0.133,0,,,,긴급대응팀,대한민국,0,2025년 KDRT 구조팀 구조장비 구매,재난구호,물품,KDRT 구조팀 구조장비 구매,121000000,발주계획 입찰한도액; 계획 변경 가능,수의계약,,2025-09,0,,,,,,,0
15085055:47,47,15085055,https://www.data.go.kr/data/15085055/fileData.do,,,,0.271,0,,,,인도지원실,해당없음,0,2025년 현물지원용 비축물품(패밀리 텐트) 공급업체 선정,재난구호,물품,"패밀리 텐트 500동의 구매(제조) 및 포장, 지정 장소까지의 운송 및 공여마크 인쇄 등",326948500,발주계획 입찰한도액; 계획 변경 가능,일반경쟁,적격심사,2025-08,0,,,,,,,0
15085055:48,48,15085055,https://www.data.go.kr/data/15085055/fileData.do,,2023-00005,official_report_title_containment,0.990,0,,,,아프리카2팀,모로코,0,모로코 마라케시 친환경 전기버스 교통체계 구축사업 ITS 기자재(지주) 공급,환경및기타,물품,"ㅇ ITS 금속지주(VDS, CCTV, VMS 구조물) 제작 및 공급ㅇ구조물 설치 기술지원 및 운영관리 현지인력 교육 실시(전문가 현지 파견)",340659368,발주계획 입찰한도액; 계획 변경 가능,일반경쟁,적격심사,2025-08,0,,,,,,,0
15085055:49,49,15085055,https://www.data.go.kr/data/15085055/fileData.do,,,,0.333,0,,,,동남아시아1팀,미얀마,0,미얀마 KOICA 건축사업 정밀안전점검 및 정밀안전진단 용역 입찰,기타,용역,소액수의 견적입찰로 미얀마 지진 피해 사업 2개에 대한 건축물 안전점검 및 진단(보수 보강 방안 제안) 용역,97830049,발주계획 입찰한도액; 계획 변경 가능,수의계약,,2025-08,0,,,,,,,0
15085055:50,50,15085055,https://www.data.go.kr/data/15085055/fileData.do,,2025-00007,official_report_title_containment,0.990,0,,,,우간다사무소,우간다,1,"우간다 부소가지역 혈액수혈체계 강화사업(25·30/1,200만불)",보건의료,용역,우간다 부소가지역 혈액수혈체계 강화사업 PMC 용역,4063788796,발주계획 입찰한도액; 계획 변경 가능,일반경쟁,협상에 의한 계약(기술평가),2025-09,0,,,,,,,0
15085055:51,51,15085055,https://www.data.go.kr/data/15085055/fileData.do,,2022-00036,official_report_title_containment,0.990,1,L2023-00061-1;L2024-00069-1,,,에티오피아사무소,에티오피아,0,"에티오피아 가죽 및 가죽제품 경쟁력 강화 사업('22·'27/1,000만불) 가구 공급업체 선정",기타,용역,가구 21종 155개 품목,50177533,발주계획 입찰한도액; 계획 변경 가능,제한경쟁,적격심사,2025-10,0,,,,,,,0
15085055:52,52,15085055,https://www.data.go.kr/data/15085055/fileData.do,,2022-00036,official_report_title_containment,0.990,1,L2023-00061-1;L2024-00069-1,,,에티오피아사무소,에티오피아,0,"에티오피아 가죽 및 가죽제품 경쟁력 강화 사업('22·'27/1,000만불)",기타,용역,개발 및 생산 기자재 78종 162개 품목,4188580528,발주계획 입찰한도액; 계획 변경 가능,일반경쟁,협상에 의한 계약(기술가격종합평가),2025-10,0,,,,,,,0
15085055:53,53,15085055,https://www.data.go.kr/data/15085055/fileData.do,,,,0.545,0,,,,필리핀사무소,필리핀,0,필리핀 경찰청 범죄수사정보 통합관리 시스템 구축 사업 감리 용역,정보통신,용역,· 감리대상 사업의 효율성을 향상시키고 안전성을 확보하기 위하여 정보시스템 구축 및 운영 등에 관한 사항을 종합적으로 점검하여 문제점을 개선· 사업자의 과업이행여부를 점검함으로써 계약문서에 기술된 과업의 완료 여부를 확인· 단계별 감리수행결과보고 이외에 상시적 보고체계를 구성하여 감리대상 사업자와 최소 월 단위 주기로 발주기관 사업담당자를 대상으로 사업진척도 및 이슈사항 등에 대한 보고를 수행· 수원부처와의 감리결과 공유를 위해 단계별 감리수행결과에 대해서는 현지어 결과보고서를 별도 작성하여 KOICA 해외사무소를 통해 수원부처 공유,437149341,발주계획 입찰한도액; 계획 변경 가능,일반경쟁,협상에 의한 계약(기술가격종합평가),2025-09,0,,감리,,,,,0
15085055:54,54,15085055,https://www.data.go.kr/data/15085055/fileData.do,,2021-00141,existing_db_title_containment,0.990,1,L2022-00006-1,,,서남아시아팀,네팔,0,네팔 경찰청 사이버 안전국 설립을 통한 사이버 수사능력 강화사업(21·26/800만불) 기자재(가구등) 공급업체 선정,행정제도,물품,경찰청사 사무가구 등 기자재 구입 및 검수,349530128,발주계획 입찰한도액; 계획 변경 가능,일반경쟁,적격심사,2025-12,0,,청사,,,,,0
15085055:55,55,15085055,https://www.data.go.kr/data/15085055/fileData.do,,2021-00141,existing_db_title_containment,0.990,1,L2022-00006-1,,,서남아시아팀,네팔,0,네팔 경찰청 사이버 안전국 설립을 통한 사이버 수사능력 강화사업(21·26/800만불) IT 기자재 공급,행정제도,물품,IT 기자재 구매 및 검수,865472920,발주계획 입찰한도액; 계획 변경 가능,일반경쟁,적격심사,2025-10,0,,,,,,,0
15085055:56,56,15085055,https://www.data.go.kr/data/15085055/fileData.do,,2023-00055,official_report_title_containment,0.990,0,,,,방글라데시사무소,방글라데시,0,방글라데시 플랫폼 기반의 통계 서비스 역량강화사업('23·'26/965만불),정보통신,용역,방글라데시 통계 데이터웨어하우스 플랫폼 구축 관련 감리 과업을 수행 · 통계 데이터웨어하우스 플랫폼 개발 및 구축 감리 · 교육 및 기술이전 감리  · 사업관리,528900000,발주계획 입찰한도액; 계획 변경 가능,제한경쟁,협상에 의한 계약(기술가격종합평가),2025-09,0,,감리,,,,,0
15085055:57,57,15085055,https://www.data.go.kr/data/15085055/fileData.do,,2023-00055,official_report_title_containment,0.990,0,,,,방글라데시사무소,방글라데시,0,방글라데시 플랫폼 기반의 통계 서비스 역량강화사업('23·'26/965만불),정보통신,물품,"통계 데이터웨어하우스 플랫폼 구축 서버 및 네트워크 기자재 조달 및 설치사업관리(일정, 리스트 등 용역과업 관리)",3500274680,발주계획 입찰한도액; 계획 변경 가능,일반경쟁,적격심사,2025-09,0,,,,,,,0
15085055:58,58,15085055,https://www.data.go.kr/data/15085055/fileData.do,,2023-00055,official_report_title_containment,0.990,0,,,,방글라데시사무소,방글라데시,0,방글라데시 플랫폼 기반의 통계 서비스 역량강화사업('23·'26/965만불) 통계 데이터베이스 플랫폼 구축 PC 용역,정보통신,용역,통계 데이터웨어하우스 플랫폼 개발 및 구축교육 및 기술이전사업관리,4861000000,발주계획 입찰한도액; 계획 변경 가능,일반경쟁,협상에 의한 계약(기술가격종합평가),2025-09,0,,,,,,,0
15085055:59,59,15085055,https://www.data.go.kr/data/15085055/fileData.do,,2020-00080,official_report_title_containment,0.990,0,,,,파라과이사무소,파라과이,0,"파라과이 아순시온 도시교통혼잡 완화를 위한 대중교통 개선 사업('20·'26/1,034만불)",환경및기타,물품,신호제어기용 자동전압조정기 100대  납품 및 설치,103140000,발주계획 입찰한도액; 계획 변경 가능,일반경쟁,적격심사,2025-08,0,,,,,,,0
15085055:60,60,15085055,https://www.data.go.kr/data/15085055/fileData.do,,2020-00023,existing_db_title_containment,0.990,1,L2024-00024-1;L2024-00075-1,,,라오스사무소,라오스,0,라오스 남부 3개주 농촌개발사업 남부농촌개발연수센터 기자재 공급 용역,농촌개발,물품,사무용 가구 및 IT 기자재,118680000,발주계획 입찰한도액; 계획 변경 가능,일반경쟁,적격심사,2025-09,0,,센터,,,,,0
15085055:61,61,15085055,https://www.data.go.kr/data/15085055/fileData.do,,2023-00027,official_report_title_containment,0.990,1,L2025-00003-1;L2025-00003-2;L2025-00028-1;L2025-00054-1;L2025-00058-1,,,키르기스스탄사무소,키르기스스탄,0,키르기스스탄 국회 디지털화 사업(23·27/840만불) 시공업체(PC) 선정,행정제도,용역,"▲국회 지하 1층·지상 7층에 대한 네트워크 설치▲1층 데이터 센터에 대한 리모델링, 설비, 소방 분야 부속인입시설 공사▲공사 범위에 따른 시공상세도면(shop drawings) 일체 작성 등",2210000000,발주계획 입찰한도액; 계획 변경 가능,일반경쟁,적격심사,2025-08,1,강한건축어;시설어+공사어,리모델링;공사;시공;센터;시설,,,,,0
15085055:62,62,15085055,https://www.data.go.kr/data/15085055/fileData.do,,,,0.456,0,,,,중미·카리브팀,코스타리카,0,코스타리카 삼각협력을 통한 중미3국 건조회랑지역 시설원예기술 역량강화 2차 사업('25·'27/275만불),농촌개발,용역,"사업 총괄 성과관리, 코스타리카 사업수행 지원 및 관리, 연구지원 등",1163186820,발주계획 입찰한도액; 계획 변경 가능,일반경쟁,협상에 의한 계약(기술평가),2025-09,0,,시설,,,,,0
15085055:63,63,15085055,https://www.data.go.kr/data/15085055/fileData.do,,,,0.667,0,,,,아프리카2팀,모로코,0,"모로코 라바트 대중교통 중심 친환경 교통체계 구축사업('25·'28/1,300만불)",환경및기타,용역,"ㅇ친환경 전기버스 및 충전설비 도입 지원 · 전기버스 및 충전설비 도입 계획 수립, 전기버스 및 충전설비 공급업체 발주지원 등ㅇ친환경 교통정책 홍보활동 · 친환경 교통정책 홍보 계획 수립, 콘텐츠 제작 및 홍보행사 실시, 미디어 기자재 공급업체 발주지원 등ㅇ 역량강화  · 관리자 및 실무자 초청연수, 전기버스 유지관리 및 디지털미디어 운영/유지관리 현지교육 등ㅇ 사업관리",1393340995,발주계획 입찰한도액; 계획 변경 가능,일반경쟁,협상에 의한 계약(기술가격종합평가),2025-08,0,,,,,,,0
15085055:64,64,15085055,https://www.data.go.kr/data/15085055/fileData.do,,2024-00138,official_report_title_containment,0.990,0,,,,우즈베키스탄사무소,우즈베키스탄,0,우즈베키스탄 지질재해와 지질자원 통합관리시스템 구축사업('24·'29/700만불),행정제도,물품,ㅇ 지질재해 및 지질자원 DB 구축을 위한 전산 기자재 현지 조달,130000000,발주계획 입찰한도액; 계획 변경 가능,일반경쟁,적격심사,2025-08,0,,,,,,,0
15085055:65,65,15085055,https://www.data.go.kr/data/15085055/fileData.do,,2025-00106,official_report_title_containment,0.990,0,,,,아프리카1팀,케냐,0,케냐 여성 고용 증진 및 친환경 산업 활성화를 위한 직업기술교육 훈련사업(2025·2027년/850만불)  사업관리(PC)용역,교육,용역,"① GIZ측 진행 주요 사업 구성요소 진행상황 벤치마킹 및 백서 작성  ② ME 프로세스 참여 및 자문  ③ GIZ 사업 수행 종료 후 사업 성과 확인 : 사업대상지 20개 훈련기관 5개 커리큘럼 이수 훈련생 취업률 추적조사, 우수사례(Best Practice) 발굴 및 제시  ④ 케냐 TVET 분야 주요 이해관계자와 작동 체계(Working Mechanism) 분석 및 제시  ⑤ 추후 TVET 사업 실행을 위한 합의점 도출    ⑥ KOICA가 지원하는 사업으로써의 유형성(Tangibility) 강화를 위한 홍보활동",1614600000,발주계획 입찰한도액; 계획 변경 가능,일반경쟁,협상에 의한 계약(기술가격종합평가),2025-09,0,,,,,,,0
15085055:66,66,15085055,https://www.data.go.kr/data/15085055/fileData.do,,,,0.553,0,,,,우즈베키스탄사무소,우즈베키스탄,0,"우즈베키스탄 유아교사 역량강화 및 유아교육진흥센터 건립사업('21·'26/1,199만불)",교육,공사,ㅇ 체험관 내 체험 시설 및 공용 공간 설계ㅇ 체험 시설물 제작 및 설치,2434370300,발주계획 입찰한도액; 계획 변경 가능,일반경쟁,협상에 의한 계약(기술가격종합평가),2025-08,1,입찰구분=공사+시설어;강한건축어;시설어+설계감리어,건립;센터;시설;설계,,,,,0
15085055:67,67,15085055,https://www.data.go.kr/data/15085055/fileData.do,,,,0.426,0,,,,동남아시아2팀,필리핀,0,필리핀 카라바오 낙농 개량 체계(NDHI) 구축을 통한 농가역량 강화사업 실험실 기자재 공급 및 설치,농촌개발,물품,"실험실 기자재 공급 및 설치, 현지 교육 및 사후유지관리, 사업관리 등   ㅇ 실험실 기자재(35종 20,847점)* 공급 및 설치",1522266159,발주계획 입찰한도액; 계획 변경 가능,일반경쟁,적격심사,2025-08,0,,실험실,,,,,0
15085055:68,68,15085055,https://www.data.go.kr/data/15085055/fileData.do,,,,0.333,0,,,,이집트사무소,이집트,0,"이집트 무역 촉진을 위한 수출입청 위험기반검사 및 추적 시스템 구축 사업('25·'29/1,100만불)",행정제도,용역,"ㅇ 이집트 수출입청 정보화이행계획 수립 (머신러닝모델 최적화 지침 포함) ㅇ 시스템 및 기자재 구축업체(PC) 선정 지원 ㅇ 역량강화를 위한 초청연수 및 현지 워크숍 ㅇ 사업관리, 성과관리 및 홍보",2852340579,발주계획 입찰한도액; 계획 변경 가능,일반경쟁,협상에 의한 계약(기술평가),2025-10,0,,,,,,,0
15085055:69,69,15085055,https://www.data.go.kr/data/15085055/fileData.do,,,,0.327,0,,,,긴급대응팀,미얀마,0,2025년 對미얀마 인도적 현물지원 기자재(쉘터 수리 키트) 공급,재난구호,물품,2025년 對미얀마 인도적 현물지원 기자재(쉘터 수리 키트) 공급,113000000,발주계획 입찰한도액; 계획 변경 가능,일반경쟁,적격심사,2025-07,0,,,,,,,0
15085055:70,70,15085055,https://www.data.go.kr/data/15085055/fileData.do,,2024-00105,official_report_title_containment,0.990,1,L2025-00097-1,,,키르기스스탄사무소,키르기스스탄,0,키르기스스탄 디지털 전환을 위한 국가 정보화 역량 강화 사업('24·'27/700만불),정보통신,용역,"1) ICT 교육센터 신축과업을 위한 부지 조사 및 설계과업2) 인테리어 설계 및 내부 집기/가구 사양 확정3) 측량 및 조사성과물, 설계도면, 시방서, 수량내역서, 구조계산서, 기계용량계산서, 전기용량계산서, 보고서 등 현지 인허가기관 및 발주처가 승인한 최종 공사용 실시설계 납품도서와 공사에 필요한 제반도서 및 시공사 선정을 위한 입찰관련 서류 제출4) 시공사 선정 입찰기간에 발주처 요청시 업무 지원5) 저작권감리업무6) 건축인허가 취득 7) 관련 행정업무 협조",155068550,발주계획 입찰한도액; 계획 변경 가능,일반경쟁,협상에 의한 계약(기술평가),2025-09,1,강한건축어;시설어+공사어;시설어+설계감리어,신축;공사;시공;센터;시설;감리;설계;실시설계,,,,,0
15085055:71,71,15085055,https://www.data.go.kr/data/15085055/fileData.do,,2024-02690,official_report_title_containment,0.990,0,,,,케냐사무소,케냐,0,"케냐 분고마 주 보편적 식수접근성 향상을 위한 상수도 구축 및 통합적 운영관리 역량강화사업(25·32/1,300만불) PMC 용역",환경및기타,용역,"ㅇ 사업수행총괄 · 사업수행계획 수립 · 사업 단계별 진행사항 점검(일정 관리) · 분쟁‧소송 해결 지원 및 관리 · 사업 착수보고, 종료보고, 최종보고 · 사업 홍보ㅇ현지 설계 및 시공사 선정 입찰지원 · 입찰계획 수립 · 입찰문서 및 계약서 작성 · 입찰서류 접수, 검토 및 평가 지원 · 입찰결과 보고 · 협상 및 계약지원ㅇ 분고마주 6개 sub·county 용수공급을 위한 상수도 공급시설 설계 감리 · 설계 수행계획 검토 · 현지조사, 관련 자료입수 지원 · 설계기준 등 주요 결정사항 검토 및 협의 · 기성 및 준공검사 · 착수/중간/준공보고ㅇ 분고마주 6개 sub·county 용수공급을 위한 상수도 공급시설 시공 감리 · 공사 수행계획 검토 · 현장 품질/공정/안전/환경관리 · 기성 및 준공검사 · 민원, 인허가 및 용지보상 등 수원기관 업무지원 · 착수보고, 월간공정보고, 준공보고ㅇ 기자재 지원 (수질시험장비) ㅇ 운영관리 · 시설운전 현황 및 기록 점검 · 운영관리 기술 지원 · 운영관리 매뉴얼 검토 및 보완ㅇ 상수도 운영인력 역량강화 (초청연수, 현지연수, 실무교육) · 교육훈련계획 수립 및 연수생 선발 · 초청연수/현지연수/운영자 실무교육 시행 · 교육훈련 모니터링 및 평가 · 교육훈련 시행결과 보고ㅇ 사업 성과관리 (모니터링, 평가 및 홍보) · 사업 착수/기초선조사(Base·line) · 사업 중간점검(Mid·line) · 사업 연차점검(Year·line) · 사업 종료선 조사(End·line)",4611189450,발주계획 입찰한도액; 계획 변경 가능,일반경쟁,협상에 의한 계약(기술가격종합평가),2025-08,1,시설어+공사어;시설어+설계감리어,공사;시공;시설;감리;설계,,,,,0
15085055:72,72,15085055,https://www.data.go.kr/data/15085055/fileData.do,,,,0.383,0,,,,인도네시아사무소,인도네시아,0,인도네시아 전기자동차 충전기 법정계량 제도 및 시험소 구축사업(25·28/800만불),기타,용역,ㅇ 전기차 충전기 형식승인 및 검정을 위한 기자재 구축 지원ㅇ 전기차 충전기 형식승인 및 검정 전문인력 양성ㅇ 전기차 충전기 관련 제도 선진화 실행계획 수립,4071079807,발주계획 입찰한도액; 계획 변경 가능,일반경쟁,협상에 의한 계약(기술가격종합평가),2025-09,0,,,,,,,0
15085055:73,73,15085055,https://www.data.go.kr/data/15085055/fileData.do,,,,0.458,0,,,,에티오피아사무소,에티오피아,0,"에티오피아 낙농가치사슬 및 이해관계자 역량강화를 통한 유제품 품질 개선사업('23·'28/1,000만불)",농촌개발,용역,수원기관(LDI) 리모델링을 위한 인테리어·구조·설비 등 종합 설계 및 시공용역 입찰 지원 업무,7452483,발주계획 입찰한도액; 계획 변경 가능,수의계약,,2025-08,1,강한건축어,리모델링;시공;설계,,,,,0
15085055:74,74,15085055,https://www.data.go.kr/data/15085055/fileData.do,,,,0.655,0,,,,서남아시아팀,스리랑카,0,스리랑카 콜롬보시 세무행정 정보화마스터플랜 수립 및 세무정보시스템 구축사업 PMC 용역,행정제도,용역,"세무행정 정보화 마스터플랜, 역량강화. 사업관리 및 성과관리",1904450868,발주계획 입찰한도액; 계획 변경 가능,일반경쟁,협상에 의한 계약(기술평가),2025-07,0,,,,,,,0
15085055:75,75,15085055,https://www.data.go.kr/data/15085055/fileData.do,,,,0.364,0,,,,동남아시아1팀,라오스,0,라오스 식량안보 강화를 위한 디지털 농지정보 구축사업(23·28/370만불) PMC 용역 선정 입찰,농촌개발,용역,"△디지털 농지정보 구축 및 활용 종합기본계획 수립, △디지털 농지정보 관리체계 개선, △농지이용 및 토양 정보 조사, △역량강화, △사업관리 등",3860000000,발주계획 입찰한도액; 계획 변경 가능,일반경쟁,협상에 의한 계약(기술평가),2025-08,0,,,,,,,0
15085055:76,76,15085055,https://www.data.go.kr/data/15085055/fileData.do,,2023-00098,official_report_title_containment,0.990,0,,,,몽골사무소,몽골,0,"몽골 자동차 검사역량 제고 및 시설 개선을 통한 교통안전 강화 사업('23·'27/1,300만불)",기타,공사,몽골 자동차 검사역량 제고 및 시설 개선을 통한 교통안전 강화 사업 검사소 시설개선 시공 용역,590000000,발주계획 입찰한도액; 계획 변경 가능,일반경쟁,협상에 의한 계약(기술가격종합평가),2025-08,1,입찰구분=공사+시설어;시설어+공사어,시공;시설,,,,,0
15085055:77,77,15085055,https://www.data.go.kr/data/15085055/fileData.do,,2024-00115,official_report_title_containment,0.990,0,,,,키르기스스탄사무소,키르기스스탄,0,"키르기스스탄 그린모빌리티 실현을 위한 공공기관 전기차 전환사업 (24·27/1,100만불) 2025년 전기차 공급",환경및기타,물품,전기 스포츠 유틸리티 차량 1종 10대 납품 및 관련 소모품 지원,874575000,발주계획 입찰한도액; 계획 변경 가능,일반경쟁,적격심사,2025-08,0,,,,,,,0
15085055:78,78,15085055,https://www.data.go.kr/data/15085055/fileData.do,,,,0.812,0,,,,세네갈사무소,세네갈,0,"세네갈 남부지역 농업기술 역량강화사업('25·'29/1,000만불)",농촌개발,용역,세네갈 콜다주 농업직업교육센터(CFPA) 신축,552000000,발주계획 입찰한도액; 계획 변경 가능,일반경쟁,협상에 의한 계약(기술가격종합평가),2025-08,1,강한건축어,신축;센터,,,,,0
15085055:79,79,15085055,https://www.data.go.kr/data/15085055/fileData.do,,2023-00061,official_report_title_containment,0.990,1,L2025-00077-1,,,세네갈사무소,세네갈,0,"세네갈 콜다 주 통합적 접근을 통한 미곡가치사슬 강화사업('23·'28/1,450만불)",농촌개발,용역,세네갈 콜다주 관개 개보수 및 농업/보건 시설 설계감리 통합발주,238825560,발주계획 입찰한도액; 계획 변경 가능,일반경쟁,협상에 의한 계약(기술가격종합평가),2025-08,1,시설어+설계감리어,시설;감리;설계,,,,,0
15085055:80,80,15085055,https://www.data.go.kr/data/15085055/fileData.do,,2024-00089,official_report_title_containment,0.990,0,,,,아프리카2팀,DR콩고,0,DR콩고 북카탕가주 감염병 감시 역량 강화사업('24·'27/600만불),보건의료,용역,"ㅇ 주립실험실 정도관리 SOP 개발 ㅇ 역량강화 (초청연수, 현지연수 등)ㅇ 주립실험실 기자재 선정 지원ㅇ 일반후송병원 실험실 신, 증축 위한 건축 계획 수립 및 PC 모니터링ㅇ사업관리(성과, 모니터링, 산출물 품질관리)ㅇ예비비 등",4469103960,발주계획 입찰한도액; 계획 변경 가능,일반경쟁,협상에 의한 계약(기술가격종합평가),2025-12,1,강한건축어,증축;병원;실험실,,,,,0
15085055:81,81,15085055,https://www.data.go.kr/data/15085055/fileData.do,,,,0.409,0,,,,아프리카2팀,DR콩고,0,"DR콩고 쾅고 주 지속가능개발을 위한 에너지 접근성 강화사업(UNDP)(25·29/1,000만불)",환경및기타,용역,"ㅇ 태양광시스템 운영관리 및 기술자문ㅇ 신재생에너지 관련 역량강화 (제도 개선, 민관지원 프로그램, 초청연수)ㅇ사업관리(성과, 모니터링, 홍보)ㅇ예비비 등",3486589286,발주계획 입찰한도액; 계획 변경 가능,일반경쟁,협상에 의한 계약(기술가격종합평가),2025-11,0,,,,,,,0
15085055:82,82,15085055,https://www.data.go.kr/data/15085055/fileData.do,,2020-00113,existing_db_title_containment,0.990,1,L2021-00006-1;L2022-00043-1,,,방글라데시사무소,방글라데시,0,방글라데시 사이버안전을 위한 디지털 수사 역량 확산 사업 기자재 공급 계약,행정제도,물품,MacOS Imaging Forensic Software 등 19개 항목,872037180,발주계획 입찰한도액; 계획 변경 가능,일반경쟁,협상에 의한 계약(기술가격종합평가),2025-07,0,,,,,,,0
15085055:83,83,15085055,https://www.data.go.kr/data/15085055/fileData.do,,,,0.792,0,,,,과테말라사무소,과테말라,0,과테말라 경찰 치안역량 강화를 위한 경찰고등교육원 개선 사업('24·'29/800만불),행정제도,용역,"PMC 용역 입찰(전문가파견, 역량강화, 예비비)",2786925281,발주계획 입찰한도액; 계획 변경 가능,일반경쟁,협상에 의한 계약(기술가격종합평가),2025-09,0,,교육원,,,,,0
15085055:84,84,15085055,https://www.data.go.kr/data/15085055/fileData.do,,,,0.333,0,,,,긴급대응팀,미얀마,0,2025년 對미얀마 인도적 현물지원 기자재(방수포) 공급 계약,재난구호,물품,2025년 對미얀마 인도적 현물지원 기자재(방수포) 공급 계약,140000000,발주계획 입찰한도액; 계획 변경 가능,일반경쟁,적격심사,2025-07,0,,,,,,,0
15085055:85,85,15085055,https://www.data.go.kr/data/15085055/fileData.do,,,,0.310,0,,,,긴급대응팀,미얀마,0,2025년 對미얀마 인도적 현물지원 기자재(모기장 및 워터백) 공급 계약,재난구호,물품,2025년 對미얀마 인도적 현물지원 기자재(모기장 및 워터백) 공급 계약,415000000,발주계획 입찰한도액; 계획 변경 가능,일반경쟁,적격심사,2025-07,0,,,,,,,0
15085055:86,86,15085055,https://www.data.go.kr/data/15085055/fileData.do,,,,0.348,0,,,,긴급대응팀,미얀마,0,2025년 對미얀마 인도적 현물지원 기자재(정수 시스템) 공급 계약,재난구호,물품,2025년 對미얀마 인도적 현물지원 기자재(정수 시스템) 공급 계약,110000000,발주계획 입찰한도액; 계획 변경 가능,일반경쟁,적격심사,2025-07,0,,,,,,,0
15085055:87,87,15085055,https://www.data.go.kr/data/15085055/fileData.do,,,,0.316,0,,,,긴급대응팀,미얀마,0,2025년 對미얀마 인도적 현물지원 기자재(식수용 물탱크) 공급 계약,재난구호,물품,2025년 對미얀마 인도적 현물지원 기자재(식수용 물탱크) 공급 계약,210000000,발주계획 입찰한도액; 계획 변경 가능,일반경쟁,적격심사,2025-07,0,,,,,,,0
15085055:88,88,15085055,https://www.data.go.kr/data/15085055/fileData.do,,,,0.257,0,,,,긴급대응팀,미얀마,0,2025년 對미얀마 인도적 현물지원 기자재(태양광 LED 랜턴 및 태양광 LED 조명 키트) 공급 계약,재난구호,물품,2025년 對미얀마 인도적 현물지원 기자재(태양광 LED 랜턴 및 태양광 LED 조명 키트) 공급 계약,580000000,발주계획 입찰한도액; 계획 변경 가능,일반경쟁,적격심사,2025-07,0,,,,,,,0
15085055:89,89,15085055,https://www.data.go.kr/data/15085055/fileData.do,,,,0.426,0,,,,아프리카2팀,코트디부아르,0,"코트디부아르 북부지역 학교 급식을 통한 아동 보건 및 영양 증진 사업(WFP)('25·'29/1,100만불)",보건의료,용역,"·사업 성과관리 및 평가 수행 총괄· 성과관리 및 평가를 위한 자료 수집, 조사 수행· 사업수행기관 산출물 검토 및 품질관리· 성과관리 및 평가 결과 산출 및 환류 등",1712482758,발주계획 입찰한도액; 계획 변경 가능,일반경쟁,협상에 의한 계약(기술평가),2025-08,0,,학교,,,,,0
15085055:90,90,15085055,https://www.data.go.kr/data/15085055/fileData.do,,,,0.233,0,,,,인도지원실,국내,0,인도적 지원 정보시스템 구축 용역,재난구호,용역,"○ 인도적 지원 정보시스템의 업무 시스템과 모바일 협업 시스템 개발○ 클라우드 아키텍처 설계를 반영한 HW, NW, 스토리지, 보안 등의 정보 자원 구축 및 안정화○ 상용 SW 직접구매 사업자와의 긴밀한 협업○ 응용 SW 개발과 인프라 구축 사업 협업을 통한 시스템의 성공적 구축○ 시범운영, 사용자 피드백 수렴, 관리자 및 사용자 교육, 관련 매뉴얼 제공을 통한 응용 SW, 정보자원 검증 및 시스템 안정성 확보",682697617,발주계획 입찰한도액; 계획 변경 가능,제한경쟁,협상에 의한 계약(기술평가),2025-10,0,,설계,,,,,0
15085055:91,91,15085055,https://www.data.go.kr/data/15085055/fileData.do,,2021-00042,official_report_title_containment,0.990,1,L2023-00028-1;L2024-00050-1;L2025-00062-1,,,우간다사무소,우간다,1,"우간다 농업지도자 연수원 자립적 운영체계 구축 및 연수역량 강화사업('21·'28/1,200만불)",농촌개발,공사,우간다 농업지도자 연수원 자립적 운영체계구축 및 연수역량 강화사업 시범농장 신축 공사,1573634700,발주계획 입찰한도액; 계획 변경 가능,일반경쟁,적격심사,2025-08,1,입찰구분=공사+시설어;강한건축어;시설어+공사어,신축;공사;연수원,,,,,0
15085055:92,92,15085055,https://www.data.go.kr/data/15085055/fileData.do,,2024-00029,official_report_title_containment,0.990,1,L2025-00060-1,,,코트디부아르사무소,코트디부아르,0,"코트디부아르 지역균형발전을 위한 중부지역 직업전문학교 역량강화사업('24·'29/1,100만불)",교육,용역,"계획안, 기본설계 및 실시설계, 공사 입찰 지원, 시공감리 · 코트디부아르 부아케의 Lycee Professionnel des Metiers de la Mode et du Social(LPMMS) 건물 리모델링 및 증축",721326000,발주계획 입찰한도액; 계획 변경 가능,일반경쟁,협상에 의한 계약(기술가격종합평가),2025-07,1,강한건축어;시설어+공사어;시설어+설계감리어,리모델링;증축;공사;시공;건물;시설;학교;감리;기본설계;설계;실시설계,,,,,0
15085055:93,93,15085055,https://www.data.go.kr/data/15085055/fileData.do,,,,0.452,0,,,,인도네시아사무소,인도네시아,0,인도네시아 대통령실 디지털 전환을 위한 디지털 플랫폼 마스터플랜 수립 및 역량강화 사업('25·'27/300만불),행정제도,용역,"ㅇ 국가사무처 디지털 전환 마스터플랜 수립 및 BPR/ISPㅇ 역량강화를 위한 초청연수 및 현지 연수ㅇ 사업관리, 성과관리 및 홍보",3969626004,발주계획 입찰한도액; 계획 변경 가능,일반경쟁,협상에 의한 계약(기술가격종합평가),2025-12,0,,,,,,,0
15085055:94,94,15085055,https://www.data.go.kr/data/15085055/fileData.do,,,,0.720,0,,,,케냐사무소,케냐,0,"케냐 카지아도주  모성과 신생아 전문의료센터(SMC) 구축을 통한 의료역량강화사업(2025·2030/1,400만불) PMC 용역",보건의료,용역,"ㅇ 사업관리 총괄    · 사업 성과 관리(기초선/중간/종료선조사, 연간 중간 모니터링, 중간/종료평가 지원등)    · 전체 사업 활동 수행 및 예산 집행의 결과 보고    · 사업 추진상황 모니터링, 산출물(OD) 품질 관리    · 사업공정관리 및 수원국 의사소통관리    · 사업위험관리(대내외 위험관리 및 대응)    · 사업 홍보/확산 및 기타 활동 등    ㅇ 건축 및 기자재 기술 자문    · 모성 및 신생아 전문의료센터 건축 지원    · 모성 및 신생아 전문의료센터 의료 기자재 조달 지원    ㅇ 모성과 신생아 보건의료인력 역량강화     · 보건의료인력 교육 수요조사    · 모성 및 신생아 보건의료인력 및 운영인력 대상 교육 실시     · 신생아 전문간호사, 전문조산사, 신생아과 의사 펠로우십 외부 교육 지원    · 실무자급 초청연수    · 보건의료인력 대상 세미나 및 지식공유 활동    ㅇ 모성 및 신생아 전문의료센터 운영 및 관리 역량강화    · 고위급관리자 초청연수    · 마스터플랜 수립    · 운영매뉴얼/표준업무매뉴얼(SOP) 공동 개발 및 활용 워크숍    · 병원 이사회 리더십 세미나    ㅇ 카지아도주 모자보건 거버넌스 강화     · 주정부 보건분야 액션플랜 수립 및 보완    · 국제 모성 및 신생아 보건의료 컨퍼런스 개최",4780611180,발주계획 입찰한도액; 계획 변경 가능,일반경쟁,협상에 의한 계약(기술가격종합평가),2025-07,0,,병원;센터,,,,,0
15085055:95,95,15085055,https://www.data.go.kr/data/15085055/fileData.do,,,,0.990,0,,,,세네갈사무소,세네갈,0,세네갈 중부지역 모자보건체계 강화사업 2단계(24·28/1250만불) 보건소 설계 용역,보건의료,용역,세네갈 중부지역 신축 보건소 설계(지질조사 포함),368413500,발주계획 입찰한도액; 계획 변경 가능,일반경쟁,협상에 의한 계약(기술가격종합평가),2025-08,1,강한건축어;시설어+설계감리어,신축;보건소;설계,,,,,0
15085055:96,96,15085055,https://www.data.go.kr/data/15085055/fileData.do,,,,0.426,0,,,,필리핀사무소,필리핀,0,필리핀 사이버 위기대응 역량강화를 위한  국가사이버안전센터 구축사업 PMC 용역,정보통신,용역,"ㅇ (용역범위)·  정보보호관리체계 컨설팅 수행(△정보보호 관리체계, △SOC 운영전략 수립에 대한 BPR/ISP 컨설팅)· 인적 자원 역량강화 (△초청연수, △현지 역량강화) 활동 수행· 사업 모니터링 및 성과관리",4474712615,발주계획 입찰한도액; 계획 변경 가능,일반경쟁,협상에 의한 계약(기술가격종합평가),2025-12,0,,센터,,,,,0
15085055:97,97,15085055,https://www.data.go.kr/data/15085055/fileData.do,,2021-00031,official_report_title_containment,0.990,0,,,,모잠비크사무소,모잠비크,0,모잠비크 리쿵고 강유역 홍수예경보시스템 구축사업('21·'26/750만불),산업에너지,공사,수문기자재 설치를 위한 기초공사(3개소),457470000,발주계획 입찰한도액; 계획 변경 가능,일반경쟁,적격심사,2025-09,0,,공사,,,,,0
15085055:98,98,15085055,https://www.data.go.kr/data/15085055/fileData.do,,,,0.222,0,,,,태평양도서국팀,파푸아뉴기니,0,파푸아뉴기니 이스턴하이랜드주 노리코리 평야지대 벼농사를 위한 농기계 지원사업 농기계 기자재 공급,농촌개발,물품,"트랙터 2대, 트랙터용 트레일러 2대, 트랙터용 쟁기 2대, 트랙터용 로타베이터 2대, 트랙터용 벼직파기 3대, 경운기 10대, 경운기용 로타베이터 5대, 경운기용 트레일러 5대, 콤바인 2대, 정미기 5대",448776000,발주계획 입찰한도액; 계획 변경 가능,일반경쟁,적격심사,2025-07,0,,,,,,,0
15085055:99,99,15085055,https://www.data.go.kr/data/15085055/fileData.do,,2020-00048,official_report_title_containment,0.990,1,L2024-00062-1;L2024-00062-2;L2024-00062-3;L2025-00021-1,,,아프리카2팀,세네갈,0,세네갈 미곡가치사슬 강화 2차 사업 미곡종합처리장 기계설비 물품 제조 및 설치,농촌개발,물품,"ㅇ 설비위치 : 세네갈 생루이(Saint Louis)주 포도르(Podor)군 Ndiayène Pendao 지역 Boube Agricultural Product Trading Centerㅇ 설비규모 : 건조부 1,500톤/season, 가공부 8,000톤/년ㅇ 주료설비 : 화력건조부, 현미부, 백미부, 포장부, 기타 설비ㅇ 과업내용 : 시방서 및 설계도서, 계약서 및 부속서류에서 제시한 사항",2756824074,발주계획 입찰한도액; 계획 변경 가능,일반경쟁,적격심사,2025-07,0,,설계,,,,,0
15085055:100,100,15085055,https://www.data.go.kr/data/15085055/fileData.do,,,,0.346,0,,,,르완다사무소,르완다,0,르완다 직업기술 학위보유자 양성을 통한 청년 취창업 촉진 사업 PMC 용역,교육,용역,"· 사업 수행 주체로서 직접 수행, 사업 및 성과관리 담당· 사업 수행 및 사업관리를 위한 J·PLT 구성, 운영, 관리, 지원하며 J·PLT 인력의 인건비 지급하고 KOICA 결정에 따라 통제· 사업 추진상황을 KOICA 본부 및 르완다 사무소에 정기적으로 보고· RP와의 협의를 통해 운영 프레임워크 수립, 교육과정 개정 및 개발, 취·창업 규정 및 연구‧혁신 기금 운영지침 수립 등에 자문 제공· 사업 내 한국 초청연수(운영 역량, 신기술 연수) 실시· 수원국 참여자 주도 활동에 대한 성과 모니터링 및 기술자문 상시제공· 수원기관 재정지원금 집행계획, 정산결과 및 집행 실적을 1차 점검하고 타당성에 대한 검토의견 제시",5849000000,발주계획 입찰한도액; 계획 변경 가능,일반경쟁,협상에 의한 계약(기술가격종합평가),2025-07,0,,,,,,,0
15085055:101,101,15085055,https://www.data.go.kr/data/15085055/fileData.do,,2022-00039,official_report_title_containment,0.990,0,,,,에콰도르사무소,에콰도르,0,에콰도르 생물다양성 보전과 지속가능한 이용을 위한 국가 유전자원 데이터 은행 설립사업(22·28/900만불) 기자재 입찰(바이오센터·2),환경및기타,물품,"실험실 기자재 납품 및 설치, 장비 인도 및 사용자 교육, 장비 시험 운영 및 검사, 유지보수 및 기타 장비 지원과 관련 행정 업무",43846260,발주계획 입찰한도액; 계획 변경 가능,일반경쟁,적격심사,2025-09,0,,센터;실험실,,,,,0
15085055:102,102,15085055,https://www.data.go.kr/data/15085055/fileData.do,,,,0.286,0,,,,아프리카2팀,세네갈,0,세네갈 혁신적 농촌공동체 개발 프로그램 기본설계조사(BDS) 용역,농촌개발,용역,세네갈 혁신적 농촌공동체 개발 프로그램 기본설계조사(BDS) 용역,623399355,발주계획 입찰한도액; 계획 변경 가능,일반경쟁,협상에 의한 계약(기술가격종합평가),2025-07,0,,기본설계;설계,,,,,0
15085055:103,103,15085055,https://www.data.go.kr/data/15085055/fileData.do,,,,0.298,0,,,,도미니카공화국사무소,도미니카공화국,0,도미니카공화국 몬테 크리스티 직업훈련센터 (MVC) 감리사 선정,농촌개발,용역,"ㅇ 건축, 인테리어, 구조, 기계, 전기, 통신, 소방, 토목, 조경, Signage, 부대시설 등 일괄공사에 대한 감리ㅇ 시청으로부터 건축허가사항 및 공사를 위한 관련 정부기관 승인 입수, 건물 준공승인 취득을 위한 관련 업무 협조ㅇ 시공단계 검측 ㅇ 시공사 제출서류 검토 및 보고  · 시공사 착공보고서, 자재선정 요청서, 공정현황 보고서, 설계변경 보고서  · 설계도서 오류, 누락, 하자 등에 대한 보고서  · 현장시공 상세도(Shop Drawings)   · 공사와 관련한 기성 및 각종 제반 안전관리 및 사용내역 등ㅇ 예비/준공 검사 실시 및 준공서류 검토   · As·Built Drawing 및 Operation  Maintenance Manual 등ㅇ 준공 후 하자현황 및 하자처리 현황 점검 및 보고",130934400,발주계획 입찰한도액; 계획 변경 가능,일반경쟁,협상에 의한 계약(기술가격종합평가),2025-05,1,시설어+공사어;시설어+설계감리어,공사;시공;건물;센터;시설;감리;설계,,,,,0
15085055:104,104,15085055,https://www.data.go.kr/data/15085055/fileData.do,,2023-00096,existing_db_title_containment,0.990,1,L2025-00049-1;L2025-00049-2,,,우크라이나사무소,우크라이나,0,우크라이나 키이우주 재활의료 역량강화 사업('23·'27/500만불),보건의료,용역,"1) 현황 조사 및 구조안전 진단 :    ·기존 건물(#4병동)에 대한 건축구조, 및 설비 상태 등에 대한 현황 측량 조사 (지질조사 포함)   ·리모델링 범위에 대한 구조 안전 진단 및 구조보강 계획    ·리모델링 설계를 위한 기존현황의 건축, 구조 및 설비 관련 기초 설계자료 작성 등2) 재활센터 리모델링 과업을 위한 실시설계 : 건축, 구조, 토목, 전기, 위생, 급배수, 오하수처리, 기계, 통신, 소방, 조경, 내외부 싸이니지, 건물외부공간 포장 등(설계 시 SD, DD, CD 단계별 KOICA(CM,PMC포함) 및 수원국의 승인 또는 동의 필수)",204506340,발주계획 입찰한도액; 계획 변경 가능,일반경쟁,협상에 의한 계약(기술가격종합평가),2025-06,1,강한건축어;시설어+설계감리어,리모델링;건물;센터;시설;설계;실시설계,,,,,0
15085055:105,105,15085055,https://www.data.go.kr/data/15085055/fileData.do,,2023-00087,official_report_title_containment,0.990,1,L2025-00017-1;L2025-00017-2;L2025-00045-1;L2025-00045-2,,,이라크아르빌분사무소,이라크,0,"이라크 쿠르드 지역학교 내 난민통합교육 강화사업 (23·28/1,200만불) 설계",교육,용역,"1) 부지 조사 및 설계과업2) 측량 및 조사성과물, 도면, 시방서, 수량내역서, 구조계산서, 기계용량계산서, 전기용량계산서, 보고서 등 현지 인허가기관 및 발주처가 승인한 최종납품도서와 공사에 필요한 제반도서 및 시공사 선정을 위한 입찰관련 서류 제출3) 시공사 선정 입찰기간에 발주처 요청시 업무 지원 (계약체결용 상세산출내역서의 검토 포함)4) 시공감리업무 일체: 2개 현장에 대한 시공기간 동안의 기술 시공 감리 및 설계변경(필요시)과업 등 5) 건축인허가 취득 6) 관련 행정업무 협조",567180000,발주계획 입찰한도액; 계획 변경 가능,일반경쟁,협상에 의한 계약(기술가격종합평가),2025-06,1,시설어+공사어;시설어+설계감리어,공사;시공;학교;감리;설계,,,,,0
15085055:106,106,15085055,https://www.data.go.kr/data/15085055/fileData.do,,,,0.154,0,,,,태평양도서국팀,파푸아뉴기니,0,2025 파푸아뉴기니 소규모무상원조 농기계 구매,농촌개발,물품,"트랙터(2대), 콤바인(2대), 경운기(10대), 트랙터용 트레일러(2대), 트랙터용 쟁기(2대), 트랙터용 로타베이터(2대), 트랙터용 벼직파기(3대), 경운기용 로타베이터(5대), 경운기용 트레일러(5대), 소형 정미기(5대)",478308000,발주계획 입찰한도액; 계획 변경 가능,일반경쟁,적격심사,2025-06,0,,,,,,,0
15085055:107,107,15085055,https://www.data.go.kr/data/15085055/fileData.do,,2022-00038,existing_db_title_containment,0.990,1,L2023-00070-1;L2023-00070-2;L2025-00029-1;L2025-00030-1,,,볼리비아사무소,볼리비아,0,볼리비아 라파스주 임상병리검사실체계 강화사업 감염의학연구소 구축 감리사 선정,보건의료,용역,"ㅇ KOICA 볼리비아사무소에서 제공하는 입찰서류 및 설계도서에 따른 건축, 토목, 설비, 전기, 통신, 조경, 부대 시설 등 일괄공사에 대한 감리ㅇ 시청으로부터 건축 허가 사항 및 공사를 위한 관련 정부 기관 승인 입수, 건물 준공 승인 취득을 위한 관련 업무 협조ㅇ 시공 단계 검측 ㅇ 시공사 제출 서류 검토 및 보고  · 시공사 착공보고서, 자재 선정 요청서, 공정 현황 보고서  · 설계도서 오류, 누락, 하자 등에 대한 보고서  · 현장 시공 상세도(Shop Drawings)   · 공사와 관련한 기성 및 각종 제반 안전관리 및 사용 내역 등ㅇ 예비/준공 검사 실시 및 준공 서류 검토   · As·Built Drawing 및 Operation  Maintenance Manual 등ㅇ 준공 후 하자 현황 및 하자처리 현황 점검 및 보고",233576040,발주계획 입찰한도액; 계획 변경 가능,일반경쟁,협상에 의한 계약(기술가격종합평가),2025-05,1,시설어+공사어;시설어+설계감리어,공사;시공;건물;시설;연구소;감리;설계,,,,,0
15085055:108,108,15085055,https://www.data.go.kr/data/15085055/fileData.do,,,,0.154,0,,,,인도지원실,국내,0,물블래더(현물지원용 비축물품) 운반가방 제조/구매,재난구호,물품,물블래더(현물지원용 비축물품) 운반가방 29점 신규 제작,7828260,발주계획 입찰한도액; 계획 변경 가능,승낙사항,최저가,2025-05,0,,,,,,,0
15085055:109,109,15085055,https://www.data.go.kr/data/15085055/fileData.do,,,,0.607,0,,,,탄자니아사무소,탄자니아,0,"탄자니아 프와니주 농촌지역 상수도 공급시설 구축 사업('25·'29/1,100만불) 설계 용역",기타,용역,▪ 측량 및 토질조사▪ 상수도 공급시설 설계▪ 환경사회영향평가(ESIA),730434000,발주계획 입찰한도액; 계획 변경 가능,일반경쟁,협상에 의한 계약(기술평가),2025-12,1,시설어+설계감리어,시설;설계,,,,,0
15085055:110,110,15085055,https://www.data.go.kr/data/15085055/fileData.do,,,,0.596,0,,,,탄자니아사무소,탄자니아,0,"탄자니아 프와니주 농촌지역 상수도 공급시설 구축 사업('25·'29/1,100만불) PMC 용역",기타,용역,상수도시설 구축 및 지역주민 및 시설 운영 인력 역량 강화 등 사업관리 전반,4135986783,발주계획 입찰한도액; 계획 변경 가능,일반경쟁,협상에 의한 계약(기술가격종합평가),2025-08,0,,시설,,,,,0
15085055:111,111,15085055,https://www.data.go.kr/data/15085055/fileData.do,,,,0.328,0,,,,탄자니아사무소,탄자니아,0,"탄자니아 중학교 STEM 모델 학교 구축을 통한 과학기술 증등교육 증진사업('23·'27/1,000만불)",교육,용역,탄자니아 중학교 STEM 모델 학교 구축을 통한 과학기술 증등교육 증진사업 기초선조사,150000000,발주계획 입찰한도액; 계획 변경 가능,일반경쟁,협상에 의한 계약(기술가격종합평가),2025-07,0,,학교,,,,,0
15085055:112,112,15085055,https://www.data.go.kr/data/15085055/fileData.do,,,,0.419,0,,,,중미·카리브팀,코스타리카,0,코스타리카 삼각협력을 통한 중미3국 건조회랑지역 시설원예기술 역량강화 2차 사업(25·27/275만불) PMC 용역,농촌개발,용역,"사업 총괄 성과관리, 코스타리카 사업수행 지원 및 관리, 연구지원 등",1163186820,발주계획 입찰한도액; 계획 변경 가능,일반경쟁,협상에 의한 계약(기술평가),2025-06,0,,시설,,,,,0
15085055:113,113,15085055,https://www.data.go.kr/data/15085055/fileData.do,,,,0.490,0,,,,동남아시아1팀,캄보디아,0,"캄보디아 공공부문 혁신을 위한 왕립행정교육원 역량강화 사업 (25·29/1,170만불) PMC 용역",행정제도,용역,"캄보디아 공공부문 혁신을 위한 왕립행정교육원 역량강화 사업 (25·29/1,170만불) PMC 용역",5964268228,발주계획 입찰한도액; 계획 변경 가능,일반경쟁,협상에 의한 계약(기술평가),2025-08,0,,교육원,,,,,0
15085055:114,114,15085055,https://www.data.go.kr/data/15085055/fileData.do,,2020-00119,official_report_title_containment,0.990,1,L2025-00070-1;L2025-00071-1;L2025-00085-1,,,중동팀,이라크,0,"이라크 한·이라크 심장병 어린이 전문 병원 건립사업('20·'30/2,793만불)",보건의료,공사,"심장병 어린이 전문병원 건립 4층, 5,486㎡",17940000000,발주계획 입찰한도액; 계획 변경 가능,일반경쟁,적격심사,2025-06,1,입찰구분=공사+시설어;강한건축어,건립;병원,5486,5486,single_unlabelled_area,3270142,1
15085055:115,115,15085055,https://www.data.go.kr/data/15085055/fileData.do,,,,0.366,0,,,,베트남사무소,베트남,0,"베트남 띠엔비엔성 소외지역 전력인프라 구축을 통한 농촌 자립역량 강화사업(25·29/2,000만불) 환경사회영향평가 용역",산업에너지,용역,"베트남 띠엔비엔성 소외지역 전력인프라 구축을 통한 농촌 자립역량 강화사업 사업대상지 환경사회영향평가 실시 및 보고서 2종(환경사회영향평가 및 환경사회관리계획, 영문) 작성",71042400,발주계획 입찰한도액; 계획 변경 가능,일반경쟁,협상에 의한 계약(기술가격종합평가),2025-05,0,,,,,,,0
15085055:116,116,15085055,https://www.data.go.kr/data/15085055/fileData.do,,2022-00142,official_report_title_containment,0.990,1,L2024-00015-1;L2024-00015-2;L2025-00032-1;L2025-00032-2,,,카메룬사무소,카메룬,0,카메룬 전자정부 인식개선 및 역량강화 사업 신축 시공 용역,행정제도,공사,카메룬 전자정부 인식개선 및 역량강화사업(22·26/823만불) 시공 용역,3312000000,발주계획 입찰한도액; 계획 변경 가능,일반경쟁,적격심사,2025-05,1,강한건축어,신축;시공,,,,,0
15085055:117,117,15085055,https://www.data.go.kr/data/15085055/fileData.do,,2013-00029,official_report_title_containment,0.990,0,,,,아프리카1팀,모잠비크,0,모잠비크 마톨라 산업학교 역량강화사업 사후지원 기자재(미그용접기) 구매,교육,물품,미그용접기 구매,19140000,발주계획 입찰한도액; 계획 변경 가능,승낙사항,최저가,2025-05,0,,학교,,,,,0
15085055:118,118,15085055,https://www.data.go.kr/data/15085055/fileData.do,,,,0.400,0,,,,동남아시아1팀,태국,0,태국 삼각협력 아세안 전기전자산업 탄소중립 역량강화사업('25·'29/600만불) PMC 용역,환경및기타,용역,"ㅇ 전문가 파견, 역량강화, 기자재, 국가표준개발, 성과관리 등",5216400000,발주계획 입찰한도액; 계획 변경 가능,일반경쟁,협상에 의한 계약(기술가격종합평가),2025-08,0,,,,,,,0
15085055:119,119,15085055,https://www.data.go.kr/data/15085055/fileData.do,,,,0.537,0,,,,키르기스스탄사무소,키르기스스탄,0,키르기스스탄 프로젝트봉사단 추이 주 교내 위생환경 개선사업 위생 및 보건시설 개보수 현지 설계 용역,보건의료,용역,"*사업대상지 2개곳 교내 보건위생시설 개보수 관련 현지 설계 용역 1. 가브릴로브카 종합학교· 초등학생 건물 1층 학생용 남.여 화장실 각 1개 개보수 · 고등학생 건물 2층 학생용 남.여 화장실 각 1개 개보수 · 2층 급식실 배수관, 환풍기 등 개보수· 2층 보건실 개보수2. 보옌노·안토노브카 종합학교 · 초등학생 건물 1층 교사용 화장실 1개, 학생용 화장실 1개, 샤워실 2개 개보수 · 초등학생 건물 2층 남.여 화장실 각 1개, 샤워실 2개 개보수 · 고등학생 건물 1층 교사용 화장실 1개, 남.여 화장실 각 1개 · 1층 급식실 배수관, 환풍기 등 개보수· 1층 보건실 복도 및 보건실 개보수",22841584,발주계획 입찰한도액; 계획 변경 가능,수의계약,,2025-06,1,시설어+설계감리어,건물;시설;학교;설계,,,,,0
15085055:120,120,15085055,https://www.data.go.kr/data/15085055/fileData.do,,2016-20206,official_report_title_containment,0.990,1,L2021-00010-1;L2022-00033-1,,,방글라데시사무소,방글라데시,0,방글라데시 청년창업 활성화를 위한 대학 창업교육 역량강화 지원사업('18·'27/750만불),교육,물품,"ㅇ ICT 기자재 71종, 1,546점 / 가구 29종 739점 기자재 공급 · 지정된 납품 장소까지 기자재 운송 · 기자재 현지어 또는 영문 매뉴얼 제공 · 기자재 인수인계ㅇ 기자재 설치 및 교육 · 기자재 설치 및 시운전(정상 작동 확인) · 사용자 교육 실시ㅇ 사후관리 · 기자재 납품, 설치 교육 완료 후 2년간 하자보수",741480900,발주계획 입찰한도액; 계획 변경 가능,일반경쟁,적격심사,2025-05,0,,대학,,,,,0
15085055:121,121,15085055,https://www.data.go.kr/data/15085055/fileData.do,,,,0.492,0,,,,남미팀,페루,0,"페루 쿠스코주 지속가능한 관광을 위한 자원순환경제 구축사업('25·'32/2,000만불) PMC 용역",환경및기타,용역,"비유기성 MSW 관련 사업 수행 관리, 역량강화, 성과관리 등",5000000000,발주계획 입찰한도액; 계획 변경 가능,일반경쟁,협상에 의한 계약(기술가격종합평가),2025-08,0,,,,,,,0
15085055:122,122,15085055,https://www.data.go.kr/data/15085055/fileData.do,,2021-00098,official_report_title_containment,0.990,1,L2023-00066-1,,,아프리카1팀,에티오피아,0,에티오피아 아디스아바바 강변개발 미스터플랜 수립지원 및 Sheger강 상류 수질 및 수변정화 사업 2차 PMC 용역,환경및기타,용역,토목공사관리 및 성과관리,1283400000,발주계획 입찰한도액; 계획 변경 가능,일반경쟁,협상에 의한 계약(기술가격종합평가),2025-05,0,,공사;토목공사,,,,,0
15085055:123,123,15085055,https://www.data.go.kr/data/15085055/fileData.do,,2026-00121,official_report_title_containment,0.990,0,,,,동남아시아1팀,라오스;방글라데시,0,"라오스 혁신적 농촌공동체 개발 프로그램('26·'31/2,000만불)",농촌개발,용역,"ㅇ 라오스, 방글라데시 혁신적 농촌공동체 개발 프로그램 기본계획조사(BDS) 용역  · 사업 착주조사  · 성과관리방안 도출  · 마을대상지 선정  · 사업 세부 추진계획 수립  · 실시협의 지원 등",995839754,발주계획 입찰한도액; 계획 변경 가능,일반경쟁,협상에 의한 계약(기술평가),2025-07,0,,,,,,,0
15085055:124,124,15085055,https://www.data.go.kr/data/15085055/fileData.do,,2024-02690,official_report_title_containment,0.990,0,,,,아프리카1팀,케냐,0,"케냐 분고마 주 보편적 식수접근성 향상을 위한 상수도 구축 및 통합적 운영관리 역량강화사업('25·'32/1,300만불) PMC 용역",기타,용역,"ㅇ 전문가파견, 역량강화, 건축 및 기자재 모니터링, 사업 성과관리 등",4534000000,발주계획 입찰한도액; 계획 변경 가능,일반경쟁,협상에 의한 계약(기술가격종합평가),2025-07,0,,,,,,,0
15085055:125,125,15085055,https://www.data.go.kr/data/15085055/fileData.do,,,,0.536,0,,,,아프리카1팀,케냐,0,케냐 청년 생산적 고용 및 소득 증대를 위한 국가산업훈련청 아띠리버 센터 역량강화사업('24·'28/700만불) PMC 용역,교육,용역,"ㅇ 전문가파견: 건축과 훈련과정 개발, 직업기초역량 모듈 개발, NITA 교사대상 교수법 보수교육, 경력개발유닛(CDU) 운영매뉴얼 개발 등 ㅇ 역량강화: 초청연수(총 2회: 고위급 10명, 센터관리자 및 실무급 15명) ㅇ 건축: 아띠리버 센터 건축과 스페이스 프로그램 구성 및 설계 단계 검토, 실시설계 및 시공 단계 모니터링 등 ㅇ 기자재: 아띠리버 센터 건축과 기자재(실습기자재 및 가구 등) 목록 및 세부사양서 작성, 기자재 검수 실시, 기자재 조달과정 모니터링 등  ㅇ 사업관리: 성과관리(기초선/종료선조사), 연간모니터링, 사업보고회(착수/중간/준공식/종료), 홍보 등)",3215937214,발주계획 입찰한도액; 계획 변경 가능,일반경쟁,협상에 의한 계약(기술가격종합평가),2025-06,1,시설어+공사어;시설어+설계감리어,시공;센터;시설;설계;실시설계,,,,,0
15085055:126,126,15085055,https://www.data.go.kr/data/15085055/fileData.do,,,,0.853,0,,,,아프리카1팀,케냐,0,케냐 여성 고용 증진 및 친환경 제조업 활성화를 위한 직업기술교육 훈련사업(GIZ)('25·'27/850만불) PC 용역,교육,용역,(1) GIZ(PMC) 측 사업추진 사항 백서 작성(2) M&E 프로세스 참여(3) GIZ 사업 수행 종료 후 사업 성과 확인(4) 케냐 TVET 분야 주요 이해관계자와 작동 체계 분석 및 제시(5) 추후 TVET 사업 실행을 위한 합의점 도출(6) KOICA가 지원하는 사업으로써의 유형성 강화를 위한 홍보활동,1614600000,발주계획 입찰한도액; 계획 변경 가능,일반경쟁,협상에 의한 계약(기술가격종합평가),2025-06,0,,,,,,,0
15085055:127,127,15085055,https://www.data.go.kr/data/15085055/fileData.do,,,,0.720,0,,,,아프리카1팀,케냐,0,"케냐 카지아도주 모성과 신생아 전문의료센터(SMC) 구축을 통한 의료역량강화사업('25·'30/1,400만불) PMC 용역",보건의료,용역,ㅇ 사업관리 총괄 ㅇ 건축 및 기자재 기술 자문 ㅇ 모성과 신생아 보건의료인력 역량강화  ㅇ 모성 및 신생아 전문의료센터 운영 및 관리 역량강화 ㅇ 카지아도주 모자보건 거버넌스 강화,4820200044,발주계획 입찰한도액; 계획 변경 가능,일반경쟁,협상에 의한 계약(기술가격종합평가),2025-06,0,,센터,,,,,0
15085055:128,128,15085055,https://www.data.go.kr/data/15085055/fileData.do,,,,0.474,0,,,,동남아시아1팀,베트남,0,베트남 외교 아카데미 역량강화사업('23·'26/495만불) IT시스템 감리 용역,행정제도,용역,"베트남 외교 아카데미 역량강화사업('23·'26/495만불) IT 시스템 감리 · 사업자의 과업이행여부 점검 및 완료 여부 확인 · 감리수행결과보고, 사업진척도 및 이슈사항 보고 등",130427516,발주계획 입찰한도액; 계획 변경 가능,일반경쟁,협상에 의한 계약(기술가격종합평가),2025-09,0,,감리,,,,,0
15085055:129,129,15085055,https://www.data.go.kr/data/15085055/fileData.do,,,,0.407,0,,,,볼리비아사무소,볼리비아,0,볼리비아 오루로 주 응급의료통제센터 설립 및 강화 사업('24·'28/650만불) 설계 용역,보건의료,용역,오루로 주 한국병원 블록 내 응급의료통제센터 설계,201448000,발주계획 입찰한도액; 계획 변경 가능,제한경쟁,협상에 의한 계약(기술가격종합평가),2025-09,1,시설어+설계감리어,병원;센터;설계,,,,,0
15085055:130,130,15085055,https://www.data.go.kr/data/15085055/fileData.do,,,,0.840,0,,,,볼리비아사무소,볼리비아,0,볼리비아 추키사카주 과학수사기관 신축공사 설계사 입찰,행정제도,용역,추키사카 IDIF 과학수사기관 건축설계,39978420,발주계획 입찰한도액; 계획 변경 가능,제한경쟁,협상에 의한 계약(기술가격종합평가),2025-09,1,강한건축어,신축;공사;설계,,,,,0
15085055:131,131,15085055,https://www.data.go.kr/data/15085055/fileData.do,,2022-00038,existing_db_title_containment,0.990,1,L2023-00070-1;L2023-00070-2;L2025-00029-1;L2025-00030-1,,,볼리비아사무소,볼리비아,0,볼리비아 라파스주 임상병리검사실체계 강화사업 주표준검사소 시공사 선정,보건의료,공사,라파즈 주 엘알또 Villa Esperanza 지역 임상병리검사실 시공,2732316270,발주계획 입찰한도액; 계획 변경 가능,일반경쟁,적격심사,2025-05,0,,공사;시공,,,,,0
15085055:132,132,15085055,https://www.data.go.kr/data/15085055/fileData.do,,2023-00004,existing_db_title_fuzzy,0.941,1,L2025-00078-1,,,볼리비아사무소,볼리비아,0,볼리비아 엘알또시 모성보건센터 신축/보수공사 설계사 선정,보건의료,용역,"볼리비아 엘알또 시 한국 네트워크 및 lotes y servicios 네트워크 내 2개 보건소 신축 및 증축(Villa Adela · 신축, Lotes y Servicios · 증축) 및 3개 보건소 보수공사 설계· 신축공사(1개소) : Villa Adela  • 대지면적 : 1,799.45㎡, 연면적 1,000㎡· 증축 공사(1개소) : Lotes y Servicios  • 대지면적 : 290㎡, 연면적 : 380㎡· 리모델링 공사(3개소) :   • Villa Avaroa : 모자병동 난방 설비공사(가스)   • 3 de Mayo : 모자병동 난방 설비공사(가스)   • 1ro de Mayo : 모자병동 창호공사 ㅇ 용도: 의료시설·모자보건센터(Medical Facility·Maternal Helthcare Center)ㅇ 과업 범위 : 지질조사, 지형조사, 건축설계, 인허가 지원 및 공사 기간 중 자문",271170000,발주계획 입찰한도액; 계획 변경 가능,일반경쟁,협상에 의한 계약(기술가격종합평가),2025-09,1,강한건축어;시설어+공사어;시설어+설계감리어,리모델링;보수공사;신축;증축;공사;보건소;센터;시설;설계,1799.45;1000;290;380,,multiple_explicit_gross_floor_areas,,0
15085055:133,133,15085055,https://www.data.go.kr/data/15085055/fileData.do,,,,0.386,0,,,,동남아시아2팀,인도네시아,0,"인도네시아 파푸아지역 모성 및 신생아 건강 개선사업(UNICEF)('25·'29/1,000만불)",보건의료,용역,심층성과관리,983548317,발주계획 입찰한도액; 계획 변경 가능,일반경쟁,협상에 의한 계약(기술평가),2025-09,0,,,,,,,0
15085055:134,134,15085055,https://www.data.go.kr/data/15085055/fileData.do,,,,0.383,0,,,,동남아시아2팀,인도네시아,0,인도네시아 전기자동차 충전기 법정계량 제도 및 시험소 구축사업(‘25·’28/800만불),산업에너지,용역,"전문가파견, 역량강화",4478187787,발주계획 입찰한도액; 계획 변경 가능,일반경쟁,협상에 의한 계약(기술가격종합평가),2025-06,0,,,,,,,0
15085055:135,135,15085055,https://www.data.go.kr/data/15085055/fileData.do,,,,0.439,0,,,,동남아시아2팀,인도네시아,0,인도네시아 법령정보시스템 구축 사업('21·'28/850만불),정보통신,용역,"법령정보 시스템 개발, DB구축, 기자재 지원, 운영지원 및 유지관리, 전문가파견",6506038090,발주계획 입찰한도액; 계획 변경 가능,일반경쟁,협상에 의한 계약(기술평가),2025-07,0,,,,,,,0
15085055:136,136,15085055,https://www.data.go.kr/data/15085055/fileData.do,,,,0.327,0,,,,동남아시아2팀,인도네시아,0,인도네시아 하천 쓰레기 자원화를 통한 해양 플라스틱 쓰레기 저감사업('21·'25/250만불),환경및기타,물품,하천쓰레기 차단 및 수거 시설 장비 구매 및 설치하천쓰레기 자원화 시설 구매 및 설치,2195927457,발주계획 입찰한도액; 계획 변경 가능,일반경쟁,적격심사,2025-06,0,,시설,,,,,0
15085055:137,137,15085055,https://www.data.go.kr/data/15085055/fileData.do,,,,0.156,0,,,,조달1팀,국내,0,교육 분야 청년인재 양성 프로그램 전략평가 및 TVET 종료평가 용역 입찰 의뢰(재),교육,용역,"청년인재 양성 프로그램 전략평가, 개별사업 종료평가 등",281100000,발주계획 입찰한도액; 계획 변경 가능,일반경쟁,협상에 의한 계약(기술가격종합평가),2025-04,0,,,,,,,0
15085055:138,138,15085055,https://www.data.go.kr/data/15085055/fileData.do,,,,0.485,0,,,,유라시아팀,우즈베키스탄,0,우즈베키스탄 ICT 사업(2개) 통합감리 용역,정보통신,용역,"우즈베키스탄 ICT 사업(2개) 통합감리 용역 · 우즈베키스탄 지질재해와 지질자원 통합관리시스템 구축사업('24·'29/700만불) · 우즈베키스탄 열린 의정활동을 위한 상하원 국회 방송시스템 구축 및 지역 의회와의 연계기반 개선 사업(`23·`27/1,395만불)",551423825,발주계획 입찰한도액; 계획 변경 가능,일반경쟁,협상에 의한 계약(기술평가),2025-08,0,,감리,,,,,0
15085055:139,139,15085055,https://www.data.go.kr/data/15085055/fileData.do,,,,0.375,0,,,,아프리카2팀,가나,0,"가나 보건의료서비스네트워크(NoP) 강화를 통한 생식모자청소년보건영양 증진사업('25·'29/1,300만불)",보건의료,용역,"가나보건청 사업관리(진행/성과/위험/품질), 가나보건청 재무회계 역량강화 교육워크숍 실시, 초청연수, 현지 회계법인 감사수행 관리 등",4569076500,발주계획 입찰한도액; 계획 변경 가능,일반경쟁,협상에 의한 계약(기술가격종합평가),2025-05,0,,,,,,,0
15085055:140,140,15085055,https://www.data.go.kr/data/15085055/fileData.do,,2025-00162,official_report_title_containment,0.990,0,,,,몽골사무소,몽골,0,몽골 관세청 위험관리 및 수하물 관리 선진화 사업(25·28/560만불) PMC 용역,행정제도,용역,"표제 사업에 대한 사업 및 성과 관리, 또한 표제 사업에 포함된 관세청 통관 시스템에 대한 ISP/BPR 과업 및 역량강화, 성과관리, 사업관리지원을 수행",1587000000,발주계획 입찰한도액; 계획 변경 가능,일반경쟁,협상에 의한 계약(기술가격종합평가),2025-09,0,,,,,,,0
15085055:141,141,15085055,https://www.data.go.kr/data/15085055/fileData.do,,,,0.560,0,,,,유라시아팀,우즈베키스탄,0,우즈베키스탄 문화유산 디지털 통합관리 및 활용 역량강화 사업 PMC 용역,기타,용역,"ㅇ 문화유산 디지털 관리 중장기 마스터플랜 수립  ㅇ 문화유산 디지털 관리 데이터베이스(관리 데이터베이스 및 원형기록화) 구축 지원  ㅇ 디지털 문화유산관리 플랫폼(GIS기반 문화유산관리 시스템) 구축 지원  ㅇ 문화유산 디지털 관광 콘텐츠 제작 지원  ㅇ 문화유산 디지털 통합관리 및 활용을 위한 인적 자원 역량강화  ㅇ 사업관리(성과, 모니터링, 홍보)",2115594083,발주계획 입찰한도액; 계획 변경 가능,제한경쟁,협상에 의한 계약(기술가격종합평가),2025-07,0,,,,,,,0
15085055:142,142,15085055,https://www.data.go.kr/data/15085055/fileData.do,,2022-00036,official_report_title_containment,0.990,1,L2023-00061-1;L2024-00069-1,,,에티오피아사무소,에티오피아,0,"에티오피아 가죽 및 가죽제품 경쟁력 강화 사업(22·27/1,000만불) 가죽제품RD센터 웹사이트 개발 용역",산업에너지,용역,"수원기관 교육 및 연구지원 등을 위한 웹사이트 개발(SMEs, 교육 관련 등)",45200000,발주계획 입찰한도액; 계획 변경 가능,수의계약,,2025-06,0,,센터,,,,,0
15085055:143,143,15085055,https://www.data.go.kr/data/15085055/fileData.do,,2022-00036,official_report_title_containment,0.990,1,L2023-00061-1;L2024-00069-1,,,에티오피아사무소,에티오피아,0,"에티오피아 가죽 및 가죽제품 경쟁력 강화 사업(22·27/1,000만불) 기자재 공급 용역",산업에너지,용역,"가죽산업 SMEs 제품 개발/생산을 위한 기자재 지원, 설치 및 운영교육",4531359956,발주계획 입찰한도액; 계획 변경 가능,일반경쟁,협상에 의한 계약(기술가격종합평가),2025-09,0,,,,,,,0
15085055:144,144,15085055,https://www.data.go.kr/data/15085055/fileData.do,,,,0.554,0,,,,네팔사무소,네팔,0,네팔 간다키 지역 기술교육학교 건립사업(2024·2030/900만불) 설계감리사 용역 선정을 위한 입찰,교육,용역,"1. 과업 : 약 8헥타르 면적의 부지에 자동차학과동/호텔관리학과동/전기학과동/기술교육학교 행정동/여학생 기숙사를 건축하기 위한 건축연면적 4,631㎡ 규모의 건축 설계, 측량/지질조사/구조/토목/전기/위생/급배수/기계/통신/소방/조경/Sinage 및 울타리 조사, 현장 상주 감리, 건축 인허가 지원 2. 결과물: 측량 및 지질조사 성과물, 도면, 시방서, BOQ, 구조계산서, 기계용량 계산서, 전기용량 계산서 등 공사에 필요한 제반도서 및 시공사 선정을 위한 입찰 관련 서류 등",327060000,발주계획 입찰한도액; 계획 변경 가능,일반경쟁,2단계 경쟁입찰,2025-04,1,강한건축어;시설어+공사어;시설어+설계감리어,건립;공사;시공;기숙사;학교;감리;설계,4631,4631,explicit_gross_floor_area,,0
15085055:145,145,15085055,https://www.data.go.kr/data/15085055/fileData.do,,,,0.207,0,,,,분쟁취약지원팀,해당없음,0,분쟁취약국지원 프로그램형 사업 2025년 러닝이벤트 개최 지원 용역,기타,용역,러닝이벤트 행사 개최 준비 및 운영 전반,49999999,발주계획 입찰한도액; 계획 변경 가능,승낙사항,최저가,2025-06,0,,,,,,,0
15085055:146,146,15085055,https://www.data.go.kr/data/15085055/fileData.do,,,,0.131,0,,,,시민사회협력사업팀,국내외,0,2026·2027 민관협력 인큐베이팅 프로그램(시민사회 파트너 대상) 운영 용역,기타,용역,"시민사회 파트너 대상 민관협력 인큐베이팅 프로그램의 기획, 운영 및 성과관리",2320000000,발주계획 입찰한도액; 계획 변경 가능,일반경쟁,협상에 의한 계약(기술가격종합평가),2025-06,0,,,,,,,0
15085055:147,147,15085055,https://www.data.go.kr/data/15085055/fileData.do,,2015-00037,existing_db_title_containment,0.990,1,L2019-00022-1;L2019-00026-1;L2019-00038-1,,,에티오피아사무소,에티오피아,0,"에티오피아 오로미아주 도도타군 관개 및 농촌개발 역량강화사업('13·'22/1,730만불) 사후지원(2024·2026/270만불) 시공 및 기자재 현지 조달",농촌개발,물품,"사후지원 내용 중 물자지원에 해당하는 물관리 기자재, 현장용 차량 및 오토바이, 준설 중장비 현지조달 예정현지PC 역할: 기자재 조달 및 설치, 기자재 운영 교육 실시",601120000,발주계획 입찰한도액; 계획 변경 가능,일반경쟁,적격심사,2025-09,0,,시공,,,,,0
15085055:148,148,15085055,https://www.data.go.kr/data/15085055/fileData.do,,,,0.295,0,,,,동남아시아2팀,필리핀,0,KOICA 필리핀사무소 2027년도 ODA 국별협력사업 발굴 및 형성 지원 용역,기타,용역,"해당 국가 개발협력 현황 및 한국의 개발협력 전략 조사(문헌조사), 수원국 및 필리핀 현지 사업수행자와의 심층 인터뷰를 통한 사업 발굴 및 형성 기회 파악, 실현 가능서 높은 사업에 대한 사업계획서(PD ver.1) 작성,수요 기반 사업제안서(PCP) 초안 작성, 수원기관 검수 및 검증 등",419686062,발주계획 입찰한도액; 계획 변경 가능,일반경쟁,협상에 의한 계약(기술가격종합평가),2025-03,0,,,,,,,0
15085055:149,149,15085055,https://www.data.go.kr/data/15085055/fileData.do,,2022-00097,official_report_title_containment,0.990,0,,,,베트남사무소,베트남,0,베트남 한베 ICT 대학교 교육역량 강화 지원사업 ICT 혁신센터 구축 물품 현지구매(제조) 계약,교육,물품,"총 53종의 가구 공급 및 설치 · 회의용 테이블, 책상, 의자, 소파, 강연대, 캐비닛 포함 총 53종",280901400,발주계획 입찰한도액; 계획 변경 가능,일반경쟁,적격심사,2025-04,0,,대학;센터;학교,,,,,0
15085055:150,150,15085055,https://www.data.go.kr/data/15085055/fileData.do,,2022-00097,official_report_title_containment,0.990,0,,,,베트남사무소,베트남,0,베트남 한베 ICT 대학교 교육역량 강화 지원사업 스마트 캠퍼스 구축 물품(소프트웨어) 현지구매 계약,교육,물품,"총 9종의 소프트웨어 공급 · 가상화 소프트웨어, 백업 소프트웨어, 운영체제(OS), 동영상 편집 소프트웨어, 스마트 클래스 소프트웨어 (교수자용 및 학생용), IC 칩 설계 소프트웨어 포함 총 9종",498235600,발주계획 입찰한도액; 계획 변경 가능,일반경쟁,적격심사,2025-04,1,시설어+설계감리어,대학;학교;설계,,,,,0
15085055:151,151,15085055,https://www.data.go.kr/data/15085055/fileData.do,,,,0.195,0,,,,인도지원실,대한민국,0,해외긴급구호법에 관한 법률 개정 등 인도적지원 법안 연구 용역,재난구호,용역,"1) 주요 선진 공여국 등 국제사회의 인도적 지원 관련 법제 비교 연구   ㅇ 주요 선진 공여국의 인도적 지원 관련 법률 현황 조사 및 기존 연구결과 분석   ㅇ 주요 선진 공여국의 국제적 합의된 인도적 지원 기준 적용 사례 분석    ㅇ 주요 선진 공여국과 우리나라의 인도적 지원 법제 비교 연구를 통한 법안 개선을 위한 시사점 도출  2) 우리나라의 인도적 지원 관련 법률 체계 전반 검토 및 개선 방향 도출    ㅇ 우리나라의 인도적 지원과 관련 법률(「해외긴급구호법에 관한 법률」,「해외긴급구호법에 관한 법률 시행령」「국제개발협력기본법」, 「한국국제협력단법」, 「국제연합평화유지활동 참여에 관한 법률」등) 종합 검토를 통한 현행 구조의 한계 분석 및 법률 간 연계, 개선 방향 도출     ㅇ 국회 등에서 논의되었거나 논의 중인 다양한 개정안 관련 법적 검토   ㅇ 우리나라의 인도적 체계 및 국제기준을 반영한 법적 개선 방향 제시 3) 우리나라의 인도적 지원 법률 개정(안) 및 신규 법안 제정(안) 도출   ㅇ 법적 근거 강화를 위한「해외긴급구호법에 관한 법률」개정(안) 도출     ㅇ 인도적 지원 기본법 등 신규 법안 제정(안) 검토 및 초안 작성   ㅇ 법 개정 및 신규 법안 제정시 예상되는 법적·정책적·행정적 영향 분석   ㅇ 법률 제·개정 추진을 위한 실효성 있는 입법 전략 및 추진 방안 제안",49496214,발주계획 입찰한도액; 계획 변경 가능,일반경쟁,협상에 의한 계약(기술평가),2025-04,0,,,,,,,0
15085055:152,152,15085055,https://www.data.go.kr/data/15085055/fileData.do,,2020-00048,official_report_title_containment,0.990,1,L2024-00062-1;L2024-00062-2;L2024-00062-3;L2025-00021-1,,,세네갈사무소,세네갈,0,"세네갈 미곡가치사슬 강화 2차 사업('20·'26/1,100만불)",농촌개발,용역,"ㅇ KOICA 세네갈 사무소에서 제공하는 입찰서류 및 설계도서에 따른 건축, 토목, 설비, 전기, 통신, 부대시설 등 일괄공사에 대한 감리ㅇ 건축 허가 및 공사 관련 대관 협의 및 준공 승인을 위한 업무 협조ㅇ 시공 단계 검측 ㅇ 시공사 제출서류 검토 및 보고  · 시공사 착공보고서, 자재선정 요청서, 공정현황 보고서  · 설계도서 오류, 누락, 하자 등에 대한 보고서  · 현장시공 상세도(Shop Drawings)   · 공사와 관련한 기성 및 각종 제반 안전관리 및 사용내역 등ㅇ 예비/준공 검사 실시 및 준공서류 검토   · As·Built Drawing 및 Operation & Maintenance Manual 등ㅇ 준공 후 하자현황 및 하자처리 현황 점검 및 보고",138000000,발주계획 입찰한도액; 계획 변경 가능,일반경쟁,협상에 의한 계약(기술가격종합평가),2025-03,1,시설어+공사어;시설어+설계감리어,공사;시공;시설;감리;설계,,,,,0
15085055:153,153,15085055,https://www.data.go.kr/data/15085055/fileData.do,,2021-00016,official_report_title_containment,0.990,1,L2025-00018-1;L2025-00048-1;L2025-00063-1,,,가나사무소,가나,0,가나대학교 연구 및 ICT 혁신센터 건립 사업('21·'26/900만불),교육,공사,"가나대학교 한·가나 연구 및 ICT 혁신센터(G·K Impact 센터) 신축, 연면적 약 2,600 ㎡",5382000000,발주계획 입찰한도액; 계획 변경 가능,일반경쟁,적격심사,2025-03,1,입찰구분=공사+시설어;강한건축어,건립;신축;대학;센터;학교,2600,2600,explicit_gross_floor_area,2070000,1
15085055:154,154,15085055,https://www.data.go.kr/data/15085055/fileData.do,,,,0.419,0,,,,아프리카1팀,에티오피아,0,에티오피아 멀티바이 사업 성과관리 기술지원 용역 입찰,기타,용역,"성과관리 계획수립, 성과관리 실시, 사업 성과관리 최종 검토 및 사업 발굴/관리방안 도출 · 에티오피아 3개주 영양취약계층 영양개선 사업(WFP)(24·26/600만불) · 에티오피아 2개주(아파르,SNNP주) 분쟁 및 기후위기에 영향을 받은 청년 중심의 회복력 강화사업(25·28/1,000만불)",1150490108,발주계획 입찰한도액; 계획 변경 가능,일반경쟁,협상에 의한 계약(기술가격종합평가),2025-05,0,,,,,,,0
15085055:155,155,15085055,https://www.data.go.kr/data/15085055/fileData.do,,,,0.467,0,,,,파라과이사무소,파라과이,0,"파라과이 농민조합 육성을 통한 원예경쟁력 강화사업(23·28/1,200만불) PC 용역",농촌개발,용역,"현지연수, 인접국 삼각협력 연수, 농민조합 공모사업 선정, 제안사업 수행 및 역량강화, 우수조합 선정, 추가 사업 지원, 작물별 생산 가이드 및 표준기술 개발, 표준기술 농가 보급, 농민조합 모집 및 발굴, 생산계획 재배/ 생산 및 표준 출하규격 교육, 품목별 원물 품질관리 등",9068689191,발주계획 입찰한도액; 계획 변경 가능,일반경쟁,협상에 의한 계약(기술가격종합평가),2025-08,0,,,,,,,0
15085055:156,156,15085055,https://www.data.go.kr/data/15085055/fileData.do,,,,0.368,0,,,,도미니카공화국사무소,도미니카공화국,0,도미니카공화국 여성 중심 취약계층 사회.경제적 역량강화사업(20·26/550만불) 하이나 직업훈련센터 리모델링 설계 용역,농촌개발,용역,"리모델링 건축설계, 관련 인허가 업무, 공사기간 중 설계 자문",123906060,발주계획 입찰한도액; 계획 변경 가능,일반경쟁,협상에 의한 계약(기술가격종합평가),2025-03,1,강한건축어;시설어+공사어;시설어+설계감리어,리모델링;공사;센터;설계,,,,,0
15085055:157,157,15085055,https://www.data.go.kr/data/15085055/fileData.do,,2013-00059,official_report_title_containment,0.990,0,,,,파키스탄사무소,파키스탄,0,파키스탄 국립섬유대학 산업용 섬유센터 설립사업 2차사업('22·'28/795만불) 감리용역,산업에너지,용역,표제사업 산업용 섬유센터 건축 감리용역,78000000,발주계획 입찰한도액; 계획 변경 가능,일반경쟁,협상에 의한 계약(기술가격종합평가),2025-03,1,시설어+설계감리어,대학;센터;감리,,,,,0
15085055:158,158,15085055,https://www.data.go.kr/data/15085055/fileData.do,,,,0.189,0,,,,평가실,다국가,0,KOICA 교육분야 청년인재 양성 프로그램 전략평가 및 TVET 종료평가 용역,교육,용역,"청년인재 양성 프로그램 전략평가, TVET 사업 종료평가 등",322300000,발주계획 입찰한도액; 계획 변경 가능,일반경쟁,협상에 의한 계약(기술가격종합평가),2025-03,0,,,,,,,0
15085055:159,159,15085055,https://www.data.go.kr/data/15085055/fileData.do,,2013-00064,existing_db_title_containment,0.990,1,L2021-00005-1;L2023-00012-1;L2023-00015-1;L2023-00031-1;L2023-00031-2;L2025-00012-1;L2025-00012-2,,,볼리비아사무소,볼리비아,0,볼리비아 고원 지역 농업 기계화 및 농민역량 강화를 통한 생산성 증대 사업 퀴노아 연구센터 차칼라 건립 공사 시공사 선정 현지 입찰,농촌개발,공사,"1) 경계 및 지형측량, 지반조사2) 건설에 필요한 건축, 인테리어, 구조, 기계, 전기, Signage, 부대 시설 등 일괄 시설 공사 시공3) 기반 시설 연결 공사",136556520,발주계획 입찰한도액; 계획 변경 가능,일반경쟁,적격심사,2025-02,1,입찰구분=공사+시설어;강한건축어;시설어+공사어,건립;공사;시공;센터;시설;연구센터,,,,,0
15085055:160,160,15085055,https://www.data.go.kr/data/15085055/fileData.do,,2022-00048,official_report_title_containment,0.990,1,L2024-00021-1;L2024-00022-1,,,서남아시아팀,몽골,0,몽골 초중고등학교 급식환경 개선 및 역량강화 사업 (22·26/800만불) 기자재 구매 및 설치,교육,물품,"교육IT 기자재, 영양조리실습기자재, 급식기자재 등 총 363종",1556814309,발주계획 입찰한도액; 계획 변경 가능,일반경쟁,적격심사,2025-07,0,,학교,,,,,0
15085055:161,161,15085055,https://www.data.go.kr/data/15085055/fileData.do,,2022-00048,official_report_title_containment,0.990,1,L2024-00021-1;L2024-00022-1,,,서남아시아팀,몽골,0,몽골 초중고등학교 급식환경 개선 및 역량강화 사업 (22·26/800만불) IT 기자재 제작 및 설치,교육,물품,컴퓨터 등 IT 기자재 제작 및 설치,145000794,발주계획 입찰한도액; 계획 변경 가능,제한경쟁,적격심사,2025-03,0,,학교,,,,,0
15085055:162,162,15085055,https://www.data.go.kr/data/15085055/fileData.do,,2013-00059,official_report_title_containment,0.990,0,,,,파키스탄사무소,파키스탄,0,파키스탄 국립섬유대학 산업용 섬유센터 설립사업 2차사업(22·28/795만불) 감리용역,산업에너지,용역,표제사업 섬유센터 건축 감리용역,78000000,발주계획 입찰한도액; 계획 변경 가능,일반경쟁,협상에 의한 계약(기술가격종합평가),2025-03,1,시설어+설계감리어,대학;센터;감리,,,,,0
15085055:163,163,15085055,https://www.data.go.kr/data/15085055/fileData.do,,2023-00022,official_report_title_containment,0.990,0,,,,아프리카1팀,우간다,1,우간다 지속가능한 농촌개발을 위한 수행역량 강화사업('24·'28/550만불),농촌개발,용역,우간다 지속가능한 농촌개발을 위한 수행역량 강화사업 PMC 용역,6930360000,발주계획 입찰한도액; 계획 변경 가능,일반경쟁,협상에 의한 계약(기술평가),2025-03,0,,,,,,,0
15085055:164,164,15085055,https://www.data.go.kr/data/15085055/fileData.do,,2022-00026,official_report_title_containment,0.990,0,,,,유라시아팀,우즈베키스탄,0,우즈베키스탄 질병부담 경감을 위한 감염병 대응체계 강화 사업 의료 기자재 공급 PC 용역,보건의료,물품,추후 과업 세부범위 및 입찰한도액 확정 예정,5500000000,발주계획 입찰한도액; 계획 변경 가능,일반경쟁,협상에 의한 계약(기술평가),2025-12,0,,,,,,,0
15085055:165,165,15085055,https://www.data.go.kr/data/15085055/fileData.do,,,,0.160,0,,,,긴급대응팀,해당없음,0,2025년 KDRT 공기호흡기용 산소통 검사 및 재충전 용역,재난구호,공사,KDRT 구조팀 공기호흡기에 사용되는 산소통의 안전검사 및 재충전,6749600,발주계획 입찰한도액; 계획 변경 가능,승낙사항,최저가,2025-02,0,,,,,,,0
15085055:166,166,15085055,https://www.data.go.kr/data/15085055/fileData.do,,,,0.333,0,,,,시민사회협력사업팀,국내,0,2025년 아프리카 지역 민관협력사업 성과관리 용역,보건의료,용역,ㅇ2025년 시민사회협력프로그램 5건에 대한 성과관리ㅇ시민사회협력프로그램 신규사업 실행계획 컨설팅,845000000,발주계획 입찰한도액; 계획 변경 가능,일반경쟁,협상에 의한 계약(기술가격종합평가),2025-02,0,,,,,,,0
15085055:167,167,15085055,https://www.data.go.kr/data/15085055/fileData.do,,,,0.169,0,,,,긴급대응팀,해당없음,0,2025년 KDRT 알루미늄 박스 보강작업 및 전수조사 소모품 구매,재난구호,용역,KDRT 알루미늄 박스 보강작업 용역 및 전수조사 대비 소모품 공급,6072000,발주계획 입찰한도액; 계획 변경 가능,승낙사항,최저가,2025-02,0,,,,,,,0
15085055:168,168,15085055,https://www.data.go.kr/data/15085055/fileData.do,,,,0.414,0,,,,방글라데시사무소,방글라데시,0,"방글라데시 선진시장형 기술인력 양성을 위한 차토그램 한방직업훈련원 직업훈련체계 현대화('24·'27/1,000만불)",교육,용역,ㅇ 설계 계획안ㅇ 기본설계 및 실시설계ㅇ 시공 입찰지원ㅇ 시공감리,618030400,발주계획 입찰한도액; 계획 변경 가능,일반경쟁,협상에 의한 계약(기술가격종합평가),2025-03,1,시설어+공사어;시설어+설계감리어,시공;시설;훈련원;감리;기본설계;설계;실시설계,,,,,0
15085055:169,169,15085055,https://www.data.go.kr/data/15085055/fileData.do,,,,0.429,0,,,,중미·카리브팀,콜롬비아,0,콜롬비아 다목적지적을 위한 공간정보 역량강화 체계 구축사업(24·26/600만불) PMC 용역,행정제도,용역,ㅇ 국가 다목적지적 역량강화 마스터플랜 수립ㅇ 다목적지적 자격체계 컨설팅ㅇ 다목적지적 분야별 교육과정 개발ㅇ 다목적지적 분야별 전문강사 양성ㅇ 초청연수ㅇ 역량강화 성과 모니터링(시범지역)ㅇ 국가 다목적지적 교육센터 구축(리모델링)ㅇ 교육용 기자재 도입 및 설치 ㅇ 사업 관리 및 성과관리,4071405231,발주계획 입찰한도액; 계획 변경 가능,일반경쟁,협상에 의한 계약(기술가격종합평가),2025-03,1,강한건축어,리모델링;센터,,,,,0
15085055:170,170,15085055,https://www.data.go.kr/data/15085055/fileData.do,,,,0.308,0,,,,도미니카공화국사무소,도미니카공화국,0,도미니카공화국 여성 중심 취약계층 사회.경제적 역량강화사업(20·26/550만불) 몬테크리스티 직업훈련센터(MVC) 감리사 선정,교육,용역,"ㅇ 건축, 인테리어, 구조, 기계, 전기, 통신, 소방, 토목, 조경, Signage, 부대시설 등 일괄공사에 대한 감리ㅇ 시청으로부터 건축허가사항 및 공사를 위한 관련 정부기관 승인 입수, 건물 준공승인 취득을 위한 관련 업무 협조ㅇ 시공단계 검측 ㅇ 시공사 제출서류 검토 및 보고ㅇ 예비/준공 검사 실시 및 준공서류 검토 ㅇ 준공 후 하자현황 및 하자처리 현황 점검 및 보고",114678000,발주계획 입찰한도액; 계획 변경 가능,일반경쟁,적격심사,2025-03,1,시설어+공사어;시설어+설계감리어,공사;시공;건물;센터;시설;감리,,,,,0
15085055:171,171,15085055,https://www.data.go.kr/data/15085055/fileData.do,,,,0.411,0,,,,방글라데시사무소,방글라데시,0,"방글라데시 선진시장형 기술인력 양성을 위한 차토그램 한방직업훈련원 직업훈련체계 현대화(24·27/1,000만불) 사업 PMC 용역",교육,용역,"ㅇ 신규 공과 3개 교육과정(용접, 도장 및 산업자동화) 및 교재 개발ㅇ 신규 공과 3개 교육과정 TOT 수행ㅇ 신규 공과 3개 교육과정 NTVQF 자격 취득 또는 평가자 양성 지원, 평가 컨설팅 제공ㅇ 산학협력(취업박람회 개최, 취업 중심 산학협력 전담 조직 설립 지원 등)ㅇ 기자재 공급 및 설치 지원 위한 PC 선정(RFP 작성 등) 지원ㅇ 초청연수(고위급 및 실무자 과정)ㅇ 사업 및 성과관리(성과, 모니터링, 홍보 등)",3594142299,발주계획 입찰한도액; 계획 변경 가능,일반경쟁,협상에 의한 계약(기술가격종합평가),2025-03,0,,훈련원,,,,,0
15085055:172,172,15085055,https://www.data.go.kr/data/15085055/fileData.do,,2021-00075,official_report_title_containment,0.990,1,L2023-00006-1;L2023-00019-1;L2023-00022-1,,,동티모르사무소,동티모르,0,동티모르 농민참여형 가치사슬 개선사업(2021·2025/600만불) 3차 기자재 공급,농촌개발,물품,"파머스마켓 비품 50종(에어컨, 업소용냉장고, 쇼케이스 등)",26220000,발주계획 입찰한도액; 계획 변경 가능,수의계약,,2025-02,0,,,,,,,0
15085055:173,173,15085055,https://www.data.go.kr/data/15085055/fileData.do,,2016-00062,official_report_title_containment,0.990,0,,,,피지사무소,솔로몬군도,0,솔로몬군도 국립대학교 수산인력양성 지원사업(14·18/500만불) 사후지원 PMC 용역,교육,용역,솔로몬군도 국립대학교 수산학과 사후지원 PMC,218902597,발주계획 입찰한도액; 계획 변경 가능,일반경쟁,협상에 의한 계약(기술평가),2025-02,0,,대학;학교,,,,,0
15085055:174,174,15085055,https://www.data.go.kr/data/15085055/fileData.do,,,,0.471,0,,,,탄자니아사무소,탄자니아,0,"탄자니아 여성 청소년 STEM 교육 지원사업('23·'27/1,000만불)",교육,용역,탄자니아 여성청소년을 위한 STEM 교육사업 기초선조사,150000000,발주계획 입찰한도액; 계획 변경 가능,일반경쟁,협상에 의한 계약(기술가격종합평가),2025-03,0,,,,,,,0
15085055:175,175,15085055,https://www.data.go.kr/data/15085055/fileData.do,,,,0.151,0,,,,홍보실,국내,0,피코(PeKO) 패밀리 캐릭터 개발 및 콘텐츠 제작 용역(안),기타,용역,"캐릭터 기본형 및 응용형 개발, 매뉴얼 제작, 지적재산권 등록, 캐릭터 어워즈 출품, 캐릭터 활용 콘텐츠 제작 등",125000000,발주계획 입찰한도액; 계획 변경 가능,일반경쟁,협상에 의한 계약(기술평가),2025-02,0,,,,,,,0
15085055:176,176,15085055,https://www.data.go.kr/data/15085055/fileData.do,,,,0.343,0,,,,동남아시아1팀,베트남;캄보디아;라오스;미얀마;필리핀;인도네시아;동티모르,0,동남아시아 지역 건설사업관리(CM) 용역,기타,용역,"동남아시아 지역 감독권한대행 건설사업관리 용역· KOICA  건설사업 전과정에서 발생하는 건축 및 관련분야(토목, 전기, 구조, 기계, 소방 등)의 건설사업관리· 단장을 비롯한 국내 총괄팀과 기술지원팀, 파견 필요국 별 상주CM 으로 조직 구성",4000000000,발주계획 입찰한도액; 계획 변경 가능,일반경쟁,협상에 의한 계약(기술가격종합평가),2025-03,0,,건설사업관리,,,,,0
15085055:177,177,15085055,https://www.data.go.kr/data/15085055/fileData.do,,,,0.474,0,,,,동남아시아1팀,라오스,0,라오스 재활서비스 접근성 향상 및 역량강화 사업(25·29/880만불) PMC 용역,보건의료,용역,"△건축 및 기자재 조달 지원, △의료 인력 및 관리자 역량강화, △아웃리치 프로그램 운영 지원 등",4100000000,발주계획 입찰한도액; 계획 변경 가능,일반경쟁,협상에 의한 계약(기술평가),2025-12,0,,,,,,,0
15085055:178,178,15085055,https://www.data.go.kr/data/15085055/fileData.do,,2024-00015,official_report_title_containment,0.990,1,L2025-00036-1,,,캄보디아사무소,캄보디아,0,캄보디아 당까오 후송병원 공공의료서비스 개선사업 병원설계용역,보건의료,용역,"건축 연면적 3,700m2 3개층 규모 병원 건물 설계",413452000,발주계획 입찰한도액; 계획 변경 가능,일반경쟁,협상에 의한 계약(기술가격종합평가),2025-05,1,시설어+설계감리어,건물;병원;설계,3700,3700,explicit_gross_floor_area,,0
15085055:179,179,15085055,https://www.data.go.kr/data/15085055/fileData.do,,2020-00086,official_report_title_containment,0.990,1,L2022-00003-1;L2023-00007-1;L2023-00036-1;L2023-00053-1,,,우즈베키스탄사무소,우즈베키스탄,0,"우즈베키스탄 우르겐치 직업훈련원 건립 및 직업훈련 제도역량 공고화 지원 사업(20·25/1,400만불) 기자재 공급 및 설치",교육,물품,우르겐치 소재 직업훈련원 및 타슈켄트 소재 교사연수센터에 직훈 기자재 제작/납품/설치,2215233821,발주계획 입찰한도액; 계획 변경 가능,일반경쟁,협상에 의한 계약(기술가격종합평가),2025-01,1,강한건축어,건립;센터;훈련원,,,,,0
15085055:180,180,15085055,https://www.data.go.kr/data/15085055/fileData.do,,2020-00086,official_report_title_containment,0.990,1,L2022-00003-1;L2023-00007-1;L2023-00036-1;L2023-00053-1,,,우즈베키스탄사무소,우즈베키스탄,0,"우즈베키스탄 우르겐치 직업훈련원 건립 및 직업훈련 제도역량 공고화 지원 사업(20·25/1,400만불) 가구 공급 및 설치",교육,물품,우르겐치 직업훈련원과 타슈켄트 교사연수센터 가구  제조/공급/설치,371945490,발주계획 입찰한도액; 계획 변경 가능,일반경쟁,협상에 의한 계약(기술가격종합평가),2025-01,1,강한건축어,건립;센터;훈련원,,,,,0
15085055:181,181,15085055,https://www.data.go.kr/data/15085055/fileData.do,,,,0.218,0,,,,평가실,다국가,0,2025년도 KOICA 기초교육 분야  전략 프로그램 성과평가 및 사업 종료평가 용역,교육,용역,"교육분야 사업 종료평가 및 전략평가, 이해관계자 제언사항 환류 등",438800000,발주계획 입찰한도액; 계획 변경 가능,일반경쟁,협상에 의한 계약(기술가격종합평가),2025-02,0,,,,,,,0
15085055:182,182,15085055,https://www.data.go.kr/data/15085055/fileData.do,,,,0.286,0,,,,평가실,팔레스타인,0,2025년 KOICA 팔레스타인 CP평가 용역,기타,용역,"1) 대상 국가별 사업 포트폴리오 평가, 2) 포트폴리오 평가 결과를 통한 시사점 도출 및 CP 고도화에 필요한 구체적 제언 제시, 3) 국내 및 현지 이해관계자를 대상으로 한 포트폴리오 평가 결과 및 제언사항 환류",197600000,발주계획 입찰한도액; 계획 변경 가능,일반경쟁,협상에 의한 계약(기술가격종합평가),2025-02,0,,,,,,,0
15085055:183,183,15085055,https://www.data.go.kr/data/15085055/fileData.do,,,,0.438,0,,,,평가실,스리랑카,0,스리랑카 폐기물 사업 영향평가 용역,환경및기타,용역,"영향평가 계획 수립 및 평가 수행계획서 작성, 국내 및 현지 조사 실시, 영향평가 실시 및 결과 분석, 국내·현지 이해관계자 대상 평가 결과 환류",797200000,발주계획 입찰한도액; 계획 변경 가능,일반경쟁,협상에 의한 계약(기술가격종합평가),2025-04,0,,,,,,,0
15085055:184,184,15085055,https://www.data.go.kr/data/15085055/fileData.do,,,,0.757,0,,,,평가실,라오스;방글라데시,0,혁신적 농촌공동체 개발 프로그램 영향평가용역,농촌개발,용역,"영향평가 계획 수립 및 평가 수행계획서 작성, 국내 및 현지 조사 실시, 영향평가 실시 및 결과 분석, 국내·현지 이해관계자 대상 평가 결과 환류",1200000000,발주계획 입찰한도액; 계획 변경 가능,일반경쟁,협상에 의한 계약(기술가격종합평가),2025-12,0,,,,,,,0
15085055:185,185,15085055,https://www.data.go.kr/data/15085055/fileData.do,,2021-00009,existing_db_title_containment,0.990,1,L2024-00063-1;L2025-00004-1,,,인도네시아사무소,인도네시아,0,인도네시아 국립대학교 ICT기반 통합지식교육센터 구축 사업(21·26/985만불) 시공 용역,교육,공사,"· 용도 : 교육시설· 대지면적 : 4,517m2· 건축면적 : 1,003m2· 연면적 : 7,687m2· 규모 : 지하1층, 지상8층, 1개동· 구조 : RC구조· 공사기간 : 착공일로부터 15개월",6776000000,발주계획 입찰한도액; 계획 변경 가능,일반경쟁,적격심사,2025-01,1,입찰구분=공사+시설어;시설어+공사어,공사;시공;대학;센터;시설;학교,4517;1003;7687,7687,explicit_gross_floor_area,881488,1
15085055:186,186,15085055,https://www.data.go.kr/data/15085055/fileData.do,,,,0.385,0,,,,중미·카리브팀,도미니카공화국,0,도미니카공화국 여성 중심 취약계층 사회.경제적 역량강화사업(20·26/550만불) 2차 PMC 용역,기타,용역,"ㅇ CSC(직업훈련센터) 건축 설계 및 시공·기자재 조달 지원    ㅇ 취창업 프로그램 운영 지원 및 수원기관 운영 사항 모니터링    ㅇ 성평등 강화 네트워크 활동 운영    ㅇ 사업관리(성과, 모니터링, 홍보)",1949677819,발주계획 입찰한도액; 계획 변경 가능,일반경쟁,협상에 의한 계약(기술평가),2025-03,1,시설어+공사어;시설어+설계감리어,시공;센터;설계,,,,,0
15085055:187,187,15085055,https://www.data.go.kr/data/15085055/fileData.do,,2022-00079,existing_db_title_containment,0.990,1,L2023-00071-1;L2024-00053-1;L2025-00002-1,,,동남아시아2팀,인도네시아,0,인도네시아 사이버보안 전문인력양성 역량강화사업(22·27/740만불) 기자재 PC사 선정,교육,물품,인도네시아 사이버보안 전문인력양성 역량강화사업 기자재 공급,1118966019,발주계획 입찰한도액; 계획 변경 가능,일반경쟁,협상에 의한 계약(기술가격종합평가),2025-09,0,,,,,,,0
15085055:188,188,15085055,https://www.data.go.kr/data/15085055/fileData.do,,,,0.333,0,,,,탄자니아사무소,탄자니아,0,"탄자니아 모로고로 주 폴리텍대학 건립 및 기술교육훈련 사업(25·30/1,950만불) PMC 용역",교육,용역,"폴리텍대학의 설계, 시공 및 기자재 공급을 제외한 전체 과업에 대한 실행 및 관리",3864000000,발주계획 입찰한도액; 계획 변경 가능,일반경쟁,협상에 의한 계약(기술가격종합평가),2025-07,1,강한건축어;시설어+공사어;시설어+설계감리어,건립;시공;대학;설계,,,,,0
15085055:189,189,15085055,https://www.data.go.kr/data/15085055/fileData.do,,2022-00048,official_report_title_containment,0.990,1,L2024-00021-1;L2024-00022-1,,,서남아시아팀,몽골,0,몽골 초중고등학교 급식환경 개선 및 역량강화 사업 (22·26/800만불) 급식 기자재,교육,물품,급식 기자재,19900000,발주계획 입찰한도액; 계획 변경 가능,승낙사항,적격심사,2025-03,0,,학교,,,,,0
15085055:190,190,15085055,https://www.data.go.kr/data/15085055/fileData.do,,2022-00048,official_report_title_containment,0.990,1,L2024-00021-1;L2024-00022-1,,,서남아시아팀,몽골,0,몽골 초중고등학교 급식환경 개선 및 역량강화 사업 (22·26/800만불) 급식기기 기자재 제작 및 설치,교육,물품,급식기기 기자재(직접생산),449512692,발주계획 입찰한도액; 계획 변경 가능,제한경쟁,적격심사,2025-06,0,,학교,,,,,0
15085055:191,191,15085055,https://www.data.go.kr/data/15085055/fileData.do,,2022-00048,official_report_title_containment,0.990,1,L2024-00021-1;L2024-00022-1,,,서남아시아팀,몽골,0,몽골 초중고등학교 급식환경 개선 및 역량강화 사업 (22·26/800만불) 가구 기자재 제조 및 설치,교육,물품,가구 기자재(직접생산) 조달 등,161124657,발주계획 입찰한도액; 계획 변경 가능,제한경쟁,적격심사,2025-06,0,,학교,,,,,0
15085055:192,192,15085055,https://www.data.go.kr/data/15085055/fileData.do,,2021-00075,official_report_title_containment,0.990,1,L2023-00006-1;L2023-00019-1;L2023-00022-1,,,동남아시아2팀,동티모르,0,동티모르 농민참여형 가치사슬 개선사업('21·'25/600만불),농촌개발,물품,"파머스마켓 비품 53종(에어컨, 업소용냉장고, 쇼케이스, 냉동탑차 등)",196136811,발주계획 입찰한도액; 계획 변경 가능,일반경쟁,적격심사,2025-01,0,,,,,,,0
15085055:193,193,15085055,https://www.data.go.kr/data/15085055/fileData.do,,,,0.609,0,,,,베트남사무소,베트남,0,베트남 후에시 문화관광 스마트시티 조성 지원사업의 다비엔섬 스마트 복합문화공간 및 보행교량 건축시공,기타,공사,"다비엔섬 복합문화공간 시공(취수장시설의 리모델링을 통해 조성되는 복합문화공간, 다비엔섬과 향강 남측 연안을 연결하는 보행전용교량 1개소)· 복합문화공간 외부 사이니지 포함",9455900000,발주계획 입찰한도액; 계획 변경 가능,일반경쟁,적격심사,2025-05,1,입찰구분=공사+시설어;강한건축어;시설어+공사어,리모델링;시공;시설,,,,,0
15085055:194,194,15085055,https://www.data.go.kr/data/15085055/fileData.do,,2016-00062,official_report_title_containment,0.990,0,,,,피지사무소,솔로몬군도,0,솔로몬군도 국립대학교 수산인력양성 지원사업(‘14·’18/500만불),교육,공사,학교 시설 개보수,100726847,발주계획 입찰한도액; 계획 변경 가능,일반경쟁,최저가,2025-05,1,입찰구분=공사+시설어,대학;시설;학교,,,,,0
15085055:195,195,15085055,https://www.data.go.kr/data/15085055/fileData.do,,2023-00033,official_report_title_containment,0.990,0,,,,피지사무소,피지,0,피지 신재생에너지 확산 및 역량강화사업(23·26/700만불) 시공 용역,산업에너지,공사,태양광 발전설비 시공,3587000000,발주계획 입찰한도액; 계획 변경 가능,일반경쟁,적격심사,2025-12,0,,시공,,,,,0
15085055:196,196,15085055,https://www.data.go.kr/data/15085055/fileData.do,,2022-00076,official_report_title_containment,0.990,1,L2023-00038-1;L2025-00051-1;L2025-00051-2,,,피지사무소,피지,0,"피지 국립재활센터 건립사업(22·27/1,000만불) 시공 용역",보건의료,공사,재활센터 시공,7259095740,발주계획 입찰한도액; 계획 변경 가능,일반경쟁,적격심사,2025-07,1,입찰구분=공사+시설어;강한건축어;시설어+공사어,건립;시공;센터,,,,,0
15085055:197,197,15085055,https://www.data.go.kr/data/15085055/fileData.do,,,,0.353,0,,,,서남아시아팀,스리랑카;방글라데시;파키스탄;네팔;그외 서남아태평양국가,0,서남아태평양지역 건설사업관리(CM) 용역,기타,용역,서남아태평양 지역 건설사업에 대한 감독권한대행 건설사업관리 용역KOICA 건설사업 전과정에서 발생하는 건설공사 전 범위에 대한 건설사업 관리 제반 업무,3800000000,발주계획 입찰한도액; 계획 변경 가능,일반경쟁,협상에 의한 계약(기술가격종합평가),2025-08,0,,공사;건설사업관리,,,,,0
15085055:198,198,15085055,https://www.data.go.kr/data/15085055/fileData.do,,,,0.533,0,,,,해외봉사관리팀,파라과이,0,파라과이 산토도밍고 노인보건의료복지센터 운영 역량강화 프로젝트 봉사단 사업,보건의료,용역,프로젝트  봉사단 사업 기획 및 운영 · 수행계획 수립 및 실시 · 사업관리 및 운영 · 봉사단 모집/홍보/선발 · 단원 주거지 탐색 및 현장사업 기획 등 단원 파견 준비 · 단원 현장 파견 및 관리 등,1890905206,발주계획 입찰한도액; 계획 변경 가능,일반경쟁,협상에 의한 계약(기술가격종합평가),2025-04,0,,센터,,,,,0
15085055:199,199,15085055,https://www.data.go.kr/data/15085055/fileData.do,,,,0.552,0,,,,해외봉사관리팀,탄자니아,0,탄자니아 잔지바르 중등학교 과학실험교육 역량강화 및 위생환경 개선 프로젝트 봉사단 사업 PMC 용역,교육,용역,프로젝트  봉사단 사업 기획 및 운영 · 수행계획 수립 및 실시 · 사업관리 및 운영 · 봉사단 모집/홍보/선발 · 단원 주거지 탐색 및 현장사업 기획 등 단원 파견 준비 · 단원 현장 파견 및 관리 등,1829796045,발주계획 입찰한도액; 계획 변경 가능,일반경쟁,협상에 의한 계약(기술가격종합평가),2025-04,0,,학교,,,,,0
15085055:200,200,15085055,https://www.data.go.kr/data/15085055/fileData.do,,,,0.312,0,,,,해외봉사관리팀,캄보디아,0,캄보디아 장애학교 점자 문해력 향상 및 장애인식 개선을 위한 프로젝트 봉사단 사업 PMC 용역,교육,용역,프로젝트  봉사단 사업 기획 및 운영 · 수행계획 수립 및 실시 · 사업관리 및 운영 · 봉사단 모집/홍보/선발 · 단원 주거지 탐색 및 현장사업 기획 등 단원 파견 준비 · 단원 현장 파견 및 관리 등,1650617133,발주계획 입찰한도액; 계획 변경 가능,일반경쟁,협상에 의한 계약(기술가격종합평가),2025-04,0,,학교,,,,,0
15085055:201,201,15085055,https://www.data.go.kr/data/15085055/fileData.do,,,,0.438,0,,,,해외봉사관리팀,콜롬비아,0,콜롬비아 보고타 국립직업훈련학교 혁신창업교육 역량 강화를 위한 프로젝트 봉사단 사업 PMC 용역,교육,용역,프로젝트  봉사단 사업 기획 및 운영 · 수행계획 수립 및 실시 · 사업관리 및 운영 · 봉사단 모집/홍보/선발 · 단원 주거지 탐색 및 현장사업 기획 등 단원 파견 준비 · 단원 현장 파견 및 관리 등,1740743270,발주계획 입찰한도액; 계획 변경 가능,일반경쟁,협상에 의한 계약(기술가격종합평가),2025-04,0,,학교,,,,,0
15085055:202,202,15085055,https://www.data.go.kr/data/15085055/fileData.do,,,,0.418,0,,,,해외봉사관리팀,엘살바도르,0,엘살바도르 산살바도르시 아동권리중심 교육지원 프로젝트 봉사단 사업 PMC 용역,교육,용역,프로젝트  봉사단 사업 기획 및 운영 · 수행계획 수립 및 실시 · 사업관리 및 운영 · 봉사단 모집/홍보/선발 · 단원 주거지 탐색 및 현장사업 기획 등 단원 파견 준비 · 단원 현장 파견 및 관리 등,1670318460,발주계획 입찰한도액; 계획 변경 가능,일반경쟁,협상에 의한 계약(기술가격종합평가),2025-04,0,,,,,,,0
15085055:203,203,15085055,https://www.data.go.kr/data/15085055/fileData.do,,,,0.419,0,,,,해외봉사관리팀,세네갈,0,세네갈 잠냐조 고등기술대학교 자동차 학과 교사 역량강화를 통한 실습환경 개선 프로젝트 봉사단 사업 PMC 용역,교육,용역,프로젝트  봉사단 사업 기획 및 운영 · 수행계획 수립 및 실시 · 사업관리 및 운영 · 봉사단 모집/홍보/선발 · 단원 주거지 탐색 및 현장사업 기획 등 단원 파견 준비 · 단원 현장 파견 및 관리 등,1129000000,발주계획 입찰한도액; 계획 변경 가능,일반경쟁,협상에 의한 계약(기술가격종합평가),2025-02,0,,대학;학교,,,,,0
15085055:204,204,15085055,https://www.data.go.kr/data/15085055/fileData.do,,,,0.483,0,,,,해외봉사관리팀,방글라데시,0,방글라데시 직업훈련원 기반 한국어 교육 프로젝트 봉사단 사업 PMC 용역,교육,용역,프로젝트  봉사단 사업 기획 및 운영 · 수행계획 수립 및 실시 · 사업관리 및 운영 · 봉사단 모집/홍보/선발 · 단원 주거지 탐색 및 현장사업 기획 등 단원 파견 준비 · 단원 현장 파견 및 관리 등,1564027819,발주계획 입찰한도액; 계획 변경 가능,일반경쟁,협상에 의한 계약(기술가격종합평가),2025-04,0,,훈련원,,,,,0
15085055:205,205,15085055,https://www.data.go.kr/data/15085055/fileData.do,,,,0.462,0,,,,해외봉사관리팀,몽골,0,몽골 관광 인력 역량강화 프로젝트 봉사단 사업 PMC 용역,교육,용역,프로젝트  봉사단 사업 기획 및 운영 · 수행계획 수립 및 실시 · 사업관리 및 운영 · 봉사단 모집/홍보/선발 · 단원 주거지 탐색 및 현장사업 기획 등 단원 파견 준비 · 단원 현장 파견 및 관리 등,1784306103,발주계획 입찰한도액; 계획 변경 가능,일반경쟁,협상에 의한 계약(기술가격종합평가),2025-04,0,,,,,,,0
15085055:206,206,15085055,https://www.data.go.kr/data/15085055/fileData.do,,,,0.370,0,,,,해외봉사관리팀,르완다,0,르완다 청소년 역량강화 및 지역사회 아웃리치를 위한 프로젝트 봉사단 사업 PMC 용역,교육,용역,프로젝트  봉사단 사업 기획 및 운영 · 수행계획 수립 및 실시 · 사업관리 및 운영 · 봉사단 모집/홍보/선발 · 단원 주거지 탐색 및 현장사업 기획 등 단원 파견 준비 · 단원 현장 파견 및 관리 등,1800269877,발주계획 입찰한도액; 계획 변경 가능,일반경쟁,협상에 의한 계약(기술가격종합평가),2025-04,0,,,,,,,0
15085055:207,207,15085055,https://www.data.go.kr/data/15085055/fileData.do,,,,0.286,0,,,,해외봉사관리팀,도미니카공화국,0,도미니카공화국 문화예술을 통한 취약계층 청소년 정서 및 심리 치유 프로젝트 봉사단 사업,교육,용역,프로젝트  봉사단 사업 기획 및 운영 · 수행계획 수립 및 실시 · 사업관리 및 운영 · 봉사단 모집/홍보/선발 · 단원 주거지 탐색 및 현장사업 기획 등 단원 파견 준비 · 단원 현장 파견 및 관리 등,1880643958,발주계획 입찰한도액; 계획 변경 가능,일반경쟁,협상에 의한 계약(기술가격종합평가),2025-04,0,,,,,,,0
15085055:208,208,15085055,https://www.data.go.kr/data/15085055/fileData.do,,,,0.769,0,,,,아프리카1팀,에티오피아,0,에티오피아 아다마 과학기술대학 ICT 교육역량강화사업(2013·2017/555만불) 사후지원 기자재 용역,교육,물품,발전기 관련 기자재 납품 및 유지보수 교육,48000000,발주계획 입찰한도액; 계획 변경 가능,수의계약,,2025-02,0,,대학,,,,,0
15085055:209,209,15085055,https://www.data.go.kr/data/15085055/fileData.do,,,,0.412,0,,,,네팔사무소,네팔,0,네팔 간다키 지역 기술교육학교 건립사업(2024·2030/900만불) 사업수행용역자(PMC) 선정을 위한 입찰,교육,용역,"ㅇ Gandaki Institute of Technology(이하 GIT) 교육과정 및 교재개발  ㅇ 관리자 및 교사 역량강화를 위한 초청연수, 현지연수, 역량강화 자문  ㅇ 기술교육학교 운영 위한 마스터플랜 수립 및 시범운영  ㅇ 실습환경 구축지원/기자재    · 기자재 구성 검토, 가격조사 및 세부사양서 작성    · 기자재 공급업체 발주를 위한 입찰제안 요청서 등 관련 문서 작성 지원     · 기자재 국내검수 및/국외 검수 지원, 기자재 설치 지원    · 기자재 활용 교육 실시 및 자문  ㅇ 건축 관련 스페이스프로그램 검토 및 자문  ㅇ Project 운영위원회 구성 및 운영, 사업홍보, 성과관리 등 사업관리",2888600215,발주계획 입찰한도액; 계획 변경 가능,일반경쟁,협상에 의한 계약(기술가격종합평가),2025-03,1,강한건축어,건립;학교,,,,,0
15085055:210,210,15085055,https://www.data.go.kr/data/15085055/fileData.do,,,,0.413,0,,,,탄자니아사무소,탄자니아,0,"탄자니아 다르에스살람 주 고위험 산모 및 신생아 관리 서비스 개선을 통한 통합적 모자보건 개선사업('25·'29/1,450만불) PMC 용역 입찰",보건의료,용역,"탄자니아 다르에스살람 주 고위험 산모 및 신생아 관리 서비스 개선을 통한 통합적 모자보건 개선사업('25·'29/1,450만불) PMC 용역 입찰",5885068526,발주계획 입찰한도액; 계획 변경 가능,일반경쟁,협상에 의한 계약(기술가격종합평가),2025-06,0,,,,,,,0
15085055:211,211,15085055,https://www.data.go.kr/data/15085055/fileData.do,,2013-00059,official_report_title_containment,0.990,0,,,,서남아시아팀,파키스탄,0,파키스탄 국립섬유대학 산업용 섬유센터 설립사업 2차사업(22·28/795만불) 기자재 제작 및 공급 용역,산업에너지,물품,"SMXS, Pilot Plant 등 특수 제작 섬유 기자재의 제작 및 공급",3516831200,발주계획 입찰한도액; 계획 변경 가능,일반경쟁,협상에 의한 계약(기술가격종합평가),2025-03,0,,대학;센터,,,,,0
15085055:212,212,15085055,https://www.data.go.kr/data/15085055/fileData.do,,,,0.302,0,,,,아프리카2팀,이집트,0,"이집트 무역 촉진을 위한 수출입청 위험기반검사 및 추적 시스템 구축 사업('25·'29/1,100만불) PMC 용역",행정제도,용역,·,2088482019,발주계획 입찰한도액; 계획 변경 가능,일반경쟁,협상에 의한 계약(기술가격종합평가),2025-06,0,,,,,,,0
15085055:213,213,15085055,https://www.data.go.kr/data/15085055/fileData.do,,,,0.874,0,,,,서남아시아팀,파키스탄,0,파키스탄 펀잡주 물탄시티 기후변화 적응을 위한 홍수방재 마스터플랜 수립 및 우수저류시설 설치사업 설계 용역,기타,용역,파키스탄 펀잡주 물탄시티 기후변화 적응을 위한 홍수방재 마스터플랜 수립 및 우수저류시설 설치사업 설계 용역 현지입찰,351000062,발주계획 입찰한도액; 계획 변경 가능,일반경쟁,협상에 의한 계약(기술평가),2025-08,1,시설어+설계감리어,시설;설계,,,,,0
15085055:214,214,15085055,https://www.data.go.kr/data/15085055/fileData.do,,2025-00099,existing_db_title_containment,0.990,1,L2025-00108-1,,,아프리카2팀,알제리,0,알제리 경찰청 과학수사 역량강화사업('25·'29/800만불) PMC 용역,행정제도,용역,· 역량강화 교육· 지식확산· 알제리 경찰과학기술원 개선을 위한 기술지원· 사업관리 및 홍보· 성과관리,10400000000,발주계획 입찰한도액; 계획 변경 가능,수의계약,,2025-11,0,,,,,,,0
15085055:215,215,15085055,https://www.data.go.kr/data/15085055/fileData.do,,2023-00094,official_report_title_containment,0.990,0,,,,아프리카2팀,알제리,0,알제리 대기환경 모니터링 시스템 구축 및 대기관리 역량강화사업('23·'27/550만불) 시스템 개발,환경및기타,용역,대기환경 정보관리시스템 구축,1200733697,발주계획 입찰한도액; 계획 변경 가능,일반경쟁,협상에 의한 계약(기술가격종합평가),2025-09,0,,,,,,,0
15085055:216,216,15085055,https://www.data.go.kr/data/15085055/fileData.do,,2025-00019,official_report_title_containment,0.990,0,,,,서남아시아팀,네팔,0,네팔 과일 및 채소 가치사슬 개발사업(2단계) PMC 용역,농촌개발,용역,"▪ 과일 및 채소 가치사슬 지원 체계 개선▪ 시장수요 기반 과일 및 채소 생산 증대▪ 수확후관리 기술 현장 보급▪ 농민과 협동조합의 유통·판매 역량 강화▪ 성과관리, 사업관리 및 홍보 등",11841907468,발주계획 입찰한도액; 계획 변경 가능,일반경쟁,협상에 의한 계약(기술가격종합평가),2025-09,0,,,,,,,0
15085055:217,217,15085055,https://www.data.go.kr/data/15085055/fileData.do,,,,0.781,0,,,,서남아시아팀,네팔,0,"네팔 Province7 지역 숙련인력 양성을 위한 폴리테크닉 설립사업('25·'29/1,000만불)",교육,용역,"▪ 기술교육원 운영 마스터플랜 개발▪ 교육프로그램 개발▪ 관리자 초청연수 1회▪ 교사 초청연수, 교사 현지연수 등",3640095128,발주계획 입찰한도액; 계획 변경 가능,일반경쟁,협상에 의한 계약(기술가격종합평가),2025-06,0,,교육원,,,,,0
15085055:218,218,15085055,https://www.data.go.kr/data/15085055/fileData.do,,2016-00024,official_report_title_containment,0.990,0,,,,동티모르사무소,동티모르,0,동티모르 베코라 기술고등학교 지원사업 사후지원 사업수행용역(PMC) 수행자 선정 입찰,교육,용역,"ㅇ (학교운영관리 자문)    · 학교운영관리 매뉴얼 개발 및 자문    · 기자재 관리 매뉴얼 개발 및 자문    · 취업관리 매뉴얼개발 및 자문  ㅇ (관리자 및 교사 역량강화)    · 교육부 공무원 및 학교관리자 초청연수    · 학교 3개 공과 훈련교사 초청연수    · 3개 공과 기자재 활용 교육 및 관리방법 자문  ㅇ (실습환경 구축지원/기자재 지원)     · 3개 공과 기존 고장 기자재 수리 및 응급조치 전수     · 지원 기자재 공급 업체 발주를 위한 입찰 제안 요청서 등 관련 문서 작성 지원     · 지원 기자재 국내검수 및 국외 검수 지원, 기자재 설치 지원    · 지원 기자재 활용 교육 실시 및 자문  ㅇ (실습환경 구축지원/시설보수)     · 식당 건물 전기공사 보수    · 기계과 CNC살 칸막이 및 에어컨 설치    · 건축과 실습실 지붕 보수   ㅇ (사업관리)     · 사후지원사업 관계자 회의 참석 등을 통한 사업관리    · 각종 홍보물 (리플렛, SNS게시물 등)제작을 통한 사업홍보    · 현장 모니터링 실시 (반기/연차 보고서 제출)",1011468240,발주계획 입찰한도액; 계획 변경 가능,일반경쟁,협상에 의한 계약(기술평가),2025-01,1,시설어+공사어,공사;전기공사;건물;시설;학교,,,,,0
15085055:219,219,15085055,https://www.data.go.kr/data/15085055/fileData.do,,,,0.343,0,,,,아프리카1팀,르완다,0,"르완다 키갈리시 기후변화 대응을 위한 ICT 활용 그린 모빌리티 서비스 개선사업(’25·’29/1,430만불) PMC 용역",행정제도,용역,"ㅇ 키갈리시 도심모빌리티 전략 수립ㅇ 키갈리시 도심모빌리티 역량 강화ㅇ 버스정류장 개선 및 버스정보안내단말기(BIT) 설치 지점 선정ㅇ BIS/BMS 설계 및 App 개발ㅇ 전기버스 도입 및 시범 운영 계획 수립ㅇ 사업관리(성과, 모니터링, 홍보)",5797119761,발주계획 입찰한도액; 계획 변경 가능,제한경쟁,협상에 의한 계약(기술가격종합평가),2025-05,0,,설계,,,,,0
15085055:220,220,15085055,https://www.data.go.kr/data/15085055/fileData.do,,2025-00006,official_report_title_containment,0.990,0,,,,아프리카1팀,에티오피아,0,에티오피아 무역활성화를 위한 통합 관세행정 시스템 구축 사업 시스템 감리 용역,정보통신,용역,"정보시스템 구축 및 운영 점검, 사업자의 과업이행여부 점검, 사업진척도 및 이슈사항 보고",692292180,발주계획 입찰한도액; 계획 변경 가능,일반경쟁,협상에 의한 계약(기술가격종합평가),2025-12,0,,감리,,,,,0
15085055:221,221,15085055,https://www.data.go.kr/data/15085055/fileData.do,,2025-00006,official_report_title_containment,0.990,0,,,,아프리카1팀,에티오피아,0,에티오피아 무역활성화를 위한 통합 관세행정 시스템 구축 사업 기자재(PC)용역,정보통신,물품,"메모리 지원 및 설치, 스토리지 지원 및 설치",152291280,발주계획 입찰한도액; 계획 변경 가능,일반경쟁,적격심사,2025-07,0,,,,,,,0
15085055:222,222,15085055,https://www.data.go.kr/data/15085055/fileData.do,,2025-00006,official_report_title_containment,0.990,0,,,,아프리카1팀,에티오피아,0,에티오피아 무역활성화를 위한 통합 관세행정 시스템 구축 사업 PMC 용역,정보통신,용역,"BPR/ISP, 시스템 개발, 데이터 이관, 역량강화 및 사업관리(요소별 분리 발주 가능성 있음.)",15619534140,발주계획 입찰한도액; 계획 변경 가능,일반경쟁,협상에 의한 계약(기술가격종합평가),2025-03,0,,,,,,,0
15085055:223,223,15085055,https://www.data.go.kr/data/15085055/fileData.do,,2022-00039,official_report_title_containment,0.990,0,,,,에콰도르사무소,에콰도르,0,에콰도르 생물다양성 보전과 지속가능한 이용을 위한 국가 유전자원 데이터 은행 설립사업 실험실 기자재 입찰(바이오 센터·1),환경및기타,물품,실험실 기자재 입찰,281826520,발주계획 입찰한도액; 계획 변경 가능,일반경쟁,적격심사,2025-08,0,,센터;실험실,,,,,0
15085055:224,224,15085055,https://www.data.go.kr/data/15085055/fileData.do,,2022-00040,existing_db_title_containment,0.990,1,L2025-00064-1,,,에콰도르사무소,에콰도르,0,에콰도르 쿠엔카시 순환경제를 위한 폐기물 통합 관리 및 자원순환 역량강화사업 피차카이 자원집적단지 3개시설 설계,환경및기타,용역,"피차카이 자원집적단지 : 자원선별시설, 퇴비화 시설, 산업 폐기물 공동처리시설 설계",249599891,발주계획 입찰한도액; 계획 변경 가능,일반경쟁,협상에 의한 계약(기술평가),2025-09,1,시설어+설계감리어,시설;설계,,,,,0
15085055:225,225,15085055,https://www.data.go.kr/data/15085055/fileData.do,,,,0.990,0,,,,튀니지사무소,튀니지,0,튀니지 전자참여 확대 및 부패방지를 위한 시스템(국민신문고) 고도화 사업(24·28/600만불) 감리 용역,행정제도,용역,"사업관리 및 품질보증, 응용프로그램 감리, 데이터베이스 감리, 시스템 구조 감리, 시험 및 전환 감리 등",328402992,발주계획 입찰한도액; 계획 변경 가능,일반경쟁,협상에 의한 계약(기술평가),2025-08,0,,감리,,,,,0
15085055:226,226,15085055,https://www.data.go.kr/data/15085055/fileData.do,,,,0.350,0,,,,튀니지사무소,튀니지,0,"튀니지 글로벌 공공조달교육원 건립 사업(25·30/1,100만불) PMC 용역 입찰",행정제도,용역,"사업관리, 조달교육 컨설팅, 조달시스템 컨설팅, 교육역량강화, 모니터링, 성과관리",4563830865,발주계획 입찰한도액; 계획 변경 가능,일반경쟁,협상에 의한 계약(기술평가),2025-10,1,강한건축어,건립;교육원,,,,,0
15085055:227,227,15085055,https://www.data.go.kr/data/15085055/fileData.do,,2024-00105,official_report_title_containment,0.990,1,L2025-00097-1,,,키르기스스탄사무소,키르기스스탄,0,키르기스스탄 디지털 전환을 위한 국가 정보화 역량 강화 사업('24·'27/700만불),정보통신,용역,"키르기스스탄 국가 정보화 역량강화를 위한 Training Center 설계, 현황 측량 및 지질조사",155068550,발주계획 입찰한도액; 계획 변경 가능,일반경쟁,협상에 의한 계약(기술가격종합평가),2025-08,0,,설계,,,,,0
15085055:228,228,15085055,https://www.data.go.kr/data/15085055/fileData.do,,,,0.579,0,,,,동남아시아1팀,베트남,0,"베트남 법원 아카데미 디지털 혁신 기술 기반 역량강화사업('24·'28/1,470만불)",행정제도,용역,"△법원아카데미 교육운영 역량강화운영, △PC사(도서관정보화시스템 및 이러닝시스템 개선) 선정을 위한 지원, △PC사(기자재 제공)선정을 위한 지원, △사업관리(성과, 모니터링, 홍보)",3142000000,발주계획 입찰한도액; 계획 변경 가능,일반경쟁,협상에 의한 계약(기술가격종합평가),2025-03,0,,도서관,,,,,0
15085055:229,229,15085055,https://www.data.go.kr/data/15085055/fileData.do,,2022-00065,official_report_title_containment,0.990,0,,,,동남아시아2팀,필리핀,0,"필리핀 마카티시 스마트 대중교통체계 구축사업('22·'25/1,300만불) 기자재",환경및기타,물품,친환경 버스,5467906865,발주계획 입찰한도액; 계획 변경 가능,일반경쟁,적격심사,2025-10,0,,,,,,,0
15085055:230,230,15085055,https://www.data.go.kr/data/15085055/fileData.do,,,,0.130,0,,,,긴급대응팀,국내,0,2025년 KDRT 구조팀 구조장비 공급 용역,재난구호,물품,KDRT 구조장비 공급,259600000,발주계획 입찰한도액; 계획 변경 가능,일반경쟁,적격심사,2025-07,0,,,,,,,0
15085055:231,231,15085055,https://www.data.go.kr/data/15085055/fileData.do,,,,0.367,0,,,,남미팀,볼리비아,0,볼리비아 오루로 주 응급의료통제센터 설립 및 강화 사업(24·28/650만불)PMC 용역,보건의료,용역,볼리비아 오루로 주 응급의료통제센터 설립 및 강화 사업(24·28/650만불)PMC 용역,2523166633,발주계획 입찰한도액; 계획 변경 가능,일반경쟁,협상에 의한 계약(기술가격종합평가),2025-03,0,,센터,,,,,0
15085055:232,232,15085055,https://www.data.go.kr/data/15085055/fileData.do,,,,0.452,0,,,,유라시아팀,우즈베키스탄,0,우즈베키스탄 시뮬레이션 기반 훈련시설 구축을 통한 경찰역량 강화사업 시뮬레이션 개발 용역,행정제도,용역,우즈베키스탄 시뮬레이션 기반 훈련시설 구축을 통한 경찰역량 강화사업 시뮬레이션 개발 용역,608955305,발주계획 입찰한도액; 계획 변경 가능,일반경쟁,협상에 의한 계약(기술평가),2025-09,0,,시설,,,,,0
15085055:233,233,15085055,https://www.data.go.kr/data/15085055/fileData.do,,,,0.467,0,,,,유라시아팀,우즈베키스탄,0,우즈베키스탄 시뮬레이션 기반 훈련시설 구축을 통한 경찰역량 강화사업 기자재 공급 용역,행정제도,물품,우즈베키스탄 시뮬레이션 기반 훈련시설 구축을 통한 경찰역량 강화사업 기자재 공급 용역,1787469350,발주계획 입찰한도액; 계획 변경 가능,일반경쟁,협상에 의한 계약(기술가격종합평가),2025-12,0,,시설,,,,,0
15085055:234,234,15085055,https://www.data.go.kr/data/15085055/fileData.do,,,,0.622,0,,,,유라시아팀,우즈베키스탄,0,우즈베키스탄 문화유산 디지털 통합관리 및 활용 역량강화 사업('24·'28/849만불),행정제도,용역,우즈베키스탄 문화유산 디지털 통합관리 및 활용 역량강화 사업 PMC 용역,7489000000,발주계획 입찰한도액; 계획 변경 가능,일반경쟁,협상에 의한 계약(기술평가),2025-04,0,,,,,,,0
15085055:235,235,15085055,https://www.data.go.kr/data/15085055/fileData.do,,2021-00126,official_report_title_containment,0.990,1,L2024-00035-1;L2025-00008-1,,,아프리카1팀,케냐,0,케냐 카지아도주 보건시스템 강화를 통한 모성 및 신생아 보건 개선 사업('21·'26/605만불),보건의료,공사,· 표제 사업 산모대기소(3개소) 현지 시공 용역,897000000,발주계획 입찰한도액; 계획 변경 가능,일반경쟁,협상에 의한 계약(기술가격종합평가),2025-02,0,,시공,,,,,0
15085055:236,236,15085055,https://www.data.go.kr/data/15085055/fileData.do,,,,0.163,0,,,,긴급대응팀,무(KDRT 파견시 사용),0,KDRT 사무국 대원용 출동물품 구매 공급,재난구호,물품,KDRT 사무국 대원용 출동물품 구매 공급,50000000,발주계획 입찰한도액; 계획 변경 가능,일반경쟁,적격심사,2025-06,0,,,,,,,0
15085055:237,237,15085055,https://www.data.go.kr/data/15085055/fileData.do,,,,0.143,0,,,,긴급대응팀,무(KDRT 파견시 사용),0,KDRT 사무국 파견 출정복 공급,재난구호,물품,KDRT 사무국 파견 출정복 공급,50000000,발주계획 입찰한도액; 계획 변경 가능,일반경쟁,적격심사,2025-04,0,,,,,,,0
15085055:238,238,15085055,https://www.data.go.kr/data/15085055/fileData.do,,,,0.792,0,,,,중미·카리브팀,과테말라,0,과테말라 경찰 치안역량 강화를 위한 경찰고등교육원 개선 사업('24·'29/800만불),행정제도,용역,"ㅇ 사업내용 : △ 경찰 고등교육 전문인력 역량강화, △ 경찰고등교육원 신축 및 교육 기자재 지원, △경찰 고등교육 인식개선 및 성과홍보ㅇ 과업범위 : 프로젝트 사업 전반 관리 및 성과관리, PC 발주 지원 및 관리 등",2623272769,발주계획 입찰한도액; 계획 변경 가능,일반경쟁,협상에 의한 계약(기술평가),2025-05,1,강한건축어,신축;교육원,,,,,0
15085055:239,239,15085055,https://www.data.go.kr/data/15085055/fileData.do,,,,0.351,0,,,,중미·카리브팀,도미니카공화국,0,"도미니카공화국 카리브해 해조류 재해 대응 및 관리 역량강화 사업('25·'29/1,100만불)",환경및기타,용역,"ㅇ 사업내용 : △도미니카(공) 정부의 원격탐사기술 기반 모자반 모니터링 및 예측을 통한 효과적인 의사결정 역량강화, △효율적인 방재시설 개발 및 설치를 통해 모자반 해안 유입 제어 및 포집, △모자반 관리 및 활용 기반 확대를 통한 가리브해 군소 도서국 공동대응 역량 강화ㅇ 과업범위 : 프로젝트 사업 전반 관리 및 성과관리, PC 발주 지원 및 관리 등",10401034683,발주계획 입찰한도액; 계획 변경 가능,일반경쟁,협상에 의한 계약(기술평가),2025-07,0,,시설,,,,,0
15085055:240,240,15085055,https://www.data.go.kr/data/15085055/fileData.do,,,,0.455,0,,,,동남아시아2팀,인도네시아,0,인도네시아 보건인력 관리 체계 개선사업(24·27/500만불) PMC 용역,보건의료,용역,1. 마스터플랜 수립을 통한 국가보건인력관리체계 개선2. 컨설팅을 통한 근거기반 보건인력관리 정보시스템 개선3. 보건인력관리 역량강화를 통한 국가보건인력관리체계 개선4. 사업품질 및 성과관리,2903072417,발주계획 입찰한도액; 계획 변경 가능,일반경쟁,협상에 의한 계약(기술가격종합평가),2025-03,0,,,,,,,0
15085055:241,241,15085055,https://www.data.go.kr/data/15085055/fileData.do,,,,0.390,0,,,,남미팀,볼리비아,0,볼리비아 쌀 생산성 증대 및 사회적 경제 체계 강화를 통한 중소농민 포용적 지원사업 PMC 용역,농촌개발,용역,PMC 용역,4900000000,발주계획 입찰한도액; 계획 변경 가능,일반경쟁,협상에 의한 계약(기술가격종합평가),2025-12,0,,,,,,,0
15085055:242,242,15085055,https://www.data.go.kr/data/15085055/fileData.do,,,,0.545,0,,,,중동팀,팔레스타인,0,"팔레스타인 디지털 전환을 위한 혁신기술 R&D 역량강화사업(25·31/1,500만불) PMC 용역",교육,용역,"ㅇ ①인프라 ②인재 ③생태계/기술사업화의 3개의 핵심성과 달성을 위한 세부사업활동(WBS) 계획 수립 및 수행, 모니터링, 성과관리,",15356931180,발주계획 입찰한도액; 계획 변경 가능,일반경쟁,협상에 의한 계약(기술가격종합평가),2025-10,0,,,,,,,0
15085055:243,243,15085055,https://www.data.go.kr/data/15085055/fileData.do,,2016-00018,official_report_title_containment,0.990,0,,,,동남아시아2팀,필리핀,0,필리핀 동부사말 기안 펠리페 아브리고 지역 거점 공공병원 재건사업('15·'26/876.6만불),보건의료,물품,의료기자재,1083127105,발주계획 입찰한도액; 계획 변경 가능,일반경쟁,적격심사,2025-04,0,,병원,,,,,0
15085055:244,244,15085055,https://www.data.go.kr/data/15085055/fileData.do,,,,0.517,0,,,,동남아시아2팀,필리핀,0,필리핀 경찰청 범죄수사정보 통합관리 시스템 구축 사업 시스템 개발 용역,행정제도,용역,"△사업관리 및 역량강화, △시스템 구축 정보화 마스터플랜(ISAMP), △시스템 개발, △데이터클라우드 센터 구축 및 기자재 공급 등",2398065341,발주계획 입찰한도액; 계획 변경 가능,일반경쟁,협상에 의한 계약(기술가격종합평가),2025-03,0,,센터,,,,,0
15085055:245,245,15085055,https://www.data.go.kr/data/15085055/fileData.do,,,,0.632,0,,,,중미·카리브팀,엘살바도르,0,엘살바도르 산살바도르 도시교통 마스터플랜 수립 및 버스관리정보시스템 구축사업(시범시스템) 감리용역,정보통신,용역,산살바도르 버스관리정보시스템 감리,234382201,발주계획 입찰한도액; 계획 변경 가능,일반경쟁,협상에 의한 계약(기술가격종합평가),2025-06,0,,감리,,,,,0
15085055:246,246,15085055,https://www.data.go.kr/data/15085055/fileData.do,,,,0.585,0,,,,중미·카리브팀,엘살바도르,0,엘살바도르 산살바도르 도시교통 마스터플랜 수립 및 버스관리정보시스템 구축사업(시범시스템) 기자재 공급 및 설치 용역,산업에너지,물품,· 버스관리정보시스템 기자재 조달 및 설치· 기자재 기본 설치 교육 및 사후관리,2328802122,발주계획 입찰한도액; 계획 변경 가능,일반경쟁,협상에 의한 계약(기술가격종합평가),2025-06,0,,,,,,,0
15085055:247,247,15085055,https://www.data.go.kr/data/15085055/fileData.do,,,,0.593,0,,,,중미·카리브팀,엘살바도르,0,엘살바도르 산살바도르 도시교통 마스터플랜 수립 및 버스관리정보시스템 구축사업(시범시스템) 시스템개발 PC용역,정보통신,용역,버스관리정보 시범시스템 실시설계 및 구축,2841585625,발주계획 입찰한도액; 계획 변경 가능,일반경쟁,협상에 의한 계약(기술가격종합평가),2025-06,1,시설어+설계감리어,시설;설계;실시설계,,,,,0
15085055:248,248,15085055,https://www.data.go.kr/data/15085055/fileData.do,,2022-00003,official_report_title_containment,0.990,1,L2025-00080-1;L2025-00106-1;L2025-00107-1,,,아프리카2팀,세네갈,0,세네갈 국가공중보건 실험실 역량강화사업('22·'26/600만불) 실험실 리모델링 시공 용역,보건의료,공사,세네갈 국가공중보건실험실 리모델링 시공,1007400000,발주계획 입찰한도액; 계획 변경 가능,일반경쟁,적격심사,2025-09,1,입찰구분=공사+시설어;강한건축어;시설어+공사어,리모델링;시공;실험실,,,,,0
15085055:249,249,15085055,https://www.data.go.kr/data/15085055/fileData.do,,2023-00067,official_report_title_containment,0.990,1,L2024-00048-1;L2024-00056-1;L2024-00056-2;L2025-00052-1,,,아프리카2팀,코트디부아르,0,코트디부아르 펠릭스 우푸에 부아니대학교 ICT 교육역량 강화 및 ICT 혁신센터 설립 사업('23·'27/995만불) 기자재 공급,교육,물품,"ㅇ IT기자재, 실습기자재, 가구 및 교육용 소프트웨어 공급ㅇ 현지 설치",3895630004,발주계획 입찰한도액; 계획 변경 가능,일반경쟁,협상에 의한 계약(기술가격종합평가),2025-06,0,,대학;센터;학교,,,,,0
15085055:250,250,15085055,https://www.data.go.kr/data/15085055/fileData.do,,,,0.450,0,,,,남미팀,페루,0,"페루 이민청 이민 행정서비스 개선 및 역량강화 사업('25·'29/1,000만불) PMC 용역",행정제도,용역,"마스터플랜, 성과관리, 역량강화, 사업관리",2609279216,발주계획 입찰한도액; 계획 변경 가능,수의계약,,2025-12,0,,,,,,,0
15085055:251,251,15085055,https://www.data.go.kr/data/15085055/fileData.do,,,,0.459,0,,,,남미팀,페루,0,페루 클라우드 기반 중앙부처 전자문서 통합관리시스템 구축사업('23·'27/850만불) PC 용역,행정제도,용역,❍ 중앙부처 전자문서통합관리시스템(SIGD) 개발 ❍ 중앙부처 전자문서통합관리시스템(SIGD) 모바일 서비스 개발❍ 데이터 및 전자문서 이관❍  중앙부처 공무원 역량 강화,4839780207,발주계획 입찰한도액; 계획 변경 가능,일반경쟁,협상에 의한 계약(기술가격종합평가),2025-06,0,,,,,,,0
15085055:252,252,15085055,https://www.data.go.kr/data/15085055/fileData.do,,,,0.321,0,,,,아프리카1팀,르완다,0,"르완다 건조지역 농업 기후 회복력 지원 및 지역사회 청년층 그린잡 창출지원 사업('25·'29/1,480만불) PMC 용역",농촌개발,용역,1.1. 농경지 및 농업용수 공급 인프라 구축1.2. 농민 및 농민조직 역량강화2.1. 수확 후 관리시스템 구축2.2. 시장 접근성 강화3. 농촌 청년계층 그린잡 역량강화 및 취창업 지원4. 사업관리,6448543062,발주계획 입찰한도액; 계획 변경 가능,일반경쟁,협상에 의한 계약(기술가격종합평가),2025-10,0,,,,,,,0
15085055:253,253,15085055,https://www.data.go.kr/data/15085055/fileData.do,,2022-00171,official_report_title_containment,0.990,0,,,,아프리카1팀,르완다,0,르완다 농산물 가치사슬 스마트화 지원사업(`22·`26/950만불) 기자재 PC,농촌개발,물품,"ㅇ 저온 제습 건조 설비의 설계, 기자재 조달 및 설치  ㅇ 국내 구매 기자재 조달 및 설치  ㅇ 현지 구매 기자재 조달 및 설치  ㅇ 기자재 사용 교육, 시운전 및 현지 업체를 통한 사후관리",2581262861,발주계획 입찰한도액; 계획 변경 가능,일반경쟁,협상에 의한 계약(기술가격종합평가),2025-05,0,,설계,,,,,0
15085055:254,254,15085055,https://www.data.go.kr/data/15085055/fileData.do,,,,0.520,0,,,,아프리카2팀,코트디부아르,0,"코트디부아르 공공행정 혁신 및 공무원 디지털 역량강화사업('25·'28/1,000만불) PMC 용역",행정제도,용역,ㅇ 전문가 파견ㅇ 초청연수 및 현지연수ㅇ 교육훈련 시스템 구축 관련 기술지원ㅇ 사업관리 및 성과관리,6267702560,발주계획 입찰한도액; 계획 변경 가능,일반경쟁,협상에 의한 계약(기술가격종합평가),2025-06,0,,,,,,,0
15085055:255,255,15085055,https://www.data.go.kr/data/15085055/fileData.do,,,,0.400,0,,,,중미·카리브팀,세네갈 외,0,아프리카 지역 건설사업관리(CM) 용역,기타,용역,아프리카 지역 건설사업관리,3500000000,발주계획 입찰한도액; 계획 변경 가능,일반경쟁,협상에 의한 계약(기술가격종합평가),2025-06,0,,건설사업관리,,,,,0
15085055:256,256,15085055,https://www.data.go.kr/data/15085055/fileData.do,,,,0.303,0,,,,중미·카리브팀,볼리비아 외,0,중남미 지역 건설사업관리(CM) 용역,기타,용역,중남미 지역 건설사업관리,3500000000,발주계획 입찰한도액; 계획 변경 가능,일반경쟁,협상에 의한 계약(기술가격종합평가),2025-07,0,,건설사업관리,,,,,0
15085055:257,257,15085055,https://www.data.go.kr/data/15085055/fileData.do,,2021-00180,official_report_title_containment,0.990,0,,,,서남아시아팀,인도,0,인도 직업기술교육 역량강화사업('21·'25/200만불) PMC 용역,교육,용역,"o 메카트로닉스 직업교육훈련 체계 구축o 메카트로닉스 교사 기술지도 역량강화o 메카트로닉스 기자재 입찰 지원 및 감수o RIE/DMS 산학협력 프로그램 운영o 사업관리(성과, 모니터링, 홍보) 등* '25년  집행계획 현행화를 위한 추가 기획조사 후, 세부내용 변동 가능",1344552963,발주계획 입찰한도액; 계획 변경 가능,일반경쟁,협상에 의한 계약(기술가격종합평가),2025-07,0,,,,,,,0
15085055:258,258,15085055,https://www.data.go.kr/data/15085055/fileData.do,,,,0.990,0,,,,아프리카2팀,튀니지,0,튀니지 전자참여 확대 및 부패방지를 위한 시스템(국민신문고) 고도화 사업('24·'28/600만불),행정제도,용역,ㅇ정책컨설팅(마스터플랜 수립 등)ㅇe·people 시스템 BPR/ISP 및  시스템 설계ㅇ시스템 개발/인프라 도입 관련 기술 지원 및 관리감독ㅇ관계기관 역량강화 및 e·people시스템 인지도제고 활동ㅇ사업 성과관리,4460285414,발주계획 입찰한도액; 계획 변경 가능,일반경쟁,협상에 의한 계약(기술가격종합평가),2025-03,0,,설계,,,,,0
15085055:259,259,15085055,https://www.data.go.kr/data/15085055/fileData.do,,2022-00069,existing_db_title_containment,0.990,1,L2025-00059-1;L2025-00075-1;L2025-00094-1,,,필리핀사무소,필리핀,0,"필리핀 기마라스주 수산양식 역량강화를 통한 양식어민 소득증대 지원사업('22·'28/1,000만불)현지 시공 입찰",농촌개발,공사,수산양식 인프라 건축 및 시설 구축,2022700000,발주계획 입찰한도액; 계획 변경 가능,일반경쟁,적격심사,2025-10,1,입찰구분=공사+시설어;시설어+공사어,시공;시설,,,,,0
15085055:260,260,15085055,https://www.data.go.kr/data/15085055/fileData.do,,2022-00069,existing_db_title_containment,0.990,1,L2025-00059-1;L2025-00075-1;L2025-00094-1,,,필리핀사무소,필리핀,0,"필리핀 기마라스주 수산양식 역량강화를 통한 양식어민 소득증대 지원사업('22·'28/1,000만불)현지 설계 입찰",농촌개발,공사,수산양식 인프라 건축 및 시설 구축,404540000,발주계획 입찰한도액; 계획 변경 가능,일반경쟁,적격심사,2025-06,1,입찰구분=공사+시설어;시설어+설계감리어,시설;설계,,,,,0
15085055:261,261,15085055,https://www.data.go.kr/data/15085055/fileData.do,,,,0.393,0,,,,볼리비아사무소,볼리비아,0,볼리비아 감자생산 선진화를 위한 스마트팜 적용 시범사업 현지 설계사,농촌개발,용역,"ㅇ 추키사카 주 : 추키사카 씨감자 교육 및 훈련센터, 조직배양연구소, 저온저장고, 부대시설(경비실, 팬스 등)ㅇ 코차밤바 주 : 교육관",120336000,발주계획 입찰한도액; 계획 변경 가능,일반경쟁,협상에 의한 계약(기술가격종합평가),2025-09,1,시설어+설계감리어,센터;시설;연구소;설계,,,,,0
15085055:262,262,15085055,https://www.data.go.kr/data/15085055/fileData.do,,2020-00024,existing_db_title_containment,0.990,1,L2025-00019-1,,,가나사무소,가나,0,가나 관개지구 개선 및 물 관리 역량강화 사업(20·26/653만불) 농기자재 조달 용역,농촌개발,물품,사업 관련 농기자재 조달 용역,299040000,발주계획 입찰한도액; 계획 변경 가능,일반경쟁,적격심사,2025-11,0,,,,,,,0
15085055:263,263,15085055,https://www.data.go.kr/data/15085055/fileData.do,,2021-00016,official_report_title_containment,0.990,1,L2025-00018-1;L2025-00048-1;L2025-00063-1,,,가나사무소,가나,0,가나대학교 연구 및 ICT 혁신센터 건립 사업(21·26/900만불) 건축 감리 용역,교육,용역,G·K Impact 센터 건축 감리,285977400,발주계획 입찰한도액; 계획 변경 가능,일반경쟁,협상에 의한 계약(기술가격종합평가),2025-07,1,강한건축어;시설어+설계감리어,건립;대학;센터;학교;감리,,,,,0
15085055:264,264,15085055,https://www.data.go.kr/data/15085055/fileData.do,,2024-00029,official_report_title_containment,0.990,1,L2025-00060-1,,,코트디부아르사무소,코트디부아르,0,코트디부아르 지역균형발전을 위한 중부지역 직업전문학교 역량강화사업 설계 및 감리 용역,교육,용역,"ㅇ LPMMS 기존건물 리모델링, LPMMS 기숙사, 교실 6실, 실습실 6실 증축(신축)을 위한 설계 * LPMMS 기숙사(200명), 강의실(6), 실습실(6) 증축 및 구내식당 및 교실 개보수ㅇ 시공단계 관리(공정, 품질, 기성, 안전, 환경등)",591965400,발주계획 입찰한도액; 계획 변경 가능,일반경쟁,협상에 의한 계약(기술가격종합평가),2025-07,1,강한건축어;시설어+공사어;시설어+설계감리어,리모델링;신축;증축;시공;건물;기숙사;학교;감리;설계,,,,,0
15085055:265,265,15085055,https://www.data.go.kr/data/15085055/fileData.do,,,,0.528,0,,,,유라시아팀,우크라이나,0,"우크라이나 국립아동병원 오흐마디트 소아 트라우마 및 재활의료 서비스 강화 사업('25·'28/1,400만불)",보건의료,용역,"ㅇ 오흐마디트 국립아동병원 분원 1층 및 3층 리모델링 관련 지원  · 건축 스페이스 프로그램 최종안 협의 및 확정  · 기자재·집기 설치 관련사항 및 인테리어 관련사항에 대한 설계단계별 기술검토 의견 제공  · CM 요청 시, 시공단계 등 설계 시 특이점이나 기자재 설치 등과 관련된 자문 제공ㅇ 소아 외상·재활환자 진단 및 치료를 위한 의료기자재 조달 관련 지원  · 소아 외상·재활환자 진단 및 치료를 위한 영상의학, 정형외과, 재활치료 의료기자재 지원 목록 검토 및 최종 확정  · 기자재 유지관리 및 우크라이나 법령 제한사항 등을 고려한 기자재 RfP 작성(RfP 내용, 병원 측과 사전합의 必)    ※ 우크라이나 현행법상 수원국 반입 가능여부 등 면밀히 확인 필요  · 기자재 조달 모니터링 및 검수ㅇ 소아 외상·재활치료 의료진 역량강화  · 소아 외상·재활환자 진단 및 치료 강화를 위한 재활치료, 영상의학, 정형외과 의료인력 현지 직무훈련  · 소아 외상·재활환자 진단 및 치료 강화를 위한 재활치료, 영상의학, 정형외과 의료인력 대상 초청연수 (한국/실무자)  · 초청연수 교육 효과성 확산을 위한 동료 간 연수결과 전파교육 현지워크샵ㅇ 소아 외상·재활 행정역량 강화  · 소아 외상·재활환자의 오흐마디트 국립아동병원 분원 이용시의 편리성 증대를 위한 병원의료행정 역량강화 초청연수(한국/고위급)  · 소아 외상·재활환자의 오흐마디트 국립아동병원 분원 이용 시의 편리성 증대를 위한 병원행정 강화 컨설팅 ㅇ 우크라이나 내 면세를 위해 수원총괄기관(내각사무처)의 사업(ITA: International Technical Assistance) 등록·재등록 ·수정 시 필요한 서류 준비 지원ㅇ 사업관리(성과관리, 모니터링, 홍보, PC 관리 등)  · 전문가 투입 관리  · 기초선/중간선/종료선 조사, 성과관리, 성과 품질관리, 모니터링 등   ※ 사업 종료 후 종료평가 협조 必  · 사업운영위원회, 사업수행위원회 등 관련 회의 준비 및 주관  · 현지인력 계약(계약 전, 현지 인건비 수준 등 KOICA 우크라이나사무소와 사전 협의 권고)  · 행정 및 회계 지원  · 사업 홍보",2434103340,발주계획 입찰한도액; 계획 변경 가능,일반경쟁,협상에 의한 계약(기술가격종합평가),2025-08,1,강한건축어;시설어+공사어;시설어+설계감리어,리모델링;시공;병원;설계,,,,,0
15085055:266,266,15085055,https://www.data.go.kr/data/15085055/fileData.do,,2023-00030,official_report_title_containment,0.990,1,L2024-00041-1,,,키르기스스탄사무소,키르기스스탄,0,키르기스스탄 가축 품종개량 및 인공수정인력 역량강화사업 연수센터 신축 기술감리 현지입찰,농촌개발,용역,"표제사업 연수센터 신축 (1,825m2) 기술감리 용역",12696000,발주계획 입찰한도액; 계획 변경 가능,일반경쟁,협상에 의한 계약(기술평가),2025-12,1,강한건축어;시설어+설계감리어,신축;센터;감리,1825,1825,single_unlabelled_area,,0
15085055:267,267,15085055,https://www.data.go.kr/data/15085055/fileData.do,,2023-00096,existing_db_title_containment,0.990,1,L2025-00049-1;L2025-00049-2,,,유라시아팀,우크라이나,0,우크라이나 키이우주 재활의료 역량강화 사업('23·'27/500만불) 설계 용역,보건의료,용역,키이우주 재활병원(수원기관) 사업대상 병동 리모델링 설계 용역,1,발주계획 입찰한도액; 계획 변경 가능,일반경쟁,협상에 의한 계약(기술가격종합평가),2025-12,1,강한건축어;시설어+설계감리어,리모델링;병원;설계,,,,,0
15085055:268,268,15085055,https://www.data.go.kr/data/15085055/fileData.do,,2023-00030,official_report_title_containment,0.990,1,L2024-00041-1,,,키르기스스탄사무소,키르기스스탄,0,키르기스스탄 가축 품종개량 및 인공수정인력 역량강화사업 연수센터 신축 현지입찰,농촌개발,공사,"표세사업 연수센터(연면적 1,825m2) 신축 시공",3200772000,발주계획 입찰한도액; 계획 변경 가능,일반경쟁,적격심사,2025-12,1,입찰구분=공사+시설어;강한건축어;시설어+공사어,신축;시공;센터,1825,1825,explicit_gross_floor_area,1753848,1
15085055:269,269,15085055,https://www.data.go.kr/data/15085055/fileData.do,,2023-00030,official_report_title_containment,0.990,1,L2024-00041-1,,,키르기스스탄사무소,키르기스스탄,0,키르기스스탄 가축 품종개량 및 인공수정인력 역량강화사업 바이오센터 리모델링 및 연수센터 신축 기술감리,농촌개발,용역,"표제사업 수원기관 바이오센터 2개실(정액체취실, 견학실) 리모델링 및 연수센터(1,852m2) 신축 기술감리 용역",3096000,발주계획 입찰한도액; 계획 변경 가능,수의계약,,2025-03,1,강한건축어;시설어+설계감리어,리모델링;신축;센터;감리,1852,1852,single_unlabelled_area,,0
15085055:270,270,15085055,https://www.data.go.kr/data/15085055/fileData.do,,2013-00059,official_report_title_containment,0.990,0,,,,파키스탄사무소,파키스탄,0,파키스탄 국립섬유대학 산업용 섬유센터 설립사업 2차사업(22·28/795만불) 공사,산업에너지,공사,파키스탄 국립섬유대학 산업용 섬유센터 신축 시공,2219625100,발주계획 입찰한도액; 계획 변경 가능,일반경쟁,적격심사,2025-03,1,입찰구분=공사+시설어;강한건축어;시설어+공사어,신축;공사;시공;대학;센터,,,,,0
15085055:271,271,15085055,https://www.data.go.kr/data/15085055/fileData.do,,2023-00030,official_report_title_containment,0.990,1,L2024-00041-1,,,키르기스스탄사무소,키르기스스탄,0,키르기스스탄 가축 품종개량 및 인공수정인력 역량강화사업 바이오센터 리모델링 시공,농촌개발,공사,"표제사업 바이오 센터 4개실(정액체취실, 정액 냉동실, 정액보관실, 견학실) 리모델링 시공",86190060,발주계획 입찰한도액; 계획 변경 가능,수의계약,,2025-05,1,입찰구분=공사+시설어;강한건축어;시설어+공사어,리모델링;시공;센터,,,,,0
15085055:272,272,15085055,https://www.data.go.kr/data/15085055/fileData.do,,,,0.385,0,,,,유라시아팀,우크라이나,0,우크라이나 키이우·국경구간 고속철도 구축을 위한 타당성조사 사업 (2025·2027/800만불) PMC 용역,산업에너지,용역,"· 우크라이나 키이우·국경구간 고속철도 구축을 위한 사전타당성 조사 · 우크라이나 키이우·국경구간 고속철도 구축을 위한 타당성 조사 · 역량강화 프로그램 : 현지 연수, 한국초청 연수, 현지 국제세미나· 기자재 제공 : 컴퓨터(PC), 복합기, 플로터, 빔프로젝트, UPS, 차량· 사업관리 : 전문가 투입관리, 성과관리, 성과 품질관리, 모니터링, 사업홍보 등· 담당 인력/관계자 기밀유지 서약서 체결 등 기밀·보안 유지· 원활한 사업수행을 위해 (필요시) PMC·수원기관 간 별도 협의문서 작성 및 체결· 사업운영위원회, 실무위원회, 파트너십 회의 준비 및 주관",9986000000,발주계획 입찰한도액; 계획 변경 가능,일반경쟁,협상에 의한 계약(기술가격종합평가),2025-08,0,,,,,,,0
15085055:273,273,15085055,https://www.data.go.kr/data/15085055/fileData.do,,,,0.812,0,,,,아프리카2팀,세네갈,0,"세네갈 남부지역 농업기술 역량강화사업('25·'29/1,000만불)",농촌개발,용역,ㅇ 표제 사업 PMC 용역  · CIPA Kolda 운영체계 수립  · 교사양성체계 개선  · 사업 및 성과관리  · CIPA Kolda 건축 및 기자재 공급 기술지원 등,4635000000,발주계획 입찰한도액; 계획 변경 가능,일반경쟁,협상에 의한 계약(기술가격종합평가),2025-08,0,,,,,,,0
15085055:274,274,15085055,https://www.data.go.kr/data/15085055/fileData.do,,,,0.990,0,,,,아프리카2팀,세네갈,0,세네갈 중부지역 모자보건체계 강화사업 2단계('24·'28/1250만불) PMC 용역,보건의료,용역,표제 사업 PMC 용역  · 모자보건 인프라 개선 계획수립 및 품질관리  · 모자보건인력 역량강화  · 모자보건서비스 강화  · 임산부 임파워링  · 주민 행동변화 커뮤니케이션 및 애드보커시  · 사업 및 성과관리 등,6715136971,발주계획 입찰한도액; 계획 변경 가능,일반경쟁,협상에 의한 계약(기술가격종합평가),2025-08,0,,,,,,,0
15085055:275,275,15085055,https://www.data.go.kr/data/15085055/fileData.do,,2021-00054,official_report_title_fuzzy,0.871,1,L2023-00077-1,,,아프리카2팀,세네갈,0,세네갈 대국민 소통 증진을 위한 국회의정활동시스템 현대화 사업('21·'26/600만불) SW 감리 용역,행정제도,용역,ㅇ 표제 사업 소프트웨어(의정활동지원 정보시스템 구축 및 홈페이지 개선) 감리 용역,270759591,발주계획 입찰한도액; 계획 변경 가능,일반경쟁,협상에 의한 계약(기술가격종합평가),2025-01,0,,감리,,,,,0
15085055:276,276,15085055,https://www.data.go.kr/data/15085055/fileData.do,,,,0.393,0,,,,아프리카1팀,모잠비크,0,"모잠비크 니아싸주 모성, 신생아, 청소년 보건개선사업(UNFPA) 성과관리 용역",보건의료,용역,"ㅇ 사업 모니터링 및 성과관리 계획수립 : 착수조사 및 세부계획 수립ㅇ 성과관리 실시 : 기초선, 중간선, 종료선 조사 점검, 국제기구 연례/반기 보고서 검토, 정기 운영위원회 참석 및 현장점검, POD/OD 관리 및 데이터 품질 검토 등ㅇ 모잠비크 멀티바이 사업 발굴 및 관리 방안 도출ㅇ 종료평가 실시",456431107,발주계획 입찰한도액; 계획 변경 가능,일반경쟁,협상에 의한 계약(기술평가),2025-05,0,,,,,,,0
15085055:277,277,15085055,https://www.data.go.kr/data/15085055/fileData.do,,,,0.578,0,,,,아프리카1팀,모잠비크,0,모잠비크 마푸투 주 초중통합학교 건립 및 역량강화 사업 PMC 용역,교육,용역,· 초중통합학교 신축 및 증축 지원  · 초중통합학교 교사 역량강화  · 초중통합학교 운영체계 개선  · 보건위생 교육 및 인식제고 캠페인  · 사업관리 및 성과관리,5649294815,발주계획 입찰한도액; 계획 변경 가능,일반경쟁,협상에 의한 계약(기술평가),2025-09,1,강한건축어,건립;신축;증축;학교,,,,,0
15085055:278,278,15085055,https://www.data.go.kr/data/15085055/fileData.do,,,,0.226,0,,,,분쟁취약지원팀,케냐 외 19개국,0,KOICA 분쟁 및 취약국 8대 프로그램(2024·2027) 성과관리 기술지원 용역,기타,용역,"1. KOICA 분쟁취약 8대 신규 프로그램 성과관리(모니터링 및 평가) 1) 프로그램 평가 툴 제작 및 모니터링, 2) 평가 툴 이행결과 연도별 사업 결과보고, 3)권역별 프로그램 종료보고, 4)평가 툴 모니터링 결과 최종보고회 및 환류워크샵 개최2.분쟁 및 취약국 사업 프로그램 개선을 위한 제언 1) 분쟁취약프로그램 추진 방향 및 전략 제언, 2) 분쟁취약국프로그램 전략 이행과제 및 대표성과지표 도출",1418447906,발주계획 입찰한도액; 계획 변경 가능,일반경쟁,협상에 의한 계약(기술가격종합평가),2025-01,0,,,,,,,0
15085055:279,279,15085055,https://www.data.go.kr/data/15085055/fileData.do,,,,0.350,0,,,,유라시아팀,우즈베키스탄,0,우즈베키스탄 세계경제외교대학(UWED) 사이버대학 설립을 위한 온라인교육 제도 구축 및 환경 조성 사업(25·29/690만불) PMC 용역,교육,용역,"ㅇ 이러닝 마스터플랜 수립   ㅇ 이러닝 학사운영 규정 수립   ㅇ 이러닝 학과 운영방안 수립   ㅇ 이러닝 콘텐츠 개발   ㅇ 리모델링(6개) 공간에 대한 스페이스 프로그램 도출   ㅇ PC(기자재, 설계시공, 감리) 입찰 지원(입찰서류 작성 등) 및 검수   ㅇ 교수진/교직원 역량강화(초청연수, 현지연수)   ㅇ 이러닝 플랫폼(LMS, EMIS) 개발을 위한 BPR/ISP   ㅇ 이러닝 플랫폼(LMS, EMIS) 개발   ㅇ 사업관리(성과, 모니터링, 홍보)",5520819038,발주계획 입찰한도액; 계획 변경 가능,일반경쟁,협상에 의한 계약(기술가격종합평가),2025-09,1,강한건축어;시설어+공사어;시설어+설계감리어,리모델링;시공;대학;감리;설계,,,,,0
15085055:280,280,15085055,https://www.data.go.kr/data/15085055/fileData.do,,2015-00053,official_report_title_containment,0.990,0,,,,유라시아팀,우즈베키스탄,0,우즈베키스탄 아동병원 의료인력 역량강화사업(15·23/700만불) 사후지원 PMC 용역,보건의료,용역,"ㅇ 시뮬레이션센터 교육 기자재 및 소모품 지원ㅇ 시뮬레이션 센터 관리 역량강화 ㅇ 시뮬레이션 센터 교육 역량강화ㅇ 사업관리(성과관리, 모니터링, 홍보)",480335803,발주계획 입찰한도액; 계획 변경 가능,일반경쟁,협상에 의한 계약(기술가격종합평가),2025-08,0,,병원;센터,,,,,0
15085055:281,281,15085055,https://www.data.go.kr/data/15085055/fileData.do,,2023-00105,official_report_title_containment,0.990,0,,,,유라시아팀,우즈베키스탄,0,우즈베키스탄 타슈켄트주 스마트 기술기반 산림 도시녹화 역량강화사업(23·28/770만불) 기자재 공급 PC 용역,농촌개발,물품,ㅇ 산림과학연구원 교육 기자재 구축ㅇ 산림도시녹화센터 스마트 시설온실 및 야외생육시설/노지양묘장 기자재 구축,1024911665,발주계획 입찰한도액; 계획 변경 가능,일반경쟁,협상에 의한 계약(기술가격종합평가),2025-03,0,,센터;시설,,,,,0
15085055:282,282,15085055,https://www.data.go.kr/data/15085055/fileData.do,,,,0.393,0,,,,서남아시아팀,몽골,0,몽골 국립 칭기스칸박물관 디지털 콘텐츠 개발 및 운영역량 강화 사업 PMC 용역,행정제도,용역,· 사업총괄 관리 등(집행계획 수립 후 확정),1,발주계획 입찰한도액; 계획 변경 가능,일반경쟁,협상에 의한 계약(기술평가),2025-08,0,,,,,,,0
15085055:283,283,15085055,https://www.data.go.kr/data/15085055/fileData.do,,2025-00162,official_report_title_containment,0.990,0,,,,서남아시아팀,몽골,0,몽골 관세청 위험관리 및 수하물 관리 선진화 사업 PMC 용역,행정제도,용역,· 사업총괄 관리 등(기획조사 후 확정 예정),1,발주계획 입찰한도액; 계획 변경 가능,일반경쟁,협상에 의한 계약(기술평가),2025-08,0,,,,,,,0
15085055:284,284,15085055,https://www.data.go.kr/data/15085055/fileData.do,,2023-00098,official_report_title_containment,0.990,0,,,,서남아시아팀,몽골,0,몽골 자동차 검사역량 제고 및 시설 개선을 통한 교통안전 강화 사업 시스템 구축 감리 용역,산업에너지,용역,· 자동차 관리시스템 등 구축 감리,256364652,발주계획 입찰한도액; 계획 변경 가능,일반경쟁,협상에 의한 계약(기술가격종합평가),2025-03,1,시설어+설계감리어,시설;감리,,,,,0
15085055:285,285,15085055,https://www.data.go.kr/data/15085055/fileData.do,,2023-00098,official_report_title_containment,0.990,0,,,,서남아시아팀,몽골,0,몽골 자동차 검사역량 제고 및 시설 개선을 통한 교통안전 강화 사업 시스템 구축 용역,산업에너지,용역,· 자동차 관리 시스템 개발/구축· 데이터 이관 및 초기데이터 구축· 전산기자재 설치 등,4853608196,발주계획 입찰한도액; 계획 변경 가능,일반경쟁,협상에 의한 계약(기술가격종합평가),2025-03,0,,시설,,,,,0
15085055:286,286,15085055,https://www.data.go.kr/data/15085055/fileData.do,,,,0.453,0,,,,중동팀,팔레스타인,0,팔레스타인 세바스티아 통합적 지역개발사업(25·29/900만불) PMC 용역,기타,용역,"관광보행로를 포함한 통합지역개발계획 수립, 주민 참여형 마을문화 콘텐츠 개발, 소득 증대 활동 기획 및 실시, 협동조합 및 신용협동그룹 운영",4758516105,발주계획 입찰한도액; 계획 변경 가능,일반경쟁,협상에 의한 계약(기술가격종합평가),2025-09,0,,,,,,,0
15085055:287,287,15085055,https://www.data.go.kr/data/15085055/fileData.do,,,,0.545,0,,,,중동팀,요르단,0,"한·요르단 공학기술훈련원 설립사업(25·29/1,100만불) PMC 용역",교육,용역,"ㅇ 한·요르단 공학기술훈련원 마스터플랜 수립    ㅇ 한·요르단 공학기술훈련원 교육 훈련과정 개발 및 운영    ㅇ 강사 및 운영인력 역량강화 기획 및 시행    ㅇ 산학협력 활동 기획 및 시행    ㅇ 한·요르단 공학기술훈련원 건축 지원(공간 협의, 사전 준비 점검 등)    ㅇ 기자재 구축 지원(목록 작성, 기자재 조달제안서 작성 등)    ㅇ 사업관리(성과, 모니터링, 홍보) 방안 수립 및 시행",3858730722,발주계획 입찰한도액; 계획 변경 가능,일반경쟁,협상에 의한 계약(기술가격종합평가),2025-09,0,,훈련원,,,,,0
15085055:288,288,15085055,https://www.data.go.kr/data/15085055/fileData.do,,,,0.310,0,,,,동남아시아1팀,베트남,0,"베트남 전쟁피해 집중지역 취약계층 및 청년층 취업 연계형 직업교육훈련 지원사업(23·29/1,200만불) 기자재",교육,물품,"· 장비 납품계획 수립 및 납품실시, 검수 통과· 장비에 대한 운송(해당 직업교육훈련기관)· 기자재 설치 및 관리 운영 지원(5년)   * 기자재 설치시 기존 설치 장비의 이동, 재배치 등 필요시 수행해야 함· 장비 설치 교육 지원· 실습장비 설치 교육 및 하자보수/유지보수(2년) 실시",3981907417,발주계획 입찰한도액; 계획 변경 가능,일반경쟁,협상에 의한 계약(기술평가),2025-06,0,,,,,,,0
15085055:289,289,15085055,https://www.data.go.kr/data/15085055/fileData.do,,,,0.366,0,,,,동남아시아1팀,베트남,0,"베트남 메콩유역 롱안성 생활폐기물 분리배출 및 자원순환 촉진 사업('24·'28/1,083만불) 감리 용역",환경및기타,용역,시설 전체 건축/토목 시공 현지 감리,33116850,발주계획 입찰한도액; 계획 변경 가능,일반경쟁,협상에 의한 계약(기술평가),2025-06,1,시설어+공사어;시설어+설계감리어,시공;시설;감리,,,,,0
15085055:290,290,15085055,https://www.data.go.kr/data/15085055/fileData.do,,,,0.366,0,,,,동남아시아1팀,베트남,0,"베트남 메콩유역 롱안성 생활폐기물 분리배출 및 자원순환 촉진 사업('24·'28/1,083만불) 시공 용역",환경및기타,용역,"퇴비화시설, 재활용 선별시설 설치를 위한 설계 및 기자재 제작 및 시공, 운영매뉴얼 작성 및 운영자 교육 실시",6407261416,발주계획 입찰한도액; 계획 변경 가능,일반경쟁,협상에 의한 계약(기술가격종합평가),2025-06,1,시설어+공사어;시설어+설계감리어,시공;시설;설계,,,,,0
15085055:291,291,15085055,https://www.data.go.kr/data/15085055/fileData.do,,,,0.342,0,,,,동남아시아1팀,베트남,0,"베트남 메콩유역 롱안성 생활폐기물 분리배출 및 자원순환 촉진 사업('24·'28/1,083만불) 건축 및 토목 시공 용역",환경및기타,공사,"퇴비화시설, 재활용 선별시설 설치, 관리동 등 시설 전체 건축물 및 폐수처리장, 야적장 등 건축 및 토목 시공",1914015100,발주계획 입찰한도액; 계획 변경 가능,제한경쟁,협상에 의한 계약(기술평가),2025-06,1,입찰구분=공사+시설어;시설어+공사어,시공;시설,,,,,0
15085055:292,292,15085055,https://www.data.go.kr/data/15085055/fileData.do,,,,0.314,0,,,,동남아시아1팀,베트남,0,"베트남 전쟁피해 집중지역 취약계층 및 청년층 취업 연계형 직업교육훈련 지원사업(23·29/1,200만불) PMC 용역",교육,용역,"· 사업 세부 계획 수립 및 수행· 기자재 조달 계획(PC 사 선정 등) 지원, 공과 재료(소모품) 조달 · 사업범위 총괄수행 및 보고· 교육과정 / 교재 개발 및 학사 일정 운영· 현지 교사 역량 강화 프로그램 운영· 취약계층 대상 지원 계획 마련· 기량 검증 체계 마련 및 방법 제시· 해외 취업 시 필요한 비자 제도 운영· 취업 연계지원 / 취업자 추적조사 및 데이터 관리· 산학연관 협의체 구성 및 운영· 사업 진행 보고 및 위험관리· 초청연수· 사업 성과관리(기초선, 중간평가, 종료선) 및 지속가능성 확보· 사업 홍보 및 확산 계획 수립",8195958406,발주계획 입찰한도액; 계획 변경 가능,일반경쟁,협상에 의한 계약(기술평가),2025-08,0,,,,,,,0
15085055:293,293,15085055,https://www.data.go.kr/data/15085055/fileData.do,,,,0.351,0,,,,동남아시아1팀,베트남,0,"베트남 메콩유역 롱안성 생활폐기물 분리배출 및 자원순환 촉진 사업('24·'28/1,083만불) 기자재 공급 용역",환경및기타,용역,"분리배출 도구, 폐기물 수거장비, 수거차량 등 기자재 공급",1624095000,발주계획 입찰한도액; 계획 변경 가능,일반경쟁,협상에 의한 계약(기술평가),2025-06,0,,,,,,,0
15085055:294,294,15085055,https://www.data.go.kr/data/15085055/fileData.do,,2022-00079,existing_db_title_containment,0.990,1,L2023-00071-1;L2024-00053-1;L2025-00002-1,,,인도네시아사무소,인도네시아,0,인도네시아 사이버보안 전문인력양성 역량강화사업('22·'27/740만불) 사이버보안 훈련센터 신축공사 시공사 선정,교육,공사,인도네시아 사이버보안 훈련센터 신축 시공사 선정 입찰,2667930000,발주계획 입찰한도액; 계획 변경 가능,일반경쟁,적격심사,2025-01,1,입찰구분=공사+시설어;강한건축어;시설어+공사어,신축;공사;시공;센터,,,,,0
15085055:295,295,15085055,https://www.data.go.kr/data/15085055/fileData.do,,,,0.512,0,,,,중동팀,요르단,0,"요르단 취약계층 대상 녹색기술 직업훈련 역량강화사업(25·29/1,000만불) PMC 용역",교육,용역,"· 사업·성과관리, 컨설팅, 역량강화, 설계·시공·기자재 조달 관리",5070871987,발주계획 입찰한도액; 계획 변경 가능,일반경쟁,협상에 의한 계약(기술가격종합평가),2025-09,0,,시공;설계,,,,,0
15085055:296,296,15085055,https://www.data.go.kr/data/15085055/fileData.do,,,,0.456,0,,,,유라시아팀,키르기스스탄,0,"키르기스스탄 2개 시스템 사업(그린모빌리티, 정보화 역량 강화) 통합 감리 용역",기타,용역,"감리 대상사업 2건에 대한 통합 감리   1. 키르기스스탄 그린모빌리티 실현을 위한 공공기관 전기차 전환사업 · 우체국 전기차 모니터링시스템 개발 및 구축, 모니터링시스템 기자재 납품  2. 키르기스스탄 디지털 전환을 위한 국가 정보화 역량 강화 사업 · LMS 시스템 개발 및 구축",323453463,발주계획 입찰한도액; 계획 변경 가능,일반경쟁,협상에 의한 계약(기술가격종합평가),2025-08,0,,감리,,,,,0
15085055:297,297,15085055,https://www.data.go.kr/data/15085055/fileData.do,,2022-00092,official_report_title_containment,0.990,0,,,,중동팀,이라크,0,이라크 변압기 정비소 현대화 및 기술인력 역량강화 사업 (22·26/500만불) PMC 용역,산업에너지,용역,"기자재 보급 및 개선 지원, 기자재 감리, 역량강화, 사업 관리",1302397138,발주계획 입찰한도액; 계획 변경 가능,일반경쟁,협상에 의한 계약(기술가격종합평가),2025-01,0,,감리,,,,,0
15085055:298,298,15085055,https://www.data.go.kr/data/15085055/fileData.do,,,,0.238,0,,,,분쟁취약지원팀,해당없음,0,2025·2027 인도적지원 민관협력사업 위탁 운영관리 용역,기타,용역,"인도적지원 민관협력사업 공모지원, 운영 및 성과관리 지원, NGO 실무자 대상 역량강화, 국내외 이해관계자 대상 사업 인지도 제고 등",1000000000,발주계획 입찰한도액; 계획 변경 가능,일반경쟁,협상에 의한 계약(기술가격종합평가),2025-02,0,,,,,,,0
15085055:299,299,15085055,https://www.data.go.kr/data/15085055/fileData.do,,,,0.500,0,,,,유라시아팀,키르기스스탄,0,"키르기스스탄 대기질 개선사업(25·28/1,000만불) PMC 용역",환경및기타,용역,"대기질 개선 마스터플랜 수립, 대기질 모니터링 시스템 구축, 대기질 모니터링 기자재 입찰 지원, 사업 성과관리 등",1,발주계획 입찰한도액; 계획 변경 가능,일반경쟁,협상에 의한 계약(기술평가),2025-10,0,,,,,,,0
15085055:300,300,15085055,https://www.data.go.kr/data/15085055/fileData.do,,2016-00215,official_report_title_containment,0.990,1,L2019-00015-1;L2019-00015-2;L2019-00016-1,,,중동팀,요르단,0,"요르단 자르카 기술고등학교 설립사업(17·22/1,038만불) 사후지원 기자재 공급업체 선정",교육,물품,· 가솔린 엔진 시뮬레이터· 디젤 엔진 시뮬레이터 · 자동차 고장진단기 · 자동차 배기가스 배출관 베로우즈 튜브(알루미늄  클램프 포함) · 공장용 진공청소기 · 기자재 중 유상수리 품목,61789000,발주계획 입찰한도액; 계획 변경 가능,일반경쟁,협상에 의한 계약(기술가격종합평가),2025-12,0,,공장;학교,,,,,0
15085055:301,301,15085055,https://www.data.go.kr/data/15085055/fileData.do,,2016-00215,official_report_title_containment,0.990,1,L2019-00015-1;L2019-00015-2;L2019-00016-1,,,중동팀,요르단,0,"요르단 자르카 기술고등학교 설립사업(17·22/1,038만불) 사후지원 PMC 용역",교육,용역,"자동차공과, 전기공과, 기계/용접공과  기자재 활용 역량강화(교육용 시뮬레이터 활용교육)",350969803,발주계획 입찰한도액; 계획 변경 가능,일반경쟁,협상에 의한 계약(기술가격종합평가),2025-05,0,,학교,,,,,0
15085055:302,302,15085055,https://www.data.go.kr/data/15085055/fileData.do,,2024-00010,official_report_title_containment,0.990,0,,,,아프리카2팀,나이지리아,0,나이지리아 스타트업 디지털 이노베이션 아카데미 설립을 통한 청년 및 중소기업 혁신성장 지원사업('24·'28/1200만불),행정제도,용역,"창업센터(ACE) 중장기 운영계획 수립, 이해관계자 연수, 센터 교육과정 개발, 스타트업 행사 주관 및 사업관리 등",5473401145,발주계획 입찰한도액; 계획 변경 가능,일반경쟁,협상에 의한 계약(기술가격종합평가),2025-10,0,,센터,,,,,0
15085055:303,303,15085055,https://www.data.go.kr/data/15085055/fileData.do,,,,0.340,0,,,,유라시아팀,타지키스탄,0,타지키스탄 섬유산업 전문기술인력 양성을 위한 섬유기술센터 설립 사업 PMC 선정,교육,용역,· 사업관리 총괄· 섬유기술텐터 운영계획 수립· 섬유기술센터 교육과정 개발 및 과정별 교보재 제작· 시공업체 선정 및 기자재 조달 지원· 산학협력 프로그램 운영· 인력 역량강화 등,2940917093,발주계획 입찰한도액; 계획 변경 가능,일반경쟁,협상에 의한 계약(기술가격종합평가),2025-08,1,시설어+공사어,시공;센터,,,,,0
15085055:304,304,15085055,https://www.data.go.kr/data/15085055/fileData.do,,,,0.421,0,,,,유라시아팀,타지키스탄,0,"타지키스탄 농업용수 관개 관리 현대화 지원 사업('25·'29/1,050만불)",농촌개발,용역,기획조사 결과에 따라 추후 과업 세부범위 및 입찰한도액 확정 예정,1,발주계획 입찰한도액; 계획 변경 가능,일반경쟁,협상에 의한 계약(기술가격종합평가),2025-08,0,,,,,,,0
15085055:305,305,15085055,https://www.data.go.kr/data/15085055/fileData.do,,2023-00091,official_report_title_containment,0.990,1,L2025-00087-1,,,유라시아팀,타지키스탄,0,"타지키스탄 전력소외 지역 전력망 구축 2차 사업('23·'26/1,400만불)",산업에너지,물품,추후 현지 설계 완료 및 물량 산출 후 최종 확정 예정,5559939499,발주계획 입찰한도액; 계획 변경 가능,일반경쟁,적격심사,2025-09,0,,설계,,,,,0
15085055:306,306,15085055,https://www.data.go.kr/data/15085055/fileData.do,,2023-00091,official_report_title_containment,0.990,1,L2025-00087-1,,,유라시아팀,타지키스탄,0,"타지키스탄 전력소외 지역 전력망 구축 2차 사업('23·'26/1,400만불)",산업에너지,공사,현지 설계 완료시 확정 예정,11000991000,발주계획 입찰한도액; 계획 변경 가능,일반경쟁,적격심사,2025-09,0,,설계,,,,,0
15085055:307,307,15085055,https://www.data.go.kr/data/15085055/fileData.do,,2023-00091,official_report_title_containment,0.990,1,L2025-00087-1,,,유라시아팀,타지키스탄,0,타지키스탄 전력소외 지역 전력망 구축 2차 사업 사회경제적 변화 분석 용역,산업에너지,용역,인프라 구축(전력공급)을 통한 삶의 질 개선(사회경제적 변화) 변화이론 검증 및 변화 분석,1906905704,발주계획 입찰한도액; 계획 변경 가능,일반경쟁,협상에 의한 계약(기술가격종합평가),2025-07,0,,,,,,,0
15085055:308,308,15085055,https://www.data.go.kr/data/15085055/fileData.do,,2022-00079,existing_db_title_containment,0.990,1,L2023-00071-1;L2024-00053-1;L2025-00002-1,,,동남아시아2팀,인도네시아,0,인도네시아 사이버보안 전문인력양성 역량강화사업(22·27/740만불) 감리 용역,정보통신,용역,"인도네시아 사이버보안 전문인력양성 역량강화사업 시스템 개발(온오프라인 교육 통합플랫폼, LMS시스템) 감리를 위한 용역",179522964,발주계획 입찰한도액; 계획 변경 가능,제한경쟁,협상에 의한 계약(기술평가),2025-06,0,,감리,,,,,0
15085055:309,309,15085055,https://www.data.go.kr/data/15085055/fileData.do,,,,0.417,0,,,,동남아시아1팀,캄보디아,0,"캄보디아 국립민간항공교육원 민간항공 교육시스템 강화 사업('25·'29/1,200만불) PMC 용역",행정제도,용역,"캄보디아 항공교육 품질 향상, 항공교육 효율성 향상 활동 추진 등",5967749769,발주계획 입찰한도액; 계획 변경 가능,일반경쟁,협상에 의한 계약(기술가격종합평가),2025-04,0,,교육원,,,,,0
15085055:310,310,15085055,https://www.data.go.kr/data/15085055/fileData.do,,,,0.176,0,,,,연수사업실,미해당,0,2025·2027 글로벌연수사업 회계정산용역,기타,용역,ㅇ글로벌연수사업 회계정산ㅇ파트너기관 회계정산 교육 및 컨설팅,400000000,발주계획 입찰한도액; 계획 변경 가능,일반경쟁,협상에 의한 계약(기술가격종합평가),2025-03,0,,,,,,,0
15085055:311,311,15085055,https://www.data.go.kr/data/15085055/fileData.do,,,,0.433,0,,,,동남아시아1팀,캄보디아,0,캄보디아 라따나끼리 주 포괄적 공공 보건의료체계 역량강화 사업 PMC 용역,보건의료,용역,"주립병원 역량강화를 위한 초쳥연수, 현지 역량강화 교육, 전문가 파견 등",4550333446,발주계획 입찰한도액; 계획 변경 가능,일반경쟁,협상에 의한 계약(기술가격종합평가),2025-05,0,,병원,,,,,0
15085055:312,312,15085055,https://www.data.go.kr/data/15085055/fileData.do,,,,0.457,0,,,,동남아시아1팀,캄보디아,0,"캄보디아 기후변화 대응을 위한 농업 분야 통합적 기술지도·교육·연구 역량 강화 사업('25·'30/1,200만불) PMC 용역",농촌개발,용역,"농업기술지도 역량 강화를 위한 교육 및 연구 기반 조성, 농업기술지도 체계 개선 활동 등",7542866798,발주계획 입찰한도액; 계획 변경 가능,일반경쟁,협상에 의한 계약(기술가격종합평가),2025-07,0,,,,,,,0
15085055:313,313,15085055,https://www.data.go.kr/data/15085055/fileData.do,,2021-00097,official_report_title_containment,0.990,1,L2023-00030-1;L2024-00036-1;L2025-00015-1;L2025-00015-2,,,기후환경·경제개발팀,피지,0,피지 농업공존형 태양광 발전사업(GCF)(21·27/800만불) 에너지저장장치(ESS) 기자재 공급,산업에너지,물품,ㅇ 태양광 발전시스템용 에너지저장장치(BESS) 공급 및 설치,4800000000,발주계획 입찰한도액; 계획 변경 가능,조달위탁,적격심사,2025-09,0,,,,,,,0
15085055:314,314,15085055,https://www.data.go.kr/data/15085055/fileData.do,,,,0.408,0,,,,동남아시아1팀,라오스,0,라오스 지식재산서비스센터 및 지재권 관리 시스템 개선 사업('25·'29/700만불),행정제도,용역,"△ 사업 총괄관리 및 보고, 성과관리 및 품질관리, △ 지식재산서비스센터 운영 활성화 지원, △ 역량강화프로그램(초청연수, 현지교육 및 세미나) 실시,",1255800000,발주계획 입찰한도액; 계획 변경 가능,일반경쟁,협상에 의한 계약(기술평가),2025-11,0,,센터,,,,,0
15085055:315,315,15085055,https://www.data.go.kr/data/15085055/fileData.do,,,,0.424,0,,,,동남아시아1팀,라오스,0,라오스 버리캄싸이주 상수도 확충 및 개선 사업(25·29/600만불),기타,용역,"△ 사업수행 총괄, △ 설계 및 시공업무 관리(입찰제안 요청서 작성, 업체 관리 및 감리), △ 역량강화 프로그램(초청연수 및 실무교육) 실시, △ 수자원 사용 안전성 평가 및 주민의식 제고, △ 사업 및 성과관리",2346000000,발주계획 입찰한도액; 계획 변경 가능,일반경쟁,협상에 의한 계약(기술평가),2025-10,0,,시공;감리;설계,,,,,0
15085055:316,316,15085055,https://www.data.go.kr/data/15085055/fileData.do,,,,0.500,0,,,,동남아시아1팀,라오스,0,라오스 축산물 안전관리체계 개선사업('24·'29/500만불),기타,용역,"△ 사료 안전관리시스템 개선 및 강화, △ 사육단계에서의 안전관리시스템 개선 및 강화, △ 축산물 도축 시스템 개선 및 수의사 검사 활동 강화, △ 축산물 위생과 안전에 대한 관계 공무원 역량강화 및 인식 개선, △ 사업 및 성과관리 등",5182746620,발주계획 입찰한도액; 계획 변경 가능,일반경쟁,협상에 의한 계약(기술평가),2025-05,0,,,,,,,0
15085055:317,317,15085055,https://www.data.go.kr/data/15085055/fileData.do,,,,0.545,0,,,,동남아시아1팀,캄보디아,0,"캄보디아 공공부문 혁신을 위한 왕립행정교육원 역량강화 사업 ('25·'29/1,170만불)",교육,용역,"전문가 파견, 초청연수, 교육센터 운영, ICT 교육 역량 강화 및 프로그램 운영, 인식제고 프로그램 기획 및 운영 수행",5143376879,발주계획 입찰한도액; 계획 변경 가능,일반경쟁,협상에 의한 계약(기술가격종합평가),2025-07,0,,교육원;센터,,,,,0
15085055:318,318,15085055,https://www.data.go.kr/data/15085055/fileData.do,,,,0.286,0,,,,유라시아팀,우즈베키스탄,0,중동중앙아 지역 건설사업관리(CM) 용역,기타,용역,"중동중앙아 지역(유라시아, 중동) 건축사업 건설사업관리",2000000000,발주계획 입찰한도액; 계획 변경 가능,일반경쟁,협상에 의한 계약(기술가격종합평가),2025-06,0,,건설사업관리,,,,,0
15085055:319,319,15085055,https://www.data.go.kr/data/15085055/fileData.do,,,,0.343,0,,,,가나사무소,가나,0,"가나 보건의료서비스네트워크(NoP) 강화를 통한 생식모자청소년보건영양 증진사업(25·29/1,300만불) 회계감사 용역",보건의료,용역,"표제 사업 연례 회계감사 실시, 재무보고서 검토 및 기술 지원",248400000,발주계획 입찰한도액; 계획 변경 가능,일반경쟁,협상에 의한 계약(기술가격종합평가),2025-08,0,,,,,,,0
15085055:320,320,15085055,https://www.data.go.kr/data/15085055/fileData.do,,,,0.237,0,,,,해외봉사모집팀,다국가,0,KOICA·NGO봉사단(입찰형) 파견사업(2025·2027) 운영관리 용역,기타,용역,"KOICA·NGO봉사단 선발 및 파견, 운영 관리 등",6825000000,발주계획 입찰한도액; 계획 변경 가능,일반경쟁,협상에 의한 계약(기술가격종합평가),2025-07,0,,,,,,,0
15085055:321,321,15085055,https://www.data.go.kr/data/15085055/fileData.do,,2021-00100,official_report_title_containment,0.990,0,,,,아프리카1팀,르완다,0,르완다 소프트웨어 특성화고 역량강화 사업('21·'25/809만불) 기자재 공급,교육,물품,ㅇ 기자재 납품ㅇ 전문가 파견/기자재 지원 등,754712624,발주계획 입찰한도액; 계획 변경 가능,일반경쟁,적격심사,2025-02,0,,,,,,,0
15085055:322,322,15085055,https://www.data.go.kr/data/15085055/fileData.do,,2021-00100,official_report_title_containment,0.990,0,,,,아프리카1팀,르완다,0,르완다 소프트웨어 특성화고 역량강화 사업('21·'25/809만불) 가구 제작 및 설치,교육,물품,ㅇ 가구 납품 및 설치ㅇ 전문가 파견/가구 설치 지원 등,376285310,발주계획 입찰한도액; 계획 변경 가능,제한경쟁,적격심사,2025-02,0,,,,,,,0
15085055:323,323,15085055,https://www.data.go.kr/data/15085055/fileData.do,,2015-00006,existing_db_title_containment,0.990,1,L2019-00034-1;L2019-00037-1;L2020-00022-1;L2020-00022-2,,,에티오피아사무소,에티오피아,0,에티오피아 오로미아주 모자보건 및 가족계획 역량강화사업 가구기자재 납품 용역,보건의료,물품,헤토사 1차병원 가구 총 49종 904품목 제조 및 납품,336502000,발주계획 입찰한도액; 계획 변경 가능,일반경쟁,적격심사,2025-01,0,,병원,,,,,0
15085055:324,324,15085055,https://www.data.go.kr/data/15085055/fileData.do,,2015-00006,existing_db_title_containment,0.990,1,L2019-00034-1;L2019-00037-1;L2020-00022-1;L2020-00022-2,,,에티오피아사무소,에티오피아,0,"에티오피아 오로미아주 모자보건 및 가족계획 역량강화사업('15·'25/1,160.5만불)' 헤토사 1차병원 의료기자재 공급업체 선정",보건의료,물품,의료기자재 261종 756품목 납품,1677748000,발주계획 입찰한도액; 계획 변경 가능,수의계약,,2025-07,0,,병원,,,,,0
15085055:325,325,15085055,https://www.data.go.kr/data/15085055/fileData.do,,,,0.405,0,,,,도미니카공화국사무소,도미니카공화국,0,도미니카공화국 여성 중심 취약계층 사회.경제적 역량강화사업 몬테 크리스티 직업훈련센터 (MVC) 시공사 선정 현지입찰,교육,공사,"몬테크리스티 직업훈련센터 공사(건축, 인테리어, 구조, 기계, 전기, 통신, 소방, 토목, 조경, Signage, 부대시설 등 일괄 시공)",1543100000,발주계획 입찰한도액; 계획 변경 가능,일반경쟁,적격심사,2025-01,1,입찰구분=공사+시설어;시설어+공사어,공사;시공;센터;시설,,,,,0
15085055:326,326,15085055,https://www.data.go.kr/data/15085055/fileData.do,,2022-00026,official_report_title_containment,0.990,0,,,,유라시아팀,우즈베키스탄,0,"우즈베키스탄 질병부담 경감을 위한 감염병 대응체계 강화 사업(22·26/1,415만불) 감리 용역",보건의료,용역,"LIS 바이러스시스템, LIS 박테리아정보시스템 등 감리 수행",226400778,발주계획 입찰한도액; 계획 변경 가능,일반경쟁,협상에 의한 계약(기술가격종합평가),2025-02,0,,감리,,,,,0
15085055:327,327,15085055,https://www.data.go.kr/data/15085055/fileData.do,,,,0.200,0,,,,디지털·보건·사회개발팀,DR콩고;캄보디아;페루,0,문화ODA 사업 분석 및 추진전략 수립 연구,기타,용역,"ㅇ 진행/발굴 중인 문화 ODA 사업의 효과성을 높이기 위한 추진 전략(분야 전략, 사업모델 개발(안), 성과측정 가이드라인 등) 수립ㅇ 종료 사업 (혹은 진행중 사업) 현지 조사를 통한 심층 분석 및 진행/발굴 중인 사업 분석 등   · 용역 범위를 문헌 조사/연구 중심으로 제한하기보다, 현장 조사를 통해 현장 여건에 기반한 효과적 연구 결과를 추구하고, 동시에 사업 현장 수요에 맞춤(DR콩고, 페루, 캄보디아 사업 등)ㅇ 현재 진행 중인 문화 ODA 사업의 효과적 운영을 위한 전략 수립 및 성과측정 지표 설정",99680000,발주계획 입찰한도액; 계획 변경 가능,제한경쟁,협상에 의한 계약(기술가격종합평가),2025-03,0,,,,,,,0
15085055:328,328,15085055,https://www.data.go.kr/data/15085055/fileData.do,,,,0.640,0,,,,아프리카1팀,에티오피아,0,"에티오피아 농업 및 농가공 제품 경쟁력 향상을 위한 국가 품질 관리 강화 사업('24·'28/1,000만불)",농촌개발,용역,"1) 사업관리 : 프로젝트 일정/예산/범위 관리, 위험관리, 운영위원회 운영을 포함한 이해관계자 관리, 산출물 품질관리, 성과관리, 홍보 등2) 전문가 투입 및 역량강화",8953454128,발주계획 입찰한도액; 계획 변경 가능,일반경쟁,협상에 의한 계약(기술가격종합평가),2025-06,0,,,,,,,0
15085055:329,329,15085055,https://www.data.go.kr/data/15085055/fileData.do,,,,0.990,0,,,,아프리카2팀,이집트,0,이집트 직업훈련원 친환경 자동차 정비기술 고도화 사업 PMC 용역,교육,용역,"이집트 직업훈련원 친환경 자동차 정비기술 고도화 사업 PMC 용역ㅇ 전문가 파견   · 자동차 직업훈련 운영발전계획 수립  · 친환경 자동차정비 교육과정 개편 및 교재개발  · 현지 기술교사 역량강화  ㅇ 초청연수  (고위급 1회, 실무급 2회)ㅇ 현지 역량강화 ㅇ 국내/현지 기자재 조달ㅇ 기자재 사양조사 ㅇ 현장사업 및 성과관리",6236747567,발주계획 입찰한도액; 계획 변경 가능,일반경쟁,협상에 의한 계약(기술가격종합평가),2025-01,0,,훈련원,,,,,0
15085055:330,330,15085055,https://www.data.go.kr/data/15085055/fileData.do,,,,0.455,0,,,,필리핀사무소,필리핀,0,"필리핀 팔라완 지역 식량 안보 및 기후변화 대응을 위한 환경자원정보시스템 개발 사업('24·'28/1,000만불)",환경및기타,용역,"· 사업 총괄 관리· 환경자원정보 시스템(ENRIS) 구축 지원· 고밀도 관측망 및 통합 모니터링 센터 설계, 선정, 검토· 인력 역량 강화 · ENRIS 정보화 마스터플랜",2799888628,발주계획 입찰한도액; 계획 변경 가능,일반경쟁,협상에 의한 계약(기술가격종합평가),2025-02,1,시설어+설계감리어,센터;설계,,,,,0
15085055:331,331,15085055,https://www.data.go.kr/data/15085055/fileData.do,,2013-00029,official_report_title_containment,0.990,0,,,,모잠비크사무소,모잠비크,0,모잠비크 마톨라 산업학교 역량강화사업 사후지원 보수 공사,교육,공사,"교실 복도 전선 및 전등 수리, 공과 실습실 시건장치 설치, 공과 실습재료 보관실 보안창 설치, 공과 실습실 등 유리창 보수, 정문 경비실 리모델링, 공과 실습실 지붕 수리, 화장실 시설 수리, 변압기 시설 단열 지붕 설치, 급수탱크 펜스 설치, 급수 시스템, 외벽 페인팅, 행정실 벽 수리",338961479,발주계획 입찰한도액; 계획 변경 가능,일반경쟁,적격심사,2025-03,1,입찰구분=공사+시설어;강한건축어;시설어+공사어,리모델링;공사;시설;학교,,,,,0
15085055:332,332,15085055,https://www.data.go.kr/data/15085055/fileData.do,,,,0.423,0,,,,필리핀사무소,필리핀,0,필리핀 조세분야 전자정부시스템 구축사업('18·'22/729만불) 사후지원 용역,정보통신,용역,ㅇ 필리핀 전자세금계산서시스템(EIS) 기능 추가 및 개선ㅇ 필리핀 국세청(BIR) 인력의 현지 역량강화,910000000,발주계획 입찰한도액; 계획 변경 가능,일반경쟁,협상에 의한 계약(기술가격종합평가),2025-01,0,,,,,,,0
15085055:333,333,15085055,https://www.data.go.kr/data/15085055/fileData.do,,,,0.346,0,,,,동남아시아2팀,필리핀,0,필리핀 중부 루손지역 한계농가의 생계 및 소득 향상을 위한 농업개발 사업('24·'29/600만불) PMC 용역 선발,농촌개발,용역,"ㅇ 농민 조합 및 농업협동조합 조직화 및 역량강화ㅇ 한계농 농업 비즈니스 발굴, 유통채널 확보 증 비즈니스 실행 기반 조성ㅇ 농산업 보육센시설 확충 및 운영 역량강화 지원ㅇ 농산업 창업교육 및 서비스 활성ㅇ 관련 기자재 조달 디원ㅇ 사업관리",3523961393,발주계획 입찰한도액; 계획 변경 가능,일반경쟁,협상에 의한 계약(기술가격종합평가),2025-01,0,,시설,,,,,0
15085055:334,334,15085055,https://www.data.go.kr/data/15085055/fileData.do,,2023-00030,official_report_title_containment,0.990,1,L2024-00041-1,,,유라시아팀,키르기스스탄,0,키르기스스탄 가축 품종개량 및 인공수정인력 역량강화사업(23·27/750만불) 기자재 공급 PC,농촌개발,물품,실험기자재 납품 및 설치,750000000,발주계획 입찰한도액; 계획 변경 가능,일반경쟁,협상에 의한 계약(기술가격종합평가),2025-07,0,,,,,,,0
15085055:335,335,15085055,https://www.data.go.kr/data/15085055/fileData.do,,,,0.419,0,,,,유라시아팀,타지키스탄,0,타지키스탄 시설원예농업 현대화 기반 구축 사업('24·'29/800만불) PMC 용역,농촌개발,용역,PMC,5420050355,발주계획 입찰한도액; 계획 변경 가능,일반경쟁,협상에 의한 계약(기술가격종합평가),2025-07,0,,시설,,,,,0
15085055:336,336,15085055,https://www.data.go.kr/data/15085055/fileData.do,,,,0.517,0,,,,동남아시아2팀,필리핀,0,필리핀 경찰청 범죄수사정보 통합관리 시스템 구축 사업 시스템 감리 용역,행정제도,용역,․ 범죄수사통합관리시스템 구축  데이터클라우드센터 구축 사업  감리 실시,300000000,발주계획 입찰한도액; 계획 변경 가능,일반경쟁,협상에 의한 계약(기술가격종합평가),2025-05,1,시설어+설계감리어,센터;감리,,,,,0
15085055:337,337,15085055,https://www.data.go.kr/data/15085055/fileData.do,,2023-00067,official_report_title_containment,0.990,1,L2024-00048-1;L2024-00056-1;L2024-00056-2;L2025-00052-1,,,코트디부아르사무소,코트디부아르,0,코트디부아르 펠릭스 우푸에 부아니대학교 ICT 교육역량 강화 및 ICT 혁신센터 설립 사업('23·'27/995만불) 리모델링 시공,교육,공사,펠릭스 우푸에 부아니대학교 PETROCI 빌딩 리모델링,2709334680,발주계획 입찰한도액; 계획 변경 가능,일반경쟁,적격심사,2025-05,1,입찰구분=공사+시설어;강한건축어;시설어+공사어,리모델링;시공;대학;센터;학교,,,,,0
15085055:338,338,15085055,https://www.data.go.kr/data/15085055/fileData.do,,,,0.151,0,,,,시민사회협력사업팀,국내,0,민관협력 회계 책무성 강화 인큐베이팅 프로그램 운영 용역,기타,용역,ㅇ 민관협력 회계 책무성 강화 프로그램 세부 기획    ㅇ 국/영문 온라인 교육 프로그램 제작 및 배포    ㅇ 역량강화 프로그램 진행(참가기관 모집 및 관리)    ㅇ 현지 책무성 강화 프로그램 실시 (3개국)    ㅇ 민관협력 책무성 강화를 위한 프로세스 개선 지원,350000000,발주계획 입찰한도액; 계획 변경 가능,일반경쟁,협상에 의한 계약(기술가격종합평가),2025-01,0,,,,,,,0
15085055:339,339,15085055,https://www.data.go.kr/data/15085055/fileData.do,,2022-00027,official_report_title_containment,0.990,1,L2025-00073-1,,,캄보디아사무소,캄보디아,0,"캄보디아 국립소아병원 내과계 병동건립 및 의료인력 역량강화사업(22·27/1,600만불) 시공입찰",보건의료,공사,"지상 5층,  연면적 약 8,880m2 병원건물 신축",10800000000,발주계획 입찰한도액; 계획 변경 가능,일반경쟁,협상에 의한 계약(기술가격종합평가),2025-08,1,입찰구분=공사+시설어;강한건축어;시설어+공사어,건립;신축;시공;건물;병원,8880,8880,explicit_gross_floor_area,1216216,1
15085055:340,340,15085055,https://www.data.go.kr/data/15085055/fileData.do,,2024-00036,official_report_title_containment,0.990,0,,,,서남아시아팀,스리랑카,0,"스리랑카 북부 및 우바주 지속가능한 폐기물 관리 및 순환경제 구축 사업('24·'28/1,100만불) PMC 용역",환경및기타,용역,"사업실행계획 수립 및 세부사업 수행 (△폐기물통합관리 및 순환경제 수립을 위한 제도 및 정책 개발, △폐기물통합관리 및 순환경제 구현을 위한 컨설팅, 초청/현지 연수를 통한 마스터 및 액션 플랜의 지속운영 지원 등)",1131000000,발주계획 입찰한도액; 계획 변경 가능,일반경쟁,협상에 의한 계약(기술가격종합평가),2025-01,0,,,,,,,0
15085055:341,341,15085055,https://www.data.go.kr/data/15085055/fileData.do,,,,0.412,0,,,,아프리카2팀,콩고민주공화국,0,DR콩고 북카탕가주 감염병 감시 역량 강화사업('24·'27/600만불),보건의료,용역,"※ 기획조사를 통해 국내 사업수행자 선정여부 추가 검토 예정으로, 미발주 가능성 있음.ㅇ 사업시행 계획 수립 및 수행ㅇ 사업 운영위원회 운영 지원, 사업수행협의체 운영ㅇ SOP 개발 워크숍을 통한 SOP공동 개발 실시ㅇ 감시체계 관련 워크숍,  인력 대상 역량강화 등 실시계획 수립 및 교육자료 제작 등ㅇ 역량강화 및 초청연수 시행ㅇ 실험실 필요 기자재 선정 등ㅇ 사업 성과관리",4400000000,발주계획 입찰한도액; 계획 변경 가능,일반경쟁,협상에 의한 계약(기술가격종합평가),2025-06,0,,실험실,,,,,0
15085055:342,342,15085055,https://www.data.go.kr/data/15085055/fileData.do,,2023-00084,official_report_title_containment,0.990,0,,,,아프리카2팀,카메룬,0,"카메룬 응급의료체계 구축 사업('23·'28/1,400만불) 건축 설계 용역",보건의료,용역,카메룬 중앙 응급의료조정센터(가칭) 건축을 위한 설계 용역,444115150,발주계획 입찰한도액; 계획 변경 가능,일반경쟁,협상에 의한 계약(기술가격종합평가),2025-03,1,시설어+설계감리어,센터;설계,,,,,0
15085055:343,343,15085055,https://www.data.go.kr/data/15085055/fileData.do,,,,0.394,0,,,,남미팀,볼리비아,0,볼리비아 쌀 생산성 증대 및 사회적 경제 체계 강화를 통한 중소농민 포용적 지원사업('24·'28/963만불) PMC 용역업체 선정,농촌개발,용역,ㅇ 농민조합 선발 및 조직ㅇ 농민 및 농민조합 교육과정 개발ㅇ 농민조합 리더육성ㅇ 농민 조합원 교육ㅇ 사업수혜 농가 선정ㅇ 담수재배 기반정비ㅇ 벼 건조저장시설(DSC) 운영 매뉴얼 작성ㅇ 농민 농산물 유통 역량강화 교육 ㅇ 벼 유통·판매 위원회 조직 결성 ㅇ 벼 판매 향상을 워크숍 개최ㅇ 벼 유통 판매위원회 역량강화(초청연수),4900000000,발주계획 입찰한도액; 계획 변경 가능,일반경쟁,협상에 의한 계약(기술평가),2025-09,0,,시설,,,,,0
15085055:344,344,15085055,https://www.data.go.kr/data/15085055/fileData.do,,,,0.563,0,,,,탄자니아사무소,탄자니아,0,탄자니아 잔지바르 여성어업종사자 대상 해양수산업 가치사슬 구축 사업('23·'27/550만불) 기자재 조달,농촌개발,물품,탄자니아 잔지바르 여성어업종사자 대상 해양수산업 가치사슬 구축 사업('23·'27/550만불) 기자재 조달,695415142,발주계획 입찰한도액; 계획 변경 가능,일반경쟁,적격심사,2025-08,0,,,,,,,0
15085055:345,345,15085055,https://www.data.go.kr/data/15085055/fileData.do,,,,0.608,0,,,,탄자니아사무소,탄자니아,0,"탄자니아 잔지바르 여성어업종사자 대상 해양수산업 가치사슬 구축 사업('23·'27/550만불) 건축(설계, 감리)",농촌개발,용역,"탄자니아 잔지바르 여성어업종사자 대상 해양수산업 가치사슬 구축 사업 건축(설계, 감리)",159779400,발주계획 입찰한도액; 계획 변경 가능,일반경쟁,협상에 의한 계약(기술가격종합평가),2025-06,0,,감리;설계,,,,,0
15085055:346,346,15085055,https://www.data.go.kr/data/15085055/fileData.do,,2023-00100,official_report_title_containment,0.990,1,L2025-00006-1,,,탄자니아사무소,탄자니아,0,탄자니아 도도마주 유수율 제고 시범모델 구축 및 상수도 시설 개선사업(23·26/382만불) 설계,기타,용역,"· 설계업무 수행 · 측량 및 토질조사 · 농촌지역의 상수도 공급시설 신설/교체 설계   (취수시설, 송·배수관로, 공동급수대 등) · 도도마시의 Pilot DMA 구축계획 및 기존 시설개량 설계 · 현지인허가 취득",160150662,발주계획 입찰한도액; 계획 변경 가능,일반경쟁,협상에 의한 계약(기술평가),2025-05,1,시설어+설계감리어,시설;설계,,,,,0
15085055:347,347,15085055,https://www.data.go.kr/data/15085055/fileData.do,,,,0.459,0,,,,유라시아팀,키르기스스탄,0,키르기스스탄 농산물 수확후관리체계 구축 지원을 통한 가치사슬 강화사업 (2024·2027/600만불) PMC 용역,농촌개발,용역,"농민 조직화 및 역량강화, 수확후관리 체계 강화, 산지유통센터(APC) 구축, APC 운영체계 구축, 성과관리",2479535669,발주계획 입찰한도액; 계획 변경 가능,일반경쟁,협상에 의한 계약(기술가격종합평가),2025-09,0,,센터,,,,,0
15085055:348,348,15085055,https://www.data.go.kr/data/15085055/fileData.do,,2023-00027,official_report_title_containment,0.990,1,L2025-00003-1;L2025-00003-2;L2025-00028-1;L2025-00054-1;L2025-00058-1,,,유라시아팀,키르기스스탄,0,키르기스스탄 국회 디지털화 사업 (2023·2027/840만불) 기자재 공급 PC 용역,행정제도,물품,"본회의장 인프라 구축, 데이터 센터 서버시스템 기자재 조달 및 설치, 사무용 IT자산 조달",3739814107,발주계획 입찰한도액; 계획 변경 가능,일반경쟁,협상에 의한 계약(기술평가),2025-03,0,,센터,,,,,0
15085055:349,349,15085055,https://www.data.go.kr/data/15085055/fileData.do,,,,0.328,0,,,,유라시아팀,키르기스스탄,0,키르기즈공화국 포괄적 스마트 축산물이력제도 운영을 통한 축산물안전성 강화사업(22·26/550만불) 기자재 공급 PC 용역,농촌개발,물품,"기자재 분석 및 설계, 납품 및 설치, 역량강화, 유지보수",1167671300,발주계획 입찰한도액; 계획 변경 가능,일반경쟁,협상에 의한 계약(기술가격종합평가),2025-02,0,,설계,,,,,0
15085055:350,350,15085055,https://www.data.go.kr/data/15085055/fileData.do,,2022-00039,official_report_title_containment,0.990,0,,,,에콰도르사무소,에콰도르,0,에콰도르 생물다양성 보전과 지속가능한 이용을 위한 국가 유전자원 데이터 은행 설립사업('22·'28/900만불) 리모델링 시공 감리 용역,환경및기타,용역,리오꼬까 사무소 리모델링 시공 감리,16950000,발주계획 입찰한도액; 계획 변경 가능,수의계약,,2025-12,1,강한건축어,리모델링;시공;감리,,,,,0
15085055:351,351,15085055,https://www.data.go.kr/data/15085055/fileData.do,,2022-00039,official_report_title_containment,0.990,0,,,,에콰도르사무소,에콰도르,0,에콰도르 생물다양성 보전과 지속가능한 이용을 위한 국가 유전자원 데이터 은행 설립사업('22·'28/900만불) 리모델링 시공 용역,환경및기타,공사,리오꼬까 사무소 리모델링 시공 용역,320097360,발주계획 입찰한도액; 계획 변경 가능,일반경쟁,협상에 의한 계약(기술가격종합평가),2025-12,1,강한건축어,리모델링;시공,,,,,0
15085055:352,352,15085055,https://www.data.go.kr/data/15085055/fileData.do,,,,0.426,0,,,,남미팀,페루,0,페루 ICT 수사기법을 활용한 사이버 수사역량 강화사업(`24·`28/610만불) PMC 용역,행정제도,용역,집행계획 수립 이후 구체화 예정,2812791131,발주계획 입찰한도액; 계획 변경 가능,수의계약,,2025-10,0,,,,,,,0
15085055:353,353,15085055,https://www.data.go.kr/data/15085055/fileData.do,,,,0.409,0,,,,중미·카리브팀,엘살바도르,0,(사업취소) 엘살바도르 원격협진을 통한 소아보건 개선사업 PMC 용역,보건의료,용역,ㅇ 원격의료 마스터플랜 개발ㅇ 원격의료 기자재 공급계획 수립ㅇ 원격의료 역량강화 실시,1,발주계획 입찰한도액; 계획 변경 가능,일반경쟁,협상에 의한 계약(기술가격종합평가),2025-03,0,,,,,,,0
15085055:354,354,15085055,https://www.data.go.kr/data/15085055/fileData.do,,,,0.524,0,,,,남미팀,파라과이,0,"파라과이 공중보건 위기대응을 위한 진단 및 감시 역량강화 사업('24·'29/1,450만불)",보건의료,용역,"ㅇ감염병 표준연구소 건축사업 지원, ㅇ감염병 표준연구소 진단검사 및 실험실 역량강화, ㅇ감염병 감시체계 데이터 관리 및 활용 역량강화, ㅇ감염병표준연구소 정보시스템 개발 등",4322887961,발주계획 입찰한도액; 계획 변경 가능,일반경쟁,협상에 의한 계약(기술가격종합평가),2025-03,0,,실험실;연구소,,,,,0
15085055:355,355,15085055,https://www.data.go.kr/data/15085055/fileData.do,,2023-00005,official_report_title_containment,0.990,0,,,,아프리카2팀,모로코,0,"모로코 마라케시 친환경 전기버스 교통체계 구축사업('23·'26/1,300만불) 전기버스 기자재 공급 용역",환경및기타,물품,"1) 기자재 · 대형 전기버스 및 예비 부품, 충전기 등 운영설비, 고장 진단기, 배터리 진단기 등 진단설비 등2) 직접경비 · 전문가 파견 경비3) 직접인건비 · 국내외 인건비4) 기타 제경비 및 예비비",8744785720,발주계획 입찰한도액; 계획 변경 가능,일반경쟁,협상에 의한 계약(기술가격종합평가),2025-03,0,,,,,,,0
15085055:356,356,15085055,https://www.data.go.kr/data/15085055/fileData.do,,2023-00005,official_report_title_containment,0.990,0,,,,아프리카2팀,모로코,0,모로코 마라케시 친환경 전기버스 교통체계 구축사업 ITS 기자재 공급 용역,환경및기타,물품,"1 기자재 · 서버 및 스토리지, 네트워크, 상황실 구축, 상용 S/W, 통신공사 및 현장장비 등2) 직접경비 · 전문가 파견 경비3) 직접인건비 · 국내외 인건비4) 기타 제경비 등",2714786282,발주계획 입찰한도액; 계획 변경 가능,일반경쟁,협상에 의한 계약(기술가격종합평가),2025-07,0,,공사,,,,,0
15085055:357,357,15085055,https://www.data.go.kr/data/15085055/fileData.do,,2022-00142,official_report_title_containment,0.990,1,L2024-00015-1;L2024-00015-2;L2025-00032-1;L2025-00032-2,,,카메룬사무소,카메룬,0,카메룬 전자정부 인식개선 및 역량강화 사업('22·'26/823만불),기타,용역,"1) 계획안(3개 대안제시), 기본설계, 실시설계 도서 작성   ※ 현지 설계사를 선정, 기본계획부터 실시설계에 이르기까지 협업하여 프로젝트 수행계획 수립2) 현지조사 (on·site investigation)3) 지적도, 지질조사보고서, 현황측량도 및 지적 경계측량도4) 건축협의(해당국가 관련기관 협의 포함)5) PMC사 및 기자재 업체와의 협의6) 각종 인허가 지원 업무 등",609574350,발주계획 입찰한도액; 계획 변경 가능,일반경쟁,협상에 의한 계약(기술평가),2025-06,1,시설어+설계감리어,시설;기본설계;설계;실시설계,,,,,0
15085055:358,358,15085055,https://www.data.go.kr/data/15085055/fileData.do,,2021-00092,official_report_title_containment,0.990,0,,,,라오스사무소,라오스,0,"라오스 농촌개발 실행전략 수립 및 중북부지역 농가소득증대 시범사업('21·'25/1,250만불)",농촌개발,물품,"트랙터, 이양기 등 농업기자재 및 소모품 구매",300000000,발주계획 입찰한도액; 계획 변경 가능,일반경쟁,적격심사,2025-06,0,,,,,,,0
15085055:359,359,15085055,https://www.data.go.kr/data/15085055/fileData.do,,,,0.449,0,,,,파라과이사무소,파라과이,0,"파라과이 공중보건 위기대응을 위한 진단 및 감시 역량강화 사업(24·29/1,450만불) 실험동 건축 설계",보건의료,공사,"ㅇ 지반조사 및 경계측량  ㅇ 실험동 건설하는데 필요한 건축, 구조, 기계, 전기, 소방, 토목, 조경 등을 포함한 일체 설계 용역 (Signage Design 계획 포함)  ㅇ 공사 완공시점까지 KOICA 요청에 의한 각종 설계 자문 제공 의무",402480000,발주계획 입찰한도액; 계획 변경 가능,일반경쟁,협상에 의한 계약(기술가격종합평가),2025-06,0,,공사;설계,,,,,0
15085055:360,360,15085055,https://www.data.go.kr/data/15085055/fileData.do,,,,0.419,0,,,,유라시아팀,타지키스탄,0,타지키스탄 정부 기능 디지털 전환 이행 지원 사업(2024·2028/650만불) PMC 선정,행정제도,용역,"사업 요구사항 분석 및 도출, 기본설계, BPR/ISP 컨설팅, 시스템 구축관리, 감독 및 이슈관리, 사업 및 성과관리 등",5717572169,발주계획 입찰한도액; 계획 변경 가능,일반경쟁,협상에 의한 계약(기술가격종합평가),2025-12,0,,기본설계;설계,,,,,0
15085055:361,361,15085055,https://www.data.go.kr/data/15085055/fileData.do,,,,0.787,0,,,,아프리카1팀,에티오피아,0,에티오피아 양질의 일자리 창출을 위한ICT 기반의 창업 및 SMEs 육성 지원 사업 PC 용역 (IT플랫폼 구축 감리용역),기타,용역,"표제사업 IT플랫폼 구축을 위한 감리용역 선발 · 감리 사업수행계획서 작성, 단계별 감리계획서 작성, 감리 착수회의 개최, 현장감리 실시, 감리 수행결과보고서 작성, 감리 종료회의 개최, 감리수행결과보고서 작성, 감리결과 시정조치 확인 등",156917654,발주계획 입찰한도액; 계획 변경 가능,일반경쟁,협상에 의한 계약(기술가격종합평가),2025-07,0,,감리,,,,,0
15085055:362,362,15085055,https://www.data.go.kr/data/15085055/fileData.do,,2020-00053,official_report_title_containment,0.990,1,L2022-00035-1;L2022-00035-2;L2022-00068-1;L2023-00004-1,,,아프리카1팀,에티오피아,0,에티오피아 양질의 일자리 창출을 위한 ICT 기반의 창업 및 중소기업(SMEs) 육성 지원 사업 IT 플랫폼 구축 PC 용역,기타,용역,"표제사업 IT플랫폼 구축을 위한 H/W 및 S/W 통합발주  · 온라인 IT플랫폼 개발 · IT플랫폼 운영/유지관리 조직구성 및 협업, IT 플랫폼 개발자 교육, IT플랫폼 운영지원 및 유지관리, 정보화 전략 계획 수립 등",1078142182,발주계획 입찰한도액; 계획 변경 가능,일반경쟁,협상에 의한 계약(기술가격종합평가),2025-07,0,,,,,,,0
15085055:363,363,15085055,https://www.data.go.kr/data/15085055/fileData.do,,2021-00085,existing_db_title_containment,0.990,1,L2023-00065-1,,,유라시아팀,우즈베키스탄,0,우즈베키스탄 교수학습개발복합센터 건립을 통한 유아교사 역량강화사업 전시 계획 및 설치용역,교육,용역,유아체험관 전시 설계 및 설치,940000000,발주계획 입찰한도액; 계획 변경 가능,일반경쟁,협상에 의한 계약(기술평가),2025-08,1,강한건축어;시설어+설계감리어,건립;센터;설계,,,,,0
15085055:364,364,15085055,https://www.data.go.kr/data/15085055/fileData.do,,2021-00097,official_report_title_containment,0.990,1,L2023-00030-1;L2024-00036-1;L2025-00015-1;L2025-00015-2,,,피지사무소,피지,0,피지 농업공존형 태양광 발전사업(GCF)(21·24/800만불) 영농기술센터 및 농기자재 보관창고 시공,농촌개발,공사,영농기술센터 및 농기자재 보관창고 시공,2710764854,발주계획 입찰한도액; 계획 변경 가능,일반경쟁,적격심사,2025-02,1,입찰구분=공사+시설어;시설어+공사어,시공;센터,,,,,0
15085055:365,365,15085055,https://www.data.go.kr/data/15085055/fileData.do,,2021-00141,existing_db_title_containment,0.990,1,L2022-00006-1,,,서남아시아팀,네팔,0,네팔 경찰청 사이버 안전국 설립을 통한 사이버 수사능력 강화사업('21·'26/800만불) 기자재 공급업체 선정,행정제도,물품,"· 사이버 수사, 디지털 포렌식 관련 기자재 구입 및 검수",1404728505,발주계획 입찰한도액; 계획 변경 가능,일반경쟁,협상에 의한 계약(기술가격종합평가),2025-08,0,,,,,,,0
15085055:366,366,15085055,https://www.data.go.kr/data/15085055/fileData.do,,,,0.383,0,,,,동남아시아2팀,인도네시아,0,인도네시아 법령정보시스템 구축 사업 수행(PC) 용역,정보통신,용역,ㅇ 프로토타입 시스템 개발(4개월)ㅇ 응용 SW 개발 (12개월)ㅇ 법령 DB 구축 (총 12개월 중 현지 11개월)ㅇ 기자재 지원ㅇ 운영지원 및 유지보수 (36개월),6720894750,발주계획 입찰한도액; 계획 변경 가능,일반경쟁,협상에 의한 계약(기술가격종합평가),2025-02,0,,,,,,,0
