project_key,bid_no,bid_contract_type,bid_title,construction_bid_cost_relevant,source_file,extension,bytes,sha256,duplicate_scan_reused,boq_filename_candidate,blank_or_unpriced_filename,scan_error,table_count,quantity_rows_max,priced_rows_max,strong_priced_table,best_sheet,best_sheet_state,best_header_row,best_priced_ratio,table_signals_json
2021-00042,L2023-00028-1,용역,우간다 농업지도자연수원 자립적 운영체계 구축 및 연수역량강화 사업을 위한 설계 및 감리 용역,0,"L2023-00028-1/1. 입찰계획안(국, 영문).zip",.zip,5172957,32ce2f03faf963871ff190dd99f8e2c66f6ffc97e60332ee1bec661e6ea9df0c,0,0,0,,0,0,0,0,,,,0.0,[]
2021-00042,L2023-00028-1,용역,우간다 농업지도자연수원 자립적 운영체계 구축 및 연수역량강화 사업을 위한 설계 및 감리 용역,0,L2023-00028-1/2. 입찰서류(영문).zip,.zip,8251178,9c25451a86a97756e511864c0b1b30490c969ec2a5633b043d4b124392a42682,0,0,0,,0,0,0,0,,,,0.0,[]
2021-00042,L2023-00028-1,용역,우간다 농업지도자연수원 자립적 운영체계 구축 및 연수역량강화 사업을 위한 설계 및 감리 용역,0,"L2023-00028-1/1. 입찰계획안(국, 영문)/1-1. Bidding Guideline_KOR_230622.docx",.docx,2588298,9f48e000d2730d4f3c41e71999c46f46c46d2e385e3f2b39a9120767a8b472e4,0,0,0,,0,0,0,0,,,,0.0,[]
2021-00042,L2023-00028-1,용역,우간다 농업지도자연수원 자립적 운영체계 구축 및 연수역량강화 사업을 위한 설계 및 감리 용역,0,"L2023-00028-1/1. 입찰계획안(국, 영문)/1-2. Bidding Guideline_ENG_230622.docx",.docx,2591895,1b8282613f01cecf289c3275f3c81ab21ce1a39e44038d77b6ebeec4b400afef,0,0,0,,0,0,0,0,,,,0.0,[]
2021-00042,L2023-00028-1,용역,우간다 농업지도자연수원 자립적 운영체계 구축 및 연수역량강화 사업을 위한 설계 및 감리 용역,0,L2023-00028-1/2. 입찰서류(영문)/2. Bidding for the Provision of Services.docx,.docx,35313,7211988f637958395d3bed6425f05f5120c1a81d5c2ae8f61d092d40e565a87c,0,0,0,,0,0,0,0,,,,0.0,[]
2021-00042,L2023-00028-1,용역,우간다 농업지도자연수원 자립적 운영체계 구축 및 연수역량강화 사업을 위한 설계 및 감리 용역,0,L2023-00028-1/2. 입찰서류(영문)/5. Standard Forms of Contract.docx,.docx,47998,48229709a5667916a96e11d5aeb5dfd98f9b277c7dad4aed5be53e536691a339,0,0,0,,0,0,0,0,,,,0.0,[]
2021-00042,L2023-00028-1,용역,우간다 농업지도자연수원 자립적 운영체계 구축 및 연수역량강화 사업을 위한 설계 및 감리 용역,0,L2023-00028-1/2. 입찰서류(영문)/1. Bidding Guideline_ENG_230622.docx,.docx,2591895,1b8282613f01cecf289c3275f3c81ab21ce1a39e44038d77b6ebeec4b400afef,0,0,0,,0,0,0,0,,,,0.0,[]
2021-00042,L2023-00028-1,용역,우간다 농업지도자연수원 자립적 운영체계 구축 및 연수역량강화 사업을 위한 설계 및 감리 용역,0,L2023-00028-1/2. 입찰서류(영문)/4. Terms of Reference with CM forms.zip,.zip,5546052,53f7507b746fdb98b4f73c4fae8c7d0751e64a1799f0acf5db486ab80db4ce39,0,0,0,,0,0,0,0,,,,0.0,[]
2021-00042,L2023-00028-1,용역,우간다 농업지도자연수원 자립적 운영체계 구축 및 연수역량강화 사업을 위한 설계 및 감리 용역,0,L2023-00028-1/2. 입찰서류(영문)/3. Bidding Forms.docx,.docx,44331,f1b30ad3cd00feef20f3dff428209ef12caae6aaf5cad4466c427a5bd4fb0ae2,0,0,0,,0,0,0,0,,,,0.0,[]
2021-00042,L2023-00028-1,용역,우간다 농업지도자연수원 자립적 운영체계 구축 및 연수역량강화 사업을 위한 설계 및 감리 용역,0,L2023-00028-1/2. 입찰서류(영문)/4. Terms of Reference with CM forms/4-1. Farm Renovation Concept Paper.docx,.docx,4592259,88f470284dd019d342e6a5e75c1f1e3c0ab492b01366ff1ac15f788cb07def6e,0,0,0,,0,0,0,0,,,,0.0,[]
2021-00042,L2023-00028-1,용역,우간다 농업지도자연수원 자립적 운영체계 구축 및 연수역량강화 사업을 위한 설계 및 감리 용역,0,L2023-00028-1/2. 입찰서류(영문)/4. Terms of Reference with CM forms/4-2. Construction Supervision Forms.docx,.docx,20958,a415084284d83fd88ab7c1fa68012676779bb397fd627a8c108f911cb5f07171,0,0,0,,0,0,0,0,,,,0.0,[]
2021-00042,L2023-00028-1,용역,우간다 농업지도자연수원 자립적 운영체계 구축 및 연수역량강화 사업을 위한 설계 및 감리 용역,0,L2023-00028-1/2. 입찰서류(영문)/4. Terms of Reference with CM forms/4. Terms of Reference.docx,.docx,982264,29e486c50786acb513842231d04c74aa7a5bb10ad5b092f41121501a3118eb67,0,0,0,,0,0,0,0,,,,0.0,[]
2021-00042,L2024-00050-1,공사,우간다 농업지도자 연수원 자립적 운영체계구축 및 연수역량 강화사업 공사,1,L2024-00050-1/Part 3(계약서 및 기타 자료).zip,.zip,381939,8abea021b88bbab3ca5540b2a035beb9492124242530b4f5f374566576c29ee7,0,0,0,,0,0,0,0,,,,0.0,[]
2021-00042,L2024-00050-1,공사,우간다 농업지도자 연수원 자립적 운영체계구축 및 연수역량 강화사업 공사,1,L2024-00050-1/입찰계획안(영문)_240912.docx,.docx,70374,a97e2204cd7abdc401433f2445b64647f5c6108b87aaf1a9d1efe9231c168ebd,0,0,0,,0,0,0,0,,,,0.0,[]
2021-00042,L2024-00050-1,공사,우간다 농업지도자 연수원 자립적 운영체계구축 및 연수역량 강화사업 공사,1,L2024-00050-1/Part 1(입찰절차).zip,.zip,242902,ab0bb5cfa61d3823937ee433e7da3dc95a1ac561e8de646fca273b38f38edecf,0,0,0,,0,0,0,0,,,,0.0,[]
2021-00042,L2024-00050-1,공사,우간다 농업지도자 연수원 자립적 운영체계구축 및 연수역량 강화사업 공사,1,L2024-00050-1/우간다 조달청 규정.zip,.zip,1317450,c875dab804788f7174e78c9b9937ea12295c2bb46df7d0b05a7dd7a5e1183bf5,0,0,0,,0,0,0,0,,,,0.0,[]
2021-00042,L2024-00050-1,공사,우간다 농업지도자 연수원 자립적 운영체계구축 및 연수역량 강화사업 공사,1,L2024-00050-1/입찰계획안(국문)_240912.hwp,.hwp,187904,b19aa88fe4464d99312e9db53573bbd51233894da44a85c364311557746fdd31,0,0,0,,0,0,0,0,,,,0.0,[]
2021-00042,L2024-00050-1,공사,우간다 농업지도자 연수원 자립적 운영체계구축 및 연수역량 강화사업 공사,1,L2024-00050-1/Part 3(계약서 및 기타 자료)/Section 8. Special Conditions of Contract.docx,.docx,62776,829d949ab71fb28a85d4e3b3bdcfb06406eeb50e9e955b0f69d58a2b7e83bfbf,0,0,0,,0,0,0,0,,,,0.0,[]
2021-00042,L2024-00050-1,공사,우간다 농업지도자 연수원 자립적 운영체계구축 및 연수역량 강화사업 공사,1,L2024-00050-1/Part 3(계약서 및 기타 자료)/Section 10 - Pledges.zip,.zip,84955,fadf4a1951ee2c6ace4fe84d3f55ddfcdcbd11bf4a7f15430823b028717b4acb,0,0,0,,0,0,0,0,,,,0.0,[]
2021-00042,L2024-00050-1,공사,우간다 농업지도자 연수원 자립적 운영체계구축 및 연수역량 강화사업 공사,1,L2024-00050-1/Part 3(계약서 및 기타 자료)/Section 7. General Conditions of Contract.docx,.docx,208511,a03e5b05dd156f7994b2d52b4702d73cb04d2ed870e20e9cc5f810c30db67640,0,0,0,,0,0,0,0,,,,0.0,[]
2021-00042,L2024-00050-1,공사,우간다 농업지도자 연수원 자립적 운영체계구축 및 연수역량 강화사업 공사,1,L2024-00050-1/Part 3(계약서 및 기타 자료)/Section 9. Contract Forms.docx,.docx,38064,60c9caead2ab9055df0848415947e8cea9b8f46eaa6e4664aabd73eb0b29bb92,0,0,0,,0,0,0,0,,,,0.0,[]
2021-00042,L2024-00050-1,공사,우간다 농업지도자 연수원 자립적 운영체계구축 및 연수역량 강화사업 공사,1,L2024-00050-1/우간다 조달청 규정/(PPDA ╞»╟²╕╢┴° ░ⁿ╖├▒╘┴ñ) PPDA-Act-2003 (Ammended 2021).pdf,.pdf,515969,0502cec8c28f3d4f5b09170b613064a67998e6ab586a188452f93ff4b35b0276,0,0,0,,0,0,0,0,,,,0.0,[]
2021-00042,L2024-00050-1,공사,우간다 농업지도자 연수원 자립적 운영체계구축 및 연수역량 강화사업 공사,1,L2024-00050-1/우간다 조달청 규정/(PPDA ║╕┴⌡▒╘┴ñ) GUIDELINE-3-OF-2024-ON-BID-AND-PERFORMANCE-SECURITIES.pdf,.pdf,1041182,b17737d66ac952e950635c033ff1b2fa38e8abbfa8713539040b143590623f90,0,0,0,,0,0,0,0,,,,0.0,[]
2021-00042,L2024-00050-1,공사,우간다 농업지도자 연수원 자립적 운영체계구축 및 연수역량 강화사업 공사,1,L2024-00050-1/Part 1(입찰절차)/Part 1(└╘┬√└²┬≈)/Section 3. Bidding Forms.docx,.docx,49964,48deb32691d2a945fabbf91be60d92b0d065b2b207b3771073d826ac60f03a4c,0,0,0,,0,0,0,0,,,,0.0,[]
2021-00042,L2024-00050-1,공사,우간다 농업지도자 연수원 자립적 운영체계구축 및 연수역량 강화사업 공사,1,L2024-00050-1/Part 1(입찰절차)/Part 1(└╘┬√└²┬≈)/Section 2 - Bid Data Sheet (┐╡╣«).docx,.docx,70374,a97e2204cd7abdc401433f2445b64647f5c6108b87aaf1a9d1efe9231c168ebd,0,0,0,,0,0,0,0,,,,0.0,[]
2021-00042,L2024-00050-1,공사,우간다 농업지도자 연수원 자립적 운영체계구축 및 연수역량 강화사업 공사,1,L2024-00050-1/Part 1(입찰절차)/Part 1(└╘┬√└²┬≈)/Section 1 - Instructions to Bidders (ITB).pdf,.pdf,146068,32c98bec63f31ee752b16d8cf77164796681a660a981c00cac3039872cd469e9,0,0,0,,0,0,0,0,,,,0.0,[]
2021-00042,L2024-00050-1,공사,우간다 농업지도자 연수원 자립적 운영체계구축 및 연수역량 강화사업 공사,1,L2024-00050-1/Part 3(계약서 및 기타 자료)/Section 10 - Pledges/Integrity Pledge (청렴계약서).docx,.docx,36507,bbf88b1bc23c5ed931639e65f36d47df7d7fbdb8447562024b0cf9f04ec6d6b6,0,0,0,,0,0,0,0,,,,0.0,[]
2021-00042,L2024-00050-1,공사,우간다 농업지도자 연수원 자립적 운영체계구축 및 연수역량 강화사업 공사,1,L2024-00050-1/Part 3(계약서 및 기타 자료)/Section 10 - Pledges/Fair Contract Pledge Letter (공정계약 서약서).docx,.docx,18756,379cc784a159e5c15ba0045a32dd793d03827ad46a1e4a966b9810ad99102277,0,0,0,,0,0,0,0,,,,0.0,[]
2021-00042,L2024-00050-1,공사,우간다 농업지도자 연수원 자립적 운영체계구축 및 연수역량 강화사업 공사,1,L2024-00050-1/Part 3(계약서 및 기타 자료)/Section 10 - Pledges/Declaration of Anti_Corruption (반부패 선언서).docx,.docx,23026,81e22a438491f4d1b5a12be15e95b5278073d1be929b00b0cd4fe23da8b9d496,0,0,0,,0,0,0,0,,,,0.0,[]
2021-00042,L2024-00050-1,공사,우간다 농업지도자 연수원 자립적 운영체계구축 및 연수역량 강화사업 공사,1,L2024-00050-1/Part 3(계약서 및 기타 자료)/Section 10 - Pledges/Power of Attorney (계약서 서명권한 위임장).docx,.docx,18770,3a0f38f9872dddf73d2b65acc72f2d66feba6b342e663e59135e5ef6b1c4e906,0,0,0,,0,0,0,0,,,,0.0,[]
2021-00042,L2025-00062-1,공사,우간다 농업지도자 연수원 자립적 운영체계구축 및 연수역량 강화사업 시범농장 신축 공사,1,L2025-00062-1/붙임 2. 입찰 첨부서류 각 1부(Part II 제외).zip,.zip,1753840,e8d1ab37c163c39452b7f8f0e635ebcb91add725e80ad29321b893308a149605,0,0,0,,0,0,0,0,,,,0.0,[]
2021-00042,L2025-00062-1,공사,우간다 농업지도자 연수원 자립적 운영체계구축 및 연수역량 강화사업 시범농장 신축 공사,1,L2025-00062-1/붙임 3. 우간다 조달청(PPDA) 관련 규정.zip,.zip,1316818,9de3946bb7383887bb63f05b38e5988946a88d31a543e6db0d4ac14f5f5d6517,0,0,0,,0,0,0,0,,,,0.0,[]
2021-00042,L2025-00062-1,공사,우간다 농업지도자 연수원 자립적 운영체계구축 및 연수역량 강화사업 시범농장 신축 공사,1,L2025-00062-1/1-2. 입찰공고문(영문)_시범농장 신축.docx,.docx,72366,0d6293c9b5890b5582f91fddf1faadcada39464d9029d50857d42d41d37081fb,0,0,0,,0,0,0,0,,,,0.0,[]
2021-00042,L2025-00062-1,공사,우간다 농업지도자 연수원 자립적 운영체계구축 및 연수역량 강화사업 시범농장 신축 공사,1,L2025-00062-1/붙임 3. 우간다 조달청(PPDA) 관련 규정/3-2. (PPDA 특혜마진 관련규정) PPDA-Act-2003 (Ammended 2021).pdf,.pdf,515969,0502cec8c28f3d4f5b09170b613064a67998e6ab586a188452f93ff4b35b0276,0,0,0,,0,0,0,0,,,,0.0,[]
2021-00042,L2025-00062-1,공사,우간다 농업지도자 연수원 자립적 운영체계구축 및 연수역량 강화사업 시범농장 신축 공사,1,L2025-00062-1/붙임 3. 우간다 조달청(PPDA) 관련 규정/3-1. (PPDA 보증규정) GUIDELINE-3-OF-2024-ON-BID-AND-PERFORMANCE-SECURITIES.pdf,.pdf,1041182,b17737d66ac952e950635c033ff1b2fa38e8abbfa8713539040b143590623f90,0,0,0,,0,0,0,0,,,,0.0,[]
2021-00042,L2025-00062-1,공사,우간다 농업지도자 연수원 자립적 운영체계구축 및 연수역량 강화사업 시범농장 신축 공사,1,L2025-00062-1/붙임 2. 입찰 첨부서류 각 1부(Part II 제외)/붙임 2. 입찰 첨부서류 각 1부(Part II 제외)/Section 9 - Contract Forms.docx,.docx,38159,0bce2d1fb64d0b2bf7c95f60fe85f7f4c07bcf3ac8c4cb65912db9515bbb5644,0,0,0,,0,0,0,0,,,,0.0,[]
2021-00042,L2025-00062-1,공사,우간다 농업지도자 연수원 자립적 운영체계구축 및 연수역량 강화사업 시범농장 신축 공사,1,L2025-00062-1/붙임 2. 입찰 첨부서류 각 1부(Part II 제외)/붙임 2. 입찰 첨부서류 각 1부(Part II 제외)/Section 7 - General Conditions of Contract.docx,.docx,202912,fedf6aa3540ddde964e764325f1b28aff95914fe896d9a93b0b504953aef920a,0,0,0,,0,0,0,0,,,,0.0,[]
2021-00042,L2025-00062-1,공사,우간다 농업지도자 연수원 자립적 운영체계구축 및 연수역량 강화사업 시범농장 신축 공사,1,L2025-00062-1/붙임 2. 입찰 첨부서류 각 1부(Part II 제외)/붙임 2. 입찰 첨부서류 각 1부(Part II 제외)/Section 2 - Bid Data Sheet (New Farm).docx,.docx,72111,0de1a173a7f9c9414a11fc06a71dfafba7c0dfc57759dc6474e3aa84d742f2af,0,0,0,,0,0,0,0,,,,0.0,[]
2021-00042,L2025-00062-1,공사,우간다 농업지도자 연수원 자립적 운영체계구축 및 연수역량 강화사업 시범농장 신축 공사,1,L2025-00062-1/붙임 2. 입찰 첨부서류 각 1부(Part II 제외)/붙임 2. 입찰 첨부서류 각 1부(Part II 제외)/Power of Attorney for the authority to sign and execute contracts (계약서 서명권한 위임장).docx,.docx,18759,ccfa30711d9124ace57f312b9b89267731c2844285ca78c55df13f43969cd647,0,0,0,,0,0,0,0,,,,0.0,[]
2021-00042,L2025-00062-1,공사,우간다 농업지도자 연수원 자립적 운영체계구축 및 연수역량 강화사업 시범농장 신축 공사,1,L2025-00062-1/붙임 2. 입찰 첨부서류 각 1부(Part II 제외)/붙임 2. 입찰 첨부서류 각 1부(Part II 제외)/Section 8 - Specail Conditions of Contract.docx,.docx,60774,71f76a3e205a83768b2992bb6e9065dc516b4f8076b24418a316d4195274d0e8,0,0,0,,0,0,0,0,,,,0.0,[]
2021-00042,L2025-00062-1,공사,우간다 농업지도자 연수원 자립적 운영체계구축 및 연수역량 강화사업 시범농장 신축 공사,1,L2025-00062-1/붙임 2. 입찰 첨부서류 각 1부(Part II 제외)/붙임 2. 입찰 첨부서류 각 1부(Part II 제외)/Section 9 - Pledges.zip,.zip,69143,c68e53944a8f0afc1892995c1597fc45de6bfe319f29975a6981e05379561cfa,0,0,0,,0,0,0,0,,,,0.0,[]
2021-00042,L2025-00062-1,공사,우간다 농업지도자 연수원 자립적 운영체계구축 및 연수역량 강화사업 시범농장 신축 공사,1,L2025-00062-1/붙임 2. 입찰 첨부서류 각 1부(Part II 제외)/붙임 2. 입찰 첨부서류 각 1부(Part II 제외)/Section 3 - Bidding Forms.docx,.docx,43979,bcc509bdb5ac87ff686277c070f9fba2c93d4042aef9ad7f9d2e65363cde67b0,0,0,0,,0,0,0,0,,,,0.0,[]
2021-00042,L2025-00062-1,공사,우간다 농업지도자 연수원 자립적 운영체계구축 및 연수역량 강화사업 시범농장 신축 공사,1,L2025-00062-1/붙임 2. 입찰 첨부서류 각 1부(Part II 제외)/붙임 2. 입찰 첨부서류 각 1부(Part II 제외)/Section 6 - Scope of Works.docx,.docx,1142778,b4e8a80d4c338babb9e6f22aa6dbe09011bbf7ffbe5028a9741eacbae29084ad,0,0,0,,0,0,0,0,,,,0.0,[]
2021-00042,L2025-00062-1,공사,우간다 농업지도자 연수원 자립적 운영체계구축 및 연수역량 강화사업 시범농장 신축 공사,1,L2025-00062-1/붙임 2. 입찰 첨부서류 각 1부(Part II 제외)/붙임 2. 입찰 첨부서류 각 1부(Part II 제외)/Section 1 - Instructions to Bidders (ITB).pdf,.pdf,146068,32c98bec63f31ee752b16d8cf77164796681a660a981c00cac3039872cd469e9,0,0,0,,0,0,0,0,,,,0.0,[]
2021-00042,L2025-00062-1,공사,우간다 농업지도자 연수원 자립적 운영체계구축 및 연수역량 강화사업 시범농장 신축 공사,1,L2025-00062-1/붙임 2. 입찰 첨부서류 각 1부(Part II 제외)/붙임 2. 입찰 첨부서류 각 1부(Part II 제외)/Section 9 - Pledges/Integrity Pledge (청렴계약서).docx,.docx,36507,bbf88b1bc23c5ed931639e65f36d47df7d7fbdb8447562024b0cf9f04ec6d6b6,0,0,0,,0,0,0,0,,,,0.0,[]
2021-00042,L2025-00062-1,공사,우간다 농업지도자 연수원 자립적 운영체계구축 및 연수역량 강화사업 시범농장 신축 공사,1,L2025-00062-1/붙임 2. 입찰 첨부서류 각 1부(Part II 제외)/붙임 2. 입찰 첨부서류 각 1부(Part II 제외)/Section 9 - Pledges/Fair Contract Pledge Letter (공정계약 서약서).docx,.docx,18756,379cc784a159e5c15ba0045a32dd793d03827ad46a1e4a966b9810ad99102277,0,0,0,,0,0,0,0,,,,0.0,[]
2021-00042,L2025-00062-1,공사,우간다 농업지도자 연수원 자립적 운영체계구축 및 연수역량 강화사업 시범농장 신축 공사,1,L2025-00062-1/붙임 2. 입찰 첨부서류 각 1부(Part II 제외)/붙임 2. 입찰 첨부서류 각 1부(Part II 제외)/Section 9 - Pledges/Declaration of Anti_Corruption (반부패 선언서).docx,.docx,23026,81e22a438491f4d1b5a12be15e95b5278073d1be929b00b0cd4fe23da8b9d496,0,0,0,,0,0,0,0,,,,0.0,[]
2022-00064,L2024-00072-1,용역,우간다 마케레레 대학 원격교육센터 설계 및 감리용역 입찰,0,L2024-00072-1/1. 국영문 입찰계획안 우간다 마케레레.zip,.zip,107072,e3ab143d8086da49afcbaa087315f20640492df3104d4b6a03d4829765dfeb8a,0,0,0,,0,0,0,0,,,,0.0,[]
2022-00064,L2024-00072-1,용역,우간다 마케레레 대학 원격교육센터 설계 및 감리용역 입찰,0,L2024-00072-1/2. 입찰문서 각 1부 우간다 마케레레.zip,.zip,1149146,43587fcba3bb7dae37257cce10618e40edf4ac3adac5f0e8a0d2aab18d2c5c20,0,0,0,,0,0,0,0,,,,0.0,[]
2022-00064,L2024-00072-1,용역,우간다 마케레레 대학 원격교육센터 설계 및 감리용역 입찰,0,L2024-00072-1/2. 입찰문서 각 1부 우간다 마케레레/Section 7 - Specail Conditions of Contract.docx,.docx,25735,951c2d255ef262165cfff144d7c962a3895e873a1af01869b7956aaa014fa39f,0,0,0,,0,0,0,0,,,,0.0,[]
2022-00064,L2024-00072-1,용역,우간다 마케레레 대학 원격교육센터 설계 및 감리용역 입찰,0,L2024-00072-1/2. 입찰문서 각 1부 우간다 마케레레/Section 5 - Reference Documents.zip,.zip,18929,8ce9252a55149ad57dfc61b54ab0db802badc6669fb066c8dfe7a1b086d19b72,0,0,0,,0,0,0,0,,,,0.0,[]
2022-00064,L2024-00072-1,용역,우간다 마케레레 대학 원격교육센터 설계 및 감리용역 입찰,0,L2024-00072-1/2. 입찰문서 각 1부 우간다 마케레레/Section 6 - General Conditions of Contract.docx,.docx,34911,83d7fcabe51ad328fb7329da081d4f921110e5e42367cc1598173d635bbc979e,0,0,0,,0,0,0,0,,,,0.0,[]
2022-00064,L2024-00072-1,용역,우간다 마케레레 대학 원격교육센터 설계 및 감리용역 입찰,0,L2024-00072-1/2. 입찰문서 각 1부 우간다 마케레레/Section 3 - Bidding Forms_수정.docx,.docx,60170,af78166fc8656f60cd1420e578f70d322290bda457113e999ae837aeba7cfff6,0,0,0,,0,0,0,0,,,,0.0,[]
2022-00064,L2024-00072-1,용역,우간다 마케레레 대학 원격교육센터 설계 및 감리용역 입찰,0,L2024-00072-1/2. 입찰문서 각 1부 우간다 마케레레/Summary of Bidding (요약본)_수정.docx,.docx,34891,9d45c01785412775bfa0b24a0ce7950fe858f0efc0348d7c0950951f9d9b711f,0,0,0,,0,0,0,0,,,,0.0,[]
2022-00064,L2024-00072-1,용역,우간다 마케레레 대학 원격교육센터 설계 및 감리용역 입찰,0,L2024-00072-1/2. 입찰문서 각 1부 우간다 마케레레/Section 9 - Pledges.zip,.zip,69143,c68e53944a8f0afc1892995c1597fc45de6bfe319f29975a6981e05379561cfa,0,0,0,,0,0,0,0,,,,0.0,[]
2022-00064,L2024-00072-1,용역,우간다 마케레레 대학 원격교육센터 설계 및 감리용역 입찰,0,L2024-00072-1/2. 입찰문서 각 1부 우간다 마케레레/Section 8 - Contract Forms.docx,.docx,22992,aae21e0364d411b003ec863f9587fb5bd419cae961c5c76762dcf0190ad3ff86,0,0,0,,0,0,0,0,,,,0.0,[]
2022-00064,L2024-00072-1,용역,우간다 마케레레 대학 원격교육센터 설계 및 감리용역 입찰,0,L2024-00072-1/2. 입찰문서 각 1부 우간다 마케레레/Section 4 - Request for Proposal.docx,.docx,699094,9902acab97d76a384f80dbe4e8d28d7e672f06ea4b176c657b379bb44ccd9d41,0,0,0,,0,0,0,0,,,,0.0,[]
2022-00064,L2024-00072-1,용역,우간다 마케레레 대학 원격교육센터 설계 및 감리용역 입찰,0,L2024-00072-1/2. 입찰문서 각 1부 우간다 마케레레/Section 1 - Instructions to Bidders (ITB)_수정.zip,.zip,216319,11233da5e359ce592212699f6c499fb76b51eb57314e320bc488eddaa0c5dfe9,0,0,0,,0,0,0,0,,,,0.0,[]
2022-00064,L2024-00072-1,용역,우간다 마케레레 대학 원격교육센터 설계 및 감리용역 입찰,0,L2024-00072-1/1. 국영문 입찰계획안 우간다 마케레레/Section 2 - (국문) 입찰공고문 (BDS)_20240930 최종.hwp,.hwp,69120,ca5994c55657418c458832d14a2f6634b806b71a5762759202dbb40cb38e4147,0,0,0,,0,0,0,0,,,,0.0,[]
2022-00064,L2024-00072-1,용역,우간다 마케레레 대학 원격교육센터 설계 및 감리용역 입찰,0,L2024-00072-1/1. 국영문 입찰계획안 우간다 마케레레/Section 2 - Bid Data Sheet (BDS)_20240930_CM검토.docx,.docx,52249,825a95f1ee810d47999e0210fc099912d43efe965a339e17e948bf40021a746f,0,0,0,,0,0,0,0,,,,0.0,[]
2022-00064,L2024-00072-1,용역,우간다 마케레레 대학 원격교육센터 설계 및 감리용역 입찰,0,L2024-00072-1/2. 입찰문서 각 1부 우간다 마케레레/Section 5 - Reference Documents/Section 5 - Construction Supervision Forms.docx,.docx,21655,6faffa7eea1b98283c98661c3d3929bc4a00e93b2a2dcb33ff3180dcdef6c55b,0,0,0,,0,0,0,0,,,,0.0,[]
2022-00064,L2024-00072-1,용역,우간다 마케레레 대학 원격교육센터 설계 및 감리용역 입찰,0,L2024-00072-1/2. 입찰문서 각 1부 우간다 마케레레/Section 9 - Pledges/Integrity Pledge (청렴계약서).docx,.docx,36507,bbf88b1bc23c5ed931639e65f36d47df7d7fbdb8447562024b0cf9f04ec6d6b6,0,0,0,,0,0,0,0,,,,0.0,[]
2022-00064,L2024-00072-1,용역,우간다 마케레레 대학 원격교육센터 설계 및 감리용역 입찰,0,L2024-00072-1/2. 입찰문서 각 1부 우간다 마케레레/Section 9 - Pledges/Fair Contract Pledge Letter (공정계약 서약서).docx,.docx,18756,379cc784a159e5c15ba0045a32dd793d03827ad46a1e4a966b9810ad99102277,0,0,0,,0,0,0,0,,,,0.0,[]
2022-00064,L2024-00072-1,용역,우간다 마케레레 대학 원격교육센터 설계 및 감리용역 입찰,0,L2024-00072-1/2. 입찰문서 각 1부 우간다 마케레레/Section 9 - Pledges/Declaration of Anti_Corruption (반부패 선언서).docx,.docx,23026,81e22a438491f4d1b5a12be15e95b5278073d1be929b00b0cd4fe23da8b9d496,0,0,0,,0,0,0,0,,,,0.0,[]
2022-00064,L2024-00072-1,용역,우간다 마케레레 대학 원격교육센터 설계 및 감리용역 입찰,0,L2024-00072-1/2. 입찰문서 각 1부 우간다 마케레레/Section 1 - Instructions to Bidders (ITB)_수정/Section 1 - Instructions to Bidders (ITB)_수정.hwp,.hwp,168448,66c44d5b34cd4bade85de8cda544a7f534cfac5022bcf25bb3755d6680315e9a,0,0,0,,0,0,0,0,,,,0.0,[]
2022-00064,L2024-00072-1,용역,우간다 마케레레 대학 원격교육센터 설계 및 감리용역 입찰,0,L2024-00072-1/2. 입찰문서 각 1부 우간다 마케레레/Section 1 - Instructions to Bidders (ITB)_수정/Section 1 - 국제입찰유의서 (ITB).hwp,.hwp,92672,30c8d093217b1908eadd23ff85989ab13790b4f29f255670b5c4478dcb302c5a,0,0,0,,0,0,0,0,,,,0.0,[]
2022-00064,L2025-00084-1,공사,우간다 마케레레 대학 원격교육 조성사업 신축 공사,1,L2025-00084-1/Section 2 - Bid Data Sheet (EN)_vr8.docx,.docx,71214,917a10f5c6e73781f0075c4e173e1772e794f8869f9f64ccf8739ddc1950b2f6,0,0,0,,0,0,0,0,,,,0.0,[]
2021-00085,L2023-00065-1,용역,(긴급) 우즈베키스탄 유아 교육 복합센터 신축공사 시공감리 용역업체 선정,0,L2023-00065-1/(attached) Pre_school_Education_Complex_Constsruction_Supervision_Contractor.zip,.zip,369842,e5822262e8dc8b5ab61b96a204798d1ef41f0e6b9a8d791dab1bbe789c31f6ce,0,0,0,,0,0,0,0,,,,0.0,[]
2021-00085,L2023-00065-1,용역,(긴급) 우즈베키스탄 유아 교육 복합센터 신축공사 시공감리 용역업체 선정,0,L2023-00065-1/BID_Announcement_Daily_News_of_Korean_Residents.docx,.docx,33976,742227f4862f395197c697a248e80ca570552d96a0e2ee6fe48cead5df638532,0,0,0,,0,0,0,0,,,,0.0,[]
2021-00085,L2023-00065-1,용역,(긴급) 우즈베키스탄 유아 교육 복합센터 신축공사 시공감리 용역업체 선정,0,L2023-00065-1/Letter of Interest.docx,.docx,18338,352a3c1c2490b68e22cd9b409b6bf31e1858731ebc1912e7b65d868c812d4d54,0,0,0,,0,0,0,0,,,,0.0,[]
2021-00085,L2023-00065-1,용역,(긴급) 우즈베키스탄 유아 교육 복합센터 신축공사 시공감리 용역업체 선정,0,L2023-00065-1/BID Announcement (English).docx,.docx,102142,b276290312ff05178a9468ab34d55f36df00d9833bc14daf2f1ff2573967ef03,0,0,0,,0,0,0,0,,,,0.0,[]
2021-00085,L2023-00065-1,용역,(긴급) 우즈베키스탄 유아 교육 복합센터 신축공사 시공감리 용역업체 선정,0,L2023-00065-1/Pre-Bid Explaination Meeting PPT.pptx,.pptx,2996234,8b1c3b58ff68352e25f3d755318a12fc35d6261014f5cfafb742ef1a8f0e657d,0,0,0,,0,0,0,0,,,,0.0,[]
2021-00085,L2023-00065-1,용역,(긴급) 우즈베키스탄 유아 교육 복합센터 신축공사 시공감리 용역업체 선정,0,L2023-00065-1/(attached) Pre_school_Education_Complex_Constsruction_Supervision_Contractor/Section 2 - Bid Data Sheet (BDS).docx,.docx,82932,32f0b2b5e45028fd60b4cac46c20efd9074dd50a5bd0e00fc16b1ff165f398bd,0,0,0,,0,0,0,0,,,,0.0,[]
2021-00085,L2023-00065-1,용역,(긴급) 우즈베키스탄 유아 교육 복합센터 신축공사 시공감리 용역업체 선정,0,L2023-00065-1/(attached) Pre_school_Education_Complex_Constsruction_Supervision_Contractor/Section 7 – GCC (General Conditions of Contract).rtf,.rtf,195109,924a4c076cd51220a673202b4aaedd410d7d1c00939c67dc6978a6a15059eee0,0,0,0,,0,0,0,0,,,,0.0,[]
2021-00085,L2023-00065-1,용역,(긴급) 우즈베키스탄 유아 교육 복합센터 신축공사 시공감리 용역업체 선정,0,L2023-00065-1/(attached) Pre_school_Education_Complex_Constsruction_Supervision_Contractor/Section 1 – ITB (Instruction To the Bidders).rtf,.rtf,224132,12d4ec75c918a96c3b9d583ac98ce8cd6740167773c2d72f1fa48fdba2c375be,0,0,0,,0,0,0,0,,,,0.0,[]
2021-00085,L2023-00065-1,용역,(긴급) 우즈베키스탄 유아 교육 복합센터 신축공사 시공감리 용역업체 선정,0,L2023-00065-1/(attached) Pre_school_Education_Complex_Constsruction_Supervision_Contractor/Section 9 – Contract Form(Cover Sheet).docx,.docx,24005,5f070f399fdc784aca4c3834fe4c94a7df8bffa8500169c5f365d20c6377f6ac,0,0,0,,0,0,0,0,,,,0.0,[]
2021-00085,L2023-00065-1,용역,(긴급) 우즈베키스탄 유아 교육 복합센터 신축공사 시공감리 용역업체 선정,0,L2023-00065-1/(attached) Pre_school_Education_Complex_Constsruction_Supervision_Contractor/Section 6 - Scope of Construction Supervision Services.docx,.docx,31480,409a3b95b00fe6c5ba5c8bb841d3233f7746761252f7f107388ceb39e3c35edd,0,0,0,,0,0,0,0,,,,0.0,[]
2021-00085,L2023-00065-1,용역,(긴급) 우즈베키스탄 유아 교육 복합센터 신축공사 시공감리 용역업체 선정,0,L2023-00065-1/(attached) Pre_school_Education_Complex_Constsruction_Supervision_Contractor/Section 8 - Specail Conditions of Contract.docx,.docx,29228,e89ace89b2f1e574bb2f991102994cbb6383b944dcf89009c38d93d35706cd96,0,0,0,,0,0,0,0,,,,0.0,[]
2021-00085,L2023-00065-1,용역,(긴급) 우즈베키스탄 유아 교육 복합센터 신축공사 시공감리 용역업체 선정,0,L2023-00065-1/(attached) Pre_school_Education_Complex_Constsruction_Supervision_Contractor/Section 3 - Bidding Forms.docx,.docx,69265,b410c4b21e3c46e005e2dc1491f4794d929026a513763c7d4be49837f5a577e2,0,0,0,,0,0,0,0,,,,0.0,[]
2021-00085,L2023-00065-1,용역,(긴급) 우즈베키스탄 유아 교육 복합센터 신축공사 시공감리 용역업체 선정,0,L2023-00065-1/(attached) Pre_school_Education_Complex_Constsruction_Supervision_Contractor/Section 5 - Request For Proposal.docx,.docx,91125,16eaaeefb7cf52d38358b2b0c4d29776b0c433fd7fa769f84065adde12ff268d,0,0,0,,0,0,0,0,,,,0.0,[]
2021-00085,L2023-00065-1,용역,(긴급) 우즈베키스탄 유아 교육 복합센터 신축공사 시공감리 용역업체 선정,0,L2023-00065-1/(attached) Pre_school_Education_Complex_Constsruction_Supervision_Contractor/Section 4 – The Bill of Quantity.xlsx,.xlsx,13063,9a03e1c1b7baf3e56b5e4668ef3614fd79d851b8559f5ca96981bf1115212ba0,0,1,0,,0,0,0,0,,,,0.0,[]
2021-00016,L2025-00018-1,공사,가나대학교 한-가나 연구 및 ICT 혁신센터 건립사업 공사,1,L2025-00018-1/1-2. Bid Data Sheet _영문.docx,.docx,61113,c8228e7f5e0bae4915327d9771427cb902cdfe733dfd700b2c5b14a922614403,0,0,0,,0,0,0,0,,,,0.0,[]
2021-00016,L2025-00018-1,공사,가나대학교 한-가나 연구 및 ICT 혁신센터 건립사업 공사,1,L2025-00018-1/2. 입찰 제출 필수 서류.docx,.docx,18408,f1d28aff0cde0ec1a6f21f1a5249668ceec4b2df13adf70aa755c6cef184245f,0,0,0,,0,0,0,0,,,,0.0,[]
2021-00016,L2025-00018-1,공사,가나대학교 한-가나 연구 및 ICT 혁신센터 건립사업 공사,1,L2025-00018-1/1-1. 입찰공고문_국문.hwp,.hwp,65024,0e918dd0c62f6325b9daa2804668874e635513e6589031080a06caa9815698da,0,0,0,,0,0,0,0,,,,0.0,[]
2021-00016,L2025-00018-1,공사,가나대학교 한-가나 연구 및 ICT 혁신센터 건립사업 공사,1,L2025-00018-1/3. 집행한도금액 예산(안).xlsx,.xlsx,113435,00c7377ff4ade4d870b1d30cb6570d66c65b76a73618f2240cf857cbf59f13de,0,0,0,,6,208,208,1,MAIN BUILDING,visible,1,1.0,"[{""sheet"": ""MAIN BUILDING"", ""sheet_state"": ""visible"", ""header_row"": 1, ""quantity_rows"": 208, ""rate_rows"": 208, ""amount_rows"": 208, ""priced_rows"": 208, ""priced_ratio"": 1.0, ""description_columns"": ""A;M;AO;AP;AQ"", ""quantity_columns"": ""A;D"", ""rate_columns"": ""E;G"", ""amount_columns"": ""G""}, {""sheet"": ""ELECTRIC STATION"", ""sheet_state"": ""visible"", ""header_row"": 1, ""quantity_rows"": 28, ""rate_rows"": 28, ""amount_rows"": 28, ""priced_rows"": 28, ""priced_ratio"": 1.0, ""description_columns"": ""A;M;AO;AP;AQ"", ""quantity_columns"": ""A;D"", ""rate_columns"": ""E;G"", ""amount_columns"": ""G""}, {""sheet"": ""WATER TANK STATION"", ""sheet_state"": ""visible"", ""header_row"": 1, ""quantity_rows"": 22, ""rate_rows"": 22, ""amount_rows"": 22, ""priced_rows"": 22, ""priced_ratio"": 1.0, ""description_columns"": ""A;M;AO;AP;AQ"", ""quantity_columns"": ""A;D"", ""rate_columns"": ""E;G"", ""amount_columns"": ""G""}, {""sheet"": ""PERGORA"", ""sheet_state"": ""visible"", ""header_row"": 1, ""quantity_rows"": 14, ""rate_rows"": 14, ""amount_rows"": 14, ""priced_rows"": 14, ""priced_ratio"": 1.0, ""description_columns"": ""A;M;AO;AP;AQ"", ""quantity_columns"": ""A;D"", ""rate_columns"": ""E;G"", ""amount_columns"": ""G""}, {""sheet"": ""SOLAR CARPORT"", ""sheet_state"": ""visible"", ""header_row"": 1, ""quantity_rows"": 13, ""rate_rows"": 13, ""amount_rows"": 13, ""priced_rows"": 13, ""priced_ratio"": 1.0, ""description_columns"": ""A;M;AO;AP;AQ"", ""quantity_columns"": ""A;D"", ""rate_columns"": ""E;G"", ""amount_columns"": ""G""}, {""sheet"": ""ESS STATION"", ""sheet_state"": ""visible"", ""header_row"": 1, ""quantity_rows"": 35, ""rate_rows"": 35, ""amount_rows"": 35, ""priced_rows"": 35, ""priced_ratio"": 1.0, ""description_columns"": ""A"", ""quantity_columns"": ""A;D"", ""rate_columns"": ""E;G"", ""amount_columns"": ""G""}]"
2021-00016,L2025-00063-1,용역,(긴급) 가나대학교 한-가나 연구 및 ICT 혁신센터 건립사업 시공감리용역 선정,0,L2025-00063-1/2. (영문) 현지 입찰공고문.docx,.docx,1779758,d4ef919ed437cf4c4c7d659c283694c1e7009803714374c531b92ef0622b244b,0,0,0,,0,0,0,0,,,,0.0,[]
2021-00016,L2025-00063-1,용역,(긴급) 가나대학교 한-가나 연구 및 ICT 혁신센터 건립사업 시공감리용역 선정,0,L2025-00063-1/4. 현지 입찰 안내문(영문)_vF.docx,.docx,6403096,f257d9feafb60a1b673f637401cd9c8220d53032eb11df41c62fc7c3e0ec0c1f,0,0,0,,0,0,0,0,,,,0.0,[]
2021-00016,L2025-00063-1,용역,(긴급) 가나대학교 한-가나 연구 및 ICT 혁신센터 건립사업 시공감리용역 선정,0,L2025-00063-1/5. 현지 입찰 필수 서류(조감도 미포함).zip,.zip,9419006,e13c25a9aac2842cdcf6106df1344cc2e7d57457ff485cd601ab877be9072b1c,0,0,0,,0,0,0,0,,,,0.0,[]
2021-00016,L2025-00063-1,용역,(긴급) 가나대학교 한-가나 연구 및 ICT 혁신센터 건립사업 시공감리용역 선정,0,L2025-00063-1/5. 현지 입찰 필수 서류(조감도 미포함)/Section 2 - Bid Data Sheet (BDS)_vF.docx,.docx,6403096,f257d9feafb60a1b673f637401cd9c8220d53032eb11df41c62fc7c3e0ec0c1f,0,0,0,,0,0,0,0,,,,0.0,[]
2021-00016,L2025-00063-1,용역,(긴급) 가나대학교 한-가나 연구 및 ICT 혁신센터 건립사업 시공감리용역 선정,0,L2025-00063-1/5. 현지 입찰 필수 서류(조감도 미포함)/Section 6 - General Conditions of Contract.docx,.docx,393391,f3730b4652d005ce504a8a258af097aa6eab8bb4655ac9e0d731fe67ff644e8a,0,0,0,,0,0,0,0,,,,0.0,[]
2021-00016,L2025-00063-1,용역,(긴급) 가나대학교 한-가나 연구 및 ICT 혁신센터 건립사업 시공감리용역 선정,0,L2025-00063-1/5. 현지 입찰 필수 서류(조감도 미포함)/Section 7 - Special Conditions of Contract.docx,.docx,394077,99e0b685735c72fdfc4bb985d9c4d26cd94ada378bd1b6bb7f5b2bfff167f973,0,0,0,,0,0,0,0,,,,0.0,[]
2021-00016,L2025-00063-1,용역,(긴급) 가나대학교 한-가나 연구 및 ICT 혁신센터 건립사업 시공감리용역 선정,0,L2025-00063-1/5. 현지 입찰 필수 서류(조감도 미포함)/Section 8 - Contract Forms.docx,.docx,569871,9830fc18e7b80ac753ec6ea8be9a3c806c7c627fcba73d00b34d0d70f27b6030,0,0,0,,0,0,0,0,,,,0.0,[]
2021-00016,L2025-00063-1,용역,(긴급) 가나대학교 한-가나 연구 및 ICT 혁신센터 건립사업 시공감리용역 선정,0,L2025-00063-1/5. 현지 입찰 필수 서류(조감도 미포함)/Section 3 - Bidding Forms.docx,.docx,43335,aeb21a7d61e02a8a4f24dfcec5780d63e9a0c40eb94e724eff322c1c6ad8fd3a,0,0,0,,0,0,0,0,,,,0.0,[]
2021-00016,L2025-00063-1,용역,(긴급) 가나대학교 한-가나 연구 및 ICT 혁신센터 건립사업 시공감리용역 선정,0,L2025-00063-1/5. 현지 입찰 필수 서류(조감도 미포함)/Section 9_Attachment (KOICA Regulation).zip,.zip,1619936,77973f8f609aae7c9992dcca4dc650fcc3d0eda48246223282427b5ad9ffa642,0,0,0,,0,0,0,0,,,,0.0,[]
2021-00016,L2025-00063-1,용역,(긴급) 가나대학교 한-가나 연구 및 ICT 혁신센터 건립사업 시공감리용역 선정,0,L2025-00063-1/5. 현지 입찰 필수 서류(조감도 미포함)/Section 4 - Scope of Works.docx,.docx,37711,eaf5e7a7d56e172de56abafb955ef4de1f490dfa4c75a7b2952a727121a02832,0,0,0,,0,0,0,0,,,,0.0,[]
2021-00016,L2025-00063-1,용역,(긴급) 가나대학교 한-가나 연구 및 ICT 혁신센터 건립사업 시공감리용역 선정,0,L2025-00063-1/5. 현지 입찰 필수 서류(조감도 미포함)/Section 1 - Instructions to Bidders (ITB).pdf,.pdf,177895,8767f67a3e64bc0f51369b734b16ba55175c5d553636a850f211100226637e66,0,0,0,,0,0,0,0,,,,0.0,[]
2021-00016,L2025-00063-1,용역,(긴급) 가나대학교 한-가나 연구 및 ICT 혁신센터 건립사업 시공감리용역 선정,0,L2025-00063-1/5. 현지 입찰 필수 서류(조감도 미포함)/Section 9_Attachment (KOICA Regulation)/Attachment (KOICA Regulation)/Guidelines for Technical Evaluation(기술평가지침)_20210408.pdf,.pdf,416852,5f61aa2d6d0a5a8e5112eb2bfc3afc5f9a4e31a1328154452eb19e5484072dd0,0,0,0,,0,0,0,0,,,,0.0,[]
2021-00016,L2025-00063-1,용역,(긴급) 가나대학교 한-가나 연구 및 ICT 혁신센터 건립사업 시공감리용역 선정,0,L2025-00063-1/5. 현지 입찰 필수 서류(조감도 미포함)/Section 9_Attachment (KOICA Regulation)/Attachment (KOICA Regulation)/Regulations for Procurement and Contract in Grant Aid Projects(대외무상협력사업에 관한 조달 및 계약규정)_20190520.pdf,.pdf,157627,bcc6062e083bacf0c4b014b08f7566dde8d7c56ad7f791e30c25a04e71aee5ec,0,0,0,,0,0,0,0,,,,0.0,[]
2021-00016,L2025-00063-1,용역,(긴급) 가나대학교 한-가나 연구 및 ICT 혁신센터 건립사업 시공감리용역 선정,0,L2025-00063-1/5. 현지 입찰 필수 서류(조감도 미포함)/Section 9_Attachment (KOICA Regulation)/Attachment (KOICA Regulation)/Standards of Qualification Examination for Selection of Constructor(시공사선정적격심사기준)_20140403.pdf,.pdf,315288,1b27d92e7041a9d53b17342ea9a7af1277b13521256c1b62f80ef7fc093b79e8,0,0,0,,0,0,0,0,,,,0.0,[]
2021-00016,L2025-00063-1,용역,(긴급) 가나대학교 한-가나 연구 및 ICT 혁신센터 건립사업 시공감리용역 선정,0,L2025-00063-1/5. 현지 입찰 필수 서류(조감도 미포함)/Section 9_Attachment (KOICA Regulation)/Attachment (KOICA Regulation)/Detailed Enforcement Rules of the Regulations for Procurement and Contract in Grant Aid Projects(대외무상협력사업에 관한 조달 및 계약규정 시ᄒ.pdf,.pdf,554876,23f11f2154d32db6e78fbfdafb1f52aeba37778e2dd3b78a197b4ea4c2d44892,0,0,0,,0,0,0,0,,,,0.0,[]
2021-00016,L2025-00063-1,용역,(긴급) 가나대학교 한-가나 연구 및 ICT 혁신센터 건립사업 시공감리용역 선정,0,L2025-00063-1/5. 현지 입찰 필수 서류(조감도 미포함)/Section 9_Attachment (KOICA Regulation)/Attachment (KOICA Regulation)/KOICA Regulations for International Procurement(국제조달규정)_20190304.pdf,.pdf,375625,a9706e28e1564ba06a6ac833994e7d323b6b5eba68271f1ce70a46a8bd93a7b8,0,0,0,,0,0,0,0,,,,0.0,[]
2020-00070,L2022-00059-1,용역,도미니카(공) 여성 중심 취약계층 사회경제적 역량강화사업 - 하이나 및 몬테크리스티 직업훈련센터 설계용역 입찰,0,L2022-00059-1/입찰안내자료(영문).zip,.zip,7421266,f30bf3fa801d00f11be97fde53bcfd561d228ed6e954f7d9c7484cd05c8328dc,0,0,0,,0,0,0,0,,,,0.0,[]
2020-00070,L2022-00059-1,용역,도미니카(공) 여성 중심 취약계층 사회경제적 역량강화사업 - 하이나 및 몬테크리스티 직업훈련센터 설계용역 입찰,0,L2022-00059-1/입찰설명서(국문).hwp,.hwp,9704448,3c0e099e520ad628dcd4e9dad0e66c96bd71791c0ea1e1646b0f7b86220f544d,0,0,0,,0,0,0,0,,,,0.0,[]
2020-00070,L2022-00059-1,용역,도미니카(공) 여성 중심 취약계층 사회경제적 역량강화사업 - 하이나 및 몬테크리스티 직업훈련센터 설계용역 입찰,0,L2022-00059-1/입찰공고문(영문).docx,.docx,17788,39f757f604002803e13d981afeaecabd59e189ba7b27e4791f459342052cafec,0,0,0,,0,0,0,0,,,,0.0,[]
2020-00070,L2022-00059-1,용역,도미니카(공) 여성 중심 취약계층 사회경제적 역량강화사업 - 하이나 및 몬테크리스티 직업훈련센터 설계용역 입찰,0,L2022-00059-1/입찰안내자료(영문)/1. Dominican Rep Haina n Monte Cristi CCPP Bidding  Guideline.docx,.docx,1771271,4b1fcc5aadf11691beb351eb187573027b6608303f0018e6e2fdf3a390b08541,0,0,0,,0,0,0,0,,,,0.0,[]
2020-00070,L2022-00059-1,용역,도미니카(공) 여성 중심 취약계층 사회경제적 역량강화사업 - 하이나 및 몬테크리스티 직업훈련센터 설계용역 입찰,0,L2022-00059-1/입찰안내자료(영문)/3. Dominican Rep Haina n Monte Cristi CCPP Bidding Forms.docx,.docx,62454,452928d1488e495882a38699bcabe87c95a58cee21bfa36597dbbb98bb9c6271,0,0,0,,0,0,0,0,,,,0.0,[]
2020-00070,L2022-00059-1,용역,도미니카(공) 여성 중심 취약계층 사회경제적 역량강화사업 - 하이나 및 몬테크리스티 직업훈련센터 설계용역 입찰,0,L2022-00059-1/입찰안내자료(영문)/4. Dominican Rep Haina n Monte Cristi CCPP Terms of Reference.docx,.docx,4222506,190700f2250e95d086beee42c1b6af9bb65f109d81a39ece64d141688655ade9,0,0,0,,0,0,0,0,,,,0.0,[]
2020-00070,L2022-00059-1,용역,도미니카(공) 여성 중심 취약계층 사회경제적 역량강화사업 - 하이나 및 몬테크리스티 직업훈련센터 설계용역 입찰,0,L2022-00059-1/입찰안내자료(영문)/5. Dominican Rep Haina n Monte Cristi CCPP Standard Forms  of Contract.docx,.docx,63290,1c003759d344deaa4031c16d84a1d67f50fdc642c874977150c65dc710ba669e,0,0,0,,0,0,0,0,,,,0.0,[]
2020-00070,L2022-00059-1,용역,도미니카(공) 여성 중심 취약계층 사회경제적 역량강화사업 - 하이나 및 몬테크리스티 직업훈련센터 설계용역 입찰,0,L2022-00059-1/입찰안내자료(영문)/6. Site.zip,.zip,1410824,41dafa7f52b16a23495986328b1da5fcdbe640ee4a28503b754120fa60acd293,0,0,0,,0,0,0,0,,,,0.0,[]
2020-00070,L2022-00059-1,용역,도미니카(공) 여성 중심 취약계층 사회경제적 역량강화사업 - 하이나 및 몬테크리스티 직업훈련센터 설계용역 입찰,0,L2022-00059-1/입찰안내자료(영문)/2. Dominican Rep Haina n Monte Cristi CCPP Instructions on Intl Bidding for the Provision of Services.docx,.docx,35313,7211988f637958395d3bed6425f05f5120c1a81d5c2ae8f61d092d40e565a87c,0,0,0,,0,0,0,0,,,,0.0,[]
2020-00070,L2022-00059-1,용역,도미니카(공) 여성 중심 취약계층 사회경제적 역량강화사업 - 하이나 및 몬테크리스티 직업훈련센터 설계용역 입찰,0,"L2022-00059-1/입찰안내자료(영문)/6. Site/Haina 지형도, 지적도 비교_윤수정.dwg",.dwg,599489,18bb5a1758d7ef0a5e4d63fc120f6b5639568541f26f53f674d033302717a686,0,0,0,,0,0,0,0,,,,0.0,[]
2020-00070,L2022-00059-1,용역,도미니카(공) 여성 중심 취약계층 사회경제적 역량강화사업 - 하이나 및 몬테크리스티 직업훈련센터 설계용역 입찰,0,L2022-00059-1/입찰안내자료(영문)/6. Site/CCPP y CDI Montecristi Nov 2021_윤수정.dwg,.dwg,1493475,1b62d5508e044bef1a29b4a5c4b024d92ed8de128f810931d6cd187655b1eae5,0,0,0,,0,0,0,0,,,,0.0,[]
2020-00070,L2023-00040-1,용역,도미니카공화국 여성 중심 취약계층 사회경제적 역량강화사업 - 몬테크리스티 직업훈련센터 설계용역 입찰,0,L2023-00040-1/입찰안내자료(영문).zip,.zip,4261364,3906f6af12bb5cdadeedcd466c193e5b3e809229bb95c9b81f517a1819a7e2e5,0,0,0,,0,0,0,0,,,,0.0,[]
2020-00070,L2023-00040-1,용역,도미니카공화국 여성 중심 취약계층 사회경제적 역량강화사업 - 몬테크리스티 직업훈련센터 설계용역 입찰,0,L2023-00040-1/입찰설명서(국문).hwp,.hwp,9687552,2bee96b3094c1e0c7c51fb79f82147cddf4e80b32af8652ac22a2da0ee0b03a5,0,0,0,,0,0,0,0,,,,0.0,[]
2020-00070,L2023-00040-1,용역,도미니카공화국 여성 중심 취약계층 사회경제적 역량강화사업 - 몬테크리스티 직업훈련센터 설계용역 입찰,0,L2023-00040-1/입찰공고문(영문).docx,.docx,20129,4c0010cdc1bf4106029019edeb43af2833b946c120d8be98d440bcf394412cf1,0,0,0,,0,0,0,0,,,,0.0,[]
2020-00070,L2023-00040-1,용역,도미니카공화국 여성 중심 취약계층 사회경제적 역량강화사업 - 몬테크리스티 직업훈련센터 설계용역 입찰,0,L2023-00040-1/입찰안내자료(영문)/1. Instructions to Bidders (ITB) - Monte Cristi.docx,.docx,35006,d99316bc16b64f731b7d84b1c03648144a45942cafcf863739cd40abbd7ccbe7,0,0,0,,0,0,0,0,,,,0.0,[]
2020-00070,L2023-00040-1,용역,도미니카공화국 여성 중심 취약계층 사회경제적 역량강화사업 - 몬테크리스티 직업훈련센터 설계용역 입찰,0,L2023-00040-1/입찰안내자료(영문)/6. Special Conditions of Contract.docx,.docx,18931,abf4d78e3052154c22bfce36eab3f682a300f5c7211780b7be2ad3792d6c6eb8,0,0,0,,0,0,0,0,,,,0.0,[]
2020-00070,L2023-00040-1,용역,도미니카공화국 여성 중심 취약계층 사회경제적 역량강화사업 - 몬테크리스티 직업훈련센터 설계용역 입찰,0,L2023-00040-1/입찰안내자료(영문)/7. Contract Forms.docx,.docx,23436,09d50e34a61a73e2816c58040e8993baa212f97c73c2b56c7e244596b494caa8,0,0,0,,0,0,0,0,,,,0.0,[]
2020-00070,L2023-00040-1,용역,도미니카공화국 여성 중심 취약계층 사회경제적 역량강화사업 - 몬테크리스티 직업훈련센터 설계용역 입찰,0,L2023-00040-1/입찰안내자료(영문)/5. General Conditions of Contract.docx,.docx,27793,13cc770865b1fb6006b9b268bfae9eb467d294377362f45607f0863d7320c4e3,0,0,0,,0,0,0,0,,,,0.0,[]
2020-00070,L2023-00040-1,용역,도미니카공화국 여성 중심 취약계층 사회경제적 역량강화사업 - 몬테크리스티 직업훈련센터 설계용역 입찰,0,L2023-00040-1/입찰안내자료(영문)/Attachment #1 KOICA Regulations.zip,.zip,1730418,0adbec5e590ba395bec08194b6f053fc28aaa52f92cda6e211229c5460e0a744,0,0,0,,0,0,0,0,,,,0.0,[]
2020-00070,L2023-00040-1,용역,도미니카공화국 여성 중심 취약계층 사회경제적 역량강화사업 - 몬테크리스티 직업훈련센터 설계용역 입찰,0,L2023-00040-1/입찰안내자료(영문)/Attachment #2 Montecristi plano potografico.dwg,.dwg,1493475,1b62d5508e044bef1a29b4a5c4b024d92ed8de128f810931d6cd187655b1eae5,0,0,0,,0,0,0,0,,,,0.0,[]
2020-00070,L2023-00040-1,용역,도미니카공화국 여성 중심 취약계층 사회경제적 역량강화사업 - 몬테크리스티 직업훈련센터 설계용역 입찰,0,L2023-00040-1/입찰안내자료(영문)/4. Terms of Reference.docx,.docx,1428431,176c7b131ebaba1bbf100f32e2bf540c97e7759df46afbb85b5ca28aac3f5479,0,0,0,,0,0,0,0,,,,0.0,[]
2020-00070,L2023-00040-1,용역,도미니카공화국 여성 중심 취약계층 사회경제적 역량강화사업 - 몬테크리스티 직업훈련센터 설계용역 입찰,0,L2023-00040-1/입찰안내자료(영문)/2. Bid Data Sheet (BDS).docx,.docx,72455,9443a67253eaa85efcbc15ead7c070e0b53895852723f89dd0b873c7951b0212,0,0,0,,0,0,0,0,,,,0.0,[]
2020-00070,L2023-00040-1,용역,도미니카공화국 여성 중심 취약계층 사회경제적 역량강화사업 - 몬테크리스티 직업훈련센터 설계용역 입찰,0,L2023-00040-1/입찰안내자료(영문)/3. Bidding Forms.docx,.docx,45160,04030d3bde225f1473127a1c72b6bbd30d8f45ef083e5d120135d131fe65078d,0,0,0,,0,0,0,0,,,,0.0,[]
2020-00070,L2023-00040-1,용역,도미니카공화국 여성 중심 취약계층 사회경제적 역량강화사업 - 몬테크리스티 직업훈련센터 설계용역 입찰,0,L2023-00040-1/입찰안내자료(영문)/Attachment #1 KOICA Regulations/5. Standard of Prequalification Criteria.pdf,.pdf,473791,4ce2f45e4108dcaacea2f9b35c920ec77c6ce7db055d11f4137ce2581f90cff0,0,0,0,,0,0,0,0,,,,0.0,[]
2020-00070,L2023-00040-1,용역,도미니카공화국 여성 중심 취약계층 사회경제적 역량강화사업 - 몬테크리스티 직업훈련센터 설계용역 입찰,0,L2023-00040-1/입찰안내자료(영문)/Attachment #1 KOICA Regulations/4. Regulations for Procurement and Contract in Grant Aid Projects.pdf,.pdf,157627,bcc6062e083bacf0c4b014b08f7566dde8d7c56ad7f791e30c25a04e71aee5ec,0,0,0,,0,0,0,0,,,,0.0,[]
2020-00070,L2023-00040-1,용역,도미니카공화국 여성 중심 취약계층 사회경제적 역량강화사업 - 몬테크리스티 직업훈련센터 설계용역 입찰,0,L2023-00040-1/입찰안내자료(영문)/Attachment #1 KOICA Regulations/3. KOICA Regulations for International Procurement.pdf,.pdf,375625,a9706e28e1564ba06a6ac833994e7d323b6b5eba68271f1ce70a46a8bd93a7b8,0,0,0,,0,0,0,0,,,,0.0,[]
2020-00070,L2023-00040-1,용역,도미니카공화국 여성 중심 취약계층 사회경제적 역량강화사업 - 몬테크리스티 직업훈련센터 설계용역 입찰,0,L2023-00040-1/입찰안내자료(영문)/Attachment #1 KOICA Regulations/1. Detailed Enforcement Rules of the Regulations for Procurement and Contract in Grant Aid Projects.pdf,.pdf,554876,23f11f2154d32db6e78fbfdafb1f52aeba37778e2dd3b78a197b4ea4c2d44892,0,0,0,,0,0,0,0,,,,0.0,[]
2020-00070,L2023-00040-1,용역,도미니카공화국 여성 중심 취약계층 사회경제적 역량강화사업 - 몬테크리스티 직업훈련센터 설계용역 입찰,0,L2023-00040-1/입찰안내자료(영문)/Attachment #1 KOICA Regulations/2. Guidelines for Technical Evaluation.pdf,.pdf,416852,5f61aa2d6d0a5a8e5112eb2bfc3afc5f9a4e31a1328154452eb19e5484072dd0,0,0,0,,0,0,0,0,,,,0.0,[]
2020-00070,L2024-00078-1,공사,도미니카공화국 몬테 크리스티 직업훈련센터 (MVC) 시공사 선정,1,L2024-00078-1/Section 3 Bidding Forms_MVC Construction_v05_CLEAN.docx,.docx,60106,56c0f864c2cbc587ae95fb251f3d32826bb5262e3bccb348834a3f60aa7b4d17,0,0,0,,0,0,0,0,,,,0.0,[]
2020-00070,L2024-00078-1,공사,도미니카공화국 몬테 크리스티 직업훈련센터 (MVC) 시공사 선정,1,L2024-00078-1/Section 8 Special Conditions_MVC Construction_v05_CLEAN.docx,.docx,38591,8cc4d6b9f17ff2fbfdb814c0c07d135293f013318442d1f264db698c50010366,0,0,0,,0,0,0,0,,,,0.0,[]
2020-00070,L2024-00078-1,공사,도미니카공화국 몬테 크리스티 직업훈련센터 (MVC) 시공사 선정,1,L2024-00078-1/0. Cover sheet_MVC Construction_CM_v05_CLEAN.docx,.docx,34534,7fb94bb622c0a50def205dbecbf8d1fab90d6e140a65ddf784267c6248fbbdd1,0,0,0,,0,0,0,0,,,,0.0,[]
2020-00070,L2024-00078-1,공사,도미니카공화국 몬테 크리스티 직업훈련센터 (MVC) 시공사 선정,1,L2024-00078-1/Section 9 Contract Forms_MVC Construction_v05_CLEAN.docx,.docx,37257,c5100489230bb7f86688c2f362cb9433a7e065784db832f51d8782c93bc6c902,0,0,0,,0,0,0,0,,,,0.0,[]
2020-00070,L2024-00078-1,공사,도미니카공화국 몬테 크리스티 직업훈련센터 (MVC) 시공사 선정,1,L2024-00078-1/Section 7 General Conditions_MVC Construction_v05_CLEAN.docx,.docx,169302,2e7c0d1be33b53e44dfe8ab5aeb93a0c3b52fe8c91d2726c7b0c9a6934090303,0,0,0,,0,0,0,0,,,,0.0,[]
2020-00070,L2024-00078-1,공사,도미니카공화국 몬테 크리스티 직업훈련센터 (MVC) 시공사 선정,1,L2024-00078-1/Section 6_Specification_fin.zip,.zip,2700536,dad462faeca339e47717e940e3e90d056f22bce54ccdbaddd763807a87fa191d,0,0,0,,0,0,0,0,,,,0.0,[]
2020-00070,L2024-00078-1,공사,도미니카공화국 몬테 크리스티 직업훈련센터 (MVC) 시공사 선정,1,L2024-00078-1/Section 1 Instructions to Bidder_MVC Construction_v05_CLEAN.docx,.docx,36381,fb43d9162982f9f4bfda463ccd11e3ca6c605e6a6cff3f24f5c35fe772604e76,0,0,0,,0,0,0,0,,,,0.0,[]
2020-00070,L2024-00078-1,공사,도미니카공화국 몬테 크리스티 직업훈련센터 (MVC) 시공사 선정,1,L2024-00078-1/Section 4_BOQ (BLANK sin PRICE)- MVC PROJECT_fin.xlsx,.xlsx,65728,2a926c9a26b8ff49065bbb52562ae8a7b51c534e04b3754a9237935e7d95fc7a,0,0,1,,1,408,0,0,Blank B.O.Q for distribution,visible,6,0.0,"[{""sheet"": ""Blank B.O.Q for distribution"", ""sheet_state"": ""visible"", ""header_row"": 6, ""quantity_rows"": 408, ""rate_rows"": 0, ""amount_rows"": 0, ""priced_rows"": 0, ""priced_ratio"": 0.0, ""description_columns"": ""D"", ""quantity_columns"": ""E"", ""rate_columns"": """", ""amount_columns"": """"}]"
2020-00070,L2024-00078-1,공사,도미니카공화국 몬테 크리스티 직업훈련센터 (MVC) 시공사 선정,1,L2024-00078-1/0. Attachment_MVC (Construction)_fin.zip,.zip,1496624,cfbeb73353aff76f7e3180a1e6af3e52766c2a81e1498ee3b4fe18bba4a707be,0,0,0,,0,0,0,0,,,,0.0,[]
2020-00070,L2024-00078-1,공사,도미니카공화국 몬테 크리스티 직업훈련센터 (MVC) 시공사 선정,1,L2024-00078-1/Section 2 Bid data sheet_MVC Construction_v05_CLEAN.docx,.docx,1706234,36540282467f73d91a2fe6e73968cc5a032a17339c93ced91bf807126d6072a2,0,0,0,,0,0,0,0,,,,0.0,[]
2020-00070,L2024-00078-1,공사,도미니카공화국 몬테 크리스티 직업훈련센터 (MVC) 시공사 선정,1,L2024-00078-1/★ Field Orientation Information.docx,.docx,1672659,e222f9287257bd56f830f149e47f566dc9544c316730c0888b618e8e91c5d393,0,0,0,,0,0,0,0,,,,0.0,[]
2020-00070,L2024-00078-1,공사,도미니카공화국 몬테 크리스티 직업훈련센터 (MVC) 시공사 선정,1,"L2024-00078-1/(241219) 입찰 계획서(국문)_CM, 조달 의견 반영_v05_클린.hwp",.hwp,182784,c57b28429e42685c15802e98e3d7f6b80f15e09604358de3f1b62c0764a27733,0,0,0,,0,0,0,0,,,,0.0,[]
2020-00070,L2024-00078-1,공사,도미니카공화국 몬테 크리스티 직업훈련센터 (MVC) 시공사 선정,1,L2024-00078-1/Section 6_Specification_fin/HVAC Full specifications.pdf,.pdf,339925,8a80c3aa4c6d4a41b7087507496b2af9aa0b414fa1ccdbe127833ec928204be9,0,0,0,,0,0,0,0,,,,0.0,[]
2020-00070,L2024-00078-1,공사,도미니카공화국 몬테 크리스티 직업훈련센터 (MVC) 시공사 선정,1,L2024-00078-1/Section 6_Specification_fin/ELECTRICAL FULL SPECIFICATIONS .pdf,.pdf,155007,1465d23fc9f9f41575b06af23ddca1af8fa145ac893318caae3bdbb6f3f97b39,0,0,0,,0,0,0,0,,,,0.0,[]
2020-00070,L2024-00078-1,공사,도미니카공화국 몬테 크리스티 직업훈련센터 (MVC) 시공사 선정,1,L2024-00078-1/Section 6_Specification_fin/DATA AND COMUNICATION - IT FULL SPECIFICATION .pdf,.pdf,118244,b253d403988a69df218d2711d1e469687ba98b115c2521b4db86cea37847a24e,0,0,0,,0,0,0,0,,,,0.0,[]
2020-00070,L2024-00078-1,공사,도미니카공화국 몬테 크리스티 직업훈련센터 (MVC) 시공사 선정,1,L2024-00078-1/Section 6_Specification_fin/CIVIL WORKS FULL SPECIFICATIONS.pdf,.pdf,679669,b9f1770deae2e73c9b7e0038125fa7598a21b6becedec94b6a82de48ac6f1241,0,0,0,,0,0,0,0,,,,0.0,[]
2020-00070,L2024-00078-1,공사,도미니카공화국 몬테 크리스티 직업훈련센터 (MVC) 시공사 선정,1,L2024-00078-1/Section 6_Specification_fin/ARCH– LANDSCAPING FULL SPECIFICATIONS.pdf,.pdf,1344562,42a07f92e1a77808bc76df4a830c6aabc71712ecf690e52481393fb88017da95,0,0,0,,0,0,0,0,,,,0.0,[]
2020-00070,L2024-00078-1,공사,도미니카공화국 몬테 크리스티 직업훈련센터 (MVC) 시공사 선정,1,L2024-00078-1/Section 6_Specification_fin/HYDROSANITARY FULL SPECIFICATIONS.pdf,.pdf,354766,07fa0474dbe0856279ca912791ed2dedaf392b1e7c4cb64309aa2b12dc1517c4,0,0,0,,0,0,0,0,,,,0.0,[]
2020-00070,L2024-00078-1,공사,도미니카공화국 몬테 크리스티 직업훈련센터 (MVC) 시공사 선정,1,L2024-00078-1/Section 6_Specification_fin/FIRE ALARM TECHNICAL SPECIFICATION.docx.pdf,.pdf,225271,ec8b30b0955642dc51d3bcd3e7bd8091b62649a803e15fcec52832a35a78fb12,0,0,0,,0,0,0,0,,,,0.0,[]
2020-00070,L2024-00078-1,공사,도미니카공화국 몬테 크리스티 직업훈련센터 (MVC) 시공사 선정,1,L2024-00078-1/0. Attachment_MVC (Construction)_fin/Attachment 5. Scope of Works_MVC Construction.pdf,.pdf,210488,a6d076f42eeceb1a38eb92957b005698d424dc54add49c79535ecd70e12cdd04,0,0,0,,0,0,0,0,,,,0.0,[]
2020-00070,L2024-00078-1,공사,도미니카공화국 몬테 크리스티 직업훈련센터 (MVC) 시공사 선정,1,L2024-00078-1/0. Attachment_MVC (Construction)_fin/Attachment 3. KOICA Regulations for Procurement and Contract in Grant Aid Projects_20190520.pdf,.pdf,157627,bcc6062e083bacf0c4b014b08f7566dde8d7c56ad7f791e30c25a04e71aee5ec,0,0,0,,0,0,0,0,,,,0.0,[]
2020-00070,L2024-00078-1,공사,도미니카공화국 몬테 크리스티 직업훈련센터 (MVC) 시공사 선정,1,L2024-00078-1/0. Attachment_MVC (Construction)_fin/Attachment 2. KOICA Regulations for International Procurement_20190304.pdf,.pdf,375625,a9706e28e1564ba06a6ac833994e7d323b6b5eba68271f1ce70a46a8bd93a7b8,0,0,0,,0,0,0,0,,,,0.0,[]
2020-00070,L2024-00078-1,공사,도미니카공화국 몬테 크리스티 직업훈련센터 (MVC) 시공사 선정,1,L2024-00078-1/0. Attachment_MVC (Construction)_fin/Attachment 1. KOICA Detailed Enforcement Rules of the Regulations for Procurement and Contract in Grant Aid Projects_20190503.pdf,.pdf,554876,23f11f2154d32db6e78fbfdafb1f52aeba37778e2dd3b78a197b4ea4c2d44892,0,0,0,,0,0,0,0,,,,0.0,[]
2020-00070,L2024-00078-1,공사,도미니카공화국 몬테 크리스티 직업훈련센터 (MVC) 시공사 선정,1,L2024-00078-1/0. Attachment_MVC (Construction)_fin/Attachment 4. KOICA Safety Management Manual(ENG).pdf,.pdf,378337,b60b641c002f2145d45b33a4840f5ee96569c877a3e79aaa8799ea3dff82522f,0,0,0,,0,0,0,0,,,,0.0,[]
2020-00070,L2025-00007-1,용역,도미니카공화국 몬테 크리스티 직업훈련센터 (MVC) 감리사 선정,0,L2025-00007-1/Section 1 - Instructions to Bidders (ITB)_MVC (Supervision)_20250224_클린.docx,.docx,39371,72396202e1257437ad0ed83ed14c206fba54067ebc1be7548478ba9eef2c4d8d,0,0,0,,0,0,0,0,,,,0.0,[]
2020-00070,L2025-00007-1,용역,도미니카공화국 몬테 크리스티 직업훈련센터 (MVC) 감리사 선정,0,L2025-00007-1/Section 6 - Special Conditions of Contract_MVC (Supervision)_20250224_클린.docx,.docx,28577,5ca8eefdd234be0be15cc1d128d3193097bac5427d78cf4dd2221299204dc157,0,0,0,,0,0,0,0,,,,0.0,[]
2020-00070,L2025-00007-1,용역,도미니카공화국 몬테 크리스티 직업훈련센터 (MVC) 감리사 선정,0,L2025-00007-1/Section 7 - Contract Forms_MVC (Supervision)_20250224_클린.docx,.docx,41866,cd24d8a6cbf9d08ba5990943e98cb5cf75d6f649083318f049c92ff1d1318d96,0,0,0,,0,0,0,0,,,,0.0,[]
2020-00070,L2025-00007-1,용역,도미니카공화국 몬테 크리스티 직업훈련센터 (MVC) 감리사 선정,0,L2025-00007-1/Section 5 - General Conditions of Contract_MVC (Supervision)_20250224_클린.docx,.docx,39726,6d6491d7e93246b068a266e0a9d0e914416def833f4afecd55c9b97415485c26,0,0,0,,0,0,0,0,,,,0.0,[]
2020-00070,L2025-00007-1,용역,도미니카공화국 몬테 크리스티 직업훈련센터 (MVC) 감리사 선정,0,L2025-00007-1/★ Checklist for the Bidders_250224.docx,.docx,19428,26fdf6184b9ddf5db390dda84b99aa6b1b06d2f86278eea2065cd98deb570587,0,0,0,,0,0,0,0,,,,0.0,[]
2020-00070,L2025-00007-1,용역,도미니카공화국 몬테 크리스티 직업훈련센터 (MVC) 감리사 선정,0,L2025-00007-1/Section 4 - Scope of Works_MVC (Supervision)_20250224_클린.docx,.docx,104640,d633039295827c55a745768b0dec991054f54468d27d81b248f93a0aec43d15a,0,0,0,,0,0,0,0,,,,0.0,[]
2020-00070,L2025-00007-1,용역,도미니카공화국 몬테 크리스티 직업훈련센터 (MVC) 감리사 선정,0,L2025-00007-1/Section 3 - Bidding Forms_MVC (Supervision)_20250224_클린.docx,.docx,61920,d38623b175a2917be80aed6802f6d257a8bfd34e30953713f4e1f7cc3e218e65,0,0,0,,0,0,0,0,,,,0.0,[]
2020-00070,L2025-00007-1,용역,도미니카공화국 몬테 크리스티 직업훈련센터 (MVC) 감리사 선정,0,L2025-00007-1/Cover sheet_MVC (Supervision)_20250224_클린.docx,.docx,34573,75544e90ea5c75664040ee62f65eeb4b8123d3612799f18847f8023e4dbd2575,0,0,0,,0,0,0,0,,,,0.0,[]
2020-00070,L2025-00007-1,용역,도미니카공화국 몬테 크리스티 직업훈련센터 (MVC) 감리사 선정,0,L2025-00007-1/붙임 1. 입찰 계획서(국문).hwp,.hwp,84480,87f2a00991f35b3b2fbc4951994e612aa78a86c6d75666a9e921532b9fd70314,0,0,0,,0,0,0,0,,,,0.0,[]
2020-00070,L2025-00007-1,용역,도미니카공화국 몬테 크리스티 직업훈련센터 (MVC) 감리사 선정,0,L2025-00007-1/Section 2 - Bid Data Sheet (BDS)_MVC (Supervision)_20250224_클린_추가.docx,.docx,78614,b59ccfbd122830546c358f4d3d6bce7b54869d4fbdfddfb6736c45edc7068f87,0,0,0,,0,0,0,0,,,,0.0,[]
2020-00070,L2025-00007-2,용역,도미니카공화국 몬테 크리스티 직업훈련센터 (MVC) 감리사 선정,0,L2025-00007-2/붙임 2. 입찰 공고문(영문).zip,.zip,419155,1474f3ee3d669bef5b3553de312ec5c0d58894e318b4e73ed0aa199f0abd0fc8,0,0,0,,0,0,0,0,,,,0.0,[]
2020-00070,L2025-00007-2,용역,도미니카공화국 몬테 크리스티 직업훈련센터 (MVC) 감리사 선정,0,L2025-00007-2/붙임 1. 입찰 계획서(국문).hwp,.hwp,162304,c587a940e2241e67e7c87aced267fab80fb2ab2723d00ac50743fd82af07389c,0,0,0,,0,0,0,0,,,,0.0,[]
2020-00070,L2025-00007-2,용역,도미니카공화국 몬테 크리스티 직업훈련센터 (MVC) 감리사 선정,0,L2025-00007-2/붙임 2. 입찰 공고문(영문)/Cover sheet_MVC (Supervision)_20250404_┼¼╕░.docx,.docx,34628,481f92829c1eabd029288f642d3005d03ffb18975539991bb48ca4e5f3fc75c6,0,0,0,,0,0,0,0,,,,0.0,[]
2020-00070,L2025-00007-2,용역,도미니카공화국 몬테 크리스티 직업훈련센터 (MVC) 감리사 선정,0,L2025-00007-2/붙임 2. 입찰 공고문(영문)/Section 3 - Bidding Forms_MVC (Supervision)_20250404_┼¼╕░.docx,.docx,61920,d38623b175a2917be80aed6802f6d257a8bfd34e30953713f4e1f7cc3e218e65,0,0,0,,0,0,0,0,,,,0.0,[]
2020-00070,L2025-00007-2,용역,도미니카공화국 몬테 크리스티 직업훈련센터 (MVC) 감리사 선정,0,L2025-00007-2/붙임 2. 입찰 공고문(영문)/Section 6 - Special Conditions of Contract_MVC (Supervision)_20250404_┼¼╕░.docx,.docx,28577,5ca8eefdd234be0be15cc1d128d3193097bac5427d78cf4dd2221299204dc157,0,0,0,,0,0,0,0,,,,0.0,[]
2020-00070,L2025-00007-2,용역,도미니카공화국 몬테 크리스티 직업훈련센터 (MVC) 감리사 선정,0,L2025-00007-2/붙임 2. 입찰 공고문(영문)/Section 1 - Instructions to Bidders (ITB)_MVC (Supervision)_20250404_┼¼╕░.docx,.docx,39371,72396202e1257437ad0ed83ed14c206fba54067ebc1be7548478ba9eef2c4d8d,0,0,0,,0,0,0,0,,,,0.0,[]
2020-00070,L2025-00007-2,용역,도미니카공화국 몬테 크리스티 직업훈련센터 (MVC) 감리사 선정,0,L2025-00007-2/붙임 2. 입찰 공고문(영문)/Section 4 - Scope of Works_MVC (Supervision)_20250404_┼¼╕░.docx,.docx,104640,d633039295827c55a745768b0dec991054f54468d27d81b248f93a0aec43d15a,0,0,0,,0,0,0,0,,,,0.0,[]
2020-00070,L2025-00007-2,용역,도미니카공화국 몬테 크리스티 직업훈련센터 (MVC) 감리사 선정,0,L2025-00007-2/붙임 2. 입찰 공고문(영문)/Section 7 - Contract Forms_MVC (Supervision)_20250404_┼¼╕░.docx,.docx,41866,cd24d8a6cbf9d08ba5990943e98cb5cf75d6f649083318f049c92ff1d1318d96,0,0,0,,0,0,0,0,,,,0.0,[]
2020-00070,L2025-00007-2,용역,도미니카공화국 몬테 크리스티 직업훈련센터 (MVC) 감리사 선정,0,L2025-00007-2/붙임 2. 입찰 공고문(영문)/í┌ Checklist for the Bidders_8_04_2025.docx,.docx,19302,b579aca1f07c40dd743f60b041e8c38effbe94cb7f9f00dde123603d67010b53,0,0,0,,0,0,0,0,,,,0.0,[]
2020-00070,L2025-00007-2,용역,도미니카공화국 몬테 크리스티 직업훈련센터 (MVC) 감리사 선정,0,L2025-00007-2/붙임 2. 입찰 공고문(영문)/Section 2 - Bid Data Sheet (BDS)_MVC (Supervision)_20250404_┼¼╕░.docx,.docx,80054,1d1581ba7dc77998959ec2badc628e019e94196efc3576630f039cd215c722e4,0,0,0,,0,0,0,0,,,,0.0,[]
2020-00070,L2025-00007-2,용역,도미니카공화국 몬테 크리스티 직업훈련센터 (MVC) 감리사 선정,0,L2025-00007-2/붙임 2. 입찰 공고문(영문)/Section 5 - General Conditions of Contract_MVC (Supervision)_20250404_┼¼╕░.docx,.docx,39726,6d6491d7e93246b068a266e0a9d0e914416def833f4afecd55c9b97415485c26,0,0,0,,0,0,0,0,,,,0.0,[]
2020-00070,L2025-00010-1,용역,도미니카공화국 여성 중심 취약계층 사회경제적 역량강화사업 하이나 직업훈련센터 리모델링 설계용역,0,L2025-00010-1/붙임 3. 입찰공고 게시문_fin.docx,.docx,29513,2d97e7c0984f3b183d36b34d990f48606d86fd0103a4e89db27653a6d2b208df,0,0,0,,0,0,0,0,,,,0.0,[]
2020-00070,L2025-00010-1,용역,도미니카공화국 여성 중심 취약계층 사회경제적 역량강화사업 하이나 직업훈련센터 리모델링 설계용역,0,L2025-00010-1/붙임 2. 입찰서류(영문)_최종.zip,.zip,1351853,62833af00cca0c3ff0e3aa26053fcc496f2d735038ae3488c4b7d4a40335906a,0,0,0,,0,0,0,0,,,,0.0,[]
2020-00070,L2025-00010-1,용역,도미니카공화국 여성 중심 취약계층 사회경제적 역량강화사업 하이나 직업훈련센터 리모델링 설계용역,0,L2025-00010-1/붙임 1. 입찰 계획서_하이나 리모델링_fin.hwp,.hwp,103936,ed03bbd153b3f5bf03ffe889dd817d69b0082abe00c5ae4e7562323f7b20196b,0,0,0,,0,0,0,0,,,,0.0,[]
2020-00070,L2025-00010-1,용역,도미니카공화국 여성 중심 취약계층 사회경제적 역량강화사업 하이나 직업훈련센터 리모델링 설계용역,0,L2025-00010-1/붙임 2. 입찰서류(영문)_최종/í┌ Checklist for the Bidders_fin.docx,.docx,20397,200eac98f629a7b973a69042cbe676164d17d5b40d82d9124503bae84dd57fef,0,0,0,,0,0,0,0,,,,0.0,[]
2020-00070,L2025-00010-1,용역,도미니카공화국 여성 중심 취약계층 사회경제적 역량강화사업 하이나 직업훈련센터 리모델링 설계용역,0,L2025-00010-1/붙임 2. 입찰서류(영문)_최종/Section 2 - Bid Data Sheet (BDS) HVCT_fin.docx,.docx,71224,fd154eae04b3e4d01ae49e83b06c31be670dbe2aa120f497dfd12eaf924c7505,0,0,0,,0,0,0,0,,,,0.0,[]
2020-00070,L2025-00010-1,용역,도미니카공화국 여성 중심 취약계층 사회경제적 역량강화사업 하이나 직업훈련센터 리모델링 설계용역,0,"L2025-00010-1/붙임 2. 입찰서류(영문)_최종/Cover, Table of Contents HVTC_fin.docx",.docx,20958,0310b8805cd8f78d179ea1a936d29f4a5a4d25b08746b83d6e85b1b08429f41b,0,0,0,,0,0,0,0,,,,0.0,[]
2020-00070,L2025-00010-1,용역,도미니카공화국 여성 중심 취약계층 사회경제적 역량강화사업 하이나 직업훈련센터 리모델링 설계용역,0,L2025-00010-1/붙임 2. 입찰서류(영문)_최종/Section 5 - General Conditions of Contract (GCC) HVCT_fin.docx,.docx,38265,b47cd6af7b5b6d0ad4076aece12bc381102799559726e84baaa608defbb3af98,0,0,0,,0,0,0,0,,,,0.0,[]
2020-00070,L2025-00010-1,용역,도미니카공화국 여성 중심 취약계층 사회경제적 역량강화사업 하이나 직업훈련센터 리모델링 설계용역,0,L2025-00010-1/붙임 2. 입찰서류(영문)_최종/Section 1 - Instructions to Bidders (ITB) HVCT_fin.docx,.docx,35856,5fda7b74b44cec444b6f8c7cda88499c114a05b790222fb4212dee87e8983b98,0,0,0,,0,0,0,0,,,,0.0,[]
2020-00070,L2025-00010-1,용역,도미니카공화국 여성 중심 취약계층 사회경제적 역량강화사업 하이나 직업훈련센터 리모델링 설계용역,0,L2025-00010-1/붙임 2. 입찰서류(영문)_최종/Section 6 - Special Conditions of Contract (SCC) HVCT_fin.docx,.docx,31559,bcd1f7629cbb8377f6a72eedb1e2b6d0c56fe151039e83cf3b140837c798af1e,0,0,0,,0,0,0,0,,,,0.0,[]
2020-00070,L2025-00010-1,용역,도미니카공화국 여성 중심 취약계층 사회경제적 역량강화사업 하이나 직업훈련센터 리모델링 설계용역,0,L2025-00010-1/붙임 2. 입찰서류(영문)_최종/Section 3 - Bidding Forms HVCT_fin.docx,.docx,49783,9cddb98b3e1d259af59851bda07aa4b675a8da7807ed94a582ad228d1016ddb7,0,0,0,,0,0,0,0,,,,0.0,[]
2020-00070,L2025-00010-1,용역,도미니카공화국 여성 중심 취약계층 사회경제적 역량강화사업 하이나 직업훈련센터 리모델링 설계용역,0,L2025-00010-1/붙임 2. 입찰서류(영문)_최종/Section 4 - Terms of Reference (TOR) HVTC_fin.docx,.docx,1099232,54850fe3ab3d5cd03a4246063d02dbb8f049f5837219053cce596966aaa8e288,0,0,0,,0,0,0,0,,,,0.0,[]
2020-00070,L2025-00010-1,용역,도미니카공화국 여성 중심 취약계층 사회경제적 역량강화사업 하이나 직업훈련센터 리모델링 설계용역,0,L2025-00010-1/붙임 2. 입찰서류(영문)_최종/Section 7 - Contract Forms HVCT_fin.docx,.docx,23132,b8dac47892f2daae3d4f123b14a298c3b1e93f420fd744da0b2218904975fd2e,0,0,0,,0,0,0,0,,,,0.0,[]
2020-00070,L2025-00038-1,용역,도미니카공화국 몬테 크리스티 직업훈련센터 (MVC) 감리사 선정,0,L2025-00038-1/Section 5 - General Conditions of Contract_MVC (Supervision)_fin.docx,.docx,40709,ffc8d648ad2c7a147efbf0bb3e34c2dd1e1a119db31a9d879255eaa543173e88,0,0,0,,0,0,0,0,,,,0.0,[]
2020-00070,L2025-00038-1,용역,도미니카공화국 몬테 크리스티 직업훈련센터 (MVC) 감리사 선정,0,L2025-00038-1/Section 3 - Bidding Forms_MVC (Supervision)_fin.docx,.docx,62757,e4bdf2bf240b55da029a367da089969340a5a49bda1a70430d2d5e118e12b7ad,0,0,0,,0,0,0,0,,,,0.0,[]
2020-00070,L2025-00038-1,용역,도미니카공화국 몬테 크리스티 직업훈련센터 (MVC) 감리사 선정,0,L2025-00038-1/Section 7 - Contract Forms_MVC (Supervision)_fin.docx,.docx,41899,52dae2730c38bf38db1a0cb400b4a47cfba1af759eb764f8dbc65b2397d277af,0,0,0,,0,0,0,0,,,,0.0,[]
2020-00070,L2025-00038-1,용역,도미니카공화국 몬테 크리스티 직업훈련센터 (MVC) 감리사 선정,0,L2025-00038-1/MVC (긴급) 입찰 계획서(국문)_20250526.hwp,.hwp,82432,25a7dc41a95dbf76166474ed0a558cf17257c0472a7026bc086acf7a440538a4,0,0,0,,0,0,0,0,,,,0.0,[]
2020-00070,L2025-00038-1,용역,도미니카공화국 몬테 크리스티 직업훈련센터 (MVC) 감리사 선정,0,L2025-00038-1/Section 6 - Special Conditions of Contract_MVC (Supervision)_fin.docx,.docx,28787,bbb6d6fe08a16ef7545b355b17397546f42b39ab96c11cf48d13bb932797cb76,0,0,0,,0,0,0,0,,,,0.0,[]
2020-00070,L2025-00038-1,용역,도미니카공화국 몬테 크리스티 직업훈련센터 (MVC) 감리사 선정,0,L2025-00038-1/Section 2 - Bid Data Sheet (BDS)_MVC (Supervision)_fin.docx,.docx,81657,7f1d3327db1ed1c167b358b569a8417b30f001d64d80bf87d852da5ec80d55b4,0,0,0,,0,0,0,0,,,,0.0,[]
2020-00070,L2025-00038-1,용역,도미니카공화국 몬테 크리스티 직업훈련센터 (MVC) 감리사 선정,0,L2025-00038-1/Section 1 - Instructions to Bidders (ITB)_MVC (Supervision)_fin.docx,.docx,40430,e646aa46315e15aaee6dd87d9c17b40f08ddfba16c123ca0ceb84fca13a5d293,0,0,0,,0,0,0,0,,,,0.0,[]
2020-00070,L2025-00038-1,용역,도미니카공화국 몬테 크리스티 직업훈련센터 (MVC) 감리사 선정,0,L2025-00038-1/Cover sheet_MVC (Supervision)_fin.docx,.docx,34637,48988f36a1677b840974b441764332faf9570117a014ad513c305d00146e85ea,0,0,0,,0,0,0,0,,,,0.0,[]
2020-00070,L2025-00038-1,용역,도미니카공화국 몬테 크리스티 직업훈련센터 (MVC) 감리사 선정,0,L2025-00038-1/Section 4 - Scope of Works_MVC (Supervision)_fin.docx,.docx,105878,1df970782d3889668d31d06fa3f5dbc63c7fb03ede6496049eaaaa2987cbfbaa,0,0,0,,0,0,0,0,,,,0.0,[]
2013-00064,L2021-00005-1,용역,볼리비아 고원지역 농업 기계화 및 농민역량 강화를 통한 생산성 증대사업 설계사 선정 현지입찰,0,L2021-00005-1/붙임1. 입찰 계획서(국문)_20210201.hwp,.hwp,3371520,2b358c84e021243ed268adfd72f2d8a174ebf1e332974a4e2b97cc4d329b32aa,0,0,0,,0,0,0,0,,,,0.0,[]
2013-00064,L2021-00005-1,용역,볼리비아 고원지역 농업 기계화 및 농민역량 강화를 통한 생산성 증대사업 설계사 선정 현지입찰,0,L2021-00005-1/붙임2. 입찰 계획서(영문) 및 관련 양식.zip,.zip,7394504,58199573427419797f3c54f23e66dd93578ac8fccf7a843f4be1ee235c37a2a9,0,0,0,,0,0,0,0,,,,0.0,[]
2013-00064,L2021-00005-1,용역,볼리비아 고원지역 농업 기계화 및 농민역량 강화를 통한 생산성 증대사업 설계사 선정 현지입찰,0,L2021-00005-1/붙임2. 입찰 계획서(영문) 및 관련 양식/Bolivia quinoa_5.0 Standard Forms of Contract_2021 0121.docx,.docx,45103,5976b10f0bb38681902e8d4d756129424fd042d400f0bb0361aa6a9249510be5,0,0,0,,0,0,0,0,,,,0.0,[]
2013-00064,L2021-00005-1,용역,볼리비아 고원지역 농업 기계화 및 농민역량 강화를 통한 생산성 증대사업 설계사 선정 현지입찰,0,L2021-00005-1/붙임2. 입찰 계획서(영문) 및 관련 양식/Bolivia quinoa_3.0 Bidding Forms_2021 0121.docx,.docx,81480,ec49ee1b81ab22c79b937d16c400fe2dffa82eea89e43972ca75241c0d71be6e,0,0,0,,0,0,0,0,,,,0.0,[]
2013-00064,L2021-00005-1,용역,볼리비아 고원지역 농업 기계화 및 농민역량 강화를 통한 생산성 증대사업 설계사 선정 현지입찰,0,L2021-00005-1/붙임2. 입찰 계획서(영문) 및 관련 양식/Bolivia quinoa_4.0 Terms of Reference_2021 0121.docx,.docx,3965873,8a1c6f581af57f07c5f5e63139796386297016edec257d1a2f3792724da9342d,0,0,0,,0,0,0,0,,,,0.0,[]
2013-00064,L2021-00005-1,용역,볼리비아 고원지역 농업 기계화 및 농민역량 강화를 통한 생산성 증대사업 설계사 선정 현지입찰,0,L2021-00005-1/붙임2. 입찰 계획서(영문) 및 관련 양식/Bolivia quinoa_2.0 ITB & BDS_2021 0121.docx,.docx,65112,a2c2814b3dab4919313daac9841d0014ed8afce7e54b0e9cc0e6e75afbe893b9,0,0,0,,0,0,0,0,,,,0.0,[]
2013-00064,L2021-00005-1,용역,볼리비아 고원지역 농업 기계화 및 농민역량 강화를 통한 생산성 증대사업 설계사 선정 현지입찰,0,L2021-00005-1/붙임2. 입찰 계획서(영문) 및 관련 양식/Bolivia quinoa_0.0_Bidding Guideline(ENG)_2021 0121.docx,.docx,3282788,2be1a58d064d958ed108e1b4d4f747f3932b9817ffe99ee523b32b64c328d2b7,0,0,0,,0,0,0,0,,,,0.0,[]
2013-00064,L2021-00005-1,용역,볼리비아 고원지역 농업 기계화 및 농민역량 강화를 통한 생산성 증대사업 설계사 선정 현지입찰,0,L2021-00005-1/붙임2. 입찰 계획서(영문) 및 관련 양식/Bolivia quinoa_1.0 IFB_2021 0121.docx,.docx,44231,da5b84c7bde1da7f85031cb2b067e4078b110cd5b9ec6a72cb79bd79fbffa246,0,0,0,,0,0,0,0,,,,0.0,[]
2013-00064,L2023-00012-1,공사,볼리비아 고원지역 농업기계화 및 농민 역량강화를 통한 생산성증대 지원사업 시공 용역 입찰,1,L2023-00012-1/붙임 2. (영문) 입찰 공고(안).doc,.doc,134144,1e75e46efcf95484a3353e555fae0b3d57ff301781faec09730c5abe0f43c13e,0,0,0,,0,0,0,0,,,,0.0,[]
2013-00064,L2023-00012-1,공사,볼리비아 고원지역 농업기계화 및 농민 역량강화를 통한 생산성증대 지원사업 시공 용역 입찰,1,L2023-00012-1/붙임 6. 서약서.Zip,.zip,65638,4f017c81c924b57a1946a21a2e3d52fe39d96701b77273cc40154e053b6bbfcd,0,0,0,,0,0,0,0,,,,0.0,[]
2013-00064,L2023-00012-1,공사,볼리비아 고원지역 농업기계화 및 농민 역량강화를 통한 생산성증대 지원사업 시공 용역 입찰,1,L2023-00012-1/붙임 3. 부속서류 일체.Zip,.zip,620369,c27477ff77a5cb20e7e3e62d54328f7a2d21ae0a8ddf19d88a47f97f4d9f4e02,0,0,0,,0,0,0,0,,,,0.0,[]
2013-00064,L2023-00012-1,공사,볼리비아 고원지역 농업기계화 및 농민 역량강화를 통한 생산성증대 지원사업 시공 용역 입찰,1,L2023-00012-1/붙임 2. (국문) 입찰 계획서.hwp,.hwp,342016,7eeb06e6b621da7fe7ad440d018ff2813acbb4d24e98ef0fdccbd4296bbf4e05,0,0,0,,0,0,0,0,,,,0.0,[]
2013-00064,L2023-00012-1,공사,볼리비아 고원지역 농업기계화 및 농민 역량강화를 통한 생산성증대 지원사업 시공 용역 입찰,1,L2023-00012-1/붙임 6. 서약서/Integrity Pledge (청렴계약서).docx,.docx,36805,a652cd653478a9e7b0d8c37e7b963d6784f9711b6dab1ac887854293590df3f1,0,0,0,,0,0,0,0,,,,0.0,[]
2013-00064,L2023-00012-1,공사,볼리비아 고원지역 농업기계화 및 농민 역량강화를 통한 생산성증대 지원사업 시공 용역 입찰,1,L2023-00012-1/붙임 6. 서약서/Fair Contract Pledge Letter (공정계약 서약서).docx,.docx,15332,b86142edc91f25f6963b0e279a039c54ae36ad5381ab958b5315e27a4756f42a,0,0,0,,0,0,0,0,,,,0.0,[]
2013-00064,L2023-00012-1,공사,볼리비아 고원지역 농업기계화 및 농민 역량강화를 통한 생산성증대 지원사업 시공 용역 입찰,1,L2023-00012-1/붙임 6. 서약서/Declaration of Anti_Corruption (반부패 선언서).docx,.docx,22643,799964300f5ec7d2abb2fca623b7cab2a8195a91faea589307d42c547ab25c01,0,0,0,,0,0,0,0,,,,0.0,[]
2013-00064,L2023-00012-1,공사,볼리비아 고원지역 농업기계화 및 농민 역량강화를 통한 생산성증대 지원사업 시공 용역 입찰,1,L2023-00012-1/붙임 3. 부속서류 일체/Section 1 - Instructions to Bidders (ITB).docx,.docx,33211,ea8ef1fa29c62dcc30e3f7b74fe542e04d799834d0ddad14f37202b898ad8cbb,0,0,0,,0,0,0,0,,,,0.0,[]
2013-00064,L2023-00012-1,공사,볼리비아 고원지역 농업기계화 및 농민 역량강화를 통한 생산성증대 지원사업 시공 용역 입찰,1,L2023-00012-1/붙임 3. 부속서류 일체/Section 2 - Bid Data Sheet (BDS).docx,.docx,262437,83b5bd035771b093f59de2f8f2b618efd8a12b6fb97ea79af1a93938b8ff72e4,0,0,0,,0,0,0,0,,,,0.0,[]
2013-00064,L2023-00012-1,공사,볼리비아 고원지역 농업기계화 및 농민 역량강화를 통한 생산성증대 지원사업 시공 용역 입찰,1,L2023-00012-1/붙임 3. 부속서류 일체/Section 9 - Contract Forms.docx,.docx,37546,a9cc5fea0df95add5d4ac1a36072b51021ddae1374579f35ca97cfa85b0ddefc,0,0,0,,0,0,0,0,,,,0.0,[]
2013-00064,L2023-00012-1,공사,볼리비아 고원지역 농업기계화 및 농민 역량강화를 통한 생산성증대 지원사업 시공 용역 입찰,1,L2023-00012-1/붙임 3. 부속서류 일체/Section 7 - General Conditions of Contract.docx,.docx,203691,7e272559a008864607ea07a6defc3e272361d04181fc78601676a24c5093e3ca,0,0,0,,0,0,0,0,,,,0.0,[]
2013-00064,L2023-00012-1,공사,볼리비아 고원지역 농업기계화 및 농민 역량강화를 통한 생산성증대 지원사업 시공 용역 입찰,1,L2023-00012-1/붙임 3. 부속서류 일체/Section 8 - Specail Conditions of Contract.docx,.docx,62186,61d3b9d85f1d6627d337a04404ec3d5dc28c8a7cf172ff300696afbfdaf4cf77,0,0,0,,0,0,0,0,,,,0.0,[]
2013-00064,L2023-00012-1,공사,볼리비아 고원지역 농업기계화 및 농민 역량강화를 통한 생산성증대 지원사업 시공 용역 입찰,1,L2023-00012-1/붙임 3. 부속서류 일체/Section 3 - Bidding Forms.docx,.docx,41532,18877675a3f27266f452ce9a81adec9e0cd4b1c107cd36759fcd2e4784815fdc,0,0,0,,0,0,0,0,,,,0.0,[]
2013-00064,L2023-00015-1,용역,볼리비아 고원지역 농업기계화 및 농민 역량강화를 통한 생산성증대 지원사업 감리 용역 입찰,0,L2023-00015-1/붙임 3. 입찰 관련 부속서류 일체.Zip,.zip,535530,396ed5a76684a37175551dee7d340d89739d31015a62be525fc6dda2f3f6e51a,0,0,0,,0,0,0,0,,,,0.0,[]
2013-00064,L2023-00015-1,용역,볼리비아 고원지역 농업기계화 및 농민 역량강화를 통한 생산성증대 지원사업 감리 용역 입찰,0,L2023-00015-1/붙임 1. (국문) 감리입찰계획(안).hwp,.hwp,346112,3c4ea68bb1ef56893468e2b7a4379fe68752eb9e735eaf1f0e89013b69b950ed,0,0,0,,0,0,0,0,,,,0.0,[]
2013-00064,L2023-00015-1,용역,볼리비아 고원지역 농업기계화 및 농민 역량강화를 통한 생산성증대 지원사업 감리 용역 입찰,0,L2023-00015-1/붙임 2. (영문) 감리 입찰 공고(안).docx,.docx,63754,13916d2efe6a899ee69b121e944ff45ef73f464da87b5393a615b9c96982f096,0,0,0,,0,0,0,0,,,,0.0,[]
2013-00064,L2023-00015-1,용역,볼리비아 고원지역 농업기계화 및 농민 역량강화를 통한 생산성증대 지원사업 감리 용역 입찰,0,L2023-00015-1/붙임 3. 입찰 관련 부속서류 일체/20230317_Section 7 - Special Conditions of Contract.docx,.docx,19684,dbc6f8d713c38dd0f0b8c504a0de0052ed11ed27ac9146cccb268214529f81f2,0,0,0,,0,0,0,0,,,,0.0,[]
2013-00064,L2023-00015-1,용역,볼리비아 고원지역 농업기계화 및 농민 역량강화를 통한 생산성증대 지원사업 감리 용역 입찰,0,L2023-00015-1/붙임 3. 입찰 관련 부속서류 일체/20230317_Section 6 - General Conditions of Contract.docx,.docx,26604,70c3e0a52e88537bd2511994814814477f22137392748fb8f94dd4d039fbe745,0,0,0,,0,0,0,0,,,,0.0,[]
2013-00064,L2023-00015-1,용역,볼리비아 고원지역 농업기계화 및 농민 역량강화를 통한 생산성증대 지원사업 감리 용역 입찰,0,L2023-00015-1/붙임 3. 입찰 관련 부속서류 일체/20230320_Section 1 - Instructions to Bidders (ITB).docx,.docx,37058,b6b8cd5f40e1d6d4f26362ad5a09a12139e360af58948537711ae6631dea76bd,0,0,0,,0,0,0,0,,,,0.0,[]
2013-00064,L2023-00015-1,용역,볼리비아 고원지역 농업기계화 및 농민 역량강화를 통한 생산성증대 지원사업 감리 용역 입찰,0,L2023-00015-1/붙임 3. 입찰 관련 부속서류 일체/20230317_Section 3 - Bidding Forms.docx,.docx,62807,03ee48f78e973dc3920676f54091a91d5a63e7ccc127a414c96323d4d614ac1d,0,0,0,,0,0,0,0,,,,0.0,[]
2013-00064,L2023-00015-1,용역,볼리비아 고원지역 농업기계화 및 농민 역량강화를 통한 생산성증대 지원사업 감리 용역 입찰,0,L2023-00015-1/붙임 3. 입찰 관련 부속서류 일체/20230317_Section 4 - Scope of Works.docx,.docx,101731,6066168a1382778cbb0d41182d6ec68ac5ed6bc8230f547b84ad8d6ec0709999,0,0,0,,0,0,0,0,,,,0.0,[]
2013-00064,L2023-00015-1,용역,볼리비아 고원지역 농업기계화 및 농민 역량강화를 통한 생산성증대 지원사업 감리 용역 입찰,0,L2023-00015-1/붙임 3. 입찰 관련 부속서류 일체/20230317_Section 8 - Contract Forms.docx,.docx,39920,c245a5d79ef48c591651a339c7e4eb0f5a393c8073b12b357d96782919b5d3b4,0,0,0,,0,0,0,0,,,,0.0,[]
2013-00064,L2023-00015-1,용역,볼리비아 고원지역 농업기계화 및 농민 역량강화를 통한 생산성증대 지원사업 감리 용역 입찰,0,L2023-00015-1/붙임 3. 입찰 관련 부속서류 일체/20230320_Section 2 - Bid Data Sheet (BDS).docx,.docx,270271,d21a69bb07ca013d7e59c5b10649f1a7451a05e2ada4c0b6b5a97c4ed7ea63ac,0,0,0,,0,0,0,0,,,,0.0,[]
2013-00064,L2025-00012-1,공사,볼리비아 고원 지역 농업 기계화 및 농민역량 강화를 통한 생산성 증대 사업 퀴노아 연구센터 차칼라 건립 공사 시공사 선정 현지 입찰,1,L2025-00012-1/(붙임2) 입찰 관련 부속서류.zip,.zip,47837224,a36d670b0514f69d108ed71ff4f1e18136e76394ac8c875f951e9a30141e8cc0,0,0,0,,0,0,0,0,,,,0.0,[]
2013-00064,L2025-00012-1,공사,볼리비아 고원 지역 농업 기계화 및 농민역량 강화를 통한 생산성 증대 사업 퀴노아 연구센터 차칼라 건립 공사 시공사 선정 현지 입찰,1,L2025-00012-1/(붙임1-2) 영문입찰계획서_Q-Lab_Chacala_Bid Data Sheet (BDS)_20250502.docx,.docx,275433,d9f4a817d8bb5bd902d9392e6deddb7c47d0dea2ba433c1d61135dc32a07f765,0,0,0,,0,0,0,0,,,,0.0,[]
2013-00064,L2025-00012-1,공사,볼리비아 고원 지역 농업 기계화 및 농민역량 강화를 통한 생산성 증대 사업 퀴노아 연구센터 차칼라 건립 공사 시공사 선정 현지 입찰,1,L2025-00012-1/(붙임2) 입찰 관련 부속서류/Q-Lab_Chacala_Bidding Doc/Section 4. Q-Lab_Chacala_BOQ_blanked.zip,.zip,6318089,bbb312fa07ebbb10f4ea0081e34eb74a3022921057e6f566c67a0b0505a75650,0,0,1,,0,0,0,0,,,,0.0,[]
2013-00064,L2025-00012-1,공사,볼리비아 고원 지역 농업 기계화 및 농민역량 강화를 통한 생산성 증대 사업 퀴노아 연구센터 차칼라 건립 공사 시공사 선정 현지 입찰,1,L2025-00012-1/(붙임2) 입찰 관련 부속서류/Q-Lab_Chacala_Bidding Doc/Section 2._Q-Lab_Chacala_Bid Data Sheet (BDS)_20250502.docx,.docx,275433,d9f4a817d8bb5bd902d9392e6deddb7c47d0dea2ba433c1d61135dc32a07f765,0,0,0,,0,0,0,0,,,,0.0,[]
2013-00064,L2025-00012-1,공사,볼리비아 고원 지역 농업 기계화 및 농민역량 강화를 통한 생산성 증대 사업 퀴노아 연구센터 차칼라 건립 공사 시공사 선정 현지 입찰,1,L2025-00012-1/(붙임2) 입찰 관련 부속서류/Q-Lab_Chacala_Bidding Doc/Section 9. Q-Lab_Chacala_Contract Forms.docx,.docx,40342,8831da156a61d97c77fd6013d7f118d6e8f21039a0fad8b09829972b68153967,0,0,0,,0,0,0,0,,,,0.0,[]
2013-00064,L2025-00012-1,공사,볼리비아 고원 지역 농업 기계화 및 농민역량 강화를 통한 생산성 증대 사업 퀴노아 연구센터 차칼라 건립 공사 시공사 선정 현지 입찰,1,L2025-00012-1/(붙임2) 입찰 관련 부속서류/Q-Lab_Chacala_Bidding Doc/Section 7. Q-Lab_Chacala_General Conditions of Contract.docx,.docx,205115,a8915ac8338a1782bca27405f5a881e97682d816adc491e89bf52abeec082e15,0,0,0,,0,0,0,0,,,,0.0,[]
2013-00064,L2025-00012-1,공사,볼리비아 고원 지역 농업 기계화 및 농민역량 강화를 통한 생산성 증대 사업 퀴노아 연구센터 차칼라 건립 공사 시공사 선정 현지 입찰,1,L2025-00012-1/(붙임2) 입찰 관련 부속서류/Q-Lab_Chacala_Bidding Doc/Attachment01_Pledges.zip,.zip,69219,ae5455bbd17f4b15e12b5c6d662237b1467749b68da269a976590a4d5bc8ccd9,0,0,0,,0,0,0,0,,,,0.0,[]
2013-00064,L2025-00012-1,공사,볼리비아 고원 지역 농업 기계화 및 농민역량 강화를 통한 생산성 증대 사업 퀴노아 연구센터 차칼라 건립 공사 시공사 선정 현지 입찰,1,L2025-00012-1/(붙임2) 입찰 관련 부속서류/Q-Lab_Chacala_Bidding Doc/Attachment02_KOICA Bidding Regulations and Guidelines.zip,.zip,1740841,756daa3bcbe113f56a9cfbf9054aa7fa5f05eb83e8c1e5d475f1a9d28ed954f4,0,0,0,,0,0,0,0,,,,0.0,[]
2013-00064,L2025-00012-1,공사,볼리비아 고원 지역 농업 기계화 및 농민역량 강화를 통한 생산성 증대 사업 퀴노아 연구센터 차칼라 건립 공사 시공사 선정 현지 입찰,1,L2025-00012-1/(붙임2) 입찰 관련 부속서류/Q-Lab_Chacala_Bidding Doc/Section 8. Q-Lab_Chacala_Specail Conditions of Contract.docx,.docx,65954,8e0350eabfef096ac33ec66768eaaa13dbe4c84eb3f7c5e35010eb982817e806,0,0,0,,0,0,0,0,,,,0.0,[]
2013-00064,L2025-00012-1,공사,볼리비아 고원 지역 농업 기계화 및 농민역량 강화를 통한 생산성 증대 사업 퀴노아 연구센터 차칼라 건립 공사 시공사 선정 현지 입찰,1,L2025-00012-1/(붙임2) 입찰 관련 부속서류/Q-Lab_Chacala_Bidding Doc/Section 6. Q-Lab_Chacala_Q-Lab_Technical Specification.zip,.zip,26806734,7b8ee21beb91a9b4f9245e195ffba9595ff2c77759640a630d91477ad0878190,0,0,0,,0,0,0,0,,,,0.0,[]
2013-00064,L2025-00012-1,공사,볼리비아 고원 지역 농업 기계화 및 농민역량 강화를 통한 생산성 증대 사업 퀴노아 연구센터 차칼라 건립 공사 시공사 선정 현지 입찰,1,L2025-00012-1/(붙임2) 입찰 관련 부속서류/Q-Lab_Chacala_Bidding Doc/Section 3. Q-Lab_Chacala_Bidding Forms.docx,.docx,51086,4b488c40ce9e1c090374026a6f228c2e3ce8d299b0e2411a6584452f5ab0992c,0,0,0,,0,0,0,0,,,,0.0,[]
2013-00064,L2025-00012-1,공사,볼리비아 고원 지역 농업 기계화 및 농민역량 강화를 통한 생산성 증대 사업 퀴노아 연구센터 차칼라 건립 공사 시공사 선정 현지 입찰,1,L2025-00012-1/(붙임2) 입찰 관련 부속서류/Q-Lab_Chacala_Bidding Doc/Section 1. Q-Lab_Chacala_Instructions to Bidders (ITB).docx,.docx,36085,633227b8ec92b28ca32d0746a92f86110a6232633c03b9ac411ed91937fa9ade,0,0,0,,0,0,0,0,,,,0.0,[]
2013-00064,L2025-00012-1,공사,볼리비아 고원 지역 농업 기계화 및 농민역량 강화를 통한 생산성 증대 사업 퀴노아 연구센터 차칼라 건립 공사 시공사 선정 현지 입찰,1,L2025-00012-1/(붙임2) 입찰 관련 부속서류/Q-Lab_Chacala_Bidding Doc/Section 5. Q-Lab_Chacala_Q-Lab_DWG.zip,.zip,12315238,3f59014a7dcf95480a45ef539e6a959901a8adad13df2d9916c49de8664cefed,0,0,0,,0,0,0,0,,,,0.0,[]
2013-00064,L2025-00012-1,공사,볼리비아 고원 지역 농업 기계화 및 농민역량 강화를 통한 생산성 증대 사업 퀴노아 연구센터 차칼라 건립 공사 시공사 선정 현지 입찰,1,L2025-00012-1/(붙임2) 입찰 관련 부속서류/Q-Lab_Chacala_Bidding Doc/Section 4. Q-Lab_Chacala_BOQ_blanked/G LAND SCAPE.xls,.xls,1558528,ece87bec3c596a52b49808e23eaf8b7452691f478f3458db783f7a5925cc41dc,0,0,1,,0,0,0,0,,,,0.0,[]
2013-00064,L2025-00012-1,공사,볼리비아 고원 지역 농업 기계화 및 농민역량 강화를 통한 생산성 증대 사업 퀴노아 연구센터 차칼라 건립 공사 시공사 선정 현지 입찰,1,L2025-00012-1/(붙임2) 입찰 관련 부속서류/Q-Lab_Chacala_Bidding Doc/Section 4. Q-Lab_Chacala_BOQ_blanked/A3 EM STRUCTURE.xls,.xls,1427456,be4eb3ffac3c73f6eaf90474e2eddf0a2ffa149db63a257d36852c3adf6f913f,0,0,1,,0,0,0,0,,,,0.0,[]
2013-00064,L2025-00012-1,공사,볼리비아 고원 지역 농업 기계화 및 농민역량 강화를 통한 생산성 증대 사업 퀴노아 연구센터 차칼라 건립 공사 시공사 선정 현지 입찰,1,L2025-00012-1/(붙임2) 입찰 관련 부속서류/Q-Lab_Chacala_Bidding Doc/Section 4. Q-Lab_Chacala_BOQ_blanked/F HYDRO SANITARY SYSTEM.xlsx,.xlsx,2229362,6b11639d6fabaaa1823187ee5ba99fb4622ca894447107d8a88e8e14f09fefc9,0,0,1,,2,191,0,0,Computos Métricos Quinoa,visible,1,0.0,"[{""sheet"": ""BLOQUE H"", ""sheet_state"": ""visible"", ""header_row"": 13, ""quantity_rows"": 17, ""rate_rows"": 0, ""amount_rows"": 0, ""priced_rows"": 0, ""priced_ratio"": 0.0, ""description_columns"": ""B"", ""quantity_columns"": ""D"", ""rate_columns"": ""B;E"", ""amount_columns"": """"}, {""sheet"": ""Computos Métricos Quinoa"", ""sheet_state"": ""visible"", ""header_row"": 1, ""quantity_rows"": 191, ""rate_rows"": 0, ""amount_rows"": 0, ""priced_rows"": 0, ""priced_ratio"": 0.0, ""description_columns"": ""B"", ""quantity_columns"": ""D"", ""rate_columns"": """", ""amount_columns"": """"}]"
2013-00064,L2025-00012-1,공사,볼리비아 고원 지역 농업 기계화 및 농민역량 강화를 통한 생산성 증대 사업 퀴노아 연구센터 차칼라 건립 공사 시공사 선정 현지 입찰,1,L2025-00012-1/(붙임2) 입찰 관련 부속서류/Q-Lab_Chacala_Bidding Doc/Section 4. Q-Lab_Chacala_BOQ_blanked/A1 ARCHITECTURE CHACALA.xlsx,.xlsx,779128,73623a71fe2a23883e5a998378b9fe9efc5451758aa4e066764c5555dda545a2,0,0,1,,1,28,0,0,PPTO-8 CHACALA,visible,13,0.0,"[{""sheet"": ""PPTO-8 CHACALA"", ""sheet_state"": ""visible"", ""header_row"": 13, ""quantity_rows"": 28, ""rate_rows"": 0, ""amount_rows"": 0, ""priced_rows"": 0, ""priced_ratio"": 0.0, ""description_columns"": ""C"", ""quantity_columns"": ""F"", ""rate_columns"": """", ""amount_columns"": """"}]"
2013-00064,L2025-00012-1,공사,볼리비아 고원 지역 농업 기계화 및 농민역량 강화를 통한 생산성 증대 사업 퀴노아 연구센터 차칼라 건립 공사 시공사 선정 현지 입찰,1,L2025-00012-1/(붙임2) 입찰 관련 부속서류/Q-Lab_Chacala_Bidding Doc/Section 4. Q-Lab_Chacala_BOQ_blanked/B ELECTRIC SYSTEM.xlsx,.xlsx,109607,bc94e7a90dea8f9eecbdcfcf1792adf3d6d226fcfbf55c2e1a88c9df8fb25de3,0,0,1,,6,18,0,0,TDG-H,visible,16,0.0,"[{""sheet"": ""TDG-H"", ""sheet_state"": ""visible"", ""header_row"": 16, ""quantity_rows"": 18, ""rate_rows"": 0, ""amount_rows"": 0, ""priced_rows"": 0, ""priced_ratio"": 0.0, ""description_columns"": """", ""quantity_columns"": ""E"", ""rate_columns"": ""F"", ""amount_columns"": ""G""}, {""sheet"": ""EL-H-308"", ""sheet_state"": ""visible"", ""header_row"": 16, ""quantity_rows"": 8, ""rate_rows"": 0, ""amount_rows"": 0, ""priced_rows"": 0, ""priced_ratio"": 0.0, ""description_columns"": """", ""quantity_columns"": ""E"", ""rate_columns"": ""F"", ""amount_columns"": ""G""}, {""sheet"": ""EL-H-307"", ""sheet_state"": ""visible"", ""header_row"": 16, ""quantity_rows"": 13, ""rate_rows"": 0, ""amount_rows"": 0, ""priced_rows"": 0, ""priced_ratio"": 0.0, ""description_columns"": """", ""quantity_columns"": ""E"", ""rate_columns"": ""F"", ""amount_columns"": ""G""}, {""sheet"": ""EL-H-306"", ""sheet_state"": ""visible"", ""header_row"": 16, ""quantity_rows"": 9, ""rate_rows"": 0, ""amount_rows"": 0, ""priced_rows"": 0, ""priced_ratio"": 0.0, ""description_columns"": """", ""quantity_columns"": ""E"", ""rate_columns"": ""F"", ""amount_columns"": ""G""}, {""sheet"": ""EL-H-305"", ""sheet_state"": ""visible"", ""header_row"": 16, ""quantity_rows"": 11, ""rate_rows"": 0, ""amount_rows"": 0, ""priced_rows"": 0, ""priced_ratio"": 0.0, ""description_columns"": """", ""quantity_columns"": ""E"", ""rate_columns"": ""F"", ""amount_columns"": ""G""}, {""sheet"": ""EL-H-304"", ""sheet_state"": ""visible"", ""header_row"": 16, ""quantity_rows"": 11, ""rate_rows"": 0, ""amount_rows"": 0, ""priced_rows"": 0, ""priced_ratio"": 0.0, ""description_columns"": """", ""quantity_columns"": ""E"", ""rate_columns"": ""F"", ""amount_columns"": ""G""}]"
2013-00064,L2025-00012-1,공사,볼리비아 고원 지역 농업 기계화 및 농민역량 강화를 통한 생산성 증대 사업 퀴노아 연구센터 차칼라 건립 공사 시공사 선정 현지 입찰,1,L2025-00012-1/(붙임2) 입찰 관련 부속서류/Q-Lab_Chacala_Bidding Doc/Section 4. Q-Lab_Chacala_BOQ_blanked/A2 HA STRUCTURE.xls,.xls,1555456,335205a7ceb9965c6a3103b7052311eb56ae166668d1280f0de1e9c5d3686807,0,0,1,,0,0,0,0,,,,0.0,[]
2013-00064,L2025-00012-1,공사,볼리비아 고원 지역 농업 기계화 및 농민역량 강화를 통한 생산성 증대 사업 퀴노아 연구센터 차칼라 건립 공사 시공사 선정 현지 입찰,1,L2025-00012-1/(붙임2) 입찰 관련 부속서류/Q-Lab_Chacala_Bidding Doc/Section 5. Q-Lab_Chacala_Q-Lab_DWG/00_CHACALA_Arch.pdf,.pdf,8833442,c5b9235c22c14a6a02a119f9421ad5895b9a97c4d2185b0ebf8c3b12b9b378a9,0,0,0,,0,0,0,0,,,,0.0,[]
2013-00064,L2025-00012-1,공사,볼리비아 고원 지역 농업 기계화 및 농민역량 강화를 통한 생산성 증대 사업 퀴노아 연구센터 차칼라 건립 공사 시공사 선정 현지 입찰,1,L2025-00012-1/(붙임2) 입찰 관련 부속서류/Q-Lab_Chacala_Bidding Doc/Section 5. Q-Lab_Chacala_Q-Lab_DWG/05_SINGAGE CHACALA.pdf,.pdf,859476,485d8e1ab9c5a443455fea02da0e808e2119bf2b54ebbc77920b901d9ea350d8,0,0,0,,0,0,0,0,,,,0.0,[]
2013-00064,L2025-00012-1,공사,볼리비아 고원 지역 농업 기계화 및 농민역량 강화를 통한 생산성 증대 사업 퀴노아 연구센터 차칼라 건립 공사 시공사 선정 현지 입찰,1,L2025-00012-1/(붙임2) 입찰 관련 부속서류/Q-Lab_Chacala_Bidding Doc/Section 5. Q-Lab_Chacala_Q-Lab_DWG/04_CHACALA_SA.pdf,.pdf,340063,5fd1829bad637fc210016c4ded96ccf84430f2e7dbd2da814c1962af29a12f5b,0,0,0,,0,0,0,0,,,,0.0,[]
2013-00064,L2025-00012-1,공사,볼리비아 고원 지역 농업 기계화 및 농민역량 강화를 통한 생산성 증대 사업 퀴노아 연구센터 차칼라 건립 공사 시공사 선정 현지 입찰,1,L2025-00012-1/(붙임2) 입찰 관련 부속서류/Q-Lab_Chacala_Bidding Doc/Section 5. Q-Lab_Chacala_Q-Lab_DWG/03_CHACALA_EL.pdf,.pdf,893587,49eca2eb931e7649abdac9ec2463dec9f4e45296facc5b3d1cca857ef197ce70,0,0,0,,0,0,0,0,,,,0.0,[]
2013-00064,L2025-00012-1,공사,볼리비아 고원 지역 농업 기계화 및 농민역량 강화를 통한 생산성 증대 사업 퀴노아 연구센터 차칼라 건립 공사 시공사 선정 현지 입찰,1,L2025-00012-1/(붙임2) 입찰 관련 부속서류/Q-Lab_Chacala_Bidding Doc/Section 5. Q-Lab_Chacala_Q-Lab_DWG/02_CHACALA_MS.pdf,.pdf,887242,d28047c67a1d72e4d283ff69b6d9c6a12ff9953c6188ec8b53b77a1a0523862f,0,0,0,,0,0,0,0,,,,0.0,[]
2013-00064,L2025-00012-1,공사,볼리비아 고원 지역 농업 기계화 및 농민역량 강화를 통한 생산성 증대 사업 퀴노아 연구센터 차칼라 건립 공사 시공사 선정 현지 입찰,1,L2025-00012-1/(붙임2) 입찰 관련 부속서류/Q-Lab_Chacala_Bidding Doc/Section 5. Q-Lab_Chacala_Q-Lab_DWG/01_CHACALA_RC.pdf,.pdf,1136288,90d89870afc46bb24a03d795b1af9be46f3e6f8b9b6dde6fe6f1eb184062d114,0,0,0,,0,0,0,0,,,,0.0,[]
2013-00064,L2025-00012-1,공사,볼리비아 고원 지역 농업 기계화 및 농민역량 강화를 통한 생산성 증대 사업 퀴노아 연구센터 차칼라 건립 공사 시공사 선정 현지 입찰,1,L2025-00012-1/(붙임2) 입찰 관련 부속서류/Q-Lab_Chacala_Bidding Doc/Attachment02_KOICA Bidding Regulations and Guidelines/Attachment 1. Detailed Enforcement Rules of the Regulations for Procurement and Contract in Grant Aid Projects.pdf,.pdf,554876,23f11f2154d32db6e78fbfdafb1f52aeba37778e2dd3b78a197b4ea4c2d44892,0,0,0,,0,0,0,0,,,,0.0,[]
2013-00064,L2025-00012-1,공사,볼리비아 고원 지역 농업 기계화 및 농민역량 강화를 통한 생산성 증대 사업 퀴노아 연구센터 차칼라 건립 공사 시공사 선정 현지 입찰,1,L2025-00012-1/(붙임2) 입찰 관련 부속서류/Q-Lab_Chacala_Bidding Doc/Attachment02_KOICA Bidding Regulations and Guidelines/Attachment 5. KOICA Safety Management Manual(ENG).pdf,.pdf,378337,b60b641c002f2145d45b33a4840f5ee96569c877a3e79aaa8799ea3dff82522f,0,0,0,,0,0,0,0,,,,0.0,[]
2013-00064,L2025-00012-1,공사,볼리비아 고원 지역 농업 기계화 및 농민역량 강화를 통한 생산성 증대 사업 퀴노아 연구센터 차칼라 건립 공사 시공사 선정 현지 입찰,1,L2025-00012-1/(붙임2) 입찰 관련 부속서류/Q-Lab_Chacala_Bidding Doc/Attachment02_KOICA Bidding Regulations and Guidelines/Attachment 4. Standards of Qualification Examination for Selection of Constructor_20140403.pdf,.pdf,315288,1b27d92e7041a9d53b17342ea9a7af1277b13521256c1b62f80ef7fc093b79e8,0,0,0,,0,0,0,0,,,,0.0,[]
2013-00064,L2025-00012-1,공사,볼리비아 고원 지역 농업 기계화 및 농민역량 강화를 통한 생산성 증대 사업 퀴노아 연구센터 차칼라 건립 공사 시공사 선정 현지 입찰,1,L2025-00012-1/(붙임2) 입찰 관련 부속서류/Q-Lab_Chacala_Bidding Doc/Attachment02_KOICA Bidding Regulations and Guidelines/Attachment 6. Scope of Works.pdf,.pdf,160444,c930b2a178e9faaae62de145c3a40d20bdc7d42ba12174c180fa5c094e527b24,0,0,0,,0,0,0,0,,,,0.0,[]
2013-00064,L2025-00012-1,공사,볼리비아 고원 지역 농업 기계화 및 농민역량 강화를 통한 생산성 증대 사업 퀴노아 연구센터 차칼라 건립 공사 시공사 선정 현지 입찰,1,L2025-00012-1/(붙임2) 입찰 관련 부속서류/Q-Lab_Chacala_Bidding Doc/Attachment02_KOICA Bidding Regulations and Guidelines/Attachment 3. Regulations for Procurement and Contract in Grant Aid Projects_20190520.pdf,.pdf,157627,bcc6062e083bacf0c4b014b08f7566dde8d7c56ad7f791e30c25a04e71aee5ec,0,0,0,,0,0,0,0,,,,0.0,[]
2013-00064,L2025-00012-1,공사,볼리비아 고원 지역 농업 기계화 및 농민역량 강화를 통한 생산성 증대 사업 퀴노아 연구센터 차칼라 건립 공사 시공사 선정 현지 입찰,1,L2025-00012-1/(붙임2) 입찰 관련 부속서류/Q-Lab_Chacala_Bidding Doc/Attachment02_KOICA Bidding Regulations and Guidelines/Attachment 2. KOICA Regulations for International Procurement_20190304.pdf,.pdf,375625,a9706e28e1564ba06a6ac833994e7d323b6b5eba68271f1ce70a46a8bd93a7b8,0,0,0,,0,0,0,0,,,,0.0,[]
2013-00064,L2025-00012-1,공사,볼리비아 고원 지역 농업 기계화 및 농민역량 강화를 통한 생산성 증대 사업 퀴노아 연구센터 차칼라 건립 공사 시공사 선정 현지 입찰,1,L2025-00012-1/(붙임2) 입찰 관련 부속서류/Q-Lab_Chacala_Bidding Doc/Attachment01_Pledges/Section 9 - Pledges/Integrity Pledge (청렴계약서).docx,.docx,36507,bbf88b1bc23c5ed931639e65f36d47df7d7fbdb8447562024b0cf9f04ec6d6b6,0,0,0,,0,0,0,0,,,,0.0,[]
2013-00064,L2025-00012-1,공사,볼리비아 고원 지역 농업 기계화 및 농민역량 강화를 통한 생산성 증대 사업 퀴노아 연구센터 차칼라 건립 공사 시공사 선정 현지 입찰,1,L2025-00012-1/(붙임2) 입찰 관련 부속서류/Q-Lab_Chacala_Bidding Doc/Attachment01_Pledges/Section 9 - Pledges/Fair Contract Pledge Letter (공정계약 서약서).docx,.docx,18756,379cc784a159e5c15ba0045a32dd793d03827ad46a1e4a966b9810ad99102277,0,0,0,,0,0,0,0,,,,0.0,[]
2013-00064,L2025-00012-1,공사,볼리비아 고원 지역 농업 기계화 및 농민역량 강화를 통한 생산성 증대 사업 퀴노아 연구센터 차칼라 건립 공사 시공사 선정 현지 입찰,1,L2025-00012-1/(붙임2) 입찰 관련 부속서류/Q-Lab_Chacala_Bidding Doc/Attachment01_Pledges/Section 9 - Pledges/Declaration of Anti_Corruption (반부패 선언서).docx,.docx,23026,81e22a438491f4d1b5a12be15e95b5278073d1be929b00b0cd4fe23da8b9d496,0,0,0,,0,0,0,0,,,,0.0,[]
2013-00064,L2025-00012-1,공사,볼리비아 고원 지역 농업 기계화 및 농민역량 강화를 통한 생산성 증대 사업 퀴노아 연구센터 차칼라 건립 공사 시공사 선정 현지 입찰,1,L2025-00012-1/(붙임2) 입찰 관련 부속서류/Q-Lab_Chacala_Bidding Doc/Section 6. Q-Lab_Chacala_Q-Lab_Technical Specification/Q-Lab_TECHNICAL SPECIFICATIONS/01 ARCHITECTURE/PAISAJISMO ESP  ING..pdf,.pdf,592415,2f9d687fb0461a5385c7c72e3babfd0d956dd23a54c013af6247c4c2011b6376,0,0,0,,0,0,0,0,,,,0.0,[]
2013-00064,L2025-00012-1,공사,볼리비아 고원 지역 농업 기계화 및 농민역량 강화를 통한 생산성 증대 사업 퀴노아 연구센터 차칼라 건립 공사 시공사 선정 현지 입찰,1,L2025-00012-1/(붙임2) 입찰 관련 부속서류/Q-Lab_Chacala_Bidding Doc/Section 6. Q-Lab_Chacala_Q-Lab_Technical Specification/Q-Lab_TECHNICAL SPECIFICATIONS/01 ARCHITECTURE/01 PLIEGO DE ESPECIFICACIONES TECNICAS es-SP.pdf,.pdf,1821773,a7ae541350326c85000319d3aae6600a7ac9322aa60a1de8d789a6ef78ae702c,0,0,0,,0,0,0,0,,,,0.0,[]
2013-00064,L2025-00012-1,공사,볼리비아 고원 지역 농업 기계화 및 농민역량 강화를 통한 생산성 증대 사업 퀴노아 연구센터 차칼라 건립 공사 시공사 선정 현지 입찰,1,L2025-00012-1/(붙임2) 입찰 관련 부속서류/Q-Lab_Chacala_Bidding Doc/Section 6. Q-Lab_Chacala_Q-Lab_Technical Specification/Q-Lab_TECHNICAL SPECIFICATIONS/01 ARCHITECTURE/ESPECIFICATION SHEETT.pdf,.pdf,1704961,c212735ef7daff5d270698660a347d61d0eaaa8509be5a8145db14ed0026e9d0,0,0,0,,0,0,0,0,,,,0.0,[]
2013-00064,L2025-00012-1,공사,볼리비아 고원 지역 농업 기계화 및 농민역량 강화를 통한 생산성 증대 사업 퀴노아 연구센터 차칼라 건립 공사 시공사 선정 현지 입찰,1,L2025-00012-1/(붙임2) 입찰 관련 부속서류/Q-Lab_Chacala_Bidding Doc/Section 6. Q-Lab_Chacala_Q-Lab_Technical Specification/Q-Lab_TECHNICAL SPECIFICATIONS/09 HIDRSANYTARI/ESPANISH.pdf,.pdf,1423182,04db992bb90c47ba65474e0215e21f159180d78a8855e5bce329ce74632c50fb,0,0,0,,0,0,0,0,,,,0.0,[]
2013-00064,L2025-00012-1,공사,볼리비아 고원 지역 농업 기계화 및 농민역량 강화를 통한 생산성 증대 사업 퀴노아 연구센터 차칼라 건립 공사 시공사 선정 현지 입찰,1,L2025-00012-1/(붙임2) 입찰 관련 부속서류/Q-Lab_Chacala_Bidding Doc/Section 6. Q-Lab_Chacala_Q-Lab_Technical Specification/Q-Lab_TECHNICAL SPECIFICATIONS/09 HIDRSANYTARI/ENGLISH.pdf,.pdf,1227152,7c673ff6b9b4963b96f583afa76ed21f6a2c2eef0a270c0424a739bfbfcdfd8f,0,0,0,,0,0,0,0,,,,0.0,[]
2013-00064,L2025-00012-1,공사,볼리비아 고원 지역 농업 기계화 및 농민역량 강화를 통한 생산성 증대 사업 퀴노아 연구센터 차칼라 건립 공사 시공사 선정 현지 입찰,1,L2025-00012-1/(붙임2) 입찰 관련 부속서류/Q-Lab_Chacala_Bidding Doc/Section 6. Q-Lab_Chacala_Q-Lab_Technical Specification/Q-Lab_TECHNICAL SPECIFICATIONS/04 ELECTRIC/EL ESPECIFICACIONES TÉCNICAS (ESP).pdf,.pdf,409139,c5ed1afe3e77d032e98f4b4da8b1ac427e816ecd9f3548eb1331910766a2b356,0,0,0,,0,0,0,0,,,,0.0,[]
2013-00064,L2025-00012-1,공사,볼리비아 고원 지역 농업 기계화 및 농민역량 강화를 통한 생산성 증대 사업 퀴노아 연구센터 차칼라 건립 공사 시공사 선정 현지 입찰,1,L2025-00012-1/(붙임2) 입찰 관련 부속서류/Q-Lab_Chacala_Bidding Doc/Section 6. Q-Lab_Chacala_Q-Lab_Technical Specification/Q-Lab_TECHNICAL SPECIFICATIONS/04 ELECTRIC/EL Specificaction Sheets (ENG).pdf,.pdf,434004,833f63da4c7a77bef4e8c5152e41d2de15095bbc06b23bc65287bb9189a846a0,0,0,0,,0,0,0,0,,,,0.0,[]
2013-00064,L2025-00012-1,공사,볼리비아 고원 지역 농업 기계화 및 농민역량 강화를 통한 생산성 증대 사업 퀴노아 연구센터 차칼라 건립 공사 시공사 선정 현지 입찰,1,L2025-00012-1/(붙임2) 입찰 관련 부속서류/Q-Lab_Chacala_Bidding Doc/Section 6. Q-Lab_Chacala_Q-Lab_Technical Specification/Q-Lab_TECHNICAL SPECIFICATIONS/05 TELECOMUNICATION/IT Specificaction Sheets (ENG).pdf,.pdf,572135,38f6a7dc5d09480dc746bce7ee3d9185a5605a9ef5a34142755e1bf49f9baa2b,0,0,0,,0,0,0,0,,,,0.0,[]
2013-00064,L2025-00012-1,공사,볼리비아 고원 지역 농업 기계화 및 농민역량 강화를 통한 생산성 증대 사업 퀴노아 연구센터 차칼라 건립 공사 시공사 선정 현지 입찰,1,L2025-00012-1/(붙임2) 입찰 관련 부속서류/Q-Lab_Chacala_Bidding Doc/Section 6. Q-Lab_Chacala_Q-Lab_Technical Specification/Q-Lab_TECHNICAL SPECIFICATIONS/05 TELECOMUNICATION/IT ESPECIFICACIONES TÉCNICAS (ESP).pdf,.pdf,633957,c28627f12a11873bb7c4b59b6f4cee3fa16e01546560e2f7883b0b307d91213d,0,0,0,,0,0,0,0,,,,0.0,[]
2013-00064,L2025-00012-1,공사,볼리비아 고원 지역 농업 기계화 및 농민역량 강화를 통한 생산성 증대 사업 퀴노아 연구센터 차칼라 건립 공사 시공사 선정 현지 입찰,1,L2025-00012-1/(붙임2) 입찰 관련 부속서류/Q-Lab_Chacala_Bidding Doc/Section 6. Q-Lab_Chacala_Q-Lab_Technical Specification/Q-Lab_TECHNICAL SPECIFICATIONS/07 FIRE PROTECTION/CI Specificaction Sheets (ENG).pdf,.pdf,350247,1365bf60a64982418cdc8a9b8b070930795d182dbe350866154eaed81e8e6659,0,0,0,,0,0,0,0,,,,0.0,[]
2013-00064,L2025-00012-1,공사,볼리비아 고원 지역 농업 기계화 및 농민역량 강화를 통한 생산성 증대 사업 퀴노아 연구센터 차칼라 건립 공사 시공사 선정 현지 입찰,1,L2025-00012-1/(붙임2) 입찰 관련 부속서류/Q-Lab_Chacala_Bidding Doc/Section 6. Q-Lab_Chacala_Q-Lab_Technical Specification/Q-Lab_TECHNICAL SPECIFICATIONS/07 FIRE PROTECTION/CI ESPECIFICACIONES TÉCNICAS (ESP).pdf,.pdf,308284,a5bddec2df0b73b6b7af22ec9d4622be18ec181bdb990f19e8e4d543902c8a2a,0,0,0,,0,0,0,0,,,,0.0,[]
2013-00064,L2025-00012-1,공사,볼리비아 고원 지역 농업 기계화 및 농민역량 강화를 통한 생산성 증대 사업 퀴노아 연구센터 차칼라 건립 공사 시공사 선정 현지 입찰,1,L2025-00012-1/(붙임2) 입찰 관련 부속서류/Q-Lab_Chacala_Bidding Doc/Section 6. Q-Lab_Chacala_Q-Lab_Technical Specification/Q-Lab_TECHNICAL SPECIFICATIONS/06 AIR CONDITIONING/CL ESPECIFICACIONES TÉCNICAS (ESP).pdf,.pdf,742353,3503ec39602c2669dec571a4d0343fb048e51419e6ac4122123fae3cce16d087,0,0,0,,0,0,0,0,,,,0.0,[]
2013-00064,L2025-00012-1,공사,볼리비아 고원 지역 농업 기계화 및 농민역량 강화를 통한 생산성 증대 사업 퀴노아 연구센터 차칼라 건립 공사 시공사 선정 현지 입찰,1,L2025-00012-1/(붙임2) 입찰 관련 부속서류/Q-Lab_Chacala_Bidding Doc/Section 6. Q-Lab_Chacala_Q-Lab_Technical Specification/Q-Lab_TECHNICAL SPECIFICATIONS/06 AIR CONDITIONING/CL Specificaction Sheets (ENG).pdf,.pdf,688151,dfeb394f6fd060f519d4c178ea5c744df9d3c50b861f60bf77580f41da6c70cf,0,0,0,,0,0,0,0,,,,0.0,[]
2013-00064,L2025-00012-1,공사,볼리비아 고원 지역 농업 기계화 및 농민역량 강화를 통한 생산성 증대 사업 퀴노아 연구센터 차칼라 건립 공사 시공사 선정 현지 입찰,1,L2025-00012-1/(붙임2) 입찰 관련 부속서류/Q-Lab_Chacala_Bidding Doc/Section 6. Q-Lab_Chacala_Q-Lab_Technical Specification/Q-Lab_TECHNICAL SPECIFICATIONS/03 METALLIC ESTRUCTURE/ET 152 CUBIERTA SELLLADA E=5CM-COVER SEALED.pdf,.pdf,530290,29f45fa7a4f00dc3eec27fa93a8b4d286efc769fbc06d2ae6b1a9fc9053faa18,0,0,0,,0,0,0,0,,,,0.0,[]
2013-00064,L2025-00012-1,공사,볼리비아 고원 지역 농업 기계화 및 농민역량 강화를 통한 생산성 증대 사업 퀴노아 연구센터 차칼라 건립 공사 시공사 선정 현지 입찰,1,L2025-00012-1/(붙임2) 입찰 관련 부속서류/Q-Lab_Chacala_Bidding Doc/Section 6. Q-Lab_Chacala_Q-Lab_Technical Specification/Q-Lab_TECHNICAL SPECIFICATIONS/03 METALLIC ESTRUCTURE/ET 150 ESTRUCTURA METALICA-STTEL STRUCTURE.pdf,.pdf,478173,3af8e6579080a81e44a65c12d3dcf553480de5f1273cbcba43eb94dcf6cb7ac4,0,0,0,,0,0,0,0,,,,0.0,[]
2013-00064,L2025-00012-1,공사,볼리비아 고원 지역 농업 기계화 및 농민역량 강화를 통한 생산성 증대 사업 퀴노아 연구센터 차칼라 건립 공사 시공사 선정 현지 입찰,1,L2025-00012-1/(붙임2) 입찰 관련 부속서류/Q-Lab_Chacala_Bidding Doc/Section 6. Q-Lab_Chacala_Q-Lab_Technical Specification/Q-Lab_TECHNICAL SPECIFICATIONS/08 FURNITURE/ESPECIFICACIONES TÉCNICAS - BLOQUE I.pdf,.pdf,799377,b31ee327d4b25b0354432641a2650c6f346da72508db7f7bfd1d12192b985711,0,0,0,,0,0,0,0,,,,0.0,[]
2013-00064,L2025-00012-1,공사,볼리비아 고원 지역 농업 기계화 및 농민역량 강화를 통한 생산성 증대 사업 퀴노아 연구센터 차칼라 건립 공사 시공사 선정 현지 입찰,1,L2025-00012-1/(붙임2) 입찰 관련 부속서류/Q-Lab_Chacala_Bidding Doc/Section 6. Q-Lab_Chacala_Q-Lab_Technical Specification/Q-Lab_TECHNICAL SPECIFICATIONS/08 FURNITURE/ESPECIFICACIONES BLOQUE B - DISEÑO DETALLADO.pdf,.pdf,1440999,d5a03f033f228dfa9a63a2d8928ef59243c41c6e0feb6c7dda8f8108418a10c2,0,0,0,,0,0,0,0,,,,0.0,[]
2013-00064,L2025-00012-1,공사,볼리비아 고원 지역 농업 기계화 및 농민역량 강화를 통한 생산성 증대 사업 퀴노아 연구센터 차칼라 건립 공사 시공사 선정 현지 입찰,1,L2025-00012-1/(붙임2) 입찰 관련 부속서류/Q-Lab_Chacala_Bidding Doc/Section 6. Q-Lab_Chacala_Q-Lab_Technical Specification/Q-Lab_TECHNICAL SPECIFICATIONS/08 FURNITURE/ESPECIFICACIONES BLOQUE C - DETAIL DESIGN.pdf,.pdf,837872,6f9b1c5c045dfc077f22be6236fb18a391816aff5d37049f620278343413545d,0,0,0,,0,0,0,0,,,,0.0,[]
2013-00064,L2025-00012-1,공사,볼리비아 고원 지역 농업 기계화 및 농민역량 강화를 통한 생산성 증대 사업 퀴노아 연구센터 차칼라 건립 공사 시공사 선정 현지 입찰,1,L2025-00012-1/(붙임2) 입찰 관련 부속서류/Q-Lab_Chacala_Bidding Doc/Section 6. Q-Lab_Chacala_Q-Lab_Technical Specification/Q-Lab_TECHNICAL SPECIFICATIONS/08 FURNITURE/ESPECIFICACIONES BLOQUE D - DETAIL DESIGN.pdf,.pdf,4895811,7019305877d1b80cb39a3902799fd02586a4034ba7fe0ecd8a61bd74ba76340e,0,0,0,,0,0,0,0,,,,0.0,[]
2013-00064,L2025-00012-1,공사,볼리비아 고원 지역 농업 기계화 및 농민역량 강화를 통한 생산성 증대 사업 퀴노아 연구센터 차칼라 건립 공사 시공사 선정 현지 입찰,1,L2025-00012-1/(붙임2) 입찰 관련 부속서류/Q-Lab_Chacala_Bidding Doc/Section 6. Q-Lab_Chacala_Q-Lab_Technical Specification/Q-Lab_TECHNICAL SPECIFICATIONS/08 FURNITURE/ESPECIFICACIONES BLOQUE L - DETAIL DESIGN.pdf,.pdf,8057283,8766241af57d229d90137bb34a06c7b6a1f7663bf4efb09bfa81498f4f91e0c6,0,0,0,,0,0,0,0,,,,0.0,[]
2013-00064,L2025-00012-1,공사,볼리비아 고원 지역 농업 기계화 및 농민역량 강화를 통한 생산성 증대 사업 퀴노아 연구센터 차칼라 건립 공사 시공사 선정 현지 입찰,1,L2025-00012-1/(붙임2) 입찰 관련 부속서류/Q-Lab_Chacala_Bidding Doc/Section 6. Q-Lab_Chacala_Q-Lab_Technical Specification/Q-Lab_TECHNICAL SPECIFICATIONS/02 ESTRUCTURE/02-Inglés/02-SPECIFIC TECHNICAL SPECIFICATION EST-HA.pdf,.pdf,384364,e54420a9a0df3be1961c3fca1f85864b005b357a8e80a9b40e08913542c7db41,0,0,0,,0,0,0,0,,,,0.0,[]
2013-00064,L2025-00012-1,공사,볼리비아 고원 지역 농업 기계화 및 농민역량 강화를 통한 생산성 증대 사업 퀴노아 연구센터 차칼라 건립 공사 시공사 선정 현지 입찰,1,L2025-00012-1/(붙임2) 입찰 관련 부속서류/Q-Lab_Chacala_Bidding Doc/Section 6. Q-Lab_Chacala_Q-Lab_Technical Specification/Q-Lab_TECHNICAL SPECIFICATIONS/02 ESTRUCTURE/02-Inglés/01-General Technical Specifications.pdf,.pdf,422809,12f82980ab04a36245aa182b4a183b78cbed388889d0942efc1e38203ad6b968,0,0,0,,0,0,0,0,,,,0.0,[]
2013-00064,L2025-00012-1,공사,볼리비아 고원 지역 농업 기계화 및 농민역량 강화를 통한 생산성 증대 사업 퀴노아 연구센터 차칼라 건립 공사 시공사 선정 현지 입찰,1,L2025-00012-1/(붙임2) 입찰 관련 부속서류/Q-Lab_Chacala_Bidding Doc/Section 6. Q-Lab_Chacala_Q-Lab_Technical Specification/Q-Lab_TECHNICAL SPECIFICATIONS/02 ESTRUCTURE/01-Español/01-Especificaciones Técnicas Generales.pdf,.pdf,474262,18061db0b729d0e12bb600fce479b0ec2e9407d0830f06e21594806796c194fa,0,0,0,,0,0,0,0,,,,0.0,[]
2013-00064,L2025-00012-2,공사,볼리비아 고원 지역 농업 기계화 및 농민역량 강화를 통한 생산성 증대 사업 퀴노아 연구센터 차칼라 건립 공사 시공사 선정 현지 입찰 재공고,1,L2025-00012-2/(붙임2) 입찰 관련 부속서류.zip,.zip,47837224,a36d670b0514f69d108ed71ff4f1e18136e76394ac8c875f951e9a30141e8cc0,0,0,0,,0,0,0,0,,,,0.0,[]
2013-00064,L2025-00012-2,공사,볼리비아 고원 지역 농업 기계화 및 농민역량 강화를 통한 생산성 증대 사업 퀴노아 연구센터 차칼라 건립 공사 시공사 선정 현지 입찰 재공고,1,L2025-00012-2/(붙임1-2) 영문입찰계획서_Q-Lab_Chacala_Bid Data Sheet (BDS)_20250502.docx,.docx,275433,d9f4a817d8bb5bd902d9392e6deddb7c47d0dea2ba433c1d61135dc32a07f765,0,0,0,,0,0,0,0,,,,0.0,[]
2013-00064,L2025-00012-2,공사,볼리비아 고원 지역 농업 기계화 및 농민역량 강화를 통한 생산성 증대 사업 퀴노아 연구센터 차칼라 건립 공사 시공사 선정 현지 입찰 재공고,1,L2025-00012-2/(붙임2) 입찰 관련 부속서류/Q-Lab_Chacala_Bidding Doc/Section 4. Q-Lab_Chacala_BOQ_blanked.zip,.zip,6318089,bbb312fa07ebbb10f4ea0081e34eb74a3022921057e6f566c67a0b0505a75650,0,0,1,,0,0,0,0,,,,0.0,[]
2013-00064,L2025-00012-2,공사,볼리비아 고원 지역 농업 기계화 및 농민역량 강화를 통한 생산성 증대 사업 퀴노아 연구센터 차칼라 건립 공사 시공사 선정 현지 입찰 재공고,1,L2025-00012-2/(붙임2) 입찰 관련 부속서류/Q-Lab_Chacala_Bidding Doc/Section 2._Q-Lab_Chacala_Bid Data Sheet (BDS)_20250502.docx,.docx,275433,d9f4a817d8bb5bd902d9392e6deddb7c47d0dea2ba433c1d61135dc32a07f765,0,0,0,,0,0,0,0,,,,0.0,[]
2013-00064,L2025-00012-2,공사,볼리비아 고원 지역 농업 기계화 및 농민역량 강화를 통한 생산성 증대 사업 퀴노아 연구센터 차칼라 건립 공사 시공사 선정 현지 입찰 재공고,1,L2025-00012-2/(붙임2) 입찰 관련 부속서류/Q-Lab_Chacala_Bidding Doc/Section 9. Q-Lab_Chacala_Contract Forms.docx,.docx,40342,8831da156a61d97c77fd6013d7f118d6e8f21039a0fad8b09829972b68153967,0,0,0,,0,0,0,0,,,,0.0,[]
2013-00064,L2025-00012-2,공사,볼리비아 고원 지역 농업 기계화 및 농민역량 강화를 통한 생산성 증대 사업 퀴노아 연구센터 차칼라 건립 공사 시공사 선정 현지 입찰 재공고,1,L2025-00012-2/(붙임2) 입찰 관련 부속서류/Q-Lab_Chacala_Bidding Doc/Section 7. Q-Lab_Chacala_General Conditions of Contract.docx,.docx,205115,a8915ac8338a1782bca27405f5a881e97682d816adc491e89bf52abeec082e15,0,0,0,,0,0,0,0,,,,0.0,[]
2013-00064,L2025-00012-2,공사,볼리비아 고원 지역 농업 기계화 및 농민역량 강화를 통한 생산성 증대 사업 퀴노아 연구센터 차칼라 건립 공사 시공사 선정 현지 입찰 재공고,1,L2025-00012-2/(붙임2) 입찰 관련 부속서류/Q-Lab_Chacala_Bidding Doc/Attachment01_Pledges.zip,.zip,69219,ae5455bbd17f4b15e12b5c6d662237b1467749b68da269a976590a4d5bc8ccd9,0,0,0,,0,0,0,0,,,,0.0,[]
2013-00064,L2025-00012-2,공사,볼리비아 고원 지역 농업 기계화 및 농민역량 강화를 통한 생산성 증대 사업 퀴노아 연구센터 차칼라 건립 공사 시공사 선정 현지 입찰 재공고,1,L2025-00012-2/(붙임2) 입찰 관련 부속서류/Q-Lab_Chacala_Bidding Doc/Attachment02_KOICA Bidding Regulations and Guidelines.zip,.zip,1740841,756daa3bcbe113f56a9cfbf9054aa7fa5f05eb83e8c1e5d475f1a9d28ed954f4,0,0,0,,0,0,0,0,,,,0.0,[]
2013-00064,L2025-00012-2,공사,볼리비아 고원 지역 농업 기계화 및 농민역량 강화를 통한 생산성 증대 사업 퀴노아 연구센터 차칼라 건립 공사 시공사 선정 현지 입찰 재공고,1,L2025-00012-2/(붙임2) 입찰 관련 부속서류/Q-Lab_Chacala_Bidding Doc/Section 8. Q-Lab_Chacala_Specail Conditions of Contract.docx,.docx,65954,8e0350eabfef096ac33ec66768eaaa13dbe4c84eb3f7c5e35010eb982817e806,0,0,0,,0,0,0,0,,,,0.0,[]
2013-00064,L2025-00012-2,공사,볼리비아 고원 지역 농업 기계화 및 농민역량 강화를 통한 생산성 증대 사업 퀴노아 연구센터 차칼라 건립 공사 시공사 선정 현지 입찰 재공고,1,L2025-00012-2/(붙임2) 입찰 관련 부속서류/Q-Lab_Chacala_Bidding Doc/Section 6. Q-Lab_Chacala_Q-Lab_Technical Specification.zip,.zip,26806734,7b8ee21beb91a9b4f9245e195ffba9595ff2c77759640a630d91477ad0878190,0,0,0,,0,0,0,0,,,,0.0,[]
2013-00064,L2025-00012-2,공사,볼리비아 고원 지역 농업 기계화 및 농민역량 강화를 통한 생산성 증대 사업 퀴노아 연구센터 차칼라 건립 공사 시공사 선정 현지 입찰 재공고,1,L2025-00012-2/(붙임2) 입찰 관련 부속서류/Q-Lab_Chacala_Bidding Doc/Section 3. Q-Lab_Chacala_Bidding Forms.docx,.docx,51086,4b488c40ce9e1c090374026a6f228c2e3ce8d299b0e2411a6584452f5ab0992c,0,0,0,,0,0,0,0,,,,0.0,[]
2013-00064,L2025-00012-2,공사,볼리비아 고원 지역 농업 기계화 및 농민역량 강화를 통한 생산성 증대 사업 퀴노아 연구센터 차칼라 건립 공사 시공사 선정 현지 입찰 재공고,1,L2025-00012-2/(붙임2) 입찰 관련 부속서류/Q-Lab_Chacala_Bidding Doc/Section 1. Q-Lab_Chacala_Instructions to Bidders (ITB).docx,.docx,36085,633227b8ec92b28ca32d0746a92f86110a6232633c03b9ac411ed91937fa9ade,0,0,0,,0,0,0,0,,,,0.0,[]
2013-00064,L2025-00012-2,공사,볼리비아 고원 지역 농업 기계화 및 농민역량 강화를 통한 생산성 증대 사업 퀴노아 연구센터 차칼라 건립 공사 시공사 선정 현지 입찰 재공고,1,L2025-00012-2/(붙임2) 입찰 관련 부속서류/Q-Lab_Chacala_Bidding Doc/Section 5. Q-Lab_Chacala_Q-Lab_DWG.zip,.zip,12315238,3f59014a7dcf95480a45ef539e6a959901a8adad13df2d9916c49de8664cefed,0,0,0,,0,0,0,0,,,,0.0,[]
2013-00064,L2025-00012-2,공사,볼리비아 고원 지역 농업 기계화 및 농민역량 강화를 통한 생산성 증대 사업 퀴노아 연구센터 차칼라 건립 공사 시공사 선정 현지 입찰 재공고,1,L2025-00012-2/(붙임2) 입찰 관련 부속서류/Q-Lab_Chacala_Bidding Doc/Section 4. Q-Lab_Chacala_BOQ_blanked/G LAND SCAPE.xls,.xls,1558528,ece87bec3c596a52b49808e23eaf8b7452691f478f3458db783f7a5925cc41dc,1,0,1,,0,0,0,0,,,,0.0,[]
2013-00064,L2025-00012-2,공사,볼리비아 고원 지역 농업 기계화 및 농민역량 강화를 통한 생산성 증대 사업 퀴노아 연구센터 차칼라 건립 공사 시공사 선정 현지 입찰 재공고,1,L2025-00012-2/(붙임2) 입찰 관련 부속서류/Q-Lab_Chacala_Bidding Doc/Section 4. Q-Lab_Chacala_BOQ_blanked/A3 EM STRUCTURE.xls,.xls,1427456,be4eb3ffac3c73f6eaf90474e2eddf0a2ffa149db63a257d36852c3adf6f913f,1,0,1,,0,0,0,0,,,,0.0,[]
2013-00064,L2025-00012-2,공사,볼리비아 고원 지역 농업 기계화 및 농민역량 강화를 통한 생산성 증대 사업 퀴노아 연구센터 차칼라 건립 공사 시공사 선정 현지 입찰 재공고,1,L2025-00012-2/(붙임2) 입찰 관련 부속서류/Q-Lab_Chacala_Bidding Doc/Section 4. Q-Lab_Chacala_BOQ_blanked/F HYDRO SANITARY SYSTEM.xlsx,.xlsx,2229362,6b11639d6fabaaa1823187ee5ba99fb4622ca894447107d8a88e8e14f09fefc9,1,0,1,,2,191,0,0,Computos Métricos Quinoa,visible,1,0.0,"[{""sheet"": ""BLOQUE H"", ""sheet_state"": ""visible"", ""header_row"": 13, ""quantity_rows"": 17, ""rate_rows"": 0, ""amount_rows"": 0, ""priced_rows"": 0, ""priced_ratio"": 0.0, ""description_columns"": ""B"", ""quantity_columns"": ""D"", ""rate_columns"": ""B;E"", ""amount_columns"": """"}, {""sheet"": ""Computos Métricos Quinoa"", ""sheet_state"": ""visible"", ""header_row"": 1, ""quantity_rows"": 191, ""rate_rows"": 0, ""amount_rows"": 0, ""priced_rows"": 0, ""priced_ratio"": 0.0, ""description_columns"": ""B"", ""quantity_columns"": ""D"", ""rate_columns"": """", ""amount_columns"": """"}]"
2013-00064,L2025-00012-2,공사,볼리비아 고원 지역 농업 기계화 및 농민역량 강화를 통한 생산성 증대 사업 퀴노아 연구센터 차칼라 건립 공사 시공사 선정 현지 입찰 재공고,1,L2025-00012-2/(붙임2) 입찰 관련 부속서류/Q-Lab_Chacala_Bidding Doc/Section 4. Q-Lab_Chacala_BOQ_blanked/A1 ARCHITECTURE CHACALA.xlsx,.xlsx,779128,73623a71fe2a23883e5a998378b9fe9efc5451758aa4e066764c5555dda545a2,1,0,1,,1,28,0,0,PPTO-8 CHACALA,visible,13,0.0,"[{""sheet"": ""PPTO-8 CHACALA"", ""sheet_state"": ""visible"", ""header_row"": 13, ""quantity_rows"": 28, ""rate_rows"": 0, ""amount_rows"": 0, ""priced_rows"": 0, ""priced_ratio"": 0.0, ""description_columns"": ""C"", ""quantity_columns"": ""F"", ""rate_columns"": """", ""amount_columns"": """"}]"
2013-00064,L2025-00012-2,공사,볼리비아 고원 지역 농업 기계화 및 농민역량 강화를 통한 생산성 증대 사업 퀴노아 연구센터 차칼라 건립 공사 시공사 선정 현지 입찰 재공고,1,L2025-00012-2/(붙임2) 입찰 관련 부속서류/Q-Lab_Chacala_Bidding Doc/Section 4. Q-Lab_Chacala_BOQ_blanked/B ELECTRIC SYSTEM.xlsx,.xlsx,109607,bc94e7a90dea8f9eecbdcfcf1792adf3d6d226fcfbf55c2e1a88c9df8fb25de3,1,0,1,,6,18,0,0,TDG-H,visible,16,0.0,"[{""sheet"": ""TDG-H"", ""sheet_state"": ""visible"", ""header_row"": 16, ""quantity_rows"": 18, ""rate_rows"": 0, ""amount_rows"": 0, ""priced_rows"": 0, ""priced_ratio"": 0.0, ""description_columns"": """", ""quantity_columns"": ""E"", ""rate_columns"": ""F"", ""amount_columns"": ""G""}, {""sheet"": ""EL-H-308"", ""sheet_state"": ""visible"", ""header_row"": 16, ""quantity_rows"": 8, ""rate_rows"": 0, ""amount_rows"": 0, ""priced_rows"": 0, ""priced_ratio"": 0.0, ""description_columns"": """", ""quantity_columns"": ""E"", ""rate_columns"": ""F"", ""amount_columns"": ""G""}, {""sheet"": ""EL-H-307"", ""sheet_state"": ""visible"", ""header_row"": 16, ""quantity_rows"": 13, ""rate_rows"": 0, ""amount_rows"": 0, ""priced_rows"": 0, ""priced_ratio"": 0.0, ""description_columns"": """", ""quantity_columns"": ""E"", ""rate_columns"": ""F"", ""amount_columns"": ""G""}, {""sheet"": ""EL-H-306"", ""sheet_state"": ""visible"", ""header_row"": 16, ""quantity_rows"": 9, ""rate_rows"": 0, ""amount_rows"": 0, ""priced_rows"": 0, ""priced_ratio"": 0.0, ""description_columns"": """", ""quantity_columns"": ""E"", ""rate_columns"": ""F"", ""amount_columns"": ""G""}, {""sheet"": ""EL-H-305"", ""sheet_state"": ""visible"", ""header_row"": 16, ""quantity_rows"": 11, ""rate_rows"": 0, ""amount_rows"": 0, ""priced_rows"": 0, ""priced_ratio"": 0.0, ""description_columns"": """", ""quantity_columns"": ""E"", ""rate_columns"": ""F"", ""amount_columns"": ""G""}, {""sheet"": ""EL-H-304"", ""sheet_state"": ""visible"", ""header_row"": 16, ""quantity_rows"": 11, ""rate_rows"": 0, ""amount_rows"": 0, ""priced_rows"": 0, ""priced_ratio"": 0.0, ""description_columns"": """", ""quantity_columns"": ""E"", ""rate_columns"": ""F"", ""amount_columns"": ""G""}]"
2013-00064,L2025-00012-2,공사,볼리비아 고원 지역 농업 기계화 및 농민역량 강화를 통한 생산성 증대 사업 퀴노아 연구센터 차칼라 건립 공사 시공사 선정 현지 입찰 재공고,1,L2025-00012-2/(붙임2) 입찰 관련 부속서류/Q-Lab_Chacala_Bidding Doc/Section 4. Q-Lab_Chacala_BOQ_blanked/A2 HA STRUCTURE.xls,.xls,1555456,335205a7ceb9965c6a3103b7052311eb56ae166668d1280f0de1e9c5d3686807,1,0,1,,0,0,0,0,,,,0.0,[]
2013-00064,L2025-00012-2,공사,볼리비아 고원 지역 농업 기계화 및 농민역량 강화를 통한 생산성 증대 사업 퀴노아 연구센터 차칼라 건립 공사 시공사 선정 현지 입찰 재공고,1,L2025-00012-2/(붙임2) 입찰 관련 부속서류/Q-Lab_Chacala_Bidding Doc/Section 5. Q-Lab_Chacala_Q-Lab_DWG/00_CHACALA_Arch.pdf,.pdf,8833442,c5b9235c22c14a6a02a119f9421ad5895b9a97c4d2185b0ebf8c3b12b9b378a9,0,0,0,,0,0,0,0,,,,0.0,[]
2013-00064,L2025-00012-2,공사,볼리비아 고원 지역 농업 기계화 및 농민역량 강화를 통한 생산성 증대 사업 퀴노아 연구센터 차칼라 건립 공사 시공사 선정 현지 입찰 재공고,1,L2025-00012-2/(붙임2) 입찰 관련 부속서류/Q-Lab_Chacala_Bidding Doc/Section 5. Q-Lab_Chacala_Q-Lab_DWG/05_SINGAGE CHACALA.pdf,.pdf,859476,485d8e1ab9c5a443455fea02da0e808e2119bf2b54ebbc77920b901d9ea350d8,0,0,0,,0,0,0,0,,,,0.0,[]
2013-00064,L2025-00012-2,공사,볼리비아 고원 지역 농업 기계화 및 농민역량 강화를 통한 생산성 증대 사업 퀴노아 연구센터 차칼라 건립 공사 시공사 선정 현지 입찰 재공고,1,L2025-00012-2/(붙임2) 입찰 관련 부속서류/Q-Lab_Chacala_Bidding Doc/Section 5. Q-Lab_Chacala_Q-Lab_DWG/04_CHACALA_SA.pdf,.pdf,340063,5fd1829bad637fc210016c4ded96ccf84430f2e7dbd2da814c1962af29a12f5b,0,0,0,,0,0,0,0,,,,0.0,[]
2013-00064,L2025-00012-2,공사,볼리비아 고원 지역 농업 기계화 및 농민역량 강화를 통한 생산성 증대 사업 퀴노아 연구센터 차칼라 건립 공사 시공사 선정 현지 입찰 재공고,1,L2025-00012-2/(붙임2) 입찰 관련 부속서류/Q-Lab_Chacala_Bidding Doc/Section 5. Q-Lab_Chacala_Q-Lab_DWG/03_CHACALA_EL.pdf,.pdf,893587,49eca2eb931e7649abdac9ec2463dec9f4e45296facc5b3d1cca857ef197ce70,0,0,0,,0,0,0,0,,,,0.0,[]
2013-00064,L2025-00012-2,공사,볼리비아 고원 지역 농업 기계화 및 농민역량 강화를 통한 생산성 증대 사업 퀴노아 연구센터 차칼라 건립 공사 시공사 선정 현지 입찰 재공고,1,L2025-00012-2/(붙임2) 입찰 관련 부속서류/Q-Lab_Chacala_Bidding Doc/Section 5. Q-Lab_Chacala_Q-Lab_DWG/02_CHACALA_MS.pdf,.pdf,887242,d28047c67a1d72e4d283ff69b6d9c6a12ff9953c6188ec8b53b77a1a0523862f,0,0,0,,0,0,0,0,,,,0.0,[]
2013-00064,L2025-00012-2,공사,볼리비아 고원 지역 농업 기계화 및 농민역량 강화를 통한 생산성 증대 사업 퀴노아 연구센터 차칼라 건립 공사 시공사 선정 현지 입찰 재공고,1,L2025-00012-2/(붙임2) 입찰 관련 부속서류/Q-Lab_Chacala_Bidding Doc/Section 5. Q-Lab_Chacala_Q-Lab_DWG/01_CHACALA_RC.pdf,.pdf,1136288,90d89870afc46bb24a03d795b1af9be46f3e6f8b9b6dde6fe6f1eb184062d114,0,0,0,,0,0,0,0,,,,0.0,[]
2013-00064,L2025-00012-2,공사,볼리비아 고원 지역 농업 기계화 및 농민역량 강화를 통한 생산성 증대 사업 퀴노아 연구센터 차칼라 건립 공사 시공사 선정 현지 입찰 재공고,1,L2025-00012-2/(붙임2) 입찰 관련 부속서류/Q-Lab_Chacala_Bidding Doc/Attachment02_KOICA Bidding Regulations and Guidelines/Attachment 1. Detailed Enforcement Rules of the Regulations for Procurement and Contract in Grant Aid Projects.pdf,.pdf,554876,23f11f2154d32db6e78fbfdafb1f52aeba37778e2dd3b78a197b4ea4c2d44892,0,0,0,,0,0,0,0,,,,0.0,[]
2013-00064,L2025-00012-2,공사,볼리비아 고원 지역 농업 기계화 및 농민역량 강화를 통한 생산성 증대 사업 퀴노아 연구센터 차칼라 건립 공사 시공사 선정 현지 입찰 재공고,1,L2025-00012-2/(붙임2) 입찰 관련 부속서류/Q-Lab_Chacala_Bidding Doc/Attachment02_KOICA Bidding Regulations and Guidelines/Attachment 5. KOICA Safety Management Manual(ENG).pdf,.pdf,378337,b60b641c002f2145d45b33a4840f5ee96569c877a3e79aaa8799ea3dff82522f,0,0,0,,0,0,0,0,,,,0.0,[]
2013-00064,L2025-00012-2,공사,볼리비아 고원 지역 농업 기계화 및 농민역량 강화를 통한 생산성 증대 사업 퀴노아 연구센터 차칼라 건립 공사 시공사 선정 현지 입찰 재공고,1,L2025-00012-2/(붙임2) 입찰 관련 부속서류/Q-Lab_Chacala_Bidding Doc/Attachment02_KOICA Bidding Regulations and Guidelines/Attachment 4. Standards of Qualification Examination for Selection of Constructor_20140403.pdf,.pdf,315288,1b27d92e7041a9d53b17342ea9a7af1277b13521256c1b62f80ef7fc093b79e8,0,0,0,,0,0,0,0,,,,0.0,[]
2013-00064,L2025-00012-2,공사,볼리비아 고원 지역 농업 기계화 및 농민역량 강화를 통한 생산성 증대 사업 퀴노아 연구센터 차칼라 건립 공사 시공사 선정 현지 입찰 재공고,1,L2025-00012-2/(붙임2) 입찰 관련 부속서류/Q-Lab_Chacala_Bidding Doc/Attachment02_KOICA Bidding Regulations and Guidelines/Attachment 6. Scope of Works.pdf,.pdf,160444,c930b2a178e9faaae62de145c3a40d20bdc7d42ba12174c180fa5c094e527b24,0,0,0,,0,0,0,0,,,,0.0,[]
2013-00064,L2025-00012-2,공사,볼리비아 고원 지역 농업 기계화 및 농민역량 강화를 통한 생산성 증대 사업 퀴노아 연구센터 차칼라 건립 공사 시공사 선정 현지 입찰 재공고,1,L2025-00012-2/(붙임2) 입찰 관련 부속서류/Q-Lab_Chacala_Bidding Doc/Attachment02_KOICA Bidding Regulations and Guidelines/Attachment 3. Regulations for Procurement and Contract in Grant Aid Projects_20190520.pdf,.pdf,157627,bcc6062e083bacf0c4b014b08f7566dde8d7c56ad7f791e30c25a04e71aee5ec,0,0,0,,0,0,0,0,,,,0.0,[]
2013-00064,L2025-00012-2,공사,볼리비아 고원 지역 농업 기계화 및 농민역량 강화를 통한 생산성 증대 사업 퀴노아 연구센터 차칼라 건립 공사 시공사 선정 현지 입찰 재공고,1,L2025-00012-2/(붙임2) 입찰 관련 부속서류/Q-Lab_Chacala_Bidding Doc/Attachment02_KOICA Bidding Regulations and Guidelines/Attachment 2. KOICA Regulations for International Procurement_20190304.pdf,.pdf,375625,a9706e28e1564ba06a6ac833994e7d323b6b5eba68271f1ce70a46a8bd93a7b8,0,0,0,,0,0,0,0,,,,0.0,[]
2013-00064,L2025-00012-2,공사,볼리비아 고원 지역 농업 기계화 및 농민역량 강화를 통한 생산성 증대 사업 퀴노아 연구센터 차칼라 건립 공사 시공사 선정 현지 입찰 재공고,1,L2025-00012-2/(붙임2) 입찰 관련 부속서류/Q-Lab_Chacala_Bidding Doc/Attachment01_Pledges/Section 9 - Pledges/Integrity Pledge (청렴계약서).docx,.docx,36507,bbf88b1bc23c5ed931639e65f36d47df7d7fbdb8447562024b0cf9f04ec6d6b6,0,0,0,,0,0,0,0,,,,0.0,[]
2013-00064,L2025-00012-2,공사,볼리비아 고원 지역 농업 기계화 및 농민역량 강화를 통한 생산성 증대 사업 퀴노아 연구센터 차칼라 건립 공사 시공사 선정 현지 입찰 재공고,1,L2025-00012-2/(붙임2) 입찰 관련 부속서류/Q-Lab_Chacala_Bidding Doc/Attachment01_Pledges/Section 9 - Pledges/Fair Contract Pledge Letter (공정계약 서약서).docx,.docx,18756,379cc784a159e5c15ba0045a32dd793d03827ad46a1e4a966b9810ad99102277,0,0,0,,0,0,0,0,,,,0.0,[]
2013-00064,L2025-00012-2,공사,볼리비아 고원 지역 농업 기계화 및 농민역량 강화를 통한 생산성 증대 사업 퀴노아 연구센터 차칼라 건립 공사 시공사 선정 현지 입찰 재공고,1,L2025-00012-2/(붙임2) 입찰 관련 부속서류/Q-Lab_Chacala_Bidding Doc/Attachment01_Pledges/Section 9 - Pledges/Declaration of Anti_Corruption (반부패 선언서).docx,.docx,23026,81e22a438491f4d1b5a12be15e95b5278073d1be929b00b0cd4fe23da8b9d496,0,0,0,,0,0,0,0,,,,0.0,[]
2013-00064,L2025-00012-2,공사,볼리비아 고원 지역 농업 기계화 및 농민역량 강화를 통한 생산성 증대 사업 퀴노아 연구센터 차칼라 건립 공사 시공사 선정 현지 입찰 재공고,1,L2025-00012-2/(붙임2) 입찰 관련 부속서류/Q-Lab_Chacala_Bidding Doc/Section 6. Q-Lab_Chacala_Q-Lab_Technical Specification/Q-Lab_TECHNICAL SPECIFICATIONS/01 ARCHITECTURE/PAISAJISMO ESP  ING..pdf,.pdf,592415,2f9d687fb0461a5385c7c72e3babfd0d956dd23a54c013af6247c4c2011b6376,0,0,0,,0,0,0,0,,,,0.0,[]
2013-00064,L2025-00012-2,공사,볼리비아 고원 지역 농업 기계화 및 농민역량 강화를 통한 생산성 증대 사업 퀴노아 연구센터 차칼라 건립 공사 시공사 선정 현지 입찰 재공고,1,L2025-00012-2/(붙임2) 입찰 관련 부속서류/Q-Lab_Chacala_Bidding Doc/Section 6. Q-Lab_Chacala_Q-Lab_Technical Specification/Q-Lab_TECHNICAL SPECIFICATIONS/01 ARCHITECTURE/01 PLIEGO DE ESPECIFICACIONES TECNICAS es-SP.pdf,.pdf,1821773,a7ae541350326c85000319d3aae6600a7ac9322aa60a1de8d789a6ef78ae702c,0,0,0,,0,0,0,0,,,,0.0,[]
2013-00064,L2025-00012-2,공사,볼리비아 고원 지역 농업 기계화 및 농민역량 강화를 통한 생산성 증대 사업 퀴노아 연구센터 차칼라 건립 공사 시공사 선정 현지 입찰 재공고,1,L2025-00012-2/(붙임2) 입찰 관련 부속서류/Q-Lab_Chacala_Bidding Doc/Section 6. Q-Lab_Chacala_Q-Lab_Technical Specification/Q-Lab_TECHNICAL SPECIFICATIONS/01 ARCHITECTURE/ESPECIFICATION SHEETT.pdf,.pdf,1704961,c212735ef7daff5d270698660a347d61d0eaaa8509be5a8145db14ed0026e9d0,0,0,0,,0,0,0,0,,,,0.0,[]
2013-00064,L2025-00012-2,공사,볼리비아 고원 지역 농업 기계화 및 농민역량 강화를 통한 생산성 증대 사업 퀴노아 연구센터 차칼라 건립 공사 시공사 선정 현지 입찰 재공고,1,L2025-00012-2/(붙임2) 입찰 관련 부속서류/Q-Lab_Chacala_Bidding Doc/Section 6. Q-Lab_Chacala_Q-Lab_Technical Specification/Q-Lab_TECHNICAL SPECIFICATIONS/09 HIDRSANYTARI/ESPANISH.pdf,.pdf,1423182,04db992bb90c47ba65474e0215e21f159180d78a8855e5bce329ce74632c50fb,0,0,0,,0,0,0,0,,,,0.0,[]
2013-00064,L2025-00012-2,공사,볼리비아 고원 지역 농업 기계화 및 농민역량 강화를 통한 생산성 증대 사업 퀴노아 연구센터 차칼라 건립 공사 시공사 선정 현지 입찰 재공고,1,L2025-00012-2/(붙임2) 입찰 관련 부속서류/Q-Lab_Chacala_Bidding Doc/Section 6. Q-Lab_Chacala_Q-Lab_Technical Specification/Q-Lab_TECHNICAL SPECIFICATIONS/09 HIDRSANYTARI/ENGLISH.pdf,.pdf,1227152,7c673ff6b9b4963b96f583afa76ed21f6a2c2eef0a270c0424a739bfbfcdfd8f,0,0,0,,0,0,0,0,,,,0.0,[]
2013-00064,L2025-00012-2,공사,볼리비아 고원 지역 농업 기계화 및 농민역량 강화를 통한 생산성 증대 사업 퀴노아 연구센터 차칼라 건립 공사 시공사 선정 현지 입찰 재공고,1,L2025-00012-2/(붙임2) 입찰 관련 부속서류/Q-Lab_Chacala_Bidding Doc/Section 6. Q-Lab_Chacala_Q-Lab_Technical Specification/Q-Lab_TECHNICAL SPECIFICATIONS/04 ELECTRIC/EL ESPECIFICACIONES TÉCNICAS (ESP).pdf,.pdf,409139,c5ed1afe3e77d032e98f4b4da8b1ac427e816ecd9f3548eb1331910766a2b356,0,0,0,,0,0,0,0,,,,0.0,[]
2013-00064,L2025-00012-2,공사,볼리비아 고원 지역 농업 기계화 및 농민역량 강화를 통한 생산성 증대 사업 퀴노아 연구센터 차칼라 건립 공사 시공사 선정 현지 입찰 재공고,1,L2025-00012-2/(붙임2) 입찰 관련 부속서류/Q-Lab_Chacala_Bidding Doc/Section 6. Q-Lab_Chacala_Q-Lab_Technical Specification/Q-Lab_TECHNICAL SPECIFICATIONS/04 ELECTRIC/EL Specificaction Sheets (ENG).pdf,.pdf,434004,833f63da4c7a77bef4e8c5152e41d2de15095bbc06b23bc65287bb9189a846a0,0,0,0,,0,0,0,0,,,,0.0,[]
2013-00064,L2025-00012-2,공사,볼리비아 고원 지역 농업 기계화 및 농민역량 강화를 통한 생산성 증대 사업 퀴노아 연구센터 차칼라 건립 공사 시공사 선정 현지 입찰 재공고,1,L2025-00012-2/(붙임2) 입찰 관련 부속서류/Q-Lab_Chacala_Bidding Doc/Section 6. Q-Lab_Chacala_Q-Lab_Technical Specification/Q-Lab_TECHNICAL SPECIFICATIONS/05 TELECOMUNICATION/IT Specificaction Sheets (ENG).pdf,.pdf,572135,38f6a7dc5d09480dc746bce7ee3d9185a5605a9ef5a34142755e1bf49f9baa2b,0,0,0,,0,0,0,0,,,,0.0,[]
2013-00064,L2025-00012-2,공사,볼리비아 고원 지역 농업 기계화 및 농민역량 강화를 통한 생산성 증대 사업 퀴노아 연구센터 차칼라 건립 공사 시공사 선정 현지 입찰 재공고,1,L2025-00012-2/(붙임2) 입찰 관련 부속서류/Q-Lab_Chacala_Bidding Doc/Section 6. Q-Lab_Chacala_Q-Lab_Technical Specification/Q-Lab_TECHNICAL SPECIFICATIONS/05 TELECOMUNICATION/IT ESPECIFICACIONES TÉCNICAS (ESP).pdf,.pdf,633957,c28627f12a11873bb7c4b59b6f4cee3fa16e01546560e2f7883b0b307d91213d,0,0,0,,0,0,0,0,,,,0.0,[]
2013-00064,L2025-00012-2,공사,볼리비아 고원 지역 농업 기계화 및 농민역량 강화를 통한 생산성 증대 사업 퀴노아 연구센터 차칼라 건립 공사 시공사 선정 현지 입찰 재공고,1,L2025-00012-2/(붙임2) 입찰 관련 부속서류/Q-Lab_Chacala_Bidding Doc/Section 6. Q-Lab_Chacala_Q-Lab_Technical Specification/Q-Lab_TECHNICAL SPECIFICATIONS/07 FIRE PROTECTION/CI Specificaction Sheets (ENG).pdf,.pdf,350247,1365bf60a64982418cdc8a9b8b070930795d182dbe350866154eaed81e8e6659,0,0,0,,0,0,0,0,,,,0.0,[]
2013-00064,L2025-00012-2,공사,볼리비아 고원 지역 농업 기계화 및 농민역량 강화를 통한 생산성 증대 사업 퀴노아 연구센터 차칼라 건립 공사 시공사 선정 현지 입찰 재공고,1,L2025-00012-2/(붙임2) 입찰 관련 부속서류/Q-Lab_Chacala_Bidding Doc/Section 6. Q-Lab_Chacala_Q-Lab_Technical Specification/Q-Lab_TECHNICAL SPECIFICATIONS/07 FIRE PROTECTION/CI ESPECIFICACIONES TÉCNICAS (ESP).pdf,.pdf,308284,a5bddec2df0b73b6b7af22ec9d4622be18ec181bdb990f19e8e4d543902c8a2a,0,0,0,,0,0,0,0,,,,0.0,[]
2013-00064,L2025-00012-2,공사,볼리비아 고원 지역 농업 기계화 및 농민역량 강화를 통한 생산성 증대 사업 퀴노아 연구센터 차칼라 건립 공사 시공사 선정 현지 입찰 재공고,1,L2025-00012-2/(붙임2) 입찰 관련 부속서류/Q-Lab_Chacala_Bidding Doc/Section 6. Q-Lab_Chacala_Q-Lab_Technical Specification/Q-Lab_TECHNICAL SPECIFICATIONS/06 AIR CONDITIONING/CL ESPECIFICACIONES TÉCNICAS (ESP).pdf,.pdf,742353,3503ec39602c2669dec571a4d0343fb048e51419e6ac4122123fae3cce16d087,0,0,0,,0,0,0,0,,,,0.0,[]
2013-00064,L2025-00012-2,공사,볼리비아 고원 지역 농업 기계화 및 농민역량 강화를 통한 생산성 증대 사업 퀴노아 연구센터 차칼라 건립 공사 시공사 선정 현지 입찰 재공고,1,L2025-00012-2/(붙임2) 입찰 관련 부속서류/Q-Lab_Chacala_Bidding Doc/Section 6. Q-Lab_Chacala_Q-Lab_Technical Specification/Q-Lab_TECHNICAL SPECIFICATIONS/06 AIR CONDITIONING/CL Specificaction Sheets (ENG).pdf,.pdf,688151,dfeb394f6fd060f519d4c178ea5c744df9d3c50b861f60bf77580f41da6c70cf,0,0,0,,0,0,0,0,,,,0.0,[]
2013-00064,L2025-00012-2,공사,볼리비아 고원 지역 농업 기계화 및 농민역량 강화를 통한 생산성 증대 사업 퀴노아 연구센터 차칼라 건립 공사 시공사 선정 현지 입찰 재공고,1,L2025-00012-2/(붙임2) 입찰 관련 부속서류/Q-Lab_Chacala_Bidding Doc/Section 6. Q-Lab_Chacala_Q-Lab_Technical Specification/Q-Lab_TECHNICAL SPECIFICATIONS/03 METALLIC ESTRUCTURE/ET 152 CUBIERTA SELLLADA E=5CM-COVER SEALED.pdf,.pdf,530290,29f45fa7a4f00dc3eec27fa93a8b4d286efc769fbc06d2ae6b1a9fc9053faa18,0,0,0,,0,0,0,0,,,,0.0,[]
2013-00064,L2025-00012-2,공사,볼리비아 고원 지역 농업 기계화 및 농민역량 강화를 통한 생산성 증대 사업 퀴노아 연구센터 차칼라 건립 공사 시공사 선정 현지 입찰 재공고,1,L2025-00012-2/(붙임2) 입찰 관련 부속서류/Q-Lab_Chacala_Bidding Doc/Section 6. Q-Lab_Chacala_Q-Lab_Technical Specification/Q-Lab_TECHNICAL SPECIFICATIONS/03 METALLIC ESTRUCTURE/ET 150 ESTRUCTURA METALICA-STTEL STRUCTURE.pdf,.pdf,478173,3af8e6579080a81e44a65c12d3dcf553480de5f1273cbcba43eb94dcf6cb7ac4,0,0,0,,0,0,0,0,,,,0.0,[]
2013-00064,L2025-00012-2,공사,볼리비아 고원 지역 농업 기계화 및 농민역량 강화를 통한 생산성 증대 사업 퀴노아 연구센터 차칼라 건립 공사 시공사 선정 현지 입찰 재공고,1,L2025-00012-2/(붙임2) 입찰 관련 부속서류/Q-Lab_Chacala_Bidding Doc/Section 6. Q-Lab_Chacala_Q-Lab_Technical Specification/Q-Lab_TECHNICAL SPECIFICATIONS/08 FURNITURE/ESPECIFICACIONES TÉCNICAS - BLOQUE I.pdf,.pdf,799377,b31ee327d4b25b0354432641a2650c6f346da72508db7f7bfd1d12192b985711,0,0,0,,0,0,0,0,,,,0.0,[]
2013-00064,L2025-00012-2,공사,볼리비아 고원 지역 농업 기계화 및 농민역량 강화를 통한 생산성 증대 사업 퀴노아 연구센터 차칼라 건립 공사 시공사 선정 현지 입찰 재공고,1,L2025-00012-2/(붙임2) 입찰 관련 부속서류/Q-Lab_Chacala_Bidding Doc/Section 6. Q-Lab_Chacala_Q-Lab_Technical Specification/Q-Lab_TECHNICAL SPECIFICATIONS/08 FURNITURE/ESPECIFICACIONES BLOQUE B - DISEÑO DETALLADO.pdf,.pdf,1440999,d5a03f033f228dfa9a63a2d8928ef59243c41c6e0feb6c7dda8f8108418a10c2,0,0,0,,0,0,0,0,,,,0.0,[]
2013-00064,L2025-00012-2,공사,볼리비아 고원 지역 농업 기계화 및 농민역량 강화를 통한 생산성 증대 사업 퀴노아 연구센터 차칼라 건립 공사 시공사 선정 현지 입찰 재공고,1,L2025-00012-2/(붙임2) 입찰 관련 부속서류/Q-Lab_Chacala_Bidding Doc/Section 6. Q-Lab_Chacala_Q-Lab_Technical Specification/Q-Lab_TECHNICAL SPECIFICATIONS/08 FURNITURE/ESPECIFICACIONES BLOQUE C - DETAIL DESIGN.pdf,.pdf,837872,6f9b1c5c045dfc077f22be6236fb18a391816aff5d37049f620278343413545d,0,0,0,,0,0,0,0,,,,0.0,[]
2013-00064,L2025-00012-2,공사,볼리비아 고원 지역 농업 기계화 및 농민역량 강화를 통한 생산성 증대 사업 퀴노아 연구센터 차칼라 건립 공사 시공사 선정 현지 입찰 재공고,1,L2025-00012-2/(붙임2) 입찰 관련 부속서류/Q-Lab_Chacala_Bidding Doc/Section 6. Q-Lab_Chacala_Q-Lab_Technical Specification/Q-Lab_TECHNICAL SPECIFICATIONS/08 FURNITURE/ESPECIFICACIONES BLOQUE D - DETAIL DESIGN.pdf,.pdf,4895811,7019305877d1b80cb39a3902799fd02586a4034ba7fe0ecd8a61bd74ba76340e,0,0,0,,0,0,0,0,,,,0.0,[]
2013-00064,L2025-00012-2,공사,볼리비아 고원 지역 농업 기계화 및 농민역량 강화를 통한 생산성 증대 사업 퀴노아 연구센터 차칼라 건립 공사 시공사 선정 현지 입찰 재공고,1,L2025-00012-2/(붙임2) 입찰 관련 부속서류/Q-Lab_Chacala_Bidding Doc/Section 6. Q-Lab_Chacala_Q-Lab_Technical Specification/Q-Lab_TECHNICAL SPECIFICATIONS/08 FURNITURE/ESPECIFICACIONES BLOQUE L - DETAIL DESIGN.pdf,.pdf,8057283,8766241af57d229d90137bb34a06c7b6a1f7663bf4efb09bfa81498f4f91e0c6,0,0,0,,0,0,0,0,,,,0.0,[]
2013-00064,L2025-00012-2,공사,볼리비아 고원 지역 농업 기계화 및 농민역량 강화를 통한 생산성 증대 사업 퀴노아 연구센터 차칼라 건립 공사 시공사 선정 현지 입찰 재공고,1,L2025-00012-2/(붙임2) 입찰 관련 부속서류/Q-Lab_Chacala_Bidding Doc/Section 6. Q-Lab_Chacala_Q-Lab_Technical Specification/Q-Lab_TECHNICAL SPECIFICATIONS/02 ESTRUCTURE/02-Inglés/02-SPECIFIC TECHNICAL SPECIFICATION EST-HA.pdf,.pdf,384364,e54420a9a0df3be1961c3fca1f85864b005b357a8e80a9b40e08913542c7db41,0,0,0,,0,0,0,0,,,,0.0,[]
2013-00064,L2025-00012-2,공사,볼리비아 고원 지역 농업 기계화 및 농민역량 강화를 통한 생산성 증대 사업 퀴노아 연구센터 차칼라 건립 공사 시공사 선정 현지 입찰 재공고,1,L2025-00012-2/(붙임2) 입찰 관련 부속서류/Q-Lab_Chacala_Bidding Doc/Section 6. Q-Lab_Chacala_Q-Lab_Technical Specification/Q-Lab_TECHNICAL SPECIFICATIONS/02 ESTRUCTURE/02-Inglés/01-General Technical Specifications.pdf,.pdf,422809,12f82980ab04a36245aa182b4a183b78cbed388889d0942efc1e38203ad6b968,0,0,0,,0,0,0,0,,,,0.0,[]
2013-00064,L2025-00012-2,공사,볼리비아 고원 지역 농업 기계화 및 농민역량 강화를 통한 생산성 증대 사업 퀴노아 연구센터 차칼라 건립 공사 시공사 선정 현지 입찰 재공고,1,L2025-00012-2/(붙임2) 입찰 관련 부속서류/Q-Lab_Chacala_Bidding Doc/Section 6. Q-Lab_Chacala_Q-Lab_Technical Specification/Q-Lab_TECHNICAL SPECIFICATIONS/02 ESTRUCTURE/01-Español/01-Especificaciones Técnicas Generales.pdf,.pdf,474262,18061db0b729d0e12bb600fce479b0ec2e9407d0830f06e21594806796c194fa,0,0,0,,0,0,0,0,,,,0.0,[]
2022-00038,L2023-00070-1,용역,볼리비아 라파스 주 임상병리검사실 체계 강화사업 현지 설계입찰,0,L2023-00070-1/1-1. (본부확인본) (입찰설명서) 라파즈주임상병리검사실 설계용역 입찰설명ᄉ.hwp,.hwp,1297920,bb440e2c844557d465a5c6b8397857f24c8b92abc5b0f50f78ef5c96a3588c3f,0,0,0,,0,0,0,0,,,,0.0,[]
2022-00038,L2023-00070-1,용역,볼리비아 라파스 주 임상병리검사실 체계 강화사업 현지 설계입찰,0,L2023-00070-1/3. (관련규정) KOICA Regulations.zip,.zip,1729598,80228d7d5f85ed824b1c12e5f6004f9e40362af75c8fd73621f0aad67fb86b7a,0,0,0,,0,0,0,0,,,,0.0,[]
2022-00038,L2023-00070-1,용역,볼리비아 라파스 주 임상병리검사실 체계 강화사업 현지 설계입찰,0,L2023-00070-1/(볼리비아) 라파스 주 임상병리검사실 체계 강화사업(2022-2026_700만불) 현지 설계사 선정 ᄋ.hwp,.hwp,163840,a4bd980e62de971fe9a7fc2d1b546fb585d2c5b7a6569b8922cac9a74e4d0a7d,0,0,0,,0,0,0,0,,,,0.0,[]
2022-00038,L2023-00070-1,용역,볼리비아 라파스 주 임상병리검사실 체계 강화사업 현지 설계입찰,0,L2023-00070-1/2. (입찰서류-영문) LDRL-설계입찰.zip,.zip,2100832,c7722c3178d6ce9357937d379ae99c3682237d0964274d6e56488ea37c06348e,0,0,0,,0,0,0,0,,,,0.0,[]
2022-00038,L2023-00070-1,용역,볼리비아 라파스 주 임상병리검사실 체계 강화사업 현지 설계입찰,0,L2023-00070-1/1-2. (클린버전) (입찰설명서) 라파즈주임상병리검사실 설계용역 입찰설명서.hwp,.hwp,1288704,a1ed131bb36caa618c89cf3d59652c6a936f2c6e7603e115a5a8070e56e16587,0,0,0,,0,0,0,0,,,,0.0,[]
2022-00038,L2023-00070-1,용역,볼리비아 라파스 주 임상병리검사실 체계 강화사업 현지 설계입찰,0,L2023-00070-1/3. (관련규정) KOICA Regulations/5. Standard of Prequalification Criteria.pdf,.pdf,473791,4ce2f45e4108dcaacea2f9b35c920ec77c6ce7db055d11f4137ce2581f90cff0,0,0,0,,0,0,0,0,,,,0.0,[]
2022-00038,L2023-00070-1,용역,볼리비아 라파스 주 임상병리검사실 체계 강화사업 현지 설계입찰,0,L2023-00070-1/3. (관련규정) KOICA Regulations/4. Regulations for Procurement and Contract in Grant Aid Projects.pdf,.pdf,157627,bcc6062e083bacf0c4b014b08f7566dde8d7c56ad7f791e30c25a04e71aee5ec,0,0,0,,0,0,0,0,,,,0.0,[]
2022-00038,L2023-00070-1,용역,볼리비아 라파스 주 임상병리검사실 체계 강화사업 현지 설계입찰,0,L2023-00070-1/3. (관련규정) KOICA Regulations/3. KOICA Regulations for International Procurement.pdf,.pdf,375625,a9706e28e1564ba06a6ac833994e7d323b6b5eba68271f1ce70a46a8bd93a7b8,0,0,0,,0,0,0,0,,,,0.0,[]
2022-00038,L2023-00070-1,용역,볼리비아 라파스 주 임상병리검사실 체계 강화사업 현지 설계입찰,0,L2023-00070-1/3. (관련규정) KOICA Regulations/1. Detailed Enforcement Rules of the Regulations for Procurement and Contract in Grant Aid Projects.pdf,.pdf,554876,23f11f2154d32db6e78fbfdafb1f52aeba37778e2dd3b78a197b4ea4c2d44892,0,0,0,,0,0,0,0,,,,0.0,[]
2022-00038,L2023-00070-1,용역,볼리비아 라파스 주 임상병리검사실 체계 강화사업 현지 설계입찰,0,L2023-00070-1/3. (관련규정) KOICA Regulations/2. Guidelines for Technical Evaluation.pdf,.pdf,416852,5f61aa2d6d0a5a8e5112eb2bfc3afc5f9a4e31a1328154452eb19e5484072dd0,0,0,0,,0,0,0,0,,,,0.0,[]
2022-00038,L2023-00070-1,용역,볼리비아 라파스 주 임상병리검사실 체계 강화사업 현지 설계입찰,0,L2023-00070-1/2. (입찰서류-영문) LDRL-설계입찰/2. (입찰서류-영문) LDRL-설계입찰/Integrity Pledge (청렴계약서).docx,.docx,36805,a652cd653478a9e7b0d8c37e7b963d6784f9711b6dab1ac887854293590df3f1,0,0,0,,0,0,0,0,,,,0.0,[]
2022-00038,L2023-00070-1,용역,볼리비아 라파스 주 임상병리검사실 체계 강화사업 현지 설계입찰,0,L2023-00070-1/2. (입찰서류-영문) LDRL-설계입찰/2. (입찰서류-영문) LDRL-설계입찰/5. General Conditions of Contract_LDRL.docx,.docx,27738,c03afd1dd297fdc48e64e2679185bef93ab729d3394e319386aa22572e8c1c32,0,0,0,,0,0,0,0,,,,0.0,[]
2022-00038,L2023-00070-1,용역,볼리비아 라파스 주 임상병리검사실 체계 강화사업 현지 설계입찰,0,L2023-00070-1/2. (입찰서류-영문) LDRL-설계입찰/2. (입찰서류-영문) LDRL-설계입찰/4. Terms of Reference (TOR)_LDRL_수정.docx,.docx,1842273,ab2a0e78f7d50944a2ca49e9017eb32f6431cf80b111046b4183e4e800cfb1e8,0,0,0,,0,0,0,0,,,,0.0,[]
2022-00038,L2023-00070-1,용역,볼리비아 라파스 주 임상병리검사실 체계 강화사업 현지 설계입찰,0,L2023-00070-1/2. (입찰서류-영문) LDRL-설계입찰/2. (입찰서류-영문) LDRL-설계입찰/6. Special Conditions of Contract_LDRL.docx,.docx,18918,0a639c602125143e7ebd1ef42642f787a023537f2d61012c0510886ed1c1e489,0,0,0,,0,0,0,0,,,,0.0,[]
2022-00038,L2023-00070-1,용역,볼리비아 라파스 주 임상병리검사실 체계 강화사업 현지 설계입찰,0,L2023-00070-1/2. (입찰서류-영문) LDRL-설계입찰/2. (입찰서류-영문) LDRL-설계입찰/Fair Contract Pledge Letter (공정계약 서약서).docx,.docx,15332,b86142edc91f25f6963b0e279a039c54ae36ad5381ab958b5315e27a4756f42a,0,0,0,,0,0,0,0,,,,0.0,[]
2022-00038,L2023-00070-1,용역,볼리비아 라파스 주 임상병리검사실 체계 강화사업 현지 설계입찰,0,L2023-00070-1/2. (입찰서류-영문) LDRL-설계입찰/2. (입찰서류-영문) LDRL-설계입찰/2. Bid Data Sheet (BDS)_LDRL_수정.docx,.docx,43167,1516a6cac43b297943c20234c5d715b3853af772b289ef533f4772266f3b0cdb,0,0,0,,0,0,0,0,,,,0.0,[]
2022-00038,L2023-00070-1,용역,볼리비아 라파스 주 임상병리검사실 체계 강화사업 현지 설계입찰,0,L2023-00070-1/2. (입찰서류-영문) LDRL-설계입찰/2. (입찰서류-영문) LDRL-설계입찰/Declaration of Anti_Corruption (반부패 선언서).docx,.docx,22643,799964300f5ec7d2abb2fca623b7cab2a8195a91faea589307d42c547ab25c01,0,0,0,,0,0,0,0,,,,0.0,[]
2022-00038,L2023-00070-1,용역,볼리비아 라파스 주 임상병리검사실 체계 강화사업 현지 설계입찰,0,L2023-00070-1/2. (입찰서류-영문) LDRL-설계입찰/2. (입찰서류-영문) LDRL-설계입찰/1. Instructions to Bidders (ITB)_LDRL.docx,.docx,35165,90beb9cb67b41fedc8b6e4b4ad1c32cd7da6056059328b12a78eafbdf83f3f2c,0,0,0,,0,0,0,0,,,,0.0,[]
2022-00038,L2023-00070-1,용역,볼리비아 라파스 주 임상병리검사실 체계 강화사업 현지 설계입찰,0,"L2023-00070-1/2. (입찰서류-영문) LDRL-설계입찰/2. (입찰서류-영문) LDRL-설계입찰/0. Cover, Table of Contents_LDRL_수정.docx",.docx,19508,31b47f79a195ddad3c4b2b8fcf583ea6683156132bf87bfebfe3060913325a1e,0,0,0,,0,0,0,0,,,,0.0,[]
2022-00038,L2023-00070-1,용역,볼리비아 라파스 주 임상병리검사실 체계 강화사업 현지 설계입찰,0,L2023-00070-1/2. (입찰서류-영문) LDRL-설계입찰/2. (입찰서류-영문) LDRL-설계입찰/3. Bidding Forms_LDRL.docx,.docx,44245,f74c3d9fc1e054b35e133fe490249ef68a2126fa10a2e5af852dea3f013e429b,0,0,0,,0,0,0,0,,,,0.0,[]
2022-00038,L2023-00070-1,용역,볼리비아 라파스 주 임상병리검사실 체계 강화사업 현지 설계입찰,0,L2023-00070-1/2. (입찰서류-영문) LDRL-설계입찰/2. (입찰서류-영문) LDRL-설계입찰/7. Contract Forms_LDRL_수정.docx,.docx,22968,22f71564c4b60d610db7bd7dc19250ec25c0fdf7aa8c84f87d88e100e362ac14,0,0,0,,0,0,0,0,,,,0.0,[]
2022-00038,L2023-00070-2,용역,볼리비아 라파스 주 임상병리검사실 체계 강화사업 현지 설계입찰,0,L2023-00070-2/붙임3. (입찰서류-영문) LDRL-설계입찰_1029.zip,.zip,2116652,4167448df6fba78e0404f02383057fbbe4001e92a9a3379300cc2e66ea2535ec,0,0,0,,0,0,0,0,,,,0.0,[]
2022-00038,L2023-00070-2,용역,볼리비아 라파스 주 임상병리검사실 체계 강화사업 현지 설계입찰,0,L2023-00070-2/붙임2. 재공고 입찰계획안_231029.hwp,.hwp,1275392,b2cfa9c9a39c4412187ac7e932269e115643cd82bebf3cf42f46238dded9b564,0,0,0,,0,0,0,0,,,,0.0,[]
2022-00038,L2023-00070-2,용역,볼리비아 라파스 주 임상병리검사실 체계 강화사업 현지 설계입찰,0,L2023-00070-2/(볼리비아) 라파스 주 임상병리검사실 체계 강화사업(2022-2026_700만불) 현지 설계입찰 유ᄎ.hwp,.hwp,163840,8ea8410294dc9e82fbf79c7a78e27a61e4f8e03ecfb3556759822261893b56b7,0,0,0,,0,0,0,0,,,,0.0,[]
2022-00038,L2023-00070-2,용역,볼리비아 라파스 주 임상병리검사실 체계 강화사업 현지 설계입찰,0,L2023-00070-2/붙임4. (관련규정) KOICA Regulations.zip,.zip,1729598,80228d7d5f85ed824b1c12e5f6004f9e40362af75c8fd73621f0aad67fb86b7a,0,0,0,,0,0,0,0,,,,0.0,[]
2022-00038,L2023-00070-2,용역,볼리비아 라파스 주 임상병리검사실 체계 강화사업 현지 설계입찰,0,L2023-00070-2/붙임1. 라파스 주 임상병리 검사실 설계 입찰 결과(유찰) 보고.hwp,.hwp,33280,b63fc28faabaeb412f9436608f46e5227fbeef7fd345b3fc2781f201bbae99c3,0,0,0,,0,0,0,0,,,,0.0,[]
2022-00038,L2023-00070-2,용역,볼리비아 라파스 주 임상병리검사실 체계 강화사업 현지 설계입찰,0,L2023-00070-2/붙임4. (관련규정) KOICA Regulations/5. Standard of Prequalification Criteria.pdf,.pdf,473791,4ce2f45e4108dcaacea2f9b35c920ec77c6ce7db055d11f4137ce2581f90cff0,0,0,0,,0,0,0,0,,,,0.0,[]
2022-00038,L2023-00070-2,용역,볼리비아 라파스 주 임상병리검사실 체계 강화사업 현지 설계입찰,0,L2023-00070-2/붙임4. (관련규정) KOICA Regulations/4. Regulations for Procurement and Contract in Grant Aid Projects.pdf,.pdf,157627,bcc6062e083bacf0c4b014b08f7566dde8d7c56ad7f791e30c25a04e71aee5ec,0,0,0,,0,0,0,0,,,,0.0,[]
2022-00038,L2023-00070-2,용역,볼리비아 라파스 주 임상병리검사실 체계 강화사업 현지 설계입찰,0,L2023-00070-2/붙임4. (관련규정) KOICA Regulations/3. KOICA Regulations for International Procurement.pdf,.pdf,375625,a9706e28e1564ba06a6ac833994e7d323b6b5eba68271f1ce70a46a8bd93a7b8,0,0,0,,0,0,0,0,,,,0.0,[]
2022-00038,L2023-00070-2,용역,볼리비아 라파스 주 임상병리검사실 체계 강화사업 현지 설계입찰,0,L2023-00070-2/붙임4. (관련규정) KOICA Regulations/1. Detailed Enforcement Rules of the Regulations for Procurement and Contract in Grant Aid Projects.pdf,.pdf,554876,23f11f2154d32db6e78fbfdafb1f52aeba37778e2dd3b78a197b4ea4c2d44892,0,0,0,,0,0,0,0,,,,0.0,[]
2022-00038,L2023-00070-2,용역,볼리비아 라파스 주 임상병리검사실 체계 강화사업 현지 설계입찰,0,L2023-00070-2/붙임4. (관련규정) KOICA Regulations/2. Guidelines for Technical Evaluation.pdf,.pdf,416852,5f61aa2d6d0a5a8e5112eb2bfc3afc5f9a4e31a1328154452eb19e5484072dd0,0,0,0,,0,0,0,0,,,,0.0,[]
2022-00038,L2023-00070-2,용역,볼리비아 라파스 주 임상병리검사실 체계 강화사업 현지 설계입찰,0,L2023-00070-2/붙임3. (입찰서류-영문) LDRL-설계입찰_1029/2. (└╘┬√╝¡╖∙-┐╡╣«) LDRL-╝│░Φ└╘┬√_1029/4. Terms of Reference (TOR)_LDRL_╝÷┴ñ.docx,.docx,1842273,ab2a0e78f7d50944a2ca49e9017eb32f6431cf80b111046b4183e4e800cfb1e8,0,0,0,,0,0,0,0,,,,0.0,[]
2022-00038,L2023-00070-2,용역,볼리비아 라파스 주 임상병리검사실 체계 강화사업 현지 설계입찰,0,L2023-00070-2/붙임3. (입찰서류-영문) LDRL-설계입찰_1029/2. (└╘┬√╝¡╖∙-┐╡╣«) LDRL-╝│░Φ└╘┬√_1029/5. General Conditions of Contract_LDRL.docx,.docx,27738,c03afd1dd297fdc48e64e2679185bef93ab729d3394e319386aa22572e8c1c32,0,0,0,,0,0,0,0,,,,0.0,[]
2022-00038,L2023-00070-2,용역,볼리비아 라파스 주 임상병리검사실 체계 강화사업 현지 설계입찰,0,L2023-00070-2/붙임3. (입찰서류-영문) LDRL-설계입찰_1029/2. (└╘┬√╝¡╖∙-┐╡╣«) LDRL-╝│░Φ└╘┬√_1029/Declaration of Anti_Corruption (╣▌║╬╞╨ ╝▒╛≡╝¡).docx,.docx,22643,799964300f5ec7d2abb2fca623b7cab2a8195a91faea589307d42c547ab25c01,0,0,0,,0,0,0,0,,,,0.0,[]
2022-00038,L2023-00070-2,용역,볼리비아 라파스 주 임상병리검사실 체계 강화사업 현지 설계입찰,0,L2023-00070-2/붙임3. (입찰서류-영문) LDRL-설계입찰_1029/2. (└╘┬√╝¡╖∙-┐╡╣«) LDRL-╝│░Φ└╘┬√_1029/Fair Contract Pledge Letter (░°┴ñ░Φ╛α ╝¡╛α╝¡).docx,.docx,15332,b86142edc91f25f6963b0e279a039c54ae36ad5381ab958b5315e27a4756f42a,0,0,0,,0,0,0,0,,,,0.0,[]
2022-00038,L2023-00070-2,용역,볼리비아 라파스 주 임상병리검사실 체계 강화사업 현지 설계입찰,0,L2023-00070-2/붙임3. (입찰서류-영문) LDRL-설계입찰_1029/2. (└╘┬√╝¡╖∙-┐╡╣«) LDRL-╝│░Φ└╘┬√_1029/6. Special Conditions of Contract_LDRL.docx,.docx,18918,0a639c602125143e7ebd1ef42642f787a023537f2d61012c0510886ed1c1e489,0,0,0,,0,0,0,0,,,,0.0,[]
2022-00038,L2023-00070-2,용역,볼리비아 라파스 주 임상병리검사실 체계 강화사업 현지 설계입찰,0,L2023-00070-2/붙임3. (입찰서류-영문) LDRL-설계입찰_1029/2. (└╘┬√╝¡╖∙-┐╡╣«) LDRL-╝│░Φ└╘┬√_1029/Integrity Pledge (├╗╖┼░Φ╛α╝¡).docx,.docx,36805,a652cd653478a9e7b0d8c37e7b963d6784f9711b6dab1ac887854293590df3f1,0,0,0,,0,0,0,0,,,,0.0,[]
2022-00038,L2023-00070-2,용역,볼리비아 라파스 주 임상병리검사실 체계 강화사업 현지 설계입찰,0,L2023-00070-2/붙임3. (입찰서류-영문) LDRL-설계입찰_1029/2. (└╘┬√╝¡╖∙-┐╡╣«) LDRL-╝│░Φ└╘┬√_1029/2. Bid Data Sheet (BDS)_LDRL_╝÷┴ñ_1029.docx,.docx,66996,5ccdee989d81b88582bd0891e42fa50aaf18fc6cea22b4f42e794d122e0f9e70,0,0,0,,0,0,0,0,,,,0.0,[]
2022-00038,L2023-00070-2,용역,볼리비아 라파스 주 임상병리검사실 체계 강화사업 현지 설계입찰,0,L2023-00070-2/붙임3. (입찰서류-영문) LDRL-설계입찰_1029/2. (└╘┬√╝¡╖∙-┐╡╣«) LDRL-╝│░Φ└╘┬√_1029/1. Instructions to Bidders (ITB)_LDRL_1029.docx,.docx,35165,90beb9cb67b41fedc8b6e4b4ad1c32cd7da6056059328b12a78eafbdf83f3f2c,0,0,0,,0,0,0,0,,,,0.0,[]
2022-00038,L2023-00070-2,용역,볼리비아 라파스 주 임상병리검사실 체계 강화사업 현지 설계입찰,0,L2023-00070-2/붙임3. (입찰서류-영문) LDRL-설계입찰_1029/2. (└╘┬√╝¡╖∙-┐╡╣«) LDRL-╝│░Φ└╘┬√_1029/7. Contract Forms_LDRL_╝÷┴ñ.docx,.docx,22968,22f71564c4b60d610db7bd7dc19250ec25c0fdf7aa8c84f87d88e100e362ac14,0,0,0,,0,0,0,0,,,,0.0,[]
2022-00038,L2023-00070-2,용역,볼리비아 라파스 주 임상병리검사실 체계 강화사업 현지 설계입찰,0,"L2023-00070-2/붙임3. (입찰서류-영문) LDRL-설계입찰_1029/2. (└╘┬√╝¡╖∙-┐╡╣«) LDRL-╝│░Φ└╘┬√_1029/0. Cover, Table of Contents_LDRL_╝÷┴ñ.docx",.docx,12804,5c93fbe9f12a82365a3d925a761c82c1ee8846f5a196df736de4451b01d81323,0,0,0,,0,0,0,0,,,,0.0,[]
2022-00038,L2023-00070-2,용역,볼리비아 라파스 주 임상병리검사실 체계 강화사업 현지 설계입찰,0,L2023-00070-2/붙임3. (입찰서류-영문) LDRL-설계입찰_1029/2. (└╘┬√╝¡╖∙-┐╡╣«) LDRL-╝│░Φ└╘┬√_1029/3. Bidding Forms_LDRL.docx,.docx,44245,f74c3d9fc1e054b35e133fe490249ef68a2126fa10a2e5af852dea3f013e429b,0,0,0,,0,0,0,0,,,,0.0,[]
2023-00004,L2025-00078-1,용역,볼리비아 엘알또 모성보건센터 신축/증축/보수 공사 설계사 선정,0,L2025-00078-1/1. 일간지 공고내역.pdf,.pdf,1411733,22fabfe274420bd9429629909a3e805d8044b2486f5dff854e88ac22ff1bfa25,0,0,0,,0,0,0,0,,,,0.0,[]
2023-00004,L2025-00078-1,용역,볼리비아 엘알또 모성보건센터 신축/증축/보수 공사 설계사 선정,0,L2025-00078-1/2. (BDS)영문 입찰계획서.docx,.docx,68663,313f3a5ce58e8378ea6fdad5525df55153a827f64083805cfe74436263582b2e,0,0,0,,0,0,0,0,,,,0.0,[]
2023-00004,L2025-00078-1,용역,볼리비아 엘알또 모성보건센터 신축/증축/보수 공사 설계사 선정,0,L2025-00078-1/1. 국문 입찰계획서.hwp,.hwp,162304,afd8313639898577af27556a795292c2793fd22ccab676b51a78d3cb27ff10da,0,0,0,,0,0,0,0,,,,0.0,[]
2024-00006,L2025-00068-1,용역,볼리비아 추키사카 과학수사연구소 신축공사 설계사 선정 입찰,0,L2025-00068-1/입찰결과.pdf,.pdf,55019,9130b1d4d093fd93b1932b816a530a565650f68b1484821e7602c21d590b9966,0,0,0,,0,0,0,0,,,,0.0,[]
2024-00006,L2025-00068-1,용역,볼리비아 추키사카 과학수사연구소 신축공사 설계사 선정 입찰,0,L2025-00068-1/최종 평가(총괄표).xlsx,.xlsx,25110,ce8e431d8490b127b8bc4b7fde14279115a36382c8ddbc5e4eed83c02bf94ac3,0,0,0,,0,0,0,0,,,,0.0,[]
2024-00006,L2025-00068-1,용역,볼리비아 추키사카 과학수사연구소 신축공사 설계사 선정 입찰,0,L2025-00068-1/letter of Oath.pdf,.pdf,2971318,255005096cda8010cd081e0b5dc8b9bde337d2bdd1b2c2e513de3d5e51435763,0,0,0,,0,0,0,0,,,,0.0,[]
2024-00006,L2025-00068-1,용역,볼리비아 추키사카 과학수사연구소 신축공사 설계사 선정 입찰,0,L2025-00068-1/Contact History Declaration.pdf,.pdf,1798414,6ae3d4a042ef1a4e0a999dd8feddc1e7ff08142d627fa07a5f08cc89597b72a2,0,0,0,,0,0,0,0,,,,0.0,[]
2022-00003,L2025-00106-1,용역,세네갈 실험실 리모델링 사업 Control Office 계약,1,L2025-00106-1/실험실 Control office_최종.zip,.zip,96742,1f3ffa686a0e55259eca3419f37599c4f2435894a4a6adf078d143672bc3d54d,0,0,0,,0,0,0,0,,,,0.0,[]
2022-00003,L2025-00106-1,용역,세네갈 실험실 리모델링 사업 Control Office 계약,1,L2025-00106-1/실험실 Control office_최종/Control office_최종/RFP for Controll office_CM_clean.docx,.docx,28942,f235b1cd5b98f8ce8037d4ba0b1a966c5387320d344715d39da3d9650638b6ea,0,0,0,,0,0,0,0,,,,0.0,[]
2022-00003,L2025-00106-1,용역,세네갈 실험실 리모델링 사업 Control Office 계약,1,L2025-00106-1/실험실 Control office_최종/Control office_최종/ITB to Bid for Controll office_CM.docx,.docx,25274,c4d903243c0293a03569221fc457031243abd039496008615bf757063923a49c,0,0,0,,0,0,0,0,,,,0.0,[]
2022-00003,L2025-00106-1,용역,세네갈 실험실 리모델링 사업 Control Office 계약,1,L2025-00106-1/실험실 Control office_최종/Control office_최종/Annex_2_Undertaking_of_Payment_and_Integrity_Pledge_control_CM.docx,.docx,24339,59b8a19524d8e184d4cadf9601ca5bb9d1b48a5551b448c1ac3550138ebc961d,0,0,0,,0,0,0,0,,,,0.0,[]
2022-00003,L2025-00106-1,용역,세네갈 실험실 리모델링 사업 Control Office 계약,1,L2025-00106-1/실험실 Control office_최종/Control office_최종/Annex 1. Contract of Control Office for LNSP_CM.docx,.docx,29657,7e27f421435d045a19a0bd1d5d6b5efe3647ec6417df9a3e6f55574c7ea92001,0,0,0,,0,0,0,0,,,,0.0,[]
2020-00048,L2024-00062-1,공사,세네갈 미곡가치사슬 역량강화 2차사업 미곡종합처리장(RPC)/농기계서비스센터 건축 시공사 선정 현지입찰,1,L2024-00062-1/1. 현지입찰 계획서(세네갈 미곡2차 시공)_최종.hwp,.hwp,5017600,621f9d57ec360d0605c6b87a279efc99b24426bbe132eea8a9d349b524e1b87a,0,0,0,,0,0,0,0,,,,0.0,[]
2020-00048,L2025-00021-1,용역,세네갈 미곡가치사슬 2차사업 미곡종합처리장(RPC)/농기계 서비스센터 건축시공 감리용역 입찰,0,L2025-00021-1/1. (세네갈) 입찰 요약본 (Summary of Bidding) (요약본).docx,.docx,22680,5d307ac611583af5b44087977eb70b4783fe2929f73cbd97e136713a9db52114,0,0,0,,0,0,0,0,,,,0.0,[]
2020-00048,L2025-00021-1,용역,세네갈 미곡가치사슬 2차사업 미곡종합처리장(RPC)/농기계 서비스센터 건축시공 감리용역 입찰,0,L2025-00021-1/2. (세네갈) 입찰서류 일체.zip,.zip,1594413,61c0179874ec0a2ace12431c192eb719bf495c68545ce5ef34db22e0522f2b32,0,0,0,,0,0,0,0,,,,0.0,[]
2020-00048,L2025-00021-1,용역,세네갈 미곡가치사슬 2차사업 미곡종합처리장(RPC)/농기계 서비스센터 건축시공 감리용역 입찰,0,L2025-00021-1/3. (세네갈) 입찰계획서 Bid Data Sheet(국문)_미곡2 건축감리.hwp,.hwp,5106176,2618c3981e514394fc62262ecb7bef944dd9d271c2dda559ad79a50fdc43bf38,0,0,0,,0,0,0,0,,,,0.0,[]
2020-00048,L2025-00021-1,용역,세네갈 미곡가치사슬 2차사업 미곡종합처리장(RPC)/농기계 서비스센터 건축시공 감리용역 입찰,0,L2025-00021-1/2. (세네갈) 입찰서류 일체/2. (세네갈) 입찰서류 일체/Section 9 - Contract Forms.docx,.docx,22992,aae21e0364d411b003ec863f9587fb5bd419cae961c5c76762dcf0190ad3ff86,0,0,0,,0,0,0,0,,,,0.0,[]
2020-00048,L2025-00021-1,용역,세네갈 미곡가치사슬 2차사업 미곡종합처리장(RPC)/농기계 서비스센터 건축시공 감리용역 입찰,0,L2025-00021-1/2. (세네갈) 입찰서류 일체/2. (세네갈) 입찰서류 일체/Section 7 - General Conditions of Contract.docx,.docx,34911,83d7fcabe51ad328fb7329da081d4f921110e5e42367cc1598173d635bbc979e,0,0,0,,0,0,0,0,,,,0.0,[]
2020-00048,L2025-00021-1,용역,세네갈 미곡가치사슬 2차사업 미곡종합처리장(RPC)/농기계 서비스센터 건축시공 감리용역 입찰,0,L2025-00021-1/2. (세네갈) 입찰서류 일체/2. (세네갈) 입찰서류 일체/Section 3 - Bidding Forms_수정.docx,.docx,60170,af78166fc8656f60cd1420e578f70d322290bda457113e999ae837aeba7cfff6,0,0,0,,0,0,0,0,,,,0.0,[]
2020-00048,L2025-00021-1,용역,세네갈 미곡가치사슬 2차사업 미곡종합처리장(RPC)/농기계 서비스센터 건축시공 감리용역 입찰,0,L2025-00021-1/2. (세네갈) 입찰서류 일체/2. (세네갈) 입찰서류 일체/Section 1 - Instructions to Bidders (ITB) - 수정(241115).zip,.zip,346740,8a8b90a22c4b407dbca52583d9577715903556d090e4d70030676bd6d3c0e605,0,0,0,,0,0,0,0,,,,0.0,[]
2020-00048,L2025-00021-1,용역,세네갈 미곡가치사슬 2차사업 미곡종합처리장(RPC)/농기계 서비스센터 건축시공 감리용역 입찰,0,L2025-00021-1/2. (세네갈) 입찰서류 일체/2. (세네갈) 입찰서류 일체/Power of Attorney for the authority to sign and execute contracts (계약서 서명권한 위임장).docx,.docx,18759,ccfa30711d9124ace57f312b9b89267731c2844285ca78c55df13f43969cd647,0,0,0,,0,0,0,0,,,,0.0,[]
2020-00048,L2025-00021-1,용역,세네갈 미곡가치사슬 2차사업 미곡종합처리장(RPC)/농기계 서비스센터 건축시공 감리용역 입찰,0,L2025-00021-1/2. (세네갈) 입찰서류 일체/2. (세네갈) 입찰서류 일체/Section 8 - Specail Conditions of Contract.docx,.docx,25735,951c2d255ef262165cfff144d7c962a3895e873a1af01869b7956aaa014fa39f,0,0,0,,0,0,0,0,,,,0.0,[]
2020-00048,L2025-00021-1,용역,세네갈 미곡가치사슬 2차사업 미곡종합처리장(RPC)/농기계 서비스센터 건축시공 감리용역 입찰,0,L2025-00021-1/2. (세네갈) 입찰서류 일체/2. (세네갈) 입찰서류 일체/Section 9 - Pledges.zip,.zip,69143,c68e53944a8f0afc1892995c1597fc45de6bfe319f29975a6981e05379561cfa,0,0,0,,0,0,0,0,,,,0.0,[]
2020-00048,L2025-00021-1,용역,세네갈 미곡가치사슬 2차사업 미곡종합처리장(RPC)/농기계 서비스센터 건축시공 감리용역 입찰,0,L2025-00021-1/2. (세네갈) 입찰서류 일체/2. (세네갈) 입찰서류 일체/Section x - 계약서.hwp,.hwp,53248,10854d9e57da31c5f296a74dad7cba61bf457d5727c3e2d5da7281b8d9f5ed20,0,0,0,,0,0,0,0,,,,0.0,[]
2020-00048,L2025-00021-1,용역,세네갈 미곡가치사슬 2차사업 미곡종합처리장(RPC)/농기계 서비스센터 건축시공 감리용역 입찰,0,L2025-00021-1/2. (세네갈) 입찰서류 일체/2. (세네갈) 입찰서류 일체/Section 2 - Bid Data Sheet (BDS)_최종수정(250321).docx,.docx,991351,6180c75648e72785cdb5d82b4cd3dc65b2729d0ba1d61b52c4388bfb6d17c3dc,0,0,0,,0,0,0,0,,,,0.0,[]
2020-00048,L2025-00021-1,용역,세네갈 미곡가치사슬 2차사업 미곡종합처리장(RPC)/농기계 서비스센터 건축시공 감리용역 입찰,0,L2025-00021-1/2. (세네갈) 입찰서류 일체/2. (세네갈) 입찰서류 일체/Section 1 - Instructions to Bidders (ITB) - 수정(241115)/Section 1 - Instructions to Bidders (ITB)_수정.pdf,.pdf,161688,7e9661f6ad25fcd805a17cbbe963b7ca109bca52bca4ea9a49409df119cc19ed,0,0,0,,0,0,0,0,,,,0.0,[]
2020-00048,L2025-00021-1,용역,세네갈 미곡가치사슬 2차사업 미곡종합처리장(RPC)/농기계 서비스센터 건축시공 감리용역 입찰,0,L2025-00021-1/2. (세네갈) 입찰서류 일체/2. (세네갈) 입찰서류 일체/Section 1 - Instructions to Bidders (ITB) - 수정(241115)/Section 1 - Instructions to Bidders (ITB)_수정.hwp,.hwp,168448,6285377d2383ad3c4727290929b289b40b5d2a7e3941d9766e1723672f167a6f,0,0,0,,0,0,0,0,,,,0.0,[]
2020-00048,L2025-00021-1,용역,세네갈 미곡가치사슬 2차사업 미곡종합처리장(RPC)/농기계 서비스센터 건축시공 감리용역 입찰,0,L2025-00021-1/2. (세네갈) 입찰서류 일체/2. (세네갈) 입찰서류 일체/Section 1 - Instructions to Bidders (ITB) - 수정(241115)/Section 1 - 국제입찰유의서 (ITB).hwp,.hwp,92672,fe8f8948abe9b6e4e05c3ce8e00a4b9cd2aa9b9a8b9dac0bc6ca94b3d564748b,0,0,0,,0,0,0,0,,,,0.0,[]
2020-00048,L2025-00021-1,용역,세네갈 미곡가치사슬 2차사업 미곡종합처리장(RPC)/농기계 서비스센터 건축시공 감리용역 입찰,0,L2025-00021-1/2. (세네갈) 입찰서류 일체/2. (세네갈) 입찰서류 일체/Section 9 - Pledges/Integrity Pledge (청렴계약서).docx,.docx,36507,bbf88b1bc23c5ed931639e65f36d47df7d7fbdb8447562024b0cf9f04ec6d6b6,0,0,0,,0,0,0,0,,,,0.0,[]
2020-00048,L2025-00021-1,용역,세네갈 미곡가치사슬 2차사업 미곡종합처리장(RPC)/농기계 서비스센터 건축시공 감리용역 입찰,0,L2025-00021-1/2. (세네갈) 입찰서류 일체/2. (세네갈) 입찰서류 일체/Section 9 - Pledges/Fair Contract Pledge Letter (공정계약 서약서).docx,.docx,18756,379cc784a159e5c15ba0045a32dd793d03827ad46a1e4a966b9810ad99102277,0,0,0,,0,0,0,0,,,,0.0,[]
2020-00048,L2025-00021-1,용역,세네갈 미곡가치사슬 2차사업 미곡종합처리장(RPC)/농기계 서비스센터 건축시공 감리용역 입찰,0,L2025-00021-1/2. (세네갈) 입찰서류 일체/2. (세네갈) 입찰서류 일체/Section 9 - Pledges/Declaration of Anti_Corruption (반부패 선언서).docx,.docx,23026,81e22a438491f4d1b5a12be15e95b5278073d1be929b00b0cd4fe23da8b9d496,0,0,0,,0,0,0,0,,,,0.0,[]
2025-00099,L2025-00108-1,용역,알제리 실험실 설계감리 용역,0,L2025-00108-1/2025 11월 입찰공고.pdf,.pdf,4734567,732bf01e88490b4528d2e01eeee9283d6d4980911d11738688521bb09a76ca91,0,0,0,,0,0,0,0,,,,0.0,[]
2020-00086,L2022-00003-1,용역,우즈베키스탄 우르겐치 직업훈련원 및 직업훈련제도 역량공고화 지원사업 설계 및 감리업체 선정,0,L2022-00003-1/코이카사무소_우르겐치직훈원 입찰공고문(홈페이지게시).pdf,.pdf,175280,37e55022a1a2028326e6a75f0d0e9aa2c80828b19eb06245446a76fa01cc159f,0,0,0,,0,0,0,0,,,,0.0,[]
2020-00086,L2022-00003-1,용역,우즈베키스탄 우르겐치 직업훈련원 및 직업훈련제도 역량공고화 지원사업 설계 및 감리업체 선정,0,L2022-00003-1/KOICA URGENCH BID DOCUMENTS-FINAL(FINAL).zip,.zip,42485685,962bd8e7613960d22ee4b22d587d20a20a973e3a7308b3ed33899a7c7d16bc29,0,0,0,,0,0,0,0,,,,0.0,[]
2020-00086,L2022-00003-1,용역,우즈베키스탄 우르겐치 직업훈련원 및 직업훈련제도 역량공고화 지원사업 설계 및 감리업체 선정,0,L2022-00003-1/KOICA URGENCH BID DOCUMENTS-FINAL(FINAL)/Attachment 9. Technical Proposal  Reference Data.pdf,.pdf,27134005,2049177111a02d08de6c19e63a1971221f07e6eb0c574c39baf304cc52361240,0,0,0,,0,0,0,0,,,,0.0,[]
2020-00086,L2022-00003-1,용역,우즈베키스탄 우르겐치 직업훈련원 및 직업훈련제도 역량공고화 지원사업 설계 및 감리업체 선정,0,L2022-00003-1/KOICA URGENCH BID DOCUMENTS-FINAL(FINAL)/Form 8. ODA_Declaration of Anti_Corruption.docx,.docx,22687,e25b71d90ca6be7c7b9a4f72f2c228c4d17b50d75b153f786655c37d5d1aedc6,0,0,0,,0,0,0,0,,,,0.0,[]
2020-00086,L2022-00003-1,용역,우즈베키스탄 우르겐치 직업훈련원 및 직업훈련제도 역량공고화 지원사업 설계 및 감리업체 선정,0,L2022-00003-1/KOICA URGENCH BID DOCUMENTS-FINAL(FINAL)/Attachment 3. Guideline of Supervision Services.docx,.docx,23763,68f738276060ddbb388837b6a9837a5f7ee8e1272bc0995bb729025ad9e518e6,0,0,0,,0,0,0,0,,,,0.0,[]
2020-00086,L2022-00003-1,용역,우즈베키스탄 우르겐치 직업훈련원 및 직업훈련제도 역량공고화 지원사업 설계 및 감리업체 선정,0,L2022-00003-1/KOICA URGENCH BID DOCUMENTS-FINAL(FINAL)/Attachment 5. Instructions on International Bidding.rtf,.rtf,223346,b6054513897a12e126588275f2b77705e07b80660c94e937df842c246e1269ff,0,0,0,,0,0,0,0,,,,0.0,[]
2020-00086,L2022-00003-1,용역,우즈베키스탄 우르겐치 직업훈련원 및 직업훈련제도 역량공고화 지원사업 설계 및 감리업체 선정,0,L2022-00003-1/KOICA URGENCH BID DOCUMENTS-FINAL(FINAL)/Attachment 6. Selection of Successful Bidder.docx,.docx,51533,6377d726e8acb03dc37f0f5d2e17b6c2a00374b4c15e4ce62301ec395f5e8a23,0,0,0,,0,0,0,0,,,,0.0,[]
2020-00086,L2022-00003-1,용역,우즈베키스탄 우르겐치 직업훈련원 및 직업훈련제도 역량공고화 지원사업 설계 및 감리업체 선정,0,L2022-00003-1/KOICA URGENCH BID DOCUMENTS-FINAL(FINAL)/Form 12. Integrity Pledge Sheet.docx,.docx,35943,41a40a8a6c94ebe4d1c105247e3c55542b2bfddeda65136795492d9be18b4ec5,0,0,0,,0,0,0,0,,,,0.0,[]
2020-00086,L2022-00003-1,용역,우즈베키스탄 우르겐치 직업훈련원 및 직업훈련제도 역량공고화 지원사업 설계 및 감리업체 선정,0,L2022-00003-1/KOICA URGENCH BID DOCUMENTS-FINAL(FINAL)/Attachment 2. Scope of Services.docx,.docx,16833359,13f3adb51490c2f94a727516bd4a8a690f403ae58473ca0d0b60aad9abd9580e,0,0,0,,0,0,0,0,,,,0.0,[]
2020-00086,L2022-00003-1,용역,우즈베키스탄 우르겐치 직업훈련원 및 직업훈련제도 역량공고화 지원사업 설계 및 감리업체 선정,0,L2022-00003-1/KOICA URGENCH BID DOCUMENTS-FINAL(FINAL)/Attachment 8. Technical Evaluation Guideline.docx,.docx,30614,ee8a6b98930d02c3a32055300b512fda6f20acc81ba269a9fda1ac9fc39b6b79,0,0,0,,0,0,0,0,,,,0.0,[]
2020-00086,L2022-00003-1,용역,우즈베키스탄 우르겐치 직업훈련원 및 직업훈련제도 역량공고화 지원사업 설계 및 감리업체 선정,0,L2022-00003-1/KOICA URGENCH BID DOCUMENTS-FINAL(FINAL)/Form 3. Evaluation Table for Technical Proposal.docx,.docx,17246,6fa36706f77425c86d9a62f54f51c7e0a4408b14ab193ffd1b55b8eb6bd1b9be,0,0,0,,0,0,0,0,,,,0.0,[]
2020-00086,L2022-00003-1,용역,우즈베키스탄 우르겐치 직업훈련원 및 직업훈련제도 역량공고화 지원사업 설계 및 감리업체 선정,0,L2022-00003-1/KOICA URGENCH BID DOCUMENTS-FINAL(FINAL)/Attachment 1. KOICA_BID Announcement.docx,.docx,28458,236397e83ec1dd6af439222bf0224d7f251a925980986602b135d20e4f12d2f6,0,0,0,,0,0,0,0,,,,0.0,[]
2020-00086,L2022-00003-1,용역,우즈베키스탄 우르겐치 직업훈련원 및 직업훈련제도 역량공고화 지원사업 설계 및 감리업체 선정,0,L2022-00003-1/KOICA URGENCH BID DOCUMENTS-FINAL(FINAL)/Form 9. Contract Data.docx,.docx,25667,4c721c6a4326279697072712a9d2b3687844a040c0fa75ebef9c13f04c72008b,0,0,0,,0,0,0,0,,,,0.0,[]
2020-00086,L2022-00003-1,용역,우즈베키스탄 우르겐치 직업훈련원 및 직업훈련제도 역량공고화 지원사업 설계 및 감리업체 선정,0,L2022-00003-1/KOICA URGENCH BID DOCUMENTS-FINAL(FINAL)/Attachment 4. RFP.doc,.doc,246784,c66b71289827664094f1031299760c4de6ddcccd7d773e6e0c7829e4c7a4628f,0,0,0,,0,0,0,0,,,,0.0,[]
2020-00086,L2022-00003-1,용역,우즈베키스탄 우르겐치 직업훈련원 및 직업훈련제도 역량공고화 지원사업 설계 및 감리업체 선정,0,L2022-00003-1/KOICA URGENCH BID DOCUMENTS-FINAL(FINAL)/Form 1. Letter of Interest.docx,.docx,16446,3647d92930b5bcf6ad730c1c615b2093994acc2dcded8aa8e945baaf85dcdf50,0,0,0,,0,0,0,0,,,,0.0,[]
2020-00086,L2022-00003-1,용역,우즈베키스탄 우르겐치 직업훈련원 및 직업훈련제도 역량공고화 지원사업 설계 및 감리업체 선정,0,L2022-00003-1/KOICA URGENCH BID DOCUMENTS-FINAL(FINAL)/Form 7. Form of Security(Bid_Performance_Maintenance).docx,.docx,26527,4cb868434d0c7828acc2cb352d6671b8828f3db93ce66900af3294223dac7727,0,0,0,,0,0,0,0,,,,0.0,[]
2020-00086,L2022-00003-1,용역,우즈베키스탄 우르겐치 직업훈련원 및 직업훈련제도 역량공고화 지원사업 설계 및 감리업체 선정,0,L2022-00003-1/KOICA URGENCH BID DOCUMENTS-FINAL(FINAL)/Attachment 7. Conditions of Contract(GCC SCC).rtf,.rtf,223497,32c252014e321a543cb8a49ce0fa40ee1fac01ce68a0de3444e2c1d50655a0b0,0,0,0,,0,0,0,0,,,,0.0,[]
2020-00086,L2022-00003-1,용역,우즈베키스탄 우르겐치 직업훈련원 및 직업훈련제도 역량공고화 지원사업 설계 및 감리업체 선정,0,L2022-00003-1/KOICA URGENCH BID DOCUMENTS-FINAL(FINAL)/Form 6. Form of Price Proposal.doc,.doc,57856,16cea52c1391befb24bd11db230867821c9f0afef4c9f8fb9cb3cbcb90ce0816,0,0,0,,0,0,0,0,,,,0.0,[]
2020-00086,L2022-00003-1,용역,우즈베키스탄 우르겐치 직업훈련원 및 직업훈련제도 역량공고화 지원사업 설계 및 감리업체 선정,0,L2022-00003-1/KOICA URGENCH BID DOCUMENTS-FINAL(FINAL)/Form 2. Certified Copy Confirmation.docx,.docx,13078,bbd29b9c08746ae98f17feeac754a52674209f58aa57707159943250cecac26c,0,0,0,,0,0,0,0,,,,0.0,[]
2020-00086,L2022-00003-1,용역,우즈베키스탄 우르겐치 직업훈련원 및 직업훈련제도 역량공고화 지원사업 설계 및 감리업체 선정,0,L2022-00003-1/KOICA URGENCH BID DOCUMENTS-FINAL(FINAL)/Form 11._Summary of Price Proposal for Design and Supervision.doc,.doc,98816,5bc64936528c9fc99724bc181289e5f2de02c49c1595a7a01d2f3ac1aba02104,0,0,0,,0,0,0,0,,,,0.0,[]
2020-00086,L2022-00003-1,용역,우즈베키스탄 우르겐치 직업훈련원 및 직업훈련제도 역량공고화 지원사업 설계 및 감리업체 선정,0,L2022-00003-1/KOICA URGENCH BID DOCUMENTS-FINAL(FINAL)/Form 4.. Contract Agreement for Design and Construction Supervision).docx,.docx,22838,bb59a6f56dcb4a121fc00ee27cf000fcf4eca371ffc052e756c9d909b90aaaf6,0,0,0,,0,0,0,0,,,,0.0,[]
2020-00086,L2022-00003-1,용역,우즈베키스탄 우르겐치 직업훈련원 및 직업훈련제도 역량공고화 지원사업 설계 및 감리업체 선정,0,L2022-00003-1/KOICA URGENCH BID DOCUMENTS-FINAL(FINAL)/Form 10. Bid Data Sheet_.docx,.docx,31040,2307b2561cc96f6c1b655f503a6ee21f254db549ad8186449f69f88c1f93ba83,0,0,0,,0,0,0,0,,,,0.0,[]
2020-00086,L2022-00003-1,용역,우즈베키스탄 우르겐치 직업훈련원 및 직업훈련제도 역량공고화 지원사업 설계 및 감리업체 선정,0,L2022-00003-1/KOICA URGENCH BID DOCUMENTS-FINAL(FINAL)/Form 5. Form of Technical Proposal.doc,.doc,188928,e419a757f6c3b4c42723103d9c964cc7ee8e5bc638bd25d566543f984e37abf1,0,0,0,,0,0,0,0,,,,0.0,[]
2020-00086,L2023-00007-1,공사,우즈베키스탄 우르겐치 직업훈련원 건립 및 타슈켄트 교사연수센터 건립사업 시공업체선정 현지입찰,1,L2023-00007-1/붙임2_우르겐치_시공_입찰공고_첨부서류_모음_수정.zip,.zip,748783,9c6231eb964d853525c828d237ef8bece342862db5927cf2582222546c10e464,0,0,0,,0,0,0,0,,,,0.0,[]
2020-00086,L2023-00007-1,공사,우즈베키스탄 우르겐치 직업훈련원 건립 및 타슈켄트 교사연수센터 건립사업 시공업체선정 현지입찰,1,L2023-00007-1/붙임1_우르겐치_시공사선정_입찰공고문_20230228최종수정본.docx,.docx,32485,5f09465780bdb3a49165c57f24f0d3271d8b4711dc919b9de4f18a4fd54e301d,0,0,0,,0,0,0,0,,,,0.0,[]
2020-00086,L2023-00007-1,공사,우즈베키스탄 우르겐치 직업훈련원 건립 및 타슈켄트 교사연수센터 건립사업 시공업체선정 현지입찰,1,L2023-00007-1/붙임2_우르겐치_시공_입찰공고_첨부서류_모음_수정/Section 1 - Instructions to Bidders (ITB)1.rtf,.rtf,251864,f8885a4797d0a2182c4cd0571a6faad21c1b581806209ddd4bd9d1384687109d,0,0,0,,0,0,0,0,,,,0.0,[]
2020-00086,L2023-00007-1,공사,우즈베키스탄 우르겐치 직업훈련원 건립 및 타슈켄트 교사연수센터 건립사업 시공업체선정 현지입찰,1,L2023-00007-1/붙임2_우르겐치_시공_입찰공고_첨부서류_모음_수정/Section 8 - Special Conditions of Contract1.docx,.docx,69223,6de5f2180390118e7b5138d209b7b12bf95f6827d83f5eb79a8d1f79188618f9,0,0,0,,0,0,0,0,,,,0.0,[]
2020-00086,L2023-00007-1,공사,우즈베키스탄 우르겐치 직업훈련원 건립 및 타슈켄트 교사연수센터 건립사업 시공업체선정 현지입찰,1,L2023-00007-1/붙임2_우르겐치_시공_입찰공고_첨부서류_모음_수정/Section 7 - General Conditions of Contract1.docx,.docx,214851,a9a161802bfdaaf81c95f1a7d74463872435d83743d1f4883d7545b8ead1a8b7,0,0,0,,0,0,0,0,,,,0.0,[]
2020-00086,L2023-00007-1,공사,우즈베키스탄 우르겐치 직업훈련원 건립 및 타슈켄트 교사연수센터 건립사업 시공업체선정 현지입찰,1,L2023-00007-1/붙임2_우르겐치_시공_입찰공고_첨부서류_모음_수정/Section 9 - Contract Forms1.docx,.docx,37844,a472fdbbbae0a21a474220a2c95f012480d339abd0a444a49d9eaa7cd42f4385,0,0,0,,0,0,0,0,,,,0.0,[]
2020-00086,L2023-00007-1,공사,우즈베키스탄 우르겐치 직업훈련원 건립 및 타슈켄트 교사연수센터 건립사업 시공업체선정 현지입찰,1,L2023-00007-1/붙임2_우르겐치_시공_입찰공고_첨부서류_모음_수정/Bid Document cover page1.doc,.doc,52736,68431834ba1a2f9826d5e83e012c00ca646fe9cbd4fa0181c45ef73760d33b2a,0,0,0,,0,0,0,0,,,,0.0,[]
2020-00086,L2023-00007-1,공사,우즈베키스탄 우르겐치 직업훈련원 건립 및 타슈켄트 교사연수센터 건립사업 시공업체선정 현지입찰,1,L2023-00007-1/붙임2_우르겐치_시공_입찰공고_첨부서류_모음_수정/Pre_Bid_Meeting_Document_PPT.pptx,.pptx,109472,57bccbce1d66981fa984117f1ba48dee30aba76ccd4591e09dab89dc97b4750a,0,0,0,,0,0,0,0,,,,0.0,[]
2020-00086,L2023-00007-1,공사,우즈베키스탄 우르겐치 직업훈련원 건립 및 타슈켄트 교사연수센터 건립사업 시공업체선정 현지입찰,1,L2023-00007-1/붙임2_우르겐치_시공_입찰공고_첨부서류_모음_수정/Section 2 - Bid Data Sheet (BDS).rtf,.rtf,531041,a72b54a0bf6defe18a3d241497dcb0455c61a9618a87c8a0efeb04b537516eb8,0,0,0,,0,0,0,0,,,,0.0,[]
2020-00086,L2023-00007-1,공사,우즈베키스탄 우르겐치 직업훈련원 건립 및 타슈켄트 교사연수센터 건립사업 시공업체선정 현지입찰,1,L2023-00007-1/붙임2_우르겐치_시공_입찰공고_첨부서류_모음_수정/Section 4_5_6 - Requirements1.docx,.docx,37440,c4e2ab973549838d11f6fd21e48d07f828f0a26025a614288cc148f9d61456f7,0,0,0,,0,0,0,0,,,,0.0,[]
2020-00086,L2023-00007-1,공사,우즈베키스탄 우르겐치 직업훈련원 건립 및 타슈켄트 교사연수센터 건립사업 시공업체선정 현지입찰,1,L2023-00007-1/붙임2_우르겐치_시공_입찰공고_첨부서류_모음_수정/Section 3 - Bidding Forms.doc,.doc,223744,6f1960ced91ba78ccf5ddf8281f77fd4917900c9daeb240f479f9d792eda94c9,0,0,0,,0,0,0,0,,,,0.0,[]
2020-00086,L2023-00007-1,공사,우즈베키스탄 우르겐치 직업훈련원 건립 및 타슈켄트 교사연수센터 건립사업 시공업체선정 현지입찰,1,L2023-00007-1/붙임2_우르겐치_시공_입찰공고_첨부서류_모음_수정/Invitation_for_Bids_Bid_Announcement1.docx,.docx,190543,469dc96d583e417e50fd33867a72326dbdd6d7235450fcfb40e032a1e3355ca3,0,0,0,,0,0,0,0,,,,0.0,[]
2020-00086,L2023-00036-1,공사,우즈베키스탄 우르겐치 직업훈련원 건립 및 타슈켄트 교사연수센터 건립사업 시공업체선정 현지입찰,1,L2023-00036-1/붙임3_입찰관련서류_검토완_0717.zip,.zip,17241640,41f6927524f70aab2ee8ae93843081ed8112eebcf59de947e108bf215b3eee04,0,0,0,,0,0,0,0,,,,0.0,[]
2020-00086,L2023-00036-1,공사,우즈베키스탄 우르겐치 직업훈련원 건립 및 타슈켄트 교사연수센터 건립사업 시공업체선정 현지입찰,1,L2023-00036-1/붙임3_입찰관련서류_검토완_0717/Section 4.  Bill of Quantities(Not-Priced).zip,.zip,13052503,99a055acc422a26b58aeb64cff198b7e527518a20cc52f0be4eb5bc26fb3afca,0,1,1,,0,0,0,0,,,,0.0,[]
2020-00086,L2023-00036-1,공사,우즈베키스탄 우르겐치 직업훈련원 건립 및 타슈켄트 교사연수센터 건립사업 시공업체선정 현지입찰,1,L2023-00036-1/붙임3_입찰관련서류_검토완_0717/Section 1 - Instructions to Bidders (ITB)1.rtf,.rtf,245002,390bbd7576bb3a941037f3e4e3eabc77cbdfb0d67d5e5fa5d6091b723e7b85e2,0,0,0,,0,0,0,0,,,,0.0,[]
2020-00086,L2023-00036-1,공사,우즈베키스탄 우르겐치 직업훈련원 건립 및 타슈켄트 교사연수센터 건립사업 시공업체선정 현지입찰,1,L2023-00036-1/붙임3_입찰관련서류_검토완_0717/Urgench_VTC_Bid Annoncement(The Daily Korean News for Korean Residents).docx,.docx,33056,6619ca3a1567ec13ad25e4014a16ca13cb920128da88bd3b0db070d468dfa169,0,0,0,,0,0,0,0,,,,0.0,[]
2020-00086,L2023-00036-1,공사,우즈베키스탄 우르겐치 직업훈련원 건립 및 타슈켄트 교사연수센터 건립사업 시공업체선정 현지입찰,1,L2023-00036-1/붙임3_입찰관련서류_검토완_0717/Section 8 - Special Conditions of Contract1.docx,.docx,69496,760b4346ea2afda3ae9c1b46fb4822a0caacb128562e96122d5edeb8397ac261,0,0,0,,0,0,0,0,,,,0.0,[]
2020-00086,L2023-00036-1,공사,우즈베키스탄 우르겐치 직업훈련원 건립 및 타슈켄트 교사연수센터 건립사업 시공업체선정 현지입찰,1,L2023-00036-1/붙임3_입찰관련서류_검토완_0717/Section 7 - General Conditions of Contract1.docx,.docx,217233,e75b96a17c6f376efb50a21eb18b9d8370971008633ca1ebbc82da6fdc811362,0,0,0,,0,0,0,0,,,,0.0,[]
2020-00086,L2023-00036-1,공사,우즈베키스탄 우르겐치 직업훈련원 건립 및 타슈켄트 교사연수센터 건립사업 시공업체선정 현지입찰,1,L2023-00036-1/붙임3_입찰관련서류_검토완_0717/Section 9 - Contract Forms1.docx,.docx,38156,db9a1ebf8dcc45bc51acbd9a0497d1864d3efaf6e56d715838970cc5c1e337c8,0,0,0,,0,0,0,0,,,,0.0,[]
2020-00086,L2023-00036-1,공사,우즈베키스탄 우르겐치 직업훈련원 건립 및 타슈켄트 교사연수센터 건립사업 시공업체선정 현지입찰,1,L2023-00036-1/붙임3_입찰관련서류_검토완_0717/Bid Document cover page.doc,.doc,52224,b5396fa96a9ac37efc9f302eaa5625bbdb33206fce6dce412fce915f40bd6740,0,0,0,,0,0,0,0,,,,0.0,[]
2020-00086,L2023-00036-1,공사,우즈베키스탄 우르겐치 직업훈련원 건립 및 타슈켄트 교사연수센터 건립사업 시공업체선정 현지입찰,1,L2023-00036-1/붙임3_입찰관련서류_검토완_0717/Section 6. Specification(SNIF_ GOST_ Bid Explaination ).pptx,.pptx,3528725,8c04057c6fe9d5df9fd5a197ab1a4612b4e7051a530b11edb88c0c73d960c258,0,0,0,,0,0,0,0,,,,0.0,[]
2020-00086,L2023-00036-1,공사,우즈베키스탄 우르겐치 직업훈련원 건립 및 타슈켄트 교사연수센터 건립사업 시공업체선정 현지입찰,1,L2023-00036-1/붙임3_입찰관련서류_검토완_0717/Section 2 - Bid Data Sheet (BDS).rtf,.rtf,564273,8171ccf66d166474e70a7de0c281f7299cf63528495e23733a0742e245286485,0,0,0,,0,0,0,0,,,,0.0,[]
2020-00086,L2023-00036-1,공사,우즈베키스탄 우르겐치 직업훈련원 건립 및 타슈켄트 교사연수센터 건립사업 시공업체선정 현지입찰,1,L2023-00036-1/붙임3_입찰관련서류_검토완_0717/Section 4_5_6 - Requirements1.docx,.docx,35598,8ac3a3512581869d6c2ceab54a934d9abc32035f917b7b8764b101daaeb84341,0,0,0,,0,0,0,0,,,,0.0,[]
2020-00086,L2023-00036-1,공사,우즈베키스탄 우르겐치 직업훈련원 건립 및 타슈켄트 교사연수센터 건립사업 시공업체선정 현지입찰,1,L2023-00036-1/붙임3_입찰관련서류_검토완_0717/Section 3 - Bidding Forms.doc,.doc,219648,6acb9c2edc1f485f83db0b9aa713834d2206474f2ec2356c35005512c2e6bdf9,0,0,0,,0,0,0,0,,,,0.0,[]
2020-00086,L2023-00036-1,공사,우즈베키스탄 우르겐치 직업훈련원 건립 및 타슈켄트 교사연수센터 건립사업 시공업체선정 현지입찰,1,L2023-00036-1/붙임3_입찰관련서류_검토완_0717/Invitation_for_Bids_Bid_Announcement1.docx,.docx,190534,488875c770d7abe18eef3625558238bb9f7139e3e3e328452fba3f1696f19140,0,0,0,,0,0,0,0,,,,0.0,[]
2020-00086,L2023-00036-1,공사,우즈베키스탄 우르겐치 직업훈련원 건립 및 타슈켄트 교사연수센터 건립사업 시공업체선정 현지입찰,1,L2023-00036-1/붙임3_입찰관련서류_검토완_0717/Section 4.  Bill of Quantities(Not-Priced)/Estimate Detailed Conditions)(VTC+TTC)_Final_.docx,.docx,80256,85e95a0b24220bc384b973a8b80ddf9f69be2a1263001b8c8ae3065ad7d3c962,0,1,1,,0,0,0,0,,,,0.0,[]
2020-00086,L2023-00036-1,공사,우즈베키스탄 우르겐치 직업훈련원 건립 및 타슈켄트 교사연수센터 건립사업 시공업체선정 현지입찰,1,L2023-00036-1/붙임3_입찰관련서류_검토완_0717/Section 4.  Bill of Quantities(Not-Priced)/.Urgench_CM_Comments_Arch_VTC_and_TTC_ENG_20230707.zip,.zip,6277094,bb0bb341fea9c97c5d1f6886bfc0e8d81bef7ec0a0005c4732279204d73f6f30,0,1,1,,0,0,0,0,,,,0.0,[]
2020-00086,L2023-00036-1,공사,우즈베키스탄 우르겐치 직업훈련원 건립 및 타슈켄트 교사연수센터 건립사업 시공업체선정 현지입찰,1,L2023-00036-1/붙임3_입찰관련서류_검토완_0717/Section 4.  Bill of Quantities(Not-Priced)/Section 4. Bill of Quantity(Not-Priced) Summary.xls,.xls,76800,037a7d1fe991db0c65622821b70b45e6af52d1e48416557c86b53041692045d7,0,1,1,,0,0,0,0,,,,0.0,[]
2020-00086,L2023-00036-1,공사,우즈베키스탄 우르겐치 직업훈련원 건립 및 타슈켄트 교사연수센터 건립사업 시공업체선정 현지입찰,1,L2023-00036-1/붙임3_입찰관련서류_검토완_0717/Section 4.  Bill of Quantities(Not-Priced)/.Urgench_CM_Comments_Arch_VTC_and_TTC_ENG_20230707/1.3.3. Urgench CM_Comments_Mech_VTC_and_TTC_Main_ENG_20230707.xlsx.docx,.docx,16615,29ae17bcfb236300ba73df96caa054ed9ce989b8ba57084acd00b934eb9595a3,0,1,1,,0,0,0,0,,,,0.0,[]
2020-00086,L2023-00036-1,공사,우즈베키스탄 우르겐치 직업훈련원 건립 및 타슈켄트 교사연수센터 건립사업 시공업체선정 현지입찰,1,L2023-00036-1/붙임3_입찰관련서류_검토완_0717/Section 4.  Bill of Quantities(Not-Priced)/.Urgench_CM_Comments_Arch_VTC_and_TTC_ENG_20230707/1.4. Urgench CM_Comments_PMC_VTC_and_TTC_ENG_20230707.xlsx,.xlsx,18240,6267ba3be03e15ebb107a67e18bd725ae8b33e8b48c5827fa075966fde925d4a,0,1,1,,0,0,0,0,,,,0.0,[]
2020-00086,L2023-00036-1,공사,우즈베키스탄 우르겐치 직업훈련원 건립 및 타슈켄트 교사연수센터 건립사업 시공업체선정 현지입찰,1,L2023-00036-1/붙임3_입찰관련서류_검토완_0717/Section 4.  Bill of Quantities(Not-Priced)/.Urgench_CM_Comments_Arch_VTC_and_TTC_ENG_20230707/1.3.1. Urgench CM Comments(Mech) VTC_20230704_R3.xlsx,.xlsx,6188237,3748d4f009cd54f2282e881d0536c882181a3e457e4d641bd2f93b9ae5b7fc3b,0,1,1,,0,0,0,0,,,,0.0,[]
2020-00086,L2023-00036-1,공사,우즈베키스탄 우르겐치 직업훈련원 건립 및 타슈켄트 교사연수센터 건립사업 시공업체선정 현지입찰,1,L2023-00036-1/붙임3_입찰관련서류_검토완_0717/Section 4.  Bill of Quantities(Not-Priced)/.Urgench_CM_Comments_Arch_VTC_and_TTC_ENG_20230707/1.1.Urgench_CM_Comments_Arch_VTC_and_TTC_ENG_20230505.xlsx,.xlsx,26633,08702e1b68ae13cb4ea31105eb2d1413073365045e5def30a2c799ad087aa8e7,0,1,1,,0,0,0,0,,,,0.0,[]
2020-00086,L2023-00036-1,공사,우즈베키스탄 우르겐치 직업훈련원 건립 및 타슈켄트 교사연수센터 건립사업 시공업체선정 현지입찰,1,L2023-00036-1/붙임3_입찰관련서류_검토완_0717/Section 4.  Bill of Quantities(Not-Priced)/.Urgench_CM_Comments_Arch_VTC_and_TTC_ENG_20230707/1.3.2. Urgench CM Comments(Mech)_Tashkent_TTC_Drawings_20230704.xlsx,.xlsx,788369,d6dcc478819c73e452f13add3e10ce964f21104cb779fc3b9992106eb0026c87,0,1,1,,0,0,0,0,,,,0.0,[]
2020-00086,L2023-00036-1,공사,우즈베키스탄 우르겐치 직업훈련원 건립 및 타슈켄트 교사연수센터 건립사업 시공업체선정 현지입찰,1,L2023-00036-1/붙임3_입찰관련서류_검토완_0717/Section 4.  Bill of Quantities(Not-Priced)/.Urgench_CM_Comments_Arch_VTC_and_TTC_ENG_20230707/1.2. Urgench CM Comments(Elec)_VTC+TTC-(ENG)__20230707.xlsx,.xlsx,18391,97cbb7c5606fd8e13d33953e0c4258dc32df19871ad462ac80d3d9ab0de4ebe3,0,1,1,,0,0,0,0,,,,0.0,[]
2020-00086,L2023-00036-1,공사,우즈베키스탄 우르겐치 직업훈련원 건립 및 타슈켄트 교사연수센터 건립사업 시공업체선정 현지입찰,1,L2023-00036-1/붙임3_입찰관련서류_검토완_0717/Section 4.  Bill of Quantities(Not-Priced)/공내역서/Total Table(VTC+TTC o).xls,.xls,46592,2b31964c93f2361fea7c845e3bb14da51759b044460b06d74d5174fc81a876a8,0,1,1,,0,0,0,0,,,,0.0,[]
2020-00086,L2023-00036-1,공사,우즈베키스탄 우르겐치 직업훈련원 건립 및 타슈켄트 교사연수센터 건립사업 시공업체선정 현지입찰,1,L2023-00036-1/붙임3_입찰관련서류_검토완_0717/Section 4.  Bill of Quantities(Not-Priced)/공내역서/TTC견적서/Estimate Manual(VTC+TTC).docx,.docx,61925,45d6dcb2d563481212a18017b78a268e453685bae9d504e1f74e23b5679e21b1,0,1,1,,0,0,0,0,,,,0.0,[]
2020-00086,L2023-00036-1,공사,우즈베키스탄 우르겐치 직업훈련원 건립 및 타슈켄트 교사연수센터 건립사업 시공업체선정 현지입찰,1,L2023-00036-1/붙임3_입찰관련서류_검토완_0717/Section 4.  Bill of Quantities(Not-Priced)/공내역서/TTC견적서/Total Table(TTC o).xls,.xls,46080,28d446c09dedabb50892b509edb8f58f15a29925ca0afbc015ed89632a9de30e,0,1,1,,0,0,0,0,,,,0.0,[]
2020-00086,L2023-00036-1,공사,우즈베키스탄 우르겐치 직업훈련원 건립 및 타슈켄트 교사연수센터 건립사업 시공업체선정 현지입찰,1,L2023-00036-1/붙임3_입찰관련서류_검토완_0717/Section 4.  Bill of Quantities(Not-Priced)/공내역서/VTC견적서/Estimate Manual(VTC+TTC).docx,.docx,61925,45d6dcb2d563481212a18017b78a268e453685bae9d504e1f74e23b5679e21b1,0,1,1,,0,0,0,0,,,,0.0,[]
2020-00086,L2023-00036-1,공사,우즈베키스탄 우르겐치 직업훈련원 건립 및 타슈켄트 교사연수센터 건립사업 시공업체선정 현지입찰,1,L2023-00036-1/붙임3_입찰관련서류_검토완_0717/Section 4.  Bill of Quantities(Not-Priced)/공내역서/VTC견적서/Total Table(VTC o).xls,.xls,53248,95215ae6e2ec160e32c5a08207e13a9f849e9f0f7420e9315a16d201c6b36283,0,1,1,,0,0,0,0,,,,0.0,[]
2020-00086,L2023-00036-1,공사,우즈베키스탄 우르겐치 직업훈련원 건립 및 타슈켄트 교사연수센터 건립사업 시공업체선정 현지입찰,1,L2023-00036-1/붙임3_입찰관련서류_검토완_0717/Section 4.  Bill of Quantities(Not-Priced)/공내역서/VTC견적서/9 ТП(Transformers)/СВОДКА ТП o.xls,.xls,37376,facd6690ec26530b590132959b7d4a075ba1994b5106b4bcde8fc118b849ef8c,0,1,1,,0,0,0,0,,,,0.0,[]
2020-00086,L2023-00036-1,공사,우즈베키스탄 우르겐치 직업훈련원 건립 및 타슈켄트 교사연수센터 건립사업 시공업체선정 현지입찰,1,L2023-00036-1/붙임3_입찰관련서류_검토완_0717/Section 4.  Bill of Quantities(Not-Priced)/공내역서/VTC견적서/9 ТП(Transformers)/Титул  ТОМ XI.doc,.doc,31232,562b75d717c841e3583929c3dc728976da62eae357252f326b5e55a04f1d196c,0,1,1,,0,0,0,0,,,,0.0,[]
2020-00086,L2023-00036-1,공사,우즈베키스탄 우르겐치 직업훈련원 건립 및 타슈켄트 교사연수센터 건립사업 시공업체선정 현지입찰,1,L2023-00036-1/붙임3_입찰관련서류_검토완_0717/Section 4.  Bill of Quantities(Not-Priced)/공내역서/VTC견적서/5 МИНИКУХНЯ(Mini Cafe)/СВОДКА МИНИ-КУХНЯ o.xls,.xls,40448,8f914360b8e4f1fc5d8468deaf2b61af743e6873fa2b694c0fb7dbcc7a4bed51,0,1,1,,0,0,0,0,,,,0.0,[]
2020-00086,L2023-00036-1,공사,우즈베키스탄 우르겐치 직업훈련원 건립 및 타슈켄트 교사연수센터 건립사업 시공업체선정 현지입찰,1,L2023-00036-1/붙임3_입찰관련서류_검토완_0717/Section 4.  Bill of Quantities(Not-Priced)/공내역서/VTC견적서/5 МИНИКУХНЯ(Mini Cafe)/Титул  ТОМ VI.doc,.doc,31232,5d3df82f7fc981a9739b9b7c058a93fee78c22081ac1c704fbb85f9f85a42c87,0,1,1,,0,0,0,0,,,,0.0,[]
2020-00086,L2023-00036-1,공사,우즈베키스탄 우르겐치 직업훈련원 건립 및 타슈켄트 교사연수센터 건립사업 시공업체선정 현지입찰,1,L2023-00036-1/붙임3_입찰관련서류_검토완_0717/Section 4.  Bill of Quantities(Not-Priced)/공내역서/VTC견적서/1 АДМИН ЗДАНИЕ(Admin. Build)/СВОДКА АДМИН ЗДАНИЕ o.xls,.xls,43008,239cf320377a69c6514a677d854e57982e433342b7a55f43a6b4565f1d6e2655,0,1,1,,0,0,0,0,,,,0.0,[]
2020-00086,L2023-00036-1,공사,우즈베키스탄 우르겐치 직업훈련원 건립 및 타슈켄트 교사연수센터 건립사업 시공업체선정 현지입찰,1,L2023-00036-1/붙임3_입찰관련서류_검토완_0717/Section 4.  Bill of Quantities(Not-Priced)/공내역서/VTC견적서/1 АДМИН ЗДАНИЕ(Admin. Build)/Титул  ТОМ II.doc,.doc,30720,835c98ce909b2e964c2710e36061eb15d37eb1fc6a1e589b4eb01f7a428e6ab1,0,1,1,,0,0,0,0,,,,0.0,[]
2020-00086,L2023-00036-1,공사,우즈베키스탄 우르겐치 직업훈련원 건립 및 타슈켄트 교사연수센터 건립사업 시공업체선정 현지입찰,1,L2023-00036-1/붙임3_입찰관련서류_검토완_0717/Section 4.  Bill of Quantities(Not-Priced)/공내역서/VTC견적서/2 УПК(Practice and Education Building)/СВОДКА УНП o.xls,.xls,41984,4e9e4173d9aaf338992fc1a73bdba899f9b1309cc10a476fa73a616edd0c77fa,0,1,1,,0,0,0,0,,,,0.0,[]
2020-00086,L2023-00036-1,공사,우즈베키스탄 우르겐치 직업훈련원 건립 및 타슈켄트 교사연수센터 건립사업 시공업체선정 현지입찰,1,L2023-00036-1/붙임3_입찰관련서류_검토완_0717/Section 4.  Bill of Quantities(Not-Priced)/공내역서/VTC견적서/2 УПК(Practice and Education Building)/Титул  ТОМ III.doc,.doc,31232,f8ec15c11cbb553ae2762ca699a90e16cd13aa1ef2cbd491e594fed4da383a69,0,1,1,,0,0,0,0,,,,0.0,[]
2020-00086,L2023-00036-1,공사,우즈베키스탄 우르겐치 직업훈련원 건립 및 타슈켄트 교사연수센터 건립사업 시공업체선정 현지입찰,1,L2023-00036-1/붙임3_입찰관련서류_검토완_0717/Section 4.  Bill of Quantities(Not-Priced)/공내역서/VTC견적서/6 КПП(Guard House+Fence & Gate)/СВОДКА КПП o.xls,.xls,39936,d27c5152b98d05c4e041485209c2097fc8c59879eaa9b7191d41891200560736,0,1,1,,0,0,0,0,,,,0.0,[]
2020-00086,L2023-00036-1,공사,우즈베키스탄 우르겐치 직업훈련원 건립 및 타슈켄트 교사연수센터 건립사업 시공업체선정 현지입찰,1,L2023-00036-1/붙임3_입찰관련서류_검토완_0717/Section 4.  Bill of Quantities(Not-Priced)/공내역서/VTC견적서/6 КПП(Guard House+Fence & Gate)/Титул  ТОМ VII.doc,.doc,31232,d3a2878206d1a5ed18bf735bd8e0e29bcf39f0f7e7908670880919bce45c4d64,0,1,1,,0,0,0,0,,,,0.0,[]
2020-00086,L2023-00036-1,공사,우즈베키스탄 우르겐치 직업훈련원 건립 및 타슈켄트 교사연수센터 건립사업 시공업체선정 현지입찰,1,L2023-00036-1/붙임3_입찰관련서류_검토완_0717/Section 4.  Bill of Quantities(Not-Priced)/공내역서/VTC견적서/0 ГП(Site Plan & Landscape+Outdoor Infra)/Титул  ГП.doc,.doc,31232,668b31d75f72b7e552805f9881eb1194815e756808fbb34626fafe827afacac8,0,1,1,,0,0,0,0,,,,0.0,[]
2020-00086,L2023-00036-1,공사,우즈베키스탄 우르겐치 직업훈련원 건립 및 타슈켄트 교사연수센터 건립사업 시공업체선정 현지입찰,1,L2023-00036-1/붙임3_입찰관련서류_검토완_0717/Section 4.  Bill of Quantities(Not-Priced)/공내역서/VTC견적서/0 ГП(Site Plan & Landscape+Outdoor Infra)/СВОДКА ГП o.xls,.xls,45568,ea3f4e528b188609521baeecebb2d8c370f0b8bcb04912b0ecc7b6f576cead23,0,1,1,,0,0,0,0,,,,0.0,[]
2020-00086,L2023-00036-1,공사,우즈베키스탄 우르겐치 직업훈련원 건립 및 타슈켄트 교사연수센터 건립사업 시공업체선정 현지입찰,1,L2023-00036-1/붙임3_입찰관련서류_검토완_0717/Section 4.  Bill of Quantities(Not-Priced)/공내역서/VTC견적서/7 КОМПРЕССОРАНЯ(Comp.+GAS storage)/Титул  ТОМ VIII.doc,.doc,31232,f5cd809cdb57d6a998fcf268c2026e9e6273e70367355d3819724a2f5393a610,0,1,1,,0,0,0,0,,,,0.0,[]
2020-00086,L2023-00036-1,공사,우즈베키스탄 우르겐치 직업훈련원 건립 및 타슈켄트 교사연수센터 건립사업 시공업체선정 현지입찰,1,L2023-00036-1/붙임3_입찰관련서류_검토완_0717/Section 4.  Bill of Quantities(Not-Priced)/공내역서/VTC견적서/7 КОМПРЕССОРАНЯ(Comp.+GAS storage)/СВОДКА КОМПРЕССОРНАЯ o.xls,.xls,38400,0b2724d38273defda9a531465cca025007abde2b3afdd8f53e7888f815118475,0,1,1,,0,0,0,0,,,,0.0,[]
2020-00086,L2023-00036-1,공사,우즈베키스탄 우르겐치 직업훈련원 건립 및 타슈켄트 교사연수센터 건립사업 시공업체선정 현지입찰,1,L2023-00036-1/붙임3_입찰관련서류_검토완_0717/Section 4.  Bill of Quantities(Not-Priced)/공내역서/VTC견적서/3 ОБЩЕЖИТИЕ(Dormitory)/СВОДКА ОБЩЕЖИТИЕ o.xls,.xls,41984,9e450ed4764d68cf1717aec94480771f8ac30c1c153541e64da47a920e09d403,0,1,1,,0,0,0,0,,,,0.0,[]
2020-00086,L2023-00036-1,공사,우즈베키스탄 우르겐치 직업훈련원 건립 및 타슈켄트 교사연수센터 건립사업 시공업체선정 현지입찰,1,L2023-00036-1/붙임3_입찰관련서류_검토완_0717/Section 4.  Bill of Quantities(Not-Priced)/공내역서/VTC견적서/8 ПОЖАРНАЯ ЕМЪКОСТЬ(Fire Tank)/СВОДКА НАСОСНАЯ o.xls,.xls,36864,8ef74923d250818b9dc846d7e1e8cf5532a3e349c007a54e4475abbae35c2b29,0,1,1,,0,0,0,0,,,,0.0,[]
2020-00086,L2023-00036-1,공사,우즈베키스탄 우르겐치 직업훈련원 건립 및 타슈켄트 교사연수센터 건립사업 시공업체선정 현지입찰,1,L2023-00036-1/붙임3_입찰관련서류_검토완_0717/Section 4.  Bill of Quantities(Not-Priced)/공내역서/VTC견적서/8 ПОЖАРНАЯ ЕМЪКОСТЬ(Fire Tank)/Титул  ТОМ VIII.doc,.doc,31232,5ddb37550ef46644b2b3d4e63ede77d94e36e452ec009253911c901adac38784,0,1,1,,0,0,0,0,,,,0.0,[]
2020-00086,L2023-00036-1,공사,우즈베키스탄 우르겐치 직업훈련원 건립 및 타슈켄트 교사연수센터 건립사업 시공업체선정 현지입찰,1,L2023-00036-1/붙임3_입찰관련서류_검토완_0717/Section 4.  Bill of Quantities(Not-Priced)/공내역서/VTC견적서/4 БУФЕТ(Cafeteria)/Титул  ТОМ V.doc,.doc,31232,a0409474de93963ccc2edc98b174358d13a0f332a3278a64d7054f37b8652ce2,0,1,1,,0,0,0,0,,,,0.0,[]
2020-00086,L2023-00036-1,공사,우즈베키스탄 우르겐치 직업훈련원 건립 및 타슈켄트 교사연수센터 건립사업 시공업체선정 현지입찰,1,L2023-00036-1/붙임3_입찰관련서류_검토완_0717/Section 4.  Bill of Quantities(Not-Priced)/공내역서/VTC견적서/4 БУФЕТ(Cafeteria)/СВОДКА БУФЕТ o.xls,.xls,41984,4ecacaffd035763b281b2ec0f37463659ed1670d177cc1b38809ca7cbec90628,0,1,1,,0,0,0,0,,,,0.0,[]
2020-00086,L2023-00036-1,공사,우즈베키스탄 우르겐치 직업훈련원 건립 및 타슈켄트 교사연수센터 건립사업 시공업체선정 현지입찰,1,L2023-00036-1/붙임3_입찰관련서류_검토완_0717/Section 4.  Bill of Quantities(Not-Priced)/공내역서/VTC견적서/4 БУФЕТ(Cafeteria)/4-9 ТХ/13743_vfor.xls,.xls,33280,c8d68a7f99bd5aa730939196a85ab57f191b2ab524c3c5bac885dcbbdbecaa69,0,1,1,,0,0,0,0,,,,0.0,[]
2020-00086,L2023-00036-1,공사,우즈베키스탄 우르겐치 직업훈련원 건립 및 타슈켄트 교사연수센터 건립사업 시공업체선정 현지입찰,1,L2023-00036-1/붙임3_입찰관련서류_검토완_0717/Section 4.  Bill of Quantities(Not-Priced)/공내역서/VTC견적서/4 БУФЕТ(Cafeteria)/4-9 ТХ/13743_vrmu.xls,.xls,44032,78405bf4dba631faab9d2df8eb3c9871b3b3e6bcb3d8da1b40aa473f959fda6a,0,1,1,,0,0,0,0,,,,0.0,[]
2020-00086,L2023-00036-1,공사,우즈베키스탄 우르겐치 직업훈련원 건립 및 타슈켄트 교사연수센터 건립사업 시공업체선정 현지입찰,1,L2023-00036-1/붙임3_입찰관련서류_검토완_0717/Section 4.  Bill of Quantities(Not-Priced)/공내역서/VTC견적서/4 БУФЕТ(Cafeteria)/4-9 ТХ/bv13740.xls,.xls,45056,81b3b9a2bd4d7715fcfc6a79b81680314cf0ee94a009ceab7a13cc679ca3f9a0,0,1,1,,0,0,0,0,,,,0.0,[]
2020-00086,L2023-00036-1,공사,우즈베키스탄 우르겐치 직업훈련원 건립 및 타슈켄트 교사연수센터 건립사업 시공업체선정 현지입찰,1,"L2023-00036-1/붙임3_입찰관련서류_검토완_0717/Section 4.  Bill of Quantities(Not-Priced)/공내역서/VTC견적서/4 БУФЕТ(Cafeteria)/4-7 ВН, СКС(CCTV & Network)/13323_vfor.xls",.xls,47616,bd337520c73d4d2e111bd320f563772ebf15d04cc070a3c51c25a2f9742c00de,0,1,1,,0,0,0,0,,,,0.0,[]
2020-00086,L2023-00036-1,공사,우즈베키스탄 우르겐치 직업훈련원 건립 및 타슈켄트 교사연수센터 건립사업 시공업체선정 현지입찰,1,"L2023-00036-1/붙임3_입찰관련서류_검토완_0717/Section 4.  Bill of Quantities(Not-Priced)/공내역서/VTC견적서/4 БУФЕТ(Cafeteria)/4-7 ВН, СКС(CCTV & Network)/13323_vrmu.xls",.xls,56832,a965a9f3d225f89ea5505676fa4b27565617d1ccd45171df72e2d792f5246df8,0,1,1,,1,85,1,0,Лист1,visible,8,0.011764705882352941,"[{""sheet"": ""Лист1"", ""sheet_state"": ""visible"", ""header_row"": 8, ""quantity_rows"": 85, ""rate_rows"": 1, ""amount_rows"": 1, ""priced_rows"": 1, ""priced_ratio"": 0.011764705882352941, ""description_columns"": ""B"", ""quantity_columns"": ""E"", ""rate_columns"": ""F"", ""amount_columns"": ""F""}]"
2020-00086,L2023-00036-1,공사,우즈베키스탄 우르겐치 직업훈련원 건립 및 타슈켄트 교사연수센터 건립사업 시공업체선정 현지입찰,1,"L2023-00036-1/붙임3_입찰관련서류_검토완_0717/Section 4.  Bill of Quantities(Not-Priced)/공내역서/VTC견적서/4 БУФЕТ(Cafeteria)/4-7 ВН, СКС(CCTV & Network)/bv13320.xls",.xls,87040,361a226fbda147a7d7ef7fb5d8d6d1c8872c0ed1662beb04e60fbd5668ac0762,0,1,1,,0,0,0,0,,,,0.0,[]
2020-00086,L2023-00036-1,공사,우즈베키스탄 우르겐치 직업훈련원 건립 및 타슈켄트 교사연수센터 건립사업 시공업체선정 현지입찰,1,L2023-00036-1/붙임3_입찰관련서류_검토완_0717/Section 4.  Bill of Quantities(Not-Priced)/공내역서/VTC견적서/4 БУФЕТ(Cafeteria)/4-5 ЭО(Electric)/13383_vrmu.xls,.xls,60416,2277aa6b32da71292f8a69faae1241528367c8c6929e15a3ba1b26669f36572d,0,1,1,,1,83,1,0,Лист1,visible,8,0.012048192771084338,"[{""sheet"": ""Лист1"", ""sheet_state"": ""visible"", ""header_row"": 8, ""quantity_rows"": 83, ""rate_rows"": 1, ""amount_rows"": 1, ""priced_rows"": 1, ""priced_ratio"": 0.012048192771084338, ""description_columns"": ""B"", ""quantity_columns"": ""E"", ""rate_columns"": ""F"", ""amount_columns"": ""F""}]"
2020-00086,L2023-00036-1,공사,우즈베키스탄 우르겐치 직업훈련원 건립 및 타슈켄트 교사연수센터 건립사업 시공업체선정 현지입찰,1,L2023-00036-1/붙임3_입찰관련서류_검토완_0717/Section 4.  Bill of Quantities(Not-Priced)/공내역서/VTC견적서/4 БУФЕТ(Cafeteria)/4-5 ЭО(Electric)/bv13380.xls,.xls,105984,ca022ac74868089349f7351ccbad69acd7123e242598613111ebc50d6fe072f5,0,1,1,,0,0,0,0,,,,0.0,[]
2020-00086,L2023-00036-1,공사,우즈베키스탄 우르겐치 직업훈련원 건립 및 타슈켄트 교사연수센터 건립사업 시공업체선정 현지입찰,1,L2023-00036-1/붙임3_입찰관련서류_검토완_0717/Section 4.  Bill of Quantities(Not-Priced)/공내역서/VTC견적서/4 БУФЕТ(Cafeteria)/4-5 ЭО(Electric)/13383_vfor.xls,.xls,52736,aa89940fa2c1f84aa2274538c4d5e33fe9d0802c4f52e1d9d71978122c7ca737,0,1,1,,0,0,0,0,,,,0.0,[]
2020-00086,L2023-00036-1,공사,우즈베키스탄 우르겐치 직업훈련원 건립 및 타슈켄트 교사연수센터 건립사업 시공업체선정 현지입찰,1,L2023-00036-1/붙임3_입찰관련서류_검토완_0717/Section 4.  Bill of Quantities(Not-Priced)/공내역서/VTC견적서/4 БУФЕТ(Cafeteria)/4-3 ОВ(Heating & Ventilation)/bv13570.xls,.xls,122368,60e01915d1915446e6fbcf0c477ec5ae0ee632ec951cf92acae51a0c7039940e,0,1,1,,0,0,0,0,,,,0.0,[]
2020-00086,L2023-00036-1,공사,우즈베키스탄 우르겐치 직업훈련원 건립 및 타슈켄트 교사연수센터 건립사업 시공업체선정 현지입찰,1,L2023-00036-1/붙임3_입찰관련서류_검토완_0717/Section 4.  Bill of Quantities(Not-Priced)/공내역서/VTC견적서/4 БУФЕТ(Cafeteria)/4-3 ОВ(Heating & Ventilation)/13573_vfor.xls,.xls,51200,d5904d9daa78238ff69eaa06732493e5c87423d6e508d7e7e0b3f03109494c34,0,1,1,,0,0,0,0,,,,0.0,[]
2020-00086,L2023-00036-1,공사,우즈베키스탄 우르겐치 직업훈련원 건립 및 타슈켄트 교사연수센터 건립사업 시공업체선정 현지입찰,1,L2023-00036-1/붙임3_입찰관련서류_검토완_0717/Section 4.  Bill of Quantities(Not-Priced)/공내역서/VTC견적서/4 БУФЕТ(Cafeteria)/4-3 ОВ(Heating & Ventilation)/13573_vrmu.xls,.xls,60928,a5a7bba5cee708cae574407190c4325ce23010e6102a49546438bd114ab4ad90,0,1,1,,1,101,1,0,Лист1,visible,8,0.009900990099009901,"[{""sheet"": ""Лист1"", ""sheet_state"": ""visible"", ""header_row"": 8, ""quantity_rows"": 101, ""rate_rows"": 1, ""amount_rows"": 1, ""priced_rows"": 1, ""priced_ratio"": 0.009900990099009901, ""description_columns"": ""B"", ""quantity_columns"": ""E"", ""rate_columns"": ""F"", ""amount_columns"": ""F""}]"
2020-00086,L2023-00036-1,공사,우즈베키스탄 우르겐치 직업훈련원 건립 및 타슈켄트 교사연수센터 건립사업 시공업체선정 현지입찰,1,L2023-00036-1/붙임3_입찰관련서류_검토완_0717/Section 4.  Bill of Quantities(Not-Priced)/공내역서/VTC견적서/4 БУФЕТ(Cafeteria)/4-2 АР(Architecture)/13173_vfor.xls,.xls,46080,c8b6f0c18efd3eccb7d44d4f282da38be8bd7c5687a2b12e1320ea9b2d445a18,0,1,1,,0,0,0,0,,,,0.0,[]
2020-00086,L2023-00036-1,공사,우즈베키스탄 우르겐치 직업훈련원 건립 및 타슈켄트 교사연수센터 건립사업 시공업체선정 현지입찰,1,L2023-00036-1/붙임3_입찰관련서류_검토완_0717/Section 4.  Bill of Quantities(Not-Priced)/공내역서/VTC견적서/4 БУФЕТ(Cafeteria)/4-2 АР(Architecture)/bv13170.xls,.xls,115200,90d2bed5ebcd297c0fb0bd22fc2a056d950d9a2b3cc977b05f9c01dfd7e4410e,0,1,1,,0,0,0,0,,,,0.0,[]
2020-00086,L2023-00036-1,공사,우즈베키스탄 우르겐치 직업훈련원 건립 및 타슈켄트 교사연수센터 건립사업 시공업체선정 현지입찰,1,L2023-00036-1/붙임3_입찰관련서류_검토완_0717/Section 4.  Bill of Quantities(Not-Priced)/공내역서/VTC견적서/4 БУФЕТ(Cafeteria)/4-2 АР(Architecture)/13173_vrmu.xls,.xls,57344,41f2d0b5bfa1724a0a6f25b395a07b6a4bbfa2179ab0651f1ac22066c407f406,0,1,1,,1,97,1,0,Лист1,visible,8,0.010309278350515464,"[{""sheet"": ""Лист1"", ""sheet_state"": ""visible"", ""header_row"": 8, ""quantity_rows"": 97, ""rate_rows"": 1, ""amount_rows"": 1, ""priced_rows"": 1, ""priced_ratio"": 0.010309278350515464, ""description_columns"": ""B"", ""quantity_columns"": ""E"", ""rate_columns"": ""F"", ""amount_columns"": ""F""}]"
2020-00086,L2023-00036-1,공사,우즈베키스탄 우르겐치 직업훈련원 건립 및 타슈켄트 교사연수센터 건립사업 시공업체선정 현지입찰,1,L2023-00036-1/붙임3_입찰관련서류_검토완_0717/Section 4.  Bill of Quantities(Not-Priced)/공내역서/VTC견적서/4 БУФЕТ(Cafeteria)/4-4 ВК(Water & Sewer & Fireplug)/13143_vrmu.xls,.xls,58880,027d687c679bf6e9cdeb0a54bacb5e7bb8bbeb103807f88b0bfeb421b7cf4c55,0,1,1,,1,92,1,0,Лист1,visible,8,0.010869565217391304,"[{""sheet"": ""Лист1"", ""sheet_state"": ""visible"", ""header_row"": 8, ""quantity_rows"": 92, ""rate_rows"": 1, ""amount_rows"": 1, ""priced_rows"": 1, ""priced_ratio"": 0.010869565217391304, ""description_columns"": ""B"", ""quantity_columns"": ""E"", ""rate_columns"": ""F"", ""amount_columns"": ""F""}]"
2020-00086,L2023-00036-1,공사,우즈베키스탄 우르겐치 직업훈련원 건립 및 타슈켄트 교사연수센터 건립사업 시공업체선정 현지입찰,1,L2023-00036-1/붙임3_입찰관련서류_검토완_0717/Section 4.  Bill of Quantities(Not-Priced)/공내역서/VTC견적서/4 БУФЕТ(Cafeteria)/4-4 ВК(Water & Sewer & Fireplug)/bv13140.xls,.xls,101376,30d7129e70a2f8c02e76abae0bdc44883ba9865a77d3abb89c0c70e00a6481d7,0,1,1,,0,0,0,0,,,,0.0,[]
2020-00086,L2023-00036-1,공사,우즈베키스탄 우르겐치 직업훈련원 건립 및 타슈켄트 교사연수센터 건립사업 시공업체선정 현지입찰,1,L2023-00036-1/붙임3_입찰관련서류_검토완_0717/Section 4.  Bill of Quantities(Not-Priced)/공내역서/VTC견적서/4 БУФЕТ(Cafeteria)/4-4 ВК(Water & Sewer & Fireplug)/13143_vfor.xls,.xls,44544,98b13878ef8ab7c9d3cae5fa8b44fee5f5ee24bd74d0cf10dc4c1be4092da457,0,1,1,,0,0,0,0,,,,0.0,[]
2020-00086,L2023-00036-1,공사,우즈베키스탄 우르겐치 직업훈련원 건립 및 타슈켄트 교사연수센터 건립사업 시공업체선정 현지입찰,1,L2023-00036-1/붙임3_입찰관련서류_검토완_0717/Section 4.  Bill of Quantities(Not-Priced)/공내역서/VTC견적서/4 БУФЕТ(Cafeteria)/4-1 КЖ(Structure)/bv13000.xls,.xls,156672,e49a76056dacf893c3d8796df531ea37b5095b5abc0a8b4162cbcaa36a253bf9,0,1,1,,0,0,0,0,,,,0.0,[]
2020-00086,L2023-00036-1,공사,우즈베키스탄 우르겐치 직업훈련원 건립 및 타슈켄트 교사연수센터 건립사업 시공업체선정 현지입찰,1,L2023-00036-1/붙임3_입찰관련서류_검토완_0717/Section 4.  Bill of Quantities(Not-Priced)/공내역서/VTC견적서/4 БУФЕТ(Cafeteria)/4-1 КЖ(Structure)/13003_vrmu.xls,.xls,62464,d72b64907d7daa57e525829fef7b974213dd612efc93728136b1f9a32ba64193,0,1,1,,1,101,1,0,Лист1,visible,8,0.009900990099009901,"[{""sheet"": ""Лист1"", ""sheet_state"": ""visible"", ""header_row"": 8, ""quantity_rows"": 101, ""rate_rows"": 1, ""amount_rows"": 1, ""priced_rows"": 1, ""priced_ratio"": 0.009900990099009901, ""description_columns"": ""B"", ""quantity_columns"": ""E"", ""rate_columns"": ""F"", ""amount_columns"": ""F""}]"
2020-00086,L2023-00036-1,공사,우즈베키스탄 우르겐치 직업훈련원 건립 및 타슈켄트 교사연수센터 건립사업 시공업체선정 현지입찰,1,L2023-00036-1/붙임3_입찰관련서류_검토완_0717/Section 4.  Bill of Quantities(Not-Priced)/공내역서/VTC견적서/4 БУФЕТ(Cafeteria)/4-1 КЖ(Structure)/13003_vfor.xls,.xls,50688,3b1e98bbc6de0c72870866ac1c0c8db81940cd52c11496ff73a104140e3b986b,0,1,1,,0,0,0,0,,,,0.0,[]
2020-00086,L2023-00036-1,공사,우즈베키스탄 우르겐치 직업훈련원 건립 및 타슈켄트 교사연수센터 건립사업 시공업체선정 현지입찰,1,L2023-00036-1/붙임3_입찰관련서류_검토완_0717/Section 4.  Bill of Quantities(Not-Priced)/공내역서/VTC견적서/4 БУФЕТ(Cafeteria)/4-6 ПС(Fire Alarm)/bv13310.xls,.xls,69120,81809811b78a8dd144fece047c059af1fd7e7d922ba4e5f2d70343d6a2180b31,0,1,1,,0,0,0,0,,,,0.0,[]
2020-00086,L2023-00036-1,공사,우즈베키스탄 우르겐치 직업훈련원 건립 및 타슈켄트 교사연수센터 건립사업 시공업체선정 현지입찰,1,L2023-00036-1/붙임3_입찰관련서류_검토완_0717/Section 4.  Bill of Quantities(Not-Priced)/공내역서/VTC견적서/4 БУФЕТ(Cafeteria)/4-6 ПС(Fire Alarm)/13313_vrmu.xls,.xls,46080,01d43896faa9af4d2e70ba503954aaa3dc7c7ca5760cd23fc5cb4b35df1973d8,0,1,1,,1,46,1,0,Лист1,visible,8,0.021739130434782608,"[{""sheet"": ""Лист1"", ""sheet_state"": ""visible"", ""header_row"": 8, ""quantity_rows"": 46, ""rate_rows"": 1, ""amount_rows"": 1, ""priced_rows"": 1, ""priced_ratio"": 0.021739130434782608, ""description_columns"": ""B"", ""quantity_columns"": ""E"", ""rate_columns"": ""F"", ""amount_columns"": ""F""}]"
2020-00086,L2023-00036-1,공사,우즈베키스탄 우르겐치 직업훈련원 건립 및 타슈켄트 교사연수센터 건립사업 시공업체선정 현지입찰,1,L2023-00036-1/붙임3_입찰관련서류_검토완_0717/Section 4.  Bill of Quantities(Not-Priced)/공내역서/VTC견적서/4 БУФЕТ(Cafeteria)/4-6 ПС(Fire Alarm)/13313_vfor.xls,.xls,40960,3a4adfa8a2b2159255f5e5fc7479802f38be4f2cb149beebcf59d780125a0c16,0,1,1,,0,0,0,0,,,,0.0,[]
2020-00086,L2023-00036-1,공사,우즈베키스탄 우르겐치 직업훈련원 건립 및 타슈켄트 교사연수센터 건립사업 시공업체선정 현지입찰,1,L2023-00036-1/붙임3_입찰관련서류_검토완_0717/Section 4.  Bill of Quantities(Not-Priced)/공내역서/VTC견적서/4 БУФЕТ(Cafeteria)/4-8 ГСВ(Gas)/13473_vfor.xls,.xls,43008,5d603195cdfc413bea2240ef38ba9f4d3adfd29a3e4a64767494df660b2149df,0,1,1,,0,0,0,0,,,,0.0,[]
2020-00086,L2023-00036-1,공사,우즈베키스탄 우르겐치 직업훈련원 건립 및 타슈켄트 교사연수센터 건립사업 시공업체선정 현지입찰,1,L2023-00036-1/붙임3_입찰관련서류_검토완_0717/Section 4.  Bill of Quantities(Not-Priced)/공내역서/VTC견적서/4 БУФЕТ(Cafeteria)/4-8 ГСВ(Gas)/bv13470.xls,.xls,86528,9089df465dcf44624bcfa1339c6394342f5633ca53765547ae3967955305ecea,0,1,1,,0,0,0,0,,,,0.0,[]
2020-00086,L2023-00036-1,공사,우즈베키스탄 우르겐치 직업훈련원 건립 및 타슈켄트 교사연수센터 건립사업 시공업체선정 현지입찰,1,L2023-00036-1/붙임3_입찰관련서류_검토완_0717/Section 4.  Bill of Quantities(Not-Priced)/공내역서/VTC견적서/4 БУФЕТ(Cafeteria)/4-8 ГСВ(Gas)/13473_vrmu.xls,.xls,51712,7895280f53f85a8490bd3a4cba8955f4e0267d7828d7adaca5eac514a87c8039,0,1,1,,1,58,1,0,Лист1,visible,8,0.017241379310344827,"[{""sheet"": ""Лист1"", ""sheet_state"": ""visible"", ""header_row"": 8, ""quantity_rows"": 58, ""rate_rows"": 1, ""amount_rows"": 1, ""priced_rows"": 1, ""priced_ratio"": 0.017241379310344827, ""description_columns"": ""B"", ""quantity_columns"": ""E"", ""rate_columns"": ""F"", ""amount_columns"": ""F""}]"
2020-00086,L2023-00036-1,공사,우즈베키스탄 우르겐치 직업훈련원 건립 및 타슈켄트 교사연수센터 건립사업 시공업체선정 현지입찰,1,L2023-00036-1/붙임3_입찰관련서류_검토완_0717/Section 4.  Bill of Quantities(Not-Priced)/공내역서/VTC견적서/8 ПОЖАРНАЯ ЕМЪКОСТЬ(Fire Tank)/8-3 ЭО(Electric)/13733_vrmu.xls,.xls,55296,dd26635add3df12c3c1ffa6d858087ee72aad2c51664c8f5af2ad5b1a0b3cbf1,0,1,1,,1,76,1,0,Лист1,visible,8,0.013157894736842105,"[{""sheet"": ""Лист1"", ""sheet_state"": ""visible"", ""header_row"": 8, ""quantity_rows"": 76, ""rate_rows"": 1, ""amount_rows"": 1, ""priced_rows"": 1, ""priced_ratio"": 0.013157894736842105, ""description_columns"": ""B"", ""quantity_columns"": ""E"", ""rate_columns"": ""F"", ""amount_columns"": ""F""}]"
2020-00086,L2023-00036-1,공사,우즈베키스탄 우르겐치 직업훈련원 건립 및 타슈켄트 교사연수센터 건립사업 시공업체선정 현지입찰,1,L2023-00036-1/붙임3_입찰관련서류_검토완_0717/Section 4.  Bill of Quantities(Not-Priced)/공내역서/VTC견적서/8 ПОЖАРНАЯ ЕМЪКОСТЬ(Fire Tank)/8-3 ЭО(Electric)/13733_vfor.xls,.xls,40448,4b7ecea42e8e01f81fbf69ffbe105611f8e47711cbfac29373ac28d50d40fd4b,0,1,1,,0,0,0,0,,,,0.0,[]
2020-00086,L2023-00036-1,공사,우즈베키스탄 우르겐치 직업훈련원 건립 및 타슈켄트 교사연수센터 건립사업 시공업체선정 현지입찰,1,L2023-00036-1/붙임3_입찰관련서류_검토완_0717/Section 4.  Bill of Quantities(Not-Priced)/공내역서/VTC견적서/8 ПОЖАРНАЯ ЕМЪКОСТЬ(Fire Tank)/8-3 ЭО(Electric)/bv13730.xls,.xls,90112,a6ce3182f24e613f5aae906cca546b8467389ab8803175c900c5edc80050bdb9,0,1,1,,0,0,0,0,,,,0.0,[]
2020-00086,L2023-00036-1,공사,우즈베키스탄 우르겐치 직업훈련원 건립 및 타슈켄트 교사연수센터 건립사업 시공업체선정 현지입찰,1,L2023-00036-1/붙임3_입찰관련서류_검토완_0717/Section 4.  Bill of Quantities(Not-Priced)/공내역서/VTC견적서/8 ПОЖАРНАЯ ЕМЪКОСТЬ(Fire Tank)/8-2 ТХ(Technology Plan)/13603_vfor.xls,.xls,35840,aef3e1723acd7e063007694bdea3257d0d9172d1dfd94eea0adef60ffec47c04,0,1,1,,0,0,0,0,,,,0.0,[]
2020-00086,L2023-00036-1,공사,우즈베키스탄 우르겐치 직업훈련원 건립 및 타슈켄트 교사연수센터 건립사업 시공업체선정 현지입찰,1,L2023-00036-1/붙임3_입찰관련서류_검토완_0717/Section 4.  Bill of Quantities(Not-Priced)/공내역서/VTC견적서/8 ПОЖАРНАЯ ЕМЪКОСТЬ(Fire Tank)/8-2 ТХ(Technology Plan)/bv13600.xls,.xls,80896,c8b47be5d6000bcdfeef410c167b93e50c2f883be060652b37ff38542a97986f,0,1,1,,0,0,0,0,,,,0.0,[]
2020-00086,L2023-00036-1,공사,우즈베키스탄 우르겐치 직업훈련원 건립 및 타슈켄트 교사연수센터 건립사업 시공업체선정 현지입찰,1,L2023-00036-1/붙임3_입찰관련서류_검토완_0717/Section 4.  Bill of Quantities(Not-Priced)/공내역서/VTC견적서/8 ПОЖАРНАЯ ЕМЪКОСТЬ(Fire Tank)/8-2 ТХ(Technology Plan)/13603_vrmu.xls,.xls,53248,59e7c73eb0916c52e8edb0dc9f78a1ba785db1d8b39138ad6aae1b088f8c61f6,0,1,1,,1,59,1,0,Лист1,visible,8,0.01694915254237288,"[{""sheet"": ""Лист1"", ""sheet_state"": ""visible"", ""header_row"": 8, ""quantity_rows"": 59, ""rate_rows"": 1, ""amount_rows"": 1, ""priced_rows"": 1, ""priced_ratio"": 0.01694915254237288, ""description_columns"": ""B"", ""quantity_columns"": ""E"", ""rate_columns"": ""F"", ""amount_columns"": ""F""}]"
2020-00086,L2023-00036-1,공사,우즈베키스탄 우르겐치 직업훈련원 건립 및 타슈켄트 교사연수센터 건립사업 시공업체선정 현지입찰,1,L2023-00036-1/붙임3_입찰관련서류_검토완_0717/Section 4.  Bill of Quantities(Not-Priced)/공내역서/VTC견적서/8 ПОЖАРНАЯ ЕМЪКОСТЬ(Fire Tank)/8-1 АС(Architecture+Structure)/bv13560.xls,.xls,143360,c0c38b80f51c65331020314872a4530efa2890a349a0bbfbe7546f3d325f3c4c,0,1,1,,0,0,0,0,,,,0.0,[]
2020-00086,L2023-00036-1,공사,우즈베키스탄 우르겐치 직업훈련원 건립 및 타슈켄트 교사연수센터 건립사업 시공업체선정 현지입찰,1,L2023-00036-1/붙임3_입찰관련서류_검토완_0717/Section 4.  Bill of Quantities(Not-Priced)/공내역서/VTC견적서/8 ПОЖАРНАЯ ЕМЪКОСТЬ(Fire Tank)/8-1 АС(Architecture+Structure)/13563_vrmu.xls,.xls,56832,79e14b24c7df19631df2b8c58f12863b08e7aa7d66983b2990f8ef0923fe886f,0,1,1,,1,80,1,0,Лист1,visible,8,0.0125,"[{""sheet"": ""Лист1"", ""sheet_state"": ""visible"", ""header_row"": 8, ""quantity_rows"": 80, ""rate_rows"": 1, ""amount_rows"": 1, ""priced_rows"": 1, ""priced_ratio"": 0.0125, ""description_columns"": ""B"", ""quantity_columns"": ""E"", ""rate_columns"": ""F"", ""amount_columns"": ""F""}]"
2020-00086,L2023-00036-1,공사,우즈베키스탄 우르겐치 직업훈련원 건립 및 타슈켄트 교사연수센터 건립사업 시공업체선정 현지입찰,1,L2023-00036-1/붙임3_입찰관련서류_검토완_0717/Section 4.  Bill of Quantities(Not-Priced)/공내역서/VTC견적서/8 ПОЖАРНАЯ ЕМЪКОСТЬ(Fire Tank)/8-1 АС(Architecture+Structure)/13563_vfor.xls,.xls,48128,be5b745b940f05f1f41e44ed150503de2709f71b2406a43b2625fbeb73d92ced,0,1,1,,0,0,0,0,,,,0.0,[]
2020-00086,L2023-00036-1,공사,우즈베키스탄 우르겐치 직업훈련원 건립 및 타슈켄트 교사연수센터 건립사업 시공업체선정 현지입찰,1,"L2023-00036-1/붙임3_입찰관련서류_검토완_0717/Section 4.  Bill of Quantities(Not-Priced)/공내역서/VTC견적서/3 ОБЩЕЖИТИЕ(Dormitory)/3-7 ВН, СКС(CCTV & Network)/13303_vfor.xls",.xls,48640,5a18635d72aa11084ea9ace6f157b8628ca9366276bd4b01f0389389eb69dd15,0,1,1,,0,0,0,0,,,,0.0,[]
2020-00086,L2023-00036-1,공사,우즈베키스탄 우르겐치 직업훈련원 건립 및 타슈켄트 교사연수센터 건립사업 시공업체선정 현지입찰,1,"L2023-00036-1/붙임3_입찰관련서류_검토완_0717/Section 4.  Bill of Quantities(Not-Priced)/공내역서/VTC견적서/3 ОБЩЕЖИТИЕ(Dormitory)/3-7 ВН, СКС(CCTV & Network)/bv13300.xls",.xls,91136,eabe1189fd53fa553a7256019fdcd183629f090a5817c504e1c9f65e297f4127,0,1,1,,0,0,0,0,,,,0.0,[]
2020-00086,L2023-00036-1,공사,우즈베키스탄 우르겐치 직업훈련원 건립 및 타슈켄트 교사연수센터 건립사업 시공업체선정 현지입찰,1,"L2023-00036-1/붙임3_입찰관련서류_검토완_0717/Section 4.  Bill of Quantities(Not-Priced)/공내역서/VTC견적서/3 ОБЩЕЖИТИЕ(Dormitory)/3-7 ВН, СКС(CCTV & Network)/13303_vrmu.xls",.xls,55808,1446b4e9d4ca55f00683876eb3b47e8dfe2d96fd5f8331a988ddeb69272efd21,0,1,1,,1,81,1,0,Лист1,visible,8,0.012345679012345678,"[{""sheet"": ""Лист1"", ""sheet_state"": ""visible"", ""header_row"": 8, ""quantity_rows"": 81, ""rate_rows"": 1, ""amount_rows"": 1, ""priced_rows"": 1, ""priced_ratio"": 0.012345679012345678, ""description_columns"": ""B"", ""quantity_columns"": ""E"", ""rate_columns"": ""F"", ""amount_columns"": ""F""}]"
2020-00086,L2023-00036-1,공사,우즈베키스탄 우르겐치 직업훈련원 건립 및 타슈켄트 교사연수센터 건립사업 시공업체선정 현지입찰,1,L2023-00036-1/붙임3_입찰관련서류_검토완_0717/Section 4.  Bill of Quantities(Not-Priced)/공내역서/VTC견적서/3 ОБЩЕЖИТИЕ(Dormitory)/3-6 ПС(Fire Alarm)/13293_vfor.xls,.xls,47616,13504304f6bbd4c322400660e78166be924c5a8a3f7a3d2fa32ea8eaabd6d151,0,1,1,,0,0,0,0,,,,0.0,[]
2020-00086,L2023-00036-1,공사,우즈베키스탄 우르겐치 직업훈련원 건립 및 타슈켄트 교사연수센터 건립사업 시공업체선정 현지입찰,1,L2023-00036-1/붙임3_입찰관련서류_검토완_0717/Section 4.  Bill of Quantities(Not-Priced)/공내역서/VTC견적서/3 ОБЩЕЖИТИЕ(Dormitory)/3-6 ПС(Fire Alarm)/13293_vrmu.xls,.xls,52736,d247ad0533474b0b1cedc26fffab2c9b866c1246de159a021e5b366aabc19286,0,1,1,,1,62,1,0,Лист1,visible,8,0.016129032258064516,"[{""sheet"": ""Лист1"", ""sheet_state"": ""visible"", ""header_row"": 8, ""quantity_rows"": 62, ""rate_rows"": 1, ""amount_rows"": 1, ""priced_rows"": 1, ""priced_ratio"": 0.016129032258064516, ""description_columns"": ""B"", ""quantity_columns"": ""E"", ""rate_columns"": ""F"", ""amount_columns"": ""F""}]"
2020-00086,L2023-00036-1,공사,우즈베키스탄 우르겐치 직업훈련원 건립 및 타슈켄트 교사연수센터 건립사업 시공업체선정 현지입찰,1,L2023-00036-1/붙임3_입찰관련서류_검토완_0717/Section 4.  Bill of Quantities(Not-Priced)/공내역서/VTC견적서/3 ОБЩЕЖИТИЕ(Dormitory)/3-6 ПС(Fire Alarm)/bv13290.xls,.xls,86016,e18ef7fec05891daaad5066075ed8900b09d1ea1449184f0063fbb372759596e,0,1,1,,0,0,0,0,,,,0.0,[]
2020-00086,L2023-00036-1,공사,우즈베키스탄 우르겐치 직업훈련원 건립 및 타슈켄트 교사연수센터 건립사업 시공업체선정 현지입찰,1,L2023-00036-1/붙임3_입찰관련서류_검토완_0717/Section 4.  Bill of Quantities(Not-Priced)/공내역서/VTC견적서/3 ОБЩЕЖИТИЕ(Dormitory)/3-2 АР(Architecture)/13093_vrmu.xls,.xls,71168,e74ff7123038365d8a0bdcd1c7b2209df8480aa897b3fc0679910a92028a4f3e,0,1,1,,1,145,1,0,Лист1,visible,8,0.006896551724137931,"[{""sheet"": ""Лист1"", ""sheet_state"": ""visible"", ""header_row"": 8, ""quantity_rows"": 145, ""rate_rows"": 1, ""amount_rows"": 1, ""priced_rows"": 1, ""priced_ratio"": 0.006896551724137931, ""description_columns"": ""B"", ""quantity_columns"": ""E"", ""rate_columns"": ""F"", ""amount_columns"": ""F""}]"
2020-00086,L2023-00036-1,공사,우즈베키스탄 우르겐치 직업훈련원 건립 및 타슈켄트 교사연수센터 건립사업 시공업체선정 현지입찰,1,L2023-00036-1/붙임3_입찰관련서류_검토완_0717/Section 4.  Bill of Quantities(Not-Priced)/공내역서/VTC견적서/3 ОБЩЕЖИТИЕ(Dormitory)/3-2 АР(Architecture)/13093_vfor.xls,.xls,60928,4d47568603d5e187d1e4c7fb6f4d61f9bbfd00c2e5ce279aa4cbc3e286009fda,0,1,1,,0,0,0,0,,,,0.0,[]
2020-00086,L2023-00036-1,공사,우즈베키스탄 우르겐치 직업훈련원 건립 및 타슈켄트 교사연수센터 건립사업 시공업체선정 현지입찰,1,L2023-00036-1/붙임3_입찰관련서류_검토완_0717/Section 4.  Bill of Quantities(Not-Priced)/공내역서/VTC견적서/3 ОБЩЕЖИТИЕ(Dormitory)/3-2 АР(Architecture)/bv13090.xls,.xls,209920,1685986296491a91628263cbf83b83623c64d74dd57af717e61f8666ff120e05,0,1,1,,0,0,0,0,,,,0.0,[]
2020-00086,L2023-00036-1,공사,우즈베키스탄 우르겐치 직업훈련원 건립 및 타슈켄트 교사연수센터 건립사업 시공업체선정 현지입찰,1,L2023-00036-1/붙임3_입찰관련서류_검토완_0717/Section 4.  Bill of Quantities(Not-Priced)/공내역서/VTC견적서/3 ОБЩЕЖИТИЕ(Dormitory)/3-5 ЭО(Electric)/bv13390.xls,.xls,160768,f253090ffac6492dc866ebd21e5932b06eb5866828914246cdec489ba998f2e4,0,1,1,,0,0,0,0,,,,0.0,[]
2020-00086,L2023-00036-1,공사,우즈베키스탄 우르겐치 직업훈련원 건립 및 타슈켄트 교사연수센터 건립사업 시공업체선정 현지입찰,1,L2023-00036-1/붙임3_입찰관련서류_검토완_0717/Section 4.  Bill of Quantities(Not-Priced)/공내역서/VTC견적서/3 ОБЩЕЖИТИЕ(Dormitory)/3-5 ЭО(Electric)/13393_vfor.xls,.xls,74752,c57faedafd23f56233bfb4c2b31f065e2adce41022cc4128bd3c30ee9cca34fb,0,1,1,,0,0,0,0,,,,0.0,[]
2020-00086,L2023-00036-1,공사,우즈베키스탄 우르겐치 직업훈련원 건립 및 타슈켄트 교사연수센터 건립사업 시공업체선정 현지입찰,1,L2023-00036-1/붙임3_입찰관련서류_검토완_0717/Section 4.  Bill of Quantities(Not-Priced)/공내역서/VTC견적서/3 ОБЩЕЖИТИЕ(Dormitory)/3-5 ЭО(Electric)/13393_vrmu.xls,.xls,78336,7add88d19ffe23920e0d357509a9de1536402bfcbd3a0ea5b119baa189db15ee,0,1,1,,0,0,0,0,,,,0.0,[]
2020-00086,L2023-00036-1,공사,우즈베키스탄 우르겐치 직업훈련원 건립 및 타슈켄트 교사연수센터 건립사업 시공업체선정 현지입찰,1,L2023-00036-1/붙임3_입찰관련서류_검토완_0717/Section 4.  Bill of Quantities(Not-Priced)/공내역서/VTC견적서/3 ОБЩЕЖИТИЕ(Dormitory)/3-9 ГСВ(Gas)/13453_vfor.xls,.xls,44544,b2b073542fbb835fe4e72757b8f29fa046145334ce54790769524e09e869dc87,0,1,1,,0,0,0,0,,,,0.0,[]
2020-00086,L2023-00036-1,공사,우즈베키스탄 우르겐치 직업훈련원 건립 및 타슈켄트 교사연수센터 건립사업 시공업체선정 현지입찰,1,L2023-00036-1/붙임3_입찰관련서류_검토완_0717/Section 4.  Bill of Quantities(Not-Priced)/공내역서/VTC견적서/3 ОБЩЕЖИТИЕ(Dormitory)/3-9 ГСВ(Gas)/13453_vrmu.xls,.xls,54272,3d2cb67c9a0dde2603871acfa78f9950ff40dd7781efbc8177d683b0c6dcf091,0,1,1,,1,71,1,0,Лист1,visible,8,0.014084507042253521,"[{""sheet"": ""Лист1"", ""sheet_state"": ""visible"", ""header_row"": 8, ""quantity_rows"": 71, ""rate_rows"": 1, ""amount_rows"": 1, ""priced_rows"": 1, ""priced_ratio"": 0.014084507042253521, ""description_columns"": ""B"", ""quantity_columns"": ""E"", ""rate_columns"": ""F"", ""amount_columns"": ""F""}]"
2020-00086,L2023-00036-1,공사,우즈베키스탄 우르겐치 직업훈련원 건립 및 타슈켄트 교사연수센터 건립사업 시공업체선정 현지입찰,1,L2023-00036-1/붙임3_입찰관련서류_검토완_0717/Section 4.  Bill of Quantities(Not-Priced)/공내역서/VTC견적서/3 ОБЩЕЖИТИЕ(Dormitory)/3-9 ГСВ(Gas)/bv13450.xls,.xls,101888,5f4deb4ba0c0096f69c68e61171f182e5ed846594ec98a23e310f3970c06fa71,0,1,1,,0,0,0,0,,,,0.0,[]
2020-00086,L2023-00036-1,공사,우즈베키스탄 우르겐치 직업훈련원 건립 및 타슈켄트 교사연수센터 건립사업 시공업체선정 현지입찰,1,L2023-00036-1/붙임3_입찰관련서류_검토완_0717/Section 4.  Bill of Quantities(Not-Priced)/공내역서/VTC견적서/3 ОБЩЕЖИТИЕ(Dormitory)/3-8 ТМ(Boiler & Solar heating)/13443_vrmu.xls,.xls,86528,d3c0a88886331817cb71e9575b7bdf7dcfbffd63454a29c052460c96407dc642,0,1,1,,1,174,1,0,Лист1,visible,8,0.005747126436781609,"[{""sheet"": ""Лист1"", ""sheet_state"": ""visible"", ""header_row"": 8, ""quantity_rows"": 174, ""rate_rows"": 1, ""amount_rows"": 1, ""priced_rows"": 1, ""priced_ratio"": 0.005747126436781609, ""description_columns"": ""B"", ""quantity_columns"": ""E"", ""rate_columns"": ""F"", ""amount_columns"": ""F""}]"
2020-00086,L2023-00036-1,공사,우즈베키스탄 우르겐치 직업훈련원 건립 및 타슈켄트 교사연수센터 건립사업 시공업체선정 현지입찰,1,L2023-00036-1/붙임3_입찰관련서류_검토완_0717/Section 4.  Bill of Quantities(Not-Priced)/공내역서/VTC견적서/3 ОБЩЕЖИТИЕ(Dormitory)/3-8 ТМ(Boiler & Solar heating)/bv13440.xls,.xls,176128,8f851a4587465612841b0497ea7ac0167998ac563b5dd9f8fd3cf937c6d20e25,0,1,1,,0,0,0,0,,,,0.0,[]
2020-00086,L2023-00036-1,공사,우즈베키스탄 우르겐치 직업훈련원 건립 및 타슈켄트 교사연수센터 건립사업 시공업체선정 현지입찰,1,L2023-00036-1/붙임3_입찰관련서류_검토완_0717/Section 4.  Bill of Quantities(Not-Priced)/공내역서/VTC견적서/3 ОБЩЕЖИТИЕ(Dormitory)/3-8 ТМ(Boiler & Solar heating)/13443_vfor.xls,.xls,70144,95536513d6bf3158fb4d65daa1a681e30df8970af4be141270aaa7b89bb0d95a,0,1,1,,0,0,0,0,,,,0.0,[]
2020-00086,L2023-00036-1,공사,우즈베키스탄 우르겐치 직업훈련원 건립 및 타슈켄트 교사연수센터 건립사업 시공업체선정 현지입찰,1,L2023-00036-1/붙임3_입찰관련서류_검토완_0717/Section 4.  Bill of Quantities(Not-Priced)/공내역서/VTC견적서/3 ОБЩЕЖИТИЕ(Dormitory)/3-3 ОВ(Heating & Ventilation)/13103_vrmu.xls,.xls,61440,1e94bb5552421589790c2b57554f506b5f1f0d69289ff4eee0eadf0c4411484b,0,1,1,,1,87,1,0,Лист1,visible,8,0.011494252873563218,"[{""sheet"": ""Лист1"", ""sheet_state"": ""visible"", ""header_row"": 8, ""quantity_rows"": 87, ""rate_rows"": 1, ""amount_rows"": 1, ""priced_rows"": 1, ""priced_ratio"": 0.011494252873563218, ""description_columns"": ""B"", ""quantity_columns"": ""E"", ""rate_columns"": ""F"", ""amount_columns"": ""F""}]"
2020-00086,L2023-00036-1,공사,우즈베키스탄 우르겐치 직업훈련원 건립 및 타슈켄트 교사연수센터 건립사업 시공업체선정 현지입찰,1,L2023-00036-1/붙임3_입찰관련서류_검토완_0717/Section 4.  Bill of Quantities(Not-Priced)/공내역서/VTC견적서/3 ОБЩЕЖИТИЕ(Dormitory)/3-3 ОВ(Heating & Ventilation)/bv13100.xls,.xls,118784,7a6af10e951e5b9fb0bc177d931c4ff15c4ecb1ebe83088b80ad66656bcd9ec6,0,1,1,,0,0,0,0,,,,0.0,[]
2020-00086,L2023-00036-1,공사,우즈베키스탄 우르겐치 직업훈련원 건립 및 타슈켄트 교사연수센터 건립사업 시공업체선정 현지입찰,1,L2023-00036-1/붙임3_입찰관련서류_검토완_0717/Section 4.  Bill of Quantities(Not-Priced)/공내역서/VTC견적서/3 ОБЩЕЖИТИЕ(Dormitory)/3-3 ОВ(Heating & Ventilation)/13103_vfor.xls,.xls,51712,fc72408b079aa86e3fe987541b5e7735bf43a368e9fe333d8ae13603fde2a81f,0,1,1,,0,0,0,0,,,,0.0,[]
2020-00086,L2023-00036-1,공사,우즈베키스탄 우르겐치 직업훈련원 건립 및 타슈켄트 교사연수센터 건립사업 시공업체선정 현지입찰,1,L2023-00036-1/붙임3_입찰관련서류_검토완_0717/Section 4.  Bill of Quantities(Not-Priced)/공내역서/VTC견적서/3 ОБЩЕЖИТИЕ(Dormitory)/3-4 ВК(Water & Sewer & Fireplug)/13113_vfor.xls,.xls,62464,73e6dd7aa52e8cf03b392cc81de31620bc3e272e464fc12dbcafaed5d7906cd7,0,1,1,,0,0,0,0,,,,0.0,[]
2020-00086,L2023-00036-1,공사,우즈베키스탄 우르겐치 직업훈련원 건립 및 타슈켄트 교사연수센터 건립사업 시공업체선정 현지입찰,1,L2023-00036-1/붙임3_입찰관련서류_검토완_0717/Section 4.  Bill of Quantities(Not-Priced)/공내역서/VTC견적서/3 ОБЩЕЖИТИЕ(Dormitory)/3-4 ВК(Water & Sewer & Fireplug)/bv13110.xls,.xls,162816,88307ab28fb3650d960a3f58562bd7c34d3a46f3916c3f9c302c8d91b33946f4,0,1,1,,0,0,0,0,,,,0.0,[]
2020-00086,L2023-00036-1,공사,우즈베키스탄 우르겐치 직업훈련원 건립 및 타슈켄트 교사연수센터 건립사업 시공업체선정 현지입찰,1,L2023-00036-1/붙임3_입찰관련서류_검토완_0717/Section 4.  Bill of Quantities(Not-Priced)/공내역서/VTC견적서/3 ОБЩЕЖИТИЕ(Dormitory)/3-4 ВК(Water & Sewer & Fireplug)/13113_vrmu.xls,.xls,78336,23bb6dcb0e3ca3d9e11440aeecc7927f87168d16d5a2fb32594cc8f7c510f911,0,1,1,,0,0,0,0,,,,0.0,[]
2020-00086,L2023-00036-1,공사,우즈베키스탄 우르겐치 직업훈련원 건립 및 타슈켄트 교사연수센터 건립사업 시공업체선정 현지입찰,1,L2023-00036-1/붙임3_입찰관련서류_검토완_0717/Section 4.  Bill of Quantities(Not-Priced)/공내역서/VTC견적서/3 ОБЩЕЖИТИЕ(Dormitory)/3-1 КЖ(Structure)/13023_vrmu.xls,.xls,71168,1cd9211b72104c9dc7f6eee96daa2851e9bdb7ba1e1883dd402b4f613cca8d8f,0,1,1,,1,130,1,0,Лист1,visible,8,0.007692307692307693,"[{""sheet"": ""Лист1"", ""sheet_state"": ""visible"", ""header_row"": 8, ""quantity_rows"": 130, ""rate_rows"": 1, ""amount_rows"": 1, ""priced_rows"": 1, ""priced_ratio"": 0.007692307692307693, ""description_columns"": ""B"", ""quantity_columns"": ""E"", ""rate_columns"": ""F"", ""amount_columns"": ""F""}]"
2020-00086,L2023-00036-1,공사,우즈베키스탄 우르겐치 직업훈련원 건립 및 타슈켄트 교사연수센터 건립사업 시공업체선정 현지입찰,1,L2023-00036-1/붙임3_입찰관련서류_검토완_0717/Section 4.  Bill of Quantities(Not-Priced)/공내역서/VTC견적서/3 ОБЩЕЖИТИЕ(Dormitory)/3-1 КЖ(Structure)/13023_vfor.xls,.xls,71168,673a85f5a1e9b6b7350bf66f3c67c715335e2cd418a95188f312dcbd098d438a,0,1,1,,1,219,0,0,Лист1,visible,9,0.0,"[{""sheet"": ""Лист1"", ""sheet_state"": ""visible"", ""header_row"": 9, ""quantity_rows"": 219, ""rate_rows"": 0, ""amount_rows"": 0, ""priced_rows"": 0, ""priced_ratio"": 0.0, ""description_columns"": ""A;B;C"", ""quantity_columns"": ""E"", ""rate_columns"": """", ""amount_columns"": """"}]"
2020-00086,L2023-00036-1,공사,우즈베키스탄 우르겐치 직업훈련원 건립 및 타슈켄트 교사연수센터 건립사업 시공업체선정 현지입찰,1,L2023-00036-1/붙임3_입찰관련서류_검토완_0717/Section 4.  Bill of Quantities(Not-Priced)/공내역서/VTC견적서/3 ОБЩЕЖИТИЕ(Dormitory)/3-1 КЖ(Structure)/bv13020.xls,.xls,286208,aee487d6db0fed682c28fabba84e56d3b2d993351976b6197fbf6df4e3bc0506,0,1,1,,1,1374,0,0,3-1_ЛРВ,visible,10,0.0,"[{""sheet"": ""3-1_ЛРВ"", ""sheet_state"": ""visible"", ""header_row"": 10, ""quantity_rows"": 1374, ""rate_rows"": 0, ""amount_rows"": 0, ""priced_rows"": 0, ""priced_ratio"": 0.0, ""description_columns"": ""C;D"", ""quantity_columns"": ""F"", ""rate_columns"": """", ""amount_columns"": """"}]"
2020-00086,L2023-00036-1,공사,우즈베키스탄 우르겐치 직업훈련원 건립 및 타슈켄트 교사연수센터 건립사업 시공업체선정 현지입찰,1,L2023-00036-1/붙임3_입찰관련서류_검토완_0717/Section 4.  Bill of Quantities(Not-Priced)/공내역서/VTC견적서/7 КОМПРЕССОРАНЯ(Comp.+GAS storage)/7-3 ЭО(Electric)/bv13500.xls,.xls,76800,774c07e5846d462fcc00eda8f335b28050758f61dee53d10a4a56e44d829b2bb,0,1,1,,0,0,0,0,,,,0.0,[]
2020-00086,L2023-00036-1,공사,우즈베키스탄 우르겐치 직업훈련원 건립 및 타슈켄트 교사연수센터 건립사업 시공업체선정 현지입찰,1,L2023-00036-1/붙임3_입찰관련서류_검토완_0717/Section 4.  Bill of Quantities(Not-Priced)/공내역서/VTC견적서/7 КОМПРЕССОРАНЯ(Comp.+GAS storage)/7-3 ЭО(Electric)/13503_vrmu.xls,.xls,51200,557a980a68981d94391b523dccdccf4e876c9d6dcae8e97a692aa94929ddbec5,0,1,1,,1,51,1,0,Лист1,visible,8,0.0196078431372549,"[{""sheet"": ""Лист1"", ""sheet_state"": ""visible"", ""header_row"": 8, ""quantity_rows"": 51, ""rate_rows"": 1, ""amount_rows"": 1, ""priced_rows"": 1, ""priced_ratio"": 0.0196078431372549, ""description_columns"": ""B"", ""quantity_columns"": ""E"", ""rate_columns"": ""F"", ""amount_columns"": ""F""}]"
2020-00086,L2023-00036-1,공사,우즈베키스탄 우르겐치 직업훈련원 건립 및 타슈켄트 교사연수센터 건립사업 시공업체선정 현지입찰,1,L2023-00036-1/붙임3_입찰관련서류_검토완_0717/Section 4.  Bill of Quantities(Not-Priced)/공내역서/VTC견적서/7 КОМПРЕССОРАНЯ(Comp.+GAS storage)/7-3 ЭО(Electric)/13503_vfor.xls,.xls,44544,fba80ba25d76993629553bd43cccae9188ce442e97030bea9bec4d66366073e1,0,1,1,,0,0,0,0,,,,0.0,[]
2020-00086,L2023-00036-1,공사,우즈베키스탄 우르겐치 직업훈련원 건립 및 타슈켄트 교사연수센터 건립사업 시공업체선정 현지입찰,1,L2023-00036-1/붙임3_입찰관련서류_검토완_0717/Section 4.  Bill of Quantities(Not-Priced)/공내역서/VTC견적서/7 КОМПРЕССОРАНЯ(Comp.+GAS storage)/7-1 КЖ(Structure)/bv13070.xls,.xls,126464,9d15fc0b7e8c4ef335b01731a25fd915a06431f5b409d64ed8e75bdf471e8c99,0,1,1,,0,0,0,0,,,,0.0,[]
2020-00086,L2023-00036-1,공사,우즈베키스탄 우르겐치 직업훈련원 건립 및 타슈켄트 교사연수센터 건립사업 시공업체선정 현지입찰,1,L2023-00036-1/붙임3_입찰관련서류_검토완_0717/Section 4.  Bill of Quantities(Not-Priced)/공내역서/VTC견적서/7 КОМПРЕССОРАНЯ(Comp.+GAS storage)/7-1 КЖ(Structure)/13073_vfor.xls,.xls,45056,d4075fede6ca06f6e076cc3a33d9c66485d394bc84c4f6204421ee0751c41c29,0,1,1,,0,0,0,0,,,,0.0,[]
2020-00086,L2023-00036-1,공사,우즈베키스탄 우르겐치 직업훈련원 건립 및 타슈켄트 교사연수센터 건립사업 시공업체선정 현지입찰,1,L2023-00036-1/붙임3_입찰관련서류_검토완_0717/Section 4.  Bill of Quantities(Not-Priced)/공내역서/VTC견적서/7 КОМПРЕССОРАНЯ(Comp.+GAS storage)/7-1 КЖ(Structure)/13073_vrmu.xls,.xls,57344,b2b87877d1df201ff70c4fded29e0c808c0cf38b05ea0ef976abf05e5e3bb3f1,0,1,1,,1,85,1,0,Лист1,visible,8,0.011764705882352941,"[{""sheet"": ""Лист1"", ""sheet_state"": ""visible"", ""header_row"": 8, ""quantity_rows"": 85, ""rate_rows"": 1, ""amount_rows"": 1, ""priced_rows"": 1, ""priced_ratio"": 0.011764705882352941, ""description_columns"": ""B"", ""quantity_columns"": ""E"", ""rate_columns"": ""F"", ""amount_columns"": ""F""}]"
2020-00086,L2023-00036-1,공사,우즈베키스탄 우르겐치 직업훈련원 건립 및 타슈켄트 교사연수센터 건립사업 시공업체선정 현지입찰,1,L2023-00036-1/붙임3_입찰관련서류_검토완_0717/Section 4.  Bill of Quantities(Not-Priced)/공내역서/VTC견적서/7 КОМПРЕССОРАНЯ(Comp.+GAS storage)/7-2 АР(Architecture)/13083_vfor.xls,.xls,37888,0d0641098aaf99e56a206db663b79287befbb026eb9ae10d31713fe26751af88,0,1,1,,0,0,0,0,,,,0.0,[]
2020-00086,L2023-00036-1,공사,우즈베키스탄 우르겐치 직업훈련원 건립 및 타슈켄트 교사연수센터 건립사업 시공업체선정 현지입찰,1,L2023-00036-1/붙임3_입찰관련서류_검토완_0717/Section 4.  Bill of Quantities(Not-Priced)/공내역서/VTC견적서/7 КОМПРЕССОРАНЯ(Comp.+GAS storage)/7-2 АР(Architecture)/13083_vrmu.xls,.xls,48128,69688f446686a4d38925437ff702119b6f61b5ee8d3b5ed975f2c10dfc6291a5,0,1,1,,1,48,1,0,Лист1,visible,8,0.020833333333333332,"[{""sheet"": ""Лист1"", ""sheet_state"": ""visible"", ""header_row"": 8, ""quantity_rows"": 48, ""rate_rows"": 1, ""amount_rows"": 1, ""priced_rows"": 1, ""priced_ratio"": 0.020833333333333332, ""description_columns"": ""B"", ""quantity_columns"": ""E"", ""rate_columns"": ""F"", ""amount_columns"": ""F""}]"
2020-00086,L2023-00036-1,공사,우즈베키스탄 우르겐치 직업훈련원 건립 및 타슈켄트 교사연수센터 건립사업 시공업체선정 현지입찰,1,L2023-00036-1/붙임3_입찰관련서류_검토완_0717/Section 4.  Bill of Quantities(Not-Priced)/공내역서/VTC견적서/7 КОМПРЕССОРАНЯ(Comp.+GAS storage)/7-2 АР(Architecture)/bv13080.xls,.xls,76800,49259d752c40853e7e634831a6035f4fc055b29c0dc905b007f082fffb42211e,0,1,1,,0,0,0,0,,,,0.0,[]
2020-00086,L2023-00036-1,공사,우즈베키스탄 우르겐치 직업훈련원 건립 및 타슈켄트 교사연수센터 건립사업 시공업체선정 현지입찰,1,L2023-00036-1/붙임3_입찰관련서류_검토완_0717/Section 4.  Bill of Quantities(Not-Priced)/공내역서/VTC견적서/0 ГП(Site Plan & Landscape+Outdoor Infra)/0-4 ФЛАГШТОК(Flog pole)/13643_vfor.xls,.xls,36352,67966ce0d47aa65517abf1ac5bf4144c07e48cd2eaba531279ab70cb9dfbf6a2,0,1,1,,0,0,0,0,,,,0.0,[]
2020-00086,L2023-00036-1,공사,우즈베키스탄 우르겐치 직업훈련원 건립 및 타슈켄트 교사연수센터 건립사업 시공업체선정 현지입찰,1,L2023-00036-1/붙임3_입찰관련서류_검토완_0717/Section 4.  Bill of Quantities(Not-Priced)/공내역서/VTC견적서/0 ГП(Site Plan & Landscape+Outdoor Infra)/0-4 ФЛАГШТОК(Flog pole)/bv13640.xls,.xls,79872,c2bccc679e99fec40afa6d24486761ae70a294b045dc7ac6cac4d9f7e61c164e,0,1,1,,0,0,0,0,,,,0.0,[]
2020-00086,L2023-00036-1,공사,우즈베키스탄 우르겐치 직업훈련원 건립 및 타슈켄트 교사연수센터 건립사업 시공업체선정 현지입찰,1,L2023-00036-1/붙임3_입찰관련서류_검토완_0717/Section 4.  Bill of Quantities(Not-Priced)/공내역서/VTC견적서/0 ГП(Site Plan & Landscape+Outdoor Infra)/0-4 ФЛАГШТОК(Flog pole)/13643_vrmu.xls,.xls,55808,0f5b9d6f0d88cc8062fa6c5a0843bc51ec0ce77b9910f927cd9e6825241e7974,0,1,1,,1,79,1,0,Лист1,visible,8,0.012658227848101266,"[{""sheet"": ""Лист1"", ""sheet_state"": ""visible"", ""header_row"": 8, ""quantity_rows"": 79, ""rate_rows"": 1, ""amount_rows"": 1, ""priced_rows"": 1, ""priced_ratio"": 0.012658227848101266, ""description_columns"": ""B"", ""quantity_columns"": ""E"", ""rate_columns"": ""F"", ""amount_columns"": ""F""}]"
2020-00086,L2023-00036-1,공사,우즈베키스탄 우르겐치 직업훈련원 건립 및 타슈켄트 교사연수센터 건립사업 시공업체선정 현지입찰,1,L2023-00036-1/붙임3_입찰관련서류_검토완_0717/Section 4.  Bill of Quantities(Not-Priced)/공내역서/VTC견적서/0 ГП(Site Plan & Landscape+Outdoor Infra)/0-10 ПВ(Landscape Water Piping)/bv13700.xls,.xls,108032,7fce9c3406ee12ced99948fe837cc6e8d07c7892479efffdac7037793b89f75d,0,1,1,,0,0,0,0,,,,0.0,[]
2020-00086,L2023-00036-1,공사,우즈베키스탄 우르겐치 직업훈련원 건립 및 타슈켄트 교사연수센터 건립사업 시공업체선정 현지입찰,1,L2023-00036-1/붙임3_입찰관련서류_검토완_0717/Section 4.  Bill of Quantities(Not-Priced)/공내역서/VTC견적서/0 ГП(Site Plan & Landscape+Outdoor Infra)/0-10 ПВ(Landscape Water Piping)/13703_vfor.xls,.xls,44544,223b6a365f4c188df7b71ab432b3cf0fb70ab37141f6befdb4176e797d1219a7,0,1,1,,0,0,0,0,,,,0.0,[]
2020-00086,L2023-00036-1,공사,우즈베키스탄 우르겐치 직업훈련원 건립 및 타슈켄트 교사연수센터 건립사업 시공업체선정 현지입찰,1,L2023-00036-1/붙임3_입찰관련서류_검토완_0717/Section 4.  Bill of Quantities(Not-Priced)/공내역서/VTC견적서/0 ГП(Site Plan & Landscape+Outdoor Infra)/0-10 ПВ(Landscape Water Piping)/13703_vrmu.xls,.xls,67584,340757e0a5f7ca107ff9763eb6e78032fa52480ae47709f5c93d4b4d8acb1301,0,1,1,,1,112,1,0,Лист1,visible,8,0.008928571428571428,"[{""sheet"": ""Лист1"", ""sheet_state"": ""visible"", ""header_row"": 8, ""quantity_rows"": 112, ""rate_rows"": 1, ""amount_rows"": 1, ""priced_rows"": 1, ""priced_ratio"": 0.008928571428571428, ""description_columns"": ""B"", ""quantity_columns"": ""E"", ""rate_columns"": ""F"", ""amount_columns"": ""F""}]"
2020-00086,L2023-00036-1,공사,우즈베키스탄 우르겐치 직업훈련원 건립 및 타슈켄트 교사연수센터 건립사업 시공업체선정 현지입찰,1,L2023-00036-1/붙임3_입찰관련서류_검토완_0717/Section 4.  Bill of Quantities(Not-Priced)/공내역서/VTC견적서/0 ГП(Site Plan & Landscape+Outdoor Infra)/0-6 ЭС(Outdoor Electric Infra)/bv13660.xls,.xls,85504,00539b077799596b299656474c20d1f2bce4a015e4e5986c8ec3ef060d1c92be,0,1,1,,0,0,0,0,,,,0.0,[]
2020-00086,L2023-00036-1,공사,우즈베키스탄 우르겐치 직업훈련원 건립 및 타슈켄트 교사연수센터 건립사업 시공업체선정 현지입찰,1,L2023-00036-1/붙임3_입찰관련서류_검토완_0717/Section 4.  Bill of Quantities(Not-Priced)/공내역서/VTC견적서/0 ГП(Site Plan & Landscape+Outdoor Infra)/0-6 ЭС(Outdoor Electric Infra)/13663_vfor.xls,.xls,37888,d6e264bc982e8ff16cc0d3f02f24b4bad1d12dac0c5106696da5050f02d894e3,0,1,1,,0,0,0,0,,,,0.0,[]
2020-00086,L2023-00036-1,공사,우즈베키스탄 우르겐치 직업훈련원 건립 및 타슈켄트 교사연수센터 건립사업 시공업체선정 현지입찰,1,L2023-00036-1/붙임3_입찰관련서류_검토완_0717/Section 4.  Bill of Quantities(Not-Priced)/공내역서/VTC견적서/0 ГП(Site Plan & Landscape+Outdoor Infra)/0-6 ЭС(Outdoor Electric Infra)/13663_vrmu.xls,.xls,55296,5211f233ecc117ba1086040ece1ad8ce7323d32f4a4e8d1cdd6e35537116f52f,0,1,1,,1,69,1,0,Лист1,visible,8,0.014492753623188406,"[{""sheet"": ""Лист1"", ""sheet_state"": ""visible"", ""header_row"": 8, ""quantity_rows"": 69, ""rate_rows"": 1, ""amount_rows"": 1, ""priced_rows"": 1, ""priced_ratio"": 0.014492753623188406, ""description_columns"": ""B"", ""quantity_columns"": ""E"", ""rate_columns"": ""F"", ""amount_columns"": ""F""}]"
2020-00086,L2023-00036-1,공사,우즈베키스탄 우르겐치 직업훈련원 건립 및 타슈켄트 교사연수센터 건립사업 시공업체선정 현지입찰,1,L2023-00036-1/붙임3_입찰관련서류_검토완_0717/Section 4.  Bill of Quantities(Not-Priced)/공내역서/VTC견적서/0 ГП(Site Plan & Landscape+Outdoor Infra)/0-3 БЕСЕДКА 5 ШТ(Pargola)/bv13630.xls,.xls,86016,89900deeb95cc6c3d44955a4322c7d0b36aa7b7469220c2d8969211de3a71e9f,0,1,1,,0,0,0,0,,,,0.0,[]
2020-00086,L2023-00036-1,공사,우즈베키스탄 우르겐치 직업훈련원 건립 및 타슈켄트 교사연수센터 건립사업 시공업체선정 현지입찰,1,L2023-00036-1/붙임3_입찰관련서류_검토완_0717/Section 4.  Bill of Quantities(Not-Priced)/공내역서/VTC견적서/0 ГП(Site Plan & Landscape+Outdoor Infra)/0-3 БЕСЕДКА 5 ШТ(Pargola)/13633_vrmu.xls,.xls,54784,91cd41b13250e518545986d37e21277c42f67ff63baa4fc5aa5bd8526a10da10,0,1,1,,1,71,1,0,Лист1,visible,8,0.014084507042253521,"[{""sheet"": ""Лист1"", ""sheet_state"": ""visible"", ""header_row"": 8, ""quantity_rows"": 71, ""rate_rows"": 1, ""amount_rows"": 1, ""priced_rows"": 1, ""priced_ratio"": 0.014084507042253521, ""description_columns"": ""B"", ""quantity_columns"": ""E"", ""rate_columns"": ""F"", ""amount_columns"": ""F""}]"
2020-00086,L2023-00036-1,공사,우즈베키스탄 우르겐치 직업훈련원 건립 및 타슈켄트 교사연수센터 건립사업 시공업체선정 현지입찰,1,L2023-00036-1/붙임3_입찰관련서류_검토완_0717/Section 4.  Bill of Quantities(Not-Priced)/공내역서/VTC견적서/0 ГП(Site Plan & Landscape+Outdoor Infra)/0-3 БЕСЕДКА 5 ШТ(Pargola)/13633_vfor.xls,.xls,34304,a4de5c64037addc65a3a0ea858a58150461f31b07ec98eb3374f87a100be5518,0,1,1,,0,0,0,0,,,,0.0,[]
2020-00086,L2023-00036-1,공사,우즈베키스탄 우르겐치 직업훈련원 건립 및 타슈켄트 교사연수센터 건립사업 시공업체선정 현지입찰,1,L2023-00036-1/붙임3_입찰관련서류_검토완_0717/Section 4.  Bill of Quantities(Not-Priced)/공내역서/VTC견적서/0 ГП(Site Plan & Landscape+Outdoor Infra)/0-12 АСКУЭ((Automatic Pump system)/13723_vfor.xls,.xls,33792,eb99c1117217bd159b2705fd3fdba4dca427dbfee616518108fed741a867e4a9,0,1,1,,0,0,0,0,,,,0.0,[]
2020-00086,L2023-00036-1,공사,우즈베키스탄 우르겐치 직업훈련원 건립 및 타슈켄트 교사연수센터 건립사업 시공업체선정 현지입찰,1,L2023-00036-1/붙임3_입찰관련서류_검토완_0717/Section 4.  Bill of Quantities(Not-Priced)/공내역서/VTC견적서/0 ГП(Site Plan & Landscape+Outdoor Infra)/0-12 АСКУЭ((Automatic Pump system)/13723_vrmu.xls,.xls,49152,748258beac5d82e7c3a847666f17f9ad1601ab24563b52999aa8e5d1b3e7ff6a,0,1,1,,1,48,1,0,Лист1,visible,8,0.020833333333333332,"[{""sheet"": ""Лист1"", ""sheet_state"": ""visible"", ""header_row"": 8, ""quantity_rows"": 48, ""rate_rows"": 1, ""amount_rows"": 1, ""priced_rows"": 1, ""priced_ratio"": 0.020833333333333332, ""description_columns"": ""B"", ""quantity_columns"": ""E"", ""rate_columns"": ""F"", ""amount_columns"": ""F""}]"
2020-00086,L2023-00036-1,공사,우즈베키스탄 우르겐치 직업훈련원 건립 및 타슈켄트 교사연수센터 건립사업 시공업체선정 현지입찰,1,L2023-00036-1/붙임3_입찰관련서류_검토완_0717/Section 4.  Bill of Quantities(Not-Priced)/공내역서/VTC견적서/0 ГП(Site Plan & Landscape+Outdoor Infra)/0-12 АСКУЭ((Automatic Pump system)/bv13720.xls,.xls,54784,73d4b495f41c4c5e62abe918e52313703f29267f7bda2774066dc0e5ffd96095,0,1,1,,0,0,0,0,,,,0.0,[]
2020-00086,L2023-00036-1,공사,우즈베키스탄 우르겐치 직업훈련원 건립 및 타슈켄트 교사연수센터 건립사업 시공업체선정 현지입찰,1,L2023-00036-1/붙임3_입찰관련서류_검토완_0717/Section 4.  Bill of Quantities(Not-Priced)/공내역서/VTC견적서/0 ГП(Site Plan & Landscape+Outdoor Infra)/0-2 ФУТБОЛНОЕ ПОЛЕ(Football)/13413_vfor.xls,.xls,35840,b524a9fc3353cae7e72ebf771994c561b251158e684f12846f7be3e853e9b094,0,1,1,,0,0,0,0,,,,0.0,[]
2020-00086,L2023-00036-1,공사,우즈베키스탄 우르겐치 직업훈련원 건립 및 타슈켄트 교사연수센터 건립사업 시공업체선정 현지입찰,1,L2023-00036-1/붙임3_입찰관련서류_검토완_0717/Section 4.  Bill of Quantities(Not-Priced)/공내역서/VTC견적서/0 ГП(Site Plan & Landscape+Outdoor Infra)/0-2 ФУТБОЛНОЕ ПОЛЕ(Football)/13413_vrmu.xls,.xls,54784,656fd24a77c94039bb6a228c6d395e89e1304637aa470a5b06fd4b70f791c7d3,0,1,1,,1,69,1,0,Лист1,visible,8,0.014492753623188406,"[{""sheet"": ""Лист1"", ""sheet_state"": ""visible"", ""header_row"": 8, ""quantity_rows"": 69, ""rate_rows"": 1, ""amount_rows"": 1, ""priced_rows"": 1, ""priced_ratio"": 0.014492753623188406, ""description_columns"": ""B"", ""quantity_columns"": ""E"", ""rate_columns"": ""F"", ""amount_columns"": ""F""}]"
2020-00086,L2023-00036-1,공사,우즈베키스탄 우르겐치 직업훈련원 건립 및 타슈켄트 교사연수센터 건립사업 시공업체선정 현지입찰,1,L2023-00036-1/붙임3_입찰관련서류_검토완_0717/Section 4.  Bill of Quantities(Not-Priced)/공내역서/VTC견적서/0 ГП(Site Plan & Landscape+Outdoor Infra)/0-2 ФУТБОЛНОЕ ПОЛЕ(Football)/bv13410.xls,.xls,82432,2749f4b67fbce5b996b82719eb992ca5140d514c5c3e0b6a254cbe8991a461ba,0,1,1,,0,0,0,0,,,,0.0,[]
2020-00086,L2023-00036-1,공사,우즈베키스탄 우르겐치 직업훈련원 건립 및 타슈켄트 교사연수센터 건립사업 시공업체선정 현지입찰,1,L2023-00036-1/붙임3_입찰관련서류_검토완_0717/Section 4.  Bill of Quantities(Not-Priced)/공내역서/VTC견적서/0 ГП(Site Plan & Landscape+Outdoor Infra)/0-7 НЭО(Outdoor Lighting)/13673_vrmu.xls,.xls,59904,ff62cd8285dbfe8a4cd93911394279299b8c03d2069749850cffc7a2107aef50,0,1,1,,1,88,1,0,Лист1,visible,8,0.011363636363636364,"[{""sheet"": ""Лист1"", ""sheet_state"": ""visible"", ""header_row"": 8, ""quantity_rows"": 88, ""rate_rows"": 1, ""amount_rows"": 1, ""priced_rows"": 1, ""priced_ratio"": 0.011363636363636364, ""description_columns"": ""B"", ""quantity_columns"": ""E"", ""rate_columns"": ""F"", ""amount_columns"": ""F""}]"
2020-00086,L2023-00036-1,공사,우즈베키스탄 우르겐치 직업훈련원 건립 및 타슈켄트 교사연수센터 건립사업 시공업체선정 현지입찰,1,L2023-00036-1/붙임3_입찰관련서류_검토완_0717/Section 4.  Bill of Quantities(Not-Priced)/공내역서/VTC견적서/0 ГП(Site Plan & Landscape+Outdoor Infra)/0-7 НЭО(Outdoor Lighting)/bv13670.xls,.xls,88576,9ceeee982353f80a2bdb6f54623ab653597f61763c8bf5d6ff51e5212e6720af,0,1,1,,0,0,0,0,,,,0.0,[]
2020-00086,L2023-00036-1,공사,우즈베키스탄 우르겐치 직업훈련원 건립 및 타슈켄트 교사연수센터 건립사업 시공업체선정 현지입찰,1,L2023-00036-1/붙임3_입찰관련서류_검토완_0717/Section 4.  Bill of Quantities(Not-Priced)/공내역서/VTC견적서/0 ГП(Site Plan & Landscape+Outdoor Infra)/0-7 НЭО(Outdoor Lighting)/13673_vfor.xls,.xls,39936,60eb4c1ec6baefd78c2277da9cc0f32f1a655aa123b894a0438e4580ed6b8ecc,0,1,1,,0,0,0,0,,,,0.0,[]
2020-00086,L2023-00036-1,공사,우즈베키스탄 우르겐치 직업훈련원 건립 및 타슈켄트 교사연수센터 건립사업 시공업체선정 현지입찰,1,L2023-00036-1/붙임3_입찰관련서류_검토완_0717/Section 4.  Bill of Quantities(Not-Priced)/공내역서/VTC견적서/0 ГП(Site Plan & Landscape+Outdoor Infra)/0-8 НСС(Outside CCTV)/13683_vrmu.xls,.xls,58880,dec38e2426a3423e4a2628c92e9b35bce22644a2d4568e883cac23bda9af639f,0,1,1,,1,87,1,0,Лист1,visible,8,0.011494252873563218,"[{""sheet"": ""Лист1"", ""sheet_state"": ""visible"", ""header_row"": 8, ""quantity_rows"": 87, ""rate_rows"": 1, ""amount_rows"": 1, ""priced_rows"": 1, ""priced_ratio"": 0.011494252873563218, ""description_columns"": ""B"", ""quantity_columns"": ""E"", ""rate_columns"": ""F"", ""amount_columns"": ""F""}]"
2020-00086,L2023-00036-1,공사,우즈베키스탄 우르겐치 직업훈련원 건립 및 타슈켄트 교사연수센터 건립사업 시공업체선정 현지입찰,1,L2023-00036-1/붙임3_입찰관련서류_검토완_0717/Section 4.  Bill of Quantities(Not-Priced)/공내역서/VTC견적서/0 ГП(Site Plan & Landscape+Outdoor Infra)/0-8 НСС(Outside CCTV)/13683_vfor.xls,.xls,43008,1d07c8de41f0bc89f5bb0d45ff6b58a77c316e057c58e0078e76db334b69bcbb,0,1,1,,0,0,0,0,,,,0.0,[]
2020-00086,L2023-00036-1,공사,우즈베키스탄 우르겐치 직업훈련원 건립 및 타슈켄트 교사연수센터 건립사업 시공업체선정 현지입찰,1,L2023-00036-1/붙임3_입찰관련서류_검토완_0717/Section 4.  Bill of Quantities(Not-Priced)/공내역서/VTC견적서/0 ГП(Site Plan & Landscape+Outdoor Infra)/0-8 НСС(Outside CCTV)/bv13680.xls,.xls,90624,ee1cb2dde73307bbbe1f35435c8c23142d9e8947f28e461d2ce3ddabd61afd05,0,1,1,,0,0,0,0,,,,0.0,[]
2020-00086,L2023-00036-1,공사,우즈베키스탄 우르겐치 직업훈련원 건립 및 타슈켄트 교사연수센터 건립사업 시공업체선정 현지입찰,1,L2023-00036-1/붙임3_입찰관련서류_검토완_0717/Section 4.  Bill of Quantities(Not-Priced)/공내역서/VTC견적서/0 ГП(Site Plan & Landscape+Outdoor Infra)/0-9 НВК(Outside Water Piping)/13693_vfor.xls,.xls,50688,40205bc1eaad85a3c4553624b01d8e2e15cb4fbb02e2385cc4c618c196421564,0,1,1,,0,0,0,0,,,,0.0,[]
2020-00086,L2023-00036-1,공사,우즈베키스탄 우르겐치 직업훈련원 건립 및 타슈켄트 교사연수센터 건립사업 시공업체선정 현지입찰,1,L2023-00036-1/붙임3_입찰관련서류_검토완_0717/Section 4.  Bill of Quantities(Not-Priced)/공내역서/VTC견적서/0 ГП(Site Plan & Landscape+Outdoor Infra)/0-9 НВК(Outside Water Piping)/13693_vrmu.xls,.xls,73728,7f90477cfd26b71bef664a93e1ccef28539b5f685b7d63c2d2a8a20c834c4893,0,1,1,,1,123,1,0,Лист1,visible,8,0.008130081300813009,"[{""sheet"": ""Лист1"", ""sheet_state"": ""visible"", ""header_row"": 8, ""quantity_rows"": 123, ""rate_rows"": 1, ""amount_rows"": 1, ""priced_rows"": 1, ""priced_ratio"": 0.008130081300813009, ""description_columns"": ""B"", ""quantity_columns"": ""E"", ""rate_columns"": ""F"", ""amount_columns"": ""F""}]"
2020-00086,L2023-00036-1,공사,우즈베키스탄 우르겐치 직업훈련원 건립 및 타슈켄트 교사연수센터 건립사업 시공업체선정 현지입찰,1,L2023-00036-1/붙임3_입찰관련서류_검토완_0717/Section 4.  Bill of Quantities(Not-Priced)/공내역서/VTC견적서/0 ГП(Site Plan & Landscape+Outdoor Infra)/0-9 НВК(Outside Water Piping)/bv13690.xls,.xls,160256,1cd6324bf7a0eaec27cb7142830672e0985ab1482b721a78911144c1c4a4cbef,0,1,1,,0,0,0,0,,,,0.0,[]
2020-00086,L2023-00036-1,공사,우즈베키스탄 우르겐치 직업훈련원 건립 및 타슈켄트 교사연수센터 건립사업 시공업체선정 현지입찰,1,L2023-00036-1/붙임3_입찰관련서류_검토완_0717/Section 4.  Bill of Quantities(Not-Priced)/공내역서/VTC견적서/0 ГП(Site Plan & Landscape+Outdoor Infra)/0-11 СВ(Underground Water Pumping)/bv13710.xls,.xls,108544,78a4e1c483aad218148c44031dc0dbe4b3d4be6d9d60c09536a5798bd508b8f7,0,1,1,,0,0,0,0,,,,0.0,[]
2020-00086,L2023-00036-1,공사,우즈베키스탄 우르겐치 직업훈련원 건립 및 타슈켄트 교사연수센터 건립사업 시공업체선정 현지입찰,1,L2023-00036-1/붙임3_입찰관련서류_검토완_0717/Section 4.  Bill of Quantities(Not-Priced)/공내역서/VTC견적서/0 ГП(Site Plan & Landscape+Outdoor Infra)/0-11 СВ(Underground Water Pumping)/13713_vrmu.xls,.xls,67072,9e59430416fb626364f3a259cffd4886e2e1573ee703ed00f728dac814d9f4da,0,1,1,,1,101,1,0,Лист1,visible,8,0.009900990099009901,"[{""sheet"": ""Лист1"", ""sheet_state"": ""visible"", ""header_row"": 8, ""quantity_rows"": 101, ""rate_rows"": 1, ""amount_rows"": 1, ""priced_rows"": 1, ""priced_ratio"": 0.009900990099009901, ""description_columns"": ""B"", ""quantity_columns"": ""E"", ""rate_columns"": ""F"", ""amount_columns"": ""F""}]"
2020-00086,L2023-00036-1,공사,우즈베키스탄 우르겐치 직업훈련원 건립 및 타슈켄트 교사연수센터 건립사업 시공업체선정 현지입찰,1,L2023-00036-1/붙임3_입찰관련서류_검토완_0717/Section 4.  Bill of Quantities(Not-Priced)/공내역서/VTC견적서/0 ГП(Site Plan & Landscape+Outdoor Infra)/0-11 СВ(Underground Water Pumping)/13713_vfor.xls,.xls,40448,b907108bac749dae0b04900b731d9c1a0b43fea8b519995542662c26c338b56c,0,1,1,,0,0,0,0,,,,0.0,[]
2020-00086,L2023-00036-1,공사,우즈베키스탄 우르겐치 직업훈련원 건립 및 타슈켄트 교사연수센터 건립사업 시공업체선정 현지입찰,1,L2023-00036-1/붙임3_입찰관련서류_검토완_0717/Section 4.  Bill of Quantities(Not-Priced)/공내역서/VTC견적서/0 ГП(Site Plan & Landscape+Outdoor Infra)/0-5 ГСН(Outdoor Gas Infra)/13653_vrmu.xls,.xls,83968,73cdcf6c26608fd6ed09727e2837da02b88671e6e4a9cf14ce3d854ea7a831f7,0,1,1,,1,158,1,0,Лист1,visible,8,0.006329113924050633,"[{""sheet"": ""Лист1"", ""sheet_state"": ""visible"", ""header_row"": 8, ""quantity_rows"": 158, ""rate_rows"": 1, ""amount_rows"": 1, ""priced_rows"": 1, ""priced_ratio"": 0.006329113924050633, ""description_columns"": ""B"", ""quantity_columns"": ""E"", ""rate_columns"": ""F"", ""amount_columns"": ""F""}]"
2020-00086,L2023-00036-1,공사,우즈베키스탄 우르겐치 직업훈련원 건립 및 타슈켄트 교사연수센터 건립사업 시공업체선정 현지입찰,1,L2023-00036-1/붙임3_입찰관련서류_검토완_0717/Section 4.  Bill of Quantities(Not-Priced)/공내역서/VTC견적서/0 ГП(Site Plan & Landscape+Outdoor Infra)/0-5 ГСН(Outdoor Gas Infra)/13653_vfor.xls,.xls,50176,567efd592c487f7ff0d0c59fb9c7d182601f503045ac37195ca1d7619476918a,0,1,1,,0,0,0,0,,,,0.0,[]
2020-00086,L2023-00036-1,공사,우즈베키스탄 우르겐치 직업훈련원 건립 및 타슈켄트 교사연수센터 건립사업 시공업체선정 현지입찰,1,L2023-00036-1/붙임3_입찰관련서류_검토완_0717/Section 4.  Bill of Quantities(Not-Priced)/공내역서/VTC견적서/0 ГП(Site Plan & Landscape+Outdoor Infra)/0-5 ГСН(Outdoor Gas Infra)/bv13650.xls,.xls,158208,5a395510c961855d96159b216312e8884d10e3b4d57bafd7a4326ad596851fb7,0,1,1,,0,0,0,0,,,,0.0,[]
2020-00086,L2023-00036-1,공사,우즈베키스탄 우르겐치 직업훈련원 건립 및 타슈켄트 교사연수센터 건립사업 시공업체선정 현지입찰,1,L2023-00036-1/붙임3_입찰관련서류_검토완_0717/Section 4.  Bill of Quantities(Not-Priced)/공내역서/VTC견적서/0 ГП(Site Plan & Landscape+Outdoor Infra)/0-1 ГП(Site Plan+Landscape)/13403_vrmu.xls,.xls,57344,9e93c17fb83cb754c8b2b889d7c88e9d56b7b5e94ef2f36d2c7b96356a99bf8b,0,1,1,,1,85,1,0,Лист1,visible,8,0.011764705882352941,"[{""sheet"": ""Лист1"", ""sheet_state"": ""visible"", ""header_row"": 8, ""quantity_rows"": 85, ""rate_rows"": 1, ""amount_rows"": 1, ""priced_rows"": 1, ""priced_ratio"": 0.011764705882352941, ""description_columns"": ""B"", ""quantity_columns"": ""E"", ""rate_columns"": ""F"", ""amount_columns"": ""F""}]"
2020-00086,L2023-00036-1,공사,우즈베키스탄 우르겐치 직업훈련원 건립 및 타슈켄트 교사연수센터 건립사업 시공업체선정 현지입찰,1,L2023-00036-1/붙임3_입찰관련서류_검토완_0717/Section 4.  Bill of Quantities(Not-Priced)/공내역서/VTC견적서/0 ГП(Site Plan & Landscape+Outdoor Infra)/0-1 ГП(Site Plan+Landscape)/bv13400.xls,.xls,100864,c237827588a1b89c4b31b984ef80299ed0268e63e35039a34093895646b82cb6,0,1,1,,0,0,0,0,,,,0.0,[]
2020-00086,L2023-00036-1,공사,우즈베키스탄 우르겐치 직업훈련원 건립 및 타슈켄트 교사연수센터 건립사업 시공업체선정 현지입찰,1,L2023-00036-1/붙임3_입찰관련서류_검토완_0717/Section 4.  Bill of Quantities(Not-Priced)/공내역서/VTC견적서/0 ГП(Site Plan & Landscape+Outdoor Infra)/0-1 ГП(Site Plan+Landscape)/13403_vfor.xls,.xls,40960,3f220fc5a5b364271bb7c01e7b3a9ffa53b430c77dd7e2b8da559aac8af53508,0,1,1,,0,0,0,0,,,,0.0,[]
2020-00086,L2023-00036-1,공사,우즈베키스탄 우르겐치 직업훈련원 건립 및 타슈켄트 교사연수센터 건립사업 시공업체선정 현지입찰,1,L2023-00036-1/붙임3_입찰관련서류_검토완_0717/Section 4.  Bill of Quantities(Not-Priced)/공내역서/VTC견적서/6 КПП(Guard House+Fence & Gate)/6-1 КЖ(Structure)/13053_vfor.xls,.xls,57856,4b6138cf061524a28704b118bd7c9f47aac9302aca4030b86c5a714c09dbe871,0,1,1,,0,0,0,0,,,,0.0,[]
2020-00086,L2023-00036-1,공사,우즈베키스탄 우르겐치 직업훈련원 건립 및 타슈켄트 교사연수센터 건립사업 시공업체선정 현지입찰,1,L2023-00036-1/붙임3_입찰관련서류_검토완_0717/Section 4.  Bill of Quantities(Not-Priced)/공내역서/VTC견적서/6 КПП(Guard House+Fence & Gate)/6-1 КЖ(Structure)/13053_vrmu.xls,.xls,72704,dcc0b7139d1a295111335bacbfa1dec0eb5c4d8fd84c4550f6c49f5003c87115,0,1,1,,1,120,1,0,Лист1,visible,8,0.008333333333333333,"[{""sheet"": ""Лист1"", ""sheet_state"": ""visible"", ""header_row"": 8, ""quantity_rows"": 120, ""rate_rows"": 1, ""amount_rows"": 1, ""priced_rows"": 1, ""priced_ratio"": 0.008333333333333333, ""description_columns"": ""B"", ""quantity_columns"": ""E"", ""rate_columns"": ""F"", ""amount_columns"": ""F""}]"
2020-00086,L2023-00036-1,공사,우즈베키스탄 우르겐치 직업훈련원 건립 및 타슈켄트 교사연수센터 건립사업 시공업체선정 현지입찰,1,L2023-00036-1/붙임3_입찰관련서류_검토완_0717/Section 4.  Bill of Quantities(Not-Priced)/공내역서/VTC견적서/6 КПП(Guard House+Fence & Gate)/6-1 КЖ(Structure)/bv13050.xls,.xls,186368,ecb8d5c1397c5c50289b9fbd88481d3cee7bb833c0a9a712edc967ee65d8af3f,0,1,1,,0,0,0,0,,,,0.0,[]
2020-00086,L2023-00036-1,공사,우즈베키스탄 우르겐치 직업훈련원 건립 및 타슈켄트 교사연수센터 건립사업 시공업체선정 현지입찰,1,L2023-00036-1/붙임3_입찰관련서류_검토완_0717/Section 4.  Bill of Quantities(Not-Priced)/공내역서/VTC견적서/6 КПП(Guard House+Fence & Gate)/6-5 ЭО(Electric)/13533_vfor.xls,.xls,45568,a8c797c5c49f18bcd37916401194d6111b33f4cd1c1431c0bc17678dc1ef7507,0,1,1,,1,28,0,0,Лист1,visible,9,0.0,"[{""sheet"": ""Лист1"", ""sheet_state"": ""visible"", ""header_row"": 9, ""quantity_rows"": 28, ""rate_rows"": 0, ""amount_rows"": 0, ""priced_rows"": 0, ""priced_ratio"": 0.0, ""description_columns"": ""B;C"", ""quantity_columns"": ""E"", ""rate_columns"": """", ""amount_columns"": """"}]"
2020-00086,L2023-00036-1,공사,우즈베키스탄 우르겐치 직업훈련원 건립 및 타슈켄트 교사연수센터 건립사업 시공업체선정 현지입찰,1,L2023-00036-1/붙임3_입찰관련서류_검토완_0717/Section 4.  Bill of Quantities(Not-Priced)/공내역서/VTC견적서/6 КПП(Guard House+Fence & Gate)/6-5 ЭО(Electric)/13533_vrmu.xls,.xls,51712,adc4d0090b25860f05ae432980f8a84532193b463acbd300f4d5fa3acf31929d,0,1,1,,1,51,1,0,Лист1,visible,8,0.0196078431372549,"[{""sheet"": ""Лист1"", ""sheet_state"": ""visible"", ""header_row"": 8, ""quantity_rows"": 51, ""rate_rows"": 1, ""amount_rows"": 1, ""priced_rows"": 1, ""priced_ratio"": 0.0196078431372549, ""description_columns"": ""B"", ""quantity_columns"": ""E"", ""rate_columns"": ""F"", ""amount_columns"": ""F""}]"
2020-00086,L2023-00036-1,공사,우즈베키스탄 우르겐치 직업훈련원 건립 및 타슈켄트 교사연수센터 건립사업 시공업체선정 현지입찰,1,L2023-00036-1/붙임3_입찰관련서류_검토완_0717/Section 4.  Bill of Quantities(Not-Priced)/공내역서/VTC견적서/6 КПП(Guard House+Fence & Gate)/6-5 ЭО(Electric)/bv13530.xls,.xls,77824,245b723563475e969548ffaaf40bf6267f9670b17170e37180d848a6826ae285,0,1,1,,1,123,0,0,6-5_ЛРВ,visible,10,0.0,"[{""sheet"": ""6-5_ЛРВ"", ""sheet_state"": ""visible"", ""header_row"": 10, ""quantity_rows"": 123, ""rate_rows"": 0, ""amount_rows"": 0, ""priced_rows"": 0, ""priced_ratio"": 0.0, ""description_columns"": ""C;D"", ""quantity_columns"": ""F"", ""rate_columns"": """", ""amount_columns"": """"}]"
2020-00086,L2023-00036-1,공사,우즈베키스탄 우르겐치 직업훈련원 건립 및 타슈켄트 교사연수센터 건립사업 시공업체선정 현지입찰,1,L2023-00036-1/붙임3_입찰관련서류_검토완_0717/Section 4.  Bill of Quantities(Not-Priced)/공내역서/VTC견적서/6 КПП(Guard House+Fence & Gate)/6-4 ВК(Water & Sewer & Fire plug)/13163_vrmu.xls,.xls,51712,02996d3aeb403f16f777614300c531dffc91202f13226adbc63fdcd4170cf27b,0,1,1,,1,69,1,0,Лист1,visible,8,0.014492753623188406,"[{""sheet"": ""Лист1"", ""sheet_state"": ""visible"", ""header_row"": 8, ""quantity_rows"": 69, ""rate_rows"": 1, ""amount_rows"": 1, ""priced_rows"": 1, ""priced_ratio"": 0.014492753623188406, ""description_columns"": ""B"", ""quantity_columns"": ""E"", ""rate_columns"": ""F"", ""amount_columns"": ""F""}]"
2020-00086,L2023-00036-1,공사,우즈베키스탄 우르겐치 직업훈련원 건립 및 타슈켄트 교사연수센터 건립사업 시공업체선정 현지입찰,1,L2023-00036-1/붙임3_입찰관련서류_검토완_0717/Section 4.  Bill of Quantities(Not-Priced)/공내역서/VTC견적서/6 КПП(Guard House+Fence & Gate)/6-4 ВК(Water & Sewer & Fire plug)/13163_vfor.xls,.xls,42496,df6220b225173aa488bd8d4a23eb05263619cbf4e888bbe98ea36c01265e50fc,0,1,1,,1,34,0,0,Лист1,visible,9,0.0,"[{""sheet"": ""Лист1"", ""sheet_state"": ""visible"", ""header_row"": 9, ""quantity_rows"": 34, ""rate_rows"": 0, ""amount_rows"": 0, ""priced_rows"": 0, ""priced_ratio"": 0.0, ""description_columns"": ""B;C"", ""quantity_columns"": ""E"", ""rate_columns"": """", ""amount_columns"": """"}]"
2020-00086,L2023-00036-1,공사,우즈베키스탄 우르겐치 직업훈련원 건립 및 타슈켄트 교사연수센터 건립사업 시공업체선정 현지입찰,1,L2023-00036-1/붙임3_입찰관련서류_검토완_0717/Section 4.  Bill of Quantities(Not-Priced)/공내역서/VTC견적서/6 КПП(Guard House+Fence & Gate)/6-4 ВК(Water & Sewer & Fire plug)/bv13160.xls,.xls,81408,0da398eedf5f2bce997092265a779da29c1e9aad374c13682effe71359e455e6,0,1,1,,1,127,0,0,6-4_ЛРВ,visible,10,0.0,"[{""sheet"": ""6-4_ЛРВ"", ""sheet_state"": ""visible"", ""header_row"": 10, ""quantity_rows"": 127, ""rate_rows"": 0, ""amount_rows"": 0, ""priced_rows"": 0, ""priced_ratio"": 0.0, ""description_columns"": ""C;D"", ""quantity_columns"": ""F"", ""rate_columns"": """", ""amount_columns"": """"}]"
2020-00086,L2023-00036-1,공사,우즈베키스탄 우르겐치 직업훈련원 건립 및 타슈켄트 교사연수센터 건립사업 시공업체선정 현지입찰,1,L2023-00036-1/붙임3_입찰관련서류_검토완_0717/Section 4.  Bill of Quantities(Not-Priced)/공내역서/VTC견적서/6 КПП(Guard House+Fence & Gate)/6-2 АР(Architecture)/bv13200.xls,.xls,129024,438cdab323bc3e1f71d5b490c7094683b5141f8e682754558baf8ad56fb493b6,0,1,1,,1,336,0,0,6-2_ЛРВ,visible,10,0.0,"[{""sheet"": ""6-2_ЛРВ"", ""sheet_state"": ""visible"", ""header_row"": 10, ""quantity_rows"": 336, ""rate_rows"": 0, ""amount_rows"": 0, ""priced_rows"": 0, ""priced_ratio"": 0.0, ""description_columns"": ""C;D"", ""quantity_columns"": ""F"", ""rate_columns"": """", ""amount_columns"": """"}]"
2020-00086,L2023-00036-1,공사,우즈베키스탄 우르겐치 직업훈련원 건립 및 타슈켄트 교사연수센터 건립사업 시공업체선정 현지입찰,1,L2023-00036-1/붙임3_입찰관련서류_검토완_0717/Section 4.  Bill of Quantities(Not-Priced)/공내역서/VTC견적서/6 КПП(Guard House+Fence & Gate)/6-2 АР(Architecture)/13203_vfor.xls,.xls,48640,21fa111c58e5d02f90ed6d5bf2e47e5fc93e3e0b70ff150c2a2bfd5f7ce512f3,0,1,1,,0,0,0,0,,,,0.0,[]
2020-00086,L2023-00036-1,공사,우즈베키스탄 우르겐치 직업훈련원 건립 및 타슈켄트 교사연수센터 건립사업 시공업체선정 현지입찰,1,L2023-00036-1/붙임3_입찰관련서류_검토완_0717/Section 4.  Bill of Quantities(Not-Priced)/공내역서/VTC견적서/6 КПП(Guard House+Fence & Gate)/6-2 АР(Architecture)/13203_vrmu.xls,.xls,61440,cdc00d62f8cb153c9478d025a81ca7bcec02338d395b64066ecdb866f099a689,0,1,1,,1,112,1,0,Лист1,visible,8,0.008928571428571428,"[{""sheet"": ""Лист1"", ""sheet_state"": ""visible"", ""header_row"": 8, ""quantity_rows"": 112, ""rate_rows"": 1, ""amount_rows"": 1, ""priced_rows"": 1, ""priced_ratio"": 0.008928571428571428, ""description_columns"": ""B"", ""quantity_columns"": ""E"", ""rate_columns"": ""F"", ""amount_columns"": ""F""}]"
2020-00086,L2023-00036-1,공사,우즈베키스탄 우르겐치 직업훈련원 건립 및 타슈켄트 교사연수센터 건립사업 시공업체선정 현지입찰,1,"L2023-00036-1/붙임3_입찰관련서류_검토완_0717/Section 4.  Bill of Quantities(Not-Priced)/공내역서/VTC견적서/6 КПП(Guard House+Fence & Gate)/6-7 ВН, СКС(CCTV & Network)/13363_vfor.xls",.xls,48128,36c9333a99d57c47105b911fbcb3486700e28e5017f87607868f0f75926dffa2,0,1,1,,1,46,0,0,Лист1,visible,9,0.0,"[{""sheet"": ""Лист1"", ""sheet_state"": ""visible"", ""header_row"": 9, ""quantity_rows"": 46, ""rate_rows"": 0, ""amount_rows"": 0, ""priced_rows"": 0, ""priced_ratio"": 0.0, ""description_columns"": ""A;B;C"", ""quantity_columns"": ""E"", ""rate_columns"": """", ""amount_columns"": """"}]"
2020-00086,L2023-00036-1,공사,우즈베키스탄 우르겐치 직업훈련원 건립 및 타슈켄트 교사연수센터 건립사업 시공업체선정 현지입찰,1,"L2023-00036-1/붙임3_입찰관련서류_검토완_0717/Section 4.  Bill of Quantities(Not-Priced)/공내역서/VTC견적서/6 КПП(Guard House+Fence & Gate)/6-7 ВН, СКС(CCTV & Network)/bv13360.xls",.xls,88576,74bc8b533c92a35d0c29c637a7feab7f5b9a68290b45af8b0e0690bf0416adab,0,1,1,,1,157,0,0,6-7_ЛРВ,visible,10,0.0,"[{""sheet"": ""6-7_ЛРВ"", ""sheet_state"": ""visible"", ""header_row"": 10, ""quantity_rows"": 157, ""rate_rows"": 0, ""amount_rows"": 0, ""priced_rows"": 0, ""priced_ratio"": 0.0, ""description_columns"": ""C;D"", ""quantity_columns"": ""F"", ""rate_columns"": """", ""amount_columns"": """"}]"
2020-00086,L2023-00036-1,공사,우즈베키스탄 우르겐치 직업훈련원 건립 및 타슈켄트 교사연수센터 건립사업 시공업체선정 현지입찰,1,"L2023-00036-1/붙임3_입찰관련서류_검토완_0717/Section 4.  Bill of Quantities(Not-Priced)/공내역서/VTC견적서/6 КПП(Guard House+Fence & Gate)/6-7 ВН, СКС(CCTV & Network)/13363_vrmu.xls",.xls,57344,bb45d8fce2bdc88caf7c66fd7cb3a7b238228ed5926d5e1cd6c17d10d95924ee,0,1,1,,1,79,1,0,Лист1,visible,8,0.012658227848101266,"[{""sheet"": ""Лист1"", ""sheet_state"": ""visible"", ""header_row"": 8, ""quantity_rows"": 79, ""rate_rows"": 1, ""amount_rows"": 1, ""priced_rows"": 1, ""priced_ratio"": 0.012658227848101266, ""description_columns"": ""B"", ""quantity_columns"": ""E"", ""rate_columns"": ""F"", ""amount_columns"": ""F""}]"
2020-00086,L2023-00036-1,공사,우즈베키스탄 우르겐치 직업훈련원 건립 및 타슈켄트 교사연수센터 건립사업 시공업체선정 현지입찰,1,L2023-00036-1/붙임3_입찰관련서류_검토완_0717/Section 4.  Bill of Quantities(Not-Priced)/공내역서/VTC견적서/6 КПП(Guard House+Fence & Gate)/6-6 ПС(Fire Alarm)/bv13350.xls,.xls,68608,3fedac4c69065bad31ff8ef486ec7a572c6b66408b084530fddeb99286af3107,0,1,1,,0,0,0,0,,,,0.0,[]
2020-00086,L2023-00036-1,공사,우즈베키스탄 우르겐치 직업훈련원 건립 및 타슈켄트 교사연수센터 건립사업 시공업체선정 현지입찰,1,L2023-00036-1/붙임3_입찰관련서류_검토완_0717/Section 4.  Bill of Quantities(Not-Priced)/공내역서/VTC견적서/6 КПП(Guard House+Fence & Gate)/6-6 ПС(Fire Alarm)/13353_vrmu.xls,.xls,45568,1042a9e9f47e2df7996e894c927dd8ac8c3cc20fef3dfd2e0469d34176fb67a4,0,1,1,,0,0,0,0,,,,0.0,[]
2020-00086,L2023-00036-1,공사,우즈베키스탄 우르겐치 직업훈련원 건립 및 타슈켄트 교사연수센터 건립사업 시공업체선정 현지입찰,1,L2023-00036-1/붙임3_입찰관련서류_검토완_0717/Section 4.  Bill of Quantities(Not-Priced)/공내역서/VTC견적서/6 КПП(Guard House+Fence & Gate)/6-6 ПС(Fire Alarm)/13353_vfor.xls,.xls,39936,ada6a09861b75baeced88918213281f646dd23f8d179cda036079e272dedf6d9,0,1,1,,1,25,0,0,Лист1,visible,9,0.0,"[{""sheet"": ""Лист1"", ""sheet_state"": ""visible"", ""header_row"": 9, ""quantity_rows"": 25, ""rate_rows"": 0, ""amount_rows"": 0, ""priced_rows"": 0, ""priced_ratio"": 0.0, ""description_columns"": ""B"", ""quantity_columns"": ""E"", ""rate_columns"": """", ""amount_columns"": """"}]"
2020-00086,L2023-00036-1,공사,우즈베키스탄 우르겐치 직업훈련원 건립 및 타슈켄트 교사연수센터 건립사업 시공업체선정 현지입찰,1,L2023-00036-1/붙임3_입찰관련서류_검토완_0717/Section 4.  Bill of Quantities(Not-Priced)/공내역서/VTC견적서/6 КПП(Guard House+Fence & Gate)/6-3 ОВ(Heating & Ventilation)/13553_vfor.xls,.xls,39424,221afcc766216a2167659cd706b07c07df791349f680a06ec88931f4e140e87d,0,1,1,,1,10,0,0,Лист1,visible,9,0.0,"[{""sheet"": ""Лист1"", ""sheet_state"": ""visible"", ""header_row"": 9, ""quantity_rows"": 10, ""rate_rows"": 0, ""amount_rows"": 0, ""priced_rows"": 0, ""priced_ratio"": 0.0, ""description_columns"": ""A;B;C"", ""quantity_columns"": ""E"", ""rate_columns"": """", ""amount_columns"": """"}]"
2020-00086,L2023-00036-1,공사,우즈베키스탄 우르겐치 직업훈련원 건립 및 타슈켄트 교사연수센터 건립사업 시공업체선정 현지입찰,1,L2023-00036-1/붙임3_입찰관련서류_검토완_0717/Section 4.  Bill of Quantities(Not-Priced)/공내역서/VTC견적서/6 КПП(Guard House+Fence & Gate)/6-3 ОВ(Heating & Ventilation)/13553_vrmu.xls,.xls,47104,7c9d9051925373dc66d2ca05fefd5ea839554e87b692910a8f4c2f7831d68277,0,1,1,,1,43,1,0,Лист1,visible,8,0.023255813953488372,"[{""sheet"": ""Лист1"", ""sheet_state"": ""visible"", ""header_row"": 8, ""quantity_rows"": 43, ""rate_rows"": 1, ""amount_rows"": 1, ""priced_rows"": 1, ""priced_ratio"": 0.023255813953488372, ""description_columns"": ""B"", ""quantity_columns"": ""E"", ""rate_columns"": ""F"", ""amount_columns"": ""F""}]"
2020-00086,L2023-00036-1,공사,우즈베키스탄 우르겐치 직업훈련원 건립 및 타슈켄트 교사연수센터 건립사업 시공업체선정 현지입찰,1,L2023-00036-1/붙임3_입찰관련서류_검토완_0717/Section 4.  Bill of Quantities(Not-Priced)/공내역서/VTC견적서/6 КПП(Guard House+Fence & Gate)/6-3 ОВ(Heating & Ventilation)/bv13550.xls,.xls,64000,028f57741a7980eb9293cf32591884faf6ce3b4531076bbbf2f780cc5aeb3c5c,0,1,1,,1,58,0,0,6-3_ЛРВ,visible,10,0.0,"[{""sheet"": ""6-3_ЛРВ"", ""sheet_state"": ""visible"", ""header_row"": 10, ""quantity_rows"": 58, ""rate_rows"": 0, ""amount_rows"": 0, ""priced_rows"": 0, ""priced_ratio"": 0.0, ""description_columns"": ""C;D"", ""quantity_columns"": ""F"", ""rate_columns"": """", ""amount_columns"": """"}]"
2020-00086,L2023-00036-1,공사,우즈베키스탄 우르겐치 직업훈련원 건립 및 타슈켄트 교사연수센터 건립사업 시공업체선정 현지입찰,1,L2023-00036-1/붙임3_입찰관련서류_검토완_0717/Section 4.  Bill of Quantities(Not-Priced)/공내역서/VTC견적서/2 УПК(Practice and Education Building)/2-9 ГСВ(Gas)/13583_vfor.xls,.xls,38400,ec378189ec8e3fc423efb9636e24d6a2214a259d2af40c14f92b5626a47a4b53,0,1,1,,0,0,0,0,,,,0.0,[]
2020-00086,L2023-00036-1,공사,우즈베키스탄 우르겐치 직업훈련원 건립 및 타슈켄트 교사연수센터 건립사업 시공업체선정 현지입찰,1,L2023-00036-1/붙임3_입찰관련서류_검토완_0717/Section 4.  Bill of Quantities(Not-Priced)/공내역서/VTC견적서/2 УПК(Practice and Education Building)/2-9 ГСВ(Gas)/13583_vrmu.xls,.xls,58368,79c0d45acad111aa632a5123591aee7f4aaf88bfcc819bf29af6b23500a562ad,0,1,1,,1,75,1,0,Лист1,visible,8,0.013333333333333334,"[{""sheet"": ""Лист1"", ""sheet_state"": ""visible"", ""header_row"": 8, ""quantity_rows"": 75, ""rate_rows"": 1, ""amount_rows"": 1, ""priced_rows"": 1, ""priced_ratio"": 0.013333333333333334, ""description_columns"": ""B"", ""quantity_columns"": ""E"", ""rate_columns"": ""F"", ""amount_columns"": ""F""}]"
2020-00086,L2023-00036-1,공사,우즈베키스탄 우르겐치 직업훈련원 건립 및 타슈켄트 교사연수센터 건립사업 시공업체선정 현지입찰,1,L2023-00036-1/붙임3_입찰관련서류_검토완_0717/Section 4.  Bill of Quantities(Not-Priced)/공내역서/VTC견적서/2 УПК(Practice and Education Building)/2-9 ГСВ(Gas)/bv13580.xls,.xls,97792,e2f79d457ed4fef8a6f0beb829b71d27adcc667ae940dd195ceb0fc2d6b8be1f,0,1,1,,0,0,0,0,,,,0.0,[]
2020-00086,L2023-00036-1,공사,우즈베키스탄 우르겐치 직업훈련원 건립 및 타슈켄트 교사연수센터 건립사업 시공업체선정 현지입찰,1,L2023-00036-1/붙임3_입찰관련서류_검토완_0717/Section 4.  Bill of Quantities(Not-Priced)/공내역서/VTC견적서/2 УПК(Practice and Education Building)/2-6 ПС(Fire Alarm)/bv13270.xls,.xls,81408,d46cd1888c84107a56dd7e1a1f3e026e361cbd56a90fe559692389429af17a31,0,1,1,,0,0,0,0,,,,0.0,[]
2020-00086,L2023-00036-1,공사,우즈베키스탄 우르겐치 직업훈련원 건립 및 타슈켄트 교사연수센터 건립사업 시공업체선정 현지입찰,1,L2023-00036-1/붙임3_입찰관련서류_검토완_0717/Section 4.  Bill of Quantities(Not-Priced)/공내역서/VTC견적서/2 УПК(Practice and Education Building)/2-6 ПС(Fire Alarm)/13273_vrmu.xls,.xls,51712,37a7d416719880479a04287f43738c935aabd798ceb429a6996cc4e3c53eacf9,0,1,1,,1,64,1,0,Лист1,visible,8,0.015625,"[{""sheet"": ""Лист1"", ""sheet_state"": ""visible"", ""header_row"": 8, ""quantity_rows"": 64, ""rate_rows"": 1, ""amount_rows"": 1, ""priced_rows"": 1, ""priced_ratio"": 0.015625, ""description_columns"": ""B"", ""quantity_columns"": ""E"", ""rate_columns"": ""F"", ""amount_columns"": ""F""}]"
2020-00086,L2023-00036-1,공사,우즈베키스탄 우르겐치 직업훈련원 건립 및 타슈켄트 교사연수센터 건립사업 시공업체선정 현지입찰,1,L2023-00036-1/붙임3_입찰관련서류_검토완_0717/Section 4.  Bill of Quantities(Not-Priced)/공내역서/VTC견적서/2 УПК(Practice and Education Building)/2-6 ПС(Fire Alarm)/13273_vfor.xls,.xls,39424,9253b08795feafb761135dfb7172359fd6821432264e5cec4a3ba2c9aaaef0df,0,1,1,,0,0,0,0,,,,0.0,[]
2020-00086,L2023-00036-1,공사,우즈베키스탄 우르겐치 직업훈련원 건립 및 타슈켄트 교사연수센터 건립사업 시공업체선정 현지입찰,1,L2023-00036-1/붙임3_입찰관련서류_검토완_0717/Section 4.  Bill of Quantities(Not-Priced)/공내역서/VTC견적서/2 УПК(Practice and Education Building)/2-8 ТМ(Boiler & Solar heating)/13433_vfor.xls,.xls,61952,d1c10b9aaca880e34e432f14a598fbfa9d3620e37ff970f3d323e49ce5560785,0,1,1,,0,0,0,0,,,,0.0,[]
2020-00086,L2023-00036-1,공사,우즈베키스탄 우르겐치 직업훈련원 건립 및 타슈켄트 교사연수센터 건립사업 시공업체선정 현지입찰,1,L2023-00036-1/붙임3_입찰관련서류_검토완_0717/Section 4.  Bill of Quantities(Not-Priced)/공내역서/VTC견적서/2 УПК(Practice and Education Building)/2-8 ТМ(Boiler & Solar heating)/bv13430.xls,.xls,178176,1e6b0f50a2a378878bb06672f894f03a587ce5a0d49a819318305705775920d7,0,1,1,,0,0,0,0,,,,0.0,[]
2020-00086,L2023-00036-1,공사,우즈베키스탄 우르겐치 직업훈련원 건립 및 타슈켄트 교사연수센터 건립사업 시공업체선정 현지입찰,1,L2023-00036-1/붙임3_입찰관련서류_검토완_0717/Section 4.  Bill of Quantities(Not-Priced)/공내역서/VTC견적서/2 УПК(Practice and Education Building)/2-8 ТМ(Boiler & Solar heating)/13433_vrmu.xls,.xls,86528,07503448a7270dbdb8f63ef2ae2d8ee1d85bc1ce1b33df86927763a7c6a90f7c,0,1,1,,1,175,1,0,Лист1,visible,8,0.005714285714285714,"[{""sheet"": ""Лист1"", ""sheet_state"": ""visible"", ""header_row"": 8, ""quantity_rows"": 175, ""rate_rows"": 1, ""amount_rows"": 1, ""priced_rows"": 1, ""priced_ratio"": 0.005714285714285714, ""description_columns"": ""B"", ""quantity_columns"": ""E"", ""rate_columns"": ""F"", ""amount_columns"": ""F""}]"
2020-00086,L2023-00036-1,공사,우즈베키스탄 우르겐치 직업훈련원 건립 및 타슈켄트 교사연수센터 건립사업 시공업체선정 현지입찰,1,L2023-00036-1/붙임3_입찰관련서류_검토완_0717/Section 4.  Bill of Quantities(Not-Priced)/공내역서/VTC견적서/2 УПК(Practice and Education Building)/2-5 ЭО(Electric)/13593_vrmu.xls,.xls,88064,939da5ac56da64a557c1ad8bd96b90cc057f9a01d7ed01a90287001de59cfd7e,0,1,1,,1,140,1,0,Лист1,visible,8,0.007142857142857143,"[{""sheet"": ""Лист1"", ""sheet_state"": ""visible"", ""header_row"": 8, ""quantity_rows"": 140, ""rate_rows"": 1, ""amount_rows"": 1, ""priced_rows"": 1, ""priced_ratio"": 0.007142857142857143, ""description_columns"": ""B"", ""quantity_columns"": ""E"", ""rate_columns"": ""F"", ""amount_columns"": ""F""}]"
2020-00086,L2023-00036-1,공사,우즈베키스탄 우르겐치 직업훈련원 건립 및 타슈켄트 교사연수센터 건립사업 시공업체선정 현지입찰,1,L2023-00036-1/붙임3_입찰관련서류_검토완_0717/Section 4.  Bill of Quantities(Not-Priced)/공내역서/VTC견적서/2 УПК(Practice and Education Building)/2-5 ЭО(Electric)/13593_vfor.xls,.xls,76288,c30b8ac327c03590384c07e2e8f0356db3b6aa949e01439f1bd4eb1866809498,0,1,1,,0,0,0,0,,,,0.0,[]
2020-00086,L2023-00036-1,공사,우즈베키스탄 우르겐치 직업훈련원 건립 및 타슈켄트 교사연수센터 건립사업 시공업체선정 현지입찰,1,L2023-00036-1/붙임3_입찰관련서류_검토완_0717/Section 4.  Bill of Quantities(Not-Priced)/공내역서/VTC견적서/2 УПК(Practice and Education Building)/2-5 ЭО(Electric)/bv13590.xls,.xls,165376,66663efa81309957bad47d81b20bef6148a275bbbdc2760911baebfc3d44937b,0,1,1,,0,0,0,0,,,,0.0,[]
2020-00086,L2023-00036-1,공사,우즈베키스탄 우르겐치 직업훈련원 건립 및 타슈켄트 교사연수센터 건립사업 시공업체선정 현지입찰,1,L2023-00036-1/붙임3_입찰관련서류_검토완_0717/Section 4.  Bill of Quantities(Not-Priced)/공내역서/VTC견적서/2 УПК(Practice and Education Building)/2-1 КЖ(Structure)/bv13010.xls,.xls,438784,9a08a9249b066c02507c7d7b6711bbd0214f8d0d66dfa4d6052663da0fc7d2fe,0,1,1,,0,0,0,0,,,,0.0,[]
2020-00086,L2023-00036-1,공사,우즈베키스탄 우르겐치 직업훈련원 건립 및 타슈켄트 교사연수센터 건립사업 시공업체선정 현지입찰,1,L2023-00036-1/붙임3_입찰관련서류_검토완_0717/Section 4.  Bill of Quantities(Not-Priced)/공내역서/VTC견적서/2 УПК(Practice and Education Building)/2-1 КЖ(Structure)/13013_vfor.xls,.xls,90112,eb125c00f27b73c161614158902fe9f7296eb1d8eee1c3f3da800522e1d82334,0,1,1,,0,0,0,0,,,,0.0,[]
2020-00086,L2023-00036-1,공사,우즈베키스탄 우르겐치 직업훈련원 건립 및 타슈켄트 교사연수센터 건립사업 시공업체선정 현지입찰,1,L2023-00036-1/붙임3_입찰관련서류_검토완_0717/Section 4.  Bill of Quantities(Not-Priced)/공내역서/VTC견적서/2 УПК(Practice and Education Building)/2-1 КЖ(Structure)/13013_vrmu.xls,.xls,78336,894f30fba7d6ceffd13ac600a3933b3b9c6ef0d085d61f97bad1695d4a782097,0,1,1,,1,151,1,0,Лист1,visible,8,0.006622516556291391,"[{""sheet"": ""Лист1"", ""sheet_state"": ""visible"", ""header_row"": 8, ""quantity_rows"": 151, ""rate_rows"": 1, ""amount_rows"": 1, ""priced_rows"": 1, ""priced_ratio"": 0.006622516556291391, ""description_columns"": ""B"", ""quantity_columns"": ""E"", ""rate_columns"": ""F"", ""amount_columns"": ""F""}]"
2020-00086,L2023-00036-1,공사,우즈베키스탄 우르겐치 직업훈련원 건립 및 타슈켄트 교사연수센터 건립사업 시공업체선정 현지입찰,1,L2023-00036-1/붙임3_입찰관련서류_검토완_0717/Section 4.  Bill of Quantities(Not-Priced)/공내역서/VTC견적서/2 УПК(Practice and Education Building)/2-3 ОВ(Heating & Ventilation)/bv13510.xls,.xls,450048,f64d8d027c4f2b4232513b0b8605c8f8092aa552cac0b7ed425ff53f6db6908f,0,1,1,,0,0,0,0,,,,0.0,[]
2020-00086,L2023-00036-1,공사,우즈베키스탄 우르겐치 직업훈련원 건립 및 타슈켄트 교사연수센터 건립사업 시공업체선정 현지입찰,1,L2023-00036-1/붙임3_입찰관련서류_검토완_0717/Section 4.  Bill of Quantities(Not-Priced)/공내역서/VTC견적서/2 УПК(Practice and Education Building)/2-3 ОВ(Heating & Ventilation)/13513_vfor.xls,.xls,99840,12c5ca43305042fecde990e14ec0489f64e6a5bfb76e9a69fab76bb26799d793,0,1,1,,0,0,0,0,,,,0.0,[]
2020-00086,L2023-00036-1,공사,우즈베키스탄 우르겐치 직업훈련원 건립 및 타슈켄트 교사연수센터 건립사업 시공업체선정 현지입찰,1,L2023-00036-1/붙임3_입찰관련서류_검토완_0717/Section 4.  Bill of Quantities(Not-Priced)/공내역서/VTC견적서/2 УПК(Practice and Education Building)/2-3 ОВ(Heating & Ventilation)/13513_vrmu.xls,.xls,100352,c598552db7e0e86089126d4ffff68c3be6e09016d43faddb5648dc76758c1996,0,1,1,,1,228,1,0,Лист1,visible,8,0.0043859649122807015,"[{""sheet"": ""Лист1"", ""sheet_state"": ""visible"", ""header_row"": 8, ""quantity_rows"": 228, ""rate_rows"": 1, ""amount_rows"": 1, ""priced_rows"": 1, ""priced_ratio"": 0.0043859649122807015, ""description_columns"": ""B"", ""quantity_columns"": ""E"", ""rate_columns"": ""F"", ""amount_columns"": ""F""}]"
2020-00086,L2023-00036-1,공사,우즈베키스탄 우르겐치 직업훈련원 건립 및 타슈켄트 교사연수센터 건립사업 시공업체선정 현지입찰,1,L2023-00036-1/붙임3_입찰관련서류_검토완_0717/Section 4.  Bill of Quantities(Not-Priced)/공내역서/VTC견적서/2 УПК(Practice and Education Building)/2-4 ВК(Water & Sewer & Fireplug)/13123_vrmu.xls,.xls,88576,355c8ae16063462d4e7d9dacb0087baa7fe1d5550fffd04313e146fe418e2cc7,0,1,1,,1,198,1,0,Лист1,visible,8,0.005050505050505051,"[{""sheet"": ""Лист1"", ""sheet_state"": ""visible"", ""header_row"": 8, ""quantity_rows"": 198, ""rate_rows"": 1, ""amount_rows"": 1, ""priced_rows"": 1, ""priced_ratio"": 0.005050505050505051, ""description_columns"": ""B"", ""quantity_columns"": ""E"", ""rate_columns"": ""F"", ""amount_columns"": ""F""}]"
2020-00086,L2023-00036-1,공사,우즈베키스탄 우르겐치 직업훈련원 건립 및 타슈켄트 교사연수센터 건립사업 시공업체선정 현지입찰,1,L2023-00036-1/붙임3_입찰관련서류_검토완_0717/Section 4.  Bill of Quantities(Not-Priced)/공내역서/VTC견적서/2 УПК(Practice and Education Building)/2-4 ВК(Water & Sewer & Fireplug)/13123_vfor.xls,.xls,59904,a7d4c30f7d188cff8e06d5929b7943ca6001dd6edf34d708f09e06ff60bad3a9,0,1,1,,0,0,0,0,,,,0.0,[]
2020-00086,L2023-00036-1,공사,우즈베키스탄 우르겐치 직업훈련원 건립 및 타슈켄트 교사연수센터 건립사업 시공업체선정 현지입찰,1,L2023-00036-1/붙임3_입찰관련서류_검토완_0717/Section 4.  Bill of Quantities(Not-Priced)/공내역서/VTC견적서/2 УПК(Practice and Education Building)/2-4 ВК(Water & Sewer & Fireplug)/bv13120.xls,.xls,172032,3e907a310c004ae321d7eebac0f5fce2c118ec91ebfb9514f3a8a5c68894b05c,0,1,1,,0,0,0,0,,,,0.0,[]
2020-00086,L2023-00036-1,공사,우즈베키스탄 우르겐치 직업훈련원 건립 및 타슈켄트 교사연수센터 건립사업 시공업체선정 현지입찰,1,"L2023-00036-1/붙임3_입찰관련서류_검토완_0717/Section 4.  Bill of Quantities(Not-Priced)/공내역서/VTC견적서/2 УПК(Practice and Education Building)/2-7 ВН, СКС(CCTV & Network)/13283_vrmu.xls",.xls,67072,b6846cb5505886d26e2d8e4507951919d190aa8d9ba9fa7ba7df632cb03e888d,0,1,1,,1,121,1,0,Лист1,visible,8,0.008264462809917356,"[{""sheet"": ""Лист1"", ""sheet_state"": ""visible"", ""header_row"": 8, ""quantity_rows"": 121, ""rate_rows"": 1, ""amount_rows"": 1, ""priced_rows"": 1, ""priced_ratio"": 0.008264462809917356, ""description_columns"": ""B"", ""quantity_columns"": ""E"", ""rate_columns"": ""F"", ""amount_columns"": ""F""}]"
2020-00086,L2023-00036-1,공사,우즈베키스탄 우르겐치 직업훈련원 건립 및 타슈켄트 교사연수센터 건립사업 시공업체선정 현지입찰,1,"L2023-00036-1/붙임3_입찰관련서류_검토완_0717/Section 4.  Bill of Quantities(Not-Priced)/공내역서/VTC견적서/2 УПК(Practice and Education Building)/2-7 ВН, СКС(CCTV & Network)/13283_vfor.xls",.xls,47104,db6c3cc502fbc8f749a5c19609ddf016fd8932c4cc11020c6bd9ee1e3229f05d,0,1,1,,0,0,0,0,,,,0.0,[]
2020-00086,L2023-00036-1,공사,우즈베키스탄 우르겐치 직업훈련원 건립 및 타슈켄트 교사연수센터 건립사업 시공업체선정 현지입찰,1,"L2023-00036-1/붙임3_입찰관련서류_검토완_0717/Section 4.  Bill of Quantities(Not-Priced)/공내역서/VTC견적서/2 УПК(Practice and Education Building)/2-7 ВН, СКС(CCTV & Network)/bv13280.xls",.xls,108032,6992044beb67c2e32411290725db35b2c64559310aff468a4b53db8d3f90312f,0,1,1,,0,0,0,0,,,,0.0,[]
2020-00086,L2023-00036-1,공사,우즈베키스탄 우르겐치 직업훈련원 건립 및 타슈켄트 교사연수센터 건립사업 시공업체선정 현지입찰,1,L2023-00036-1/붙임3_입찰관련서류_검토완_0717/Section 4.  Bill of Quantities(Not-Priced)/공내역서/VTC견적서/2 УПК(Practice and Education Building)/2-2 АР(Architecture)/bv13180.xls,.xls,216064,0a4453a2cbcb0fb035d5a2ee0e7a231433a198a6bc5351d8192be15d300f39db,0,1,1,,0,0,0,0,,,,0.0,[]
2020-00086,L2023-00036-1,공사,우즈베키스탄 우르겐치 직업훈련원 건립 및 타슈켄트 교사연수센터 건립사업 시공업체선정 현지입찰,1,L2023-00036-1/붙임3_입찰관련서류_검토완_0717/Section 4.  Bill of Quantities(Not-Priced)/공내역서/VTC견적서/2 УПК(Practice and Education Building)/2-2 АР(Architecture)/13183_vfor.xls,.xls,57344,ced6d9cc5f0dc47f2fbaa02466c757851c746ad533d0b2a7e89d6670c94b95f5,0,1,1,,0,0,0,0,,,,0.0,[]
2020-00086,L2023-00036-1,공사,우즈베키스탄 우르겐치 직업훈련원 건립 및 타슈켄트 교사연수센터 건립사업 시공업체선정 현지입찰,1,L2023-00036-1/붙임3_입찰관련서류_검토완_0717/Section 4.  Bill of Quantities(Not-Priced)/공내역서/VTC견적서/2 УПК(Practice and Education Building)/2-2 АР(Architecture)/13183_vrmu.xls,.xls,82432,d785547f100119bf8fe99b2cf9a925055b4fd0715cf243dd3de72fa18b6a5902,0,1,1,,1,189,1,0,Лист1,visible,8,0.005291005291005291,"[{""sheet"": ""Лист1"", ""sheet_state"": ""visible"", ""header_row"": 8, ""quantity_rows"": 189, ""rate_rows"": 1, ""amount_rows"": 1, ""priced_rows"": 1, ""priced_ratio"": 0.005291005291005291, ""description_columns"": ""B"", ""quantity_columns"": ""E"", ""rate_columns"": ""F"", ""amount_columns"": ""F""}]"
2020-00086,L2023-00036-1,공사,우즈베키스탄 우르겐치 직업훈련원 건립 및 타슈켄트 교사연수센터 건립사업 시공업체선정 현지입찰,1,L2023-00036-1/붙임3_입찰관련서류_검토완_0717/Section 4.  Bill of Quantities(Not-Priced)/공내역서/VTC견적서/1 АДМИН ЗДАНИЕ(Admin. Build)/1-1 КЖ(Structure)/bv13060.xls,.xls,726528,24109ba5131665957977d77e5eaf5651afc7be65b2c614927a1f2a469e3a4094,0,1,1,,0,0,0,0,,,,0.0,[]
2020-00086,L2023-00036-1,공사,우즈베키스탄 우르겐치 직업훈련원 건립 및 타슈켄트 교사연수센터 건립사업 시공업체선정 현지입찰,1,L2023-00036-1/붙임3_입찰관련서류_검토완_0717/Section 4.  Bill of Quantities(Not-Priced)/공내역서/VTC견적서/1 АДМИН ЗДАНИЕ(Admin. Build)/1-1 КЖ(Structure)/13063_vrmu.xls,.xls,79360,97ca88b1db2e39ab8d470cd74e64acd38eb9c5888d5f78c83da36d324fa0e727,0,1,1,,1,163,1,0,Лист1,visible,8,0.006134969325153374,"[{""sheet"": ""Лист1"", ""sheet_state"": ""visible"", ""header_row"": 8, ""quantity_rows"": 163, ""rate_rows"": 1, ""amount_rows"": 1, ""priced_rows"": 1, ""priced_ratio"": 0.006134969325153374, ""description_columns"": ""B"", ""quantity_columns"": ""E"", ""rate_columns"": ""F"", ""amount_columns"": ""F""}]"
2020-00086,L2023-00036-1,공사,우즈베키스탄 우르겐치 직업훈련원 건립 및 타슈켄트 교사연수센터 건립사업 시공업체선정 현지입찰,1,L2023-00036-1/붙임3_입찰관련서류_검토완_0717/Section 4.  Bill of Quantities(Not-Priced)/공내역서/VTC견적서/1 АДМИН ЗДАНИЕ(Admin. Build)/1-1 КЖ(Structure)/13063_vfor.xls,.xls,118272,722aad89cd38a9a05303abe12485831eca2450747711346f1c22d77bdb78f05b,0,1,1,,0,0,0,0,,,,0.0,[]
2020-00086,L2023-00036-1,공사,우즈베키스탄 우르겐치 직업훈련원 건립 및 타슈켄트 교사연수센터 건립사업 시공업체선정 현지입찰,1,L2023-00036-1/붙임3_입찰관련서류_검토완_0717/Section 4.  Bill of Quantities(Not-Priced)/공내역서/VTC견적서/1 АДМИН ЗДАНИЕ(Admin. Build)/1-5 ЭО(Electric)/13493_vrmu.xls,.xls,95744,ebe77e774131a081d32956fc8861c1d8f742a8828afd9bed0fd71db438f6f165,0,1,1,,0,0,0,0,,,,0.0,[]
2020-00086,L2023-00036-1,공사,우즈베키스탄 우르겐치 직업훈련원 건립 및 타슈켄트 교사연수센터 건립사업 시공업체선정 현지입찰,1,L2023-00036-1/붙임3_입찰관련서류_검토완_0717/Section 4.  Bill of Quantities(Not-Priced)/공내역서/VTC견적서/1 АДМИН ЗДАНИЕ(Admin. Build)/1-5 ЭО(Electric)/bv13490.xls,.xls,158720,bd5f8e35593e9c7efc6d645f53dd05706c78ef405c09926c16e8f6574c780cc0,0,1,1,,0,0,0,0,,,,0.0,[]
2020-00086,L2023-00036-1,공사,우즈베키스탄 우르겐치 직업훈련원 건립 및 타슈켄트 교사연수센터 건립사업 시공업체선정 현지입찰,1,"L2023-00036-1/붙임3_입찰관련서류_검토완_0717/Section 4.  Bill of Quantities(Not-Priced)/공내역서/VTC견적서/1 АДМИН ЗДАНИЕ(Admin. Build)/1-7 ВН, СКС(CCTV & Network)/bv13260.xls",.xls,107520,da9736d6f767a8ecd457f4daac55033b9573e34d0967a3842ac2dd832de749d3,0,1,1,,0,0,0,0,,,,0.0,[]
2020-00086,L2023-00036-1,공사,우즈베키스탄 우르겐치 직업훈련원 건립 및 타슈켄트 교사연수센터 건립사업 시공업체선정 현지입찰,1,"L2023-00036-1/붙임3_입찰관련서류_검토완_0717/Section 4.  Bill of Quantities(Not-Priced)/공내역서/VTC견적서/1 АДМИН ЗДАНИЕ(Admin. Build)/1-7 ВН, СКС(CCTV & Network)/13263_vfor.xls",.xls,47616,7a8b4feeaa0c2b59e5da2fb55f1768d770b5ad657133ec053d138eb8e9bce861,0,1,1,,0,0,0,0,,,,0.0,[]
2020-00086,L2023-00036-1,공사,우즈베키스탄 우르겐치 직업훈련원 건립 및 타슈켄트 교사연수센터 건립사업 시공업체선정 현지입찰,1,"L2023-00036-1/붙임3_입찰관련서류_검토완_0717/Section 4.  Bill of Quantities(Not-Priced)/공내역서/VTC견적서/1 АДМИН ЗДАНИЕ(Admin. Build)/1-7 ВН, СКС(CCTV & Network)/13263_vrmu.xls",.xls,68608,6c0471c582338da570a451cd77b90965fe575e9f9b5a76c47f242fa9f7baf869,0,1,1,,1,121,1,0,Лист1,visible,8,0.008264462809917356,"[{""sheet"": ""Лист1"", ""sheet_state"": ""visible"", ""header_row"": 8, ""quantity_rows"": 121, ""rate_rows"": 1, ""amount_rows"": 1, ""priced_rows"": 1, ""priced_ratio"": 0.008264462809917356, ""description_columns"": ""B"", ""quantity_columns"": ""E"", ""rate_columns"": ""F"", ""amount_columns"": ""F""}]"
2020-00086,L2023-00036-1,공사,우즈베키스탄 우르겐치 직업훈련원 건립 및 타슈켄트 교사연수센터 건립사업 시공업체선정 현지입찰,1,L2023-00036-1/붙임3_입찰관련서류_검토완_0717/Section 4.  Bill of Quantities(Not-Priced)/공내역서/VTC견적서/1 АДМИН ЗДАНИЕ(Admin. Build)/1-4 ВК(Water & Sewer & Fireplug)/13133_vfor.xls,.xls,52736,741ec748efad6c50d4f9031854c9af39efdae94a7f251502f482d1e634696395,0,1,1,,0,0,0,0,,,,0.0,[]
2020-00086,L2023-00036-1,공사,우즈베키스탄 우르겐치 직업훈련원 건립 및 타슈켄트 교사연수센터 건립사업 시공업체선정 현지입찰,1,L2023-00036-1/붙임3_입찰관련서류_검토완_0717/Section 4.  Bill of Quantities(Not-Priced)/공내역서/VTC견적서/1 АДМИН ЗДАНИЕ(Admin. Build)/1-4 ВК(Water & Sewer & Fireplug)/bv13130.xls,.xls,154624,1223ff48761e0fa74c64b76affe4f9a0bba0f90d9621723ff81afca192aa3ec9,0,1,1,,0,0,0,0,,,,0.0,[]
2020-00086,L2023-00036-1,공사,우즈베키스탄 우르겐치 직업훈련원 건립 및 타슈켄트 교사연수센터 건립사업 시공업체선정 현지입찰,1,L2023-00036-1/붙임3_입찰관련서류_검토완_0717/Section 4.  Bill of Quantities(Not-Priced)/공내역서/VTC견적서/1 АДМИН ЗДАНИЕ(Admin. Build)/1-4 ВК(Water & Sewer & Fireplug)/13133_vrmu.xls,.xls,79360,b0afbc4d11efcf493a5e6015f97ca5b4a7b9097194af5dc00c5ac2e9b8482153,0,1,1,,1,169,1,0,Лист1,visible,8,0.005917159763313609,"[{""sheet"": ""Лист1"", ""sheet_state"": ""visible"", ""header_row"": 8, ""quantity_rows"": 169, ""rate_rows"": 1, ""amount_rows"": 1, ""priced_rows"": 1, ""priced_ratio"": 0.005917159763313609, ""description_columns"": ""B"", ""quantity_columns"": ""E"", ""rate_columns"": ""F"", ""amount_columns"": ""F""}]"
2020-00086,L2023-00036-1,공사,우즈베키스탄 우르겐치 직업훈련원 건립 및 타슈켄트 교사연수센터 건립사업 시공업체선정 현지입찰,1,L2023-00036-1/붙임3_입찰관련서류_검토완_0717/Section 4.  Bill of Quantities(Not-Priced)/공내역서/VTC견적서/1 АДМИН ЗДАНИЕ(Admin. Build)/1-10 ЛИФТ(ELEV)/13753_vrmu.xls,.xls,43008,d8c8c9194e19cccc526a10c247d70181deba40b1b4cf1c4603bfe482647ccc57,0,1,1,,0,0,0,0,,,,0.0,[]
2020-00086,L2023-00036-1,공사,우즈베키스탄 우르겐치 직업훈련원 건립 및 타슈켄트 교사연수센터 건립사업 시공업체선정 현지입찰,1,L2023-00036-1/붙임3_입찰관련서류_검토완_0717/Section 4.  Bill of Quantities(Not-Priced)/공내역서/VTC견적서/1 АДМИН ЗДАНИЕ(Admin. Build)/1-10 ЛИФТ(ELEV)/13753_vfor.xls,.xls,30208,b3579f537710c58124f00338f7e0f9e99571d8b9b633597f327e8b17d0a47566,0,1,1,,0,0,0,0,,,,0.0,[]
2020-00086,L2023-00036-1,공사,우즈베키스탄 우르겐치 직업훈련원 건립 및 타슈켄트 교사연수센터 건립사업 시공업체선정 현지입찰,1,L2023-00036-1/붙임3_입찰관련서류_검토완_0717/Section 4.  Bill of Quantities(Not-Priced)/공내역서/VTC견적서/1 АДМИН ЗДАНИЕ(Admin. Build)/1-10 ЛИФТ(ELEV)/bv13750.xls,.xls,54784,eb9c87be647fc11b224374cdaaccddcc279ef6fd030d266e10a9e18b670be321,0,1,1,,0,0,0,0,,,,0.0,[]
2020-00086,L2023-00036-1,공사,우즈베키스탄 우르겐치 직업훈련원 건립 및 타슈켄트 교사연수센터 건립사업 시공업체선정 현지입찰,1,L2023-00036-1/붙임3_입찰관련서류_검토완_0717/Section 4.  Bill of Quantities(Not-Priced)/공내역서/VTC견적서/1 АДМИН ЗДАНИЕ(Admin. Build)/1-3 ОВ(Heating & Ventilation)/13483_vfor.xls,.xls,99328,ea2c98759901d209006d0bf437f6b47db3db59af4a523229e57e8127d6eaec66,0,1,1,,0,0,0,0,,,,0.0,[]
2020-00086,L2023-00036-1,공사,우즈베키스탄 우르겐치 직업훈련원 건립 및 타슈켄트 교사연수센터 건립사업 시공업체선정 현지입찰,1,L2023-00036-1/붙임3_입찰관련서류_검토완_0717/Section 4.  Bill of Quantities(Not-Priced)/공내역서/VTC견적서/1 АДМИН ЗДАНИЕ(Admin. Build)/1-3 ОВ(Heating & Ventilation)/bv13480.xls,.xls,427008,09bb65db10a11858d8ac285c8181d79f56e81b7cf85edc982df2b0f23f6c6b66,0,1,1,,0,0,0,0,,,,0.0,[]
2020-00086,L2023-00036-1,공사,우즈베키스탄 우르겐치 직업훈련원 건립 및 타슈켄트 교사연수센터 건립사업 시공업체선정 현지입찰,1,L2023-00036-1/붙임3_입찰관련서류_검토완_0717/Section 4.  Bill of Quantities(Not-Priced)/공내역서/VTC견적서/1 АДМИН ЗДАНИЕ(Admin. Build)/1-3 ОВ(Heating & Ventilation)/13483_vrmu.xls,.xls,103936,a04ed59f23ea1ae61745cad683d4cbaf5ae363e309db5658d259973ecd8f543d,0,1,1,,1,244,1,0,Лист1,visible,8,0.004098360655737705,"[{""sheet"": ""Лист1"", ""sheet_state"": ""visible"", ""header_row"": 8, ""quantity_rows"": 244, ""rate_rows"": 1, ""amount_rows"": 1, ""priced_rows"": 1, ""priced_ratio"": 0.004098360655737705, ""description_columns"": ""B"", ""quantity_columns"": ""E"", ""rate_columns"": ""F"", ""amount_columns"": ""F""}]"
2020-00086,L2023-00036-1,공사,우즈베키스탄 우르겐치 직업훈련원 건립 및 타슈켄트 교사연수센터 건립사업 시공업체선정 현지입찰,1,L2023-00036-1/붙임3_입찰관련서류_검토완_0717/Section 4.  Bill of Quantities(Not-Priced)/공내역서/VTC견적서/1 АДМИН ЗДАНИЕ(Admin. Build)/1-6 ПС(Fire Alarm)/13253_vrmu.xls,.xls,49152,638ac1d9b3e1c826c7350759798f5c9e7977ba6841161f9a0604aab9275f55ae,0,1,1,,0,0,0,0,,,,0.0,[]
2020-00086,L2023-00036-1,공사,우즈베키스탄 우르겐치 직업훈련원 건립 및 타슈켄트 교사연수센터 건립사업 시공업체선정 현지입찰,1,L2023-00036-1/붙임3_입찰관련서류_검토완_0717/Section 4.  Bill of Quantities(Not-Priced)/공내역서/VTC견적서/1 АДМИН ЗДАНИЕ(Admin. Build)/1-6 ПС(Fire Alarm)/13253_vfor.xls,.xls,36864,4bb2f66c458714b2e47664a339164cdd7ab4a42d68218d6abcca1ab11bf69708,0,1,1,,0,0,0,0,,,,0.0,[]
2020-00086,L2023-00036-1,공사,우즈베키스탄 우르겐치 직업훈련원 건립 및 타슈켄트 교사연수센터 건립사업 시공업체선정 현지입찰,1,L2023-00036-1/붙임3_입찰관련서류_검토완_0717/Section 4.  Bill of Quantities(Not-Priced)/공내역서/VTC견적서/1 АДМИН ЗДАНИЕ(Admin. Build)/1-6 ПС(Fire Alarm)/bv13250.xls,.xls,71680,6dde06584b8e720185be54b7abd01bc9cfe2672da2dbd294b9972d6ed3dfea7d,0,1,1,,0,0,0,0,,,,0.0,[]
2020-00086,L2023-00036-1,공사,우즈베키스탄 우르겐치 직업훈련원 건립 및 타슈켄트 교사연수센터 건립사업 시공업체선정 현지입찰,1,L2023-00036-1/붙임3_입찰관련서류_검토완_0717/Section 4.  Bill of Quantities(Not-Priced)/공내역서/VTC견적서/1 АДМИН ЗДАНИЕ(Admin. Build)/1-8 ТМ (Boiler & Solar heating)/bv13420.xls,.xls,164864,54879a728d46d53dde25618dd54da54ee91a6d2d51486ebe13b0999701943dd6,0,1,1,,0,0,0,0,,,,0.0,[]
2020-00086,L2023-00036-1,공사,우즈베키스탄 우르겐치 직업훈련원 건립 및 타슈켄트 교사연수센터 건립사업 시공업체선정 현지입찰,1,L2023-00036-1/붙임3_입찰관련서류_검토완_0717/Section 4.  Bill of Quantities(Not-Priced)/공내역서/VTC견적서/1 АДМИН ЗДАНИЕ(Admin. Build)/1-8 ТМ (Boiler & Solar heating)/13423_vrmu.xls,.xls,84480,a54c2fcb25747bfe4b9ef498e03a257b08f2e783b9e9f49c3876e0aff148bd9c,0,1,1,,1,170,1,0,Лист1,visible,8,0.0058823529411764705,"[{""sheet"": ""Лист1"", ""sheet_state"": ""visible"", ""header_row"": 8, ""quantity_rows"": 170, ""rate_rows"": 1, ""amount_rows"": 1, ""priced_rows"": 1, ""priced_ratio"": 0.0058823529411764705, ""description_columns"": ""B"", ""quantity_columns"": ""E"", ""rate_columns"": ""F"", ""amount_columns"": ""F""}]"
2020-00086,L2023-00036-1,공사,우즈베키스탄 우르겐치 직업훈련원 건립 및 타슈켄트 교사연수센터 건립사업 시공업체선정 현지입찰,1,L2023-00036-1/붙임3_입찰관련서류_검토완_0717/Section 4.  Bill of Quantities(Not-Priced)/공내역서/VTC견적서/1 АДМИН ЗДАНИЕ(Admin. Build)/1-8 ТМ (Boiler & Solar heating)/13423_vfor.xls,.xls,59392,4fe45df97a3ca51ea360b356de5895b9deb0d9cd61ae11d2664eed6687d6f3d6,0,1,1,,0,0,0,0,,,,0.0,[]
2020-00086,L2023-00036-1,공사,우즈베키스탄 우르겐치 직업훈련원 건립 및 타슈켄트 교사연수센터 건립사업 시공업체선정 현지입찰,1,L2023-00036-1/붙임3_입찰관련서류_검토완_0717/Section 4.  Bill of Quantities(Not-Priced)/공내역서/VTC견적서/1 АДМИН ЗДАНИЕ(Admin. Build)/1-2 АР(Architecture)/13373_vrmu.xls,.xls,78336,d8937a8073c4ef846f2a1d0ed67d95e4a5466aa94bfcffaee1af02f63a42d713,0,1,1,,1,173,1,0,Лист1,visible,8,0.005780346820809248,"[{""sheet"": ""Лист1"", ""sheet_state"": ""visible"", ""header_row"": 8, ""quantity_rows"": 173, ""rate_rows"": 1, ""amount_rows"": 1, ""priced_rows"": 1, ""priced_ratio"": 0.005780346820809248, ""description_columns"": ""B"", ""quantity_columns"": ""E"", ""rate_columns"": ""F"", ""amount_columns"": ""F""}]"
2020-00086,L2023-00036-1,공사,우즈베키스탄 우르겐치 직업훈련원 건립 및 타슈켄트 교사연수센터 건립사업 시공업체선정 현지입찰,1,L2023-00036-1/붙임3_입찰관련서류_검토완_0717/Section 4.  Bill of Quantities(Not-Priced)/공내역서/VTC견적서/1 АДМИН ЗДАНИЕ(Admin. Build)/1-2 АР(Architecture)/bv13370.xls,.xls,210944,8de2bc3d895d879ac1baa522646d817648368da6f2ca6310cdce9e83c7414649,0,1,1,,0,0,0,0,,,,0.0,[]
2020-00086,L2023-00036-1,공사,우즈베키스탄 우르겐치 직업훈련원 건립 및 타슈켄트 교사연수센터 건립사업 시공업체선정 현지입찰,1,L2023-00036-1/붙임3_입찰관련서류_검토완_0717/Section 4.  Bill of Quantities(Not-Priced)/공내역서/VTC견적서/1 АДМИН ЗДАНИЕ(Admin. Build)/1-2 АР(Architecture)/13373_vfor.xls,.xls,53248,1fd794da035727f9b400374fd614b001fa502fae9e609f298084c9c1ba246f47,0,1,1,,0,0,0,0,,,,0.0,[]
2020-00086,L2023-00036-1,공사,우즈베키스탄 우르겐치 직업훈련원 건립 및 타슈켄트 교사연수센터 건립사업 시공업체선정 현지입찰,1,L2023-00036-1/붙임3_입찰관련서류_검토완_0717/Section 4.  Bill of Quantities(Not-Priced)/공내역서/VTC견적서/1 АДМИН ЗДАНИЕ(Admin. Build)/1-9 ГСВ(Gas)/13463_vrmu.xls,.xls,57344,1501c33f8e5b96476ddea53841abdd3c2adb92e4d3e866d7096938be3f8c71a6,0,1,1,,1,72,1,0,Лист1,visible,8,0.013888888888888888,"[{""sheet"": ""Лист1"", ""sheet_state"": ""visible"", ""header_row"": 8, ""quantity_rows"": 72, ""rate_rows"": 1, ""amount_rows"": 1, ""priced_rows"": 1, ""priced_ratio"": 0.013888888888888888, ""description_columns"": ""B"", ""quantity_columns"": ""E"", ""rate_columns"": ""F"", ""amount_columns"": ""F""}]"
2020-00086,L2023-00036-1,공사,우즈베키스탄 우르겐치 직업훈련원 건립 및 타슈켄트 교사연수센터 건립사업 시공업체선정 현지입찰,1,L2023-00036-1/붙임3_입찰관련서류_검토완_0717/Section 4.  Bill of Quantities(Not-Priced)/공내역서/VTC견적서/1 АДМИН ЗДАНИЕ(Admin. Build)/1-9 ГСВ(Gas)/bv13460.xls,.xls,96256,588c1f649649826e30b0665d9a48f62f1bb7b8c32ecd2910dbcab3cb69e9168f,0,1,1,,0,0,0,0,,,,0.0,[]
2020-00086,L2023-00036-1,공사,우즈베키스탄 우르겐치 직업훈련원 건립 및 타슈켄트 교사연수센터 건립사업 시공업체선정 현지입찰,1,L2023-00036-1/붙임3_입찰관련서류_검토완_0717/Section 4.  Bill of Quantities(Not-Priced)/공내역서/VTC견적서/1 АДМИН ЗДАНИЕ(Admin. Build)/1-9 ГСВ(Gas)/13463_vfor.xls,.xls,37888,25912c3b07a4bfa20711c5089964aa1b96918b731753114e83bff382b00543b4,0,1,1,,0,0,0,0,,,,0.0,[]
2020-00086,L2023-00036-1,공사,우즈베키스탄 우르겐치 직업훈련원 건립 및 타슈켄트 교사연수센터 건립사업 시공업체선정 현지입찰,1,L2023-00036-1/붙임3_입찰관련서류_검토완_0717/Section 4.  Bill of Quantities(Not-Priced)/공내역서/VTC견적서/5 МИНИКУХНЯ(Mini Cafe)/5-3 ОВ(Heating & Ventilation)/13543_vrmu.xls,.xls,49664,2e0c5447782587d021f6d8f036576bc903e602712197c33721262ba5cc1fc354,0,1,1,,1,45,1,0,Лист1,visible,8,0.022222222222222223,"[{""sheet"": ""Лист1"", ""sheet_state"": ""visible"", ""header_row"": 8, ""quantity_rows"": 45, ""rate_rows"": 1, ""amount_rows"": 1, ""priced_rows"": 1, ""priced_ratio"": 0.022222222222222223, ""description_columns"": ""B"", ""quantity_columns"": ""E"", ""rate_columns"": ""F"", ""amount_columns"": ""F""}]"
2020-00086,L2023-00036-1,공사,우즈베키스탄 우르겐치 직업훈련원 건립 및 타슈켄트 교사연수센터 건립사업 시공업체선정 현지입찰,1,L2023-00036-1/붙임3_입찰관련서류_검토완_0717/Section 4.  Bill of Quantities(Not-Priced)/공내역서/VTC견적서/5 МИНИКУХНЯ(Mini Cafe)/5-3 ОВ(Heating & Ventilation)/13543_vfor.xls,.xls,32768,876a0957fc6163b0b1e4ad5810ee7d53956a2d9014cbba2d4ea4baf23224ec61,0,1,1,,0,0,0,0,,,,0.0,[]
2020-00086,L2023-00036-1,공사,우즈베키스탄 우르겐치 직업훈련원 건립 및 타슈켄트 교사연수센터 건립사업 시공업체선정 현지입찰,1,L2023-00036-1/붙임3_입찰관련서류_검토완_0717/Section 4.  Bill of Quantities(Not-Priced)/공내역서/VTC견적서/5 МИНИКУХНЯ(Mini Cafe)/5-3 ОВ(Heating & Ventilation)/bv13540.xls,.xls,65536,f02a015b345ee86a5346018105e60337b5af91dc340467ec926133d010d70b8f,0,1,1,,0,0,0,0,,,,0.0,[]
2020-00086,L2023-00036-1,공사,우즈베키스탄 우르겐치 직업훈련원 건립 및 타슈켄트 교사연수센터 건립사업 시공업체선정 현지입찰,1,L2023-00036-1/붙임3_입찰관련서류_검토완_0717/Section 4.  Bill of Quantities(Not-Priced)/공내역서/VTC견적서/5 МИНИКУХНЯ(Mini Cafe)/5-2 АР(Architecture)/bv13190.xls,.xls,114176,4ade510ed9f6b01414dd3b9e208d36868bcf0fe70bb6352beb850b258163fe9f,0,1,1,,0,0,0,0,,,,0.0,[]
2020-00086,L2023-00036-1,공사,우즈베키스탄 우르겐치 직업훈련원 건립 및 타슈켄트 교사연수센터 건립사업 시공업체선정 현지입찰,1,L2023-00036-1/붙임3_입찰관련서류_검토완_0717/Section 4.  Bill of Quantities(Not-Priced)/공내역서/VTC견적서/5 МИНИКУХНЯ(Mini Cafe)/5-2 АР(Architecture)/13193_vrmu.xls,.xls,59392,32390eeba886734409c4cffd1bac48a8b2621f64ee819bc516ce95d6ce0de568,0,1,1,,1,104,1,0,Лист1,visible,8,0.009615384615384616,"[{""sheet"": ""Лист1"", ""sheet_state"": ""visible"", ""header_row"": 8, ""quantity_rows"": 104, ""rate_rows"": 1, ""amount_rows"": 1, ""priced_rows"": 1, ""priced_ratio"": 0.009615384615384616, ""description_columns"": ""B"", ""quantity_columns"": ""E"", ""rate_columns"": ""F"", ""amount_columns"": ""F""}]"
2020-00086,L2023-00036-1,공사,우즈베키스탄 우르겐치 직업훈련원 건립 및 타슈켄트 교사연수센터 건립사업 시공업체선정 현지입찰,1,L2023-00036-1/붙임3_입찰관련서류_검토완_0717/Section 4.  Bill of Quantities(Not-Priced)/공내역서/VTC견적서/5 МИНИКУХНЯ(Mini Cafe)/5-2 АР(Architecture)/13193_vfor.xls,.xls,40960,f62d6e52a875e6096a3b3750725b2d51bc1fd31530c2873884d5a5d062914d99,0,1,1,,0,0,0,0,,,,0.0,[]
2020-00086,L2023-00036-1,공사,우즈베키스탄 우르겐치 직업훈련원 건립 및 타슈켄트 교사연수센터 건립사업 시공업체선정 현지입찰,1,L2023-00036-1/붙임3_입찰관련서류_검토완_0717/Section 4.  Bill of Quantities(Not-Priced)/공내역서/VTC견적서/5 МИНИКУХНЯ(Mini Cafe)/5-5 ЭО(Electric)/13523_vrmu.xls,.xls,51712,7e16265662d64e011839c6562a409b724755257307d17d53527af9a45b14d4e6,0,1,1,,1,51,1,0,Лист1,visible,8,0.0196078431372549,"[{""sheet"": ""Лист1"", ""sheet_state"": ""visible"", ""header_row"": 8, ""quantity_rows"": 51, ""rate_rows"": 1, ""amount_rows"": 1, ""priced_rows"": 1, ""priced_ratio"": 0.0196078431372549, ""description_columns"": ""B"", ""quantity_columns"": ""E"", ""rate_columns"": ""F"", ""amount_columns"": ""F""}]"
2020-00086,L2023-00036-1,공사,우즈베키스탄 우르겐치 직업훈련원 건립 및 타슈켄트 교사연수센터 건립사업 시공업체선정 현지입찰,1,L2023-00036-1/붙임3_입찰관련서류_검토완_0717/Section 4.  Bill of Quantities(Not-Priced)/공내역서/VTC견적서/5 МИНИКУХНЯ(Mini Cafe)/5-5 ЭО(Electric)/13523_vfor.xls,.xls,38912,0b8abf0891da011114759f88243e0f71e1a95036c98ea30dad347b4f69ee2b1b,0,1,1,,0,0,0,0,,,,0.0,[]
2020-00086,L2023-00036-1,공사,우즈베키스탄 우르겐치 직업훈련원 건립 및 타슈켄트 교사연수센터 건립사업 시공업체선정 현지입찰,1,L2023-00036-1/붙임3_입찰관련서류_검토완_0717/Section 4.  Bill of Quantities(Not-Priced)/공내역서/VTC견적서/5 МИНИКУХНЯ(Mini Cafe)/5-5 ЭО(Electric)/bv13520.xls,.xls,72704,1ada1c8c043ded8552eb8c5daa2fa56c90309d301f171e5fe5761772acfa2c72,0,1,1,,0,0,0,0,,,,0.0,[]
2020-00086,L2023-00036-1,공사,우즈베키스탄 우르겐치 직업훈련원 건립 및 타슈켄트 교사연수센터 건립사업 시공업체선정 현지입찰,1,L2023-00036-1/붙임3_입찰관련서류_검토완_0717/Section 4.  Bill of Quantities(Not-Priced)/공내역서/VTC견적서/5 МИНИКУХНЯ(Mini Cafe)/5-6 ПС(Fire Alarm)/13333_vrmu.xls,.xls,45568,c129f77230778e4e75807137b0a081fda18b76c89bfafb91bf998c73b18b42b4,0,1,1,,1,46,1,0,Лист1,visible,8,0.021739130434782608,"[{""sheet"": ""Лист1"", ""sheet_state"": ""visible"", ""header_row"": 8, ""quantity_rows"": 46, ""rate_rows"": 1, ""amount_rows"": 1, ""priced_rows"": 1, ""priced_ratio"": 0.021739130434782608, ""description_columns"": ""B"", ""quantity_columns"": ""E"", ""rate_columns"": ""F"", ""amount_columns"": ""F""}]"
2020-00086,L2023-00036-1,공사,우즈베키스탄 우르겐치 직업훈련원 건립 및 타슈켄트 교사연수센터 건립사업 시공업체선정 현지입찰,1,L2023-00036-1/붙임3_입찰관련서류_검토완_0717/Section 4.  Bill of Quantities(Not-Priced)/공내역서/VTC견적서/5 МИНИКУХНЯ(Mini Cafe)/5-6 ПС(Fire Alarm)/13333_vfor.xls,.xls,35328,10bb19b81831d3a84b82c28f1547ca3fe887463b9f75dee45ccc757eb0779c6c,0,1,1,,0,0,0,0,,,,0.0,[]
2020-00086,L2023-00036-1,공사,우즈베키스탄 우르겐치 직업훈련원 건립 및 타슈켄트 교사연수센터 건립사업 시공업체선정 현지입찰,1,L2023-00036-1/붙임3_입찰관련서류_검토완_0717/Section 4.  Bill of Quantities(Not-Priced)/공내역서/VTC견적서/5 МИНИКУХНЯ(Mini Cafe)/5-6 ПС(Fire Alarm)/bv13330.xls,.xls,62976,5285368cbc7c4336c65b8d5e64b9139cb7feafa61bb9ae14627cdc4c2d5c9f76,0,1,1,,0,0,0,0,,,,0.0,[]
2020-00086,L2023-00036-1,공사,우즈베키스탄 우르겐치 직업훈련원 건립 및 타슈켄트 교사연수센터 건립사업 시공업체선정 현지입찰,1,L2023-00036-1/붙임3_입찰관련서류_검토완_0717/Section 4.  Bill of Quantities(Not-Priced)/공내역서/VTC견적서/5 МИНИКУХНЯ(Mini Cafe)/5-1 КЖ(Structure)/13043_vrmu.xls,.xls,64000,380165b5ba6f48a8bc825a12a666a0aeb51807f94d8b2c20559637674f7d94b0,0,1,1,,1,131,1,0,Лист1,visible,8,0.007633587786259542,"[{""sheet"": ""Лист1"", ""sheet_state"": ""visible"", ""header_row"": 8, ""quantity_rows"": 131, ""rate_rows"": 1, ""amount_rows"": 1, ""priced_rows"": 1, ""priced_ratio"": 0.007633587786259542, ""description_columns"": ""B"", ""quantity_columns"": ""E"", ""rate_columns"": ""F"", ""amount_columns"": ""F""}]"
2020-00086,L2023-00036-1,공사,우즈베키스탄 우르겐치 직업훈련원 건립 및 타슈켄트 교사연수센터 건립사업 시공업체선정 현지입찰,1,L2023-00036-1/붙임3_입찰관련서류_검토완_0717/Section 4.  Bill of Quantities(Not-Priced)/공내역서/VTC견적서/5 МИНИКУХНЯ(Mini Cafe)/5-1 КЖ(Structure)/13043_vfor.xls,.xls,48128,97f17253a08cf0cc8c9680898c42398ae08fe78103f09e01bf2a6835019a9ec3,0,1,1,,0,0,0,0,,,,0.0,[]
2020-00086,L2023-00036-1,공사,우즈베키스탄 우르겐치 직업훈련원 건립 및 타슈켄트 교사연수센터 건립사업 시공업체선정 현지입찰,1,L2023-00036-1/붙임3_입찰관련서류_검토완_0717/Section 4.  Bill of Quantities(Not-Priced)/공내역서/VTC견적서/5 МИНИКУХНЯ(Mini Cafe)/5-1 КЖ(Structure)/bv13040.xls,.xls,174592,863838e7bc7c9434fc3bd88bdcfea6aba7ac50f88f9f5db01b0e254da7998ff8,0,1,1,,0,0,0,0,,,,0.0,[]
2020-00086,L2023-00036-1,공사,우즈베키스탄 우르겐치 직업훈련원 건립 및 타슈켄트 교사연수센터 건립사업 시공업체선정 현지입찰,1,"L2023-00036-1/붙임3_입찰관련서류_검토완_0717/Section 4.  Bill of Quantities(Not-Priced)/공내역서/VTC견적서/5 МИНИКУХНЯ(Mini Cafe)/5-7 ВН, СКС(CCTV & Network)/bv13340.xls",.xls,87552,f7ebc1e11ee41682c73ffe4df54efdaf6f8776e3d1421e342e5d6efdf51b8f91,0,1,1,,0,0,0,0,,,,0.0,[]
2020-00086,L2023-00036-1,공사,우즈베키스탄 우르겐치 직업훈련원 건립 및 타슈켄트 교사연수센터 건립사업 시공업체선정 현지입찰,1,"L2023-00036-1/붙임3_입찰관련서류_검토완_0717/Section 4.  Bill of Quantities(Not-Priced)/공내역서/VTC견적서/5 МИНИКУХНЯ(Mini Cafe)/5-7 ВН, СКС(CCTV & Network)/13343_vfor.xls",.xls,42496,7ae45ebf6513a57ba6f4fb37a194629105af57885c6435d8e0b3fac1d07b54d7,0,1,1,,0,0,0,0,,,,0.0,[]
2020-00086,L2023-00036-1,공사,우즈베키스탄 우르겐치 직업훈련원 건립 및 타슈켄트 교사연수센터 건립사업 시공업체선정 현지입찰,1,"L2023-00036-1/붙임3_입찰관련서류_검토완_0717/Section 4.  Bill of Quantities(Not-Priced)/공내역서/VTC견적서/5 МИНИКУХНЯ(Mini Cafe)/5-7 ВН, СКС(CCTV & Network)/13343_vrmu.xls",.xls,57344,0c131dc024a728f09c19dc05519a4f69fc17da1dc83c0ff221c9fcbc28ca3e83,0,1,1,,1,87,1,0,Лист1,visible,8,0.011494252873563218,"[{""sheet"": ""Лист1"", ""sheet_state"": ""visible"", ""header_row"": 8, ""quantity_rows"": 87, ""rate_rows"": 1, ""amount_rows"": 1, ""priced_rows"": 1, ""priced_ratio"": 0.011494252873563218, ""description_columns"": ""B"", ""quantity_columns"": ""E"", ""rate_columns"": ""F"", ""amount_columns"": ""F""}]"
2020-00086,L2023-00036-1,공사,우즈베키스탄 우르겐치 직업훈련원 건립 및 타슈켄트 교사연수센터 건립사업 시공업체선정 현지입찰,1,L2023-00036-1/붙임3_입찰관련서류_검토완_0717/Section 4.  Bill of Quantities(Not-Priced)/공내역서/VTC견적서/5 МИНИКУХНЯ(Mini Cafe)/5-4 ВК(Water & Sewer & Fireplug)/bv13150.xls,.xls,81920,ff40bc5d0ea432e7b1d7366c5d4fcb487b2c3880f96e4f78375825eafcfb95b6,0,1,1,,0,0,0,0,,,,0.0,[]
2020-00086,L2023-00036-1,공사,우즈베키스탄 우르겐치 직업훈련원 건립 및 타슈켄트 교사연수센터 건립사업 시공업체선정 현지입찰,1,L2023-00036-1/붙임3_입찰관련서류_검토완_0717/Section 4.  Bill of Quantities(Not-Priced)/공내역서/VTC견적서/5 МИНИКУХНЯ(Mini Cafe)/5-4 ВК(Water & Sewer & Fireplug)/13153_vfor.xls,.xls,38912,8c432bdc15c5f2e9b21d8cf64d2092af76e32ac769bcf6930a80498eda501c52,0,1,1,,0,0,0,0,,,,0.0,[]
2020-00086,L2023-00036-1,공사,우즈베키스탄 우르겐치 직업훈련원 건립 및 타슈켄트 교사연수센터 건립사업 시공업체선정 현지입찰,1,L2023-00036-1/붙임3_입찰관련서류_검토완_0717/Section 4.  Bill of Quantities(Not-Priced)/공내역서/VTC견적서/5 МИНИКУХНЯ(Mini Cafe)/5-4 ВК(Water & Sewer & Fireplug)/13153_vrmu.xls,.xls,55296,b73ea620ff03c68e64d826146d0e3fdf85d76c45d5f7b952398e75088501d5a8,0,1,1,,1,89,1,0,Лист1,visible,8,0.011235955056179775,"[{""sheet"": ""Лист1"", ""sheet_state"": ""visible"", ""header_row"": 8, ""quantity_rows"": 89, ""rate_rows"": 1, ""amount_rows"": 1, ""priced_rows"": 1, ""priced_ratio"": 0.011235955056179775, ""description_columns"": ""B"", ""quantity_columns"": ""E"", ""rate_columns"": ""F"", ""amount_columns"": ""F""}]"
2020-00086,L2023-00036-1,공사,우즈베키스탄 우르겐치 직업훈련원 건립 및 타슈켄트 교사연수센터 건립사업 시공업체선정 현지입찰,1,L2023-00036-1/붙임3_입찰관련서류_검토완_0717/Section 4.  Bill of Quantities(Not-Priced)/공내역서/VTC견적서/9 ТП(Transformers)/9-2 ЭО(Electric)/bv13620.xls,.xls,72192,d12264dd66d83231e992bd650b7557870412089a06a2a0d4425c2f7ce9505b54,0,1,1,,0,0,0,0,,,,0.0,[]
2020-00086,L2023-00036-1,공사,우즈베키스탄 우르겐치 직업훈련원 건립 및 타슈켄트 교사연수센터 건립사업 시공업체선정 현지입찰,1,L2023-00036-1/붙임3_입찰관련서류_검토완_0717/Section 4.  Bill of Quantities(Not-Priced)/공내역서/VTC견적서/9 ТП(Transformers)/9-2 ЭО(Electric)/13623_vfor.xls,.xls,43520,45d383d1448e59a8f49860e92e6e7aa212038c27e4d7bce97a086cc21f88ccfe,0,1,1,,0,0,0,0,,,,0.0,[]
2020-00086,L2023-00036-1,공사,우즈베키스탄 우르겐치 직업훈련원 건립 및 타슈켄트 교사연수센터 건립사업 시공업체선정 현지입찰,1,L2023-00036-1/붙임3_입찰관련서류_검토완_0717/Section 4.  Bill of Quantities(Not-Priced)/공내역서/VTC견적서/9 ТП(Transformers)/9-2 ЭО(Electric)/13623_vrmu.xls,.xls,44544,9c376ffd83f74a7a0482782b87e52d87f3fd57e8ae172745d22dd2b5f75c87d3,0,1,1,,1,25,1,0,Лист1,visible,8,0.04,"[{""sheet"": ""Лист1"", ""sheet_state"": ""visible"", ""header_row"": 8, ""quantity_rows"": 25, ""rate_rows"": 1, ""amount_rows"": 1, ""priced_rows"": 1, ""priced_ratio"": 0.04, ""description_columns"": ""B"", ""quantity_columns"": ""E"", ""rate_columns"": ""F"", ""amount_columns"": ""F""}]"
2020-00086,L2023-00036-1,공사,우즈베키스탄 우르겐치 직업훈련원 건립 및 타슈켄트 교사연수센터 건립사업 시공업체선정 현지입찰,1,L2023-00036-1/붙임3_입찰관련서류_검토완_0717/Section 4.  Bill of Quantities(Not-Priced)/공내역서/VTC견적서/9 ТП(Transformers)/9-1 AC(Architecture+Structure)/13613_vrmu.xls,.xls,52224,dac492bc0da9304780f8cd01f3d5f4471428e5935002eef499f872bcaa423196,0,1,1,,1,60,1,0,Лист1,visible,8,0.016666666666666666,"[{""sheet"": ""Лист1"", ""sheet_state"": ""visible"", ""header_row"": 8, ""quantity_rows"": 60, ""rate_rows"": 1, ""amount_rows"": 1, ""priced_rows"": 1, ""priced_ratio"": 0.016666666666666666, ""description_columns"": ""B"", ""quantity_columns"": ""E"", ""rate_columns"": ""F"", ""amount_columns"": ""F""}]"
2020-00086,L2023-00036-1,공사,우즈베키스탄 우르겐치 직업훈련원 건립 및 타슈켄트 교사연수센터 건립사업 시공업체선정 현지입찰,1,L2023-00036-1/붙임3_입찰관련서류_검토완_0717/Section 4.  Bill of Quantities(Not-Priced)/공내역서/VTC견적서/9 ТП(Transformers)/9-1 AC(Architecture+Structure)/bv13610.xls,.xls,87552,9c3b233e7eee9e95f4d7e3a8fd06879e5232932fea0154ee2d2ca48539bf46ec,0,1,1,,0,0,0,0,,,,0.0,[]
2020-00086,L2023-00036-1,공사,우즈베키스탄 우르겐치 직업훈련원 건립 및 타슈켄트 교사연수센터 건립사업 시공업체선정 현지입찰,1,L2023-00036-1/붙임3_입찰관련서류_검토완_0717/Section 4.  Bill of Quantities(Not-Priced)/공내역서/VTC견적서/9 ТП(Transformers)/9-1 AC(Architecture+Structure)/13613_vfor.xls,.xls,43520,d44f0b5ecfc1065f05341153878714679026a9bf6545cc1f41a3b99d2fc64e82,0,1,1,,0,0,0,0,,,,0.0,[]
2020-00086,L2023-00036-1,공사,우즈베키스탄 우르겐치 직업훈련원 건립 및 타슈켄트 교사연수센터 건립사업 시공업체선정 현지입찰,1,L2023-00036-1/붙임3_입찰관련서류_검토완_0717/Section 4.  Bill of Quantities(Not-Priced)/공내역서/TTC견적서/TTC(Teacher Traing Center)/СВОДКА(TTC Total sum. o).xlsx,.xlsx,32243,18f7fed124e549f8d045a52b65bfb032bfd797fb45093bfe24108488bd7f0010,0,1,1,,0,0,0,0,,,,0.0,[]
2020-00086,L2023-00036-1,공사,우즈베키스탄 우르겐치 직업훈련원 건립 및 타슈켄트 교사연수센터 건립사업 시공업체선정 현지입찰,1,L2023-00036-1/붙임3_입찰관련서류_검토완_0717/Section 4.  Bill of Quantities(Not-Priced)/공내역서/TTC견적서/TTC(Teacher Traing Center)/12 OB( Heating & Ventilation)/ra900.xlsx,.xlsx,25457,c0e7dba7fed37589ec6340137fd80e3748fc4e6f60d5a31a1732a90a20c89215,0,1,1,,1,145,0,0,ra_abc4,visible,8,0.0,"[{""sheet"": ""ra_abc4"", ""sheet_state"": ""visible"", ""header_row"": 8, ""quantity_rows"": 145, ""rate_rows"": 0, ""amount_rows"": 0, ""priced_rows"": 0, ""priced_ratio"": 0.0, ""description_columns"": ""B"", ""quantity_columns"": ""E"", ""rate_columns"": """", ""amount_columns"": """"}]"
2020-00086,L2023-00036-1,공사,우즈베키스탄 우르겐치 직업훈련원 건립 및 타슈켄트 교사연수센터 건립사업 시공업체선정 현지입찰,1,L2023-00036-1/붙임3_입찰관련서류_검토완_0717/Section 4.  Bill of Quantities(Not-Priced)/공내역서/TTC견적서/TTC(Teacher Traing Center)/12 OB( Heating & Ventilation)/bv900.xlsx,.xlsx,57114,6ecb37ae086780f16e98b30e7632769c400d862e9e881341019571e4635cfe62,0,1,1,,1,583,0,0,_ЛРВ,visible,9,0.0,"[{""sheet"": ""_ЛРВ"", ""sheet_state"": ""visible"", ""header_row"": 9, ""quantity_rows"": 583, ""rate_rows"": 0, ""amount_rows"": 0, ""priced_rows"": 0, ""priced_ratio"": 0.0, ""description_columns"": ""B;C;D"", ""quantity_columns"": ""F"", ""rate_columns"": """", ""amount_columns"": """"}]"
2020-00086,L2023-00036-1,공사,우즈베키스탄 우르겐치 직업훈련원 건립 및 타슈켄트 교사연수센터 건립사업 시공업체선정 현지입찰,1,L2023-00036-1/붙임3_입찰관련서류_검토완_0717/Section 4.  Bill of Quantities(Not-Priced)/공내역서/TTC견적서/TTC(Teacher Traing Center)/10 СКС(Network)/ra880.xlsx,.xlsx,18030,199cd0082bbab1b40761e3488c1f1d8640ea614526e9e2299473c945cad04b3c,0,1,1,,1,46,0,0,ra_abc4,visible,8,0.0,"[{""sheet"": ""ra_abc4"", ""sheet_state"": ""visible"", ""header_row"": 8, ""quantity_rows"": 46, ""rate_rows"": 0, ""amount_rows"": 0, ""priced_rows"": 0, ""priced_ratio"": 0.0, ""description_columns"": ""B"", ""quantity_columns"": ""E"", ""rate_columns"": """", ""amount_columns"": """"}]"
2020-00086,L2023-00036-1,공사,우즈베키스탄 우르겐치 직업훈련원 건립 및 타슈켄트 교사연수센터 건립사업 시공업체선정 현지입찰,1,L2023-00036-1/붙임3_입찰관련서류_검토완_0717/Section 4.  Bill of Quantities(Not-Priced)/공내역서/TTC견적서/TTC(Teacher Traing Center)/10 СКС(Network)/bv880.xlsx,.xlsx,18727,7dbc22ca005e0e4c226c79d089e7a86d1cf9d86c5ce303f40f114936328702ea,0,1,1,,1,72,0,0,_ЛРВ,visible,9,0.0,"[{""sheet"": ""_ЛРВ"", ""sheet_state"": ""visible"", ""header_row"": 9, ""quantity_rows"": 72, ""rate_rows"": 0, ""amount_rows"": 0, ""priced_rows"": 0, ""priced_ratio"": 0.0, ""description_columns"": ""B;C;D"", ""quantity_columns"": ""F"", ""rate_columns"": """", ""amount_columns"": """"}]"
2020-00086,L2023-00036-1,공사,우즈베키스탄 우르겐치 직업훈련원 건립 및 타슈켄트 교사연수센터 건립사업 시공업체선정 현지입찰,1,L2023-00036-1/붙임3_입찰관련서류_검토완_0717/Section 4.  Bill of Quantities(Not-Priced)/공내역서/TTC견적서/TTC(Teacher Traing Center)/9 ЭО(Electric)/bv870.xlsx,.xlsx,24024,590053cdfd59adba7a4b5f88ecdf76f97cfb3c4d11e98da39322368216c48da9,0,1,1,,1,135,0,0,_ЛРВ,visible,9,0.0,"[{""sheet"": ""_ЛРВ"", ""sheet_state"": ""visible"", ""header_row"": 9, ""quantity_rows"": 135, ""rate_rows"": 0, ""amount_rows"": 0, ""priced_rows"": 0, ""priced_ratio"": 0.0, ""description_columns"": ""B;C;D"", ""quantity_columns"": ""F"", ""rate_columns"": """", ""amount_columns"": """"}]"
2020-00086,L2023-00036-1,공사,우즈베키스탄 우르겐치 직업훈련원 건립 및 타슈켄트 교사연수센터 건립사업 시공업체선정 현지입찰,1,L2023-00036-1/붙임3_입찰관련서류_검토완_0717/Section 4.  Bill of Quantities(Not-Priced)/공내역서/TTC견적서/TTC(Teacher Traing Center)/9 ЭО(Electric)/ra870.xlsx,.xlsx,17554,86bcd13f1e122deed0898b8d011d1d581353131e0abde33c435654236fba8f3e,0,1,1,,1,44,0,0,ra_abc4,visible,8,0.0,"[{""sheet"": ""ra_abc4"", ""sheet_state"": ""visible"", ""header_row"": 8, ""quantity_rows"": 44, ""rate_rows"": 0, ""amount_rows"": 0, ""priced_rows"": 0, ""priced_ratio"": 0.0, ""description_columns"": ""B"", ""quantity_columns"": ""E"", ""rate_columns"": """", ""amount_columns"": """"}]"
2020-00086,L2023-00036-1,공사,우즈베키스탄 우르겐치 직업훈련원 건립 및 타슈켄트 교사연수센터 건립사업 시공업체선정 현지입찰,1,L2023-00036-1/붙임3_입찰관련서류_검토완_0717/Section 4.  Bill of Quantities(Not-Priced)/공내역서/TTC견적서/TTC(Teacher Traing Center)/2 АР(Architecture)/ra3030.xlsx,.xlsx,27171,1ab32257b417f35173d37ca063d6c865481a2c4e20984dbfcccad7ba6691eea3,0,1,1,,1,142,0,0,ra_abc4,visible,10,0.0,"[{""sheet"": ""ra_abc4"", ""sheet_state"": ""visible"", ""header_row"": 10, ""quantity_rows"": 142, ""rate_rows"": 0, ""amount_rows"": 0, ""priced_rows"": 0, ""priced_ratio"": 0.0, ""description_columns"": ""B"", ""quantity_columns"": ""E"", ""rate_columns"": """", ""amount_columns"": """"}]"
2020-00086,L2023-00036-1,공사,우즈베키스탄 우르겐치 직업훈련원 건립 및 타슈켄트 교사연수센터 건립사업 시공업체선정 현지입찰,1,L2023-00036-1/붙임3_입찰관련서류_검토완_0717/Section 4.  Bill of Quantities(Not-Priced)/공내역서/TTC견적서/TTC(Teacher Traing Center)/2 АР(Architecture)/bv3030.xlsx,.xlsx,84434,fe7024582a9e7a27577e95f0b5c83b062807ddf1c456cf8c97eea3f47349b1f3,0,1,1,,1,720,0,0,_ЛРВ,visible,10,0.0,"[{""sheet"": ""_ЛРВ"", ""sheet_state"": ""visible"", ""header_row"": 10, ""quantity_rows"": 720, ""rate_rows"": 0, ""amount_rows"": 0, ""priced_rows"": 0, ""priced_ratio"": 0.0, ""description_columns"": ""C;D"", ""quantity_columns"": ""F"", ""rate_columns"": """", ""amount_columns"": """"}]"
2020-00086,L2023-00036-1,공사,우즈베키스탄 우르겐치 직업훈련원 건립 및 타슈켄트 교사연수센터 건립사업 시공업체선정 현지입찰,1,L2023-00036-1/붙임3_입찰관련서류_검토완_0717/Section 4.  Bill of Quantities(Not-Priced)/공내역서/TTC견적서/TTC(Teacher Traing Center)/7 CO(Suond)/ra3050.xlsx,.xlsx,16144,3cf45bc9f2d27c43f48e134d2bfd9e01b5da1619124aac33d045fbd062047f42,0,1,1,,1,26,0,0,ra_abc4,visible,11,0.0,"[{""sheet"": ""ra_abc4"", ""sheet_state"": ""visible"", ""header_row"": 11, ""quantity_rows"": 26, ""rate_rows"": 0, ""amount_rows"": 0, ""priced_rows"": 0, ""priced_ratio"": 0.0, ""description_columns"": ""B"", ""quantity_columns"": ""E"", ""rate_columns"": """", ""amount_columns"": """"}]"
2020-00086,L2023-00036-1,공사,우즈베키스탄 우르겐치 직업훈련원 건립 및 타슈켄트 교사연수센터 건립사업 시공업체선정 현지입찰,1,L2023-00036-1/붙임3_입찰관련서류_검토완_0717/Section 4.  Bill of Quantities(Not-Priced)/공내역서/TTC견적서/TTC(Teacher Traing Center)/7 CO(Suond)/bv3050.xlsx,.xlsx,19167,d8736b6fb22ca90bb5af5c298fc86e1ee24f5e86a706ccd04c842123ad6d6659,0,1,1,,1,47,0,0,_ЛРВ,visible,10,0.0,"[{""sheet"": ""_ЛРВ"", ""sheet_state"": ""visible"", ""header_row"": 10, ""quantity_rows"": 47, ""rate_rows"": 0, ""amount_rows"": 0, ""priced_rows"": 0, ""priced_ratio"": 0.0, ""description_columns"": ""C;D"", ""quantity_columns"": ""F"", ""rate_columns"": """", ""amount_columns"": """"}]"
2020-00086,L2023-00036-1,공사,우즈베키스탄 우르겐치 직업훈련원 건립 및 타슈켄트 교사연수센터 건립사업 시공업체선정 현지입찰,1,L2023-00036-1/붙임3_입찰관련서류_검토완_0717/Section 4.  Bill of Quantities(Not-Priced)/공내역서/TTC견적서/TTC(Teacher Traing Center)/6 BH(CCTV)/bv3040.xlsx,.xlsx,17421,c087a01a7f5ee8bc03972781ebf3fd9e8b22b9403edf8c1afc5f58ba62cd9347,0,1,1,,1,41,0,0,_ЛРВ,visible,10,0.0,"[{""sheet"": ""_ЛРВ"", ""sheet_state"": ""visible"", ""header_row"": 10, ""quantity_rows"": 41, ""rate_rows"": 0, ""amount_rows"": 0, ""priced_rows"": 0, ""priced_ratio"": 0.0, ""description_columns"": ""C;D"", ""quantity_columns"": ""F"", ""rate_columns"": """", ""amount_columns"": """"}]"
2020-00086,L2023-00036-1,공사,우즈베키스탄 우르겐치 직업훈련원 건립 및 타슈켄트 교사연수센터 건립사업 시공업체선정 현지입찰,1,L2023-00036-1/붙임3_입찰관련서류_검토완_0717/Section 4.  Bill of Quantities(Not-Priced)/공내역서/TTC견적서/TTC(Teacher Traing Center)/6 BH(CCTV)/ra3040.xlsx,.xlsx,15692,f5e37918a701d900c3b2bbe9e1043f237d948b3b8b8e292ed0b3f2ded32bfeef,0,1,1,,1,21,0,0,ra_abc4,visible,11,0.0,"[{""sheet"": ""ra_abc4"", ""sheet_state"": ""visible"", ""header_row"": 11, ""quantity_rows"": 21, ""rate_rows"": 0, ""amount_rows"": 0, ""priced_rows"": 0, ""priced_ratio"": 0.0, ""description_columns"": ""B"", ""quantity_columns"": ""E"", ""rate_columns"": """", ""amount_columns"": """"}]"
2020-00086,L2023-00036-1,공사,우즈베키스탄 우르겐치 직업훈련원 건립 및 타슈켄트 교사연수센터 건립사업 시공업체선정 현지입찰,1,L2023-00036-1/붙임3_입찰관련서류_검토완_0717/Section 4.  Bill of Quantities(Not-Priced)/공내역서/TTC견적서/TTC(Teacher Traing Center)/3 ГП(Site Plan & Landscape+Outdoor Infra)/bv3060.xlsx,.xlsx,27660,d38cd3ff2234cd84ccd1adff4d2959195030ae5e3712b8ec0eff324533322e0f,0,1,1,,1,119,0,0,_ЛРВ,visible,10,0.0,"[{""sheet"": ""_ЛРВ"", ""sheet_state"": ""visible"", ""header_row"": 10, ""quantity_rows"": 119, ""rate_rows"": 0, ""amount_rows"": 0, ""priced_rows"": 0, ""priced_ratio"": 0.0, ""description_columns"": ""C;D"", ""quantity_columns"": ""F"", ""rate_columns"": """", ""amount_columns"": """"}]"
2020-00086,L2023-00036-1,공사,우즈베키스탄 우르겐치 직업훈련원 건립 및 타슈켄트 교사연수센터 건립사업 시공업체선정 현지입찰,1,L2023-00036-1/붙임3_입찰관련서류_검토완_0717/Section 4.  Bill of Quantities(Not-Priced)/공내역서/TTC견적서/TTC(Teacher Traing Center)/3 ГП(Site Plan & Landscape+Outdoor Infra)/ra3060.xlsx,.xlsx,18388,7d07a0c0b1035748d075950f03fed1b0792f6c426640217f52f3e44a82850c98,0,1,1,,1,47,0,0,ra_abc4,visible,11,0.0,"[{""sheet"": ""ra_abc4"", ""sheet_state"": ""visible"", ""header_row"": 11, ""quantity_rows"": 47, ""rate_rows"": 0, ""amount_rows"": 0, ""priced_rows"": 0, ""priced_ratio"": 0.0, ""description_columns"": ""B"", ""quantity_columns"": ""E"", ""rate_columns"": """", ""amount_columns"": """"}]"
2020-00086,L2023-00036-1,공사,우즈베키스탄 우르겐치 직업훈련원 건립 및 타슈켄트 교사연수센터 건립사업 시공업체선정 현지입찰,1,L2023-00036-1/붙임3_입찰관련서류_검토완_0717/Section 4.  Bill of Quantities(Not-Priced)/공내역서/TTC견적서/TTC(Teacher Traing Center)/11 ПС(Fire Alarm)/ra890.xlsx,.xlsx,16065,d8b2c9b85f45400cc7d8c27f259fa0c5b3e76d1b545bb75354989dbb43135b4d,0,1,1,,1,26,0,0,ra_abc4,visible,8,0.0,"[{""sheet"": ""ra_abc4"", ""sheet_state"": ""visible"", ""header_row"": 8, ""quantity_rows"": 26, ""rate_rows"": 0, ""amount_rows"": 0, ""priced_rows"": 0, ""priced_ratio"": 0.0, ""description_columns"": ""B"", ""quantity_columns"": ""E"", ""rate_columns"": """", ""amount_columns"": """"}]"
2020-00086,L2023-00036-1,공사,우즈베키스탄 우르겐치 직업훈련원 건립 및 타슈켄트 교사연수센터 건립사업 시공업체선정 현지입찰,1,L2023-00036-1/붙임3_입찰관련서류_검토완_0717/Section 4.  Bill of Quantities(Not-Priced)/공내역서/TTC견적서/TTC(Teacher Traing Center)/11 ПС(Fire Alarm)/bv890.xlsx,.xlsx,16239,8129ceac07201b1e597cc0f6a8cb95da3e9b128c6c78d846cc24a60a01eda92a,0,1,1,,1,50,0,0,_ЛРВ,visible,9,0.0,"[{""sheet"": ""_ЛРВ"", ""sheet_state"": ""visible"", ""header_row"": 9, ""quantity_rows"": 50, ""rate_rows"": 0, ""amount_rows"": 0, ""priced_rows"": 0, ""priced_ratio"": 0.0, ""description_columns"": ""B;C;D"", ""quantity_columns"": ""F"", ""rate_columns"": """", ""amount_columns"": """"}]"
2020-00086,L2023-00036-1,공사,우즈베키스탄 우르겐치 직업훈련원 건립 및 타슈켄트 교사연수센터 건립사업 시공업체선정 현지입찰,1,L2023-00036-1/붙임3_입찰관련서류_검토완_0717/Section 4.  Bill of Quantities(Not-Priced)/공내역서/TTC견적서/TTC(Teacher Traing Center)/8 TX(Technology)/ra1980.xlsx,.xlsx,20617,622bb79188a8c68bb6c3ee2ce4251459a88c3c64cd720cfe0775331285385fe3,0,1,1,,1,73,0,0,ra_abc4,visible,10,0.0,"[{""sheet"": ""ra_abc4"", ""sheet_state"": ""visible"", ""header_row"": 10, ""quantity_rows"": 73, ""rate_rows"": 0, ""amount_rows"": 0, ""priced_rows"": 0, ""priced_ratio"": 0.0, ""description_columns"": ""B"", ""quantity_columns"": ""E"", ""rate_columns"": """", ""amount_columns"": """"}]"
2020-00086,L2023-00036-1,공사,우즈베키스탄 우르겐치 직업훈련원 건립 및 타슈켄트 교사연수센터 건립사업 시공업체선정 현지입찰,1,L2023-00036-1/붙임3_입찰관련서류_검토완_0717/Section 4.  Bill of Quantities(Not-Priced)/공내역서/TTC견적서/TTC(Teacher Traing Center)/8 TX(Technology)/bv1980.xlsx,.xlsx,26757,658f831982ac98d8cfbab1681ad4e3120d4258ebd2fe84176ecd04c364fd7c9f,0,1,1,,1,122,0,0,_ЛРВ,visible,10,0.0,"[{""sheet"": ""_ЛРВ"", ""sheet_state"": ""visible"", ""header_row"": 10, ""quantity_rows"": 122, ""rate_rows"": 0, ""amount_rows"": 0, ""priced_rows"": 0, ""priced_ratio"": 0.0, ""description_columns"": ""C;D"", ""quantity_columns"": ""F"", ""rate_columns"": """", ""amount_columns"": """"}]"
2020-00086,L2023-00036-1,공사,우즈베키스탄 우르겐치 직업훈련원 건립 및 타슈켄트 교사연수센터 건립사업 시공업체선정 현지입찰,1,L2023-00036-1/붙임3_입찰관련서류_검토완_0717/Section 4.  Bill of Quantities(Not-Priced)/공내역서/TTC견적서/TTC(Teacher Traing Center)/1 КЖ(Structure)/bv1960bvvv.xlsx,.xlsx,182869,e5c99030dcc522bfbec53f93e2065da4eb585f95ef5433d19a6f5060946eda14,0,1,1,,1,1896,0,0,_ЛРВ,visible,9,0.0,"[{""sheet"": ""_ЛРВ"", ""sheet_state"": ""visible"", ""header_row"": 9, ""quantity_rows"": 1896, ""rate_rows"": 0, ""amount_rows"": 0, ""priced_rows"": 0, ""priced_ratio"": 0.0, ""description_columns"": ""B;C;D"", ""quantity_columns"": ""F"", ""rate_columns"": """", ""amount_columns"": """"}]"
2020-00086,L2023-00036-1,공사,우즈베키스탄 우르겐치 직업훈련원 건립 및 타슈켄트 교사연수센터 건립사업 시공업체선정 현지입찰,1,L2023-00036-1/붙임3_입찰관련서류_검토완_0717/Section 4.  Bill of Quantities(Not-Priced)/공내역서/TTC견적서/TTC(Teacher Traing Center)/1 КЖ(Structure)/ra1960.xlsx,.xlsx,22697,1df141d69100814db5f9704fbd37ab0da50fd60867b7be892d994f292bba0530,0,1,1,,1,93,0,0,ra_abc4,visible,10,0.0,"[{""sheet"": ""ra_abc4"", ""sheet_state"": ""visible"", ""header_row"": 10, ""quantity_rows"": 93, ""rate_rows"": 0, ""amount_rows"": 0, ""priced_rows"": 0, ""priced_ratio"": 0.0, ""description_columns"": ""B"", ""quantity_columns"": ""E"", ""rate_columns"": """", ""amount_columns"": """"}]"
2020-00086,L2023-00036-1,공사,우즈베키스탄 우르겐치 직업훈련원 건립 및 타슈켄트 교사연수센터 건립사업 시공업체선정 현지입찰,1,L2023-00036-1/붙임3_입찰관련서류_검토완_0717/Section 4.  Bill of Quantities(Not-Priced)/공내역서/TTC견적서/TTC(Teacher Traing Center)/4 Fence & Gate/ra1970.xlsx,.xlsx,17488,2ce08b34a8bc5b4c30202b96999f24f8b8143955bb33db40aa4a9b418396dc3e,0,1,1,,1,47,0,0,ra_abc4,visible,10,0.0,"[{""sheet"": ""ra_abc4"", ""sheet_state"": ""visible"", ""header_row"": 10, ""quantity_rows"": 47, ""rate_rows"": 0, ""amount_rows"": 0, ""priced_rows"": 0, ""priced_ratio"": 0.0, ""description_columns"": ""B"", ""quantity_columns"": ""E"", ""rate_columns"": """", ""amount_columns"": """"}]"
2020-00086,L2023-00036-1,공사,우즈베키스탄 우르겐치 직업훈련원 건립 및 타슈켄트 교사연수센터 건립사업 시공업체선정 현지입찰,1,L2023-00036-1/붙임3_입찰관련서류_검토완_0717/Section 4.  Bill of Quantities(Not-Priced)/공내역서/TTC견적서/TTC(Teacher Traing Center)/4 Fence & Gate/bv1970.xlsx,.xlsx,31247,72f147bedce1773ad4eb4cb1322cdb8560daad6b74664382be38ab6b252391e8,0,1,1,,1,160,0,0,_ЛРВ,visible,10,0.0,"[{""sheet"": ""_ЛРВ"", ""sheet_state"": ""visible"", ""header_row"": 10, ""quantity_rows"": 160, ""rate_rows"": 0, ""amount_rows"": 0, ""priced_rows"": 0, ""priced_ratio"": 0.0, ""description_columns"": ""C;D"", ""quantity_columns"": ""F"", ""rate_columns"": """", ""amount_columns"": """"}]"
2020-00086,L2023-00036-1,공사,우즈베키스탄 우르겐치 직업훈련원 건립 및 타슈켄트 교사연수센터 건립사업 시공업체선정 현지입찰,1,L2023-00036-1/붙임3_입찰관련서류_검토완_0717/Section 4.  Bill of Quantities(Not-Priced)/공내역서/TTC견적서/TTC(Teacher Traing Center)/5 BK(Water & Drain)/ra3070.xlsx,.xlsx,25278,fd300044379245c1d80d88ba74fe1633f3b5207511979bfda5b2a1dcd3740796,0,1,1,,1,129,0,0,ra_abc4,visible,11,0.0,"[{""sheet"": ""ra_abc4"", ""sheet_state"": ""visible"", ""header_row"": 11, ""quantity_rows"": 129, ""rate_rows"": 0, ""amount_rows"": 0, ""priced_rows"": 0, ""priced_ratio"": 0.0, ""description_columns"": ""B"", ""quantity_columns"": ""E"", ""rate_columns"": """", ""amount_columns"": """"}]"
2020-00086,L2023-00036-1,공사,우즈베키스탄 우르겐치 직업훈련원 건립 및 타슈켄트 교사연수센터 건립사업 시공업체선정 현지입찰,1,L2023-00036-1/붙임3_입찰관련서류_검토완_0717/Section 4.  Bill of Quantities(Not-Priced)/공내역서/TTC견적서/TTC(Teacher Traing Center)/5 BK(Water & Drain)/bv3070.xlsx,.xlsx,49531,6acc573f07036eef8ca050dcd24be3037151b90e25f2d5c5ee04ffd429ce3bd4,0,1,1,,1,351,0,0,_ЛРВ,visible,10,0.0,"[{""sheet"": ""_ЛРВ"", ""sheet_state"": ""visible"", ""header_row"": 10, ""quantity_rows"": 351, ""rate_rows"": 0, ""amount_rows"": 0, ""priced_rows"": 0, ""priced_ratio"": 0.0, ""description_columns"": ""C;D"", ""quantity_columns"": ""F"", ""rate_columns"": """", ""amount_columns"": """"}]"
2020-00086,L2023-00036-1,공사,우즈베키스탄 우르겐치 직업훈련원 건립 및 타슈켄트 교사연수센터 건립사업 시공업체선정 현지입찰,1,L2023-00036-1/붙임3_입찰관련서류_검토완_0717/Section 4.  Bill of Quantities(Not-Priced)/공내역서/TTC견적서/TTC(Teacher Traing Center)/13 ТП(Transformers)/13-2 ЭО(Electric)/bv13620.xls,.xls,41984,7e8bd22f2ccb96108964380fcbdbcd8324c2a0724a07718109c2bb550faa2db3,0,1,1,,1,20,1,0,Лист1,visible,10,0.05,"[{""sheet"": ""Лист1"", ""sheet_state"": ""visible"", ""header_row"": 10, ""quantity_rows"": 20, ""rate_rows"": 1, ""amount_rows"": 1, ""priced_rows"": 1, ""priced_ratio"": 0.05, ""description_columns"": ""B"", ""quantity_columns"": ""E"", ""rate_columns"": ""F"", ""amount_columns"": ""F""}]"
2020-00086,L2023-00036-1,공사,우즈베키스탄 우르겐치 직업훈련원 건립 및 타슈켄트 교사연수센터 건립사업 시공업체선정 현지입찰,1,L2023-00036-1/붙임3_입찰관련서류_검토완_0717/Section 4.  Bill of Quantities(Not-Priced)/공내역서/TTC견적서/TTC(Teacher Traing Center)/13 ТП(Transformers)/13-2 ЭО(Electric)/ra13620.xls,.xls,65024,5a96dab71fd5d42b3c00fe59751a4460f6fc39aa8bf201852715f2b9b272d1d5,0,1,1,,0,0,0,0,,,,0.0,[]
2020-00086,L2023-00036-1,공사,우즈베키스탄 우르겐치 직업훈련원 건립 및 타슈켄트 교사연수센터 건립사업 시공업체선정 현지입찰,1,L2023-00036-1/붙임3_입찰관련서류_검토완_0717/Section 4.  Bill of Quantities(Not-Priced)/공내역서/TTC견적서/TTC(Teacher Traing Center)/13 ТП(Transformers)/13-1 AC(Architecture+Structure)/ra13610.xls,.xls,80896,2d4926fc91e958ec0627a1ae92e834125bb395be03f2a1749895e985115bbf2f,0,1,1,,0,0,0,0,,,,0.0,[]
2020-00086,L2023-00036-1,공사,우즈베키스탄 우르겐치 직업훈련원 건립 및 타슈켄트 교사연수센터 건립사업 시공업체선정 현지입찰,1,L2023-00036-1/붙임3_입찰관련서류_검토완_0717/Section 4.  Bill of Quantities(Not-Priced)/공내역서/TTC견적서/TTC(Teacher Traing Center)/13 ТП(Transformers)/13-1 AC(Architecture+Structure)/bv13610.xls,.xls,48640,6e059fc8e195c66ee541a50f09da94021c8a9f0d41e662173e8be5b9bd43b5a9,0,1,1,,1,53,1,0,Лист1,visible,10,0.018867924528301886,"[{""sheet"": ""Лист1"", ""sheet_state"": ""visible"", ""header_row"": 10, ""quantity_rows"": 53, ""rate_rows"": 1, ""amount_rows"": 1, ""priced_rows"": 1, ""priced_ratio"": 0.018867924528301886, ""description_columns"": ""B"", ""quantity_columns"": ""E"", ""rate_columns"": ""F"", ""amount_columns"": ""F""}]"
2020-00086,L2023-00053-1,공사,우즈베키스탄 직업훈련원 및 타슈켄트 교사연수센터 건립 시공업체 선정 현지입찰,1,L2023-00053-1/Urgench VTC Bid Attachment Documents.zip,.zip,17246765,536a00b0fa9d5f6dfced744c6e0afe275038dfdc35eec9fc8f2587e52bfd988e,0,0,0,,0,0,0,0,,,,0.0,[]
2020-00086,L2023-00053-1,공사,우즈베키스탄 직업훈련원 및 타슈켄트 교사연수센터 건립 시공업체 선정 현지입찰,1,L2023-00053-1/Urgench VTC Bid Attachment Documents/Urgench VTC Bid Attachment Documents/Section 4.  Bill of Quantities(Not-Priced).zip,.zip,13052503,99a055acc422a26b58aeb64cff198b7e527518a20cc52f0be4eb5bc26fb3afca,0,1,1,,0,0,0,0,,,,0.0,[]
2020-00086,L2023-00053-1,공사,우즈베키스탄 직업훈련원 및 타슈켄트 교사연수센터 건립 시공업체 선정 현지입찰,1,L2023-00053-1/Urgench VTC Bid Attachment Documents/Urgench VTC Bid Attachment Documents/Section 1 - Instructions to Bidders (ITB)1.rtf,.rtf,245002,390bbd7576bb3a941037f3e4e3eabc77cbdfb0d67d5e5fa5d6091b723e7b85e2,0,0,0,,0,0,0,0,,,,0.0,[]
2020-00086,L2023-00053-1,공사,우즈베키스탄 직업훈련원 및 타슈켄트 교사연수센터 건립 시공업체 선정 현지입찰,1,L2023-00053-1/Urgench VTC Bid Attachment Documents/Urgench VTC Bid Attachment Documents/Urgench_VTC_Bid Annoncement(The Daily Korean News for Korean Residents).docx,.docx,34326,3450606c8d66f1a9afead4cd07dcf94dab7a57f016ecade4eaf75b2a6f403ed8,0,0,0,,0,0,0,0,,,,0.0,[]
2020-00086,L2023-00053-1,공사,우즈베키스탄 직업훈련원 및 타슈켄트 교사연수센터 건립 시공업체 선정 현지입찰,1,L2023-00053-1/Urgench VTC Bid Attachment Documents/Urgench VTC Bid Attachment Documents/Section 8 - Special Conditions of Contract1.docx,.docx,69496,760b4346ea2afda3ae9c1b46fb4822a0caacb128562e96122d5edeb8397ac261,0,0,0,,0,0,0,0,,,,0.0,[]
2020-00086,L2023-00053-1,공사,우즈베키스탄 직업훈련원 및 타슈켄트 교사연수센터 건립 시공업체 선정 현지입찰,1,L2023-00053-1/Urgench VTC Bid Attachment Documents/Urgench VTC Bid Attachment Documents/Invitation_for_Bids_Bid_Announcement.docx,.docx,192127,954563cf1ad551144681974f3cbcb52f2bdd4ec98503bf27fe05e812eda5dea8,0,0,0,,0,0,0,0,,,,0.0,[]
2020-00086,L2023-00053-1,공사,우즈베키스탄 직업훈련원 및 타슈켄트 교사연수센터 건립 시공업체 선정 현지입찰,1,L2023-00053-1/Urgench VTC Bid Attachment Documents/Urgench VTC Bid Attachment Documents/Section 7 - General Conditions of Contract1.docx,.docx,217233,e75b96a17c6f376efb50a21eb18b9d8370971008633ca1ebbc82da6fdc811362,0,0,0,,0,0,0,0,,,,0.0,[]
2020-00086,L2023-00053-1,공사,우즈베키스탄 직업훈련원 및 타슈켄트 교사연수센터 건립 시공업체 선정 현지입찰,1,L2023-00053-1/Urgench VTC Bid Attachment Documents/Urgench VTC Bid Attachment Documents/Section 9 - Contract Forms1.docx,.docx,38156,db9a1ebf8dcc45bc51acbd9a0497d1864d3efaf6e56d715838970cc5c1e337c8,0,0,0,,0,0,0,0,,,,0.0,[]
2020-00086,L2023-00053-1,공사,우즈베키스탄 직업훈련원 및 타슈켄트 교사연수센터 건립 시공업체 선정 현지입찰,1,L2023-00053-1/Urgench VTC Bid Attachment Documents/Urgench VTC Bid Attachment Documents/Bid Document cover page.doc,.doc,52224,b5396fa96a9ac37efc9f302eaa5625bbdb33206fce6dce412fce915f40bd6740,0,0,0,,0,0,0,0,,,,0.0,[]
2020-00086,L2023-00053-1,공사,우즈베키스탄 직업훈련원 및 타슈켄트 교사연수센터 건립 시공업체 선정 현지입찰,1,L2023-00053-1/Urgench VTC Bid Attachment Documents/Urgench VTC Bid Attachment Documents/Section 6. Specification(SNIF_ GOST_ Bid Explaination ).pptx,.pptx,3527970,2f7e6c110ff2b37f6264a18bb83813ce9b3f8bfd7f89c6485c93a7a1f4893d6f,0,0,0,,0,0,0,0,,,,0.0,[]
2020-00086,L2023-00053-1,공사,우즈베키스탄 직업훈련원 및 타슈켄트 교사연수센터 건립 시공업체 선정 현지입찰,1,L2023-00053-1/Urgench VTC Bid Attachment Documents/Urgench VTC Bid Attachment Documents/Section 2 - Bid Data Sheet (BDS).rtf,.rtf,570751,2a3d2f3678df474a642bcd3188dd2f366329aafeea10be38b8a7f441c737f862,0,0,0,,0,0,0,0,,,,0.0,[]
2020-00086,L2023-00053-1,공사,우즈베키스탄 직업훈련원 및 타슈켄트 교사연수센터 건립 시공업체 선정 현지입찰,1,L2023-00053-1/Urgench VTC Bid Attachment Documents/Urgench VTC Bid Attachment Documents/Section 4_5_6 - Requirements1.docx,.docx,35598,8ac3a3512581869d6c2ceab54a934d9abc32035f917b7b8764b101daaeb84341,0,0,0,,0,0,0,0,,,,0.0,[]
2020-00086,L2023-00053-1,공사,우즈베키스탄 직업훈련원 및 타슈켄트 교사연수센터 건립 시공업체 선정 현지입찰,1,L2023-00053-1/Urgench VTC Bid Attachment Documents/Urgench VTC Bid Attachment Documents/Section 3 - Bidding Forms.doc,.doc,225792,adfb744b0bf339dd964330f741d04f9b61bbefc3acbf62e88409800d53448a7f,0,0,0,,0,0,0,0,,,,0.0,[]
2020-00086,L2023-00053-1,공사,우즈베키스탄 직업훈련원 및 타슈켄트 교사연수센터 건립 시공업체 선정 현지입찰,1,L2023-00053-1/Urgench VTC Bid Attachment Documents/Urgench VTC Bid Attachment Documents/Section 4.  Bill of Quantities(Not-Priced)/Estimate Detailed Conditions)(VTC+TTC)_Final_.docx,.docx,80256,85e95a0b24220bc384b973a8b80ddf9f69be2a1263001b8c8ae3065ad7d3c962,0,1,1,,0,0,0,0,,,,0.0,[]
2020-00086,L2023-00053-1,공사,우즈베키스탄 직업훈련원 및 타슈켄트 교사연수센터 건립 시공업체 선정 현지입찰,1,L2023-00053-1/Urgench VTC Bid Attachment Documents/Urgench VTC Bid Attachment Documents/Section 4.  Bill of Quantities(Not-Priced)/.Urgench_CM_Comments_Arch_VTC_and_TTC_ENG_20230707.zip,.zip,6277094,bb0bb341fea9c97c5d1f6886bfc0e8d81bef7ec0a0005c4732279204d73f6f30,0,1,1,,0,0,0,0,,,,0.0,[]
2020-00086,L2023-00053-1,공사,우즈베키스탄 직업훈련원 및 타슈켄트 교사연수센터 건립 시공업체 선정 현지입찰,1,L2023-00053-1/Urgench VTC Bid Attachment Documents/Urgench VTC Bid Attachment Documents/Section 4.  Bill of Quantities(Not-Priced)/Section 4. Bill of Quantity(Not-Priced) Summary.xls,.xls,76800,037a7d1fe991db0c65622821b70b45e6af52d1e48416557c86b53041692045d7,1,1,1,,0,0,0,0,,,,0.0,[]
2020-00086,L2023-00053-1,공사,우즈베키스탄 직업훈련원 및 타슈켄트 교사연수센터 건립 시공업체 선정 현지입찰,1,L2023-00053-1/Urgench VTC Bid Attachment Documents/Urgench VTC Bid Attachment Documents/Section 4.  Bill of Quantities(Not-Priced)/.Urgench_CM_Comments_Arch_VTC_and_TTC_ENG_20230707/1.3.3. Urgench CM_Comments_Mech_VTC_and_TTC_Main_ENG_20230707.xlsx.docx,.docx,16615,29ae17bcfb236300ba73df96caa054ed9ce989b8ba57084acd00b934eb9595a3,0,1,1,,0,0,0,0,,,,0.0,[]
2020-00086,L2023-00053-1,공사,우즈베키스탄 직업훈련원 및 타슈켄트 교사연수센터 건립 시공업체 선정 현지입찰,1,L2023-00053-1/Urgench VTC Bid Attachment Documents/Urgench VTC Bid Attachment Documents/Section 4.  Bill of Quantities(Not-Priced)/.Urgench_CM_Comments_Arch_VTC_and_TTC_ENG_20230707/1.4. Urgench CM_Comments_PMC_VTC_and_TTC_ENG_20230707.xlsx,.xlsx,18240,6267ba3be03e15ebb107a67e18bd725ae8b33e8b48c5827fa075966fde925d4a,1,1,1,,0,0,0,0,,,,0.0,[]
2020-00086,L2023-00053-1,공사,우즈베키스탄 직업훈련원 및 타슈켄트 교사연수센터 건립 시공업체 선정 현지입찰,1,L2023-00053-1/Urgench VTC Bid Attachment Documents/Urgench VTC Bid Attachment Documents/Section 4.  Bill of Quantities(Not-Priced)/.Urgench_CM_Comments_Arch_VTC_and_TTC_ENG_20230707/1.3.1. Urgench CM Comments(Mech) VTC_20230704_R3.xlsx,.xlsx,6188237,3748d4f009cd54f2282e881d0536c882181a3e457e4d641bd2f93b9ae5b7fc3b,1,1,1,,0,0,0,0,,,,0.0,[]
2020-00086,L2023-00053-1,공사,우즈베키스탄 직업훈련원 및 타슈켄트 교사연수센터 건립 시공업체 선정 현지입찰,1,L2023-00053-1/Urgench VTC Bid Attachment Documents/Urgench VTC Bid Attachment Documents/Section 4.  Bill of Quantities(Not-Priced)/.Urgench_CM_Comments_Arch_VTC_and_TTC_ENG_20230707/1.1.Urgench_CM_Comments_Arch_VTC_and_TTC_ENG_20230505.xlsx,.xlsx,26633,08702e1b68ae13cb4ea31105eb2d1413073365045e5def30a2c799ad087aa8e7,1,1,1,,0,0,0,0,,,,0.0,[]
2020-00086,L2023-00053-1,공사,우즈베키스탄 직업훈련원 및 타슈켄트 교사연수센터 건립 시공업체 선정 현지입찰,1,L2023-00053-1/Urgench VTC Bid Attachment Documents/Urgench VTC Bid Attachment Documents/Section 4.  Bill of Quantities(Not-Priced)/.Urgench_CM_Comments_Arch_VTC_and_TTC_ENG_20230707/1.3.2. Urgench CM Comments(Mech)_Tashkent_TTC_Drawings_20230704.xlsx,.xlsx,788369,d6dcc478819c73e452f13add3e10ce964f21104cb779fc3b9992106eb0026c87,1,1,1,,0,0,0,0,,,,0.0,[]
2020-00086,L2023-00053-1,공사,우즈베키스탄 직업훈련원 및 타슈켄트 교사연수센터 건립 시공업체 선정 현지입찰,1,L2023-00053-1/Urgench VTC Bid Attachment Documents/Urgench VTC Bid Attachment Documents/Section 4.  Bill of Quantities(Not-Priced)/.Urgench_CM_Comments_Arch_VTC_and_TTC_ENG_20230707/1.2. Urgench CM Comments(Elec)_VTC+TTC-(ENG)__20230707.xlsx,.xlsx,18391,97cbb7c5606fd8e13d33953e0c4258dc32df19871ad462ac80d3d9ab0de4ebe3,1,1,1,,0,0,0,0,,,,0.0,[]
2020-00086,L2023-00053-1,공사,우즈베키스탄 직업훈련원 및 타슈켄트 교사연수센터 건립 시공업체 선정 현지입찰,1,L2023-00053-1/Urgench VTC Bid Attachment Documents/Urgench VTC Bid Attachment Documents/Section 4.  Bill of Quantities(Not-Priced)/공내역서/Total Table(VTC+TTC o).xls,.xls,46592,2b31964c93f2361fea7c845e3bb14da51759b044460b06d74d5174fc81a876a8,1,1,1,,0,0,0,0,,,,0.0,[]
2020-00086,L2023-00053-1,공사,우즈베키스탄 직업훈련원 및 타슈켄트 교사연수센터 건립 시공업체 선정 현지입찰,1,L2023-00053-1/Urgench VTC Bid Attachment Documents/Urgench VTC Bid Attachment Documents/Section 4.  Bill of Quantities(Not-Priced)/공내역서/TTC견적서/Estimate Manual(VTC+TTC).docx,.docx,61925,45d6dcb2d563481212a18017b78a268e453685bae9d504e1f74e23b5679e21b1,0,1,1,,0,0,0,0,,,,0.0,[]
2020-00086,L2023-00053-1,공사,우즈베키스탄 직업훈련원 및 타슈켄트 교사연수센터 건립 시공업체 선정 현지입찰,1,L2023-00053-1/Urgench VTC Bid Attachment Documents/Urgench VTC Bid Attachment Documents/Section 4.  Bill of Quantities(Not-Priced)/공내역서/TTC견적서/Total Table(TTC o).xls,.xls,46080,28d446c09dedabb50892b509edb8f58f15a29925ca0afbc015ed89632a9de30e,1,1,1,,0,0,0,0,,,,0.0,[]
2020-00086,L2023-00053-1,공사,우즈베키스탄 직업훈련원 및 타슈켄트 교사연수센터 건립 시공업체 선정 현지입찰,1,L2023-00053-1/Urgench VTC Bid Attachment Documents/Urgench VTC Bid Attachment Documents/Section 4.  Bill of Quantities(Not-Priced)/공내역서/VTC견적서/Estimate Manual(VTC+TTC).docx,.docx,61925,45d6dcb2d563481212a18017b78a268e453685bae9d504e1f74e23b5679e21b1,0,1,1,,0,0,0,0,,,,0.0,[]
2020-00086,L2023-00053-1,공사,우즈베키스탄 직업훈련원 및 타슈켄트 교사연수센터 건립 시공업체 선정 현지입찰,1,L2023-00053-1/Urgench VTC Bid Attachment Documents/Urgench VTC Bid Attachment Documents/Section 4.  Bill of Quantities(Not-Priced)/공내역서/VTC견적서/Total Table(VTC o).xls,.xls,53248,95215ae6e2ec160e32c5a08207e13a9f849e9f0f7420e9315a16d201c6b36283,1,1,1,,0,0,0,0,,,,0.0,[]
2020-00086,L2023-00053-1,공사,우즈베키스탄 직업훈련원 및 타슈켄트 교사연수센터 건립 시공업체 선정 현지입찰,1,L2023-00053-1/Urgench VTC Bid Attachment Documents/Urgench VTC Bid Attachment Documents/Section 4.  Bill of Quantities(Not-Priced)/공내역서/VTC견적서/9 ТП(Transformers)/СВОДКА ТП o.xls,.xls,37376,facd6690ec26530b590132959b7d4a075ba1994b5106b4bcde8fc118b849ef8c,1,1,1,,0,0,0,0,,,,0.0,[]
2020-00086,L2023-00053-1,공사,우즈베키스탄 직업훈련원 및 타슈켄트 교사연수센터 건립 시공업체 선정 현지입찰,1,L2023-00053-1/Urgench VTC Bid Attachment Documents/Urgench VTC Bid Attachment Documents/Section 4.  Bill of Quantities(Not-Priced)/공내역서/VTC견적서/9 ТП(Transformers)/Титул  ТОМ XI.doc,.doc,31232,562b75d717c841e3583929c3dc728976da62eae357252f326b5e55a04f1d196c,0,1,1,,0,0,0,0,,,,0.0,[]
2020-00086,L2023-00053-1,공사,우즈베키스탄 직업훈련원 및 타슈켄트 교사연수센터 건립 시공업체 선정 현지입찰,1,L2023-00053-1/Urgench VTC Bid Attachment Documents/Urgench VTC Bid Attachment Documents/Section 4.  Bill of Quantities(Not-Priced)/공내역서/VTC견적서/5 МИНИКУХНЯ(Mini Cafe)/СВОДКА МИНИ-КУХНЯ o.xls,.xls,40448,8f914360b8e4f1fc5d8468deaf2b61af743e6873fa2b694c0fb7dbcc7a4bed51,1,1,1,,0,0,0,0,,,,0.0,[]
2020-00086,L2023-00053-1,공사,우즈베키스탄 직업훈련원 및 타슈켄트 교사연수센터 건립 시공업체 선정 현지입찰,1,L2023-00053-1/Urgench VTC Bid Attachment Documents/Urgench VTC Bid Attachment Documents/Section 4.  Bill of Quantities(Not-Priced)/공내역서/VTC견적서/5 МИНИКУХНЯ(Mini Cafe)/Титул  ТОМ VI.doc,.doc,31232,5d3df82f7fc981a9739b9b7c058a93fee78c22081ac1c704fbb85f9f85a42c87,0,1,1,,0,0,0,0,,,,0.0,[]
2020-00086,L2023-00053-1,공사,우즈베키스탄 직업훈련원 및 타슈켄트 교사연수센터 건립 시공업체 선정 현지입찰,1,L2023-00053-1/Urgench VTC Bid Attachment Documents/Urgench VTC Bid Attachment Documents/Section 4.  Bill of Quantities(Not-Priced)/공내역서/VTC견적서/1 АДМИН ЗДАНИЕ(Admin. Build)/СВОДКА АДМИН ЗДАНИЕ o.xls,.xls,43008,239cf320377a69c6514a677d854e57982e433342b7a55f43a6b4565f1d6e2655,1,1,1,,0,0,0,0,,,,0.0,[]
2020-00086,L2023-00053-1,공사,우즈베키스탄 직업훈련원 및 타슈켄트 교사연수센터 건립 시공업체 선정 현지입찰,1,L2023-00053-1/Urgench VTC Bid Attachment Documents/Urgench VTC Bid Attachment Documents/Section 4.  Bill of Quantities(Not-Priced)/공내역서/VTC견적서/1 АДМИН ЗДАНИЕ(Admin. Build)/Титул  ТОМ II.doc,.doc,30720,835c98ce909b2e964c2710e36061eb15d37eb1fc6a1e589b4eb01f7a428e6ab1,0,1,1,,0,0,0,0,,,,0.0,[]
2020-00086,L2023-00053-1,공사,우즈베키스탄 직업훈련원 및 타슈켄트 교사연수센터 건립 시공업체 선정 현지입찰,1,L2023-00053-1/Urgench VTC Bid Attachment Documents/Urgench VTC Bid Attachment Documents/Section 4.  Bill of Quantities(Not-Priced)/공내역서/VTC견적서/2 УПК(Practice and Education Building)/СВОДКА УНП o.xls,.xls,41984,4e9e4173d9aaf338992fc1a73bdba899f9b1309cc10a476fa73a616edd0c77fa,1,1,1,,0,0,0,0,,,,0.0,[]
2020-00086,L2023-00053-1,공사,우즈베키스탄 직업훈련원 및 타슈켄트 교사연수센터 건립 시공업체 선정 현지입찰,1,L2023-00053-1/Urgench VTC Bid Attachment Documents/Urgench VTC Bid Attachment Documents/Section 4.  Bill of Quantities(Not-Priced)/공내역서/VTC견적서/2 УПК(Practice and Education Building)/Титул  ТОМ III.doc,.doc,31232,f8ec15c11cbb553ae2762ca699a90e16cd13aa1ef2cbd491e594fed4da383a69,0,1,1,,0,0,0,0,,,,0.0,[]
2020-00086,L2023-00053-1,공사,우즈베키스탄 직업훈련원 및 타슈켄트 교사연수센터 건립 시공업체 선정 현지입찰,1,L2023-00053-1/Urgench VTC Bid Attachment Documents/Urgench VTC Bid Attachment Documents/Section 4.  Bill of Quantities(Not-Priced)/공내역서/VTC견적서/6 КПП(Guard House+Fence & Gate)/СВОДКА КПП o.xls,.xls,39936,d27c5152b98d05c4e041485209c2097fc8c59879eaa9b7191d41891200560736,1,1,1,,0,0,0,0,,,,0.0,[]
2020-00086,L2023-00053-1,공사,우즈베키스탄 직업훈련원 및 타슈켄트 교사연수센터 건립 시공업체 선정 현지입찰,1,L2023-00053-1/Urgench VTC Bid Attachment Documents/Urgench VTC Bid Attachment Documents/Section 4.  Bill of Quantities(Not-Priced)/공내역서/VTC견적서/6 КПП(Guard House+Fence & Gate)/Титул  ТОМ VII.doc,.doc,31232,d3a2878206d1a5ed18bf735bd8e0e29bcf39f0f7e7908670880919bce45c4d64,0,1,1,,0,0,0,0,,,,0.0,[]
2020-00086,L2023-00053-1,공사,우즈베키스탄 직업훈련원 및 타슈켄트 교사연수센터 건립 시공업체 선정 현지입찰,1,L2023-00053-1/Urgench VTC Bid Attachment Documents/Urgench VTC Bid Attachment Documents/Section 4.  Bill of Quantities(Not-Priced)/공내역서/VTC견적서/0 ГП(Site Plan & Landscape+Outdoor Infra)/Титул  ГП.doc,.doc,31232,668b31d75f72b7e552805f9881eb1194815e756808fbb34626fafe827afacac8,0,1,1,,0,0,0,0,,,,0.0,[]
2020-00086,L2023-00053-1,공사,우즈베키스탄 직업훈련원 및 타슈켄트 교사연수센터 건립 시공업체 선정 현지입찰,1,L2023-00053-1/Urgench VTC Bid Attachment Documents/Urgench VTC Bid Attachment Documents/Section 4.  Bill of Quantities(Not-Priced)/공내역서/VTC견적서/0 ГП(Site Plan & Landscape+Outdoor Infra)/СВОДКА ГП o.xls,.xls,45568,ea3f4e528b188609521baeecebb2d8c370f0b8bcb04912b0ecc7b6f576cead23,1,1,1,,0,0,0,0,,,,0.0,[]
2020-00086,L2023-00053-1,공사,우즈베키스탄 직업훈련원 및 타슈켄트 교사연수센터 건립 시공업체 선정 현지입찰,1,L2023-00053-1/Urgench VTC Bid Attachment Documents/Urgench VTC Bid Attachment Documents/Section 4.  Bill of Quantities(Not-Priced)/공내역서/VTC견적서/7 КОМПРЕССОРАНЯ(Comp.+GAS storage)/Титул  ТОМ VIII.doc,.doc,31232,f5cd809cdb57d6a998fcf268c2026e9e6273e70367355d3819724a2f5393a610,0,1,1,,0,0,0,0,,,,0.0,[]
2020-00086,L2023-00053-1,공사,우즈베키스탄 직업훈련원 및 타슈켄트 교사연수센터 건립 시공업체 선정 현지입찰,1,L2023-00053-1/Urgench VTC Bid Attachment Documents/Urgench VTC Bid Attachment Documents/Section 4.  Bill of Quantities(Not-Priced)/공내역서/VTC견적서/7 КОМПРЕССОРАНЯ(Comp.+GAS storage)/СВОДКА КОМПРЕССОРНАЯ o.xls,.xls,38400,0b2724d38273defda9a531465cca025007abde2b3afdd8f53e7888f815118475,1,1,1,,0,0,0,0,,,,0.0,[]
2020-00086,L2023-00053-1,공사,우즈베키스탄 직업훈련원 및 타슈켄트 교사연수센터 건립 시공업체 선정 현지입찰,1,L2023-00053-1/Urgench VTC Bid Attachment Documents/Urgench VTC Bid Attachment Documents/Section 4.  Bill of Quantities(Not-Priced)/공내역서/VTC견적서/3 ОБЩЕЖИТИЕ(Dormitory)/СВОДКА ОБЩЕЖИТИЕ o.xls,.xls,41984,9e450ed4764d68cf1717aec94480771f8ac30c1c153541e64da47a920e09d403,1,1,1,,0,0,0,0,,,,0.0,[]
2020-00086,L2023-00053-1,공사,우즈베키스탄 직업훈련원 및 타슈켄트 교사연수센터 건립 시공업체 선정 현지입찰,1,L2023-00053-1/Urgench VTC Bid Attachment Documents/Urgench VTC Bid Attachment Documents/Section 4.  Bill of Quantities(Not-Priced)/공내역서/VTC견적서/8 ПОЖАРНАЯ ЕМЪКОСТЬ(Fire Tank)/СВОДКА НАСОСНАЯ o.xls,.xls,36864,8ef74923d250818b9dc846d7e1e8cf5532a3e349c007a54e4475abbae35c2b29,1,1,1,,0,0,0,0,,,,0.0,[]
2020-00086,L2023-00053-1,공사,우즈베키스탄 직업훈련원 및 타슈켄트 교사연수센터 건립 시공업체 선정 현지입찰,1,L2023-00053-1/Urgench VTC Bid Attachment Documents/Urgench VTC Bid Attachment Documents/Section 4.  Bill of Quantities(Not-Priced)/공내역서/VTC견적서/8 ПОЖАРНАЯ ЕМЪКОСТЬ(Fire Tank)/Титул  ТОМ VIII.doc,.doc,31232,5ddb37550ef46644b2b3d4e63ede77d94e36e452ec009253911c901adac38784,0,1,1,,0,0,0,0,,,,0.0,[]
2020-00086,L2023-00053-1,공사,우즈베키스탄 직업훈련원 및 타슈켄트 교사연수센터 건립 시공업체 선정 현지입찰,1,L2023-00053-1/Urgench VTC Bid Attachment Documents/Urgench VTC Bid Attachment Documents/Section 4.  Bill of Quantities(Not-Priced)/공내역서/VTC견적서/4 БУФЕТ(Cafeteria)/Титул  ТОМ V.doc,.doc,31232,a0409474de93963ccc2edc98b174358d13a0f332a3278a64d7054f37b8652ce2,0,1,1,,0,0,0,0,,,,0.0,[]
2020-00086,L2023-00053-1,공사,우즈베키스탄 직업훈련원 및 타슈켄트 교사연수센터 건립 시공업체 선정 현지입찰,1,L2023-00053-1/Urgench VTC Bid Attachment Documents/Urgench VTC Bid Attachment Documents/Section 4.  Bill of Quantities(Not-Priced)/공내역서/VTC견적서/4 БУФЕТ(Cafeteria)/СВОДКА БУФЕТ o.xls,.xls,41984,4ecacaffd035763b281b2ec0f37463659ed1670d177cc1b38809ca7cbec90628,1,1,1,,0,0,0,0,,,,0.0,[]
2020-00086,L2023-00053-1,공사,우즈베키스탄 직업훈련원 및 타슈켄트 교사연수센터 건립 시공업체 선정 현지입찰,1,L2023-00053-1/Urgench VTC Bid Attachment Documents/Urgench VTC Bid Attachment Documents/Section 4.  Bill of Quantities(Not-Priced)/공내역서/VTC견적서/4 БУФЕТ(Cafeteria)/4-9 ТХ/13743_vfor.xls,.xls,33280,c8d68a7f99bd5aa730939196a85ab57f191b2ab524c3c5bac885dcbbdbecaa69,1,1,1,,0,0,0,0,,,,0.0,[]
2020-00086,L2023-00053-1,공사,우즈베키스탄 직업훈련원 및 타슈켄트 교사연수센터 건립 시공업체 선정 현지입찰,1,L2023-00053-1/Urgench VTC Bid Attachment Documents/Urgench VTC Bid Attachment Documents/Section 4.  Bill of Quantities(Not-Priced)/공내역서/VTC견적서/4 БУФЕТ(Cafeteria)/4-9 ТХ/13743_vrmu.xls,.xls,44032,78405bf4dba631faab9d2df8eb3c9871b3b3e6bcb3d8da1b40aa473f959fda6a,1,1,1,,0,0,0,0,,,,0.0,[]
2020-00086,L2023-00053-1,공사,우즈베키스탄 직업훈련원 및 타슈켄트 교사연수센터 건립 시공업체 선정 현지입찰,1,L2023-00053-1/Urgench VTC Bid Attachment Documents/Urgench VTC Bid Attachment Documents/Section 4.  Bill of Quantities(Not-Priced)/공내역서/VTC견적서/4 БУФЕТ(Cafeteria)/4-9 ТХ/bv13740.xls,.xls,45056,81b3b9a2bd4d7715fcfc6a79b81680314cf0ee94a009ceab7a13cc679ca3f9a0,1,1,1,,0,0,0,0,,,,0.0,[]
2020-00086,L2023-00053-1,공사,우즈베키스탄 직업훈련원 및 타슈켄트 교사연수센터 건립 시공업체 선정 현지입찰,1,"L2023-00053-1/Urgench VTC Bid Attachment Documents/Urgench VTC Bid Attachment Documents/Section 4.  Bill of Quantities(Not-Priced)/공내역서/VTC견적서/4 БУФЕТ(Cafeteria)/4-7 ВН, СКС(CCTV & Network)/13323_vfor.xls",.xls,47616,bd337520c73d4d2e111bd320f563772ebf15d04cc070a3c51c25a2f9742c00de,1,1,1,,0,0,0,0,,,,0.0,[]
2020-00086,L2023-00053-1,공사,우즈베키스탄 직업훈련원 및 타슈켄트 교사연수센터 건립 시공업체 선정 현지입찰,1,"L2023-00053-1/Urgench VTC Bid Attachment Documents/Urgench VTC Bid Attachment Documents/Section 4.  Bill of Quantities(Not-Priced)/공내역서/VTC견적서/4 БУФЕТ(Cafeteria)/4-7 ВН, СКС(CCTV & Network)/13323_vrmu.xls",.xls,56832,a965a9f3d225f89ea5505676fa4b27565617d1ccd45171df72e2d792f5246df8,1,1,1,,1,85,1,0,Лист1,visible,8,0.011764705882352941,"[{""sheet"": ""Лист1"", ""sheet_state"": ""visible"", ""header_row"": 8, ""quantity_rows"": 85, ""rate_rows"": 1, ""amount_rows"": 1, ""priced_rows"": 1, ""priced_ratio"": 0.011764705882352941, ""description_columns"": ""B"", ""quantity_columns"": ""E"", ""rate_columns"": ""F"", ""amount_columns"": ""F""}]"
2020-00086,L2023-00053-1,공사,우즈베키스탄 직업훈련원 및 타슈켄트 교사연수센터 건립 시공업체 선정 현지입찰,1,"L2023-00053-1/Urgench VTC Bid Attachment Documents/Urgench VTC Bid Attachment Documents/Section 4.  Bill of Quantities(Not-Priced)/공내역서/VTC견적서/4 БУФЕТ(Cafeteria)/4-7 ВН, СКС(CCTV & Network)/bv13320.xls",.xls,87040,361a226fbda147a7d7ef7fb5d8d6d1c8872c0ed1662beb04e60fbd5668ac0762,1,1,1,,0,0,0,0,,,,0.0,[]
2020-00086,L2023-00053-1,공사,우즈베키스탄 직업훈련원 및 타슈켄트 교사연수센터 건립 시공업체 선정 현지입찰,1,L2023-00053-1/Urgench VTC Bid Attachment Documents/Urgench VTC Bid Attachment Documents/Section 4.  Bill of Quantities(Not-Priced)/공내역서/VTC견적서/4 БУФЕТ(Cafeteria)/4-5 ЭО(Electric)/13383_vrmu.xls,.xls,60416,2277aa6b32da71292f8a69faae1241528367c8c6929e15a3ba1b26669f36572d,1,1,1,,1,83,1,0,Лист1,visible,8,0.012048192771084338,"[{""sheet"": ""Лист1"", ""sheet_state"": ""visible"", ""header_row"": 8, ""quantity_rows"": 83, ""rate_rows"": 1, ""amount_rows"": 1, ""priced_rows"": 1, ""priced_ratio"": 0.012048192771084338, ""description_columns"": ""B"", ""quantity_columns"": ""E"", ""rate_columns"": ""F"", ""amount_columns"": ""F""}]"
2020-00086,L2023-00053-1,공사,우즈베키스탄 직업훈련원 및 타슈켄트 교사연수센터 건립 시공업체 선정 현지입찰,1,L2023-00053-1/Urgench VTC Bid Attachment Documents/Urgench VTC Bid Attachment Documents/Section 4.  Bill of Quantities(Not-Priced)/공내역서/VTC견적서/4 БУФЕТ(Cafeteria)/4-5 ЭО(Electric)/bv13380.xls,.xls,105984,ca022ac74868089349f7351ccbad69acd7123e242598613111ebc50d6fe072f5,1,1,1,,0,0,0,0,,,,0.0,[]
2020-00086,L2023-00053-1,공사,우즈베키스탄 직업훈련원 및 타슈켄트 교사연수센터 건립 시공업체 선정 현지입찰,1,L2023-00053-1/Urgench VTC Bid Attachment Documents/Urgench VTC Bid Attachment Documents/Section 4.  Bill of Quantities(Not-Priced)/공내역서/VTC견적서/4 БУФЕТ(Cafeteria)/4-5 ЭО(Electric)/13383_vfor.xls,.xls,52736,aa89940fa2c1f84aa2274538c4d5e33fe9d0802c4f52e1d9d71978122c7ca737,1,1,1,,0,0,0,0,,,,0.0,[]
2020-00086,L2023-00053-1,공사,우즈베키스탄 직업훈련원 및 타슈켄트 교사연수센터 건립 시공업체 선정 현지입찰,1,L2023-00053-1/Urgench VTC Bid Attachment Documents/Urgench VTC Bid Attachment Documents/Section 4.  Bill of Quantities(Not-Priced)/공내역서/VTC견적서/4 БУФЕТ(Cafeteria)/4-3 ОВ(Heating & Ventilation)/bv13570.xls,.xls,122368,60e01915d1915446e6fbcf0c477ec5ae0ee632ec951cf92acae51a0c7039940e,1,1,1,,0,0,0,0,,,,0.0,[]
2020-00086,L2023-00053-1,공사,우즈베키스탄 직업훈련원 및 타슈켄트 교사연수센터 건립 시공업체 선정 현지입찰,1,L2023-00053-1/Urgench VTC Bid Attachment Documents/Urgench VTC Bid Attachment Documents/Section 4.  Bill of Quantities(Not-Priced)/공내역서/VTC견적서/4 БУФЕТ(Cafeteria)/4-3 ОВ(Heating & Ventilation)/13573_vfor.xls,.xls,51200,d5904d9daa78238ff69eaa06732493e5c87423d6e508d7e7e0b3f03109494c34,1,1,1,,0,0,0,0,,,,0.0,[]
2020-00086,L2023-00053-1,공사,우즈베키스탄 직업훈련원 및 타슈켄트 교사연수센터 건립 시공업체 선정 현지입찰,1,L2023-00053-1/Urgench VTC Bid Attachment Documents/Urgench VTC Bid Attachment Documents/Section 4.  Bill of Quantities(Not-Priced)/공내역서/VTC견적서/4 БУФЕТ(Cafeteria)/4-3 ОВ(Heating & Ventilation)/13573_vrmu.xls,.xls,60928,a5a7bba5cee708cae574407190c4325ce23010e6102a49546438bd114ab4ad90,1,1,1,,1,101,1,0,Лист1,visible,8,0.009900990099009901,"[{""sheet"": ""Лист1"", ""sheet_state"": ""visible"", ""header_row"": 8, ""quantity_rows"": 101, ""rate_rows"": 1, ""amount_rows"": 1, ""priced_rows"": 1, ""priced_ratio"": 0.009900990099009901, ""description_columns"": ""B"", ""quantity_columns"": ""E"", ""rate_columns"": ""F"", ""amount_columns"": ""F""}]"
2020-00086,L2023-00053-1,공사,우즈베키스탄 직업훈련원 및 타슈켄트 교사연수센터 건립 시공업체 선정 현지입찰,1,L2023-00053-1/Urgench VTC Bid Attachment Documents/Urgench VTC Bid Attachment Documents/Section 4.  Bill of Quantities(Not-Priced)/공내역서/VTC견적서/4 БУФЕТ(Cafeteria)/4-2 АР(Architecture)/13173_vfor.xls,.xls,46080,c8b6f0c18efd3eccb7d44d4f282da38be8bd7c5687a2b12e1320ea9b2d445a18,1,1,1,,0,0,0,0,,,,0.0,[]
2020-00086,L2023-00053-1,공사,우즈베키스탄 직업훈련원 및 타슈켄트 교사연수센터 건립 시공업체 선정 현지입찰,1,L2023-00053-1/Urgench VTC Bid Attachment Documents/Urgench VTC Bid Attachment Documents/Section 4.  Bill of Quantities(Not-Priced)/공내역서/VTC견적서/4 БУФЕТ(Cafeteria)/4-2 АР(Architecture)/bv13170.xls,.xls,115200,90d2bed5ebcd297c0fb0bd22fc2a056d950d9a2b3cc977b05f9c01dfd7e4410e,1,1,1,,0,0,0,0,,,,0.0,[]
2020-00086,L2023-00053-1,공사,우즈베키스탄 직업훈련원 및 타슈켄트 교사연수센터 건립 시공업체 선정 현지입찰,1,L2023-00053-1/Urgench VTC Bid Attachment Documents/Urgench VTC Bid Attachment Documents/Section 4.  Bill of Quantities(Not-Priced)/공내역서/VTC견적서/4 БУФЕТ(Cafeteria)/4-2 АР(Architecture)/13173_vrmu.xls,.xls,57344,41f2d0b5bfa1724a0a6f25b395a07b6a4bbfa2179ab0651f1ac22066c407f406,1,1,1,,1,97,1,0,Лист1,visible,8,0.010309278350515464,"[{""sheet"": ""Лист1"", ""sheet_state"": ""visible"", ""header_row"": 8, ""quantity_rows"": 97, ""rate_rows"": 1, ""amount_rows"": 1, ""priced_rows"": 1, ""priced_ratio"": 0.010309278350515464, ""description_columns"": ""B"", ""quantity_columns"": ""E"", ""rate_columns"": ""F"", ""amount_columns"": ""F""}]"
2020-00086,L2023-00053-1,공사,우즈베키스탄 직업훈련원 및 타슈켄트 교사연수센터 건립 시공업체 선정 현지입찰,1,L2023-00053-1/Urgench VTC Bid Attachment Documents/Urgench VTC Bid Attachment Documents/Section 4.  Bill of Quantities(Not-Priced)/공내역서/VTC견적서/4 БУФЕТ(Cafeteria)/4-4 ВК(Water & Sewer & Fireplug)/13143_vrmu.xls,.xls,58880,027d687c679bf6e9cdeb0a54bacb5e7bb8bbeb103807f88b0bfeb421b7cf4c55,1,1,1,,1,92,1,0,Лист1,visible,8,0.010869565217391304,"[{""sheet"": ""Лист1"", ""sheet_state"": ""visible"", ""header_row"": 8, ""quantity_rows"": 92, ""rate_rows"": 1, ""amount_rows"": 1, ""priced_rows"": 1, ""priced_ratio"": 0.010869565217391304, ""description_columns"": ""B"", ""quantity_columns"": ""E"", ""rate_columns"": ""F"", ""amount_columns"": ""F""}]"
2020-00086,L2023-00053-1,공사,우즈베키스탄 직업훈련원 및 타슈켄트 교사연수센터 건립 시공업체 선정 현지입찰,1,L2023-00053-1/Urgench VTC Bid Attachment Documents/Urgench VTC Bid Attachment Documents/Section 4.  Bill of Quantities(Not-Priced)/공내역서/VTC견적서/4 БУФЕТ(Cafeteria)/4-4 ВК(Water & Sewer & Fireplug)/bv13140.xls,.xls,101376,30d7129e70a2f8c02e76abae0bdc44883ba9865a77d3abb89c0c70e00a6481d7,1,1,1,,0,0,0,0,,,,0.0,[]
2020-00086,L2023-00053-1,공사,우즈베키스탄 직업훈련원 및 타슈켄트 교사연수센터 건립 시공업체 선정 현지입찰,1,L2023-00053-1/Urgench VTC Bid Attachment Documents/Urgench VTC Bid Attachment Documents/Section 4.  Bill of Quantities(Not-Priced)/공내역서/VTC견적서/4 БУФЕТ(Cafeteria)/4-4 ВК(Water & Sewer & Fireplug)/13143_vfor.xls,.xls,44544,98b13878ef8ab7c9d3cae5fa8b44fee5f5ee24bd74d0cf10dc4c1be4092da457,1,1,1,,0,0,0,0,,,,0.0,[]
2020-00086,L2023-00053-1,공사,우즈베키스탄 직업훈련원 및 타슈켄트 교사연수센터 건립 시공업체 선정 현지입찰,1,L2023-00053-1/Urgench VTC Bid Attachment Documents/Urgench VTC Bid Attachment Documents/Section 4.  Bill of Quantities(Not-Priced)/공내역서/VTC견적서/4 БУФЕТ(Cafeteria)/4-1 КЖ(Structure)/bv13000.xls,.xls,156672,e49a76056dacf893c3d8796df531ea37b5095b5abc0a8b4162cbcaa36a253bf9,1,1,1,,0,0,0,0,,,,0.0,[]
2020-00086,L2023-00053-1,공사,우즈베키스탄 직업훈련원 및 타슈켄트 교사연수센터 건립 시공업체 선정 현지입찰,1,L2023-00053-1/Urgench VTC Bid Attachment Documents/Urgench VTC Bid Attachment Documents/Section 4.  Bill of Quantities(Not-Priced)/공내역서/VTC견적서/4 БУФЕТ(Cafeteria)/4-1 КЖ(Structure)/13003_vrmu.xls,.xls,62464,d72b64907d7daa57e525829fef7b974213dd612efc93728136b1f9a32ba64193,1,1,1,,1,101,1,0,Лист1,visible,8,0.009900990099009901,"[{""sheet"": ""Лист1"", ""sheet_state"": ""visible"", ""header_row"": 8, ""quantity_rows"": 101, ""rate_rows"": 1, ""amount_rows"": 1, ""priced_rows"": 1, ""priced_ratio"": 0.009900990099009901, ""description_columns"": ""B"", ""quantity_columns"": ""E"", ""rate_columns"": ""F"", ""amount_columns"": ""F""}]"
2020-00086,L2023-00053-1,공사,우즈베키스탄 직업훈련원 및 타슈켄트 교사연수센터 건립 시공업체 선정 현지입찰,1,L2023-00053-1/Urgench VTC Bid Attachment Documents/Urgench VTC Bid Attachment Documents/Section 4.  Bill of Quantities(Not-Priced)/공내역서/VTC견적서/4 БУФЕТ(Cafeteria)/4-1 КЖ(Structure)/13003_vfor.xls,.xls,50688,3b1e98bbc6de0c72870866ac1c0c8db81940cd52c11496ff73a104140e3b986b,1,1,1,,0,0,0,0,,,,0.0,[]
2020-00086,L2023-00053-1,공사,우즈베키스탄 직업훈련원 및 타슈켄트 교사연수센터 건립 시공업체 선정 현지입찰,1,L2023-00053-1/Urgench VTC Bid Attachment Documents/Urgench VTC Bid Attachment Documents/Section 4.  Bill of Quantities(Not-Priced)/공내역서/VTC견적서/4 БУФЕТ(Cafeteria)/4-6 ПС(Fire Alarm)/bv13310.xls,.xls,69120,81809811b78a8dd144fece047c059af1fd7e7d922ba4e5f2d70343d6a2180b31,1,1,1,,0,0,0,0,,,,0.0,[]
2020-00086,L2023-00053-1,공사,우즈베키스탄 직업훈련원 및 타슈켄트 교사연수센터 건립 시공업체 선정 현지입찰,1,L2023-00053-1/Urgench VTC Bid Attachment Documents/Urgench VTC Bid Attachment Documents/Section 4.  Bill of Quantities(Not-Priced)/공내역서/VTC견적서/4 БУФЕТ(Cafeteria)/4-6 ПС(Fire Alarm)/13313_vrmu.xls,.xls,46080,01d43896faa9af4d2e70ba503954aaa3dc7c7ca5760cd23fc5cb4b35df1973d8,1,1,1,,1,46,1,0,Лист1,visible,8,0.021739130434782608,"[{""sheet"": ""Лист1"", ""sheet_state"": ""visible"", ""header_row"": 8, ""quantity_rows"": 46, ""rate_rows"": 1, ""amount_rows"": 1, ""priced_rows"": 1, ""priced_ratio"": 0.021739130434782608, ""description_columns"": ""B"", ""quantity_columns"": ""E"", ""rate_columns"": ""F"", ""amount_columns"": ""F""}]"
2020-00086,L2023-00053-1,공사,우즈베키스탄 직업훈련원 및 타슈켄트 교사연수센터 건립 시공업체 선정 현지입찰,1,L2023-00053-1/Urgench VTC Bid Attachment Documents/Urgench VTC Bid Attachment Documents/Section 4.  Bill of Quantities(Not-Priced)/공내역서/VTC견적서/4 БУФЕТ(Cafeteria)/4-6 ПС(Fire Alarm)/13313_vfor.xls,.xls,40960,3a4adfa8a2b2159255f5e5fc7479802f38be4f2cb149beebcf59d780125a0c16,1,1,1,,0,0,0,0,,,,0.0,[]
2020-00086,L2023-00053-1,공사,우즈베키스탄 직업훈련원 및 타슈켄트 교사연수센터 건립 시공업체 선정 현지입찰,1,L2023-00053-1/Urgench VTC Bid Attachment Documents/Urgench VTC Bid Attachment Documents/Section 4.  Bill of Quantities(Not-Priced)/공내역서/VTC견적서/4 БУФЕТ(Cafeteria)/4-8 ГСВ(Gas)/13473_vfor.xls,.xls,43008,5d603195cdfc413bea2240ef38ba9f4d3adfd29a3e4a64767494df660b2149df,1,1,1,,0,0,0,0,,,,0.0,[]
2020-00086,L2023-00053-1,공사,우즈베키스탄 직업훈련원 및 타슈켄트 교사연수센터 건립 시공업체 선정 현지입찰,1,L2023-00053-1/Urgench VTC Bid Attachment Documents/Urgench VTC Bid Attachment Documents/Section 4.  Bill of Quantities(Not-Priced)/공내역서/VTC견적서/4 БУФЕТ(Cafeteria)/4-8 ГСВ(Gas)/bv13470.xls,.xls,86528,9089df465dcf44624bcfa1339c6394342f5633ca53765547ae3967955305ecea,1,1,1,,0,0,0,0,,,,0.0,[]
2020-00086,L2023-00053-1,공사,우즈베키스탄 직업훈련원 및 타슈켄트 교사연수센터 건립 시공업체 선정 현지입찰,1,L2023-00053-1/Urgench VTC Bid Attachment Documents/Urgench VTC Bid Attachment Documents/Section 4.  Bill of Quantities(Not-Priced)/공내역서/VTC견적서/4 БУФЕТ(Cafeteria)/4-8 ГСВ(Gas)/13473_vrmu.xls,.xls,51712,7895280f53f85a8490bd3a4cba8955f4e0267d7828d7adaca5eac514a87c8039,1,1,1,,1,58,1,0,Лист1,visible,8,0.017241379310344827,"[{""sheet"": ""Лист1"", ""sheet_state"": ""visible"", ""header_row"": 8, ""quantity_rows"": 58, ""rate_rows"": 1, ""amount_rows"": 1, ""priced_rows"": 1, ""priced_ratio"": 0.017241379310344827, ""description_columns"": ""B"", ""quantity_columns"": ""E"", ""rate_columns"": ""F"", ""amount_columns"": ""F""}]"
2020-00086,L2023-00053-1,공사,우즈베키스탄 직업훈련원 및 타슈켄트 교사연수센터 건립 시공업체 선정 현지입찰,1,L2023-00053-1/Urgench VTC Bid Attachment Documents/Urgench VTC Bid Attachment Documents/Section 4.  Bill of Quantities(Not-Priced)/공내역서/VTC견적서/8 ПОЖАРНАЯ ЕМЪКОСТЬ(Fire Tank)/8-3 ЭО(Electric)/13733_vrmu.xls,.xls,55296,dd26635add3df12c3c1ffa6d858087ee72aad2c51664c8f5af2ad5b1a0b3cbf1,1,1,1,,1,76,1,0,Лист1,visible,8,0.013157894736842105,"[{""sheet"": ""Лист1"", ""sheet_state"": ""visible"", ""header_row"": 8, ""quantity_rows"": 76, ""rate_rows"": 1, ""amount_rows"": 1, ""priced_rows"": 1, ""priced_ratio"": 0.013157894736842105, ""description_columns"": ""B"", ""quantity_columns"": ""E"", ""rate_columns"": ""F"", ""amount_columns"": ""F""}]"
2020-00086,L2023-00053-1,공사,우즈베키스탄 직업훈련원 및 타슈켄트 교사연수센터 건립 시공업체 선정 현지입찰,1,L2023-00053-1/Urgench VTC Bid Attachment Documents/Urgench VTC Bid Attachment Documents/Section 4.  Bill of Quantities(Not-Priced)/공내역서/VTC견적서/8 ПОЖАРНАЯ ЕМЪКОСТЬ(Fire Tank)/8-3 ЭО(Electric)/13733_vfor.xls,.xls,40448,4b7ecea42e8e01f81fbf69ffbe105611f8e47711cbfac29373ac28d50d40fd4b,1,1,1,,0,0,0,0,,,,0.0,[]
2020-00086,L2023-00053-1,공사,우즈베키스탄 직업훈련원 및 타슈켄트 교사연수센터 건립 시공업체 선정 현지입찰,1,L2023-00053-1/Urgench VTC Bid Attachment Documents/Urgench VTC Bid Attachment Documents/Section 4.  Bill of Quantities(Not-Priced)/공내역서/VTC견적서/8 ПОЖАРНАЯ ЕМЪКОСТЬ(Fire Tank)/8-3 ЭО(Electric)/bv13730.xls,.xls,90112,a6ce3182f24e613f5aae906cca546b8467389ab8803175c900c5edc80050bdb9,1,1,1,,0,0,0,0,,,,0.0,[]
2020-00086,L2023-00053-1,공사,우즈베키스탄 직업훈련원 및 타슈켄트 교사연수센터 건립 시공업체 선정 현지입찰,1,L2023-00053-1/Urgench VTC Bid Attachment Documents/Urgench VTC Bid Attachment Documents/Section 4.  Bill of Quantities(Not-Priced)/공내역서/VTC견적서/8 ПОЖАРНАЯ ЕМЪКОСТЬ(Fire Tank)/8-2 ТХ(Technology Plan)/13603_vfor.xls,.xls,35840,aef3e1723acd7e063007694bdea3257d0d9172d1dfd94eea0adef60ffec47c04,1,1,1,,0,0,0,0,,,,0.0,[]
2020-00086,L2023-00053-1,공사,우즈베키스탄 직업훈련원 및 타슈켄트 교사연수센터 건립 시공업체 선정 현지입찰,1,L2023-00053-1/Urgench VTC Bid Attachment Documents/Urgench VTC Bid Attachment Documents/Section 4.  Bill of Quantities(Not-Priced)/공내역서/VTC견적서/8 ПОЖАРНАЯ ЕМЪКОСТЬ(Fire Tank)/8-2 ТХ(Technology Plan)/bv13600.xls,.xls,80896,c8b47be5d6000bcdfeef410c167b93e50c2f883be060652b37ff38542a97986f,1,1,1,,0,0,0,0,,,,0.0,[]
2020-00086,L2023-00053-1,공사,우즈베키스탄 직업훈련원 및 타슈켄트 교사연수센터 건립 시공업체 선정 현지입찰,1,L2023-00053-1/Urgench VTC Bid Attachment Documents/Urgench VTC Bid Attachment Documents/Section 4.  Bill of Quantities(Not-Priced)/공내역서/VTC견적서/8 ПОЖАРНАЯ ЕМЪКОСТЬ(Fire Tank)/8-2 ТХ(Technology Plan)/13603_vrmu.xls,.xls,53248,59e7c73eb0916c52e8edb0dc9f78a1ba785db1d8b39138ad6aae1b088f8c61f6,1,1,1,,1,59,1,0,Лист1,visible,8,0.01694915254237288,"[{""sheet"": ""Лист1"", ""sheet_state"": ""visible"", ""header_row"": 8, ""quantity_rows"": 59, ""rate_rows"": 1, ""amount_rows"": 1, ""priced_rows"": 1, ""priced_ratio"": 0.01694915254237288, ""description_columns"": ""B"", ""quantity_columns"": ""E"", ""rate_columns"": ""F"", ""amount_columns"": ""F""}]"
2020-00086,L2023-00053-1,공사,우즈베키스탄 직업훈련원 및 타슈켄트 교사연수센터 건립 시공업체 선정 현지입찰,1,L2023-00053-1/Urgench VTC Bid Attachment Documents/Urgench VTC Bid Attachment Documents/Section 4.  Bill of Quantities(Not-Priced)/공내역서/VTC견적서/8 ПОЖАРНАЯ ЕМЪКОСТЬ(Fire Tank)/8-1 АС(Architecture+Structure)/bv13560.xls,.xls,143360,c0c38b80f51c65331020314872a4530efa2890a349a0bbfbe7546f3d325f3c4c,1,1,1,,0,0,0,0,,,,0.0,[]
2020-00086,L2023-00053-1,공사,우즈베키스탄 직업훈련원 및 타슈켄트 교사연수센터 건립 시공업체 선정 현지입찰,1,L2023-00053-1/Urgench VTC Bid Attachment Documents/Urgench VTC Bid Attachment Documents/Section 4.  Bill of Quantities(Not-Priced)/공내역서/VTC견적서/8 ПОЖАРНАЯ ЕМЪКОСТЬ(Fire Tank)/8-1 АС(Architecture+Structure)/13563_vrmu.xls,.xls,56832,79e14b24c7df19631df2b8c58f12863b08e7aa7d66983b2990f8ef0923fe886f,1,1,1,,1,80,1,0,Лист1,visible,8,0.0125,"[{""sheet"": ""Лист1"", ""sheet_state"": ""visible"", ""header_row"": 8, ""quantity_rows"": 80, ""rate_rows"": 1, ""amount_rows"": 1, ""priced_rows"": 1, ""priced_ratio"": 0.0125, ""description_columns"": ""B"", ""quantity_columns"": ""E"", ""rate_columns"": ""F"", ""amount_columns"": ""F""}]"
2020-00086,L2023-00053-1,공사,우즈베키스탄 직업훈련원 및 타슈켄트 교사연수센터 건립 시공업체 선정 현지입찰,1,L2023-00053-1/Urgench VTC Bid Attachment Documents/Urgench VTC Bid Attachment Documents/Section 4.  Bill of Quantities(Not-Priced)/공내역서/VTC견적서/8 ПОЖАРНАЯ ЕМЪКОСТЬ(Fire Tank)/8-1 АС(Architecture+Structure)/13563_vfor.xls,.xls,48128,be5b745b940f05f1f41e44ed150503de2709f71b2406a43b2625fbeb73d92ced,1,1,1,,0,0,0,0,,,,0.0,[]
2020-00086,L2023-00053-1,공사,우즈베키스탄 직업훈련원 및 타슈켄트 교사연수센터 건립 시공업체 선정 현지입찰,1,"L2023-00053-1/Urgench VTC Bid Attachment Documents/Urgench VTC Bid Attachment Documents/Section 4.  Bill of Quantities(Not-Priced)/공내역서/VTC견적서/3 ОБЩЕЖИТИЕ(Dormitory)/3-7 ВН, СКС(CCTV & Network)/13303_vfor.xls",.xls,48640,5a18635d72aa11084ea9ace6f157b8628ca9366276bd4b01f0389389eb69dd15,1,1,1,,0,0,0,0,,,,0.0,[]
2020-00086,L2023-00053-1,공사,우즈베키스탄 직업훈련원 및 타슈켄트 교사연수센터 건립 시공업체 선정 현지입찰,1,"L2023-00053-1/Urgench VTC Bid Attachment Documents/Urgench VTC Bid Attachment Documents/Section 4.  Bill of Quantities(Not-Priced)/공내역서/VTC견적서/3 ОБЩЕЖИТИЕ(Dormitory)/3-7 ВН, СКС(CCTV & Network)/bv13300.xls",.xls,91136,eabe1189fd53fa553a7256019fdcd183629f090a5817c504e1c9f65e297f4127,1,1,1,,0,0,0,0,,,,0.0,[]
2020-00086,L2023-00053-1,공사,우즈베키스탄 직업훈련원 및 타슈켄트 교사연수센터 건립 시공업체 선정 현지입찰,1,"L2023-00053-1/Urgench VTC Bid Attachment Documents/Urgench VTC Bid Attachment Documents/Section 4.  Bill of Quantities(Not-Priced)/공내역서/VTC견적서/3 ОБЩЕЖИТИЕ(Dormitory)/3-7 ВН, СКС(CCTV & Network)/13303_vrmu.xls",.xls,55808,1446b4e9d4ca55f00683876eb3b47e8dfe2d96fd5f8331a988ddeb69272efd21,1,1,1,,1,81,1,0,Лист1,visible,8,0.012345679012345678,"[{""sheet"": ""Лист1"", ""sheet_state"": ""visible"", ""header_row"": 8, ""quantity_rows"": 81, ""rate_rows"": 1, ""amount_rows"": 1, ""priced_rows"": 1, ""priced_ratio"": 0.012345679012345678, ""description_columns"": ""B"", ""quantity_columns"": ""E"", ""rate_columns"": ""F"", ""amount_columns"": ""F""}]"
2020-00086,L2023-00053-1,공사,우즈베키스탄 직업훈련원 및 타슈켄트 교사연수센터 건립 시공업체 선정 현지입찰,1,L2023-00053-1/Urgench VTC Bid Attachment Documents/Urgench VTC Bid Attachment Documents/Section 4.  Bill of Quantities(Not-Priced)/공내역서/VTC견적서/3 ОБЩЕЖИТИЕ(Dormitory)/3-6 ПС(Fire Alarm)/13293_vfor.xls,.xls,47616,13504304f6bbd4c322400660e78166be924c5a8a3f7a3d2fa32ea8eaabd6d151,1,1,1,,0,0,0,0,,,,0.0,[]
2020-00086,L2023-00053-1,공사,우즈베키스탄 직업훈련원 및 타슈켄트 교사연수센터 건립 시공업체 선정 현지입찰,1,L2023-00053-1/Urgench VTC Bid Attachment Documents/Urgench VTC Bid Attachment Documents/Section 4.  Bill of Quantities(Not-Priced)/공내역서/VTC견적서/3 ОБЩЕЖИТИЕ(Dormitory)/3-6 ПС(Fire Alarm)/13293_vrmu.xls,.xls,52736,d247ad0533474b0b1cedc26fffab2c9b866c1246de159a021e5b366aabc19286,1,1,1,,1,62,1,0,Лист1,visible,8,0.016129032258064516,"[{""sheet"": ""Лист1"", ""sheet_state"": ""visible"", ""header_row"": 8, ""quantity_rows"": 62, ""rate_rows"": 1, ""amount_rows"": 1, ""priced_rows"": 1, ""priced_ratio"": 0.016129032258064516, ""description_columns"": ""B"", ""quantity_columns"": ""E"", ""rate_columns"": ""F"", ""amount_columns"": ""F""}]"
2020-00086,L2023-00053-1,공사,우즈베키스탄 직업훈련원 및 타슈켄트 교사연수센터 건립 시공업체 선정 현지입찰,1,L2023-00053-1/Urgench VTC Bid Attachment Documents/Urgench VTC Bid Attachment Documents/Section 4.  Bill of Quantities(Not-Priced)/공내역서/VTC견적서/3 ОБЩЕЖИТИЕ(Dormitory)/3-6 ПС(Fire Alarm)/bv13290.xls,.xls,86016,e18ef7fec05891daaad5066075ed8900b09d1ea1449184f0063fbb372759596e,1,1,1,,0,0,0,0,,,,0.0,[]
2020-00086,L2023-00053-1,공사,우즈베키스탄 직업훈련원 및 타슈켄트 교사연수센터 건립 시공업체 선정 현지입찰,1,L2023-00053-1/Urgench VTC Bid Attachment Documents/Urgench VTC Bid Attachment Documents/Section 4.  Bill of Quantities(Not-Priced)/공내역서/VTC견적서/3 ОБЩЕЖИТИЕ(Dormitory)/3-2 АР(Architecture)/13093_vrmu.xls,.xls,71168,e74ff7123038365d8a0bdcd1c7b2209df8480aa897b3fc0679910a92028a4f3e,1,1,1,,1,145,1,0,Лист1,visible,8,0.006896551724137931,"[{""sheet"": ""Лист1"", ""sheet_state"": ""visible"", ""header_row"": 8, ""quantity_rows"": 145, ""rate_rows"": 1, ""amount_rows"": 1, ""priced_rows"": 1, ""priced_ratio"": 0.006896551724137931, ""description_columns"": ""B"", ""quantity_columns"": ""E"", ""rate_columns"": ""F"", ""amount_columns"": ""F""}]"
2020-00086,L2023-00053-1,공사,우즈베키스탄 직업훈련원 및 타슈켄트 교사연수센터 건립 시공업체 선정 현지입찰,1,L2023-00053-1/Urgench VTC Bid Attachment Documents/Urgench VTC Bid Attachment Documents/Section 4.  Bill of Quantities(Not-Priced)/공내역서/VTC견적서/3 ОБЩЕЖИТИЕ(Dormitory)/3-2 АР(Architecture)/13093_vfor.xls,.xls,60928,4d47568603d5e187d1e4c7fb6f4d61f9bbfd00c2e5ce279aa4cbc3e286009fda,1,1,1,,0,0,0,0,,,,0.0,[]
2020-00086,L2023-00053-1,공사,우즈베키스탄 직업훈련원 및 타슈켄트 교사연수센터 건립 시공업체 선정 현지입찰,1,L2023-00053-1/Urgench VTC Bid Attachment Documents/Urgench VTC Bid Attachment Documents/Section 4.  Bill of Quantities(Not-Priced)/공내역서/VTC견적서/3 ОБЩЕЖИТИЕ(Dormitory)/3-2 АР(Architecture)/bv13090.xls,.xls,209920,1685986296491a91628263cbf83b83623c64d74dd57af717e61f8666ff120e05,1,1,1,,0,0,0,0,,,,0.0,[]
2020-00086,L2023-00053-1,공사,우즈베키스탄 직업훈련원 및 타슈켄트 교사연수센터 건립 시공업체 선정 현지입찰,1,L2023-00053-1/Urgench VTC Bid Attachment Documents/Urgench VTC Bid Attachment Documents/Section 4.  Bill of Quantities(Not-Priced)/공내역서/VTC견적서/3 ОБЩЕЖИТИЕ(Dormitory)/3-5 ЭО(Electric)/bv13390.xls,.xls,160768,f253090ffac6492dc866ebd21e5932b06eb5866828914246cdec489ba998f2e4,1,1,1,,0,0,0,0,,,,0.0,[]
2020-00086,L2023-00053-1,공사,우즈베키스탄 직업훈련원 및 타슈켄트 교사연수센터 건립 시공업체 선정 현지입찰,1,L2023-00053-1/Urgench VTC Bid Attachment Documents/Urgench VTC Bid Attachment Documents/Section 4.  Bill of Quantities(Not-Priced)/공내역서/VTC견적서/3 ОБЩЕЖИТИЕ(Dormitory)/3-5 ЭО(Electric)/13393_vfor.xls,.xls,74752,c57faedafd23f56233bfb4c2b31f065e2adce41022cc4128bd3c30ee9cca34fb,1,1,1,,0,0,0,0,,,,0.0,[]
2020-00086,L2023-00053-1,공사,우즈베키스탄 직업훈련원 및 타슈켄트 교사연수센터 건립 시공업체 선정 현지입찰,1,L2023-00053-1/Urgench VTC Bid Attachment Documents/Urgench VTC Bid Attachment Documents/Section 4.  Bill of Quantities(Not-Priced)/공내역서/VTC견적서/3 ОБЩЕЖИТИЕ(Dormitory)/3-5 ЭО(Electric)/13393_vrmu.xls,.xls,78336,7add88d19ffe23920e0d357509a9de1536402bfcbd3a0ea5b119baa189db15ee,1,1,1,,0,0,0,0,,,,0.0,[]
2020-00086,L2023-00053-1,공사,우즈베키스탄 직업훈련원 및 타슈켄트 교사연수센터 건립 시공업체 선정 현지입찰,1,L2023-00053-1/Urgench VTC Bid Attachment Documents/Urgench VTC Bid Attachment Documents/Section 4.  Bill of Quantities(Not-Priced)/공내역서/VTC견적서/3 ОБЩЕЖИТИЕ(Dormitory)/3-9 ГСВ(Gas)/13453_vfor.xls,.xls,44544,b2b073542fbb835fe4e72757b8f29fa046145334ce54790769524e09e869dc87,1,1,1,,0,0,0,0,,,,0.0,[]
2020-00086,L2023-00053-1,공사,우즈베키스탄 직업훈련원 및 타슈켄트 교사연수센터 건립 시공업체 선정 현지입찰,1,L2023-00053-1/Urgench VTC Bid Attachment Documents/Urgench VTC Bid Attachment Documents/Section 4.  Bill of Quantities(Not-Priced)/공내역서/VTC견적서/3 ОБЩЕЖИТИЕ(Dormitory)/3-9 ГСВ(Gas)/13453_vrmu.xls,.xls,54272,3d2cb67c9a0dde2603871acfa78f9950ff40dd7781efbc8177d683b0c6dcf091,1,1,1,,1,71,1,0,Лист1,visible,8,0.014084507042253521,"[{""sheet"": ""Лист1"", ""sheet_state"": ""visible"", ""header_row"": 8, ""quantity_rows"": 71, ""rate_rows"": 1, ""amount_rows"": 1, ""priced_rows"": 1, ""priced_ratio"": 0.014084507042253521, ""description_columns"": ""B"", ""quantity_columns"": ""E"", ""rate_columns"": ""F"", ""amount_columns"": ""F""}]"
2020-00086,L2023-00053-1,공사,우즈베키스탄 직업훈련원 및 타슈켄트 교사연수센터 건립 시공업체 선정 현지입찰,1,L2023-00053-1/Urgench VTC Bid Attachment Documents/Urgench VTC Bid Attachment Documents/Section 4.  Bill of Quantities(Not-Priced)/공내역서/VTC견적서/3 ОБЩЕЖИТИЕ(Dormitory)/3-9 ГСВ(Gas)/bv13450.xls,.xls,101888,5f4deb4ba0c0096f69c68e61171f182e5ed846594ec98a23e310f3970c06fa71,1,1,1,,0,0,0,0,,,,0.0,[]
2020-00086,L2023-00053-1,공사,우즈베키스탄 직업훈련원 및 타슈켄트 교사연수센터 건립 시공업체 선정 현지입찰,1,L2023-00053-1/Urgench VTC Bid Attachment Documents/Urgench VTC Bid Attachment Documents/Section 4.  Bill of Quantities(Not-Priced)/공내역서/VTC견적서/3 ОБЩЕЖИТИЕ(Dormitory)/3-8 ТМ(Boiler & Solar heating)/13443_vrmu.xls,.xls,86528,d3c0a88886331817cb71e9575b7bdf7dcfbffd63454a29c052460c96407dc642,1,1,1,,1,174,1,0,Лист1,visible,8,0.005747126436781609,"[{""sheet"": ""Лист1"", ""sheet_state"": ""visible"", ""header_row"": 8, ""quantity_rows"": 174, ""rate_rows"": 1, ""amount_rows"": 1, ""priced_rows"": 1, ""priced_ratio"": 0.005747126436781609, ""description_columns"": ""B"", ""quantity_columns"": ""E"", ""rate_columns"": ""F"", ""amount_columns"": ""F""}]"
2020-00086,L2023-00053-1,공사,우즈베키스탄 직업훈련원 및 타슈켄트 교사연수센터 건립 시공업체 선정 현지입찰,1,L2023-00053-1/Urgench VTC Bid Attachment Documents/Urgench VTC Bid Attachment Documents/Section 4.  Bill of Quantities(Not-Priced)/공내역서/VTC견적서/3 ОБЩЕЖИТИЕ(Dormitory)/3-8 ТМ(Boiler & Solar heating)/bv13440.xls,.xls,176128,8f851a4587465612841b0497ea7ac0167998ac563b5dd9f8fd3cf937c6d20e25,1,1,1,,0,0,0,0,,,,0.0,[]
2020-00086,L2023-00053-1,공사,우즈베키스탄 직업훈련원 및 타슈켄트 교사연수센터 건립 시공업체 선정 현지입찰,1,L2023-00053-1/Urgench VTC Bid Attachment Documents/Urgench VTC Bid Attachment Documents/Section 4.  Bill of Quantities(Not-Priced)/공내역서/VTC견적서/3 ОБЩЕЖИТИЕ(Dormitory)/3-8 ТМ(Boiler & Solar heating)/13443_vfor.xls,.xls,70144,95536513d6bf3158fb4d65daa1a681e30df8970af4be141270aaa7b89bb0d95a,1,1,1,,0,0,0,0,,,,0.0,[]
2020-00086,L2023-00053-1,공사,우즈베키스탄 직업훈련원 및 타슈켄트 교사연수센터 건립 시공업체 선정 현지입찰,1,L2023-00053-1/Urgench VTC Bid Attachment Documents/Urgench VTC Bid Attachment Documents/Section 4.  Bill of Quantities(Not-Priced)/공내역서/VTC견적서/3 ОБЩЕЖИТИЕ(Dormitory)/3-3 ОВ(Heating & Ventilation)/13103_vrmu.xls,.xls,61440,1e94bb5552421589790c2b57554f506b5f1f0d69289ff4eee0eadf0c4411484b,1,1,1,,1,87,1,0,Лист1,visible,8,0.011494252873563218,"[{""sheet"": ""Лист1"", ""sheet_state"": ""visible"", ""header_row"": 8, ""quantity_rows"": 87, ""rate_rows"": 1, ""amount_rows"": 1, ""priced_rows"": 1, ""priced_ratio"": 0.011494252873563218, ""description_columns"": ""B"", ""quantity_columns"": ""E"", ""rate_columns"": ""F"", ""amount_columns"": ""F""}]"
2020-00086,L2023-00053-1,공사,우즈베키스탄 직업훈련원 및 타슈켄트 교사연수센터 건립 시공업체 선정 현지입찰,1,L2023-00053-1/Urgench VTC Bid Attachment Documents/Urgench VTC Bid Attachment Documents/Section 4.  Bill of Quantities(Not-Priced)/공내역서/VTC견적서/3 ОБЩЕЖИТИЕ(Dormitory)/3-3 ОВ(Heating & Ventilation)/bv13100.xls,.xls,118784,7a6af10e951e5b9fb0bc177d931c4ff15c4ecb1ebe83088b80ad66656bcd9ec6,1,1,1,,0,0,0,0,,,,0.0,[]
2020-00086,L2023-00053-1,공사,우즈베키스탄 직업훈련원 및 타슈켄트 교사연수센터 건립 시공업체 선정 현지입찰,1,L2023-00053-1/Urgench VTC Bid Attachment Documents/Urgench VTC Bid Attachment Documents/Section 4.  Bill of Quantities(Not-Priced)/공내역서/VTC견적서/3 ОБЩЕЖИТИЕ(Dormitory)/3-3 ОВ(Heating & Ventilation)/13103_vfor.xls,.xls,51712,fc72408b079aa86e3fe987541b5e7735bf43a368e9fe333d8ae13603fde2a81f,1,1,1,,0,0,0,0,,,,0.0,[]
2020-00086,L2023-00053-1,공사,우즈베키스탄 직업훈련원 및 타슈켄트 교사연수센터 건립 시공업체 선정 현지입찰,1,L2023-00053-1/Urgench VTC Bid Attachment Documents/Urgench VTC Bid Attachment Documents/Section 4.  Bill of Quantities(Not-Priced)/공내역서/VTC견적서/3 ОБЩЕЖИТИЕ(Dormitory)/3-4 ВК(Water & Sewer & Fireplug)/13113_vfor.xls,.xls,62464,73e6dd7aa52e8cf03b392cc81de31620bc3e272e464fc12dbcafaed5d7906cd7,1,1,1,,0,0,0,0,,,,0.0,[]
2020-00086,L2023-00053-1,공사,우즈베키스탄 직업훈련원 및 타슈켄트 교사연수센터 건립 시공업체 선정 현지입찰,1,L2023-00053-1/Urgench VTC Bid Attachment Documents/Urgench VTC Bid Attachment Documents/Section 4.  Bill of Quantities(Not-Priced)/공내역서/VTC견적서/3 ОБЩЕЖИТИЕ(Dormitory)/3-4 ВК(Water & Sewer & Fireplug)/bv13110.xls,.xls,162816,88307ab28fb3650d960a3f58562bd7c34d3a46f3916c3f9c302c8d91b33946f4,1,1,1,,0,0,0,0,,,,0.0,[]
2020-00086,L2023-00053-1,공사,우즈베키스탄 직업훈련원 및 타슈켄트 교사연수센터 건립 시공업체 선정 현지입찰,1,L2023-00053-1/Urgench VTC Bid Attachment Documents/Urgench VTC Bid Attachment Documents/Section 4.  Bill of Quantities(Not-Priced)/공내역서/VTC견적서/3 ОБЩЕЖИТИЕ(Dormitory)/3-4 ВК(Water & Sewer & Fireplug)/13113_vrmu.xls,.xls,78336,23bb6dcb0e3ca3d9e11440aeecc7927f87168d16d5a2fb32594cc8f7c510f911,1,1,1,,0,0,0,0,,,,0.0,[]
2020-00086,L2023-00053-1,공사,우즈베키스탄 직업훈련원 및 타슈켄트 교사연수센터 건립 시공업체 선정 현지입찰,1,L2023-00053-1/Urgench VTC Bid Attachment Documents/Urgench VTC Bid Attachment Documents/Section 4.  Bill of Quantities(Not-Priced)/공내역서/VTC견적서/3 ОБЩЕЖИТИЕ(Dormitory)/3-1 КЖ(Structure)/13023_vrmu.xls,.xls,71168,1cd9211b72104c9dc7f6eee96daa2851e9bdb7ba1e1883dd402b4f613cca8d8f,1,1,1,,1,130,1,0,Лист1,visible,8,0.007692307692307693,"[{""sheet"": ""Лист1"", ""sheet_state"": ""visible"", ""header_row"": 8, ""quantity_rows"": 130, ""rate_rows"": 1, ""amount_rows"": 1, ""priced_rows"": 1, ""priced_ratio"": 0.007692307692307693, ""description_columns"": ""B"", ""quantity_columns"": ""E"", ""rate_columns"": ""F"", ""amount_columns"": ""F""}]"
2020-00086,L2023-00053-1,공사,우즈베키스탄 직업훈련원 및 타슈켄트 교사연수센터 건립 시공업체 선정 현지입찰,1,L2023-00053-1/Urgench VTC Bid Attachment Documents/Urgench VTC Bid Attachment Documents/Section 4.  Bill of Quantities(Not-Priced)/공내역서/VTC견적서/3 ОБЩЕЖИТИЕ(Dormitory)/3-1 КЖ(Structure)/13023_vfor.xls,.xls,71168,673a85f5a1e9b6b7350bf66f3c67c715335e2cd418a95188f312dcbd098d438a,1,1,1,,1,219,0,0,Лист1,visible,9,0.0,"[{""sheet"": ""Лист1"", ""sheet_state"": ""visible"", ""header_row"": 9, ""quantity_rows"": 219, ""rate_rows"": 0, ""amount_rows"": 0, ""priced_rows"": 0, ""priced_ratio"": 0.0, ""description_columns"": ""A;B;C"", ""quantity_columns"": ""E"", ""rate_columns"": """", ""amount_columns"": """"}]"
2020-00086,L2023-00053-1,공사,우즈베키스탄 직업훈련원 및 타슈켄트 교사연수센터 건립 시공업체 선정 현지입찰,1,L2023-00053-1/Urgench VTC Bid Attachment Documents/Urgench VTC Bid Attachment Documents/Section 4.  Bill of Quantities(Not-Priced)/공내역서/VTC견적서/3 ОБЩЕЖИТИЕ(Dormitory)/3-1 КЖ(Structure)/bv13020.xls,.xls,286208,aee487d6db0fed682c28fabba84e56d3b2d993351976b6197fbf6df4e3bc0506,1,1,1,,1,1374,0,0,3-1_ЛРВ,visible,10,0.0,"[{""sheet"": ""3-1_ЛРВ"", ""sheet_state"": ""visible"", ""header_row"": 10, ""quantity_rows"": 1374, ""rate_rows"": 0, ""amount_rows"": 0, ""priced_rows"": 0, ""priced_ratio"": 0.0, ""description_columns"": ""C;D"", ""quantity_columns"": ""F"", ""rate_columns"": """", ""amount_columns"": """"}]"
2020-00086,L2023-00053-1,공사,우즈베키스탄 직업훈련원 및 타슈켄트 교사연수센터 건립 시공업체 선정 현지입찰,1,L2023-00053-1/Urgench VTC Bid Attachment Documents/Urgench VTC Bid Attachment Documents/Section 4.  Bill of Quantities(Not-Priced)/공내역서/VTC견적서/7 КОМПРЕССОРАНЯ(Comp.+GAS storage)/7-3 ЭО(Electric)/bv13500.xls,.xls,76800,774c07e5846d462fcc00eda8f335b28050758f61dee53d10a4a56e44d829b2bb,1,1,1,,0,0,0,0,,,,0.0,[]
2020-00086,L2023-00053-1,공사,우즈베키스탄 직업훈련원 및 타슈켄트 교사연수센터 건립 시공업체 선정 현지입찰,1,L2023-00053-1/Urgench VTC Bid Attachment Documents/Urgench VTC Bid Attachment Documents/Section 4.  Bill of Quantities(Not-Priced)/공내역서/VTC견적서/7 КОМПРЕССОРАНЯ(Comp.+GAS storage)/7-3 ЭО(Electric)/13503_vrmu.xls,.xls,51200,557a980a68981d94391b523dccdccf4e876c9d6dcae8e97a692aa94929ddbec5,1,1,1,,1,51,1,0,Лист1,visible,8,0.0196078431372549,"[{""sheet"": ""Лист1"", ""sheet_state"": ""visible"", ""header_row"": 8, ""quantity_rows"": 51, ""rate_rows"": 1, ""amount_rows"": 1, ""priced_rows"": 1, ""priced_ratio"": 0.0196078431372549, ""description_columns"": ""B"", ""quantity_columns"": ""E"", ""rate_columns"": ""F"", ""amount_columns"": ""F""}]"
2020-00086,L2023-00053-1,공사,우즈베키스탄 직업훈련원 및 타슈켄트 교사연수센터 건립 시공업체 선정 현지입찰,1,L2023-00053-1/Urgench VTC Bid Attachment Documents/Urgench VTC Bid Attachment Documents/Section 4.  Bill of Quantities(Not-Priced)/공내역서/VTC견적서/7 КОМПРЕССОРАНЯ(Comp.+GAS storage)/7-3 ЭО(Electric)/13503_vfor.xls,.xls,44544,fba80ba25d76993629553bd43cccae9188ce442e97030bea9bec4d66366073e1,1,1,1,,0,0,0,0,,,,0.0,[]
2020-00086,L2023-00053-1,공사,우즈베키스탄 직업훈련원 및 타슈켄트 교사연수센터 건립 시공업체 선정 현지입찰,1,L2023-00053-1/Urgench VTC Bid Attachment Documents/Urgench VTC Bid Attachment Documents/Section 4.  Bill of Quantities(Not-Priced)/공내역서/VTC견적서/7 КОМПРЕССОРАНЯ(Comp.+GAS storage)/7-1 КЖ(Structure)/bv13070.xls,.xls,126464,9d15fc0b7e8c4ef335b01731a25fd915a06431f5b409d64ed8e75bdf471e8c99,1,1,1,,0,0,0,0,,,,0.0,[]
2020-00086,L2023-00053-1,공사,우즈베키스탄 직업훈련원 및 타슈켄트 교사연수센터 건립 시공업체 선정 현지입찰,1,L2023-00053-1/Urgench VTC Bid Attachment Documents/Urgench VTC Bid Attachment Documents/Section 4.  Bill of Quantities(Not-Priced)/공내역서/VTC견적서/7 КОМПРЕССОРАНЯ(Comp.+GAS storage)/7-1 КЖ(Structure)/13073_vfor.xls,.xls,45056,d4075fede6ca06f6e076cc3a33d9c66485d394bc84c4f6204421ee0751c41c29,1,1,1,,0,0,0,0,,,,0.0,[]
2020-00086,L2023-00053-1,공사,우즈베키스탄 직업훈련원 및 타슈켄트 교사연수센터 건립 시공업체 선정 현지입찰,1,L2023-00053-1/Urgench VTC Bid Attachment Documents/Urgench VTC Bid Attachment Documents/Section 4.  Bill of Quantities(Not-Priced)/공내역서/VTC견적서/7 КОМПРЕССОРАНЯ(Comp.+GAS storage)/7-1 КЖ(Structure)/13073_vrmu.xls,.xls,57344,b2b87877d1df201ff70c4fded29e0c808c0cf38b05ea0ef976abf05e5e3bb3f1,1,1,1,,1,85,1,0,Лист1,visible,8,0.011764705882352941,"[{""sheet"": ""Лист1"", ""sheet_state"": ""visible"", ""header_row"": 8, ""quantity_rows"": 85, ""rate_rows"": 1, ""amount_rows"": 1, ""priced_rows"": 1, ""priced_ratio"": 0.011764705882352941, ""description_columns"": ""B"", ""quantity_columns"": ""E"", ""rate_columns"": ""F"", ""amount_columns"": ""F""}]"
2020-00086,L2023-00053-1,공사,우즈베키스탄 직업훈련원 및 타슈켄트 교사연수센터 건립 시공업체 선정 현지입찰,1,L2023-00053-1/Urgench VTC Bid Attachment Documents/Urgench VTC Bid Attachment Documents/Section 4.  Bill of Quantities(Not-Priced)/공내역서/VTC견적서/7 КОМПРЕССОРАНЯ(Comp.+GAS storage)/7-2 АР(Architecture)/13083_vfor.xls,.xls,37888,0d0641098aaf99e56a206db663b79287befbb026eb9ae10d31713fe26751af88,1,1,1,,0,0,0,0,,,,0.0,[]
2020-00086,L2023-00053-1,공사,우즈베키스탄 직업훈련원 및 타슈켄트 교사연수센터 건립 시공업체 선정 현지입찰,1,L2023-00053-1/Urgench VTC Bid Attachment Documents/Urgench VTC Bid Attachment Documents/Section 4.  Bill of Quantities(Not-Priced)/공내역서/VTC견적서/7 КОМПРЕССОРАНЯ(Comp.+GAS storage)/7-2 АР(Architecture)/13083_vrmu.xls,.xls,48128,69688f446686a4d38925437ff702119b6f61b5ee8d3b5ed975f2c10dfc6291a5,1,1,1,,1,48,1,0,Лист1,visible,8,0.020833333333333332,"[{""sheet"": ""Лист1"", ""sheet_state"": ""visible"", ""header_row"": 8, ""quantity_rows"": 48, ""rate_rows"": 1, ""amount_rows"": 1, ""priced_rows"": 1, ""priced_ratio"": 0.020833333333333332, ""description_columns"": ""B"", ""quantity_columns"": ""E"", ""rate_columns"": ""F"", ""amount_columns"": ""F""}]"
2020-00086,L2023-00053-1,공사,우즈베키스탄 직업훈련원 및 타슈켄트 교사연수센터 건립 시공업체 선정 현지입찰,1,L2023-00053-1/Urgench VTC Bid Attachment Documents/Urgench VTC Bid Attachment Documents/Section 4.  Bill of Quantities(Not-Priced)/공내역서/VTC견적서/7 КОМПРЕССОРАНЯ(Comp.+GAS storage)/7-2 АР(Architecture)/bv13080.xls,.xls,76800,49259d752c40853e7e634831a6035f4fc055b29c0dc905b007f082fffb42211e,1,1,1,,0,0,0,0,,,,0.0,[]
2020-00086,L2023-00053-1,공사,우즈베키스탄 직업훈련원 및 타슈켄트 교사연수센터 건립 시공업체 선정 현지입찰,1,L2023-00053-1/Urgench VTC Bid Attachment Documents/Urgench VTC Bid Attachment Documents/Section 4.  Bill of Quantities(Not-Priced)/공내역서/VTC견적서/0 ГП(Site Plan & Landscape+Outdoor Infra)/0-4 ФЛАГШТОК(Flog pole)/13643_vfor.xls,.xls,36352,67966ce0d47aa65517abf1ac5bf4144c07e48cd2eaba531279ab70cb9dfbf6a2,1,1,1,,0,0,0,0,,,,0.0,[]
2020-00086,L2023-00053-1,공사,우즈베키스탄 직업훈련원 및 타슈켄트 교사연수센터 건립 시공업체 선정 현지입찰,1,L2023-00053-1/Urgench VTC Bid Attachment Documents/Urgench VTC Bid Attachment Documents/Section 4.  Bill of Quantities(Not-Priced)/공내역서/VTC견적서/0 ГП(Site Plan & Landscape+Outdoor Infra)/0-4 ФЛАГШТОК(Flog pole)/bv13640.xls,.xls,79872,c2bccc679e99fec40afa6d24486761ae70a294b045dc7ac6cac4d9f7e61c164e,1,1,1,,0,0,0,0,,,,0.0,[]
2020-00086,L2023-00053-1,공사,우즈베키스탄 직업훈련원 및 타슈켄트 교사연수센터 건립 시공업체 선정 현지입찰,1,L2023-00053-1/Urgench VTC Bid Attachment Documents/Urgench VTC Bid Attachment Documents/Section 4.  Bill of Quantities(Not-Priced)/공내역서/VTC견적서/0 ГП(Site Plan & Landscape+Outdoor Infra)/0-4 ФЛАГШТОК(Flog pole)/13643_vrmu.xls,.xls,55808,0f5b9d6f0d88cc8062fa6c5a0843bc51ec0ce77b9910f927cd9e6825241e7974,1,1,1,,1,79,1,0,Лист1,visible,8,0.012658227848101266,"[{""sheet"": ""Лист1"", ""sheet_state"": ""visible"", ""header_row"": 8, ""quantity_rows"": 79, ""rate_rows"": 1, ""amount_rows"": 1, ""priced_rows"": 1, ""priced_ratio"": 0.012658227848101266, ""description_columns"": ""B"", ""quantity_columns"": ""E"", ""rate_columns"": ""F"", ""amount_columns"": ""F""}]"
2020-00086,L2023-00053-1,공사,우즈베키스탄 직업훈련원 및 타슈켄트 교사연수센터 건립 시공업체 선정 현지입찰,1,L2023-00053-1/Urgench VTC Bid Attachment Documents/Urgench VTC Bid Attachment Documents/Section 4.  Bill of Quantities(Not-Priced)/공내역서/VTC견적서/0 ГП(Site Plan & Landscape+Outdoor Infra)/0-10 ПВ(Landscape Water Piping)/bv13700.xls,.xls,108032,7fce9c3406ee12ced99948fe837cc6e8d07c7892479efffdac7037793b89f75d,1,1,1,,0,0,0,0,,,,0.0,[]
2020-00086,L2023-00053-1,공사,우즈베키스탄 직업훈련원 및 타슈켄트 교사연수센터 건립 시공업체 선정 현지입찰,1,L2023-00053-1/Urgench VTC Bid Attachment Documents/Urgench VTC Bid Attachment Documents/Section 4.  Bill of Quantities(Not-Priced)/공내역서/VTC견적서/0 ГП(Site Plan & Landscape+Outdoor Infra)/0-10 ПВ(Landscape Water Piping)/13703_vfor.xls,.xls,44544,223b6a365f4c188df7b71ab432b3cf0fb70ab37141f6befdb4176e797d1219a7,1,1,1,,0,0,0,0,,,,0.0,[]
2020-00086,L2023-00053-1,공사,우즈베키스탄 직업훈련원 및 타슈켄트 교사연수센터 건립 시공업체 선정 현지입찰,1,L2023-00053-1/Urgench VTC Bid Attachment Documents/Urgench VTC Bid Attachment Documents/Section 4.  Bill of Quantities(Not-Priced)/공내역서/VTC견적서/0 ГП(Site Plan & Landscape+Outdoor Infra)/0-10 ПВ(Landscape Water Piping)/13703_vrmu.xls,.xls,67584,340757e0a5f7ca107ff9763eb6e78032fa52480ae47709f5c93d4b4d8acb1301,1,1,1,,1,112,1,0,Лист1,visible,8,0.008928571428571428,"[{""sheet"": ""Лист1"", ""sheet_state"": ""visible"", ""header_row"": 8, ""quantity_rows"": 112, ""rate_rows"": 1, ""amount_rows"": 1, ""priced_rows"": 1, ""priced_ratio"": 0.008928571428571428, ""description_columns"": ""B"", ""quantity_columns"": ""E"", ""rate_columns"": ""F"", ""amount_columns"": ""F""}]"
2020-00086,L2023-00053-1,공사,우즈베키스탄 직업훈련원 및 타슈켄트 교사연수센터 건립 시공업체 선정 현지입찰,1,L2023-00053-1/Urgench VTC Bid Attachment Documents/Urgench VTC Bid Attachment Documents/Section 4.  Bill of Quantities(Not-Priced)/공내역서/VTC견적서/0 ГП(Site Plan & Landscape+Outdoor Infra)/0-6 ЭС(Outdoor Electric Infra)/bv13660.xls,.xls,85504,00539b077799596b299656474c20d1f2bce4a015e4e5986c8ec3ef060d1c92be,1,1,1,,0,0,0,0,,,,0.0,[]
2020-00086,L2023-00053-1,공사,우즈베키스탄 직업훈련원 및 타슈켄트 교사연수센터 건립 시공업체 선정 현지입찰,1,L2023-00053-1/Urgench VTC Bid Attachment Documents/Urgench VTC Bid Attachment Documents/Section 4.  Bill of Quantities(Not-Priced)/공내역서/VTC견적서/0 ГП(Site Plan & Landscape+Outdoor Infra)/0-6 ЭС(Outdoor Electric Infra)/13663_vfor.xls,.xls,37888,d6e264bc982e8ff16cc0d3f02f24b4bad1d12dac0c5106696da5050f02d894e3,1,1,1,,0,0,0,0,,,,0.0,[]
2020-00086,L2023-00053-1,공사,우즈베키스탄 직업훈련원 및 타슈켄트 교사연수센터 건립 시공업체 선정 현지입찰,1,L2023-00053-1/Urgench VTC Bid Attachment Documents/Urgench VTC Bid Attachment Documents/Section 4.  Bill of Quantities(Not-Priced)/공내역서/VTC견적서/0 ГП(Site Plan & Landscape+Outdoor Infra)/0-6 ЭС(Outdoor Electric Infra)/13663_vrmu.xls,.xls,55296,5211f233ecc117ba1086040ece1ad8ce7323d32f4a4e8d1cdd6e35537116f52f,1,1,1,,1,69,1,0,Лист1,visible,8,0.014492753623188406,"[{""sheet"": ""Лист1"", ""sheet_state"": ""visible"", ""header_row"": 8, ""quantity_rows"": 69, ""rate_rows"": 1, ""amount_rows"": 1, ""priced_rows"": 1, ""priced_ratio"": 0.014492753623188406, ""description_columns"": ""B"", ""quantity_columns"": ""E"", ""rate_columns"": ""F"", ""amount_columns"": ""F""}]"
2020-00086,L2023-00053-1,공사,우즈베키스탄 직업훈련원 및 타슈켄트 교사연수센터 건립 시공업체 선정 현지입찰,1,L2023-00053-1/Urgench VTC Bid Attachment Documents/Urgench VTC Bid Attachment Documents/Section 4.  Bill of Quantities(Not-Priced)/공내역서/VTC견적서/0 ГП(Site Plan & Landscape+Outdoor Infra)/0-3 БЕСЕДКА 5 ШТ(Pargola)/bv13630.xls,.xls,86016,89900deeb95cc6c3d44955a4322c7d0b36aa7b7469220c2d8969211de3a71e9f,1,1,1,,0,0,0,0,,,,0.0,[]
2020-00086,L2023-00053-1,공사,우즈베키스탄 직업훈련원 및 타슈켄트 교사연수센터 건립 시공업체 선정 현지입찰,1,L2023-00053-1/Urgench VTC Bid Attachment Documents/Urgench VTC Bid Attachment Documents/Section 4.  Bill of Quantities(Not-Priced)/공내역서/VTC견적서/0 ГП(Site Plan & Landscape+Outdoor Infra)/0-3 БЕСЕДКА 5 ШТ(Pargola)/13633_vrmu.xls,.xls,54784,91cd41b13250e518545986d37e21277c42f67ff63baa4fc5aa5bd8526a10da10,1,1,1,,1,71,1,0,Лист1,visible,8,0.014084507042253521,"[{""sheet"": ""Лист1"", ""sheet_state"": ""visible"", ""header_row"": 8, ""quantity_rows"": 71, ""rate_rows"": 1, ""amount_rows"": 1, ""priced_rows"": 1, ""priced_ratio"": 0.014084507042253521, ""description_columns"": ""B"", ""quantity_columns"": ""E"", ""rate_columns"": ""F"", ""amount_columns"": ""F""}]"
2020-00086,L2023-00053-1,공사,우즈베키스탄 직업훈련원 및 타슈켄트 교사연수센터 건립 시공업체 선정 현지입찰,1,L2023-00053-1/Urgench VTC Bid Attachment Documents/Urgench VTC Bid Attachment Documents/Section 4.  Bill of Quantities(Not-Priced)/공내역서/VTC견적서/0 ГП(Site Plan & Landscape+Outdoor Infra)/0-3 БЕСЕДКА 5 ШТ(Pargola)/13633_vfor.xls,.xls,34304,a4de5c64037addc65a3a0ea858a58150461f31b07ec98eb3374f87a100be5518,1,1,1,,0,0,0,0,,,,0.0,[]
2020-00086,L2023-00053-1,공사,우즈베키스탄 직업훈련원 및 타슈켄트 교사연수센터 건립 시공업체 선정 현지입찰,1,L2023-00053-1/Urgench VTC Bid Attachment Documents/Urgench VTC Bid Attachment Documents/Section 4.  Bill of Quantities(Not-Priced)/공내역서/VTC견적서/0 ГП(Site Plan & Landscape+Outdoor Infra)/0-12 АСКУЭ((Automatic Pump system)/13723_vfor.xls,.xls,33792,eb99c1117217bd159b2705fd3fdba4dca427dbfee616518108fed741a867e4a9,1,1,1,,0,0,0,0,,,,0.0,[]
2020-00086,L2023-00053-1,공사,우즈베키스탄 직업훈련원 및 타슈켄트 교사연수센터 건립 시공업체 선정 현지입찰,1,L2023-00053-1/Urgench VTC Bid Attachment Documents/Urgench VTC Bid Attachment Documents/Section 4.  Bill of Quantities(Not-Priced)/공내역서/VTC견적서/0 ГП(Site Plan & Landscape+Outdoor Infra)/0-12 АСКУЭ((Automatic Pump system)/13723_vrmu.xls,.xls,49152,748258beac5d82e7c3a847666f17f9ad1601ab24563b52999aa8e5d1b3e7ff6a,1,1,1,,1,48,1,0,Лист1,visible,8,0.020833333333333332,"[{""sheet"": ""Лист1"", ""sheet_state"": ""visible"", ""header_row"": 8, ""quantity_rows"": 48, ""rate_rows"": 1, ""amount_rows"": 1, ""priced_rows"": 1, ""priced_ratio"": 0.020833333333333332, ""description_columns"": ""B"", ""quantity_columns"": ""E"", ""rate_columns"": ""F"", ""amount_columns"": ""F""}]"
2020-00086,L2023-00053-1,공사,우즈베키스탄 직업훈련원 및 타슈켄트 교사연수센터 건립 시공업체 선정 현지입찰,1,L2023-00053-1/Urgench VTC Bid Attachment Documents/Urgench VTC Bid Attachment Documents/Section 4.  Bill of Quantities(Not-Priced)/공내역서/VTC견적서/0 ГП(Site Plan & Landscape+Outdoor Infra)/0-12 АСКУЭ((Automatic Pump system)/bv13720.xls,.xls,54784,73d4b495f41c4c5e62abe918e52313703f29267f7bda2774066dc0e5ffd96095,1,1,1,,0,0,0,0,,,,0.0,[]
2020-00086,L2023-00053-1,공사,우즈베키스탄 직업훈련원 및 타슈켄트 교사연수센터 건립 시공업체 선정 현지입찰,1,L2023-00053-1/Urgench VTC Bid Attachment Documents/Urgench VTC Bid Attachment Documents/Section 4.  Bill of Quantities(Not-Priced)/공내역서/VTC견적서/0 ГП(Site Plan & Landscape+Outdoor Infra)/0-2 ФУТБОЛНОЕ ПОЛЕ(Football)/13413_vfor.xls,.xls,35840,b524a9fc3353cae7e72ebf771994c561b251158e684f12846f7be3e853e9b094,1,1,1,,0,0,0,0,,,,0.0,[]
2020-00086,L2023-00053-1,공사,우즈베키스탄 직업훈련원 및 타슈켄트 교사연수센터 건립 시공업체 선정 현지입찰,1,L2023-00053-1/Urgench VTC Bid Attachment Documents/Urgench VTC Bid Attachment Documents/Section 4.  Bill of Quantities(Not-Priced)/공내역서/VTC견적서/0 ГП(Site Plan & Landscape+Outdoor Infra)/0-2 ФУТБОЛНОЕ ПОЛЕ(Football)/13413_vrmu.xls,.xls,54784,656fd24a77c94039bb6a228c6d395e89e1304637aa470a5b06fd4b70f791c7d3,1,1,1,,1,69,1,0,Лист1,visible,8,0.014492753623188406,"[{""sheet"": ""Лист1"", ""sheet_state"": ""visible"", ""header_row"": 8, ""quantity_rows"": 69, ""rate_rows"": 1, ""amount_rows"": 1, ""priced_rows"": 1, ""priced_ratio"": 0.014492753623188406, ""description_columns"": ""B"", ""quantity_columns"": ""E"", ""rate_columns"": ""F"", ""amount_columns"": ""F""}]"
2020-00086,L2023-00053-1,공사,우즈베키스탄 직업훈련원 및 타슈켄트 교사연수센터 건립 시공업체 선정 현지입찰,1,L2023-00053-1/Urgench VTC Bid Attachment Documents/Urgench VTC Bid Attachment Documents/Section 4.  Bill of Quantities(Not-Priced)/공내역서/VTC견적서/0 ГП(Site Plan & Landscape+Outdoor Infra)/0-2 ФУТБОЛНОЕ ПОЛЕ(Football)/bv13410.xls,.xls,82432,2749f4b67fbce5b996b82719eb992ca5140d514c5c3e0b6a254cbe8991a461ba,1,1,1,,0,0,0,0,,,,0.0,[]
2020-00086,L2023-00053-1,공사,우즈베키스탄 직업훈련원 및 타슈켄트 교사연수센터 건립 시공업체 선정 현지입찰,1,L2023-00053-1/Urgench VTC Bid Attachment Documents/Urgench VTC Bid Attachment Documents/Section 4.  Bill of Quantities(Not-Priced)/공내역서/VTC견적서/0 ГП(Site Plan & Landscape+Outdoor Infra)/0-7 НЭО(Outdoor Lighting)/13673_vrmu.xls,.xls,59904,ff62cd8285dbfe8a4cd93911394279299b8c03d2069749850cffc7a2107aef50,1,1,1,,1,88,1,0,Лист1,visible,8,0.011363636363636364,"[{""sheet"": ""Лист1"", ""sheet_state"": ""visible"", ""header_row"": 8, ""quantity_rows"": 88, ""rate_rows"": 1, ""amount_rows"": 1, ""priced_rows"": 1, ""priced_ratio"": 0.011363636363636364, ""description_columns"": ""B"", ""quantity_columns"": ""E"", ""rate_columns"": ""F"", ""amount_columns"": ""F""}]"
2020-00086,L2023-00053-1,공사,우즈베키스탄 직업훈련원 및 타슈켄트 교사연수센터 건립 시공업체 선정 현지입찰,1,L2023-00053-1/Urgench VTC Bid Attachment Documents/Urgench VTC Bid Attachment Documents/Section 4.  Bill of Quantities(Not-Priced)/공내역서/VTC견적서/0 ГП(Site Plan & Landscape+Outdoor Infra)/0-7 НЭО(Outdoor Lighting)/bv13670.xls,.xls,88576,9ceeee982353f80a2bdb6f54623ab653597f61763c8bf5d6ff51e5212e6720af,1,1,1,,0,0,0,0,,,,0.0,[]
2020-00086,L2023-00053-1,공사,우즈베키스탄 직업훈련원 및 타슈켄트 교사연수센터 건립 시공업체 선정 현지입찰,1,L2023-00053-1/Urgench VTC Bid Attachment Documents/Urgench VTC Bid Attachment Documents/Section 4.  Bill of Quantities(Not-Priced)/공내역서/VTC견적서/0 ГП(Site Plan & Landscape+Outdoor Infra)/0-7 НЭО(Outdoor Lighting)/13673_vfor.xls,.xls,39936,60eb4c1ec6baefd78c2277da9cc0f32f1a655aa123b894a0438e4580ed6b8ecc,1,1,1,,0,0,0,0,,,,0.0,[]
2020-00086,L2023-00053-1,공사,우즈베키스탄 직업훈련원 및 타슈켄트 교사연수센터 건립 시공업체 선정 현지입찰,1,L2023-00053-1/Urgench VTC Bid Attachment Documents/Urgench VTC Bid Attachment Documents/Section 4.  Bill of Quantities(Not-Priced)/공내역서/VTC견적서/0 ГП(Site Plan & Landscape+Outdoor Infra)/0-8 НСС(Outside CCTV)/13683_vrmu.xls,.xls,58880,dec38e2426a3423e4a2628c92e9b35bce22644a2d4568e883cac23bda9af639f,1,1,1,,1,87,1,0,Лист1,visible,8,0.011494252873563218,"[{""sheet"": ""Лист1"", ""sheet_state"": ""visible"", ""header_row"": 8, ""quantity_rows"": 87, ""rate_rows"": 1, ""amount_rows"": 1, ""priced_rows"": 1, ""priced_ratio"": 0.011494252873563218, ""description_columns"": ""B"", ""quantity_columns"": ""E"", ""rate_columns"": ""F"", ""amount_columns"": ""F""}]"
2020-00086,L2023-00053-1,공사,우즈베키스탄 직업훈련원 및 타슈켄트 교사연수센터 건립 시공업체 선정 현지입찰,1,L2023-00053-1/Urgench VTC Bid Attachment Documents/Urgench VTC Bid Attachment Documents/Section 4.  Bill of Quantities(Not-Priced)/공내역서/VTC견적서/0 ГП(Site Plan & Landscape+Outdoor Infra)/0-8 НСС(Outside CCTV)/13683_vfor.xls,.xls,43008,1d07c8de41f0bc89f5bb0d45ff6b58a77c316e057c58e0078e76db334b69bcbb,1,1,1,,0,0,0,0,,,,0.0,[]
2020-00086,L2023-00053-1,공사,우즈베키스탄 직업훈련원 및 타슈켄트 교사연수센터 건립 시공업체 선정 현지입찰,1,L2023-00053-1/Urgench VTC Bid Attachment Documents/Urgench VTC Bid Attachment Documents/Section 4.  Bill of Quantities(Not-Priced)/공내역서/VTC견적서/0 ГП(Site Plan & Landscape+Outdoor Infra)/0-8 НСС(Outside CCTV)/bv13680.xls,.xls,90624,ee1cb2dde73307bbbe1f35435c8c23142d9e8947f28e461d2ce3ddabd61afd05,1,1,1,,0,0,0,0,,,,0.0,[]
2020-00086,L2023-00053-1,공사,우즈베키스탄 직업훈련원 및 타슈켄트 교사연수센터 건립 시공업체 선정 현지입찰,1,L2023-00053-1/Urgench VTC Bid Attachment Documents/Urgench VTC Bid Attachment Documents/Section 4.  Bill of Quantities(Not-Priced)/공내역서/VTC견적서/0 ГП(Site Plan & Landscape+Outdoor Infra)/0-9 НВК(Outside Water Piping)/13693_vfor.xls,.xls,50688,40205bc1eaad85a3c4553624b01d8e2e15cb4fbb02e2385cc4c618c196421564,1,1,1,,0,0,0,0,,,,0.0,[]
2020-00086,L2023-00053-1,공사,우즈베키스탄 직업훈련원 및 타슈켄트 교사연수센터 건립 시공업체 선정 현지입찰,1,L2023-00053-1/Urgench VTC Bid Attachment Documents/Urgench VTC Bid Attachment Documents/Section 4.  Bill of Quantities(Not-Priced)/공내역서/VTC견적서/0 ГП(Site Plan & Landscape+Outdoor Infra)/0-9 НВК(Outside Water Piping)/13693_vrmu.xls,.xls,73728,7f90477cfd26b71bef664a93e1ccef28539b5f685b7d63c2d2a8a20c834c4893,1,1,1,,1,123,1,0,Лист1,visible,8,0.008130081300813009,"[{""sheet"": ""Лист1"", ""sheet_state"": ""visible"", ""header_row"": 8, ""quantity_rows"": 123, ""rate_rows"": 1, ""amount_rows"": 1, ""priced_rows"": 1, ""priced_ratio"": 0.008130081300813009, ""description_columns"": ""B"", ""quantity_columns"": ""E"", ""rate_columns"": ""F"", ""amount_columns"": ""F""}]"
2020-00086,L2023-00053-1,공사,우즈베키스탄 직업훈련원 및 타슈켄트 교사연수센터 건립 시공업체 선정 현지입찰,1,L2023-00053-1/Urgench VTC Bid Attachment Documents/Urgench VTC Bid Attachment Documents/Section 4.  Bill of Quantities(Not-Priced)/공내역서/VTC견적서/0 ГП(Site Plan & Landscape+Outdoor Infra)/0-9 НВК(Outside Water Piping)/bv13690.xls,.xls,160256,1cd6324bf7a0eaec27cb7142830672e0985ab1482b721a78911144c1c4a4cbef,1,1,1,,0,0,0,0,,,,0.0,[]
2020-00086,L2023-00053-1,공사,우즈베키스탄 직업훈련원 및 타슈켄트 교사연수센터 건립 시공업체 선정 현지입찰,1,L2023-00053-1/Urgench VTC Bid Attachment Documents/Urgench VTC Bid Attachment Documents/Section 4.  Bill of Quantities(Not-Priced)/공내역서/VTC견적서/0 ГП(Site Plan & Landscape+Outdoor Infra)/0-11 СВ(Underground Water Pumping)/bv13710.xls,.xls,108544,78a4e1c483aad218148c44031dc0dbe4b3d4be6d9d60c09536a5798bd508b8f7,1,1,1,,0,0,0,0,,,,0.0,[]
2020-00086,L2023-00053-1,공사,우즈베키스탄 직업훈련원 및 타슈켄트 교사연수센터 건립 시공업체 선정 현지입찰,1,L2023-00053-1/Urgench VTC Bid Attachment Documents/Urgench VTC Bid Attachment Documents/Section 4.  Bill of Quantities(Not-Priced)/공내역서/VTC견적서/0 ГП(Site Plan & Landscape+Outdoor Infra)/0-11 СВ(Underground Water Pumping)/13713_vrmu.xls,.xls,67072,9e59430416fb626364f3a259cffd4886e2e1573ee703ed00f728dac814d9f4da,1,1,1,,1,101,1,0,Лист1,visible,8,0.009900990099009901,"[{""sheet"": ""Лист1"", ""sheet_state"": ""visible"", ""header_row"": 8, ""quantity_rows"": 101, ""rate_rows"": 1, ""amount_rows"": 1, ""priced_rows"": 1, ""priced_ratio"": 0.009900990099009901, ""description_columns"": ""B"", ""quantity_columns"": ""E"", ""rate_columns"": ""F"", ""amount_columns"": ""F""}]"
2020-00086,L2023-00053-1,공사,우즈베키스탄 직업훈련원 및 타슈켄트 교사연수센터 건립 시공업체 선정 현지입찰,1,L2023-00053-1/Urgench VTC Bid Attachment Documents/Urgench VTC Bid Attachment Documents/Section 4.  Bill of Quantities(Not-Priced)/공내역서/VTC견적서/0 ГП(Site Plan & Landscape+Outdoor Infra)/0-11 СВ(Underground Water Pumping)/13713_vfor.xls,.xls,40448,b907108bac749dae0b04900b731d9c1a0b43fea8b519995542662c26c338b56c,1,1,1,,0,0,0,0,,,,0.0,[]
2020-00086,L2023-00053-1,공사,우즈베키스탄 직업훈련원 및 타슈켄트 교사연수센터 건립 시공업체 선정 현지입찰,1,L2023-00053-1/Urgench VTC Bid Attachment Documents/Urgench VTC Bid Attachment Documents/Section 4.  Bill of Quantities(Not-Priced)/공내역서/VTC견적서/0 ГП(Site Plan & Landscape+Outdoor Infra)/0-5 ГСН(Outdoor Gas Infra)/13653_vrmu.xls,.xls,83968,73cdcf6c26608fd6ed09727e2837da02b88671e6e4a9cf14ce3d854ea7a831f7,1,1,1,,1,158,1,0,Лист1,visible,8,0.006329113924050633,"[{""sheet"": ""Лист1"", ""sheet_state"": ""visible"", ""header_row"": 8, ""quantity_rows"": 158, ""rate_rows"": 1, ""amount_rows"": 1, ""priced_rows"": 1, ""priced_ratio"": 0.006329113924050633, ""description_columns"": ""B"", ""quantity_columns"": ""E"", ""rate_columns"": ""F"", ""amount_columns"": ""F""}]"
2020-00086,L2023-00053-1,공사,우즈베키스탄 직업훈련원 및 타슈켄트 교사연수센터 건립 시공업체 선정 현지입찰,1,L2023-00053-1/Urgench VTC Bid Attachment Documents/Urgench VTC Bid Attachment Documents/Section 4.  Bill of Quantities(Not-Priced)/공내역서/VTC견적서/0 ГП(Site Plan & Landscape+Outdoor Infra)/0-5 ГСН(Outdoor Gas Infra)/13653_vfor.xls,.xls,50176,567efd592c487f7ff0d0c59fb9c7d182601f503045ac37195ca1d7619476918a,1,1,1,,0,0,0,0,,,,0.0,[]
2020-00086,L2023-00053-1,공사,우즈베키스탄 직업훈련원 및 타슈켄트 교사연수센터 건립 시공업체 선정 현지입찰,1,L2023-00053-1/Urgench VTC Bid Attachment Documents/Urgench VTC Bid Attachment Documents/Section 4.  Bill of Quantities(Not-Priced)/공내역서/VTC견적서/0 ГП(Site Plan & Landscape+Outdoor Infra)/0-5 ГСН(Outdoor Gas Infra)/bv13650.xls,.xls,158208,5a395510c961855d96159b216312e8884d10e3b4d57bafd7a4326ad596851fb7,1,1,1,,0,0,0,0,,,,0.0,[]
2020-00086,L2023-00053-1,공사,우즈베키스탄 직업훈련원 및 타슈켄트 교사연수센터 건립 시공업체 선정 현지입찰,1,L2023-00053-1/Urgench VTC Bid Attachment Documents/Urgench VTC Bid Attachment Documents/Section 4.  Bill of Quantities(Not-Priced)/공내역서/VTC견적서/0 ГП(Site Plan & Landscape+Outdoor Infra)/0-1 ГП(Site Plan+Landscape)/13403_vrmu.xls,.xls,57344,9e93c17fb83cb754c8b2b889d7c88e9d56b7b5e94ef2f36d2c7b96356a99bf8b,1,1,1,,1,85,1,0,Лист1,visible,8,0.011764705882352941,"[{""sheet"": ""Лист1"", ""sheet_state"": ""visible"", ""header_row"": 8, ""quantity_rows"": 85, ""rate_rows"": 1, ""amount_rows"": 1, ""priced_rows"": 1, ""priced_ratio"": 0.011764705882352941, ""description_columns"": ""B"", ""quantity_columns"": ""E"", ""rate_columns"": ""F"", ""amount_columns"": ""F""}]"
2020-00086,L2023-00053-1,공사,우즈베키스탄 직업훈련원 및 타슈켄트 교사연수센터 건립 시공업체 선정 현지입찰,1,L2023-00053-1/Urgench VTC Bid Attachment Documents/Urgench VTC Bid Attachment Documents/Section 4.  Bill of Quantities(Not-Priced)/공내역서/VTC견적서/0 ГП(Site Plan & Landscape+Outdoor Infra)/0-1 ГП(Site Plan+Landscape)/bv13400.xls,.xls,100864,c237827588a1b89c4b31b984ef80299ed0268e63e35039a34093895646b82cb6,1,1,1,,0,0,0,0,,,,0.0,[]
2020-00086,L2023-00053-1,공사,우즈베키스탄 직업훈련원 및 타슈켄트 교사연수센터 건립 시공업체 선정 현지입찰,1,L2023-00053-1/Urgench VTC Bid Attachment Documents/Urgench VTC Bid Attachment Documents/Section 4.  Bill of Quantities(Not-Priced)/공내역서/VTC견적서/0 ГП(Site Plan & Landscape+Outdoor Infra)/0-1 ГП(Site Plan+Landscape)/13403_vfor.xls,.xls,40960,3f220fc5a5b364271bb7c01e7b3a9ffa53b430c77dd7e2b8da559aac8af53508,1,1,1,,0,0,0,0,,,,0.0,[]
2020-00086,L2023-00053-1,공사,우즈베키스탄 직업훈련원 및 타슈켄트 교사연수센터 건립 시공업체 선정 현지입찰,1,L2023-00053-1/Urgench VTC Bid Attachment Documents/Urgench VTC Bid Attachment Documents/Section 4.  Bill of Quantities(Not-Priced)/공내역서/VTC견적서/6 КПП(Guard House+Fence & Gate)/6-1 КЖ(Structure)/13053_vfor.xls,.xls,57856,4b6138cf061524a28704b118bd7c9f47aac9302aca4030b86c5a714c09dbe871,1,1,1,,0,0,0,0,,,,0.0,[]
2020-00086,L2023-00053-1,공사,우즈베키스탄 직업훈련원 및 타슈켄트 교사연수센터 건립 시공업체 선정 현지입찰,1,L2023-00053-1/Urgench VTC Bid Attachment Documents/Urgench VTC Bid Attachment Documents/Section 4.  Bill of Quantities(Not-Priced)/공내역서/VTC견적서/6 КПП(Guard House+Fence & Gate)/6-1 КЖ(Structure)/13053_vrmu.xls,.xls,72704,dcc0b7139d1a295111335bacbfa1dec0eb5c4d8fd84c4550f6c49f5003c87115,1,1,1,,1,120,1,0,Лист1,visible,8,0.008333333333333333,"[{""sheet"": ""Лист1"", ""sheet_state"": ""visible"", ""header_row"": 8, ""quantity_rows"": 120, ""rate_rows"": 1, ""amount_rows"": 1, ""priced_rows"": 1, ""priced_ratio"": 0.008333333333333333, ""description_columns"": ""B"", ""quantity_columns"": ""E"", ""rate_columns"": ""F"", ""amount_columns"": ""F""}]"
2020-00086,L2023-00053-1,공사,우즈베키스탄 직업훈련원 및 타슈켄트 교사연수센터 건립 시공업체 선정 현지입찰,1,L2023-00053-1/Urgench VTC Bid Attachment Documents/Urgench VTC Bid Attachment Documents/Section 4.  Bill of Quantities(Not-Priced)/공내역서/VTC견적서/6 КПП(Guard House+Fence & Gate)/6-1 КЖ(Structure)/bv13050.xls,.xls,186368,ecb8d5c1397c5c50289b9fbd88481d3cee7bb833c0a9a712edc967ee65d8af3f,1,1,1,,0,0,0,0,,,,0.0,[]
2020-00086,L2023-00053-1,공사,우즈베키스탄 직업훈련원 및 타슈켄트 교사연수센터 건립 시공업체 선정 현지입찰,1,L2023-00053-1/Urgench VTC Bid Attachment Documents/Urgench VTC Bid Attachment Documents/Section 4.  Bill of Quantities(Not-Priced)/공내역서/VTC견적서/6 КПП(Guard House+Fence & Gate)/6-5 ЭО(Electric)/13533_vfor.xls,.xls,45568,a8c797c5c49f18bcd37916401194d6111b33f4cd1c1431c0bc17678dc1ef7507,1,1,1,,1,28,0,0,Лист1,visible,9,0.0,"[{""sheet"": ""Лист1"", ""sheet_state"": ""visible"", ""header_row"": 9, ""quantity_rows"": 28, ""rate_rows"": 0, ""amount_rows"": 0, ""priced_rows"": 0, ""priced_ratio"": 0.0, ""description_columns"": ""B;C"", ""quantity_columns"": ""E"", ""rate_columns"": """", ""amount_columns"": """"}]"
2020-00086,L2023-00053-1,공사,우즈베키스탄 직업훈련원 및 타슈켄트 교사연수센터 건립 시공업체 선정 현지입찰,1,L2023-00053-1/Urgench VTC Bid Attachment Documents/Urgench VTC Bid Attachment Documents/Section 4.  Bill of Quantities(Not-Priced)/공내역서/VTC견적서/6 КПП(Guard House+Fence & Gate)/6-5 ЭО(Electric)/13533_vrmu.xls,.xls,51712,adc4d0090b25860f05ae432980f8a84532193b463acbd300f4d5fa3acf31929d,1,1,1,,1,51,1,0,Лист1,visible,8,0.0196078431372549,"[{""sheet"": ""Лист1"", ""sheet_state"": ""visible"", ""header_row"": 8, ""quantity_rows"": 51, ""rate_rows"": 1, ""amount_rows"": 1, ""priced_rows"": 1, ""priced_ratio"": 0.0196078431372549, ""description_columns"": ""B"", ""quantity_columns"": ""E"", ""rate_columns"": ""F"", ""amount_columns"": ""F""}]"
2020-00086,L2023-00053-1,공사,우즈베키스탄 직업훈련원 및 타슈켄트 교사연수센터 건립 시공업체 선정 현지입찰,1,L2023-00053-1/Urgench VTC Bid Attachment Documents/Urgench VTC Bid Attachment Documents/Section 4.  Bill of Quantities(Not-Priced)/공내역서/VTC견적서/6 КПП(Guard House+Fence & Gate)/6-5 ЭО(Electric)/bv13530.xls,.xls,77824,245b723563475e969548ffaaf40bf6267f9670b17170e37180d848a6826ae285,1,1,1,,1,123,0,0,6-5_ЛРВ,visible,10,0.0,"[{""sheet"": ""6-5_ЛРВ"", ""sheet_state"": ""visible"", ""header_row"": 10, ""quantity_rows"": 123, ""rate_rows"": 0, ""amount_rows"": 0, ""priced_rows"": 0, ""priced_ratio"": 0.0, ""description_columns"": ""C;D"", ""quantity_columns"": ""F"", ""rate_columns"": """", ""amount_columns"": """"}]"
2020-00086,L2023-00053-1,공사,우즈베키스탄 직업훈련원 및 타슈켄트 교사연수센터 건립 시공업체 선정 현지입찰,1,L2023-00053-1/Urgench VTC Bid Attachment Documents/Urgench VTC Bid Attachment Documents/Section 4.  Bill of Quantities(Not-Priced)/공내역서/VTC견적서/6 КПП(Guard House+Fence & Gate)/6-4 ВК(Water & Sewer & Fire plug)/13163_vrmu.xls,.xls,51712,02996d3aeb403f16f777614300c531dffc91202f13226adbc63fdcd4170cf27b,1,1,1,,1,69,1,0,Лист1,visible,8,0.014492753623188406,"[{""sheet"": ""Лист1"", ""sheet_state"": ""visible"", ""header_row"": 8, ""quantity_rows"": 69, ""rate_rows"": 1, ""amount_rows"": 1, ""priced_rows"": 1, ""priced_ratio"": 0.014492753623188406, ""description_columns"": ""B"", ""quantity_columns"": ""E"", ""rate_columns"": ""F"", ""amount_columns"": ""F""}]"
2020-00086,L2023-00053-1,공사,우즈베키스탄 직업훈련원 및 타슈켄트 교사연수센터 건립 시공업체 선정 현지입찰,1,L2023-00053-1/Urgench VTC Bid Attachment Documents/Urgench VTC Bid Attachment Documents/Section 4.  Bill of Quantities(Not-Priced)/공내역서/VTC견적서/6 КПП(Guard House+Fence & Gate)/6-4 ВК(Water & Sewer & Fire plug)/13163_vfor.xls,.xls,42496,df6220b225173aa488bd8d4a23eb05263619cbf4e888bbe98ea36c01265e50fc,1,1,1,,1,34,0,0,Лист1,visible,9,0.0,"[{""sheet"": ""Лист1"", ""sheet_state"": ""visible"", ""header_row"": 9, ""quantity_rows"": 34, ""rate_rows"": 0, ""amount_rows"": 0, ""priced_rows"": 0, ""priced_ratio"": 0.0, ""description_columns"": ""B;C"", ""quantity_columns"": ""E"", ""rate_columns"": """", ""amount_columns"": """"}]"
2020-00086,L2023-00053-1,공사,우즈베키스탄 직업훈련원 및 타슈켄트 교사연수센터 건립 시공업체 선정 현지입찰,1,L2023-00053-1/Urgench VTC Bid Attachment Documents/Urgench VTC Bid Attachment Documents/Section 4.  Bill of Quantities(Not-Priced)/공내역서/VTC견적서/6 КПП(Guard House+Fence & Gate)/6-4 ВК(Water & Sewer & Fire plug)/bv13160.xls,.xls,81408,0da398eedf5f2bce997092265a779da29c1e9aad374c13682effe71359e455e6,1,1,1,,1,127,0,0,6-4_ЛРВ,visible,10,0.0,"[{""sheet"": ""6-4_ЛРВ"", ""sheet_state"": ""visible"", ""header_row"": 10, ""quantity_rows"": 127, ""rate_rows"": 0, ""amount_rows"": 0, ""priced_rows"": 0, ""priced_ratio"": 0.0, ""description_columns"": ""C;D"", ""quantity_columns"": ""F"", ""rate_columns"": """", ""amount_columns"": """"}]"
2020-00086,L2023-00053-1,공사,우즈베키스탄 직업훈련원 및 타슈켄트 교사연수센터 건립 시공업체 선정 현지입찰,1,L2023-00053-1/Urgench VTC Bid Attachment Documents/Urgench VTC Bid Attachment Documents/Section 4.  Bill of Quantities(Not-Priced)/공내역서/VTC견적서/6 КПП(Guard House+Fence & Gate)/6-2 АР(Architecture)/bv13200.xls,.xls,129024,438cdab323bc3e1f71d5b490c7094683b5141f8e682754558baf8ad56fb493b6,1,1,1,,1,336,0,0,6-2_ЛРВ,visible,10,0.0,"[{""sheet"": ""6-2_ЛРВ"", ""sheet_state"": ""visible"", ""header_row"": 10, ""quantity_rows"": 336, ""rate_rows"": 0, ""amount_rows"": 0, ""priced_rows"": 0, ""priced_ratio"": 0.0, ""description_columns"": ""C;D"", ""quantity_columns"": ""F"", ""rate_columns"": """", ""amount_columns"": """"}]"
2020-00086,L2023-00053-1,공사,우즈베키스탄 직업훈련원 및 타슈켄트 교사연수센터 건립 시공업체 선정 현지입찰,1,L2023-00053-1/Urgench VTC Bid Attachment Documents/Urgench VTC Bid Attachment Documents/Section 4.  Bill of Quantities(Not-Priced)/공내역서/VTC견적서/6 КПП(Guard House+Fence & Gate)/6-2 АР(Architecture)/13203_vfor.xls,.xls,48640,21fa111c58e5d02f90ed6d5bf2e47e5fc93e3e0b70ff150c2a2bfd5f7ce512f3,1,1,1,,0,0,0,0,,,,0.0,[]
2020-00086,L2023-00053-1,공사,우즈베키스탄 직업훈련원 및 타슈켄트 교사연수센터 건립 시공업체 선정 현지입찰,1,L2023-00053-1/Urgench VTC Bid Attachment Documents/Urgench VTC Bid Attachment Documents/Section 4.  Bill of Quantities(Not-Priced)/공내역서/VTC견적서/6 КПП(Guard House+Fence & Gate)/6-2 АР(Architecture)/13203_vrmu.xls,.xls,61440,cdc00d62f8cb153c9478d025a81ca7bcec02338d395b64066ecdb866f099a689,1,1,1,,1,112,1,0,Лист1,visible,8,0.008928571428571428,"[{""sheet"": ""Лист1"", ""sheet_state"": ""visible"", ""header_row"": 8, ""quantity_rows"": 112, ""rate_rows"": 1, ""amount_rows"": 1, ""priced_rows"": 1, ""priced_ratio"": 0.008928571428571428, ""description_columns"": ""B"", ""quantity_columns"": ""E"", ""rate_columns"": ""F"", ""amount_columns"": ""F""}]"
2020-00086,L2023-00053-1,공사,우즈베키스탄 직업훈련원 및 타슈켄트 교사연수센터 건립 시공업체 선정 현지입찰,1,"L2023-00053-1/Urgench VTC Bid Attachment Documents/Urgench VTC Bid Attachment Documents/Section 4.  Bill of Quantities(Not-Priced)/공내역서/VTC견적서/6 КПП(Guard House+Fence & Gate)/6-7 ВН, СКС(CCTV & Network)/13363_vfor.xls",.xls,48128,36c9333a99d57c47105b911fbcb3486700e28e5017f87607868f0f75926dffa2,1,1,1,,1,46,0,0,Лист1,visible,9,0.0,"[{""sheet"": ""Лист1"", ""sheet_state"": ""visible"", ""header_row"": 9, ""quantity_rows"": 46, ""rate_rows"": 0, ""amount_rows"": 0, ""priced_rows"": 0, ""priced_ratio"": 0.0, ""description_columns"": ""A;B;C"", ""quantity_columns"": ""E"", ""rate_columns"": """", ""amount_columns"": """"}]"
2020-00086,L2023-00053-1,공사,우즈베키스탄 직업훈련원 및 타슈켄트 교사연수센터 건립 시공업체 선정 현지입찰,1,"L2023-00053-1/Urgench VTC Bid Attachment Documents/Urgench VTC Bid Attachment Documents/Section 4.  Bill of Quantities(Not-Priced)/공내역서/VTC견적서/6 КПП(Guard House+Fence & Gate)/6-7 ВН, СКС(CCTV & Network)/bv13360.xls",.xls,88576,74bc8b533c92a35d0c29c637a7feab7f5b9a68290b45af8b0e0690bf0416adab,1,1,1,,1,157,0,0,6-7_ЛРВ,visible,10,0.0,"[{""sheet"": ""6-7_ЛРВ"", ""sheet_state"": ""visible"", ""header_row"": 10, ""quantity_rows"": 157, ""rate_rows"": 0, ""amount_rows"": 0, ""priced_rows"": 0, ""priced_ratio"": 0.0, ""description_columns"": ""C;D"", ""quantity_columns"": ""F"", ""rate_columns"": """", ""amount_columns"": """"}]"
2020-00086,L2023-00053-1,공사,우즈베키스탄 직업훈련원 및 타슈켄트 교사연수센터 건립 시공업체 선정 현지입찰,1,"L2023-00053-1/Urgench VTC Bid Attachment Documents/Urgench VTC Bid Attachment Documents/Section 4.  Bill of Quantities(Not-Priced)/공내역서/VTC견적서/6 КПП(Guard House+Fence & Gate)/6-7 ВН, СКС(CCTV & Network)/13363_vrmu.xls",.xls,57344,bb45d8fce2bdc88caf7c66fd7cb3a7b238228ed5926d5e1cd6c17d10d95924ee,1,1,1,,1,79,1,0,Лист1,visible,8,0.012658227848101266,"[{""sheet"": ""Лист1"", ""sheet_state"": ""visible"", ""header_row"": 8, ""quantity_rows"": 79, ""rate_rows"": 1, ""amount_rows"": 1, ""priced_rows"": 1, ""priced_ratio"": 0.012658227848101266, ""description_columns"": ""B"", ""quantity_columns"": ""E"", ""rate_columns"": ""F"", ""amount_columns"": ""F""}]"
2020-00086,L2023-00053-1,공사,우즈베키스탄 직업훈련원 및 타슈켄트 교사연수센터 건립 시공업체 선정 현지입찰,1,L2023-00053-1/Urgench VTC Bid Attachment Documents/Urgench VTC Bid Attachment Documents/Section 4.  Bill of Quantities(Not-Priced)/공내역서/VTC견적서/6 КПП(Guard House+Fence & Gate)/6-6 ПС(Fire Alarm)/bv13350.xls,.xls,68608,3fedac4c69065bad31ff8ef486ec7a572c6b66408b084530fddeb99286af3107,1,1,1,,0,0,0,0,,,,0.0,[]
2020-00086,L2023-00053-1,공사,우즈베키스탄 직업훈련원 및 타슈켄트 교사연수센터 건립 시공업체 선정 현지입찰,1,L2023-00053-1/Urgench VTC Bid Attachment Documents/Urgench VTC Bid Attachment Documents/Section 4.  Bill of Quantities(Not-Priced)/공내역서/VTC견적서/6 КПП(Guard House+Fence & Gate)/6-6 ПС(Fire Alarm)/13353_vrmu.xls,.xls,45568,1042a9e9f47e2df7996e894c927dd8ac8c3cc20fef3dfd2e0469d34176fb67a4,1,1,1,,0,0,0,0,,,,0.0,[]
2020-00086,L2023-00053-1,공사,우즈베키스탄 직업훈련원 및 타슈켄트 교사연수센터 건립 시공업체 선정 현지입찰,1,L2023-00053-1/Urgench VTC Bid Attachment Documents/Urgench VTC Bid Attachment Documents/Section 4.  Bill of Quantities(Not-Priced)/공내역서/VTC견적서/6 КПП(Guard House+Fence & Gate)/6-6 ПС(Fire Alarm)/13353_vfor.xls,.xls,39936,ada6a09861b75baeced88918213281f646dd23f8d179cda036079e272dedf6d9,1,1,1,,1,25,0,0,Лист1,visible,9,0.0,"[{""sheet"": ""Лист1"", ""sheet_state"": ""visible"", ""header_row"": 9, ""quantity_rows"": 25, ""rate_rows"": 0, ""amount_rows"": 0, ""priced_rows"": 0, ""priced_ratio"": 0.0, ""description_columns"": ""B"", ""quantity_columns"": ""E"", ""rate_columns"": """", ""amount_columns"": """"}]"
2020-00086,L2023-00053-1,공사,우즈베키스탄 직업훈련원 및 타슈켄트 교사연수센터 건립 시공업체 선정 현지입찰,1,L2023-00053-1/Urgench VTC Bid Attachment Documents/Urgench VTC Bid Attachment Documents/Section 4.  Bill of Quantities(Not-Priced)/공내역서/VTC견적서/6 КПП(Guard House+Fence & Gate)/6-3 ОВ(Heating & Ventilation)/13553_vfor.xls,.xls,39424,221afcc766216a2167659cd706b07c07df791349f680a06ec88931f4e140e87d,1,1,1,,1,10,0,0,Лист1,visible,9,0.0,"[{""sheet"": ""Лист1"", ""sheet_state"": ""visible"", ""header_row"": 9, ""quantity_rows"": 10, ""rate_rows"": 0, ""amount_rows"": 0, ""priced_rows"": 0, ""priced_ratio"": 0.0, ""description_columns"": ""A;B;C"", ""quantity_columns"": ""E"", ""rate_columns"": """", ""amount_columns"": """"}]"
2020-00086,L2023-00053-1,공사,우즈베키스탄 직업훈련원 및 타슈켄트 교사연수센터 건립 시공업체 선정 현지입찰,1,L2023-00053-1/Urgench VTC Bid Attachment Documents/Urgench VTC Bid Attachment Documents/Section 4.  Bill of Quantities(Not-Priced)/공내역서/VTC견적서/6 КПП(Guard House+Fence & Gate)/6-3 ОВ(Heating & Ventilation)/13553_vrmu.xls,.xls,47104,7c9d9051925373dc66d2ca05fefd5ea839554e87b692910a8f4c2f7831d68277,1,1,1,,1,43,1,0,Лист1,visible,8,0.023255813953488372,"[{""sheet"": ""Лист1"", ""sheet_state"": ""visible"", ""header_row"": 8, ""quantity_rows"": 43, ""rate_rows"": 1, ""amount_rows"": 1, ""priced_rows"": 1, ""priced_ratio"": 0.023255813953488372, ""description_columns"": ""B"", ""quantity_columns"": ""E"", ""rate_columns"": ""F"", ""amount_columns"": ""F""}]"
2020-00086,L2023-00053-1,공사,우즈베키스탄 직업훈련원 및 타슈켄트 교사연수센터 건립 시공업체 선정 현지입찰,1,L2023-00053-1/Urgench VTC Bid Attachment Documents/Urgench VTC Bid Attachment Documents/Section 4.  Bill of Quantities(Not-Priced)/공내역서/VTC견적서/6 КПП(Guard House+Fence & Gate)/6-3 ОВ(Heating & Ventilation)/bv13550.xls,.xls,64000,028f57741a7980eb9293cf32591884faf6ce3b4531076bbbf2f780cc5aeb3c5c,1,1,1,,1,58,0,0,6-3_ЛРВ,visible,10,0.0,"[{""sheet"": ""6-3_ЛРВ"", ""sheet_state"": ""visible"", ""header_row"": 10, ""quantity_rows"": 58, ""rate_rows"": 0, ""amount_rows"": 0, ""priced_rows"": 0, ""priced_ratio"": 0.0, ""description_columns"": ""C;D"", ""quantity_columns"": ""F"", ""rate_columns"": """", ""amount_columns"": """"}]"
2020-00086,L2023-00053-1,공사,우즈베키스탄 직업훈련원 및 타슈켄트 교사연수센터 건립 시공업체 선정 현지입찰,1,L2023-00053-1/Urgench VTC Bid Attachment Documents/Urgench VTC Bid Attachment Documents/Section 4.  Bill of Quantities(Not-Priced)/공내역서/VTC견적서/2 УПК(Practice and Education Building)/2-9 ГСВ(Gas)/13583_vfor.xls,.xls,38400,ec378189ec8e3fc423efb9636e24d6a2214a259d2af40c14f92b5626a47a4b53,1,1,1,,0,0,0,0,,,,0.0,[]
2020-00086,L2023-00053-1,공사,우즈베키스탄 직업훈련원 및 타슈켄트 교사연수센터 건립 시공업체 선정 현지입찰,1,L2023-00053-1/Urgench VTC Bid Attachment Documents/Urgench VTC Bid Attachment Documents/Section 4.  Bill of Quantities(Not-Priced)/공내역서/VTC견적서/2 УПК(Practice and Education Building)/2-9 ГСВ(Gas)/13583_vrmu.xls,.xls,58368,79c0d45acad111aa632a5123591aee7f4aaf88bfcc819bf29af6b23500a562ad,1,1,1,,1,75,1,0,Лист1,visible,8,0.013333333333333334,"[{""sheet"": ""Лист1"", ""sheet_state"": ""visible"", ""header_row"": 8, ""quantity_rows"": 75, ""rate_rows"": 1, ""amount_rows"": 1, ""priced_rows"": 1, ""priced_ratio"": 0.013333333333333334, ""description_columns"": ""B"", ""quantity_columns"": ""E"", ""rate_columns"": ""F"", ""amount_columns"": ""F""}]"
2020-00086,L2023-00053-1,공사,우즈베키스탄 직업훈련원 및 타슈켄트 교사연수센터 건립 시공업체 선정 현지입찰,1,L2023-00053-1/Urgench VTC Bid Attachment Documents/Urgench VTC Bid Attachment Documents/Section 4.  Bill of Quantities(Not-Priced)/공내역서/VTC견적서/2 УПК(Practice and Education Building)/2-9 ГСВ(Gas)/bv13580.xls,.xls,97792,e2f79d457ed4fef8a6f0beb829b71d27adcc667ae940dd195ceb0fc2d6b8be1f,1,1,1,,0,0,0,0,,,,0.0,[]
2020-00086,L2023-00053-1,공사,우즈베키스탄 직업훈련원 및 타슈켄트 교사연수센터 건립 시공업체 선정 현지입찰,1,L2023-00053-1/Urgench VTC Bid Attachment Documents/Urgench VTC Bid Attachment Documents/Section 4.  Bill of Quantities(Not-Priced)/공내역서/VTC견적서/2 УПК(Practice and Education Building)/2-6 ПС(Fire Alarm)/bv13270.xls,.xls,81408,d46cd1888c84107a56dd7e1a1f3e026e361cbd56a90fe559692389429af17a31,1,1,1,,0,0,0,0,,,,0.0,[]
2020-00086,L2023-00053-1,공사,우즈베키스탄 직업훈련원 및 타슈켄트 교사연수센터 건립 시공업체 선정 현지입찰,1,L2023-00053-1/Urgench VTC Bid Attachment Documents/Urgench VTC Bid Attachment Documents/Section 4.  Bill of Quantities(Not-Priced)/공내역서/VTC견적서/2 УПК(Practice and Education Building)/2-6 ПС(Fire Alarm)/13273_vrmu.xls,.xls,51712,37a7d416719880479a04287f43738c935aabd798ceb429a6996cc4e3c53eacf9,1,1,1,,1,64,1,0,Лист1,visible,8,0.015625,"[{""sheet"": ""Лист1"", ""sheet_state"": ""visible"", ""header_row"": 8, ""quantity_rows"": 64, ""rate_rows"": 1, ""amount_rows"": 1, ""priced_rows"": 1, ""priced_ratio"": 0.015625, ""description_columns"": ""B"", ""quantity_columns"": ""E"", ""rate_columns"": ""F"", ""amount_columns"": ""F""}]"
2020-00086,L2023-00053-1,공사,우즈베키스탄 직업훈련원 및 타슈켄트 교사연수센터 건립 시공업체 선정 현지입찰,1,L2023-00053-1/Urgench VTC Bid Attachment Documents/Urgench VTC Bid Attachment Documents/Section 4.  Bill of Quantities(Not-Priced)/공내역서/VTC견적서/2 УПК(Practice and Education Building)/2-6 ПС(Fire Alarm)/13273_vfor.xls,.xls,39424,9253b08795feafb761135dfb7172359fd6821432264e5cec4a3ba2c9aaaef0df,1,1,1,,0,0,0,0,,,,0.0,[]
2020-00086,L2023-00053-1,공사,우즈베키스탄 직업훈련원 및 타슈켄트 교사연수센터 건립 시공업체 선정 현지입찰,1,L2023-00053-1/Urgench VTC Bid Attachment Documents/Urgench VTC Bid Attachment Documents/Section 4.  Bill of Quantities(Not-Priced)/공내역서/VTC견적서/2 УПК(Practice and Education Building)/2-8 ТМ(Boiler & Solar heating)/13433_vfor.xls,.xls,61952,d1c10b9aaca880e34e432f14a598fbfa9d3620e37ff970f3d323e49ce5560785,1,1,1,,0,0,0,0,,,,0.0,[]
2020-00086,L2023-00053-1,공사,우즈베키스탄 직업훈련원 및 타슈켄트 교사연수센터 건립 시공업체 선정 현지입찰,1,L2023-00053-1/Urgench VTC Bid Attachment Documents/Urgench VTC Bid Attachment Documents/Section 4.  Bill of Quantities(Not-Priced)/공내역서/VTC견적서/2 УПК(Practice and Education Building)/2-8 ТМ(Boiler & Solar heating)/bv13430.xls,.xls,178176,1e6b0f50a2a378878bb06672f894f03a587ce5a0d49a819318305705775920d7,1,1,1,,0,0,0,0,,,,0.0,[]
2020-00086,L2023-00053-1,공사,우즈베키스탄 직업훈련원 및 타슈켄트 교사연수센터 건립 시공업체 선정 현지입찰,1,L2023-00053-1/Urgench VTC Bid Attachment Documents/Urgench VTC Bid Attachment Documents/Section 4.  Bill of Quantities(Not-Priced)/공내역서/VTC견적서/2 УПК(Practice and Education Building)/2-8 ТМ(Boiler & Solar heating)/13433_vrmu.xls,.xls,86528,07503448a7270dbdb8f63ef2ae2d8ee1d85bc1ce1b33df86927763a7c6a90f7c,1,1,1,,1,175,1,0,Лист1,visible,8,0.005714285714285714,"[{""sheet"": ""Лист1"", ""sheet_state"": ""visible"", ""header_row"": 8, ""quantity_rows"": 175, ""rate_rows"": 1, ""amount_rows"": 1, ""priced_rows"": 1, ""priced_ratio"": 0.005714285714285714, ""description_columns"": ""B"", ""quantity_columns"": ""E"", ""rate_columns"": ""F"", ""amount_columns"": ""F""}]"
2020-00086,L2023-00053-1,공사,우즈베키스탄 직업훈련원 및 타슈켄트 교사연수센터 건립 시공업체 선정 현지입찰,1,L2023-00053-1/Urgench VTC Bid Attachment Documents/Urgench VTC Bid Attachment Documents/Section 4.  Bill of Quantities(Not-Priced)/공내역서/VTC견적서/2 УПК(Practice and Education Building)/2-5 ЭО(Electric)/13593_vrmu.xls,.xls,88064,939da5ac56da64a557c1ad8bd96b90cc057f9a01d7ed01a90287001de59cfd7e,1,1,1,,1,140,1,0,Лист1,visible,8,0.007142857142857143,"[{""sheet"": ""Лист1"", ""sheet_state"": ""visible"", ""header_row"": 8, ""quantity_rows"": 140, ""rate_rows"": 1, ""amount_rows"": 1, ""priced_rows"": 1, ""priced_ratio"": 0.007142857142857143, ""description_columns"": ""B"", ""quantity_columns"": ""E"", ""rate_columns"": ""F"", ""amount_columns"": ""F""}]"
2020-00086,L2023-00053-1,공사,우즈베키스탄 직업훈련원 및 타슈켄트 교사연수센터 건립 시공업체 선정 현지입찰,1,L2023-00053-1/Urgench VTC Bid Attachment Documents/Urgench VTC Bid Attachment Documents/Section 4.  Bill of Quantities(Not-Priced)/공내역서/VTC견적서/2 УПК(Practice and Education Building)/2-5 ЭО(Electric)/13593_vfor.xls,.xls,76288,c30b8ac327c03590384c07e2e8f0356db3b6aa949e01439f1bd4eb1866809498,1,1,1,,0,0,0,0,,,,0.0,[]
2020-00086,L2023-00053-1,공사,우즈베키스탄 직업훈련원 및 타슈켄트 교사연수센터 건립 시공업체 선정 현지입찰,1,L2023-00053-1/Urgench VTC Bid Attachment Documents/Urgench VTC Bid Attachment Documents/Section 4.  Bill of Quantities(Not-Priced)/공내역서/VTC견적서/2 УПК(Practice and Education Building)/2-5 ЭО(Electric)/bv13590.xls,.xls,165376,66663efa81309957bad47d81b20bef6148a275bbbdc2760911baebfc3d44937b,1,1,1,,0,0,0,0,,,,0.0,[]
2020-00086,L2023-00053-1,공사,우즈베키스탄 직업훈련원 및 타슈켄트 교사연수센터 건립 시공업체 선정 현지입찰,1,L2023-00053-1/Urgench VTC Bid Attachment Documents/Urgench VTC Bid Attachment Documents/Section 4.  Bill of Quantities(Not-Priced)/공내역서/VTC견적서/2 УПК(Practice and Education Building)/2-1 КЖ(Structure)/bv13010.xls,.xls,438784,9a08a9249b066c02507c7d7b6711bbd0214f8d0d66dfa4d6052663da0fc7d2fe,1,1,1,,0,0,0,0,,,,0.0,[]
2020-00086,L2023-00053-1,공사,우즈베키스탄 직업훈련원 및 타슈켄트 교사연수센터 건립 시공업체 선정 현지입찰,1,L2023-00053-1/Urgench VTC Bid Attachment Documents/Urgench VTC Bid Attachment Documents/Section 4.  Bill of Quantities(Not-Priced)/공내역서/VTC견적서/2 УПК(Practice and Education Building)/2-1 КЖ(Structure)/13013_vfor.xls,.xls,90112,eb125c00f27b73c161614158902fe9f7296eb1d8eee1c3f3da800522e1d82334,1,1,1,,0,0,0,0,,,,0.0,[]
2020-00086,L2023-00053-1,공사,우즈베키스탄 직업훈련원 및 타슈켄트 교사연수센터 건립 시공업체 선정 현지입찰,1,L2023-00053-1/Urgench VTC Bid Attachment Documents/Urgench VTC Bid Attachment Documents/Section 4.  Bill of Quantities(Not-Priced)/공내역서/VTC견적서/2 УПК(Practice and Education Building)/2-1 КЖ(Structure)/13013_vrmu.xls,.xls,78336,894f30fba7d6ceffd13ac600a3933b3b9c6ef0d085d61f97bad1695d4a782097,1,1,1,,1,151,1,0,Лист1,visible,8,0.006622516556291391,"[{""sheet"": ""Лист1"", ""sheet_state"": ""visible"", ""header_row"": 8, ""quantity_rows"": 151, ""rate_rows"": 1, ""amount_rows"": 1, ""priced_rows"": 1, ""priced_ratio"": 0.006622516556291391, ""description_columns"": ""B"", ""quantity_columns"": ""E"", ""rate_columns"": ""F"", ""amount_columns"": ""F""}]"
2020-00086,L2023-00053-1,공사,우즈베키스탄 직업훈련원 및 타슈켄트 교사연수센터 건립 시공업체 선정 현지입찰,1,L2023-00053-1/Urgench VTC Bid Attachment Documents/Urgench VTC Bid Attachment Documents/Section 4.  Bill of Quantities(Not-Priced)/공내역서/VTC견적서/2 УПК(Practice and Education Building)/2-3 ОВ(Heating & Ventilation)/bv13510.xls,.xls,450048,f64d8d027c4f2b4232513b0b8605c8f8092aa552cac0b7ed425ff53f6db6908f,1,1,1,,0,0,0,0,,,,0.0,[]
2020-00086,L2023-00053-1,공사,우즈베키스탄 직업훈련원 및 타슈켄트 교사연수센터 건립 시공업체 선정 현지입찰,1,L2023-00053-1/Urgench VTC Bid Attachment Documents/Urgench VTC Bid Attachment Documents/Section 4.  Bill of Quantities(Not-Priced)/공내역서/VTC견적서/2 УПК(Practice and Education Building)/2-3 ОВ(Heating & Ventilation)/13513_vfor.xls,.xls,99840,12c5ca43305042fecde990e14ec0489f64e6a5bfb76e9a69fab76bb26799d793,1,1,1,,0,0,0,0,,,,0.0,[]
2020-00086,L2023-00053-1,공사,우즈베키스탄 직업훈련원 및 타슈켄트 교사연수센터 건립 시공업체 선정 현지입찰,1,L2023-00053-1/Urgench VTC Bid Attachment Documents/Urgench VTC Bid Attachment Documents/Section 4.  Bill of Quantities(Not-Priced)/공내역서/VTC견적서/2 УПК(Practice and Education Building)/2-3 ОВ(Heating & Ventilation)/13513_vrmu.xls,.xls,100352,c598552db7e0e86089126d4ffff68c3be6e09016d43faddb5648dc76758c1996,1,1,1,,1,228,1,0,Лист1,visible,8,0.0043859649122807015,"[{""sheet"": ""Лист1"", ""sheet_state"": ""visible"", ""header_row"": 8, ""quantity_rows"": 228, ""rate_rows"": 1, ""amount_rows"": 1, ""priced_rows"": 1, ""priced_ratio"": 0.0043859649122807015, ""description_columns"": ""B"", ""quantity_columns"": ""E"", ""rate_columns"": ""F"", ""amount_columns"": ""F""}]"
2020-00086,L2023-00053-1,공사,우즈베키스탄 직업훈련원 및 타슈켄트 교사연수센터 건립 시공업체 선정 현지입찰,1,L2023-00053-1/Urgench VTC Bid Attachment Documents/Urgench VTC Bid Attachment Documents/Section 4.  Bill of Quantities(Not-Priced)/공내역서/VTC견적서/2 УПК(Practice and Education Building)/2-4 ВК(Water & Sewer & Fireplug)/13123_vrmu.xls,.xls,88576,355c8ae16063462d4e7d9dacb0087baa7fe1d5550fffd04313e146fe418e2cc7,1,1,1,,1,198,1,0,Лист1,visible,8,0.005050505050505051,"[{""sheet"": ""Лист1"", ""sheet_state"": ""visible"", ""header_row"": 8, ""quantity_rows"": 198, ""rate_rows"": 1, ""amount_rows"": 1, ""priced_rows"": 1, ""priced_ratio"": 0.005050505050505051, ""description_columns"": ""B"", ""quantity_columns"": ""E"", ""rate_columns"": ""F"", ""amount_columns"": ""F""}]"
2020-00086,L2023-00053-1,공사,우즈베키스탄 직업훈련원 및 타슈켄트 교사연수센터 건립 시공업체 선정 현지입찰,1,L2023-00053-1/Urgench VTC Bid Attachment Documents/Urgench VTC Bid Attachment Documents/Section 4.  Bill of Quantities(Not-Priced)/공내역서/VTC견적서/2 УПК(Practice and Education Building)/2-4 ВК(Water & Sewer & Fireplug)/13123_vfor.xls,.xls,59904,a7d4c30f7d188cff8e06d5929b7943ca6001dd6edf34d708f09e06ff60bad3a9,1,1,1,,0,0,0,0,,,,0.0,[]
2020-00086,L2023-00053-1,공사,우즈베키스탄 직업훈련원 및 타슈켄트 교사연수센터 건립 시공업체 선정 현지입찰,1,L2023-00053-1/Urgench VTC Bid Attachment Documents/Urgench VTC Bid Attachment Documents/Section 4.  Bill of Quantities(Not-Priced)/공내역서/VTC견적서/2 УПК(Practice and Education Building)/2-4 ВК(Water & Sewer & Fireplug)/bv13120.xls,.xls,172032,3e907a310c004ae321d7eebac0f5fce2c118ec91ebfb9514f3a8a5c68894b05c,1,1,1,,0,0,0,0,,,,0.0,[]
2020-00086,L2023-00053-1,공사,우즈베키스탄 직업훈련원 및 타슈켄트 교사연수센터 건립 시공업체 선정 현지입찰,1,"L2023-00053-1/Urgench VTC Bid Attachment Documents/Urgench VTC Bid Attachment Documents/Section 4.  Bill of Quantities(Not-Priced)/공내역서/VTC견적서/2 УПК(Practice and Education Building)/2-7 ВН, СКС(CCTV & Network)/13283_vrmu.xls",.xls,67072,b6846cb5505886d26e2d8e4507951919d190aa8d9ba9fa7ba7df632cb03e888d,1,1,1,,1,121,1,0,Лист1,visible,8,0.008264462809917356,"[{""sheet"": ""Лист1"", ""sheet_state"": ""visible"", ""header_row"": 8, ""quantity_rows"": 121, ""rate_rows"": 1, ""amount_rows"": 1, ""priced_rows"": 1, ""priced_ratio"": 0.008264462809917356, ""description_columns"": ""B"", ""quantity_columns"": ""E"", ""rate_columns"": ""F"", ""amount_columns"": ""F""}]"
2020-00086,L2023-00053-1,공사,우즈베키스탄 직업훈련원 및 타슈켄트 교사연수센터 건립 시공업체 선정 현지입찰,1,"L2023-00053-1/Urgench VTC Bid Attachment Documents/Urgench VTC Bid Attachment Documents/Section 4.  Bill of Quantities(Not-Priced)/공내역서/VTC견적서/2 УПК(Practice and Education Building)/2-7 ВН, СКС(CCTV & Network)/13283_vfor.xls",.xls,47104,db6c3cc502fbc8f749a5c19609ddf016fd8932c4cc11020c6bd9ee1e3229f05d,1,1,1,,0,0,0,0,,,,0.0,[]
2020-00086,L2023-00053-1,공사,우즈베키스탄 직업훈련원 및 타슈켄트 교사연수센터 건립 시공업체 선정 현지입찰,1,"L2023-00053-1/Urgench VTC Bid Attachment Documents/Urgench VTC Bid Attachment Documents/Section 4.  Bill of Quantities(Not-Priced)/공내역서/VTC견적서/2 УПК(Practice and Education Building)/2-7 ВН, СКС(CCTV & Network)/bv13280.xls",.xls,108032,6992044beb67c2e32411290725db35b2c64559310aff468a4b53db8d3f90312f,1,1,1,,0,0,0,0,,,,0.0,[]
2020-00086,L2023-00053-1,공사,우즈베키스탄 직업훈련원 및 타슈켄트 교사연수센터 건립 시공업체 선정 현지입찰,1,L2023-00053-1/Urgench VTC Bid Attachment Documents/Urgench VTC Bid Attachment Documents/Section 4.  Bill of Quantities(Not-Priced)/공내역서/VTC견적서/2 УПК(Practice and Education Building)/2-2 АР(Architecture)/bv13180.xls,.xls,216064,0a4453a2cbcb0fb035d5a2ee0e7a231433a198a6bc5351d8192be15d300f39db,1,1,1,,0,0,0,0,,,,0.0,[]
2020-00086,L2023-00053-1,공사,우즈베키스탄 직업훈련원 및 타슈켄트 교사연수센터 건립 시공업체 선정 현지입찰,1,L2023-00053-1/Urgench VTC Bid Attachment Documents/Urgench VTC Bid Attachment Documents/Section 4.  Bill of Quantities(Not-Priced)/공내역서/VTC견적서/2 УПК(Practice and Education Building)/2-2 АР(Architecture)/13183_vfor.xls,.xls,57344,ced6d9cc5f0dc47f2fbaa02466c757851c746ad533d0b2a7e89d6670c94b95f5,1,1,1,,0,0,0,0,,,,0.0,[]
2020-00086,L2023-00053-1,공사,우즈베키스탄 직업훈련원 및 타슈켄트 교사연수센터 건립 시공업체 선정 현지입찰,1,L2023-00053-1/Urgench VTC Bid Attachment Documents/Urgench VTC Bid Attachment Documents/Section 4.  Bill of Quantities(Not-Priced)/공내역서/VTC견적서/2 УПК(Practice and Education Building)/2-2 АР(Architecture)/13183_vrmu.xls,.xls,82432,d785547f100119bf8fe99b2cf9a925055b4fd0715cf243dd3de72fa18b6a5902,1,1,1,,1,189,1,0,Лист1,visible,8,0.005291005291005291,"[{""sheet"": ""Лист1"", ""sheet_state"": ""visible"", ""header_row"": 8, ""quantity_rows"": 189, ""rate_rows"": 1, ""amount_rows"": 1, ""priced_rows"": 1, ""priced_ratio"": 0.005291005291005291, ""description_columns"": ""B"", ""quantity_columns"": ""E"", ""rate_columns"": ""F"", ""amount_columns"": ""F""}]"
2020-00086,L2023-00053-1,공사,우즈베키스탄 직업훈련원 및 타슈켄트 교사연수센터 건립 시공업체 선정 현지입찰,1,L2023-00053-1/Urgench VTC Bid Attachment Documents/Urgench VTC Bid Attachment Documents/Section 4.  Bill of Quantities(Not-Priced)/공내역서/VTC견적서/1 АДМИН ЗДАНИЕ(Admin. Build)/1-1 КЖ(Structure)/bv13060.xls,.xls,726528,24109ba5131665957977d77e5eaf5651afc7be65b2c614927a1f2a469e3a4094,1,1,1,,0,0,0,0,,,,0.0,[]
2020-00086,L2023-00053-1,공사,우즈베키스탄 직업훈련원 및 타슈켄트 교사연수센터 건립 시공업체 선정 현지입찰,1,L2023-00053-1/Urgench VTC Bid Attachment Documents/Urgench VTC Bid Attachment Documents/Section 4.  Bill of Quantities(Not-Priced)/공내역서/VTC견적서/1 АДМИН ЗДАНИЕ(Admin. Build)/1-1 КЖ(Structure)/13063_vrmu.xls,.xls,79360,97ca88b1db2e39ab8d470cd74e64acd38eb9c5888d5f78c83da36d324fa0e727,1,1,1,,1,163,1,0,Лист1,visible,8,0.006134969325153374,"[{""sheet"": ""Лист1"", ""sheet_state"": ""visible"", ""header_row"": 8, ""quantity_rows"": 163, ""rate_rows"": 1, ""amount_rows"": 1, ""priced_rows"": 1, ""priced_ratio"": 0.006134969325153374, ""description_columns"": ""B"", ""quantity_columns"": ""E"", ""rate_columns"": ""F"", ""amount_columns"": ""F""}]"
2020-00086,L2023-00053-1,공사,우즈베키스탄 직업훈련원 및 타슈켄트 교사연수센터 건립 시공업체 선정 현지입찰,1,L2023-00053-1/Urgench VTC Bid Attachment Documents/Urgench VTC Bid Attachment Documents/Section 4.  Bill of Quantities(Not-Priced)/공내역서/VTC견적서/1 АДМИН ЗДАНИЕ(Admin. Build)/1-1 КЖ(Structure)/13063_vfor.xls,.xls,118272,722aad89cd38a9a05303abe12485831eca2450747711346f1c22d77bdb78f05b,1,1,1,,0,0,0,0,,,,0.0,[]
2020-00086,L2023-00053-1,공사,우즈베키스탄 직업훈련원 및 타슈켄트 교사연수센터 건립 시공업체 선정 현지입찰,1,L2023-00053-1/Urgench VTC Bid Attachment Documents/Urgench VTC Bid Attachment Documents/Section 4.  Bill of Quantities(Not-Priced)/공내역서/VTC견적서/1 АДМИН ЗДАНИЕ(Admin. Build)/1-5 ЭО(Electric)/13493_vrmu.xls,.xls,95744,ebe77e774131a081d32956fc8861c1d8f742a8828afd9bed0fd71db438f6f165,1,1,1,,0,0,0,0,,,,0.0,[]
2020-00086,L2023-00053-1,공사,우즈베키스탄 직업훈련원 및 타슈켄트 교사연수센터 건립 시공업체 선정 현지입찰,1,L2023-00053-1/Urgench VTC Bid Attachment Documents/Urgench VTC Bid Attachment Documents/Section 4.  Bill of Quantities(Not-Priced)/공내역서/VTC견적서/1 АДМИН ЗДАНИЕ(Admin. Build)/1-5 ЭО(Electric)/bv13490.xls,.xls,158720,bd5f8e35593e9c7efc6d645f53dd05706c78ef405c09926c16e8f6574c780cc0,1,1,1,,0,0,0,0,,,,0.0,[]
2020-00086,L2023-00053-1,공사,우즈베키스탄 직업훈련원 및 타슈켄트 교사연수센터 건립 시공업체 선정 현지입찰,1,"L2023-00053-1/Urgench VTC Bid Attachment Documents/Urgench VTC Bid Attachment Documents/Section 4.  Bill of Quantities(Not-Priced)/공내역서/VTC견적서/1 АДМИН ЗДАНИЕ(Admin. Build)/1-7 ВН, СКС(CCTV & Network)/bv13260.xls",.xls,107520,da9736d6f767a8ecd457f4daac55033b9573e34d0967a3842ac2dd832de749d3,1,1,1,,0,0,0,0,,,,0.0,[]
2020-00086,L2023-00053-1,공사,우즈베키스탄 직업훈련원 및 타슈켄트 교사연수센터 건립 시공업체 선정 현지입찰,1,"L2023-00053-1/Urgench VTC Bid Attachment Documents/Urgench VTC Bid Attachment Documents/Section 4.  Bill of Quantities(Not-Priced)/공내역서/VTC견적서/1 АДМИН ЗДАНИЕ(Admin. Build)/1-7 ВН, СКС(CCTV & Network)/13263_vfor.xls",.xls,47616,7a8b4feeaa0c2b59e5da2fb55f1768d770b5ad657133ec053d138eb8e9bce861,1,1,1,,0,0,0,0,,,,0.0,[]
2020-00086,L2023-00053-1,공사,우즈베키스탄 직업훈련원 및 타슈켄트 교사연수센터 건립 시공업체 선정 현지입찰,1,"L2023-00053-1/Urgench VTC Bid Attachment Documents/Urgench VTC Bid Attachment Documents/Section 4.  Bill of Quantities(Not-Priced)/공내역서/VTC견적서/1 АДМИН ЗДАНИЕ(Admin. Build)/1-7 ВН, СКС(CCTV & Network)/13263_vrmu.xls",.xls,68608,6c0471c582338da570a451cd77b90965fe575e9f9b5a76c47f242fa9f7baf869,1,1,1,,1,121,1,0,Лист1,visible,8,0.008264462809917356,"[{""sheet"": ""Лист1"", ""sheet_state"": ""visible"", ""header_row"": 8, ""quantity_rows"": 121, ""rate_rows"": 1, ""amount_rows"": 1, ""priced_rows"": 1, ""priced_ratio"": 0.008264462809917356, ""description_columns"": ""B"", ""quantity_columns"": ""E"", ""rate_columns"": ""F"", ""amount_columns"": ""F""}]"
2020-00086,L2023-00053-1,공사,우즈베키스탄 직업훈련원 및 타슈켄트 교사연수센터 건립 시공업체 선정 현지입찰,1,L2023-00053-1/Urgench VTC Bid Attachment Documents/Urgench VTC Bid Attachment Documents/Section 4.  Bill of Quantities(Not-Priced)/공내역서/VTC견적서/1 АДМИН ЗДАНИЕ(Admin. Build)/1-4 ВК(Water & Sewer & Fireplug)/13133_vfor.xls,.xls,52736,741ec748efad6c50d4f9031854c9af39efdae94a7f251502f482d1e634696395,1,1,1,,0,0,0,0,,,,0.0,[]
2020-00086,L2023-00053-1,공사,우즈베키스탄 직업훈련원 및 타슈켄트 교사연수센터 건립 시공업체 선정 현지입찰,1,L2023-00053-1/Urgench VTC Bid Attachment Documents/Urgench VTC Bid Attachment Documents/Section 4.  Bill of Quantities(Not-Priced)/공내역서/VTC견적서/1 АДМИН ЗДАНИЕ(Admin. Build)/1-4 ВК(Water & Sewer & Fireplug)/bv13130.xls,.xls,154624,1223ff48761e0fa74c64b76affe4f9a0bba0f90d9621723ff81afca192aa3ec9,1,1,1,,0,0,0,0,,,,0.0,[]
2020-00086,L2023-00053-1,공사,우즈베키스탄 직업훈련원 및 타슈켄트 교사연수센터 건립 시공업체 선정 현지입찰,1,L2023-00053-1/Urgench VTC Bid Attachment Documents/Urgench VTC Bid Attachment Documents/Section 4.  Bill of Quantities(Not-Priced)/공내역서/VTC견적서/1 АДМИН ЗДАНИЕ(Admin. Build)/1-4 ВК(Water & Sewer & Fireplug)/13133_vrmu.xls,.xls,79360,b0afbc4d11efcf493a5e6015f97ca5b4a7b9097194af5dc00c5ac2e9b8482153,1,1,1,,1,169,1,0,Лист1,visible,8,0.005917159763313609,"[{""sheet"": ""Лист1"", ""sheet_state"": ""visible"", ""header_row"": 8, ""quantity_rows"": 169, ""rate_rows"": 1, ""amount_rows"": 1, ""priced_rows"": 1, ""priced_ratio"": 0.005917159763313609, ""description_columns"": ""B"", ""quantity_columns"": ""E"", ""rate_columns"": ""F"", ""amount_columns"": ""F""}]"
2020-00086,L2023-00053-1,공사,우즈베키스탄 직업훈련원 및 타슈켄트 교사연수센터 건립 시공업체 선정 현지입찰,1,L2023-00053-1/Urgench VTC Bid Attachment Documents/Urgench VTC Bid Attachment Documents/Section 4.  Bill of Quantities(Not-Priced)/공내역서/VTC견적서/1 АДМИН ЗДАНИЕ(Admin. Build)/1-10 ЛИФТ(ELEV)/13753_vrmu.xls,.xls,43008,d8c8c9194e19cccc526a10c247d70181deba40b1b4cf1c4603bfe482647ccc57,1,1,1,,0,0,0,0,,,,0.0,[]
2020-00086,L2023-00053-1,공사,우즈베키스탄 직업훈련원 및 타슈켄트 교사연수센터 건립 시공업체 선정 현지입찰,1,L2023-00053-1/Urgench VTC Bid Attachment Documents/Urgench VTC Bid Attachment Documents/Section 4.  Bill of Quantities(Not-Priced)/공내역서/VTC견적서/1 АДМИН ЗДАНИЕ(Admin. Build)/1-10 ЛИФТ(ELEV)/13753_vfor.xls,.xls,30208,b3579f537710c58124f00338f7e0f9e99571d8b9b633597f327e8b17d0a47566,1,1,1,,0,0,0,0,,,,0.0,[]
2020-00086,L2023-00053-1,공사,우즈베키스탄 직업훈련원 및 타슈켄트 교사연수센터 건립 시공업체 선정 현지입찰,1,L2023-00053-1/Urgench VTC Bid Attachment Documents/Urgench VTC Bid Attachment Documents/Section 4.  Bill of Quantities(Not-Priced)/공내역서/VTC견적서/1 АДМИН ЗДАНИЕ(Admin. Build)/1-10 ЛИФТ(ELEV)/bv13750.xls,.xls,54784,eb9c87be647fc11b224374cdaaccddcc279ef6fd030d266e10a9e18b670be321,1,1,1,,0,0,0,0,,,,0.0,[]
2020-00086,L2023-00053-1,공사,우즈베키스탄 직업훈련원 및 타슈켄트 교사연수센터 건립 시공업체 선정 현지입찰,1,L2023-00053-1/Urgench VTC Bid Attachment Documents/Urgench VTC Bid Attachment Documents/Section 4.  Bill of Quantities(Not-Priced)/공내역서/VTC견적서/1 АДМИН ЗДАНИЕ(Admin. Build)/1-3 ОВ(Heating & Ventilation)/13483_vfor.xls,.xls,99328,ea2c98759901d209006d0bf437f6b47db3db59af4a523229e57e8127d6eaec66,1,1,1,,0,0,0,0,,,,0.0,[]
2020-00086,L2023-00053-1,공사,우즈베키스탄 직업훈련원 및 타슈켄트 교사연수센터 건립 시공업체 선정 현지입찰,1,L2023-00053-1/Urgench VTC Bid Attachment Documents/Urgench VTC Bid Attachment Documents/Section 4.  Bill of Quantities(Not-Priced)/공내역서/VTC견적서/1 АДМИН ЗДАНИЕ(Admin. Build)/1-3 ОВ(Heating & Ventilation)/bv13480.xls,.xls,427008,09bb65db10a11858d8ac285c8181d79f56e81b7cf85edc982df2b0f23f6c6b66,1,1,1,,0,0,0,0,,,,0.0,[]
2020-00086,L2023-00053-1,공사,우즈베키스탄 직업훈련원 및 타슈켄트 교사연수센터 건립 시공업체 선정 현지입찰,1,L2023-00053-1/Urgench VTC Bid Attachment Documents/Urgench VTC Bid Attachment Documents/Section 4.  Bill of Quantities(Not-Priced)/공내역서/VTC견적서/1 АДМИН ЗДАНИЕ(Admin. Build)/1-3 ОВ(Heating & Ventilation)/13483_vrmu.xls,.xls,103936,a04ed59f23ea1ae61745cad683d4cbaf5ae363e309db5658d259973ecd8f543d,1,1,1,,1,244,1,0,Лист1,visible,8,0.004098360655737705,"[{""sheet"": ""Лист1"", ""sheet_state"": ""visible"", ""header_row"": 8, ""quantity_rows"": 244, ""rate_rows"": 1, ""amount_rows"": 1, ""priced_rows"": 1, ""priced_ratio"": 0.004098360655737705, ""description_columns"": ""B"", ""quantity_columns"": ""E"", ""rate_columns"": ""F"", ""amount_columns"": ""F""}]"
2020-00086,L2023-00053-1,공사,우즈베키스탄 직업훈련원 및 타슈켄트 교사연수센터 건립 시공업체 선정 현지입찰,1,L2023-00053-1/Urgench VTC Bid Attachment Documents/Urgench VTC Bid Attachment Documents/Section 4.  Bill of Quantities(Not-Priced)/공내역서/VTC견적서/1 АДМИН ЗДАНИЕ(Admin. Build)/1-6 ПС(Fire Alarm)/13253_vrmu.xls,.xls,49152,638ac1d9b3e1c826c7350759798f5c9e7977ba6841161f9a0604aab9275f55ae,1,1,1,,0,0,0,0,,,,0.0,[]
2020-00086,L2023-00053-1,공사,우즈베키스탄 직업훈련원 및 타슈켄트 교사연수센터 건립 시공업체 선정 현지입찰,1,L2023-00053-1/Urgench VTC Bid Attachment Documents/Urgench VTC Bid Attachment Documents/Section 4.  Bill of Quantities(Not-Priced)/공내역서/VTC견적서/1 АДМИН ЗДАНИЕ(Admin. Build)/1-6 ПС(Fire Alarm)/13253_vfor.xls,.xls,36864,4bb2f66c458714b2e47664a339164cdd7ab4a42d68218d6abcca1ab11bf69708,1,1,1,,0,0,0,0,,,,0.0,[]
2020-00086,L2023-00053-1,공사,우즈베키스탄 직업훈련원 및 타슈켄트 교사연수센터 건립 시공업체 선정 현지입찰,1,L2023-00053-1/Urgench VTC Bid Attachment Documents/Urgench VTC Bid Attachment Documents/Section 4.  Bill of Quantities(Not-Priced)/공내역서/VTC견적서/1 АДМИН ЗДАНИЕ(Admin. Build)/1-6 ПС(Fire Alarm)/bv13250.xls,.xls,71680,6dde06584b8e720185be54b7abd01bc9cfe2672da2dbd294b9972d6ed3dfea7d,1,1,1,,0,0,0,0,,,,0.0,[]
2020-00086,L2023-00053-1,공사,우즈베키스탄 직업훈련원 및 타슈켄트 교사연수센터 건립 시공업체 선정 현지입찰,1,L2023-00053-1/Urgench VTC Bid Attachment Documents/Urgench VTC Bid Attachment Documents/Section 4.  Bill of Quantities(Not-Priced)/공내역서/VTC견적서/1 АДМИН ЗДАНИЕ(Admin. Build)/1-8 ТМ (Boiler & Solar heating)/bv13420.xls,.xls,164864,54879a728d46d53dde25618dd54da54ee91a6d2d51486ebe13b0999701943dd6,1,1,1,,0,0,0,0,,,,0.0,[]
2020-00086,L2023-00053-1,공사,우즈베키스탄 직업훈련원 및 타슈켄트 교사연수센터 건립 시공업체 선정 현지입찰,1,L2023-00053-1/Urgench VTC Bid Attachment Documents/Urgench VTC Bid Attachment Documents/Section 4.  Bill of Quantities(Not-Priced)/공내역서/VTC견적서/1 АДМИН ЗДАНИЕ(Admin. Build)/1-8 ТМ (Boiler & Solar heating)/13423_vrmu.xls,.xls,84480,a54c2fcb25747bfe4b9ef498e03a257b08f2e783b9e9f49c3876e0aff148bd9c,1,1,1,,1,170,1,0,Лист1,visible,8,0.0058823529411764705,"[{""sheet"": ""Лист1"", ""sheet_state"": ""visible"", ""header_row"": 8, ""quantity_rows"": 170, ""rate_rows"": 1, ""amount_rows"": 1, ""priced_rows"": 1, ""priced_ratio"": 0.0058823529411764705, ""description_columns"": ""B"", ""quantity_columns"": ""E"", ""rate_columns"": ""F"", ""amount_columns"": ""F""}]"
2020-00086,L2023-00053-1,공사,우즈베키스탄 직업훈련원 및 타슈켄트 교사연수센터 건립 시공업체 선정 현지입찰,1,L2023-00053-1/Urgench VTC Bid Attachment Documents/Urgench VTC Bid Attachment Documents/Section 4.  Bill of Quantities(Not-Priced)/공내역서/VTC견적서/1 АДМИН ЗДАНИЕ(Admin. Build)/1-8 ТМ (Boiler & Solar heating)/13423_vfor.xls,.xls,59392,4fe45df97a3ca51ea360b356de5895b9deb0d9cd61ae11d2664eed6687d6f3d6,1,1,1,,0,0,0,0,,,,0.0,[]
2020-00086,L2023-00053-1,공사,우즈베키스탄 직업훈련원 및 타슈켄트 교사연수센터 건립 시공업체 선정 현지입찰,1,L2023-00053-1/Urgench VTC Bid Attachment Documents/Urgench VTC Bid Attachment Documents/Section 4.  Bill of Quantities(Not-Priced)/공내역서/VTC견적서/1 АДМИН ЗДАНИЕ(Admin. Build)/1-2 АР(Architecture)/13373_vrmu.xls,.xls,78336,d8937a8073c4ef846f2a1d0ed67d95e4a5466aa94bfcffaee1af02f63a42d713,1,1,1,,1,173,1,0,Лист1,visible,8,0.005780346820809248,"[{""sheet"": ""Лист1"", ""sheet_state"": ""visible"", ""header_row"": 8, ""quantity_rows"": 173, ""rate_rows"": 1, ""amount_rows"": 1, ""priced_rows"": 1, ""priced_ratio"": 0.005780346820809248, ""description_columns"": ""B"", ""quantity_columns"": ""E"", ""rate_columns"": ""F"", ""amount_columns"": ""F""}]"
2020-00086,L2023-00053-1,공사,우즈베키스탄 직업훈련원 및 타슈켄트 교사연수센터 건립 시공업체 선정 현지입찰,1,L2023-00053-1/Urgench VTC Bid Attachment Documents/Urgench VTC Bid Attachment Documents/Section 4.  Bill of Quantities(Not-Priced)/공내역서/VTC견적서/1 АДМИН ЗДАНИЕ(Admin. Build)/1-2 АР(Architecture)/bv13370.xls,.xls,210944,8de2bc3d895d879ac1baa522646d817648368da6f2ca6310cdce9e83c7414649,1,1,1,,0,0,0,0,,,,0.0,[]
2020-00086,L2023-00053-1,공사,우즈베키스탄 직업훈련원 및 타슈켄트 교사연수센터 건립 시공업체 선정 현지입찰,1,L2023-00053-1/Urgench VTC Bid Attachment Documents/Urgench VTC Bid Attachment Documents/Section 4.  Bill of Quantities(Not-Priced)/공내역서/VTC견적서/1 АДМИН ЗДАНИЕ(Admin. Build)/1-2 АР(Architecture)/13373_vfor.xls,.xls,53248,1fd794da035727f9b400374fd614b001fa502fae9e609f298084c9c1ba246f47,1,1,1,,0,0,0,0,,,,0.0,[]
2020-00086,L2023-00053-1,공사,우즈베키스탄 직업훈련원 및 타슈켄트 교사연수센터 건립 시공업체 선정 현지입찰,1,L2023-00053-1/Urgench VTC Bid Attachment Documents/Urgench VTC Bid Attachment Documents/Section 4.  Bill of Quantities(Not-Priced)/공내역서/VTC견적서/1 АДМИН ЗДАНИЕ(Admin. Build)/1-9 ГСВ(Gas)/13463_vrmu.xls,.xls,57344,1501c33f8e5b96476ddea53841abdd3c2adb92e4d3e866d7096938be3f8c71a6,1,1,1,,1,72,1,0,Лист1,visible,8,0.013888888888888888,"[{""sheet"": ""Лист1"", ""sheet_state"": ""visible"", ""header_row"": 8, ""quantity_rows"": 72, ""rate_rows"": 1, ""amount_rows"": 1, ""priced_rows"": 1, ""priced_ratio"": 0.013888888888888888, ""description_columns"": ""B"", ""quantity_columns"": ""E"", ""rate_columns"": ""F"", ""amount_columns"": ""F""}]"
2020-00086,L2023-00053-1,공사,우즈베키스탄 직업훈련원 및 타슈켄트 교사연수센터 건립 시공업체 선정 현지입찰,1,L2023-00053-1/Urgench VTC Bid Attachment Documents/Urgench VTC Bid Attachment Documents/Section 4.  Bill of Quantities(Not-Priced)/공내역서/VTC견적서/1 АДМИН ЗДАНИЕ(Admin. Build)/1-9 ГСВ(Gas)/bv13460.xls,.xls,96256,588c1f649649826e30b0665d9a48f62f1bb7b8c32ecd2910dbcab3cb69e9168f,1,1,1,,0,0,0,0,,,,0.0,[]
2020-00086,L2023-00053-1,공사,우즈베키스탄 직업훈련원 및 타슈켄트 교사연수센터 건립 시공업체 선정 현지입찰,1,L2023-00053-1/Urgench VTC Bid Attachment Documents/Urgench VTC Bid Attachment Documents/Section 4.  Bill of Quantities(Not-Priced)/공내역서/VTC견적서/1 АДМИН ЗДАНИЕ(Admin. Build)/1-9 ГСВ(Gas)/13463_vfor.xls,.xls,37888,25912c3b07a4bfa20711c5089964aa1b96918b731753114e83bff382b00543b4,1,1,1,,0,0,0,0,,,,0.0,[]
2020-00086,L2023-00053-1,공사,우즈베키스탄 직업훈련원 및 타슈켄트 교사연수센터 건립 시공업체 선정 현지입찰,1,L2023-00053-1/Urgench VTC Bid Attachment Documents/Urgench VTC Bid Attachment Documents/Section 4.  Bill of Quantities(Not-Priced)/공내역서/VTC견적서/5 МИНИКУХНЯ(Mini Cafe)/5-3 ОВ(Heating & Ventilation)/13543_vrmu.xls,.xls,49664,2e0c5447782587d021f6d8f036576bc903e602712197c33721262ba5cc1fc354,1,1,1,,1,45,1,0,Лист1,visible,8,0.022222222222222223,"[{""sheet"": ""Лист1"", ""sheet_state"": ""visible"", ""header_row"": 8, ""quantity_rows"": 45, ""rate_rows"": 1, ""amount_rows"": 1, ""priced_rows"": 1, ""priced_ratio"": 0.022222222222222223, ""description_columns"": ""B"", ""quantity_columns"": ""E"", ""rate_columns"": ""F"", ""amount_columns"": ""F""}]"
2020-00086,L2023-00053-1,공사,우즈베키스탄 직업훈련원 및 타슈켄트 교사연수센터 건립 시공업체 선정 현지입찰,1,L2023-00053-1/Urgench VTC Bid Attachment Documents/Urgench VTC Bid Attachment Documents/Section 4.  Bill of Quantities(Not-Priced)/공내역서/VTC견적서/5 МИНИКУХНЯ(Mini Cafe)/5-3 ОВ(Heating & Ventilation)/13543_vfor.xls,.xls,32768,876a0957fc6163b0b1e4ad5810ee7d53956a2d9014cbba2d4ea4baf23224ec61,1,1,1,,0,0,0,0,,,,0.0,[]
2020-00086,L2023-00053-1,공사,우즈베키스탄 직업훈련원 및 타슈켄트 교사연수센터 건립 시공업체 선정 현지입찰,1,L2023-00053-1/Urgench VTC Bid Attachment Documents/Urgench VTC Bid Attachment Documents/Section 4.  Bill of Quantities(Not-Priced)/공내역서/VTC견적서/5 МИНИКУХНЯ(Mini Cafe)/5-3 ОВ(Heating & Ventilation)/bv13540.xls,.xls,65536,f02a015b345ee86a5346018105e60337b5af91dc340467ec926133d010d70b8f,1,1,1,,0,0,0,0,,,,0.0,[]
2020-00086,L2023-00053-1,공사,우즈베키스탄 직업훈련원 및 타슈켄트 교사연수센터 건립 시공업체 선정 현지입찰,1,L2023-00053-1/Urgench VTC Bid Attachment Documents/Urgench VTC Bid Attachment Documents/Section 4.  Bill of Quantities(Not-Priced)/공내역서/VTC견적서/5 МИНИКУХНЯ(Mini Cafe)/5-2 АР(Architecture)/bv13190.xls,.xls,114176,4ade510ed9f6b01414dd3b9e208d36868bcf0fe70bb6352beb850b258163fe9f,1,1,1,,0,0,0,0,,,,0.0,[]
2020-00086,L2023-00053-1,공사,우즈베키스탄 직업훈련원 및 타슈켄트 교사연수센터 건립 시공업체 선정 현지입찰,1,L2023-00053-1/Urgench VTC Bid Attachment Documents/Urgench VTC Bid Attachment Documents/Section 4.  Bill of Quantities(Not-Priced)/공내역서/VTC견적서/5 МИНИКУХНЯ(Mini Cafe)/5-2 АР(Architecture)/13193_vrmu.xls,.xls,59392,32390eeba886734409c4cffd1bac48a8b2621f64ee819bc516ce95d6ce0de568,1,1,1,,1,104,1,0,Лист1,visible,8,0.009615384615384616,"[{""sheet"": ""Лист1"", ""sheet_state"": ""visible"", ""header_row"": 8, ""quantity_rows"": 104, ""rate_rows"": 1, ""amount_rows"": 1, ""priced_rows"": 1, ""priced_ratio"": 0.009615384615384616, ""description_columns"": ""B"", ""quantity_columns"": ""E"", ""rate_columns"": ""F"", ""amount_columns"": ""F""}]"
2020-00086,L2023-00053-1,공사,우즈베키스탄 직업훈련원 및 타슈켄트 교사연수센터 건립 시공업체 선정 현지입찰,1,L2023-00053-1/Urgench VTC Bid Attachment Documents/Urgench VTC Bid Attachment Documents/Section 4.  Bill of Quantities(Not-Priced)/공내역서/VTC견적서/5 МИНИКУХНЯ(Mini Cafe)/5-2 АР(Architecture)/13193_vfor.xls,.xls,40960,f62d6e52a875e6096a3b3750725b2d51bc1fd31530c2873884d5a5d062914d99,1,1,1,,0,0,0,0,,,,0.0,[]
2020-00086,L2023-00053-1,공사,우즈베키스탄 직업훈련원 및 타슈켄트 교사연수센터 건립 시공업체 선정 현지입찰,1,L2023-00053-1/Urgench VTC Bid Attachment Documents/Urgench VTC Bid Attachment Documents/Section 4.  Bill of Quantities(Not-Priced)/공내역서/VTC견적서/5 МИНИКУХНЯ(Mini Cafe)/5-5 ЭО(Electric)/13523_vrmu.xls,.xls,51712,7e16265662d64e011839c6562a409b724755257307d17d53527af9a45b14d4e6,1,1,1,,1,51,1,0,Лист1,visible,8,0.0196078431372549,"[{""sheet"": ""Лист1"", ""sheet_state"": ""visible"", ""header_row"": 8, ""quantity_rows"": 51, ""rate_rows"": 1, ""amount_rows"": 1, ""priced_rows"": 1, ""priced_ratio"": 0.0196078431372549, ""description_columns"": ""B"", ""quantity_columns"": ""E"", ""rate_columns"": ""F"", ""amount_columns"": ""F""}]"
2020-00086,L2023-00053-1,공사,우즈베키스탄 직업훈련원 및 타슈켄트 교사연수센터 건립 시공업체 선정 현지입찰,1,L2023-00053-1/Urgench VTC Bid Attachment Documents/Urgench VTC Bid Attachment Documents/Section 4.  Bill of Quantities(Not-Priced)/공내역서/VTC견적서/5 МИНИКУХНЯ(Mini Cafe)/5-5 ЭО(Electric)/13523_vfor.xls,.xls,38912,0b8abf0891da011114759f88243e0f71e1a95036c98ea30dad347b4f69ee2b1b,1,1,1,,0,0,0,0,,,,0.0,[]
2020-00086,L2023-00053-1,공사,우즈베키스탄 직업훈련원 및 타슈켄트 교사연수센터 건립 시공업체 선정 현지입찰,1,L2023-00053-1/Urgench VTC Bid Attachment Documents/Urgench VTC Bid Attachment Documents/Section 4.  Bill of Quantities(Not-Priced)/공내역서/VTC견적서/5 МИНИКУХНЯ(Mini Cafe)/5-5 ЭО(Electric)/bv13520.xls,.xls,72704,1ada1c8c043ded8552eb8c5daa2fa56c90309d301f171e5fe5761772acfa2c72,1,1,1,,0,0,0,0,,,,0.0,[]
2020-00086,L2023-00053-1,공사,우즈베키스탄 직업훈련원 및 타슈켄트 교사연수센터 건립 시공업체 선정 현지입찰,1,L2023-00053-1/Urgench VTC Bid Attachment Documents/Urgench VTC Bid Attachment Documents/Section 4.  Bill of Quantities(Not-Priced)/공내역서/VTC견적서/5 МИНИКУХНЯ(Mini Cafe)/5-6 ПС(Fire Alarm)/13333_vrmu.xls,.xls,45568,c129f77230778e4e75807137b0a081fda18b76c89bfafb91bf998c73b18b42b4,1,1,1,,1,46,1,0,Лист1,visible,8,0.021739130434782608,"[{""sheet"": ""Лист1"", ""sheet_state"": ""visible"", ""header_row"": 8, ""quantity_rows"": 46, ""rate_rows"": 1, ""amount_rows"": 1, ""priced_rows"": 1, ""priced_ratio"": 0.021739130434782608, ""description_columns"": ""B"", ""quantity_columns"": ""E"", ""rate_columns"": ""F"", ""amount_columns"": ""F""}]"
2020-00086,L2023-00053-1,공사,우즈베키스탄 직업훈련원 및 타슈켄트 교사연수센터 건립 시공업체 선정 현지입찰,1,L2023-00053-1/Urgench VTC Bid Attachment Documents/Urgench VTC Bid Attachment Documents/Section 4.  Bill of Quantities(Not-Priced)/공내역서/VTC견적서/5 МИНИКУХНЯ(Mini Cafe)/5-6 ПС(Fire Alarm)/13333_vfor.xls,.xls,35328,10bb19b81831d3a84b82c28f1547ca3fe887463b9f75dee45ccc757eb0779c6c,1,1,1,,0,0,0,0,,,,0.0,[]
2020-00086,L2023-00053-1,공사,우즈베키스탄 직업훈련원 및 타슈켄트 교사연수센터 건립 시공업체 선정 현지입찰,1,L2023-00053-1/Urgench VTC Bid Attachment Documents/Urgench VTC Bid Attachment Documents/Section 4.  Bill of Quantities(Not-Priced)/공내역서/VTC견적서/5 МИНИКУХНЯ(Mini Cafe)/5-6 ПС(Fire Alarm)/bv13330.xls,.xls,62976,5285368cbc7c4336c65b8d5e64b9139cb7feafa61bb9ae14627cdc4c2d5c9f76,1,1,1,,0,0,0,0,,,,0.0,[]
2020-00086,L2023-00053-1,공사,우즈베키스탄 직업훈련원 및 타슈켄트 교사연수센터 건립 시공업체 선정 현지입찰,1,L2023-00053-1/Urgench VTC Bid Attachment Documents/Urgench VTC Bid Attachment Documents/Section 4.  Bill of Quantities(Not-Priced)/공내역서/VTC견적서/5 МИНИКУХНЯ(Mini Cafe)/5-1 КЖ(Structure)/13043_vrmu.xls,.xls,64000,380165b5ba6f48a8bc825a12a666a0aeb51807f94d8b2c20559637674f7d94b0,1,1,1,,1,131,1,0,Лист1,visible,8,0.007633587786259542,"[{""sheet"": ""Лист1"", ""sheet_state"": ""visible"", ""header_row"": 8, ""quantity_rows"": 131, ""rate_rows"": 1, ""amount_rows"": 1, ""priced_rows"": 1, ""priced_ratio"": 0.007633587786259542, ""description_columns"": ""B"", ""quantity_columns"": ""E"", ""rate_columns"": ""F"", ""amount_columns"": ""F""}]"
2020-00086,L2023-00053-1,공사,우즈베키스탄 직업훈련원 및 타슈켄트 교사연수센터 건립 시공업체 선정 현지입찰,1,L2023-00053-1/Urgench VTC Bid Attachment Documents/Urgench VTC Bid Attachment Documents/Section 4.  Bill of Quantities(Not-Priced)/공내역서/VTC견적서/5 МИНИКУХНЯ(Mini Cafe)/5-1 КЖ(Structure)/13043_vfor.xls,.xls,48128,97f17253a08cf0cc8c9680898c42398ae08fe78103f09e01bf2a6835019a9ec3,1,1,1,,0,0,0,0,,,,0.0,[]
2020-00086,L2023-00053-1,공사,우즈베키스탄 직업훈련원 및 타슈켄트 교사연수센터 건립 시공업체 선정 현지입찰,1,L2023-00053-1/Urgench VTC Bid Attachment Documents/Urgench VTC Bid Attachment Documents/Section 4.  Bill of Quantities(Not-Priced)/공내역서/VTC견적서/5 МИНИКУХНЯ(Mini Cafe)/5-1 КЖ(Structure)/bv13040.xls,.xls,174592,863838e7bc7c9434fc3bd88bdcfea6aba7ac50f88f9f5db01b0e254da7998ff8,1,1,1,,0,0,0,0,,,,0.0,[]
2020-00086,L2023-00053-1,공사,우즈베키스탄 직업훈련원 및 타슈켄트 교사연수센터 건립 시공업체 선정 현지입찰,1,"L2023-00053-1/Urgench VTC Bid Attachment Documents/Urgench VTC Bid Attachment Documents/Section 4.  Bill of Quantities(Not-Priced)/공내역서/VTC견적서/5 МИНИКУХНЯ(Mini Cafe)/5-7 ВН, СКС(CCTV & Network)/bv13340.xls",.xls,87552,f7ebc1e11ee41682c73ffe4df54efdaf6f8776e3d1421e342e5d6efdf51b8f91,1,1,1,,0,0,0,0,,,,0.0,[]
2020-00086,L2023-00053-1,공사,우즈베키스탄 직업훈련원 및 타슈켄트 교사연수센터 건립 시공업체 선정 현지입찰,1,"L2023-00053-1/Urgench VTC Bid Attachment Documents/Urgench VTC Bid Attachment Documents/Section 4.  Bill of Quantities(Not-Priced)/공내역서/VTC견적서/5 МИНИКУХНЯ(Mini Cafe)/5-7 ВН, СКС(CCTV & Network)/13343_vfor.xls",.xls,42496,7ae45ebf6513a57ba6f4fb37a194629105af57885c6435d8e0b3fac1d07b54d7,1,1,1,,0,0,0,0,,,,0.0,[]
2020-00086,L2023-00053-1,공사,우즈베키스탄 직업훈련원 및 타슈켄트 교사연수센터 건립 시공업체 선정 현지입찰,1,"L2023-00053-1/Urgench VTC Bid Attachment Documents/Urgench VTC Bid Attachment Documents/Section 4.  Bill of Quantities(Not-Priced)/공내역서/VTC견적서/5 МИНИКУХНЯ(Mini Cafe)/5-7 ВН, СКС(CCTV & Network)/13343_vrmu.xls",.xls,57344,0c131dc024a728f09c19dc05519a4f69fc17da1dc83c0ff221c9fcbc28ca3e83,1,1,1,,1,87,1,0,Лист1,visible,8,0.011494252873563218,"[{""sheet"": ""Лист1"", ""sheet_state"": ""visible"", ""header_row"": 8, ""quantity_rows"": 87, ""rate_rows"": 1, ""amount_rows"": 1, ""priced_rows"": 1, ""priced_ratio"": 0.011494252873563218, ""description_columns"": ""B"", ""quantity_columns"": ""E"", ""rate_columns"": ""F"", ""amount_columns"": ""F""}]"
2020-00086,L2023-00053-1,공사,우즈베키스탄 직업훈련원 및 타슈켄트 교사연수센터 건립 시공업체 선정 현지입찰,1,L2023-00053-1/Urgench VTC Bid Attachment Documents/Urgench VTC Bid Attachment Documents/Section 4.  Bill of Quantities(Not-Priced)/공내역서/VTC견적서/5 МИНИКУХНЯ(Mini Cafe)/5-4 ВК(Water & Sewer & Fireplug)/bv13150.xls,.xls,81920,ff40bc5d0ea432e7b1d7366c5d4fcb487b2c3880f96e4f78375825eafcfb95b6,1,1,1,,0,0,0,0,,,,0.0,[]
2020-00086,L2023-00053-1,공사,우즈베키스탄 직업훈련원 및 타슈켄트 교사연수센터 건립 시공업체 선정 현지입찰,1,L2023-00053-1/Urgench VTC Bid Attachment Documents/Urgench VTC Bid Attachment Documents/Section 4.  Bill of Quantities(Not-Priced)/공내역서/VTC견적서/5 МИНИКУХНЯ(Mini Cafe)/5-4 ВК(Water & Sewer & Fireplug)/13153_vfor.xls,.xls,38912,8c432bdc15c5f2e9b21d8cf64d2092af76e32ac769bcf6930a80498eda501c52,1,1,1,,0,0,0,0,,,,0.0,[]
2020-00086,L2023-00053-1,공사,우즈베키스탄 직업훈련원 및 타슈켄트 교사연수센터 건립 시공업체 선정 현지입찰,1,L2023-00053-1/Urgench VTC Bid Attachment Documents/Urgench VTC Bid Attachment Documents/Section 4.  Bill of Quantities(Not-Priced)/공내역서/VTC견적서/5 МИНИКУХНЯ(Mini Cafe)/5-4 ВК(Water & Sewer & Fireplug)/13153_vrmu.xls,.xls,55296,b73ea620ff03c68e64d826146d0e3fdf85d76c45d5f7b952398e75088501d5a8,1,1,1,,1,89,1,0,Лист1,visible,8,0.011235955056179775,"[{""sheet"": ""Лист1"", ""sheet_state"": ""visible"", ""header_row"": 8, ""quantity_rows"": 89, ""rate_rows"": 1, ""amount_rows"": 1, ""priced_rows"": 1, ""priced_ratio"": 0.011235955056179775, ""description_columns"": ""B"", ""quantity_columns"": ""E"", ""rate_columns"": ""F"", ""amount_columns"": ""F""}]"
2020-00086,L2023-00053-1,공사,우즈베키스탄 직업훈련원 및 타슈켄트 교사연수센터 건립 시공업체 선정 현지입찰,1,L2023-00053-1/Urgench VTC Bid Attachment Documents/Urgench VTC Bid Attachment Documents/Section 4.  Bill of Quantities(Not-Priced)/공내역서/VTC견적서/9 ТП(Transformers)/9-2 ЭО(Electric)/bv13620.xls,.xls,72192,d12264dd66d83231e992bd650b7557870412089a06a2a0d4425c2f7ce9505b54,1,1,1,,0,0,0,0,,,,0.0,[]
2020-00086,L2023-00053-1,공사,우즈베키스탄 직업훈련원 및 타슈켄트 교사연수센터 건립 시공업체 선정 현지입찰,1,L2023-00053-1/Urgench VTC Bid Attachment Documents/Urgench VTC Bid Attachment Documents/Section 4.  Bill of Quantities(Not-Priced)/공내역서/VTC견적서/9 ТП(Transformers)/9-2 ЭО(Electric)/13623_vfor.xls,.xls,43520,45d383d1448e59a8f49860e92e6e7aa212038c27e4d7bce97a086cc21f88ccfe,1,1,1,,0,0,0,0,,,,0.0,[]
2020-00086,L2023-00053-1,공사,우즈베키스탄 직업훈련원 및 타슈켄트 교사연수센터 건립 시공업체 선정 현지입찰,1,L2023-00053-1/Urgench VTC Bid Attachment Documents/Urgench VTC Bid Attachment Documents/Section 4.  Bill of Quantities(Not-Priced)/공내역서/VTC견적서/9 ТП(Transformers)/9-2 ЭО(Electric)/13623_vrmu.xls,.xls,44544,9c376ffd83f74a7a0482782b87e52d87f3fd57e8ae172745d22dd2b5f75c87d3,1,1,1,,1,25,1,0,Лист1,visible,8,0.04,"[{""sheet"": ""Лист1"", ""sheet_state"": ""visible"", ""header_row"": 8, ""quantity_rows"": 25, ""rate_rows"": 1, ""amount_rows"": 1, ""priced_rows"": 1, ""priced_ratio"": 0.04, ""description_columns"": ""B"", ""quantity_columns"": ""E"", ""rate_columns"": ""F"", ""amount_columns"": ""F""}]"
2020-00086,L2023-00053-1,공사,우즈베키스탄 직업훈련원 및 타슈켄트 교사연수센터 건립 시공업체 선정 현지입찰,1,L2023-00053-1/Urgench VTC Bid Attachment Documents/Urgench VTC Bid Attachment Documents/Section 4.  Bill of Quantities(Not-Priced)/공내역서/VTC견적서/9 ТП(Transformers)/9-1 AC(Architecture+Structure)/13613_vrmu.xls,.xls,52224,dac492bc0da9304780f8cd01f3d5f4471428e5935002eef499f872bcaa423196,1,1,1,,1,60,1,0,Лист1,visible,8,0.016666666666666666,"[{""sheet"": ""Лист1"", ""sheet_state"": ""visible"", ""header_row"": 8, ""quantity_rows"": 60, ""rate_rows"": 1, ""amount_rows"": 1, ""priced_rows"": 1, ""priced_ratio"": 0.016666666666666666, ""description_columns"": ""B"", ""quantity_columns"": ""E"", ""rate_columns"": ""F"", ""amount_columns"": ""F""}]"
2020-00086,L2023-00053-1,공사,우즈베키스탄 직업훈련원 및 타슈켄트 교사연수센터 건립 시공업체 선정 현지입찰,1,L2023-00053-1/Urgench VTC Bid Attachment Documents/Urgench VTC Bid Attachment Documents/Section 4.  Bill of Quantities(Not-Priced)/공내역서/VTC견적서/9 ТП(Transformers)/9-1 AC(Architecture+Structure)/bv13610.xls,.xls,87552,9c3b233e7eee9e95f4d7e3a8fd06879e5232932fea0154ee2d2ca48539bf46ec,1,1,1,,0,0,0,0,,,,0.0,[]
2020-00086,L2023-00053-1,공사,우즈베키스탄 직업훈련원 및 타슈켄트 교사연수센터 건립 시공업체 선정 현지입찰,1,L2023-00053-1/Urgench VTC Bid Attachment Documents/Urgench VTC Bid Attachment Documents/Section 4.  Bill of Quantities(Not-Priced)/공내역서/VTC견적서/9 ТП(Transformers)/9-1 AC(Architecture+Structure)/13613_vfor.xls,.xls,43520,d44f0b5ecfc1065f05341153878714679026a9bf6545cc1f41a3b99d2fc64e82,1,1,1,,0,0,0,0,,,,0.0,[]
2020-00086,L2023-00053-1,공사,우즈베키스탄 직업훈련원 및 타슈켄트 교사연수센터 건립 시공업체 선정 현지입찰,1,L2023-00053-1/Urgench VTC Bid Attachment Documents/Urgench VTC Bid Attachment Documents/Section 4.  Bill of Quantities(Not-Priced)/공내역서/TTC견적서/TTC(Teacher Traing Center)/СВОДКА(TTC Total sum. o).xlsx,.xlsx,32243,18f7fed124e549f8d045a52b65bfb032bfd797fb45093bfe24108488bd7f0010,1,1,1,,0,0,0,0,,,,0.0,[]
2020-00086,L2023-00053-1,공사,우즈베키스탄 직업훈련원 및 타슈켄트 교사연수센터 건립 시공업체 선정 현지입찰,1,L2023-00053-1/Urgench VTC Bid Attachment Documents/Urgench VTC Bid Attachment Documents/Section 4.  Bill of Quantities(Not-Priced)/공내역서/TTC견적서/TTC(Teacher Traing Center)/12 OB( Heating & Ventilation)/ra900.xlsx,.xlsx,25457,c0e7dba7fed37589ec6340137fd80e3748fc4e6f60d5a31a1732a90a20c89215,1,1,1,,1,145,0,0,ra_abc4,visible,8,0.0,"[{""sheet"": ""ra_abc4"", ""sheet_state"": ""visible"", ""header_row"": 8, ""quantity_rows"": 145, ""rate_rows"": 0, ""amount_rows"": 0, ""priced_rows"": 0, ""priced_ratio"": 0.0, ""description_columns"": ""B"", ""quantity_columns"": ""E"", ""rate_columns"": """", ""amount_columns"": """"}]"
2020-00086,L2023-00053-1,공사,우즈베키스탄 직업훈련원 및 타슈켄트 교사연수센터 건립 시공업체 선정 현지입찰,1,L2023-00053-1/Urgench VTC Bid Attachment Documents/Urgench VTC Bid Attachment Documents/Section 4.  Bill of Quantities(Not-Priced)/공내역서/TTC견적서/TTC(Teacher Traing Center)/12 OB( Heating & Ventilation)/bv900.xlsx,.xlsx,57114,6ecb37ae086780f16e98b30e7632769c400d862e9e881341019571e4635cfe62,1,1,1,,1,583,0,0,_ЛРВ,visible,9,0.0,"[{""sheet"": ""_ЛРВ"", ""sheet_state"": ""visible"", ""header_row"": 9, ""quantity_rows"": 583, ""rate_rows"": 0, ""amount_rows"": 0, ""priced_rows"": 0, ""priced_ratio"": 0.0, ""description_columns"": ""B;C;D"", ""quantity_columns"": ""F"", ""rate_columns"": """", ""amount_columns"": """"}]"
2020-00086,L2023-00053-1,공사,우즈베키스탄 직업훈련원 및 타슈켄트 교사연수센터 건립 시공업체 선정 현지입찰,1,L2023-00053-1/Urgench VTC Bid Attachment Documents/Urgench VTC Bid Attachment Documents/Section 4.  Bill of Quantities(Not-Priced)/공내역서/TTC견적서/TTC(Teacher Traing Center)/10 СКС(Network)/ra880.xlsx,.xlsx,18030,199cd0082bbab1b40761e3488c1f1d8640ea614526e9e2299473c945cad04b3c,1,1,1,,1,46,0,0,ra_abc4,visible,8,0.0,"[{""sheet"": ""ra_abc4"", ""sheet_state"": ""visible"", ""header_row"": 8, ""quantity_rows"": 46, ""rate_rows"": 0, ""amount_rows"": 0, ""priced_rows"": 0, ""priced_ratio"": 0.0, ""description_columns"": ""B"", ""quantity_columns"": ""E"", ""rate_columns"": """", ""amount_columns"": """"}]"
2020-00086,L2023-00053-1,공사,우즈베키스탄 직업훈련원 및 타슈켄트 교사연수센터 건립 시공업체 선정 현지입찰,1,L2023-00053-1/Urgench VTC Bid Attachment Documents/Urgench VTC Bid Attachment Documents/Section 4.  Bill of Quantities(Not-Priced)/공내역서/TTC견적서/TTC(Teacher Traing Center)/10 СКС(Network)/bv880.xlsx,.xlsx,18727,7dbc22ca005e0e4c226c79d089e7a86d1cf9d86c5ce303f40f114936328702ea,1,1,1,,1,72,0,0,_ЛРВ,visible,9,0.0,"[{""sheet"": ""_ЛРВ"", ""sheet_state"": ""visible"", ""header_row"": 9, ""quantity_rows"": 72, ""rate_rows"": 0, ""amount_rows"": 0, ""priced_rows"": 0, ""priced_ratio"": 0.0, ""description_columns"": ""B;C;D"", ""quantity_columns"": ""F"", ""rate_columns"": """", ""amount_columns"": """"}]"
2020-00086,L2023-00053-1,공사,우즈베키스탄 직업훈련원 및 타슈켄트 교사연수센터 건립 시공업체 선정 현지입찰,1,L2023-00053-1/Urgench VTC Bid Attachment Documents/Urgench VTC Bid Attachment Documents/Section 4.  Bill of Quantities(Not-Priced)/공내역서/TTC견적서/TTC(Teacher Traing Center)/9 ЭО(Electric)/bv870.xlsx,.xlsx,24024,590053cdfd59adba7a4b5f88ecdf76f97cfb3c4d11e98da39322368216c48da9,1,1,1,,1,135,0,0,_ЛРВ,visible,9,0.0,"[{""sheet"": ""_ЛРВ"", ""sheet_state"": ""visible"", ""header_row"": 9, ""quantity_rows"": 135, ""rate_rows"": 0, ""amount_rows"": 0, ""priced_rows"": 0, ""priced_ratio"": 0.0, ""description_columns"": ""B;C;D"", ""quantity_columns"": ""F"", ""rate_columns"": """", ""amount_columns"": """"}]"
2020-00086,L2023-00053-1,공사,우즈베키스탄 직업훈련원 및 타슈켄트 교사연수센터 건립 시공업체 선정 현지입찰,1,L2023-00053-1/Urgench VTC Bid Attachment Documents/Urgench VTC Bid Attachment Documents/Section 4.  Bill of Quantities(Not-Priced)/공내역서/TTC견적서/TTC(Teacher Traing Center)/9 ЭО(Electric)/ra870.xlsx,.xlsx,17554,86bcd13f1e122deed0898b8d011d1d581353131e0abde33c435654236fba8f3e,1,1,1,,1,44,0,0,ra_abc4,visible,8,0.0,"[{""sheet"": ""ra_abc4"", ""sheet_state"": ""visible"", ""header_row"": 8, ""quantity_rows"": 44, ""rate_rows"": 0, ""amount_rows"": 0, ""priced_rows"": 0, ""priced_ratio"": 0.0, ""description_columns"": ""B"", ""quantity_columns"": ""E"", ""rate_columns"": """", ""amount_columns"": """"}]"
2020-00086,L2023-00053-1,공사,우즈베키스탄 직업훈련원 및 타슈켄트 교사연수센터 건립 시공업체 선정 현지입찰,1,L2023-00053-1/Urgench VTC Bid Attachment Documents/Urgench VTC Bid Attachment Documents/Section 4.  Bill of Quantities(Not-Priced)/공내역서/TTC견적서/TTC(Teacher Traing Center)/2 АР(Architecture)/ra3030.xlsx,.xlsx,27171,1ab32257b417f35173d37ca063d6c865481a2c4e20984dbfcccad7ba6691eea3,1,1,1,,1,142,0,0,ra_abc4,visible,10,0.0,"[{""sheet"": ""ra_abc4"", ""sheet_state"": ""visible"", ""header_row"": 10, ""quantity_rows"": 142, ""rate_rows"": 0, ""amount_rows"": 0, ""priced_rows"": 0, ""priced_ratio"": 0.0, ""description_columns"": ""B"", ""quantity_columns"": ""E"", ""rate_columns"": """", ""amount_columns"": """"}]"
2020-00086,L2023-00053-1,공사,우즈베키스탄 직업훈련원 및 타슈켄트 교사연수센터 건립 시공업체 선정 현지입찰,1,L2023-00053-1/Urgench VTC Bid Attachment Documents/Urgench VTC Bid Attachment Documents/Section 4.  Bill of Quantities(Not-Priced)/공내역서/TTC견적서/TTC(Teacher Traing Center)/2 АР(Architecture)/bv3030.xlsx,.xlsx,84434,fe7024582a9e7a27577e95f0b5c83b062807ddf1c456cf8c97eea3f47349b1f3,1,1,1,,1,720,0,0,_ЛРВ,visible,10,0.0,"[{""sheet"": ""_ЛРВ"", ""sheet_state"": ""visible"", ""header_row"": 10, ""quantity_rows"": 720, ""rate_rows"": 0, ""amount_rows"": 0, ""priced_rows"": 0, ""priced_ratio"": 0.0, ""description_columns"": ""C;D"", ""quantity_columns"": ""F"", ""rate_columns"": """", ""amount_columns"": """"}]"
2020-00086,L2023-00053-1,공사,우즈베키스탄 직업훈련원 및 타슈켄트 교사연수센터 건립 시공업체 선정 현지입찰,1,L2023-00053-1/Urgench VTC Bid Attachment Documents/Urgench VTC Bid Attachment Documents/Section 4.  Bill of Quantities(Not-Priced)/공내역서/TTC견적서/TTC(Teacher Traing Center)/7 CO(Suond)/ra3050.xlsx,.xlsx,16144,3cf45bc9f2d27c43f48e134d2bfd9e01b5da1619124aac33d045fbd062047f42,1,1,1,,1,26,0,0,ra_abc4,visible,11,0.0,"[{""sheet"": ""ra_abc4"", ""sheet_state"": ""visible"", ""header_row"": 11, ""quantity_rows"": 26, ""rate_rows"": 0, ""amount_rows"": 0, ""priced_rows"": 0, ""priced_ratio"": 0.0, ""description_columns"": ""B"", ""quantity_columns"": ""E"", ""rate_columns"": """", ""amount_columns"": """"}]"
2020-00086,L2023-00053-1,공사,우즈베키스탄 직업훈련원 및 타슈켄트 교사연수센터 건립 시공업체 선정 현지입찰,1,L2023-00053-1/Urgench VTC Bid Attachment Documents/Urgench VTC Bid Attachment Documents/Section 4.  Bill of Quantities(Not-Priced)/공내역서/TTC견적서/TTC(Teacher Traing Center)/7 CO(Suond)/bv3050.xlsx,.xlsx,19167,d8736b6fb22ca90bb5af5c298fc86e1ee24f5e86a706ccd04c842123ad6d6659,1,1,1,,1,47,0,0,_ЛРВ,visible,10,0.0,"[{""sheet"": ""_ЛРВ"", ""sheet_state"": ""visible"", ""header_row"": 10, ""quantity_rows"": 47, ""rate_rows"": 0, ""amount_rows"": 0, ""priced_rows"": 0, ""priced_ratio"": 0.0, ""description_columns"": ""C;D"", ""quantity_columns"": ""F"", ""rate_columns"": """", ""amount_columns"": """"}]"
2020-00086,L2023-00053-1,공사,우즈베키스탄 직업훈련원 및 타슈켄트 교사연수센터 건립 시공업체 선정 현지입찰,1,L2023-00053-1/Urgench VTC Bid Attachment Documents/Urgench VTC Bid Attachment Documents/Section 4.  Bill of Quantities(Not-Priced)/공내역서/TTC견적서/TTC(Teacher Traing Center)/6 BH(CCTV)/bv3040.xlsx,.xlsx,17421,c087a01a7f5ee8bc03972781ebf3fd9e8b22b9403edf8c1afc5f58ba62cd9347,1,1,1,,1,41,0,0,_ЛРВ,visible,10,0.0,"[{""sheet"": ""_ЛРВ"", ""sheet_state"": ""visible"", ""header_row"": 10, ""quantity_rows"": 41, ""rate_rows"": 0, ""amount_rows"": 0, ""priced_rows"": 0, ""priced_ratio"": 0.0, ""description_columns"": ""C;D"", ""quantity_columns"": ""F"", ""rate_columns"": """", ""amount_columns"": """"}]"
2020-00086,L2023-00053-1,공사,우즈베키스탄 직업훈련원 및 타슈켄트 교사연수센터 건립 시공업체 선정 현지입찰,1,L2023-00053-1/Urgench VTC Bid Attachment Documents/Urgench VTC Bid Attachment Documents/Section 4.  Bill of Quantities(Not-Priced)/공내역서/TTC견적서/TTC(Teacher Traing Center)/6 BH(CCTV)/ra3040.xlsx,.xlsx,15692,f5e37918a701d900c3b2bbe9e1043f237d948b3b8b8e292ed0b3f2ded32bfeef,1,1,1,,1,21,0,0,ra_abc4,visible,11,0.0,"[{""sheet"": ""ra_abc4"", ""sheet_state"": ""visible"", ""header_row"": 11, ""quantity_rows"": 21, ""rate_rows"": 0, ""amount_rows"": 0, ""priced_rows"": 0, ""priced_ratio"": 0.0, ""description_columns"": ""B"", ""quantity_columns"": ""E"", ""rate_columns"": """", ""amount_columns"": """"}]"
2020-00086,L2023-00053-1,공사,우즈베키스탄 직업훈련원 및 타슈켄트 교사연수센터 건립 시공업체 선정 현지입찰,1,L2023-00053-1/Urgench VTC Bid Attachment Documents/Urgench VTC Bid Attachment Documents/Section 4.  Bill of Quantities(Not-Priced)/공내역서/TTC견적서/TTC(Teacher Traing Center)/3 ГП(Site Plan & Landscape+Outdoor Infra)/bv3060.xlsx,.xlsx,27660,d38cd3ff2234cd84ccd1adff4d2959195030ae5e3712b8ec0eff324533322e0f,1,1,1,,1,119,0,0,_ЛРВ,visible,10,0.0,"[{""sheet"": ""_ЛРВ"", ""sheet_state"": ""visible"", ""header_row"": 10, ""quantity_rows"": 119, ""rate_rows"": 0, ""amount_rows"": 0, ""priced_rows"": 0, ""priced_ratio"": 0.0, ""description_columns"": ""C;D"", ""quantity_columns"": ""F"", ""rate_columns"": """", ""amount_columns"": """"}]"
2020-00086,L2023-00053-1,공사,우즈베키스탄 직업훈련원 및 타슈켄트 교사연수센터 건립 시공업체 선정 현지입찰,1,L2023-00053-1/Urgench VTC Bid Attachment Documents/Urgench VTC Bid Attachment Documents/Section 4.  Bill of Quantities(Not-Priced)/공내역서/TTC견적서/TTC(Teacher Traing Center)/3 ГП(Site Plan & Landscape+Outdoor Infra)/ra3060.xlsx,.xlsx,18388,7d07a0c0b1035748d075950f03fed1b0792f6c426640217f52f3e44a82850c98,1,1,1,,1,47,0,0,ra_abc4,visible,11,0.0,"[{""sheet"": ""ra_abc4"", ""sheet_state"": ""visible"", ""header_row"": 11, ""quantity_rows"": 47, ""rate_rows"": 0, ""amount_rows"": 0, ""priced_rows"": 0, ""priced_ratio"": 0.0, ""description_columns"": ""B"", ""quantity_columns"": ""E"", ""rate_columns"": """", ""amount_columns"": """"}]"
2020-00086,L2023-00053-1,공사,우즈베키스탄 직업훈련원 및 타슈켄트 교사연수센터 건립 시공업체 선정 현지입찰,1,L2023-00053-1/Urgench VTC Bid Attachment Documents/Urgench VTC Bid Attachment Documents/Section 4.  Bill of Quantities(Not-Priced)/공내역서/TTC견적서/TTC(Teacher Traing Center)/11 ПС(Fire Alarm)/ra890.xlsx,.xlsx,16065,d8b2c9b85f45400cc7d8c27f259fa0c5b3e76d1b545bb75354989dbb43135b4d,1,1,1,,1,26,0,0,ra_abc4,visible,8,0.0,"[{""sheet"": ""ra_abc4"", ""sheet_state"": ""visible"", ""header_row"": 8, ""quantity_rows"": 26, ""rate_rows"": 0, ""amount_rows"": 0, ""priced_rows"": 0, ""priced_ratio"": 0.0, ""description_columns"": ""B"", ""quantity_columns"": ""E"", ""rate_columns"": """", ""amount_columns"": """"}]"
2020-00086,L2023-00053-1,공사,우즈베키스탄 직업훈련원 및 타슈켄트 교사연수센터 건립 시공업체 선정 현지입찰,1,L2023-00053-1/Urgench VTC Bid Attachment Documents/Urgench VTC Bid Attachment Documents/Section 4.  Bill of Quantities(Not-Priced)/공내역서/TTC견적서/TTC(Teacher Traing Center)/11 ПС(Fire Alarm)/bv890.xlsx,.xlsx,16239,8129ceac07201b1e597cc0f6a8cb95da3e9b128c6c78d846cc24a60a01eda92a,1,1,1,,1,50,0,0,_ЛРВ,visible,9,0.0,"[{""sheet"": ""_ЛРВ"", ""sheet_state"": ""visible"", ""header_row"": 9, ""quantity_rows"": 50, ""rate_rows"": 0, ""amount_rows"": 0, ""priced_rows"": 0, ""priced_ratio"": 0.0, ""description_columns"": ""B;C;D"", ""quantity_columns"": ""F"", ""rate_columns"": """", ""amount_columns"": """"}]"
2020-00086,L2023-00053-1,공사,우즈베키스탄 직업훈련원 및 타슈켄트 교사연수센터 건립 시공업체 선정 현지입찰,1,L2023-00053-1/Urgench VTC Bid Attachment Documents/Urgench VTC Bid Attachment Documents/Section 4.  Bill of Quantities(Not-Priced)/공내역서/TTC견적서/TTC(Teacher Traing Center)/8 TX(Technology)/ra1980.xlsx,.xlsx,20617,622bb79188a8c68bb6c3ee2ce4251459a88c3c64cd720cfe0775331285385fe3,1,1,1,,1,73,0,0,ra_abc4,visible,10,0.0,"[{""sheet"": ""ra_abc4"", ""sheet_state"": ""visible"", ""header_row"": 10, ""quantity_rows"": 73, ""rate_rows"": 0, ""amount_rows"": 0, ""priced_rows"": 0, ""priced_ratio"": 0.0, ""description_columns"": ""B"", ""quantity_columns"": ""E"", ""rate_columns"": """", ""amount_columns"": """"}]"
2020-00086,L2023-00053-1,공사,우즈베키스탄 직업훈련원 및 타슈켄트 교사연수센터 건립 시공업체 선정 현지입찰,1,L2023-00053-1/Urgench VTC Bid Attachment Documents/Urgench VTC Bid Attachment Documents/Section 4.  Bill of Quantities(Not-Priced)/공내역서/TTC견적서/TTC(Teacher Traing Center)/8 TX(Technology)/bv1980.xlsx,.xlsx,26757,658f831982ac98d8cfbab1681ad4e3120d4258ebd2fe84176ecd04c364fd7c9f,1,1,1,,1,122,0,0,_ЛРВ,visible,10,0.0,"[{""sheet"": ""_ЛРВ"", ""sheet_state"": ""visible"", ""header_row"": 10, ""quantity_rows"": 122, ""rate_rows"": 0, ""amount_rows"": 0, ""priced_rows"": 0, ""priced_ratio"": 0.0, ""description_columns"": ""C;D"", ""quantity_columns"": ""F"", ""rate_columns"": """", ""amount_columns"": """"}]"
2020-00086,L2023-00053-1,공사,우즈베키스탄 직업훈련원 및 타슈켄트 교사연수센터 건립 시공업체 선정 현지입찰,1,L2023-00053-1/Urgench VTC Bid Attachment Documents/Urgench VTC Bid Attachment Documents/Section 4.  Bill of Quantities(Not-Priced)/공내역서/TTC견적서/TTC(Teacher Traing Center)/1 КЖ(Structure)/bv1960bvvv.xlsx,.xlsx,182869,e5c99030dcc522bfbec53f93e2065da4eb585f95ef5433d19a6f5060946eda14,1,1,1,,1,1896,0,0,_ЛРВ,visible,9,0.0,"[{""sheet"": ""_ЛРВ"", ""sheet_state"": ""visible"", ""header_row"": 9, ""quantity_rows"": 1896, ""rate_rows"": 0, ""amount_rows"": 0, ""priced_rows"": 0, ""priced_ratio"": 0.0, ""description_columns"": ""B;C;D"", ""quantity_columns"": ""F"", ""rate_columns"": """", ""amount_columns"": """"}]"
2020-00086,L2023-00053-1,공사,우즈베키스탄 직업훈련원 및 타슈켄트 교사연수센터 건립 시공업체 선정 현지입찰,1,L2023-00053-1/Urgench VTC Bid Attachment Documents/Urgench VTC Bid Attachment Documents/Section 4.  Bill of Quantities(Not-Priced)/공내역서/TTC견적서/TTC(Teacher Traing Center)/1 КЖ(Structure)/ra1960.xlsx,.xlsx,22697,1df141d69100814db5f9704fbd37ab0da50fd60867b7be892d994f292bba0530,1,1,1,,1,93,0,0,ra_abc4,visible,10,0.0,"[{""sheet"": ""ra_abc4"", ""sheet_state"": ""visible"", ""header_row"": 10, ""quantity_rows"": 93, ""rate_rows"": 0, ""amount_rows"": 0, ""priced_rows"": 0, ""priced_ratio"": 0.0, ""description_columns"": ""B"", ""quantity_columns"": ""E"", ""rate_columns"": """", ""amount_columns"": """"}]"
2020-00086,L2023-00053-1,공사,우즈베키스탄 직업훈련원 및 타슈켄트 교사연수센터 건립 시공업체 선정 현지입찰,1,L2023-00053-1/Urgench VTC Bid Attachment Documents/Urgench VTC Bid Attachment Documents/Section 4.  Bill of Quantities(Not-Priced)/공내역서/TTC견적서/TTC(Teacher Traing Center)/4 Fence & Gate/ra1970.xlsx,.xlsx,17488,2ce08b34a8bc5b4c30202b96999f24f8b8143955bb33db40aa4a9b418396dc3e,1,1,1,,1,47,0,0,ra_abc4,visible,10,0.0,"[{""sheet"": ""ra_abc4"", ""sheet_state"": ""visible"", ""header_row"": 10, ""quantity_rows"": 47, ""rate_rows"": 0, ""amount_rows"": 0, ""priced_rows"": 0, ""priced_ratio"": 0.0, ""description_columns"": ""B"", ""quantity_columns"": ""E"", ""rate_columns"": """", ""amount_columns"": """"}]"
2020-00086,L2023-00053-1,공사,우즈베키스탄 직업훈련원 및 타슈켄트 교사연수센터 건립 시공업체 선정 현지입찰,1,L2023-00053-1/Urgench VTC Bid Attachment Documents/Urgench VTC Bid Attachment Documents/Section 4.  Bill of Quantities(Not-Priced)/공내역서/TTC견적서/TTC(Teacher Traing Center)/4 Fence & Gate/bv1970.xlsx,.xlsx,31247,72f147bedce1773ad4eb4cb1322cdb8560daad6b74664382be38ab6b252391e8,1,1,1,,1,160,0,0,_ЛРВ,visible,10,0.0,"[{""sheet"": ""_ЛРВ"", ""sheet_state"": ""visible"", ""header_row"": 10, ""quantity_rows"": 160, ""rate_rows"": 0, ""amount_rows"": 0, ""priced_rows"": 0, ""priced_ratio"": 0.0, ""description_columns"": ""C;D"", ""quantity_columns"": ""F"", ""rate_columns"": """", ""amount_columns"": """"}]"
2020-00086,L2023-00053-1,공사,우즈베키스탄 직업훈련원 및 타슈켄트 교사연수센터 건립 시공업체 선정 현지입찰,1,L2023-00053-1/Urgench VTC Bid Attachment Documents/Urgench VTC Bid Attachment Documents/Section 4.  Bill of Quantities(Not-Priced)/공내역서/TTC견적서/TTC(Teacher Traing Center)/5 BK(Water & Drain)/ra3070.xlsx,.xlsx,25278,fd300044379245c1d80d88ba74fe1633f3b5207511979bfda5b2a1dcd3740796,1,1,1,,1,129,0,0,ra_abc4,visible,11,0.0,"[{""sheet"": ""ra_abc4"", ""sheet_state"": ""visible"", ""header_row"": 11, ""quantity_rows"": 129, ""rate_rows"": 0, ""amount_rows"": 0, ""priced_rows"": 0, ""priced_ratio"": 0.0, ""description_columns"": ""B"", ""quantity_columns"": ""E"", ""rate_columns"": """", ""amount_columns"": """"}]"
2020-00086,L2023-00053-1,공사,우즈베키스탄 직업훈련원 및 타슈켄트 교사연수센터 건립 시공업체 선정 현지입찰,1,L2023-00053-1/Urgench VTC Bid Attachment Documents/Urgench VTC Bid Attachment Documents/Section 4.  Bill of Quantities(Not-Priced)/공내역서/TTC견적서/TTC(Teacher Traing Center)/5 BK(Water & Drain)/bv3070.xlsx,.xlsx,49531,6acc573f07036eef8ca050dcd24be3037151b90e25f2d5c5ee04ffd429ce3bd4,1,1,1,,1,351,0,0,_ЛРВ,visible,10,0.0,"[{""sheet"": ""_ЛРВ"", ""sheet_state"": ""visible"", ""header_row"": 10, ""quantity_rows"": 351, ""rate_rows"": 0, ""amount_rows"": 0, ""priced_rows"": 0, ""priced_ratio"": 0.0, ""description_columns"": ""C;D"", ""quantity_columns"": ""F"", ""rate_columns"": """", ""amount_columns"": """"}]"
2020-00086,L2023-00053-1,공사,우즈베키스탄 직업훈련원 및 타슈켄트 교사연수센터 건립 시공업체 선정 현지입찰,1,L2023-00053-1/Urgench VTC Bid Attachment Documents/Urgench VTC Bid Attachment Documents/Section 4.  Bill of Quantities(Not-Priced)/공내역서/TTC견적서/TTC(Teacher Traing Center)/13 ТП(Transformers)/13-2 ЭО(Electric)/bv13620.xls,.xls,41984,7e8bd22f2ccb96108964380fcbdbcd8324c2a0724a07718109c2bb550faa2db3,1,1,1,,1,20,1,0,Лист1,visible,10,0.05,"[{""sheet"": ""Лист1"", ""sheet_state"": ""visible"", ""header_row"": 10, ""quantity_rows"": 20, ""rate_rows"": 1, ""amount_rows"": 1, ""priced_rows"": 1, ""priced_ratio"": 0.05, ""description_columns"": ""B"", ""quantity_columns"": ""E"", ""rate_columns"": ""F"", ""amount_columns"": ""F""}]"
2020-00086,L2023-00053-1,공사,우즈베키스탄 직업훈련원 및 타슈켄트 교사연수센터 건립 시공업체 선정 현지입찰,1,L2023-00053-1/Urgench VTC Bid Attachment Documents/Urgench VTC Bid Attachment Documents/Section 4.  Bill of Quantities(Not-Priced)/공내역서/TTC견적서/TTC(Teacher Traing Center)/13 ТП(Transformers)/13-2 ЭО(Electric)/ra13620.xls,.xls,65024,5a96dab71fd5d42b3c00fe59751a4460f6fc39aa8bf201852715f2b9b272d1d5,1,1,1,,0,0,0,0,,,,0.0,[]
2020-00086,L2023-00053-1,공사,우즈베키스탄 직업훈련원 및 타슈켄트 교사연수센터 건립 시공업체 선정 현지입찰,1,L2023-00053-1/Urgench VTC Bid Attachment Documents/Urgench VTC Bid Attachment Documents/Section 4.  Bill of Quantities(Not-Priced)/공내역서/TTC견적서/TTC(Teacher Traing Center)/13 ТП(Transformers)/13-1 AC(Architecture+Structure)/ra13610.xls,.xls,80896,2d4926fc91e958ec0627a1ae92e834125bb395be03f2a1749895e985115bbf2f,1,1,1,,0,0,0,0,,,,0.0,[]
2020-00086,L2023-00053-1,공사,우즈베키스탄 직업훈련원 및 타슈켄트 교사연수센터 건립 시공업체 선정 현지입찰,1,L2023-00053-1/Urgench VTC Bid Attachment Documents/Urgench VTC Bid Attachment Documents/Section 4.  Bill of Quantities(Not-Priced)/공내역서/TTC견적서/TTC(Teacher Traing Center)/13 ТП(Transformers)/13-1 AC(Architecture+Structure)/bv13610.xls,.xls,48640,6e059fc8e195c66ee541a50f09da94021c8a9f0d41e662173e8be5b9bd43b5a9,1,1,1,,1,53,1,0,Лист1,visible,10,0.018867924528301886,"[{""sheet"": ""Лист1"", ""sheet_state"": ""visible"", ""header_row"": 10, ""quantity_rows"": 53, ""rate_rows"": 1, ""amount_rows"": 1, ""priced_rows"": 1, ""priced_ratio"": 0.018867924528301886, ""description_columns"": ""B"", ""quantity_columns"": ""E"", ""rate_columns"": ""F"", ""amount_columns"": ""F""}]"
2023-00096,L2025-00049-1,용역,우크라이나 키이우주 재활의료 역량강화사업 재활센터 리모델링을 위한 설계 및 저작권 감리용역 현지 입찰,0,L2025-00049-1/붙임2. Bid_Announcement_Ukraine_Notification Purpose_250626 ★.docx,.docx,37281,ed15947d3294a15149789668a525e3f91b27c26c3508a937512b8205808162f2,0,0,0,,0,0,0,0,,,,0.0,[]
2023-00096,L2025-00049-2,용역,우크라이나 키이우주 재활의료 역량강화사업 재활센터 리모델링을 위한 설계 및 저작권 감리용역 현지 입찰,0,L2025-00049-2/Bid_Announcement_extension_Ukraine_Notification_Purpose_250804.docx,.docx,40469,5daa1a79c9cb363b338314cb44a6156afb42940bf7a580783109df7e19e648d9,0,0,0,,0,0,0,0,,,,0.0,[]
2023-00087,L2025-00017-1,공사,이라크 아르빌 자이툰 도서관 개보수(리모델링) 공사 시공업체 선정 입찰,1,L2025-00017-1/[붙임2] 입찰협약서(addendum) 서명본.pdf,.pdf,4970833,04a195889af05115dd77f05905631052698c060f42f33002ab52248d218a3828,0,0,0,,0,0,0,0,,,,0.0,[]
2023-00087,L2025-00017-1,공사,이라크 아르빌 자이툰 도서관 개보수(리모델링) 공사 시공업체 선정 입찰,1,L2025-00017-1/(이라크 아르빌) 자이툰 도서관 리모델링 공사 입찰계획(안) 수립.hwp,.hwp,158720,c6bb75b71d5b89790494539dabdde36e7bd6b702c09ff07ffafc5e50445e2070,0,0,0,,0,0,0,0,,,,0.0,[]
2023-00087,L2025-00017-1,공사,이라크 아르빌 자이툰 도서관 개보수(리모델링) 공사 시공업체 선정 입찰,1,L2025-00017-1/[붙임1] 자이툰 도서관 리모델링 공사 입찰계획(안).hwp,.hwp,247296,65ededab97b4832bbb309a163e2fdc771a23e35a9341847165244a87fe76c584,0,0,0,,0,0,0,0,,,,0.0,[]
2023-00087,L2025-00017-1,공사,이라크 아르빌 자이툰 도서관 개보수(리모델링) 공사 시공업체 선정 입찰,1,L2025-00017-1/[붙임5] 부속서류 일체.zip,.zip,9142177,fa1bd2b08522df8d56d00cfc097f83170f6996c1363b47aa5ce2a78f5517c6b9,0,0,0,,0,0,0,0,,,,0.0,[]
2023-00087,L2025-00017-1,공사,이라크 아르빌 자이툰 도서관 개보수(리모델링) 공사 시공업체 선정 입찰,1,"L2025-00017-1/[붙임3] 수원기관 공문(보완자료 제출, 3.16.).pdf",.pdf,810024,7fd27a810d38977c90aeb0bf0cf5a1804ed304d2c5abe7170e549bc24952b496,0,0,0,,0,0,0,0,,,,0.0,[]
2023-00087,L2025-00017-1,공사,이라크 아르빌 자이툰 도서관 개보수(리모델링) 공사 시공업체 선정 입찰,1,L2025-00017-1/[붙임4] 토펙중동중앙아제2025-002호 (이크라 자이툰 도서관 리노베이션 수원국 조달시스.pdf,.pdf,130340,98c956c269eb3e784505c47baf3371a5267aad3ef09b5756ac6bfe7b106ab154,0,0,0,,0,0,0,0,,,,0.0,[]
2023-00087,L2025-00017-1,공사,이라크 아르빌 자이툰 도서관 개보수(리모델링) 공사 시공업체 선정 입찰,1,L2025-00017-1/[붙임5] 부속서류 일체/├╖║╬ 6. ░·╛≈┴÷╜├╝¡.pdf,.pdf,5211470,1b4b0f5de7f024cb54476c7bfe499b60f0a26b4c1e4881a95d2371f64057f0dd,0,0,0,,0,0,0,0,,,,0.0,[]
2023-00087,L2025-00017-1,공사,이라크 아르빌 자이툰 도서관 개보수(리모델링) 공사 시공업체 선정 입찰,1,L2025-00017-1/[붙임5] 부속서류 일체/├╖║╬ 5-2. ╝╝║╬ ╜├░°└╧┴ñ╟Ñ(1┬≈│Γ╡╡).pdf,.pdf,1843099,c089e03707ee59817a928d390abad181efe682897c963674fb7ca3e284df3d13,0,0,0,,0,0,0,0,,,,0.0,[]
2023-00087,L2025-00017-1,공사,이라크 아르빌 자이툰 도서관 개보수(리모델링) 공사 시공업체 선정 입찰,1,L2025-00017-1/[붙임5] 부속서류 일체/├╖║╬ 5-3. ╝╝║╬ ╜├░°└╧┴ñ╟Ñ(2┬≈│Γ╡╡).pdf,.pdf,772990,d494308d1c89b48d3b6d4afa74f4c3fd1da648312a17ef965e45d034c0c2ed94,0,0,0,,0,0,0,0,,,,0.0,[]
2023-00087,L2025-00017-1,공사,이라크 아르빌 자이툰 도서관 개보수(리모델링) 공사 시공업체 선정 입찰,1,L2025-00017-1/[붙임5] 부속서류 일체/├╖║╬ 5-1. └ⁿ├╝ └╧┴ñ╟Ñ(├╤░²).pdf,.pdf,1183561,77b2d4ae25746688b536a12b1ad2496e5fdbf72b951c89eaef698e6884c8f048,0,0,0,,0,0,0,0,,,,0.0,[]
2023-00087,L2025-00017-1,공사,이라크 아르빌 자이툰 도서관 개보수(리모델링) 공사 시공업체 선정 입찰,1,L2025-00017-1/[붙임5] 부속서류 일체/├╖║╬ 4. └╘┬√ ╞≥░í╟Ñ.pdf,.pdf,426833,03c4aac0298b53a72619dbd014c61325189f842e328386f3eccf9fa3bef01ea9,0,0,0,,0,0,0,0,,,,0.0,[]
2023-00087,L2025-00017-1,공사,이라크 아르빌 자이툰 도서관 개보수(리모델링) 공사 시공업체 선정 입찰,1,L2025-00017-1/[붙임5] 부속서류 일체/├╖║╬ 1. ╝÷┐°▒╣(MOCY) ╣▀┴╓ ╣╫ ░╟├α┴╢┴≈ ├╝░Φ╡╡.pdf,.pdf,94097,9226d52de481eaccfae57c7b5d35e60318837c0128de7aa32ca829664743a649,0,0,0,,0,0,0,0,,,,0.0,[]
2023-00087,L2025-00017-1,공사,이라크 아르빌 자이툰 도서관 개보수(리모델링) 공사 시공업체 선정 입찰,1,"L2025-00017-1/[붙임5] 부속서류 일체/├╖║╬ 3. ┐╣╗Ω│╗┐¬╝¡(BOQ, 100╕╕║╥ ┴²╟α╟╤╡╡╛╫).pdf",.pdf,252089,8cddbf40901e74e670cdf97cb5829304b064530cb28ecb239b42b9c56dc48605,0,1,0,,0,0,0,0,,,,0.0,[]
2023-00087,L2025-00017-1,공사,이라크 아르빌 자이툰 도서관 개보수(리모델링) 공사 시공업체 선정 입찰,1,L2025-00017-1/[붙임5] 부속서류 일체/├╖║╬ 2. ╝÷┐°▒╣(MOCY) └╘┬√└²┬≈.pdf,.pdf,262329,62d7c4c5b722f8658a5b8583fa4a8e3e640f647586d7341f1dde5ef7ffc4d0e1,0,0,0,,0,0,0,0,,,,0.0,[]
2023-00087,L2025-00017-2,공사,이라크 아르빌 자이툰 도서관 개보수(리모델링) 공사 시공업체 선정,1,L2025-00017-2/붙임2. 수정 일정표.pdf,.pdf,686919,b5e34e5a570853117b0b40908c572fe90520c2c25385dd6d251cc9b8a13af3ee,0,0,0,,0,0,0,0,,,,0.0,[]
2023-00087,L2025-00017-2,공사,이라크 아르빌 자이툰 도서관 개보수(리모델링) 공사 시공업체 선정,1,L2025-00017-2/붙임1. 수원국공문(현안보고).pdf,.pdf,325206,d120a59737ad4898120743679b6a7a138f721da08d3d381c99cfa1255fc83d73,0,0,0,,0,0,0,0,,,,0.0,[]
2023-00087,L2025-00017-2,공사,이라크 아르빌 자이툰 도서관 개보수(리모델링) 공사 시공업체 선정,1,L2025-00017-2/2. Time Schedule for Renovating Zaytun Library.xlsx,.xlsx,35136,43f6ae563e42f0fb9950bad63b62b9a891ed6365c1c90315fb1cf473ae461e08,0,0,0,,0,0,0,0,,,,0.0,[]
2023-00087,L2025-00017-2,공사,이라크 아르빌 자이툰 도서관 개보수(리모델링) 공사 시공업체 선정,1,L2025-00017-2/3. Questions to be requested by the bidders.docx,.docx,12475,d625229d30ac5924371397474746fc819e79455cde1d6eb8568bda7bc3a85950,0,0,0,,0,0,0,0,,,,0.0,[]
2023-00087,L2025-00017-2,공사,이라크 아르빌 자이툰 도서관 개보수(리모델링) 공사 시공업체 선정,1,L2025-00017-2/[붙임4] 부속서류 일체.pdf,.pdf,7586473,c0d3754e32e57f9e29605403064671ca2a8a8766960405ad01a0aaf2fb52ad95,0,0,0,,0,0,0,0,,,,0.0,[]
2023-00087,L2025-00017-2,공사,이라크 아르빌 자이툰 도서관 개보수(리모델링) 공사 시공업체 선정,1,L2025-00017-2/1. BOQ for Zaytun Library_non-priced for 2 stages.xlsx,.xlsx,20974,7a20c85a0c452f9d38e70c7cd5af02cb40ecd225f50f31491a688055fd66e67e,0,1,0,,1,48,0,0,Sheet1,visible,2,0.0,"[{""sheet"": ""Sheet1"", ""sheet_state"": ""visible"", ""header_row"": 2, ""quantity_rows"": 48, ""rate_rows"": 0, ""amount_rows"": 0, ""priced_rows"": 0, ""priced_ratio"": 0.0, ""description_columns"": """", ""quantity_columns"": ""D"", ""rate_columns"": ""B"", ""amount_columns"": """"}]"
2023-00087,L2025-00045-1,용역,“이라크 쿠르드 지역학교 내 난민통합교육 강화사업” 선도학교 및 교사연수센터 신축을 위한 설계 및 시공감리 업체 선정,0,L2025-00045-1/붙임6. 지형도(DWG 및 PDF).zip,.zip,13357918,86afaf3971ee14c4e03303a4016fe6e84f5d34576fe07dc6fcc0dd9f73555de7,0,0,0,,0,0,0,0,,,,0.0,[]
2023-00087,L2025-00045-1,용역,“이라크 쿠르드 지역학교 내 난민통합교육 강화사업” 선도학교 및 교사연수센터 신축을 위한 설계 및 시공감리 업체 선정,0,L2025-00045-1/붙임1. 이라크 난민선도학교 설계및시공감리업체선정 현지입찰추진계획안(.hwp,.hwp,89600,4a77947b9ba946008c18c6e80d7e2cea4c73374beb901e495a8bc11277121a36,0,0,0,,0,0,0,0,,,,0.0,[]
2023-00087,L2025-00045-1,용역,“이라크 쿠르드 지역학교 내 난민통합교육 강화사업” 선도학교 및 교사연수센터 신축을 위한 설계 및 시공감리 업체 선정,0,L2025-00045-1/붙임4. 조달실 및 지역실 검토의견서.zip,.zip,237966,ad9ed33b43c7ceeb0b64cb2b8f921a5e5b5ed0c3e0eaf6e1849c146d38d63fa2,0,0,0,,0,0,0,0,,,,0.0,[]
2023-00087,L2025-00045-1,용역,“이라크 쿠르드 지역학교 내 난민통합교육 강화사업” 선도학교 및 교사연수센터 신축을 위한 설계 및 시공감리 업체 선정,0,L2025-00045-1/붙임2. CM공문(본부검토의견 반영)_TOPEC-해외사업본부-2506-023.pdf,.pdf,92053,7b2f4d16cd6d7147adc30e3a0401cb1d7954423786f1b6a87a013ae86597455f,0,0,0,,0,0,0,0,,,,0.0,[]
2023-00087,L2025-00045-1,용역,“이라크 쿠르드 지역학교 내 난민통합교육 강화사업” 선도학교 및 교사연수센터 신축을 위한 설계 및 시공감리 업체 선정,0,L2025-00045-1/붙임3. 입찰서류(영문) 일체.zip,.zip,3157118,fb96dbda96f3cdce7c2b4b3ea7ef0ca6a540102f2ac666f688f28baab1cc10c6,0,0,0,,0,0,0,0,,,,0.0,[]
2023-00087,L2025-00045-1,용역,“이라크 쿠르드 지역학교 내 난민통합교육 강화사업” 선도학교 및 교사연수센터 신축을 위한 설계 및 시공감리 업체 선정,0,L2025-00045-1/붙임5. RD 최종서명본(24.8.).pdf,.pdf,8801980,5e1765f9b58a2549c520de37ee37149686c38d0de7eba68aced88186c7b6dc03,0,0,0,,0,0,0,0,,,,0.0,[]
2023-00087,L2025-00045-1,용역,“이라크 쿠르드 지역학교 내 난민통합교육 강화사업” 선도학교 및 교사연수센터 신축을 위한 설계 및 시공감리 업체 선정,0,L2025-00045-1/붙임3. 입찰서류(영문) 일체/Section 2 - Bid Data Sheet (BDS).docx,.docx,102979,53bd4ae10652be1e3d7529d174a619f9a6cbff33ad451f27e1af54f807c685ef,0,0,0,,0,0,0,0,,,,0.0,[]
2023-00087,L2025-00045-1,용역,“이라크 쿠르드 지역학교 내 난민통합교육 강화사업” 선도학교 및 교사연수센터 신축을 위한 설계 및 시공감리 업체 선정,0,L2025-00045-1/붙임3. 입찰서류(영문) 일체/Section 9 - Contract Forms.docx,.docx,22665,35c79063d026ca2bdcfbc4eae7edcc2b7daf5293ff504de0cbc6e20f68bcf883,0,0,0,,0,0,0,0,,,,0.0,[]
2023-00087,L2025-00045-1,용역,“이라크 쿠르드 지역학교 내 난민통합교육 강화사업” 선도학교 및 교사연수센터 신축을 위한 설계 및 시공감리 업체 선정,0,L2025-00045-1/붙임3. 입찰서류(영문) 일체/Section 7 - General Conditions of Contract.docx,.docx,34877,72365f27c06802952ee18e77692f649401d0c0d4a7a0c37417bacf0fd72b1f2e,0,0,0,,0,0,0,0,,,,0.0,[]
2023-00087,L2025-00045-1,용역,“이라크 쿠르드 지역학교 내 난민통합교육 강화사업” 선도학교 및 교사연수센터 신축을 위한 설계 및 시공감리 업체 선정,0,L2025-00045-1/붙임3. 입찰서류(영문) 일체/Section 6 - Reference Material(Constrution scope and space program).docx,.docx,2777091,106b1425d23ab620fb917998d748978b9becd9dce9989a3a8e5bf2421bc98c9a,0,0,0,,0,0,0,0,,,,0.0,[]
2023-00087,L2025-00045-1,용역,“이라크 쿠르드 지역학교 내 난민통합교육 강화사업” 선도학교 및 교사연수센터 신축을 위한 설계 및 시공감리 업체 선정,0,L2025-00045-1/붙임3. 입찰서류(영문) 일체/Section 1 - Instructions to Bidders.docx,.docx,30502,46cd96e2d065d7e4069c3c392c8b31f9d7bcf84dfe7fb36613930aea923c45ce,0,0,0,,0,0,0,0,,,,0.0,[]
2023-00087,L2025-00045-1,용역,“이라크 쿠르드 지역학교 내 난민통합교육 강화사업” 선도학교 및 교사연수센터 신축을 위한 설계 및 시공감리 업체 선정,0,L2025-00045-1/붙임3. 입찰서류(영문) 일체/Section 5 - Scope of the Services.docx,.docx,41083,56c99f90eb81c04331bcfa7bcbaa7ae5378e7adcd12d4c4dc73470acdc78a196,0,0,0,,0,0,0,0,,,,0.0,[]
2023-00087,L2025-00045-1,용역,“이라크 쿠르드 지역학교 내 난민통합교육 강화사업” 선도학교 및 교사연수센터 신축을 위한 설계 및 시공감리 업체 선정,0,L2025-00045-1/붙임3. 입찰서류(영문) 일체/Section 4 - Request for Proposal (RFP).doc,.doc,251904,5b7ef1c26550da11a6af266f3098b4ad82513662094015a563f6a7859bb390c9,0,0,0,,0,0,0,0,,,,0.0,[]
2023-00087,L2025-00045-1,용역,“이라크 쿠르드 지역학교 내 난민통합교육 강화사업” 선도학교 및 교사연수센터 신축을 위한 설계 및 시공감리 업체 선정,0,L2025-00045-1/붙임3. 입찰서류(영문) 일체/Section 4 (Annex 1) Sample of Technical Proposal.doc,.doc,184320,ce936dc2ece3e50275ad42a99abda137d6923f08fc0b58ea13d15c0316258520,0,0,0,,0,0,0,0,,,,0.0,[]
2023-00087,L2025-00045-1,용역,“이라크 쿠르드 지역학교 내 난민통합교육 강화사업” 선도학교 및 교사연수센터 신축을 위한 설계 및 시공감리 업체 선정,0,L2025-00045-1/붙임3. 입찰서류(영문) 일체/Section 3 - Bidding Forms.docx,.docx,66042,c5bd0e7e925ea4e237eaf7a8a46763f35556434e5a4360de00a7d0e427a14802,0,0,0,,0,0,0,0,,,,0.0,[]
2023-00087,L2025-00045-1,용역,“이라크 쿠르드 지역학교 내 난민통합교육 강화사업” 선도학교 및 교사연수센터 신축을 위한 설계 및 시공감리 업체 선정,0,L2025-00045-1/붙임3. 입찰서류(영문) 일체/Section 4 (Annex 2) Guidelines for Technical Proposal.docx,.docx,15200,41e2b40cc05d45f05587d275412ca9a153969df463135e953474bccf9a4ea4da,0,0,0,,0,0,0,0,,,,0.0,[]
2023-00087,L2025-00045-1,용역,“이라크 쿠르드 지역학교 내 난민통합교육 강화사업” 선도학교 및 교사연수센터 신축을 위한 설계 및 시공감리 업체 선정,0,L2025-00045-1/붙임3. 입찰서류(영문) 일체/Section 8 - Special Conditions of Contract.docx,.docx,27986,1588518fe216acc688cb1ff519c66f92d8089459d8bad6a13ffff38c49e7217b,0,0,0,,0,0,0,0,,,,0.0,[]
2023-00087,L2025-00045-1,용역,“이라크 쿠르드 지역학교 내 난민통합교육 강화사업” 선도학교 및 교사연수센터 신축을 위한 설계 및 시공감리 업체 선정,0,L2025-00045-1/붙임6. 지형도(DWG 및 PDF)/┴÷╟ⁿ╡╡_GSHTYY 2-Model.pdf,.pdf,2061015,918b324a4cad56155dd272e4d28fdbec5b659bef5b4ee82591e72552bba2cd4e,0,0,0,,0,0,0,0,,,,0.0,[]
2023-00087,L2025-00045-1,용역,“이라크 쿠르드 지역학교 내 난민통합교육 강화사업” 선도학교 및 교사연수센터 신축을 위한 설계 및 시공감리 업체 선정,0,L2025-00045-1/붙임6. 지형도(DWG 및 PDF)/┴÷╟ⁿ╡╡(DWG).dwg,.dwg,13794615,c73deb34e37f44e20e58a2ca1de8e8f5ee4e2d30c28873a4eca6bc30a4f3a106,0,0,0,,0,0,0,0,,,,0.0,[]
2023-00087,L2025-00045-1,용역,“이라크 쿠르드 지역학교 내 난민통합교육 강화사업” 선도학교 및 교사연수센터 신축을 위한 설계 및 시공감리 업체 선정,0,L2025-00045-1/붙임4. 조달실 및 지역실 검토의견서/(┴╢┤▐1╞└) └╠╢≤┼⌐ ╛╞╕ú║⌠ ─φ╕ú╡σ │¡╣╬ ┼δ╟╒▒│└░╟╨▒│ ╣╫ ▒│╗τ┐¼╝÷┐° ╝│░Φ ╟÷┴÷└╘┬√░Φ╚╣(╛╚) ░╦┼Σ└╟░▀ ╝█║╬.hwp,.hwp,144896,920473699bfcba1cd12f61727b02e0d439abcbf87658b16694f6de3e71f986d0,0,0,0,,0,0,0,0,,,,0.0,[]
2023-00087,L2025-00045-1,용역,“이라크 쿠르드 지역학교 내 난민통합교육 강화사업” 선도학교 및 교사연수센터 신축을 위한 설계 및 시공감리 업체 선정,0,L2025-00045-1/붙임4. 조달실 및 지역실 검토의견서/└╠╢≤┼⌐ ╛╞╕ú║⌠ ─φ╕ú╡σ │¡╣╬ ┼δ╟╒▒│└░╟╨▒│ ╣╫ ▒│╗τ┐¼╝÷┐° ╝│░Φ ╟÷┴÷└╘┬√░Φ╚╣(╛╚) ░╦┼Σ└╟░▀ ╝█║╬.hwp,.hwp,127488,deb55ff10ace33c763ab991223b2e256e934e53dbff8b8342878af6a320756fc,0,0,0,,0,0,0,0,,,,0.0,[]
2023-00087,L2025-00045-2,용역,“이라크 쿠르드 지역학교 내 난민통합교육 강화사업” 선도학교 및 교사연수센터 신축을 위한 설계 및 시공감리 업체 선정,0,L2025-00045-2/붙임4. RD 최종서명본(24.8.).pdf,.pdf,8801980,5e1765f9b58a2549c520de37ee37149686c38d0de7eba68aced88186c7b6dc03,0,0,0,,0,0,0,0,,,,0.0,[]
2023-00087,L2025-00045-2,용역,“이라크 쿠르드 지역학교 내 난민통합교육 강화사업” 선도학교 및 교사연수센터 신축을 위한 설계 및 시공감리 업체 선정,0,L2025-00045-2/붙임1. 이라크 난민선도학교 설계및시공감리업체선정 현지입찰추진계획안.hwp,.hwp,96256,b3a2189edec9794cb69a9f420009b4bdc3599d65f240cc5ea8cd0e7991cc14e5,0,0,0,,0,0,0,0,,,,0.0,[]
2023-00087,L2025-00045-2,용역,“이라크 쿠르드 지역학교 내 난민통합교육 강화사업” 선도학교 및 교사연수센터 신축을 위한 설계 및 시공감리 업체 선정,0,L2025-00045-2/붙임2. CM 공문_토펙중동중앙아 제2025-014호 (이라크 쿠르드 지역학교 내 난민통합교육 .pdf,.pdf,64450,e00905cb22d2ee831ed9b661042dc045984197cd6fc901f1f7ee90275ac66afa,0,0,0,,0,0,0,0,,,,0.0,[]
2023-00087,L2025-00045-2,용역,“이라크 쿠르드 지역학교 내 난민통합교육 강화사업” 선도학교 및 교사연수센터 신축을 위한 설계 및 시공감리 업체 선정,0,L2025-00045-2/붙임3. 영문 입찰서류(양식 등 포함).zip,.zip,3158104,ff108dce84b780039cee2dcdd1799df78499942addc57e9fb6c99fc262d47de0,0,0,0,,0,0,0,0,,,,0.0,[]
2023-00087,L2025-00045-2,용역,“이라크 쿠르드 지역학교 내 난민통합교육 강화사업” 선도학교 및 교사연수센터 신축을 위한 설계 및 시공감리 업체 선정,0,L2025-00045-2/붙임3. 영문 입찰서류(양식 등 포함)/Section 9 - Contract Forms_v1_250826(║»░µ╛°└╜).docx,.docx,22665,35c79063d026ca2bdcfbc4eae7edcc2b7daf5293ff504de0cbc6e20f68bcf883,0,0,0,,0,0,0,0,,,,0.0,[]
2023-00087,L2025-00045-2,용역,“이라크 쿠르드 지역학교 내 난민통합교육 강화사업” 선도학교 및 교사연수센터 신축을 위한 설계 및 시공감리 업체 선정,0,L2025-00045-2/붙임3. 영문 입찰서류(양식 등 포함)/Section 5 - Scope of the Services (ToR)_v1_250826(║»░µ╛°└╜).docx,.docx,39886,99c7ea86bb0572d9e754c53e66724c2b6baf815e713f965b5f34fb5e4f8eed0a,0,0,0,,0,0,0,0,,,,0.0,[]
2023-00087,L2025-00045-2,용역,“이라크 쿠르드 지역학교 내 난민통합교육 강화사업” 선도학교 및 교사연수센터 신축을 위한 설계 및 시공감리 업체 선정,0,L2025-00045-2/붙임3. 영문 입찰서류(양식 등 포함)/Section 1 - Instructions to Bidders.docx,.docx,30151,ed3905af818731d2b004002d812c609dd8166358266569a01e7bc870ebb94351,0,0,0,,0,0,0,0,,,,0.0,[]
2023-00087,L2025-00045-2,용역,“이라크 쿠르드 지역학교 내 난민통합교육 강화사업” 선도학교 및 교사연수센터 신축을 위한 설계 및 시공감리 업체 선정,0,L2025-00045-2/붙임3. 영문 입찰서류(양식 등 포함)/Section 7 - General Conditions of Contract_v1_250826(║»░µ╛°└╜).docx,.docx,34877,72365f27c06802952ee18e77692f649401d0c0d4a7a0c37417bacf0fd72b1f2e,0,0,0,,0,0,0,0,,,,0.0,[]
2023-00087,L2025-00045-2,용역,“이라크 쿠르드 지역학교 내 난민통합교육 강화사업” 선도학교 및 교사연수센터 신축을 위한 설계 및 시공감리 업체 선정,0,L2025-00045-2/붙임3. 영문 입찰서류(양식 등 포함)/Section 2 - Bid Data Sheet (BDS)_v2_250827(└╧┴ñ╝÷┴ñ).docx,.docx,103770,33f7045e44d70f99bc96831eb411fb8f4e5ca087ff04c7883242b51b9189bff7,0,0,0,,0,0,0,0,,,,0.0,[]
2023-00087,L2025-00045-2,용역,“이라크 쿠르드 지역학교 내 난민통합교육 강화사업” 선도학교 및 교사연수센터 신축을 위한 설계 및 시공감리 업체 선정,0,L2025-00045-2/붙임3. 영문 입찰서류(양식 등 포함)/Section 8 - Special Conditions of Contract_v1_250826(║»░µ╛°└╜).docx,.docx,27986,1588518fe216acc688cb1ff519c66f92d8089459d8bad6a13ffff38c49e7217b,0,0,0,,0,0,0,0,,,,0.0,[]
2023-00087,L2025-00045-2,용역,“이라크 쿠르드 지역학교 내 난민통합교육 강화사업” 선도학교 및 교사연수센터 신축을 위한 설계 및 시공감리 업체 선정,0,L2025-00045-2/붙임3. 영문 입찰서류(양식 등 포함)/Section 4 (Annex 1) Sample of Technical Proposal.doc,.doc,184320,ce936dc2ece3e50275ad42a99abda137d6923f08fc0b58ea13d15c0316258520,0,0,0,,0,0,0,0,,,,0.0,[]
2023-00087,L2025-00045-2,용역,“이라크 쿠르드 지역학교 내 난민통합교육 강화사업” 선도학교 및 교사연수센터 신축을 위한 설계 및 시공감리 업체 선정,0,L2025-00045-2/붙임3. 영문 입찰서류(양식 등 포함)/Section 6 - Reference Material(Constrution scope and space program)_v1_250826(║»░µ╛°└╜).docx,.docx,2777091,106b1425d23ab620fb917998d748978b9becd9dce9989a3a8e5bf2421bc98c9a,0,0,0,,0,0,0,0,,,,0.0,[]
2023-00087,L2025-00045-2,용역,“이라크 쿠르드 지역학교 내 난민통합교육 강화사업” 선도학교 및 교사연수센터 신축을 위한 설계 및 시공감리 업체 선정,0,L2025-00045-2/붙임3. 영문 입찰서류(양식 등 포함)/Section 4 (Annex 2) Guidelines for Technical Proposal.docx,.docx,15200,41e2b40cc05d45f05587d275412ca9a153969df463135e953474bccf9a4ea4da,0,0,0,,0,0,0,0,,,,0.0,[]
2023-00087,L2025-00045-2,용역,“이라크 쿠르드 지역학교 내 난민통합교육 강화사업” 선도학교 및 교사연수센터 신축을 위한 설계 및 시공감리 업체 선정,0,L2025-00045-2/붙임3. 영문 입찰서류(양식 등 포함)/Section 3 - Bidding Forms_v1_250826(║»░µ╛°└╜).docx,.docx,66042,c5bd0e7e925ea4e237eaf7a8a46763f35556434e5a4360de00a7d0e427a14802,0,0,0,,0,0,0,0,,,,0.0,[]
2023-00087,L2025-00045-2,용역,“이라크 쿠르드 지역학교 내 난민통합교육 강화사업” 선도학교 및 교사연수센터 신축을 위한 설계 및 시공감리 업체 선정,0,L2025-00045-2/붙임3. 영문 입찰서류(양식 등 포함)/Section 4 - Request for Proposal (RFP)_v1_250826(║»░µ╛°└╜).doc,.doc,251904,525fd64783606c439e1d8cb6a4cf93f1534503d9b4853cb42377276c977419b9,0,0,0,,0,0,0,0,,,,0.0,[]
2020-00119,L2025-00070-1,공사,한-이라크 심장병 어린이 전문병원 신축공사,1,L2025-00070-1/붙임3. 현지입찰 서류 및 계약서류(안).zip,.zip,8767106,d6aa8b0d5d184d069e6a8bdd01eba3a80bf5ab2e4fb1080fedab07b8737c8e80,0,0,0,,0,0,0,0,,,,0.0,[]
2020-00119,L2025-00070-1,공사,한-이라크 심장병 어린이 전문병원 신축공사,1,"L2025-00070-1/붙임3. 현지입찰 서류 및 계약서류(안)/IKHCC Section 4,5,6 BOQ, Drawing, Spec.docx",.docx,11941,aab74da4619bd3a8a368567d5620e0116eb9da42f75975717f485ef6a83a41b6,0,1,0,,0,0,0,0,,,,0.0,[]
2020-00119,L2025-00070-1,공사,한-이라크 심장병 어린이 전문병원 신축공사,1,L2025-00070-1/붙임3. 현지입찰 서류 및 계약서류(안)/IKHCC Section 9 - Contract Forms 250625.docx,.docx,38596,97fe767f1227dae281da89e46429fd191e174c3d24b495541f0c3e3e37082e26,0,0,0,,0,0,0,0,,,,0.0,[]
2020-00119,L2025-00070-1,공사,한-이라크 심장병 어린이 전문병원 신축공사,1,L2025-00070-1/붙임3. 현지입찰 서류 및 계약서류(안)/Summary of Bidding IKHCC_final.docx,.docx,30296,8b2eee4eb8167258641c808fc237106d7da1937dc663fd3effdfcf7bdd94c175,0,0,0,,0,0,0,0,,,,0.0,[]
2020-00119,L2025-00070-1,공사,한-이라크 심장병 어린이 전문병원 신축공사,1,L2025-00070-1/붙임3. 현지입찰 서류 및 계약서류(안)/IKHCC Section 1 - Instructions to bidder in the international bidding of KOICA.docx,.docx,36396,f6a88cecc773cd7ac3ef2355462a4ca189a209d8734b4cfaca617149a9d00258,0,0,0,,0,0,0,0,,,,0.0,[]
2020-00119,L2025-00070-1,공사,한-이라크 심장병 어린이 전문병원 신축공사,1,"L2025-00070-1/붙임3. 현지입찰 서류 및 계약서류(안)/IKHCC Section 7,8 - contract conditions - General & Special conditions. of contract 250311.docx",.docx,217679,28c2bcd3159d2027e9ed0fc0d366a3f4128d708608a511d3beec9d1fbcff69a2,0,0,0,,0,0,0,0,,,,0.0,[]
2020-00119,L2025-00070-1,공사,한-이라크 심장병 어린이 전문병원 신축공사,1,L2025-00070-1/붙임3. 현지입찰 서류 및 계약서류(안)/IKHCC Section 3 - Bidding Forms 250624-2.docx,.docx,69664,083d4949cf5d458f6e7b7386f019a771c424ad31c029b20e1e7eaa85fccccbd2,0,0,0,,0,0,0,0,,,,0.0,[]
2020-00119,L2025-00070-1,공사,한-이라크 심장병 어린이 전문병원 신축공사,1,L2025-00070-1/붙임3. 현지입찰 서류 및 계약서류(안)/IKHCC Section 4 - IKHCC BLANK BOQ 250430.zip,.zip,8546544,bb1eef9cdc717c6d757d43f3da1f13f6275049d1523718e2fd85659780cc9f55,0,1,1,,0,0,0,0,,,,0.0,[]
2020-00119,L2025-00070-1,공사,한-이라크 심장병 어린이 전문병원 신축공사,1,L2025-00070-1/붙임3. 현지입찰 서류 및 계약서류(안)/IKHCC Section 2 - Bid Data Sheet (ITB) (English) revised final 250702.docx,.docx,73867,70d5e784fdcbf8e85f130cc079b2880028db7a4123c46b17157233bc7565256b,0,0,0,,0,0,0,0,,,,0.0,[]
2020-00119,L2025-00070-1,공사,한-이라크 심장병 어린이 전문병원 신축공사,1,L2025-00070-1/붙임3. 현지입찰 서류 및 계약서류(안)/IKHCC Section 4 - IKHCC BLANK BOQ 250430/3 CIVIL/BLANK BILL.CIVIL(HOSPITAL) .xls,.xls,81920,c0b0e1d857d357e06310785027eb14b6c6e3c28491c19fed4dfc9e3030f34ef2,0,1,1,,0,0,0,0,,,,0.0,[]
2020-00119,L2025-00070-1,공사,한-이라크 심장병 어린이 전문병원 신축공사,1,L2025-00070-1/붙임3. 현지입찰 서류 및 계약서류(안)/IKHCC Section 4 - IKHCC BLANK BOQ 250430/3 CIVIL/BLANK BILL.CIVIL(PARKING LOT).xls,.xls,58368,33510cb6918366ccd2e38ca39a6fe6a3a14e1ad8a37570bc850277811837ef6a,0,1,1,,0,0,0,0,,,,0.0,[]
2020-00119,L2025-00070-1,공사,한-이라크 심장병 어린이 전문병원 신축공사,1,L2025-00070-1/붙임3. 현지입찰 서류 및 계약서류(안)/IKHCC Section 4 - IKHCC BLANK BOQ 250430/3 CIVIL/BLANK BILL.CIVIL(BRIDGE)).xls,.xls,74240,7fbae1f3c71758b2f9dd4d91fc045323ea1864b4be9d2d301a2cbf63a5072570,0,1,1,,0,0,0,0,,,,0.0,[]
2020-00119,L2025-00070-1,공사,한-이라크 심장병 어린이 전문병원 신축공사,1,L2025-00070-1/붙임3. 현지입찰 서류 및 계약서류(안)/IKHCC Section 4 - IKHCC BLANK BOQ 250430/3 CIVIL/BLANK BILL.CIVIL (MEP).xls,.xls,74240,1c50470f6121836494e92fb616d765f06e8b3bc5153b11a3c8540a29ac1ec615,0,1,1,,0,0,0,0,,,,0.0,[]
2020-00119,L2025-00070-1,공사,한-이라크 심장병 어린이 전문병원 신축공사,1,L2025-00070-1/붙임3. 현지입찰 서류 및 계약서류(안)/IKHCC Section 4 - IKHCC BLANK BOQ 250430/8 Mob & Signage/BILL No8-2 Signages-blank.xlsx,.xlsx,31619,4421d3cb9982d35873aa1763a4a7b1ee4b0d235faaeed68ee92551a4fa1c803f,0,1,1,,1,6,0,0,Works particular bill,visible,1,0.0,"[{""sheet"": ""Works particular bill"", ""sheet_state"": ""visible"", ""header_row"": 1, ""quantity_rows"": 6, ""rate_rows"": 0, ""amount_rows"": 0, ""priced_rows"": 0, ""priced_ratio"": 0.0, ""description_columns"": ""A;Q;AS;AT;AU"", ""quantity_columns"": ""D"", ""rate_columns"": """", ""amount_columns"": ""F;H;J;K;L""}]"
2020-00119,L2025-00070-1,공사,한-이라크 심장병 어린이 전문병원 신축공사,1,L2025-00070-1/붙임3. 현지입찰 서류 및 계약서류(안)/IKHCC Section 4 - IKHCC BLANK BOQ 250430/8 Mob & Signage/BILL No8-1 -Mobilization Works-blank.xlsx,.xlsx,638347,95772272ef1568157e0f604c1bb0cae64d776ffaf2b58cf9d26e389a796bb67e,0,1,1,,1,34,0,0,Mobilization,visible,1,0.0,"[{""sheet"": ""Mobilization"", ""sheet_state"": ""visible"", ""header_row"": 1, ""quantity_rows"": 34, ""rate_rows"": 0, ""amount_rows"": 0, ""priced_rows"": 0, ""priced_ratio"": 0.0, ""description_columns"": ""C"", ""quantity_columns"": ""D"", ""rate_columns"": ""F"", ""amount_columns"": ""G""}]"
2020-00119,L2025-00070-1,공사,한-이라크 심장병 어린이 전문병원 신축공사,1,L2025-00070-1/붙임3. 현지입찰 서류 및 계약서류(안)/IKHCC Section 4 - IKHCC BLANK BOQ 250430/4 MECH/BLANK  BILL.MECH(TOTAL).xls,.xls,1402880,943c92d368e4e26e68ff2d5dc17a80fc0672c2766d586d3aa6c68578e0614040,0,1,1,,1,831,823,1,일위대가,hidden,1,0.9903730445246691,"[{""sheet"": ""일위대가"", ""sheet_state"": ""hidden"", ""header_row"": 1, ""quantity_rows"": 831, ""rate_rows"": 823, ""amount_rows"": 695, ""priced_rows"": 823, ""priced_ratio"": 0.9903730445246691, ""description_columns"": """", ""quantity_columns"": ""F"", ""rate_columns"": ""G;I;K;M"", ""amount_columns"": ""H;J;L;N""}]"
2020-00119,L2025-00070-1,공사,한-이라크 심장병 어린이 전문병원 신축공사,1,L2025-00070-1/붙임3. 현지입찰 서류 및 계약서류(안)/IKHCC Section 4 - IKHCC BLANK BOQ 250430/4 MECH/BLANK BILL.MECH(MEP).xls,.xls,1337344,2d0e5689227e4bbd2311904d4351ff0bca308e5b11c4d1d202496909acd5388c,0,1,1,,1,831,823,1,일위대가,hidden,1,0.9903730445246691,"[{""sheet"": ""일위대가"", ""sheet_state"": ""hidden"", ""header_row"": 1, ""quantity_rows"": 831, ""rate_rows"": 823, ""amount_rows"": 695, ""priced_rows"": 823, ""priced_ratio"": 0.9903730445246691, ""description_columns"": """", ""quantity_columns"": ""F"", ""rate_columns"": ""G;I;K;M"", ""amount_columns"": ""H;J;L;N""}]"
2020-00119,L2025-00070-1,공사,한-이라크 심장병 어린이 전문병원 신축공사,1,L2025-00070-1/붙임3. 현지입찰 서류 및 계약서류(안)/IKHCC Section 4 - IKHCC BLANK BOQ 250430/4 MECH/BLANK BILL.MECH(HOSPITAL).xls,.xls,1235968,8720d754cc3e986be036e1cfdef45baf74559f7549f20d481b8bac23e8336af7,0,1,1,,1,831,823,1,일위대가,hidden,1,0.9903730445246691,"[{""sheet"": ""일위대가"", ""sheet_state"": ""hidden"", ""header_row"": 1, ""quantity_rows"": 831, ""rate_rows"": 823, ""amount_rows"": 695, ""priced_rows"": 823, ""priced_ratio"": 0.9903730445246691, ""description_columns"": """", ""quantity_columns"": ""F"", ""rate_columns"": ""G;I;K;M"", ""amount_columns"": ""H;J;L;N""}]"
2020-00119,L2025-00070-1,공사,한-이라크 심장병 어린이 전문병원 신축공사,1,L2025-00070-1/붙임3. 현지입찰 서류 및 계약서류(안)/IKHCC Section 4 - IKHCC BLANK BOQ 250430/4 MECH/BLANK BILL.MECH(BRIDGE).xls,.xls,1424896,b61e26e6dff7092b2fe58420cc843f0e7722f7a0335f7bcb6684128a02b6ec16,0,1,1,,1,831,823,1,일위대가,hidden,1,0.9903730445246691,"[{""sheet"": ""일위대가"", ""sheet_state"": ""hidden"", ""header_row"": 1, ""quantity_rows"": 831, ""rate_rows"": 823, ""amount_rows"": 695, ""priced_rows"": 823, ""priced_ratio"": 0.9903730445246691, ""description_columns"": """", ""quantity_columns"": ""F"", ""rate_columns"": ""G;I;K;M"", ""amount_columns"": ""H;J;L;N""}]"
2020-00119,L2025-00070-1,공사,한-이라크 심장병 어린이 전문병원 신축공사,1,L2025-00070-1/붙임3. 현지입찰 서류 및 계약서류(안)/IKHCC Section 4 - IKHCC BLANK BOQ 250430/5 ELEC/BLANK BILL-ELEC - B (MEP BUILDING).xlsm,.xlsm,426206,a636920d68a78ac587cf8191a42250b0ff1dfc635a3cc17d571310e580570bae,0,1,1,,3,1476,161,0,일위을지,hidden,1,0.023712737127371274,"[{""sheet"": ""Total construction cost"", ""sheet_state"": ""visible"", ""header_row"": 1, ""quantity_rows"": 22, ""rate_rows"": 14, ""amount_rows"": 14, ""priced_rows"": 14, ""priced_ratio"": 0.6363636363636364, ""description_columns"": ""B"", ""quantity_columns"": ""D"", ""rate_columns"": ""E;G;I"", ""amount_columns"": ""F;H;J;K""}, {""sheet"": ""Construction cost"", ""sheet_state"": ""visible"", ""header_row"": 1, ""quantity_rows"": 181, ""rate_rows"": 161, ""amount_rows"": 60, ""priced_rows"": 161, ""priced_ratio"": 0.8895027624309392, ""description_columns"": ""A;AN;AP"", ""quantity_columns"": ""D"", ""rate_columns"": ""E;G;I;M;N;O;AI;AJ;AK"", ""amount_columns"": ""F;H;J;K;AI""}, {""sheet"": ""일위을지"", ""sheet_state"": ""hidden"", ""header_row"": 1, ""quantity_rows"": 1476, ""rate_rows"": 35, ""amount_rows"": 0, ""priced_rows"": 35, ""priced_ratio"": 0.023712737127371274, ""description_columns"": ""AN;AP"", ""quantity_columns"": ""D"", ""rate_columns"": ""M;N;O;AI;AJ;AK"", ""amount_columns"": ""AI""}]"
2020-00119,L2025-00070-1,공사,한-이라크 심장병 어린이 전문병원 신축공사,1,L2025-00070-1/붙임3. 현지입찰 서류 및 계약서류(안)/IKHCC Section 4 - IKHCC BLANK BOQ 250430/5 ELEC/BLANK BILL-ELEC - 0 (TOTAL).xlsm,.xlsm,445864,d25f2183117ab557937eb36e84232913bee71efc309a28cb39e31bb1600e812d,0,1,1,,3,1476,161,0,일위을지,hidden,1,0.023712737127371274,"[{""sheet"": ""Total construction cost"", ""sheet_state"": ""visible"", ""header_row"": 1, ""quantity_rows"": 25, ""rate_rows"": 0, ""amount_rows"": 0, ""priced_rows"": 0, ""priced_ratio"": 0.0, ""description_columns"": ""B"", ""quantity_columns"": ""D"", ""rate_columns"": ""E;G;I"", ""amount_columns"": ""F;H;J;K""}, {""sheet"": ""Construction cost"", ""sheet_state"": ""hidden"", ""header_row"": 1, ""quantity_rows"": 181, ""rate_rows"": 161, ""amount_rows"": 60, ""priced_rows"": 161, ""priced_ratio"": 0.8895027624309392, ""description_columns"": ""A;AN;AP"", ""quantity_columns"": ""D"", ""rate_columns"": ""E;G;I;M;N;O;AI;AJ;AK"", ""amount_columns"": ""F;H;J;K;AI""}, {""sheet"": ""일위을지"", ""sheet_state"": ""hidden"", ""header_row"": 1, ""quantity_rows"": 1476, ""rate_rows"": 35, ""amount_rows"": 0, ""priced_rows"": 35, ""priced_ratio"": 0.023712737127371274, ""description_columns"": ""AN;AP"", ""quantity_columns"": ""D"", ""rate_columns"": ""M;N;O;AI;AJ;AK"", ""amount_columns"": ""AI""}]"
2020-00119,L2025-00070-1,공사,한-이라크 심장병 어린이 전문병원 신축공사,1,L2025-00070-1/붙임3. 현지입찰 서류 및 계약서류(안)/IKHCC Section 4 - IKHCC BLANK BOQ 250430/5 ELEC/BLANK BILL-ELEC - A (HOSPITAL).xlsm,.xlsm,408853,2762730f368573765a903e44a95f853b9bf81dd42ff99e7cc12547936ae1f2d4,0,1,1,,3,1476,35,0,일위을지,hidden,1,0.023712737127371274,"[{""sheet"": ""Total construction cost"", ""sheet_state"": ""visible"", ""header_row"": 1, ""quantity_rows"": 20, ""rate_rows"": 7, ""amount_rows"": 7, ""priced_rows"": 7, ""priced_ratio"": 0.35, ""description_columns"": ""B"", ""quantity_columns"": ""D"", ""rate_columns"": ""E;G;I"", ""amount_columns"": ""F;H;J;K""}, {""sheet"": ""Construction cost"", ""sheet_state"": ""visible"", ""header_row"": 1, ""quantity_rows"": 181, ""rate_rows"": 0, ""amount_rows"": 0, ""priced_rows"": 0, ""priced_ratio"": 0.0, ""description_columns"": ""A;AN;AP"", ""quantity_columns"": ""D"", ""rate_columns"": ""E;G;I;M;N;O;AI;AJ;AK"", ""amount_columns"": ""F;H;J;K;AI""}, {""sheet"": ""일위을지"", ""sheet_state"": ""hidden"", ""header_row"": 1, ""quantity_rows"": 1476, ""rate_rows"": 35, ""amount_rows"": 0, ""priced_rows"": 35, ""priced_ratio"": 0.023712737127371274, ""description_columns"": ""AN;AP"", ""quantity_columns"": ""D"", ""rate_columns"": ""M;N;O;AI;AJ;AK"", ""amount_columns"": ""AI""}]"
2020-00119,L2025-00070-1,공사,한-이라크 심장병 어린이 전문병원 신축공사,1,L2025-00070-1/붙임3. 현지입찰 서류 및 계약서류(안)/IKHCC Section 4 - IKHCC BLANK BOQ 250430/5 ELEC/BLANK BILL-ELEC - C (BRIDGE).xlsm,.xlsm,448183,6010a7c5eb8dae6bd6aea630ea1e2547859f41b179030218ee09fbd928fffc8e,0,1,1,,3,1476,161,0,일위을지,hidden,1,0.023712737127371274,"[{""sheet"": ""Total construction cost"", ""sheet_state"": ""visible"", ""header_row"": 1, ""quantity_rows"": 22, ""rate_rows"": 19, ""amount_rows"": 19, ""priced_rows"": 19, ""priced_ratio"": 0.8636363636363636, ""description_columns"": ""B"", ""quantity_columns"": ""D"", ""rate_columns"": ""E;G;I"", ""amount_columns"": ""F;H;J;K""}, {""sheet"": ""Construction cost"", ""sheet_state"": ""visible"", ""header_row"": 1, ""quantity_rows"": 181, ""rate_rows"": 161, ""amount_rows"": 60, ""priced_rows"": 161, ""priced_ratio"": 0.8895027624309392, ""description_columns"": ""A;AN;AP"", ""quantity_columns"": ""D"", ""rate_columns"": ""E;G;I;M;N;O;AI;AJ;AK"", ""amount_columns"": ""F;H;J;K;AI""}, {""sheet"": ""일위을지"", ""sheet_state"": ""hidden"", ""header_row"": 1, ""quantity_rows"": 1476, ""rate_rows"": 35, ""amount_rows"": 0, ""priced_rows"": 35, ""priced_ratio"": 0.023712737127371274, ""description_columns"": ""AN;AP"", ""quantity_columns"": ""D"", ""rate_columns"": ""M;N;O;AI;AJ;AK"", ""amount_columns"": ""AI""}]"
2020-00119,L2025-00070-1,공사,한-이라크 심장병 어린이 전문병원 신축공사,1,L2025-00070-1/붙임3. 현지입찰 서류 및 계약서류(안)/IKHCC Section 4 - IKHCC BLANK BOQ 250430/6 COMMUN/BLANK BILL-COMMUN - 0 (TOTAL).xlsm,.xlsm,271765,1006eec1b38bda7bcedfcdd748e4c48cadd10a929e94b06fc6de7440fc0948c9,0,1,1,,3,826,95,0,일위을지,hidden,1,0.0811138014527845,"[{""sheet"": ""Total construction cost"", ""sheet_state"": ""visible"", ""header_row"": 1, ""quantity_rows"": 24, ""rate_rows"": 0, ""amount_rows"": 0, ""priced_rows"": 0, ""priced_ratio"": 0.0, ""description_columns"": ""B"", ""quantity_columns"": ""D"", ""rate_columns"": ""E;G;I"", ""amount_columns"": ""F;H;J;K""}, {""sheet"": ""Construction cost"", ""sheet_state"": ""hidden"", ""header_row"": 1, ""quantity_rows"": 108, ""rate_rows"": 95, ""amount_rows"": 21, ""priced_rows"": 95, ""priced_ratio"": 0.8796296296296297, ""description_columns"": ""A;AN;AP"", ""quantity_columns"": ""D"", ""rate_columns"": ""E;G;I;M;N;O;AI;AJ;AK"", ""amount_columns"": ""F;H;J;K;AI""}, {""sheet"": ""일위을지"", ""sheet_state"": ""hidden"", ""header_row"": 1, ""quantity_rows"": 826, ""rate_rows"": 67, ""amount_rows"": 0, ""priced_rows"": 67, ""priced_ratio"": 0.0811138014527845, ""description_columns"": ""AN;AP"", ""quantity_columns"": ""D"", ""rate_columns"": ""M;N;O;AI;AJ;AK"", ""amount_columns"": ""AI""}]"
2020-00119,L2025-00070-1,공사,한-이라크 심장병 어린이 전문병원 신축공사,1,L2025-00070-1/붙임3. 현지입찰 서류 및 계약서류(안)/IKHCC Section 4 - IKHCC BLANK BOQ 250430/6 COMMUN/BLANK BILL-COMMUN - C (BRIDGE).xlsm,.xlsm,276178,dd5783efd02abd570ad15930d2d60e0fe1ccca7cfd9e9e51e7fca3b73ad40ea9,0,1,1,,3,826,95,0,일위을지,hidden,1,0.0811138014527845,"[{""sheet"": ""Total construction cost"", ""sheet_state"": ""visible"", ""header_row"": 1, ""quantity_rows"": 21, ""rate_rows"": 18, ""amount_rows"": 18, ""priced_rows"": 18, ""priced_ratio"": 0.8571428571428571, ""description_columns"": ""B"", ""quantity_columns"": ""D"", ""rate_columns"": ""E;G;I"", ""amount_columns"": ""F;H;J;K""}, {""sheet"": ""Construction cost"", ""sheet_state"": ""visible"", ""header_row"": 1, ""quantity_rows"": 108, ""rate_rows"": 95, ""amount_rows"": 21, ""priced_rows"": 95, ""priced_ratio"": 0.8796296296296297, ""description_columns"": ""A;AN;AP"", ""quantity_columns"": ""D"", ""rate_columns"": ""E;G;I;M;N;O;AI;AJ;AK"", ""amount_columns"": ""F;H;J;K;AI""}, {""sheet"": ""일위을지"", ""sheet_state"": ""hidden"", ""header_row"": 1, ""quantity_rows"": 826, ""rate_rows"": 67, ""amount_rows"": 0, ""priced_rows"": 67, ""priced_ratio"": 0.0811138014527845, ""description_columns"": ""AN;AP"", ""quantity_columns"": ""D"", ""rate_columns"": ""M;N;O;AI;AJ;AK"", ""amount_columns"": ""AI""}]"
2020-00119,L2025-00070-1,공사,한-이라크 심장병 어린이 전문병원 신축공사,1,L2025-00070-1/붙임3. 현지입찰 서류 및 계약서류(안)/IKHCC Section 4 - IKHCC BLANK BOQ 250430/6 COMMUN/BLANK BILL-COMMUN - B (MEP BUILDING).xlsm,.xlsm,272559,3d2844ae8dc01c300385769bb2746bebf9b88b27b770c7e0f1be5378dbc6f64b,0,1,1,,3,826,95,0,일위을지,hidden,1,0.0811138014527845,"[{""sheet"": ""Total construction cost"", ""sheet_state"": ""visible"", ""header_row"": 1, ""quantity_rows"": 21, ""rate_rows"": 15, ""amount_rows"": 15, ""priced_rows"": 15, ""priced_ratio"": 0.7142857142857143, ""description_columns"": ""B"", ""quantity_columns"": ""D"", ""rate_columns"": ""E;G;I"", ""amount_columns"": ""F;H;J;K""}, {""sheet"": ""Construction cost"", ""sheet_state"": ""visible"", ""header_row"": 1, ""quantity_rows"": 108, ""rate_rows"": 95, ""amount_rows"": 21, ""priced_rows"": 95, ""priced_ratio"": 0.8796296296296297, ""description_columns"": ""A;AN;AP"", ""quantity_columns"": ""D"", ""rate_columns"": ""E;G;I;M;N;O;AI;AJ;AK"", ""amount_columns"": ""F;H;J;K;AI""}, {""sheet"": ""일위을지"", ""sheet_state"": ""hidden"", ""header_row"": 1, ""quantity_rows"": 826, ""rate_rows"": 67, ""amount_rows"": 0, ""priced_rows"": 67, ""priced_ratio"": 0.0811138014527845, ""description_columns"": ""AN;AP"", ""quantity_columns"": ""D"", ""rate_columns"": ""M;N;O;AI;AJ;AK"", ""amount_columns"": ""AI""}]"
2020-00119,L2025-00070-1,공사,한-이라크 심장병 어린이 전문병원 신축공사,1,L2025-00070-1/붙임3. 현지입찰 서류 및 계약서류(안)/IKHCC Section 4 - IKHCC BLANK BOQ 250430/6 COMMUN/BLANK BILL-COMMUN - A (HOSPITAL).xlsm,.xlsm,242663,d156c3b2a4f144fad57ffe385bf9404bcb64a71d2c6160fa17874405cfd70c81,0,1,1,,3,826,67,0,일위을지,hidden,1,0.0811138014527845,"[{""sheet"": ""Total construction cost"", ""sheet_state"": ""visible"", ""header_row"": 1, ""quantity_rows"": 19, ""rate_rows"": 5, ""amount_rows"": 5, ""priced_rows"": 5, ""priced_ratio"": 0.2631578947368421, ""description_columns"": ""B"", ""quantity_columns"": ""D"", ""rate_columns"": ""E;G;I"", ""amount_columns"": ""F;H;J;K""}, {""sheet"": ""Construction cost"", ""sheet_state"": ""visible"", ""header_row"": 1, ""quantity_rows"": 108, ""rate_rows"": 0, ""amount_rows"": 0, ""priced_rows"": 0, ""priced_ratio"": 0.0, ""description_columns"": ""A;AN;AP"", ""quantity_columns"": ""D"", ""rate_columns"": ""E;G;I;M;N;O;AI;AJ;AK"", ""amount_columns"": ""F;H;J;K;AI""}, {""sheet"": ""일위을지"", ""sheet_state"": ""hidden"", ""header_row"": 1, ""quantity_rows"": 826, ""rate_rows"": 67, ""amount_rows"": 0, ""priced_rows"": 67, ""priced_ratio"": 0.0811138014527845, ""description_columns"": ""AN;AP"", ""quantity_columns"": ""D"", ""rate_columns"": ""M;N;O;AI;AJ;AK"", ""amount_columns"": ""AI""}]"
2020-00119,L2025-00070-1,공사,한-이라크 심장병 어린이 전문병원 신축공사,1,L2025-00070-1/붙임3. 현지입찰 서류 및 계약서류(안)/IKHCC Section 4 - IKHCC BLANK BOQ 250430/1 Architectural & summery/BILL No1 -Architectural Works-01. HOSPITAL(BLANK BILL).xlsx,.xlsx,677921,47d79c95e2c3273f84778935276c94526e369cc1b1bc057f6b03c998f44e253f,0,1,1,,2,377,0,0,Works particular bill,visible,1,0.0,"[{""sheet"": ""Work total table"", ""sheet_state"": ""visible"", ""header_row"": 1, ""quantity_rows"": 16, ""rate_rows"": 0, ""amount_rows"": 0, ""priced_rows"": 0, ""priced_ratio"": 0.0, ""description_columns"": ""A;N;P;Q;R;S"", ""quantity_columns"": ""D"", ""rate_columns"": """", ""amount_columns"": ""K;T""}, {""sheet"": ""Works particular bill"", ""sheet_state"": ""visible"", ""header_row"": 1, ""quantity_rows"": 377, ""rate_rows"": 0, ""amount_rows"": 0, ""priced_rows"": 0, ""priced_ratio"": 0.0, ""description_columns"": ""A;Q;AS;AT;AU"", ""quantity_columns"": ""D"", ""rate_columns"": """", ""amount_columns"": ""F;H;J;K;L""}]"
2020-00119,L2025-00070-1,공사,한-이라크 심장병 어린이 전문병원 신축공사,1,L2025-00070-1/붙임3. 현지입찰 서류 및 계약서류(안)/IKHCC Section 4 - IKHCC BLANK BOQ 250430/1 Architectural & summery/BILL No1 -Architectural Works-03. BRIDGE(BLANK BILL).xlsx,.xlsx,643812,9af2b1263622fb9487fbf8ea97b31ead65763962f1c58d657985557a58983e83,0,1,1,,2,48,0,0,Works particular bill,visible,1,0.0,"[{""sheet"": ""Work total table"", ""sheet_state"": ""visible"", ""header_row"": 1, ""quantity_rows"": 11, ""rate_rows"": 0, ""amount_rows"": 0, ""priced_rows"": 0, ""priced_ratio"": 0.0, ""description_columns"": ""A;N;P;Q;R;S"", ""quantity_columns"": ""D"", ""rate_columns"": """", ""amount_columns"": ""K;T""}, {""sheet"": ""Works particular bill"", ""sheet_state"": ""visible"", ""header_row"": 1, ""quantity_rows"": 48, ""rate_rows"": 0, ""amount_rows"": 0, ""priced_rows"": 0, ""priced_ratio"": 0.0, ""description_columns"": ""A;Q;AS;AT;AU"", ""quantity_columns"": ""D"", ""rate_columns"": """", ""amount_columns"": ""F;H;J;K;L""}]"
2020-00119,L2025-00070-1,공사,한-이라크 심장병 어린이 전문병원 신축공사,1,L2025-00070-1/붙임3. 현지입찰 서류 및 계약서류(안)/IKHCC Section 4 - IKHCC BLANK BOQ 250430/1 Architectural & summery/BILL No1 -Architectural Works-02. MEP BUILDING(BLANK BILL).xlsx,.xlsx,670008,e882c3f7b2c691fc22ee6ee99fba87f9ca830eb3c133892b8c8800d7d02e97cb,0,1,1,,2,149,0,0,Works particular bill,visible,1,0.0,"[{""sheet"": ""Work total table"", ""sheet_state"": ""visible"", ""header_row"": 1, ""quantity_rows"": 29, ""rate_rows"": 0, ""amount_rows"": 0, ""priced_rows"": 0, ""priced_ratio"": 0.0, ""description_columns"": ""A;N;P;Q;R;S"", ""quantity_columns"": ""D"", ""rate_columns"": """", ""amount_columns"": ""K;T""}, {""sheet"": ""Works particular bill"", ""sheet_state"": ""visible"", ""header_row"": 1, ""quantity_rows"": 149, ""rate_rows"": 0, ""amount_rows"": 0, ""priced_rows"": 0, ""priced_ratio"": 0.0, ""description_columns"": ""A;Q;AS;AT;AU"", ""quantity_columns"": ""D"", ""rate_columns"": """", ""amount_columns"": ""F;H;J;K;L""}]"
2020-00119,L2025-00070-1,공사,한-이라크 심장병 어린이 전문병원 신축공사,1,L2025-00070-1/붙임3. 현지입찰 서류 및 계약서류(안)/IKHCC Section 4 - IKHCC BLANK BOQ 250430/1 Architectural & summery/Bill _Total Cost Summary-Blank 250306.xlsx,.xlsx,636201,91332400de69e34ae40026af2416f1b516644fe7da6004e86983efa25e049eac,0,1,1,,0,0,0,0,,,,0.0,[]
2020-00119,L2025-00070-1,공사,한-이라크 심장병 어린이 전문병원 신축공사,1,L2025-00070-1/붙임3. 현지입찰 서류 및 계약서류(안)/IKHCC Section 4 - IKHCC BLANK BOQ 250430/2 Land/BILL No2-LAND-blank.xlsx,.xlsx,61604,c1bc5d70f7890380284bc1ac52db2ebd9027a588f1855aab191d262d2d5e98ba,0,1,1,,0,0,0,0,,,,0.0,[]
2020-00119,L2025-00070-1,공사,한-이라크 심장병 어린이 전문병원 신축공사,1,L2025-00070-1/붙임3. 현지입찰 서류 및 계약서류(안)/IKHCC Section 4 - IKHCC BLANK BOQ 250430/7 FIRE FIGHTING/FIREFIGHTING_ELEC/BLANK BILL-FIRE FIGHTING ELEC - 0 (TOTAL).xlsm,.xlsm,107555,83f64c03b3ed36d32e44a5a855a050c75a9fdca09e13d0409d4bbfc481a02d66,0,1,1,,3,250,86,0,일위을지,hidden,1,0.0,"[{""sheet"": ""Total construction cost"", ""sheet_state"": ""visible"", ""header_row"": 1, ""quantity_rows"": 9, ""rate_rows"": 0, ""amount_rows"": 0, ""priced_rows"": 0, ""priced_ratio"": 0.0, ""description_columns"": ""B"", ""quantity_columns"": ""D"", ""rate_columns"": ""E;G;I"", ""amount_columns"": ""F;H;J;K""}, {""sheet"": ""Construction cost"", ""sheet_state"": ""hidden"", ""header_row"": 1, ""quantity_rows"": 98, ""rate_rows"": 86, ""amount_rows"": 31, ""priced_rows"": 86, ""priced_ratio"": 0.8775510204081632, ""description_columns"": ""A;AN;AP"", ""quantity_columns"": ""D"", ""rate_columns"": ""E;G;I;M;N;O;AI;AJ;AK"", ""amount_columns"": ""F;H;J;K;AI""}, {""sheet"": ""일위을지"", ""sheet_state"": ""hidden"", ""header_row"": 1, ""quantity_rows"": 250, ""rate_rows"": 0, ""amount_rows"": 0, ""priced_rows"": 0, ""priced_ratio"": 0.0, ""description_columns"": ""AN;AP"", ""quantity_columns"": ""D"", ""rate_columns"": ""M;N;O;AI;AJ;AK"", ""amount_columns"": ""AI""}]"
2020-00119,L2025-00070-1,공사,한-이라크 심장병 어린이 전문병원 신축공사,1,L2025-00070-1/붙임3. 현지입찰 서류 및 계약서류(안)/IKHCC Section 4 - IKHCC BLANK BOQ 250430/7 FIRE FIGHTING/FIREFIGHTING_ELEC/BLANK BILL-FIRE FIGHTING ELEC - C (BRIDGE).xlsm,.xlsm,108291,a66b56e34694551d25d1c71e5d21cdd34ef6cdc5d1fe9913d7a8fdd2168407ed,0,1,1,,3,250,75,0,일위을지,hidden,1,0.0,"[{""sheet"": ""Total construction cost"", ""sheet_state"": ""visible"", ""header_row"": 1, ""quantity_rows"": 9, ""rate_rows"": 7, ""amount_rows"": 7, ""priced_rows"": 7, ""priced_ratio"": 0.7777777777777778, ""description_columns"": ""B"", ""quantity_columns"": ""D"", ""rate_columns"": ""E;G;I"", ""amount_columns"": ""F;H;J;K""}, {""sheet"": ""Construction cost"", ""sheet_state"": ""visible"", ""header_row"": 1, ""quantity_rows"": 98, ""rate_rows"": 75, ""amount_rows"": 29, ""priced_rows"": 75, ""priced_ratio"": 0.7653061224489796, ""description_columns"": ""A;AN;AP"", ""quantity_columns"": ""D"", ""rate_columns"": ""E;G;I;M;N;O;AI;AJ;AK"", ""amount_columns"": ""F;H;J;K;AI""}, {""sheet"": ""일위을지"", ""sheet_state"": ""hidden"", ""header_row"": 1, ""quantity_rows"": 250, ""rate_rows"": 0, ""amount_rows"": 0, ""priced_rows"": 0, ""priced_ratio"": 0.0, ""description_columns"": ""AN;AP"", ""quantity_columns"": ""D"", ""rate_columns"": ""M;N;O;AI;AJ;AK"", ""amount_columns"": ""AI""}]"
2020-00119,L2025-00070-1,공사,한-이라크 심장병 어린이 전문병원 신축공사,1,L2025-00070-1/붙임3. 현지입찰 서류 및 계약서류(안)/IKHCC Section 4 - IKHCC BLANK BOQ 250430/7 FIRE FIGHTING/FIREFIGHTING_ELEC/BLANK BILL-FIRE FIGHTING ELEC - B (MEP BUILDING).xlsm,.xlsm,105175,21ba91bb3b87cc4a3fbb83a64a4685c946ad254bee1449d1f253a46e3fbf8544,0,1,1,,3,250,51,0,일위을지,hidden,1,0.0,"[{""sheet"": ""Total construction cost"", ""sheet_state"": ""visible"", ""header_row"": 1, ""quantity_rows"": 9, ""rate_rows"": 6, ""amount_rows"": 6, ""priced_rows"": 6, ""priced_ratio"": 0.6666666666666666, ""description_columns"": ""B"", ""quantity_columns"": ""D"", ""rate_columns"": ""E;G;I"", ""amount_columns"": ""F;H;J;K""}, {""sheet"": ""Construction cost"", ""sheet_state"": ""visible"", ""header_row"": 1, ""quantity_rows"": 98, ""rate_rows"": 51, ""amount_rows"": 14, ""priced_rows"": 51, ""priced_ratio"": 0.5204081632653061, ""description_columns"": ""A;AN;AP"", ""quantity_columns"": ""D"", ""rate_columns"": ""E;G;I;M;N;O;AI;AJ;AK"", ""amount_columns"": ""F;H;J;K;AI""}, {""sheet"": ""일위을지"", ""sheet_state"": ""hidden"", ""header_row"": 1, ""quantity_rows"": 250, ""rate_rows"": 0, ""amount_rows"": 0, ""priced_rows"": 0, ""priced_ratio"": 0.0, ""description_columns"": ""AN;AP"", ""quantity_columns"": ""D"", ""rate_columns"": ""M;N;O;AI;AJ;AK"", ""amount_columns"": ""AI""}]"
2020-00119,L2025-00070-1,공사,한-이라크 심장병 어린이 전문병원 신축공사,1,L2025-00070-1/붙임3. 현지입찰 서류 및 계약서류(안)/IKHCC Section 4 - IKHCC BLANK BOQ 250430/7 FIRE FIGHTING/FIREFIGHTING_ELEC/BLANK BILL-FIRE FIGHTING ELEC - A (HOSPITAL).xlsm,.xlsm,105228,9ffa9d47d2ec91c02914ee0d70e0bb54b361f4e85b738b4d24ed32dc1887b98a,0,1,1,,3,250,46,0,일위을지,hidden,1,0.0,"[{""sheet"": ""Total construction cost"", ""sheet_state"": ""visible"", ""header_row"": 1, ""quantity_rows"": 9, ""rate_rows"": 6, ""amount_rows"": 6, ""priced_rows"": 6, ""priced_ratio"": 0.6666666666666666, ""description_columns"": ""B"", ""quantity_columns"": ""D"", ""rate_columns"": ""E;G;I"", ""amount_columns"": ""F;H;J;K""}, {""sheet"": ""Construction cost"", ""sheet_state"": ""visible"", ""header_row"": 1, ""quantity_rows"": 98, ""rate_rows"": 46, ""amount_rows"": 19, ""priced_rows"": 46, ""priced_ratio"": 0.46938775510204084, ""description_columns"": ""A;AN;AP"", ""quantity_columns"": ""D"", ""rate_columns"": ""E;G;I;M;N;O;AI;AJ;AK"", ""amount_columns"": ""F;H;J;K;AI""}, {""sheet"": ""일위을지"", ""sheet_state"": ""hidden"", ""header_row"": 1, ""quantity_rows"": 250, ""rate_rows"": 0, ""amount_rows"": 0, ""priced_rows"": 0, ""priced_ratio"": 0.0, ""description_columns"": ""AN;AP"", ""quantity_columns"": ""D"", ""rate_columns"": ""M;N;O;AI;AJ;AK"", ""amount_columns"": ""AI""}]"
2020-00119,L2025-00070-1,공사,한-이라크 심장병 어린이 전문병원 신축공사,1,L2025-00070-1/붙임3. 현지입찰 서류 및 계약서류(안)/IKHCC Section 4 - IKHCC BLANK BOQ 250430/7 FIRE FIGHTING/FIREFIGHTING_MEC/BLANK BILL.MECH(MEP).xls,.xls,1337344,2d0e5689227e4bbd2311904d4351ff0bca308e5b11c4d1d202496909acd5388c,1,1,1,,1,831,823,1,일위대가,hidden,1,0.9903730445246691,"[{""sheet"": ""일위대가"", ""sheet_state"": ""hidden"", ""header_row"": 1, ""quantity_rows"": 831, ""rate_rows"": 823, ""amount_rows"": 695, ""priced_rows"": 823, ""priced_ratio"": 0.9903730445246691, ""description_columns"": """", ""quantity_columns"": ""F"", ""rate_columns"": ""G;I;K;M"", ""amount_columns"": ""H;J;L;N""}]"
2020-00119,L2025-00070-1,공사,한-이라크 심장병 어린이 전문병원 신축공사,1,L2025-00070-1/붙임3. 현지입찰 서류 및 계약서류(안)/IKHCC Section 4 - IKHCC BLANK BOQ 250430/7 FIRE FIGHTING/FIREFIGHTING_MEC/BLANK BILL.MECH(TOTAL).xls,.xls,1402880,943c92d368e4e26e68ff2d5dc17a80fc0672c2766d586d3aa6c68578e0614040,1,1,1,,1,831,823,1,일위대가,hidden,1,0.9903730445246691,"[{""sheet"": ""일위대가"", ""sheet_state"": ""hidden"", ""header_row"": 1, ""quantity_rows"": 831, ""rate_rows"": 823, ""amount_rows"": 695, ""priced_rows"": 823, ""priced_ratio"": 0.9903730445246691, ""description_columns"": """", ""quantity_columns"": ""F"", ""rate_columns"": ""G;I;K;M"", ""amount_columns"": ""H;J;L;N""}]"
2020-00119,L2025-00070-1,공사,한-이라크 심장병 어린이 전문병원 신축공사,1,L2025-00070-1/붙임3. 현지입찰 서류 및 계약서류(안)/IKHCC Section 4 - IKHCC BLANK BOQ 250430/7 FIRE FIGHTING/FIREFIGHTING_MEC/BLANK BILL.MECH(HOSPITAL).xls,.xls,1235968,8720d754cc3e986be036e1cfdef45baf74559f7549f20d481b8bac23e8336af7,1,1,1,,1,831,823,1,일위대가,hidden,1,0.9903730445246691,"[{""sheet"": ""일위대가"", ""sheet_state"": ""hidden"", ""header_row"": 1, ""quantity_rows"": 831, ""rate_rows"": 823, ""amount_rows"": 695, ""priced_rows"": 823, ""priced_ratio"": 0.9903730445246691, ""description_columns"": """", ""quantity_columns"": ""F"", ""rate_columns"": ""G;I;K;M"", ""amount_columns"": ""H;J;L;N""}]"
2020-00119,L2025-00070-1,공사,한-이라크 심장병 어린이 전문병원 신축공사,1,L2025-00070-1/붙임3. 현지입찰 서류 및 계약서류(안)/IKHCC Section 4 - IKHCC BLANK BOQ 250430/7 FIRE FIGHTING/FIREFIGHTING_MEC/BLANK BILL.MECH(BRIDGE).xls,.xls,1424896,6897a174ff988b300d26b83c45ce53ce52df4bc577a8816c15f1e7e7cc607611,0,1,1,,1,831,823,1,일위대가,hidden,1,0.9903730445246691,"[{""sheet"": ""일위대가"", ""sheet_state"": ""hidden"", ""header_row"": 1, ""quantity_rows"": 831, ""rate_rows"": 823, ""amount_rows"": 695, ""priced_rows"": 823, ""priced_ratio"": 0.9903730445246691, ""description_columns"": """", ""quantity_columns"": ""F"", ""rate_columns"": ""G;I;K;M"", ""amount_columns"": ""H;J;L;N""}]"
2020-00119,L2025-00071-1,공사,한-이라크 심장병 어린이 전문병원 신축공사(재공고),1,L2025-00071-1/붙임2. 현지입찰(재공고입찰) 서류 및 계약서류(안).zip,.zip,8311530,f0fd559321612a7e8f6e2acf478b95b53e248298cf07b2129be685e3974a15aa,0,0,0,,0,0,0,0,,,,0.0,[]
2020-00119,L2025-00071-1,공사,한-이라크 심장병 어린이 전문병원 신축공사(재공고),1,"L2025-00071-1/붙임2. 현지입찰(재공고입찰) 서류 및 계약서류(안)/IKHCC Section 4,5,6 BOQ, Drawing, Spec.docx",.docx,11941,aab74da4619bd3a8a368567d5620e0116eb9da42f75975717f485ef6a83a41b6,0,1,0,,0,0,0,0,,,,0.0,[]
2020-00119,L2025-00071-1,공사,한-이라크 심장병 어린이 전문병원 신축공사(재공고),1,"L2025-00071-1/붙임2. 현지입찰(재공고입찰) 서류 및 계약서류(안)/IKHCC Section 7,8 - contract conditions - General & Special conditions. of contract 250903.docx",.docx,216099,714e1ab3c885c7d171424a659f58ac25daa2e1c4d1224f805122032cc3023c50,0,0,0,,0,0,0,0,,,,0.0,[]
2020-00119,L2025-00071-1,공사,한-이라크 심장병 어린이 전문병원 신축공사(재공고),1,L2025-00071-1/붙임2. 현지입찰(재공고입찰) 서류 및 계약서류(안)/IKHCC Section 1 - Instructions to bidder in the international bidding of KOICA.docx,.docx,36396,f6a88cecc773cd7ac3ef2355462a4ca189a209d8734b4cfaca617149a9d00258,0,0,0,,0,0,0,0,,,,0.0,[]
2020-00119,L2025-00071-1,공사,한-이라크 심장병 어린이 전문병원 신축공사(재공고),1,L2025-00071-1/붙임2. 현지입찰(재공고입찰) 서류 및 계약서류(안)/IKHCC Section 2 - Bid Data Sheet (ITB) (English)  250903_final.docx,.docx,73525,28e2bdd4edbe3afdb56205288325445c0fa656823927a1e99c357b0786f8e056,0,0,0,,0,0,0,0,,,,0.0,[]
2020-00119,L2025-00071-1,공사,한-이라크 심장병 어린이 전문병원 신축공사(재공고),1,L2025-00071-1/붙임2. 현지입찰(재공고입찰) 서류 및 계약서류(안)/í┌Summary of Bidding IKHCC_250903_final revised(╟÷┴÷ ░°░φ┐δ).docx,.docx,30392,87a7ca3fb2a995393d8d6170c0fbcca9a901888309e275d9976414fb15f7679b,0,0,0,,0,0,0,0,,,,0.0,[]
2020-00119,L2025-00071-1,공사,한-이라크 심장병 어린이 전문병원 신축공사(재공고),1,L2025-00071-1/붙임2. 현지입찰(재공고입찰) 서류 및 계약서류(안)/IKHCC Section 4 - IKHCC BLANK BOQ 250903.Zip,.zip,7985148,41eb5e8df4f7ff512ab97dd9920db979fc6a54eed36365c0e00b4eb1a26f4f6b,0,1,1,,0,0,0,0,,,,0.0,[]
2020-00119,L2025-00071-1,공사,한-이라크 심장병 어린이 전문병원 신축공사(재공고),1,L2025-00071-1/붙임2. 현지입찰(재공고입찰) 서류 및 계약서류(안)/IKHCC Section 3 - Bidding Forms 250903.docx,.docx,67889,c2b3017af0bcdcb9ad01eb4633ef4946f3a232014384b1630060aab317348c2b,0,0,0,,0,0,0,0,,,,0.0,[]
2020-00119,L2025-00071-1,공사,한-이라크 심장병 어린이 전문병원 신축공사(재공고),1,L2025-00071-1/붙임2. 현지입찰(재공고입찰) 서류 및 계약서류(안)/IKHCC Section 9 - Contract Forms 250903-1.docx,.docx,37725,ff44cbdfa22ffe60647fa169d583f2c81da67d6776d1c82a46baae7ad063297e,0,0,0,,0,0,0,0,,,,0.0,[]
2020-00119,L2025-00071-1,공사,한-이라크 심장병 어린이 전문병원 신축공사(재공고),1,L2025-00071-1/붙임2. 현지입찰(재공고입찰) 서류 및 계약서류(안)/IKHCC Section 4 - IKHCC BLANK BOQ 250903/5. Blank bill Elec revised 250812/BLANK BILL-ELEC - B (MEP BUILDING).xlsm,.xlsm,501858,91dd2575abb4beee6373cfeec8125758dfdc79a1c61a375c7ca02a671198036f,0,1,1,,3,1476,782,1,일위을지,hidden,1,0.5298102981029811,"[{""sheet"": ""Total construction cost"", ""sheet_state"": ""visible"", ""header_row"": 1, ""quantity_rows"": 22, ""rate_rows"": 15, ""amount_rows"": 15, ""priced_rows"": 15, ""priced_ratio"": 0.6818181818181818, ""description_columns"": ""B"", ""quantity_columns"": ""D"", ""rate_columns"": ""E;G;I"", ""amount_columns"": ""F;H;J;K""}, {""sheet"": ""Construction cost"", ""sheet_state"": ""visible"", ""header_row"": 1, ""quantity_rows"": 181, ""rate_rows"": 181, ""amount_rows"": 181, ""priced_rows"": 181, ""priced_ratio"": 1.0, ""description_columns"": ""A;AN;AP"", ""quantity_columns"": ""D"", ""rate_columns"": ""E;G;I;M;N;O;AI;AJ;AK"", ""amount_columns"": ""F;H;J;K;AI""}, {""sheet"": ""일위을지"", ""sheet_state"": ""hidden"", ""header_row"": 1, ""quantity_rows"": 1476, ""rate_rows"": 782, ""amount_rows"": 97, ""priced_rows"": 782, ""priced_ratio"": 0.5298102981029811, ""description_columns"": ""AN;AP"", ""quantity_columns"": ""D"", ""rate_columns"": ""M;N;O;AI;AJ;AK"", ""amount_columns"": ""AI""}]"
2020-00119,L2025-00071-1,공사,한-이라크 심장병 어린이 전문병원 신축공사(재공고),1,L2025-00071-1/붙임2. 현지입찰(재공고입찰) 서류 및 계약서류(안)/IKHCC Section 4 - IKHCC BLANK BOQ 250903/5. Blank bill Elec revised 250812/BLANK BILL-ELEC - 0 (TOTAL).xlsm,.xlsm,526626,21096095d93be985d074b4a1e68330275ef71f2824b32410d598c7a1594b07f6,0,1,1,,3,1476,782,1,일위을지,hidden,1,0.5298102981029811,"[{""sheet"": ""Total construction cost"", ""sheet_state"": ""visible"", ""header_row"": 1, ""quantity_rows"": 25, ""rate_rows"": 0, ""amount_rows"": 0, ""priced_rows"": 0, ""priced_ratio"": 0.0, ""description_columns"": ""B"", ""quantity_columns"": ""D"", ""rate_columns"": ""E;G;I"", ""amount_columns"": ""F;H;J;K""}, {""sheet"": ""Construction cost"", ""sheet_state"": ""hidden"", ""header_row"": 1, ""quantity_rows"": 181, ""rate_rows"": 181, ""amount_rows"": 181, ""priced_rows"": 181, ""priced_ratio"": 1.0, ""description_columns"": ""A;AN;AP"", ""quantity_columns"": ""D"", ""rate_columns"": ""E;G;I;M;N;O;AI;AJ;AK"", ""amount_columns"": ""F;H;J;K;AI""}, {""sheet"": ""일위을지"", ""sheet_state"": ""hidden"", ""header_row"": 1, ""quantity_rows"": 1476, ""rate_rows"": 782, ""amount_rows"": 97, ""priced_rows"": 782, ""priced_ratio"": 0.5298102981029811, ""description_columns"": ""AN;AP"", ""quantity_columns"": ""D"", ""rate_columns"": ""M;N;O;AI;AJ;AK"", ""amount_columns"": ""AI""}]"
2020-00119,L2025-00071-1,공사,한-이라크 심장병 어린이 전문병원 신축공사(재공고),1,L2025-00071-1/붙임2. 현지입찰(재공고입찰) 서류 및 계약서류(안)/IKHCC Section 4 - IKHCC BLANK BOQ 250903/5. Blank bill Elec revised 250812/BLANK BILL-ELEC - A (HOSPITAL).xlsm,.xlsm,481577,33433bc4c641e89eb4c2ef46824bdc7e1a1d079f323f9d96823049336987ae6e,0,1,1,,3,1476,782,0,일위을지,hidden,1,0.5298102981029811,"[{""sheet"": ""Total construction cost"", ""sheet_state"": ""visible"", ""header_row"": 1, ""quantity_rows"": 20, ""rate_rows"": 8, ""amount_rows"": 8, ""priced_rows"": 8, ""priced_ratio"": 0.4, ""description_columns"": ""B"", ""quantity_columns"": ""D"", ""rate_columns"": ""E;G;I"", ""amount_columns"": ""F;H;J;K""}, {""sheet"": ""Construction cost"", ""sheet_state"": ""visible"", ""header_row"": 1, ""quantity_rows"": 181, ""rate_rows"": 0, ""amount_rows"": 0, ""priced_rows"": 0, ""priced_ratio"": 0.0, ""description_columns"": ""A;AN;AP"", ""quantity_columns"": ""D"", ""rate_columns"": ""E;G;I;M;N;O;AI;AJ;AK"", ""amount_columns"": ""F;H;J;K;AI""}, {""sheet"": ""일위을지"", ""sheet_state"": ""hidden"", ""header_row"": 1, ""quantity_rows"": 1476, ""rate_rows"": 782, ""amount_rows"": 97, ""priced_rows"": 782, ""priced_ratio"": 0.5298102981029811, ""description_columns"": ""AN;AP"", ""quantity_columns"": ""D"", ""rate_columns"": ""M;N;O;AI;AJ;AK"", ""amount_columns"": ""AI""}]"
2020-00119,L2025-00071-1,공사,한-이라크 심장병 어린이 전문병원 신축공사(재공고),1,L2025-00071-1/붙임2. 현지입찰(재공고입찰) 서류 및 계약서류(안)/IKHCC Section 4 - IKHCC BLANK BOQ 250903/5. Blank bill Elec revised 250812/BLANK BILL-ELEC - C (BRIDGE).xlsm,.xlsm,528512,e9e9c097356f19ace92baa9eb41371ddaf6c4410bacb4fd4aeccd3016a75f597,0,1,1,,3,1476,782,1,일위을지,hidden,1,0.5298102981029811,"[{""sheet"": ""Total construction cost"", ""sheet_state"": ""visible"", ""header_row"": 1, ""quantity_rows"": 22, ""rate_rows"": 19, ""amount_rows"": 19, ""priced_rows"": 19, ""priced_ratio"": 0.8636363636363636, ""description_columns"": ""B"", ""quantity_columns"": ""D"", ""rate_columns"": ""E;G;I"", ""amount_columns"": ""F;H;J;K""}, {""sheet"": ""Construction cost"", ""sheet_state"": ""visible"", ""header_row"": 1, ""quantity_rows"": 181, ""rate_rows"": 181, ""amount_rows"": 181, ""priced_rows"": 181, ""priced_ratio"": 1.0, ""description_columns"": ""A;AN;AP"", ""quantity_columns"": ""D"", ""rate_columns"": ""E;G;I;M;N;O;AI;AJ;AK"", ""amount_columns"": ""F;H;J;K;AI""}, {""sheet"": ""일위을지"", ""sheet_state"": ""hidden"", ""header_row"": 1, ""quantity_rows"": 1476, ""rate_rows"": 782, ""amount_rows"": 97, ""priced_rows"": 782, ""priced_ratio"": 0.5298102981029811, ""description_columns"": ""AN;AP"", ""quantity_columns"": ""D"", ""rate_columns"": ""M;N;O;AI;AJ;AK"", ""amount_columns"": ""AI""}]"
2020-00119,L2025-00071-1,공사,한-이라크 심장병 어린이 전문병원 신축공사(재공고),1,L2025-00071-1/붙임2. 현지입찰(재공고입찰) 서류 및 계약서류(안)/IKHCC Section 4 - IKHCC BLANK BOQ 250903/3 CIVIL/BLANK BILL.CIVIL(HOSPITAL) .xls,.xls,81920,c0b0e1d857d357e06310785027eb14b6c6e3c28491c19fed4dfc9e3030f34ef2,1,1,1,,0,0,0,0,,,,0.0,[]
2020-00119,L2025-00071-1,공사,한-이라크 심장병 어린이 전문병원 신축공사(재공고),1,L2025-00071-1/붙임2. 현지입찰(재공고입찰) 서류 및 계약서류(안)/IKHCC Section 4 - IKHCC BLANK BOQ 250903/3 CIVIL/BLANK BILL.CIVIL(PARKING LOT).xls,.xls,58368,33510cb6918366ccd2e38ca39a6fe6a3a14e1ad8a37570bc850277811837ef6a,1,1,1,,0,0,0,0,,,,0.0,[]
2020-00119,L2025-00071-1,공사,한-이라크 심장병 어린이 전문병원 신축공사(재공고),1,L2025-00071-1/붙임2. 현지입찰(재공고입찰) 서류 및 계약서류(안)/IKHCC Section 4 - IKHCC BLANK BOQ 250903/3 CIVIL/BLANK BILL.CIVIL(BRIDGE)).xls,.xls,74240,7fbae1f3c71758b2f9dd4d91fc045323ea1864b4be9d2d301a2cbf63a5072570,1,1,1,,0,0,0,0,,,,0.0,[]
2020-00119,L2025-00071-1,공사,한-이라크 심장병 어린이 전문병원 신축공사(재공고),1,L2025-00071-1/붙임2. 현지입찰(재공고입찰) 서류 및 계약서류(안)/IKHCC Section 4 - IKHCC BLANK BOQ 250903/3 CIVIL/BLANK BILL.CIVIL (MEP).xls,.xls,74240,1c50470f6121836494e92fb616d765f06e8b3bc5153b11a3c8540a29ac1ec615,1,1,1,,0,0,0,0,,,,0.0,[]
2020-00119,L2025-00071-1,공사,한-이라크 심장병 어린이 전문병원 신축공사(재공고),1,L2025-00071-1/붙임2. 현지입찰(재공고입찰) 서류 및 계약서류(안)/IKHCC Section 4 - IKHCC BLANK BOQ 250903/8 Mob & Signage/BILL No8-2 Signages-blank.xlsx,.xlsx,31619,4421d3cb9982d35873aa1763a4a7b1ee4b0d235faaeed68ee92551a4fa1c803f,1,1,1,,1,6,0,0,Works particular bill,visible,1,0.0,"[{""sheet"": ""Works particular bill"", ""sheet_state"": ""visible"", ""header_row"": 1, ""quantity_rows"": 6, ""rate_rows"": 0, ""amount_rows"": 0, ""priced_rows"": 0, ""priced_ratio"": 0.0, ""description_columns"": ""A;Q;AS;AT;AU"", ""quantity_columns"": ""D"", ""rate_columns"": """", ""amount_columns"": ""F;H;J;K;L""}]"
2020-00119,L2025-00071-1,공사,한-이라크 심장병 어린이 전문병원 신축공사(재공고),1,L2025-00071-1/붙임2. 현지입찰(재공고입찰) 서류 및 계약서류(안)/IKHCC Section 4 - IKHCC BLANK BOQ 250903/8 Mob & Signage/BILL No8-1 -Mobilization Works-blank.xlsx,.xlsx,638347,95772272ef1568157e0f604c1bb0cae64d776ffaf2b58cf9d26e389a796bb67e,1,1,1,,1,34,0,0,Mobilization,visible,1,0.0,"[{""sheet"": ""Mobilization"", ""sheet_state"": ""visible"", ""header_row"": 1, ""quantity_rows"": 34, ""rate_rows"": 0, ""amount_rows"": 0, ""priced_rows"": 0, ""priced_ratio"": 0.0, ""description_columns"": ""C"", ""quantity_columns"": ""D"", ""rate_columns"": ""F"", ""amount_columns"": ""G""}]"
2020-00119,L2025-00071-1,공사,한-이라크 심장병 어린이 전문병원 신축공사(재공고),1,L2025-00071-1/붙임2. 현지입찰(재공고입찰) 서류 및 계약서류(안)/IKHCC Section 4 - IKHCC BLANK BOQ 250903/4 MECH/BLANK  BILL.MECH(TOTAL).xls,.xls,1402880,943c92d368e4e26e68ff2d5dc17a80fc0672c2766d586d3aa6c68578e0614040,1,1,1,,1,831,823,1,일위대가,hidden,1,0.9903730445246691,"[{""sheet"": ""일위대가"", ""sheet_state"": ""hidden"", ""header_row"": 1, ""quantity_rows"": 831, ""rate_rows"": 823, ""amount_rows"": 695, ""priced_rows"": 823, ""priced_ratio"": 0.9903730445246691, ""description_columns"": """", ""quantity_columns"": ""F"", ""rate_columns"": ""G;I;K;M"", ""amount_columns"": ""H;J;L;N""}]"
2020-00119,L2025-00071-1,공사,한-이라크 심장병 어린이 전문병원 신축공사(재공고),1,L2025-00071-1/붙임2. 현지입찰(재공고입찰) 서류 및 계약서류(안)/IKHCC Section 4 - IKHCC BLANK BOQ 250903/4 MECH/BLANK BILL.MECH(MEP).xls,.xls,1337344,2d0e5689227e4bbd2311904d4351ff0bca308e5b11c4d1d202496909acd5388c,1,1,1,,1,831,823,1,일위대가,hidden,1,0.9903730445246691,"[{""sheet"": ""일위대가"", ""sheet_state"": ""hidden"", ""header_row"": 1, ""quantity_rows"": 831, ""rate_rows"": 823, ""amount_rows"": 695, ""priced_rows"": 823, ""priced_ratio"": 0.9903730445246691, ""description_columns"": """", ""quantity_columns"": ""F"", ""rate_columns"": ""G;I;K;M"", ""amount_columns"": ""H;J;L;N""}]"
2020-00119,L2025-00071-1,공사,한-이라크 심장병 어린이 전문병원 신축공사(재공고),1,L2025-00071-1/붙임2. 현지입찰(재공고입찰) 서류 및 계약서류(안)/IKHCC Section 4 - IKHCC BLANK BOQ 250903/4 MECH/BLANK BILL.MECH(HOSPITAL).xls,.xls,1235968,8720d754cc3e986be036e1cfdef45baf74559f7549f20d481b8bac23e8336af7,1,1,1,,1,831,823,1,일위대가,hidden,1,0.9903730445246691,"[{""sheet"": ""일위대가"", ""sheet_state"": ""hidden"", ""header_row"": 1, ""quantity_rows"": 831, ""rate_rows"": 823, ""amount_rows"": 695, ""priced_rows"": 823, ""priced_ratio"": 0.9903730445246691, ""description_columns"": """", ""quantity_columns"": ""F"", ""rate_columns"": ""G;I;K;M"", ""amount_columns"": ""H;J;L;N""}]"
2020-00119,L2025-00071-1,공사,한-이라크 심장병 어린이 전문병원 신축공사(재공고),1,L2025-00071-1/붙임2. 현지입찰(재공고입찰) 서류 및 계약서류(안)/IKHCC Section 4 - IKHCC BLANK BOQ 250903/4 MECH/BLANK BILL.MECH(BRIDGE).xls,.xls,1424896,b61e26e6dff7092b2fe58420cc843f0e7722f7a0335f7bcb6684128a02b6ec16,1,1,1,,1,831,823,1,일위대가,hidden,1,0.9903730445246691,"[{""sheet"": ""일위대가"", ""sheet_state"": ""hidden"", ""header_row"": 1, ""quantity_rows"": 831, ""rate_rows"": 823, ""amount_rows"": 695, ""priced_rows"": 823, ""priced_ratio"": 0.9903730445246691, ""description_columns"": """", ""quantity_columns"": ""F"", ""rate_columns"": ""G;I;K;M"", ""amount_columns"": ""H;J;L;N""}]"
2020-00119,L2025-00071-1,공사,한-이라크 심장병 어린이 전문병원 신축공사(재공고),1,L2025-00071-1/붙임2. 현지입찰(재공고입찰) 서류 및 계약서류(안)/IKHCC Section 4 - IKHCC BLANK BOQ 250903/1 Architectural & summery/BILL No1 -Architectural Works-01. HOSPITAL(BLANK BILL).xlsx,.xlsx,677921,47d79c95e2c3273f84778935276c94526e369cc1b1bc057f6b03c998f44e253f,1,1,1,,2,377,0,0,Works particular bill,visible,1,0.0,"[{""sheet"": ""Work total table"", ""sheet_state"": ""visible"", ""header_row"": 1, ""quantity_rows"": 16, ""rate_rows"": 0, ""amount_rows"": 0, ""priced_rows"": 0, ""priced_ratio"": 0.0, ""description_columns"": ""A;N;P;Q;R;S"", ""quantity_columns"": ""D"", ""rate_columns"": """", ""amount_columns"": ""K;T""}, {""sheet"": ""Works particular bill"", ""sheet_state"": ""visible"", ""header_row"": 1, ""quantity_rows"": 377, ""rate_rows"": 0, ""amount_rows"": 0, ""priced_rows"": 0, ""priced_ratio"": 0.0, ""description_columns"": ""A;Q;AS;AT;AU"", ""quantity_columns"": ""D"", ""rate_columns"": """", ""amount_columns"": ""F;H;J;K;L""}]"
2020-00119,L2025-00071-1,공사,한-이라크 심장병 어린이 전문병원 신축공사(재공고),1,L2025-00071-1/붙임2. 현지입찰(재공고입찰) 서류 및 계약서류(안)/IKHCC Section 4 - IKHCC BLANK BOQ 250903/1 Architectural & summery/BILL No1 -Architectural Works-03. BRIDGE(BLANK BILL).xlsx,.xlsx,643812,9af2b1263622fb9487fbf8ea97b31ead65763962f1c58d657985557a58983e83,1,1,1,,2,48,0,0,Works particular bill,visible,1,0.0,"[{""sheet"": ""Work total table"", ""sheet_state"": ""visible"", ""header_row"": 1, ""quantity_rows"": 11, ""rate_rows"": 0, ""amount_rows"": 0, ""priced_rows"": 0, ""priced_ratio"": 0.0, ""description_columns"": ""A;N;P;Q;R;S"", ""quantity_columns"": ""D"", ""rate_columns"": """", ""amount_columns"": ""K;T""}, {""sheet"": ""Works particular bill"", ""sheet_state"": ""visible"", ""header_row"": 1, ""quantity_rows"": 48, ""rate_rows"": 0, ""amount_rows"": 0, ""priced_rows"": 0, ""priced_ratio"": 0.0, ""description_columns"": ""A;Q;AS;AT;AU"", ""quantity_columns"": ""D"", ""rate_columns"": """", ""amount_columns"": ""F;H;J;K;L""}]"
2020-00119,L2025-00071-1,공사,한-이라크 심장병 어린이 전문병원 신축공사(재공고),1,L2025-00071-1/붙임2. 현지입찰(재공고입찰) 서류 및 계약서류(안)/IKHCC Section 4 - IKHCC BLANK BOQ 250903/1 Architectural & summery/BILL No1 -Architectural Works-02. MEP BUILDING(BLANK BILL).xlsx,.xlsx,670008,e882c3f7b2c691fc22ee6ee99fba87f9ca830eb3c133892b8c8800d7d02e97cb,1,1,1,,2,149,0,0,Works particular bill,visible,1,0.0,"[{""sheet"": ""Work total table"", ""sheet_state"": ""visible"", ""header_row"": 1, ""quantity_rows"": 29, ""rate_rows"": 0, ""amount_rows"": 0, ""priced_rows"": 0, ""priced_ratio"": 0.0, ""description_columns"": ""A;N;P;Q;R;S"", ""quantity_columns"": ""D"", ""rate_columns"": """", ""amount_columns"": ""K;T""}, {""sheet"": ""Works particular bill"", ""sheet_state"": ""visible"", ""header_row"": 1, ""quantity_rows"": 149, ""rate_rows"": 0, ""amount_rows"": 0, ""priced_rows"": 0, ""priced_ratio"": 0.0, ""description_columns"": ""A;Q;AS;AT;AU"", ""quantity_columns"": ""D"", ""rate_columns"": """", ""amount_columns"": ""F;H;J;K;L""}]"
2020-00119,L2025-00071-1,공사,한-이라크 심장병 어린이 전문병원 신축공사(재공고),1,L2025-00071-1/붙임2. 현지입찰(재공고입찰) 서류 및 계약서류(안)/IKHCC Section 4 - IKHCC BLANK BOQ 250903/1 Architectural & summery/Bill _Total Cost Summary-Blank 250306.xlsx,.xlsx,636201,91332400de69e34ae40026af2416f1b516644fe7da6004e86983efa25e049eac,1,1,1,,0,0,0,0,,,,0.0,[]
2020-00119,L2025-00071-1,공사,한-이라크 심장병 어린이 전문병원 신축공사(재공고),1,L2025-00071-1/붙임2. 현지입찰(재공고입찰) 서류 및 계약서류(안)/IKHCC Section 4 - IKHCC BLANK BOQ 250903/6.Blank bill Comm revised 250812/BLANK BILL-COMMUN - 0 (TOTAL).xlsm,.xlsm,326212,531209bc36fd5556f27cda100673dc9536c73b02d3f9bf7a6a89f35435375b14,0,1,1,,3,826,479,1,일위을지,hidden,1,0.5799031476997578,"[{""sheet"": ""Total construction cost"", ""sheet_state"": ""visible"", ""header_row"": 1, ""quantity_rows"": 24, ""rate_rows"": 0, ""amount_rows"": 0, ""priced_rows"": 0, ""priced_ratio"": 0.0, ""description_columns"": ""B"", ""quantity_columns"": ""D"", ""rate_columns"": ""E;G;I"", ""amount_columns"": ""F;H;J;K""}, {""sheet"": ""Construction cost"", ""sheet_state"": ""hidden"", ""header_row"": 1, ""quantity_rows"": 108, ""rate_rows"": 108, ""amount_rows"": 108, ""priced_rows"": 108, ""priced_ratio"": 1.0, ""description_columns"": ""A;AN;AP"", ""quantity_columns"": ""D"", ""rate_columns"": ""E;G;I;M;N;O;AI;AJ;AK"", ""amount_columns"": ""F;H;J;K;AI""}, {""sheet"": ""일위을지"", ""sheet_state"": ""hidden"", ""header_row"": 1, ""quantity_rows"": 826, ""rate_rows"": 479, ""amount_rows"": 46, ""priced_rows"": 479, ""priced_ratio"": 0.5799031476997578, ""description_columns"": ""AN;AP"", ""quantity_columns"": ""D"", ""rate_columns"": ""M;N;O;AI;AJ;AK"", ""amount_columns"": ""AI""}]"
2020-00119,L2025-00071-1,공사,한-이라크 심장병 어린이 전문병원 신축공사(재공고),1,L2025-00071-1/붙임2. 현지입찰(재공고입찰) 서류 및 계약서류(안)/IKHCC Section 4 - IKHCC BLANK BOQ 250903/6.Blank bill Comm revised 250812/BLANK BILL-COMMUN - C (BRIDGE).xlsm,.xlsm,330971,40e1a242e8e22894db16ff02bc88da5a0378a15809bb07beacad2f113b644167,0,1,1,,3,826,479,1,일위을지,hidden,1,0.5799031476997578,"[{""sheet"": ""Total construction cost"", ""sheet_state"": ""visible"", ""header_row"": 1, ""quantity_rows"": 21, ""rate_rows"": 19, ""amount_rows"": 19, ""priced_rows"": 19, ""priced_ratio"": 0.9047619047619048, ""description_columns"": ""B"", ""quantity_columns"": ""D"", ""rate_columns"": ""E;G;I"", ""amount_columns"": ""F;H;J;K""}, {""sheet"": ""Construction cost"", ""sheet_state"": ""visible"", ""header_row"": 1, ""quantity_rows"": 108, ""rate_rows"": 108, ""amount_rows"": 108, ""priced_rows"": 108, ""priced_ratio"": 1.0, ""description_columns"": ""A;AN;AP"", ""quantity_columns"": ""D"", ""rate_columns"": ""E;G;I;M;N;O;AI;AJ;AK"", ""amount_columns"": ""F;H;J;K;AI""}, {""sheet"": ""일위을지"", ""sheet_state"": ""hidden"", ""header_row"": 1, ""quantity_rows"": 826, ""rate_rows"": 479, ""amount_rows"": 46, ""priced_rows"": 479, ""priced_ratio"": 0.5799031476997578, ""description_columns"": ""AN;AP"", ""quantity_columns"": ""D"", ""rate_columns"": ""M;N;O;AI;AJ;AK"", ""amount_columns"": ""AI""}]"
2020-00119,L2025-00071-1,공사,한-이라크 심장병 어린이 전문병원 신축공사(재공고),1,L2025-00071-1/붙임2. 현지입찰(재공고입찰) 서류 및 계약서류(안)/IKHCC Section 4 - IKHCC BLANK BOQ 250903/6.Blank bill Comm revised 250812/BLANK BILL-COMMUN - B (MEP BUILDING).xlsm,.xlsm,326315,3578e3ca6d1f3136990f2e12009056b0b070e80a5e53b0f0746f3c42e9dc0f79,0,1,1,,3,826,479,1,일위을지,hidden,1,0.5799031476997578,"[{""sheet"": ""Total construction cost"", ""sheet_state"": ""visible"", ""header_row"": 1, ""quantity_rows"": 21, ""rate_rows"": 16, ""amount_rows"": 16, ""priced_rows"": 16, ""priced_ratio"": 0.7619047619047619, ""description_columns"": ""B"", ""quantity_columns"": ""D"", ""rate_columns"": ""E;G;I"", ""amount_columns"": ""F;H;J;K""}, {""sheet"": ""Construction cost"", ""sheet_state"": ""visible"", ""header_row"": 1, ""quantity_rows"": 108, ""rate_rows"": 108, ""amount_rows"": 108, ""priced_rows"": 108, ""priced_ratio"": 1.0, ""description_columns"": ""A;AN;AP"", ""quantity_columns"": ""D"", ""rate_columns"": ""E;G;I;M;N;O;AI;AJ;AK"", ""amount_columns"": ""F;H;J;K;AI""}, {""sheet"": ""일위을지"", ""sheet_state"": ""hidden"", ""header_row"": 1, ""quantity_rows"": 826, ""rate_rows"": 479, ""amount_rows"": 46, ""priced_rows"": 479, ""priced_ratio"": 0.5799031476997578, ""description_columns"": ""AN;AP"", ""quantity_columns"": ""D"", ""rate_columns"": ""M;N;O;AI;AJ;AK"", ""amount_columns"": ""AI""}]"
2020-00119,L2025-00071-1,공사,한-이라크 심장병 어린이 전문병원 신축공사(재공고),1,L2025-00071-1/붙임2. 현지입찰(재공고입찰) 서류 및 계약서류(안)/IKHCC Section 4 - IKHCC BLANK BOQ 250903/6.Blank bill Comm revised 250812/BLANK BILL-COMMUN - A (HOSPITAL).xlsm,.xlsm,289659,e77a6c920e625055518141f190d459882c70792f382551359dd5293c03a7a322,0,1,1,,3,826,479,0,일위을지,hidden,1,0.5799031476997578,"[{""sheet"": ""Total construction cost"", ""sheet_state"": ""visible"", ""header_row"": 1, ""quantity_rows"": 19, ""rate_rows"": 5, ""amount_rows"": 5, ""priced_rows"": 5, ""priced_ratio"": 0.2631578947368421, ""description_columns"": ""B"", ""quantity_columns"": ""D"", ""rate_columns"": ""E;G;I"", ""amount_columns"": ""F;H;J;K""}, {""sheet"": ""Construction cost"", ""sheet_state"": ""visible"", ""header_row"": 1, ""quantity_rows"": 108, ""rate_rows"": 0, ""amount_rows"": 0, ""priced_rows"": 0, ""priced_ratio"": 0.0, ""description_columns"": ""A;AN;AP"", ""quantity_columns"": ""D"", ""rate_columns"": ""E;G;I;M;N;O;AI;AJ;AK"", ""amount_columns"": ""F;H;J;K;AI""}, {""sheet"": ""일위을지"", ""sheet_state"": ""hidden"", ""header_row"": 1, ""quantity_rows"": 826, ""rate_rows"": 479, ""amount_rows"": 46, ""priced_rows"": 479, ""priced_ratio"": 0.5799031476997578, ""description_columns"": ""AN;AP"", ""quantity_columns"": ""D"", ""rate_columns"": ""M;N;O;AI;AJ;AK"", ""amount_columns"": ""AI""}]"
2020-00119,L2025-00071-1,공사,한-이라크 심장병 어린이 전문병원 신축공사(재공고),1,L2025-00071-1/붙임2. 현지입찰(재공고입찰) 서류 및 계약서류(안)/IKHCC Section 4 - IKHCC BLANK BOQ 250903/2 Land/BILL No2-LAND-blank.xlsx,.xlsx,61604,c1bc5d70f7890380284bc1ac52db2ebd9027a588f1855aab191d262d2d5e98ba,1,1,1,,0,0,0,0,,,,0.0,[]
2020-00119,L2025-00071-1,공사,한-이라크 심장병 어린이 전문병원 신축공사(재공고),1,L2025-00071-1/붙임2. 현지입찰(재공고입찰) 서류 및 계약서류(안)/IKHCC Section 4 - IKHCC BLANK BOQ 250903/7. Blank bill Firefighting revised 250811/FIREFIGHTING_ELEC/BLANK BILL-FIRE FIGHTING ELEC - 0 (TOTAL).xlsm,.xlsm,107555,83f64c03b3ed36d32e44a5a855a050c75a9fdca09e13d0409d4bbfc481a02d66,1,1,1,,3,250,86,0,일위을지,hidden,1,0.0,"[{""sheet"": ""Total construction cost"", ""sheet_state"": ""visible"", ""header_row"": 1, ""quantity_rows"": 9, ""rate_rows"": 0, ""amount_rows"": 0, ""priced_rows"": 0, ""priced_ratio"": 0.0, ""description_columns"": ""B"", ""quantity_columns"": ""D"", ""rate_columns"": ""E;G;I"", ""amount_columns"": ""F;H;J;K""}, {""sheet"": ""Construction cost"", ""sheet_state"": ""hidden"", ""header_row"": 1, ""quantity_rows"": 98, ""rate_rows"": 86, ""amount_rows"": 31, ""priced_rows"": 86, ""priced_ratio"": 0.8775510204081632, ""description_columns"": ""A;AN;AP"", ""quantity_columns"": ""D"", ""rate_columns"": ""E;G;I;M;N;O;AI;AJ;AK"", ""amount_columns"": ""F;H;J;K;AI""}, {""sheet"": ""일위을지"", ""sheet_state"": ""hidden"", ""header_row"": 1, ""quantity_rows"": 250, ""rate_rows"": 0, ""amount_rows"": 0, ""priced_rows"": 0, ""priced_ratio"": 0.0, ""description_columns"": ""AN;AP"", ""quantity_columns"": ""D"", ""rate_columns"": ""M;N;O;AI;AJ;AK"", ""amount_columns"": ""AI""}]"
2020-00119,L2025-00071-1,공사,한-이라크 심장병 어린이 전문병원 신축공사(재공고),1,L2025-00071-1/붙임2. 현지입찰(재공고입찰) 서류 및 계약서류(안)/IKHCC Section 4 - IKHCC BLANK BOQ 250903/7. Blank bill Firefighting revised 250811/FIREFIGHTING_ELEC/BLANK BILL-FIRE FIGHTING ELEC - C (BRIDGE).xlsm,.xlsm,108291,a66b56e34694551d25d1c71e5d21cdd34ef6cdc5d1fe9913d7a8fdd2168407ed,1,1,1,,3,250,75,0,일위을지,hidden,1,0.0,"[{""sheet"": ""Total construction cost"", ""sheet_state"": ""visible"", ""header_row"": 1, ""quantity_rows"": 9, ""rate_rows"": 7, ""amount_rows"": 7, ""priced_rows"": 7, ""priced_ratio"": 0.7777777777777778, ""description_columns"": ""B"", ""quantity_columns"": ""D"", ""rate_columns"": ""E;G;I"", ""amount_columns"": ""F;H;J;K""}, {""sheet"": ""Construction cost"", ""sheet_state"": ""visible"", ""header_row"": 1, ""quantity_rows"": 98, ""rate_rows"": 75, ""amount_rows"": 29, ""priced_rows"": 75, ""priced_ratio"": 0.7653061224489796, ""description_columns"": ""A;AN;AP"", ""quantity_columns"": ""D"", ""rate_columns"": ""E;G;I;M;N;O;AI;AJ;AK"", ""amount_columns"": ""F;H;J;K;AI""}, {""sheet"": ""일위을지"", ""sheet_state"": ""hidden"", ""header_row"": 1, ""quantity_rows"": 250, ""rate_rows"": 0, ""amount_rows"": 0, ""priced_rows"": 0, ""priced_ratio"": 0.0, ""description_columns"": ""AN;AP"", ""quantity_columns"": ""D"", ""rate_columns"": ""M;N;O;AI;AJ;AK"", ""amount_columns"": ""AI""}]"
2020-00119,L2025-00071-1,공사,한-이라크 심장병 어린이 전문병원 신축공사(재공고),1,L2025-00071-1/붙임2. 현지입찰(재공고입찰) 서류 및 계약서류(안)/IKHCC Section 4 - IKHCC BLANK BOQ 250903/7. Blank bill Firefighting revised 250811/FIREFIGHTING_ELEC/BLANK BILL-FIRE FIGHTING ELEC - B (MEP BUILDING).xlsm,.xlsm,105175,21ba91bb3b87cc4a3fbb83a64a4685c946ad254bee1449d1f253a46e3fbf8544,1,1,1,,3,250,51,0,일위을지,hidden,1,0.0,"[{""sheet"": ""Total construction cost"", ""sheet_state"": ""visible"", ""header_row"": 1, ""quantity_rows"": 9, ""rate_rows"": 6, ""amount_rows"": 6, ""priced_rows"": 6, ""priced_ratio"": 0.6666666666666666, ""description_columns"": ""B"", ""quantity_columns"": ""D"", ""rate_columns"": ""E;G;I"", ""amount_columns"": ""F;H;J;K""}, {""sheet"": ""Construction cost"", ""sheet_state"": ""visible"", ""header_row"": 1, ""quantity_rows"": 98, ""rate_rows"": 51, ""amount_rows"": 14, ""priced_rows"": 51, ""priced_ratio"": 0.5204081632653061, ""description_columns"": ""A;AN;AP"", ""quantity_columns"": ""D"", ""rate_columns"": ""E;G;I;M;N;O;AI;AJ;AK"", ""amount_columns"": ""F;H;J;K;AI""}, {""sheet"": ""일위을지"", ""sheet_state"": ""hidden"", ""header_row"": 1, ""quantity_rows"": 250, ""rate_rows"": 0, ""amount_rows"": 0, ""priced_rows"": 0, ""priced_ratio"": 0.0, ""description_columns"": ""AN;AP"", ""quantity_columns"": ""D"", ""rate_columns"": ""M;N;O;AI;AJ;AK"", ""amount_columns"": ""AI""}]"
2020-00119,L2025-00071-1,공사,한-이라크 심장병 어린이 전문병원 신축공사(재공고),1,L2025-00071-1/붙임2. 현지입찰(재공고입찰) 서류 및 계약서류(안)/IKHCC Section 4 - IKHCC BLANK BOQ 250903/7. Blank bill Firefighting revised 250811/FIREFIGHTING_ELEC/BLANK BILL-FIRE FIGHTING ELEC - A (HOSPITAL).xlsm,.xlsm,105228,9ffa9d47d2ec91c02914ee0d70e0bb54b361f4e85b738b4d24ed32dc1887b98a,1,1,1,,3,250,46,0,일위을지,hidden,1,0.0,"[{""sheet"": ""Total construction cost"", ""sheet_state"": ""visible"", ""header_row"": 1, ""quantity_rows"": 9, ""rate_rows"": 6, ""amount_rows"": 6, ""priced_rows"": 6, ""priced_ratio"": 0.6666666666666666, ""description_columns"": ""B"", ""quantity_columns"": ""D"", ""rate_columns"": ""E;G;I"", ""amount_columns"": ""F;H;J;K""}, {""sheet"": ""Construction cost"", ""sheet_state"": ""visible"", ""header_row"": 1, ""quantity_rows"": 98, ""rate_rows"": 46, ""amount_rows"": 19, ""priced_rows"": 46, ""priced_ratio"": 0.46938775510204084, ""description_columns"": ""A;AN;AP"", ""quantity_columns"": ""D"", ""rate_columns"": ""E;G;I;M;N;O;AI;AJ;AK"", ""amount_columns"": ""F;H;J;K;AI""}, {""sheet"": ""일위을지"", ""sheet_state"": ""hidden"", ""header_row"": 1, ""quantity_rows"": 250, ""rate_rows"": 0, ""amount_rows"": 0, ""priced_rows"": 0, ""priced_ratio"": 0.0, ""description_columns"": ""AN;AP"", ""quantity_columns"": ""D"", ""rate_columns"": ""M;N;O;AI;AJ;AK"", ""amount_columns"": ""AI""}]"
2020-00119,L2025-00071-1,공사,한-이라크 심장병 어린이 전문병원 신축공사(재공고),1,L2025-00071-1/붙임2. 현지입찰(재공고입찰) 서류 및 계약서류(안)/IKHCC Section 4 - IKHCC BLANK BOQ 250903/7. Blank bill Firefighting revised 250811/Fire fighting - Mech revised 250812/BLANK BILL.FIREFIGHTING MECH (TOTAL) revised 250812.xls,.xls,342528,b86f9e7d916e329fa492ae9cc76913ba3ae04e606ab3dd8fc8f2491cad9cfcf4,0,1,1,,1,195,195,1,일위대가,hidden,1,1.0,"[{""sheet"": ""일위대가"", ""sheet_state"": ""hidden"", ""header_row"": 1, ""quantity_rows"": 195, ""rate_rows"": 195, ""amount_rows"": 152, ""priced_rows"": 195, ""priced_ratio"": 1.0, ""description_columns"": """", ""quantity_columns"": ""F"", ""rate_columns"": ""G;I;K;M"", ""amount_columns"": ""H;J;L;N""}]"
2020-00119,L2025-00071-1,공사,한-이라크 심장병 어린이 전문병원 신축공사(재공고),1,L2025-00071-1/붙임2. 현지입찰(재공고입찰) 서류 및 계약서류(안)/IKHCC Section 4 - IKHCC BLANK BOQ 250903/7. Blank bill Firefighting revised 250811/Fire fighting - Mech revised 250812/BLANK BILL. FIREFIGHTING MECH (HOSPITAL) revised 250812.xls,.xls,327168,1bce2eb84aabd6f325628ec262acfed2e1741993139ba7d051d86b605fce68c2,0,1,1,,1,195,195,1,일위대가,hidden,1,1.0,"[{""sheet"": ""일위대가"", ""sheet_state"": ""hidden"", ""header_row"": 1, ""quantity_rows"": 195, ""rate_rows"": 195, ""amount_rows"": 152, ""priced_rows"": 195, ""priced_ratio"": 1.0, ""description_columns"": """", ""quantity_columns"": ""F"", ""rate_columns"": ""G;I;K;M"", ""amount_columns"": ""H;J;L;N""}]"
2020-00119,L2025-00071-1,공사,한-이라크 심장병 어린이 전문병원 신축공사(재공고),1,L2025-00071-1/붙임2. 현지입찰(재공고입찰) 서류 및 계약서류(안)/IKHCC Section 4 - IKHCC BLANK BOQ 250903/7. Blank bill Firefighting revised 250811/Fire fighting - Mech revised 250812/BLANK BILL. FIRFEIGHTING MECH(MEP BUILDING) revised 250812.xls,.xls,324096,bfa53a58df75fc8fcf1655e49ee0157f687c1027acd02cdd85a11035db84447a,0,1,1,,1,195,195,1,일위대가,hidden,1,1.0,"[{""sheet"": ""일위대가"", ""sheet_state"": ""hidden"", ""header_row"": 1, ""quantity_rows"": 195, ""rate_rows"": 195, ""amount_rows"": 152, ""priced_rows"": 195, ""priced_ratio"": 1.0, ""description_columns"": """", ""quantity_columns"": ""F"", ""rate_columns"": ""G;I;K;M"", ""amount_columns"": ""H;J;L;N""}]"
2020-00119,L2025-00085-1,공사,(긴급) 한-이라크 심장병 어린이 전문 병원 신축공사(신규입찰),1,L2025-00085-1/붙임2. 현지입찰(신규입찰) 서류 및 계약서류(안).zip,.zip,8300339,ab4f62fcb5f837ea811c186fba2c9bab732bd60f1f3647b9afe2a597301339db,0,0,0,,0,0,0,0,,,,0.0,[]
2020-00119,L2025-00085-1,공사,(긴급) 한-이라크 심장병 어린이 전문 병원 신축공사(신규입찰),1,L2025-00085-1/붙임1. 이라크 한-이라크 심장병 어린이 전문 병원 현지시공 신규 입찰 계획(안)-.hwp,.hwp,249344,bb68ea6de6aa3db162bd305df0bb4820a01b29b7614f94bb63cc1dcf492c57e3,0,0,0,,0,0,0,0,,,,0.0,[]
2020-00119,L2025-00085-1,공사,(긴급) 한-이라크 심장병 어린이 전문 병원 신축공사(신규입찰),1,"L2025-00085-1/붙임2. 현지입찰(신규입찰) 서류 및 계약서류(안)/IKHCC Section 4,5,6 BOQ, Drawing, Spec.docx",.docx,11941,aab74da4619bd3a8a368567d5620e0116eb9da42f75975717f485ef6a83a41b6,0,1,0,,0,0,0,0,,,,0.0,[]
2020-00119,L2025-00085-1,공사,(긴급) 한-이라크 심장병 어린이 전문 병원 신축공사(신규입찰),1,"L2025-00085-1/붙임2. 현지입찰(신규입찰) 서류 및 계약서류(안)/IKHCC Section 7,8 - contract conditions - General & Special conditions. of contract 250903.docx",.docx,216099,714e1ab3c885c7d171424a659f58ac25daa2e1c4d1224f805122032cc3023c50,0,0,0,,0,0,0,0,,,,0.0,[]
2020-00119,L2025-00085-1,공사,(긴급) 한-이라크 심장병 어린이 전문 병원 신축공사(신규입찰),1,L2025-00085-1/붙임2. 현지입찰(신규입찰) 서류 및 계약서류(안)/IKHCC Section 1 - Instructions to bidder in the international bidding of KOICA.docx,.docx,36396,f6a88cecc773cd7ac3ef2355462a4ca189a209d8734b4cfaca617149a9d00258,0,0,0,,0,0,0,0,,,,0.0,[]
2020-00119,L2025-00085-1,공사,(긴급) 한-이라크 심장병 어린이 전문 병원 신축공사(신규입찰),1,L2025-00085-1/붙임2. 현지입찰(신규입찰) 서류 및 계약서류(안)/IKHCC Section 4 - IKHCC BLANK BOQ 250903_최종.zip,.zip,7985017,d1fb3cd141e35125508d3af540e47f947a796eb26fb7150c4905876928a5fb10,0,1,1,,0,0,0,0,,,,0.0,[]
2020-00119,L2025-00085-1,공사,(긴급) 한-이라크 심장병 어린이 전문 병원 신축공사(신규입찰),1,L2025-00085-1/붙임2. 현지입찰(신규입찰) 서류 및 계약서류(안)/★Summary of Bidding _공고용 최종.docx,.docx,19345,76accc7470e2680c82815588881744fc71827a5bbd32b31d6a825b8bf5c90329,0,0,0,,0,0,0,0,,,,0.0,[]
2020-00119,L2025-00085-1,공사,(긴급) 한-이라크 심장병 어린이 전문 병원 신축공사(신규입찰),1,L2025-00085-1/붙임2. 현지입찰(신규입찰) 서류 및 계약서류(안)/IKHCC Section 3 - Bidding Forms 250903.docx,.docx,67889,c2b3017af0bcdcb9ad01eb4633ef4946f3a232014384b1630060aab317348c2b,0,0,0,,0,0,0,0,,,,0.0,[]
2020-00119,L2025-00085-1,공사,(긴급) 한-이라크 심장병 어린이 전문 병원 신축공사(신규입찰),1,L2025-00085-1/붙임2. 현지입찰(신규입찰) 서류 및 계약서류(안)/IKHCC Section 2 - Bid Data Sheet (ITB) (English)  250930 final★.docx,.docx,73167,7908f29806dfaf7fc06c141a1c78fba2bcc3faeae5bf091ae153b01ec8db06b9,0,0,0,,0,0,0,0,,,,0.0,[]
2020-00119,L2025-00085-1,공사,(긴급) 한-이라크 심장병 어린이 전문 병원 신축공사(신규입찰),1,L2025-00085-1/붙임2. 현지입찰(신규입찰) 서류 및 계약서류(안)/IKHCC Section 9 - Contract Forms 250903-1.docx,.docx,37725,ff44cbdfa22ffe60647fa169d583f2c81da67d6776d1c82a46baae7ad063297e,0,0,0,,0,0,0,0,,,,0.0,[]
2020-00119,L2025-00085-1,공사,(긴급) 한-이라크 심장병 어린이 전문 병원 신축공사(신규입찰),1,L2025-00085-1/붙임2. 현지입찰(신규입찰) 서류 및 계약서류(안)/IKHCC Section 4 - IKHCC BLANK BOQ 250903_최종/5. Blank bill Elec revised 250812/BLANK BILL-ELEC - B (MEP BUILDING).xlsm,.xlsm,501858,91dd2575abb4beee6373cfeec8125758dfdc79a1c61a375c7ca02a671198036f,1,1,1,,3,1476,782,1,일위을지,hidden,1,0.5298102981029811,"[{""sheet"": ""Total construction cost"", ""sheet_state"": ""visible"", ""header_row"": 1, ""quantity_rows"": 22, ""rate_rows"": 15, ""amount_rows"": 15, ""priced_rows"": 15, ""priced_ratio"": 0.6818181818181818, ""description_columns"": ""B"", ""quantity_columns"": ""D"", ""rate_columns"": ""E;G;I"", ""amount_columns"": ""F;H;J;K""}, {""sheet"": ""Construction cost"", ""sheet_state"": ""visible"", ""header_row"": 1, ""quantity_rows"": 181, ""rate_rows"": 181, ""amount_rows"": 181, ""priced_rows"": 181, ""priced_ratio"": 1.0, ""description_columns"": ""A;AN;AP"", ""quantity_columns"": ""D"", ""rate_columns"": ""E;G;I;M;N;O;AI;AJ;AK"", ""amount_columns"": ""F;H;J;K;AI""}, {""sheet"": ""일위을지"", ""sheet_state"": ""hidden"", ""header_row"": 1, ""quantity_rows"": 1476, ""rate_rows"": 782, ""amount_rows"": 97, ""priced_rows"": 782, ""priced_ratio"": 0.5298102981029811, ""description_columns"": ""AN;AP"", ""quantity_columns"": ""D"", ""rate_columns"": ""M;N;O;AI;AJ;AK"", ""amount_columns"": ""AI""}]"
2020-00119,L2025-00085-1,공사,(긴급) 한-이라크 심장병 어린이 전문 병원 신축공사(신규입찰),1,L2025-00085-1/붙임2. 현지입찰(신규입찰) 서류 및 계약서류(안)/IKHCC Section 4 - IKHCC BLANK BOQ 250903_최종/5. Blank bill Elec revised 250812/BLANK BILL-ELEC - 0 (TOTAL).xlsm,.xlsm,526626,21096095d93be985d074b4a1e68330275ef71f2824b32410d598c7a1594b07f6,1,1,1,,3,1476,782,1,일위을지,hidden,1,0.5298102981029811,"[{""sheet"": ""Total construction cost"", ""sheet_state"": ""visible"", ""header_row"": 1, ""quantity_rows"": 25, ""rate_rows"": 0, ""amount_rows"": 0, ""priced_rows"": 0, ""priced_ratio"": 0.0, ""description_columns"": ""B"", ""quantity_columns"": ""D"", ""rate_columns"": ""E;G;I"", ""amount_columns"": ""F;H;J;K""}, {""sheet"": ""Construction cost"", ""sheet_state"": ""hidden"", ""header_row"": 1, ""quantity_rows"": 181, ""rate_rows"": 181, ""amount_rows"": 181, ""priced_rows"": 181, ""priced_ratio"": 1.0, ""description_columns"": ""A;AN;AP"", ""quantity_columns"": ""D"", ""rate_columns"": ""E;G;I;M;N;O;AI;AJ;AK"", ""amount_columns"": ""F;H;J;K;AI""}, {""sheet"": ""일위을지"", ""sheet_state"": ""hidden"", ""header_row"": 1, ""quantity_rows"": 1476, ""rate_rows"": 782, ""amount_rows"": 97, ""priced_rows"": 782, ""priced_ratio"": 0.5298102981029811, ""description_columns"": ""AN;AP"", ""quantity_columns"": ""D"", ""rate_columns"": ""M;N;O;AI;AJ;AK"", ""amount_columns"": ""AI""}]"
2020-00119,L2025-00085-1,공사,(긴급) 한-이라크 심장병 어린이 전문 병원 신축공사(신규입찰),1,L2025-00085-1/붙임2. 현지입찰(신규입찰) 서류 및 계약서류(안)/IKHCC Section 4 - IKHCC BLANK BOQ 250903_최종/5. Blank bill Elec revised 250812/BLANK BILL-ELEC - A (HOSPITAL).xlsm,.xlsm,481577,33433bc4c641e89eb4c2ef46824bdc7e1a1d079f323f9d96823049336987ae6e,1,1,1,,3,1476,782,0,일위을지,hidden,1,0.5298102981029811,"[{""sheet"": ""Total construction cost"", ""sheet_state"": ""visible"", ""header_row"": 1, ""quantity_rows"": 20, ""rate_rows"": 8, ""amount_rows"": 8, ""priced_rows"": 8, ""priced_ratio"": 0.4, ""description_columns"": ""B"", ""quantity_columns"": ""D"", ""rate_columns"": ""E;G;I"", ""amount_columns"": ""F;H;J;K""}, {""sheet"": ""Construction cost"", ""sheet_state"": ""visible"", ""header_row"": 1, ""quantity_rows"": 181, ""rate_rows"": 0, ""amount_rows"": 0, ""priced_rows"": 0, ""priced_ratio"": 0.0, ""description_columns"": ""A;AN;AP"", ""quantity_columns"": ""D"", ""rate_columns"": ""E;G;I;M;N;O;AI;AJ;AK"", ""amount_columns"": ""F;H;J;K;AI""}, {""sheet"": ""일위을지"", ""sheet_state"": ""hidden"", ""header_row"": 1, ""quantity_rows"": 1476, ""rate_rows"": 782, ""amount_rows"": 97, ""priced_rows"": 782, ""priced_ratio"": 0.5298102981029811, ""description_columns"": ""AN;AP"", ""quantity_columns"": ""D"", ""rate_columns"": ""M;N;O;AI;AJ;AK"", ""amount_columns"": ""AI""}]"
2020-00119,L2025-00085-1,공사,(긴급) 한-이라크 심장병 어린이 전문 병원 신축공사(신규입찰),1,L2025-00085-1/붙임2. 현지입찰(신규입찰) 서류 및 계약서류(안)/IKHCC Section 4 - IKHCC BLANK BOQ 250903_최종/5. Blank bill Elec revised 250812/BLANK BILL-ELEC - C (BRIDGE).xlsm,.xlsm,528512,e9e9c097356f19ace92baa9eb41371ddaf6c4410bacb4fd4aeccd3016a75f597,1,1,1,,3,1476,782,1,일위을지,hidden,1,0.5298102981029811,"[{""sheet"": ""Total construction cost"", ""sheet_state"": ""visible"", ""header_row"": 1, ""quantity_rows"": 22, ""rate_rows"": 19, ""amount_rows"": 19, ""priced_rows"": 19, ""priced_ratio"": 0.8636363636363636, ""description_columns"": ""B"", ""quantity_columns"": ""D"", ""rate_columns"": ""E;G;I"", ""amount_columns"": ""F;H;J;K""}, {""sheet"": ""Construction cost"", ""sheet_state"": ""visible"", ""header_row"": 1, ""quantity_rows"": 181, ""rate_rows"": 181, ""amount_rows"": 181, ""priced_rows"": 181, ""priced_ratio"": 1.0, ""description_columns"": ""A;AN;AP"", ""quantity_columns"": ""D"", ""rate_columns"": ""E;G;I;M;N;O;AI;AJ;AK"", ""amount_columns"": ""F;H;J;K;AI""}, {""sheet"": ""일위을지"", ""sheet_state"": ""hidden"", ""header_row"": 1, ""quantity_rows"": 1476, ""rate_rows"": 782, ""amount_rows"": 97, ""priced_rows"": 782, ""priced_ratio"": 0.5298102981029811, ""description_columns"": ""AN;AP"", ""quantity_columns"": ""D"", ""rate_columns"": ""M;N;O;AI;AJ;AK"", ""amount_columns"": ""AI""}]"
2020-00119,L2025-00085-1,공사,(긴급) 한-이라크 심장병 어린이 전문 병원 신축공사(신규입찰),1,L2025-00085-1/붙임2. 현지입찰(신규입찰) 서류 및 계약서류(안)/IKHCC Section 4 - IKHCC BLANK BOQ 250903_최종/3 CIVIL/BLANK BILL.CIVIL(HOSPITAL) .xls,.xls,81920,c0b0e1d857d357e06310785027eb14b6c6e3c28491c19fed4dfc9e3030f34ef2,1,1,1,,0,0,0,0,,,,0.0,[]
2020-00119,L2025-00085-1,공사,(긴급) 한-이라크 심장병 어린이 전문 병원 신축공사(신규입찰),1,L2025-00085-1/붙임2. 현지입찰(신규입찰) 서류 및 계약서류(안)/IKHCC Section 4 - IKHCC BLANK BOQ 250903_최종/3 CIVIL/BLANK BILL.CIVIL(PARKING LOT).xls,.xls,58368,33510cb6918366ccd2e38ca39a6fe6a3a14e1ad8a37570bc850277811837ef6a,1,1,1,,0,0,0,0,,,,0.0,[]
2020-00119,L2025-00085-1,공사,(긴급) 한-이라크 심장병 어린이 전문 병원 신축공사(신규입찰),1,L2025-00085-1/붙임2. 현지입찰(신규입찰) 서류 및 계약서류(안)/IKHCC Section 4 - IKHCC BLANK BOQ 250903_최종/3 CIVIL/BLANK BILL.CIVIL(BRIDGE)).xls,.xls,74240,7fbae1f3c71758b2f9dd4d91fc045323ea1864b4be9d2d301a2cbf63a5072570,1,1,1,,0,0,0,0,,,,0.0,[]
2020-00119,L2025-00085-1,공사,(긴급) 한-이라크 심장병 어린이 전문 병원 신축공사(신규입찰),1,L2025-00085-1/붙임2. 현지입찰(신규입찰) 서류 및 계약서류(안)/IKHCC Section 4 - IKHCC BLANK BOQ 250903_최종/3 CIVIL/BLANK BILL.CIVIL (MEP).xls,.xls,74240,1c50470f6121836494e92fb616d765f06e8b3bc5153b11a3c8540a29ac1ec615,1,1,1,,0,0,0,0,,,,0.0,[]
2020-00119,L2025-00085-1,공사,(긴급) 한-이라크 심장병 어린이 전문 병원 신축공사(신규입찰),1,L2025-00085-1/붙임2. 현지입찰(신규입찰) 서류 및 계약서류(안)/IKHCC Section 4 - IKHCC BLANK BOQ 250903_최종/8 Mob & Signage/BILL No8-2 Signages-blank.xlsx,.xlsx,31619,4421d3cb9982d35873aa1763a4a7b1ee4b0d235faaeed68ee92551a4fa1c803f,1,1,1,,1,6,0,0,Works particular bill,visible,1,0.0,"[{""sheet"": ""Works particular bill"", ""sheet_state"": ""visible"", ""header_row"": 1, ""quantity_rows"": 6, ""rate_rows"": 0, ""amount_rows"": 0, ""priced_rows"": 0, ""priced_ratio"": 0.0, ""description_columns"": ""A;Q;AS;AT;AU"", ""quantity_columns"": ""D"", ""rate_columns"": """", ""amount_columns"": ""F;H;J;K;L""}]"
2020-00119,L2025-00085-1,공사,(긴급) 한-이라크 심장병 어린이 전문 병원 신축공사(신규입찰),1,L2025-00085-1/붙임2. 현지입찰(신규입찰) 서류 및 계약서류(안)/IKHCC Section 4 - IKHCC BLANK BOQ 250903_최종/8 Mob & Signage/BILL No8-1 -Mobilization Works-blank.xlsx,.xlsx,638347,95772272ef1568157e0f604c1bb0cae64d776ffaf2b58cf9d26e389a796bb67e,1,1,1,,1,34,0,0,Mobilization,visible,1,0.0,"[{""sheet"": ""Mobilization"", ""sheet_state"": ""visible"", ""header_row"": 1, ""quantity_rows"": 34, ""rate_rows"": 0, ""amount_rows"": 0, ""priced_rows"": 0, ""priced_ratio"": 0.0, ""description_columns"": ""C"", ""quantity_columns"": ""D"", ""rate_columns"": ""F"", ""amount_columns"": ""G""}]"
2020-00119,L2025-00085-1,공사,(긴급) 한-이라크 심장병 어린이 전문 병원 신축공사(신규입찰),1,L2025-00085-1/붙임2. 현지입찰(신규입찰) 서류 및 계약서류(안)/IKHCC Section 4 - IKHCC BLANK BOQ 250903_최종/4 MECH/BLANK  BILL.MECH(TOTAL).xls,.xls,1402880,943c92d368e4e26e68ff2d5dc17a80fc0672c2766d586d3aa6c68578e0614040,1,1,1,,1,831,823,1,일위대가,hidden,1,0.9903730445246691,"[{""sheet"": ""일위대가"", ""sheet_state"": ""hidden"", ""header_row"": 1, ""quantity_rows"": 831, ""rate_rows"": 823, ""amount_rows"": 695, ""priced_rows"": 823, ""priced_ratio"": 0.9903730445246691, ""description_columns"": """", ""quantity_columns"": ""F"", ""rate_columns"": ""G;I;K;M"", ""amount_columns"": ""H;J;L;N""}]"
2020-00119,L2025-00085-1,공사,(긴급) 한-이라크 심장병 어린이 전문 병원 신축공사(신규입찰),1,L2025-00085-1/붙임2. 현지입찰(신규입찰) 서류 및 계약서류(안)/IKHCC Section 4 - IKHCC BLANK BOQ 250903_최종/4 MECH/BLANK BILL.MECH(MEP).xls,.xls,1337344,2d0e5689227e4bbd2311904d4351ff0bca308e5b11c4d1d202496909acd5388c,1,1,1,,1,831,823,1,일위대가,hidden,1,0.9903730445246691,"[{""sheet"": ""일위대가"", ""sheet_state"": ""hidden"", ""header_row"": 1, ""quantity_rows"": 831, ""rate_rows"": 823, ""amount_rows"": 695, ""priced_rows"": 823, ""priced_ratio"": 0.9903730445246691, ""description_columns"": """", ""quantity_columns"": ""F"", ""rate_columns"": ""G;I;K;M"", ""amount_columns"": ""H;J;L;N""}]"
2020-00119,L2025-00085-1,공사,(긴급) 한-이라크 심장병 어린이 전문 병원 신축공사(신규입찰),1,L2025-00085-1/붙임2. 현지입찰(신규입찰) 서류 및 계약서류(안)/IKHCC Section 4 - IKHCC BLANK BOQ 250903_최종/4 MECH/BLANK BILL.MECH(HOSPITAL).xls,.xls,1235968,8720d754cc3e986be036e1cfdef45baf74559f7549f20d481b8bac23e8336af7,1,1,1,,1,831,823,1,일위대가,hidden,1,0.9903730445246691,"[{""sheet"": ""일위대가"", ""sheet_state"": ""hidden"", ""header_row"": 1, ""quantity_rows"": 831, ""rate_rows"": 823, ""amount_rows"": 695, ""priced_rows"": 823, ""priced_ratio"": 0.9903730445246691, ""description_columns"": """", ""quantity_columns"": ""F"", ""rate_columns"": ""G;I;K;M"", ""amount_columns"": ""H;J;L;N""}]"
2020-00119,L2025-00085-1,공사,(긴급) 한-이라크 심장병 어린이 전문 병원 신축공사(신규입찰),1,L2025-00085-1/붙임2. 현지입찰(신규입찰) 서류 및 계약서류(안)/IKHCC Section 4 - IKHCC BLANK BOQ 250903_최종/4 MECH/BLANK BILL.MECH(BRIDGE).xls,.xls,1424896,b61e26e6dff7092b2fe58420cc843f0e7722f7a0335f7bcb6684128a02b6ec16,1,1,1,,1,831,823,1,일위대가,hidden,1,0.9903730445246691,"[{""sheet"": ""일위대가"", ""sheet_state"": ""hidden"", ""header_row"": 1, ""quantity_rows"": 831, ""rate_rows"": 823, ""amount_rows"": 695, ""priced_rows"": 823, ""priced_ratio"": 0.9903730445246691, ""description_columns"": """", ""quantity_columns"": ""F"", ""rate_columns"": ""G;I;K;M"", ""amount_columns"": ""H;J;L;N""}]"
2020-00119,L2025-00085-1,공사,(긴급) 한-이라크 심장병 어린이 전문 병원 신축공사(신규입찰),1,L2025-00085-1/붙임2. 현지입찰(신규입찰) 서류 및 계약서류(안)/IKHCC Section 4 - IKHCC BLANK BOQ 250903_최종/1 Architectural & summery/BILL No1 -Architectural Works-01. HOSPITAL(BLANK BILL).xlsx,.xlsx,677921,47d79c95e2c3273f84778935276c94526e369cc1b1bc057f6b03c998f44e253f,1,1,1,,2,377,0,0,Works particular bill,visible,1,0.0,"[{""sheet"": ""Work total table"", ""sheet_state"": ""visible"", ""header_row"": 1, ""quantity_rows"": 16, ""rate_rows"": 0, ""amount_rows"": 0, ""priced_rows"": 0, ""priced_ratio"": 0.0, ""description_columns"": ""A;N;P;Q;R;S"", ""quantity_columns"": ""D"", ""rate_columns"": """", ""amount_columns"": ""K;T""}, {""sheet"": ""Works particular bill"", ""sheet_state"": ""visible"", ""header_row"": 1, ""quantity_rows"": 377, ""rate_rows"": 0, ""amount_rows"": 0, ""priced_rows"": 0, ""priced_ratio"": 0.0, ""description_columns"": ""A;Q;AS;AT;AU"", ""quantity_columns"": ""D"", ""rate_columns"": """", ""amount_columns"": ""F;H;J;K;L""}]"
2020-00119,L2025-00085-1,공사,(긴급) 한-이라크 심장병 어린이 전문 병원 신축공사(신규입찰),1,L2025-00085-1/붙임2. 현지입찰(신규입찰) 서류 및 계약서류(안)/IKHCC Section 4 - IKHCC BLANK BOQ 250903_최종/1 Architectural & summery/BILL No1 -Architectural Works-03. BRIDGE(BLANK BILL).xlsx,.xlsx,643812,9af2b1263622fb9487fbf8ea97b31ead65763962f1c58d657985557a58983e83,1,1,1,,2,48,0,0,Works particular bill,visible,1,0.0,"[{""sheet"": ""Work total table"", ""sheet_state"": ""visible"", ""header_row"": 1, ""quantity_rows"": 11, ""rate_rows"": 0, ""amount_rows"": 0, ""priced_rows"": 0, ""priced_ratio"": 0.0, ""description_columns"": ""A;N;P;Q;R;S"", ""quantity_columns"": ""D"", ""rate_columns"": """", ""amount_columns"": ""K;T""}, {""sheet"": ""Works particular bill"", ""sheet_state"": ""visible"", ""header_row"": 1, ""quantity_rows"": 48, ""rate_rows"": 0, ""amount_rows"": 0, ""priced_rows"": 0, ""priced_ratio"": 0.0, ""description_columns"": ""A;Q;AS;AT;AU"", ""quantity_columns"": ""D"", ""rate_columns"": """", ""amount_columns"": ""F;H;J;K;L""}]"
2020-00119,L2025-00085-1,공사,(긴급) 한-이라크 심장병 어린이 전문 병원 신축공사(신규입찰),1,L2025-00085-1/붙임2. 현지입찰(신규입찰) 서류 및 계약서류(안)/IKHCC Section 4 - IKHCC BLANK BOQ 250903_최종/1 Architectural & summery/BILL No1 -Architectural Works-02. MEP BUILDING(BLANK BILL).xlsx,.xlsx,670008,e882c3f7b2c691fc22ee6ee99fba87f9ca830eb3c133892b8c8800d7d02e97cb,1,1,1,,2,149,0,0,Works particular bill,visible,1,0.0,"[{""sheet"": ""Work total table"", ""sheet_state"": ""visible"", ""header_row"": 1, ""quantity_rows"": 29, ""rate_rows"": 0, ""amount_rows"": 0, ""priced_rows"": 0, ""priced_ratio"": 0.0, ""description_columns"": ""A;N;P;Q;R;S"", ""quantity_columns"": ""D"", ""rate_columns"": """", ""amount_columns"": ""K;T""}, {""sheet"": ""Works particular bill"", ""sheet_state"": ""visible"", ""header_row"": 1, ""quantity_rows"": 149, ""rate_rows"": 0, ""amount_rows"": 0, ""priced_rows"": 0, ""priced_ratio"": 0.0, ""description_columns"": ""A;Q;AS;AT;AU"", ""quantity_columns"": ""D"", ""rate_columns"": """", ""amount_columns"": ""F;H;J;K;L""}]"
2020-00119,L2025-00085-1,공사,(긴급) 한-이라크 심장병 어린이 전문 병원 신축공사(신규입찰),1,L2025-00085-1/붙임2. 현지입찰(신규입찰) 서류 및 계약서류(안)/IKHCC Section 4 - IKHCC BLANK BOQ 250903_최종/1 Architectural & summery/Bill _Total Cost Summary-Blank 250306.xlsx,.xlsx,636201,91332400de69e34ae40026af2416f1b516644fe7da6004e86983efa25e049eac,1,1,1,,0,0,0,0,,,,0.0,[]
2020-00119,L2025-00085-1,공사,(긴급) 한-이라크 심장병 어린이 전문 병원 신축공사(신규입찰),1,L2025-00085-1/붙임2. 현지입찰(신규입찰) 서류 및 계약서류(안)/IKHCC Section 4 - IKHCC BLANK BOQ 250903_최종/6.Blank bill Comm revised 250812/BLANK BILL-COMMUN - 0 (TOTAL).xlsm,.xlsm,326212,531209bc36fd5556f27cda100673dc9536c73b02d3f9bf7a6a89f35435375b14,1,1,1,,3,826,479,1,일위을지,hidden,1,0.5799031476997578,"[{""sheet"": ""Total construction cost"", ""sheet_state"": ""visible"", ""header_row"": 1, ""quantity_rows"": 24, ""rate_rows"": 0, ""amount_rows"": 0, ""priced_rows"": 0, ""priced_ratio"": 0.0, ""description_columns"": ""B"", ""quantity_columns"": ""D"", ""rate_columns"": ""E;G;I"", ""amount_columns"": ""F;H;J;K""}, {""sheet"": ""Construction cost"", ""sheet_state"": ""hidden"", ""header_row"": 1, ""quantity_rows"": 108, ""rate_rows"": 108, ""amount_rows"": 108, ""priced_rows"": 108, ""priced_ratio"": 1.0, ""description_columns"": ""A;AN;AP"", ""quantity_columns"": ""D"", ""rate_columns"": ""E;G;I;M;N;O;AI;AJ;AK"", ""amount_columns"": ""F;H;J;K;AI""}, {""sheet"": ""일위을지"", ""sheet_state"": ""hidden"", ""header_row"": 1, ""quantity_rows"": 826, ""rate_rows"": 479, ""amount_rows"": 46, ""priced_rows"": 479, ""priced_ratio"": 0.5799031476997578, ""description_columns"": ""AN;AP"", ""quantity_columns"": ""D"", ""rate_columns"": ""M;N;O;AI;AJ;AK"", ""amount_columns"": ""AI""}]"
2020-00119,L2025-00085-1,공사,(긴급) 한-이라크 심장병 어린이 전문 병원 신축공사(신규입찰),1,L2025-00085-1/붙임2. 현지입찰(신규입찰) 서류 및 계약서류(안)/IKHCC Section 4 - IKHCC BLANK BOQ 250903_최종/6.Blank bill Comm revised 250812/BLANK BILL-COMMUN - C (BRIDGE).xlsm,.xlsm,330971,40e1a242e8e22894db16ff02bc88da5a0378a15809bb07beacad2f113b644167,1,1,1,,3,826,479,1,일위을지,hidden,1,0.5799031476997578,"[{""sheet"": ""Total construction cost"", ""sheet_state"": ""visible"", ""header_row"": 1, ""quantity_rows"": 21, ""rate_rows"": 19, ""amount_rows"": 19, ""priced_rows"": 19, ""priced_ratio"": 0.9047619047619048, ""description_columns"": ""B"", ""quantity_columns"": ""D"", ""rate_columns"": ""E;G;I"", ""amount_columns"": ""F;H;J;K""}, {""sheet"": ""Construction cost"", ""sheet_state"": ""visible"", ""header_row"": 1, ""quantity_rows"": 108, ""rate_rows"": 108, ""amount_rows"": 108, ""priced_rows"": 108, ""priced_ratio"": 1.0, ""description_columns"": ""A;AN;AP"", ""quantity_columns"": ""D"", ""rate_columns"": ""E;G;I;M;N;O;AI;AJ;AK"", ""amount_columns"": ""F;H;J;K;AI""}, {""sheet"": ""일위을지"", ""sheet_state"": ""hidden"", ""header_row"": 1, ""quantity_rows"": 826, ""rate_rows"": 479, ""amount_rows"": 46, ""priced_rows"": 479, ""priced_ratio"": 0.5799031476997578, ""description_columns"": ""AN;AP"", ""quantity_columns"": ""D"", ""rate_columns"": ""M;N;O;AI;AJ;AK"", ""amount_columns"": ""AI""}]"
2020-00119,L2025-00085-1,공사,(긴급) 한-이라크 심장병 어린이 전문 병원 신축공사(신규입찰),1,L2025-00085-1/붙임2. 현지입찰(신규입찰) 서류 및 계약서류(안)/IKHCC Section 4 - IKHCC BLANK BOQ 250903_최종/6.Blank bill Comm revised 250812/BLANK BILL-COMMUN - B (MEP BUILDING).xlsm,.xlsm,326315,3578e3ca6d1f3136990f2e12009056b0b070e80a5e53b0f0746f3c42e9dc0f79,1,1,1,,3,826,479,1,일위을지,hidden,1,0.5799031476997578,"[{""sheet"": ""Total construction cost"", ""sheet_state"": ""visible"", ""header_row"": 1, ""quantity_rows"": 21, ""rate_rows"": 16, ""amount_rows"": 16, ""priced_rows"": 16, ""priced_ratio"": 0.7619047619047619, ""description_columns"": ""B"", ""quantity_columns"": ""D"", ""rate_columns"": ""E;G;I"", ""amount_columns"": ""F;H;J;K""}, {""sheet"": ""Construction cost"", ""sheet_state"": ""visible"", ""header_row"": 1, ""quantity_rows"": 108, ""rate_rows"": 108, ""amount_rows"": 108, ""priced_rows"": 108, ""priced_ratio"": 1.0, ""description_columns"": ""A;AN;AP"", ""quantity_columns"": ""D"", ""rate_columns"": ""E;G;I;M;N;O;AI;AJ;AK"", ""amount_columns"": ""F;H;J;K;AI""}, {""sheet"": ""일위을지"", ""sheet_state"": ""hidden"", ""header_row"": 1, ""quantity_rows"": 826, ""rate_rows"": 479, ""amount_rows"": 46, ""priced_rows"": 479, ""priced_ratio"": 0.5799031476997578, ""description_columns"": ""AN;AP"", ""quantity_columns"": ""D"", ""rate_columns"": ""M;N;O;AI;AJ;AK"", ""amount_columns"": ""AI""}]"
2020-00119,L2025-00085-1,공사,(긴급) 한-이라크 심장병 어린이 전문 병원 신축공사(신규입찰),1,L2025-00085-1/붙임2. 현지입찰(신규입찰) 서류 및 계약서류(안)/IKHCC Section 4 - IKHCC BLANK BOQ 250903_최종/6.Blank bill Comm revised 250812/BLANK BILL-COMMUN - A (HOSPITAL).xlsm,.xlsm,289659,e77a6c920e625055518141f190d459882c70792f382551359dd5293c03a7a322,1,1,1,,3,826,479,0,일위을지,hidden,1,0.5799031476997578,"[{""sheet"": ""Total construction cost"", ""sheet_state"": ""visible"", ""header_row"": 1, ""quantity_rows"": 19, ""rate_rows"": 5, ""amount_rows"": 5, ""priced_rows"": 5, ""priced_ratio"": 0.2631578947368421, ""description_columns"": ""B"", ""quantity_columns"": ""D"", ""rate_columns"": ""E;G;I"", ""amount_columns"": ""F;H;J;K""}, {""sheet"": ""Construction cost"", ""sheet_state"": ""visible"", ""header_row"": 1, ""quantity_rows"": 108, ""rate_rows"": 0, ""amount_rows"": 0, ""priced_rows"": 0, ""priced_ratio"": 0.0, ""description_columns"": ""A;AN;AP"", ""quantity_columns"": ""D"", ""rate_columns"": ""E;G;I;M;N;O;AI;AJ;AK"", ""amount_columns"": ""F;H;J;K;AI""}, {""sheet"": ""일위을지"", ""sheet_state"": ""hidden"", ""header_row"": 1, ""quantity_rows"": 826, ""rate_rows"": 479, ""amount_rows"": 46, ""priced_rows"": 479, ""priced_ratio"": 0.5799031476997578, ""description_columns"": ""AN;AP"", ""quantity_columns"": ""D"", ""rate_columns"": ""M;N;O;AI;AJ;AK"", ""amount_columns"": ""AI""}]"
2020-00119,L2025-00085-1,공사,(긴급) 한-이라크 심장병 어린이 전문 병원 신축공사(신규입찰),1,L2025-00085-1/붙임2. 현지입찰(신규입찰) 서류 및 계약서류(안)/IKHCC Section 4 - IKHCC BLANK BOQ 250903_최종/2 Land/BILL No2-LAND-blank.xlsx,.xlsx,61604,c1bc5d70f7890380284bc1ac52db2ebd9027a588f1855aab191d262d2d5e98ba,1,1,1,,0,0,0,0,,,,0.0,[]
2020-00119,L2025-00085-1,공사,(긴급) 한-이라크 심장병 어린이 전문 병원 신축공사(신규입찰),1,L2025-00085-1/붙임2. 현지입찰(신규입찰) 서류 및 계약서류(안)/IKHCC Section 4 - IKHCC BLANK BOQ 250903_최종/7. Blank bill Firefighting revised 250811/FIREFIGHTING_ELEC/BLANK BILL-FIRE FIGHTING ELEC - 0 (TOTAL).xlsm,.xlsm,107555,83f64c03b3ed36d32e44a5a855a050c75a9fdca09e13d0409d4bbfc481a02d66,1,1,1,,3,250,86,0,일위을지,hidden,1,0.0,"[{""sheet"": ""Total construction cost"", ""sheet_state"": ""visible"", ""header_row"": 1, ""quantity_rows"": 9, ""rate_rows"": 0, ""amount_rows"": 0, ""priced_rows"": 0, ""priced_ratio"": 0.0, ""description_columns"": ""B"", ""quantity_columns"": ""D"", ""rate_columns"": ""E;G;I"", ""amount_columns"": ""F;H;J;K""}, {""sheet"": ""Construction cost"", ""sheet_state"": ""hidden"", ""header_row"": 1, ""quantity_rows"": 98, ""rate_rows"": 86, ""amount_rows"": 31, ""priced_rows"": 86, ""priced_ratio"": 0.8775510204081632, ""description_columns"": ""A;AN;AP"", ""quantity_columns"": ""D"", ""rate_columns"": ""E;G;I;M;N;O;AI;AJ;AK"", ""amount_columns"": ""F;H;J;K;AI""}, {""sheet"": ""일위을지"", ""sheet_state"": ""hidden"", ""header_row"": 1, ""quantity_rows"": 250, ""rate_rows"": 0, ""amount_rows"": 0, ""priced_rows"": 0, ""priced_ratio"": 0.0, ""description_columns"": ""AN;AP"", ""quantity_columns"": ""D"", ""rate_columns"": ""M;N;O;AI;AJ;AK"", ""amount_columns"": ""AI""}]"
2020-00119,L2025-00085-1,공사,(긴급) 한-이라크 심장병 어린이 전문 병원 신축공사(신규입찰),1,L2025-00085-1/붙임2. 현지입찰(신규입찰) 서류 및 계약서류(안)/IKHCC Section 4 - IKHCC BLANK BOQ 250903_최종/7. Blank bill Firefighting revised 250811/FIREFIGHTING_ELEC/BLANK BILL-FIRE FIGHTING ELEC - C (BRIDGE).xlsm,.xlsm,108291,a66b56e34694551d25d1c71e5d21cdd34ef6cdc5d1fe9913d7a8fdd2168407ed,1,1,1,,3,250,75,0,일위을지,hidden,1,0.0,"[{""sheet"": ""Total construction cost"", ""sheet_state"": ""visible"", ""header_row"": 1, ""quantity_rows"": 9, ""rate_rows"": 7, ""amount_rows"": 7, ""priced_rows"": 7, ""priced_ratio"": 0.7777777777777778, ""description_columns"": ""B"", ""quantity_columns"": ""D"", ""rate_columns"": ""E;G;I"", ""amount_columns"": ""F;H;J;K""}, {""sheet"": ""Construction cost"", ""sheet_state"": ""visible"", ""header_row"": 1, ""quantity_rows"": 98, ""rate_rows"": 75, ""amount_rows"": 29, ""priced_rows"": 75, ""priced_ratio"": 0.7653061224489796, ""description_columns"": ""A;AN;AP"", ""quantity_columns"": ""D"", ""rate_columns"": ""E;G;I;M;N;O;AI;AJ;AK"", ""amount_columns"": ""F;H;J;K;AI""}, {""sheet"": ""일위을지"", ""sheet_state"": ""hidden"", ""header_row"": 1, ""quantity_rows"": 250, ""rate_rows"": 0, ""amount_rows"": 0, ""priced_rows"": 0, ""priced_ratio"": 0.0, ""description_columns"": ""AN;AP"", ""quantity_columns"": ""D"", ""rate_columns"": ""M;N;O;AI;AJ;AK"", ""amount_columns"": ""AI""}]"
2020-00119,L2025-00085-1,공사,(긴급) 한-이라크 심장병 어린이 전문 병원 신축공사(신규입찰),1,L2025-00085-1/붙임2. 현지입찰(신규입찰) 서류 및 계약서류(안)/IKHCC Section 4 - IKHCC BLANK BOQ 250903_최종/7. Blank bill Firefighting revised 250811/FIREFIGHTING_ELEC/BLANK BILL-FIRE FIGHTING ELEC - B (MEP BUILDING).xlsm,.xlsm,105175,21ba91bb3b87cc4a3fbb83a64a4685c946ad254bee1449d1f253a46e3fbf8544,1,1,1,,3,250,51,0,일위을지,hidden,1,0.0,"[{""sheet"": ""Total construction cost"", ""sheet_state"": ""visible"", ""header_row"": 1, ""quantity_rows"": 9, ""rate_rows"": 6, ""amount_rows"": 6, ""priced_rows"": 6, ""priced_ratio"": 0.6666666666666666, ""description_columns"": ""B"", ""quantity_columns"": ""D"", ""rate_columns"": ""E;G;I"", ""amount_columns"": ""F;H;J;K""}, {""sheet"": ""Construction cost"", ""sheet_state"": ""visible"", ""header_row"": 1, ""quantity_rows"": 98, ""rate_rows"": 51, ""amount_rows"": 14, ""priced_rows"": 51, ""priced_ratio"": 0.5204081632653061, ""description_columns"": ""A;AN;AP"", ""quantity_columns"": ""D"", ""rate_columns"": ""E;G;I;M;N;O;AI;AJ;AK"", ""amount_columns"": ""F;H;J;K;AI""}, {""sheet"": ""일위을지"", ""sheet_state"": ""hidden"", ""header_row"": 1, ""quantity_rows"": 250, ""rate_rows"": 0, ""amount_rows"": 0, ""priced_rows"": 0, ""priced_ratio"": 0.0, ""description_columns"": ""AN;AP"", ""quantity_columns"": ""D"", ""rate_columns"": ""M;N;O;AI;AJ;AK"", ""amount_columns"": ""AI""}]"
2020-00119,L2025-00085-1,공사,(긴급) 한-이라크 심장병 어린이 전문 병원 신축공사(신규입찰),1,L2025-00085-1/붙임2. 현지입찰(신규입찰) 서류 및 계약서류(안)/IKHCC Section 4 - IKHCC BLANK BOQ 250903_최종/7. Blank bill Firefighting revised 250811/FIREFIGHTING_ELEC/BLANK BILL-FIRE FIGHTING ELEC - A (HOSPITAL).xlsm,.xlsm,105228,9ffa9d47d2ec91c02914ee0d70e0bb54b361f4e85b738b4d24ed32dc1887b98a,1,1,1,,3,250,46,0,일위을지,hidden,1,0.0,"[{""sheet"": ""Total construction cost"", ""sheet_state"": ""visible"", ""header_row"": 1, ""quantity_rows"": 9, ""rate_rows"": 6, ""amount_rows"": 6, ""priced_rows"": 6, ""priced_ratio"": 0.6666666666666666, ""description_columns"": ""B"", ""quantity_columns"": ""D"", ""rate_columns"": ""E;G;I"", ""amount_columns"": ""F;H;J;K""}, {""sheet"": ""Construction cost"", ""sheet_state"": ""visible"", ""header_row"": 1, ""quantity_rows"": 98, ""rate_rows"": 46, ""amount_rows"": 19, ""priced_rows"": 46, ""priced_ratio"": 0.46938775510204084, ""description_columns"": ""A;AN;AP"", ""quantity_columns"": ""D"", ""rate_columns"": ""E;G;I;M;N;O;AI;AJ;AK"", ""amount_columns"": ""F;H;J;K;AI""}, {""sheet"": ""일위을지"", ""sheet_state"": ""hidden"", ""header_row"": 1, ""quantity_rows"": 250, ""rate_rows"": 0, ""amount_rows"": 0, ""priced_rows"": 0, ""priced_ratio"": 0.0, ""description_columns"": ""AN;AP"", ""quantity_columns"": ""D"", ""rate_columns"": ""M;N;O;AI;AJ;AK"", ""amount_columns"": ""AI""}]"
2020-00119,L2025-00085-1,공사,(긴급) 한-이라크 심장병 어린이 전문 병원 신축공사(신규입찰),1,L2025-00085-1/붙임2. 현지입찰(신규입찰) 서류 및 계약서류(안)/IKHCC Section 4 - IKHCC BLANK BOQ 250903_최종/7. Blank bill Firefighting revised 250811/Fire fighting - Mech revised 250812/BILL FIREFIGHTING MECH (TOTAL).xls,.xls,342528,b86f9e7d916e329fa492ae9cc76913ba3ae04e606ab3dd8fc8f2491cad9cfcf4,1,1,1,,1,195,195,1,일위대가,hidden,1,1.0,"[{""sheet"": ""일위대가"", ""sheet_state"": ""hidden"", ""header_row"": 1, ""quantity_rows"": 195, ""rate_rows"": 195, ""amount_rows"": 152, ""priced_rows"": 195, ""priced_ratio"": 1.0, ""description_columns"": """", ""quantity_columns"": ""F"", ""rate_columns"": ""G;I;K;M"", ""amount_columns"": ""H;J;L;N""}]"
2020-00119,L2025-00085-1,공사,(긴급) 한-이라크 심장병 어린이 전문 병원 신축공사(신규입찰),1,L2025-00085-1/붙임2. 현지입찰(신규입찰) 서류 및 계약서류(안)/IKHCC Section 4 - IKHCC BLANK BOQ 250903_최종/7. Blank bill Firefighting revised 250811/Fire fighting - Mech revised 250812/BILL. FIREFIGHTING MECH (HOSPITAL).xls,.xls,327168,b5f2993a823a4828a8d8759c31f310612cfe99ec916b0b54f30f251325c90d7b,0,1,1,,1,195,195,1,일위대가,hidden,1,1.0,"[{""sheet"": ""일위대가"", ""sheet_state"": ""hidden"", ""header_row"": 1, ""quantity_rows"": 195, ""rate_rows"": 195, ""amount_rows"": 152, ""priced_rows"": 195, ""priced_ratio"": 1.0, ""description_columns"": """", ""quantity_columns"": ""F"", ""rate_columns"": ""G;I;K;M"", ""amount_columns"": ""H;J;L;N""}]"
2020-00119,L2025-00085-1,공사,(긴급) 한-이라크 심장병 어린이 전문 병원 신축공사(신규입찰),1,L2025-00085-1/붙임2. 현지입찰(신규입찰) 서류 및 계약서류(안)/IKHCC Section 4 - IKHCC BLANK BOQ 250903_최종/7. Blank bill Firefighting revised 250811/Fire fighting - Mech revised 250812/BILL. FIRFEIGHTING MECH(MEP BUILDING).xls,.xls,324096,a2c13abecdd649c9d69a323713ec4bff622a5b2b9a0fdccc74e7e12b80429735,0,1,1,,1,195,195,1,일위대가,hidden,1,1.0,"[{""sheet"": ""일위대가"", ""sheet_state"": ""hidden"", ""header_row"": 1, ""quantity_rows"": 195, ""rate_rows"": 195, ""amount_rows"": 152, ""priced_rows"": 195, ""priced_ratio"": 1.0, ""description_columns"": """", ""quantity_columns"": ""F"", ""rate_columns"": ""G;I;K;M"", ""amount_columns"": ""H;J;L;N""}]"
2021-00156,L2024-00052-1,용역,인도네시아 보고르대학교 첨단 연구실험센터 설계 및 시공감리 용역업체 선정,0,L2024-00052-1/입찰관련서류.zip,.zip,5907579,a989da9dd6b2849b428612341ead633612336cd349d28a3f66a26d4529c76602,0,0,0,,0,0,0,0,,,,0.0,[]
2021-00156,L2024-00052-1,용역,인도네시아 보고르대학교 첨단 연구실험센터 설계 및 시공감리 용역업체 선정,0,L2024-00052-1/입찰관련서류/Section 9 - Contract Forms_░Φ╛α╝¡(┐╡╣«)_Final_R2.docx,.docx,25553,e366313f0a31a35d43d4083bb0403ee669ce71b203bdcce474007d54da19b7f2,0,0,0,,0,0,0,0,,,,0.0,[]
2021-00156,L2024-00052-1,용역,인도네시아 보고르대학교 첨단 연구실험센터 설계 및 시공감리 용역업체 선정,0,L2024-00052-1/입찰관련서류/Section 2 - Bid Data Sheet (BDS)_└╘┬√░°░φ┐δ ├╓┴╛.docx,.docx,63578,347e81d23e4ae901a13954edce85ada268aa96b6a3356836703c66d229539d29,0,0,0,,0,0,0,0,,,,0.0,[]
2021-00156,L2024-00052-1,용역,인도네시아 보고르대학교 첨단 연구실험센터 설계 및 시공감리 용역업체 선정,0,L2024-00052-1/입찰관련서류/Section 3 - Bidding Forms_╝÷┴ñ_R3.docx,.docx,70077,5c83573b733fece76e195a27bafee825d1fc69e1bb8778eaf49065fcac8e513e,0,0,0,,0,0,0,0,,,,0.0,[]
2021-00156,L2024-00052-1,용역,인도네시아 보고르대학교 첨단 연구실험센터 설계 및 시공감리 용역업체 선정,0,L2024-00052-1/입찰관련서류/Section 1 - Instructions to Bidders (ITB)_╝÷┴ñ.docx,.docx,31609,58bcccae4368e59a75496c8eb175b1c15cd30ed1fca12b46e2a52a16b0b742b7,0,0,0,,0,0,0,0,,,,0.0,[]
2021-00156,L2024-00052-1,용역,인도네시아 보고르대학교 첨단 연구실험센터 설계 및 시공감리 용역업체 선정,0,L2024-00052-1/입찰관련서류/Power of Attorney for the authority to sign and execute contracts (░Φ╛α╝¡ ╝¡╕φ▒╟╟╤ └º└╙└σ).docx,.docx,18360,6cc95c9ca4e7c4c9c0737e41ae9deb81824a6a98abbd2ec37d08ebad561971b4,0,0,0,,0,0,0,0,,,,0.0,[]
2021-00156,L2024-00052-1,용역,인도네시아 보고르대학교 첨단 연구실험센터 설계 및 시공감리 용역업체 선정,0,L2024-00052-1/입찰관련서류/Section 6 - Selection method of successful bidder_│½┬√└┌ ╝▒┴ñ╣µ╜─ ╛╚│╗╣«(┐╡╣«)_Final.docx,.docx,32574,f13c96bc154b575b1cac959f33c6b2b36e35b8cb3dda44408c62d9b983c7cce0,0,0,0,,0,0,0,0,,,,0.0,[]
2021-00156,L2024-00052-1,용역,인도네시아 보고르대학교 첨단 연구실험센터 설계 및 시공감리 용역업체 선정,0,L2024-00052-1/입찰관련서류/Section 10 - Pledges.zip,.zip,85586,ace77f0c472bac41b05b3348d76f2fece600d55060d9bc370047c00e36f9a7da,0,0,0,,0,0,0,0,,,,0.0,[]
2021-00156,L2024-00052-1,용역,인도네시아 보고르대학교 첨단 연구실험센터 설계 및 시공감리 용역업체 선정,0,L2024-00052-1/입찰관련서류/Section 7 - General Conditions of Contract_R1.docx,.docx,38267,5a80f5fa33d10e9b27548cae0d1431c4d10231751a786201a6805a295e76740a,0,0,0,,0,0,0,0,,,,0.0,[]
2021-00156,L2024-00052-1,용역,인도네시아 보고르대학교 첨단 연구실험센터 설계 및 시공감리 용역업체 선정,0,L2024-00052-1/입찰관련서류/Section 5 - Guideline of Construction Supervision_╜├░°░¿╕« ╝÷╟α ┴÷─º ╣╫ ┴╓┐Σ ╛τ╜─(┐╡╣«)_Final.docx,.docx,23895,9a95b16d19a0fcedd5bd3ddc133ca0cf4ea394bc1b1e705b7a84e28c1bfdc3d8,0,0,0,,0,0,0,0,,,,0.0,[]
2021-00156,L2024-00052-1,용역,인도네시아 보고르대학교 첨단 연구실험센터 설계 및 시공감리 용역업체 선정,0,L2024-00052-1/입찰관련서류/Section 4 - Request for Proposal (RFP)_Design Service_╝│░Φ░·╛≈┴÷╜├╝¡(┐╡╣«)_Final_R2.pdf,.pdf,5761639,f66030eb4979178b15f548f1a2e120928b7c117c890d02a03043decd1e352665,0,0,0,,0,0,0,0,,,,0.0,[]
2021-00156,L2024-00052-1,용역,인도네시아 보고르대학교 첨단 연구실험센터 설계 및 시공감리 용역업체 선정,0,L2024-00052-1/입찰관련서류/Section 8 - Special Conditions of Contract_R3.docx,.docx,41944,7f2e5c3e0c9e7ffa87e764381c255bba01c67917704479e36eaf325017e04ecd,0,0,0,,0,0,0,0,,,,0.0,[]
2021-00156,L2024-00052-1,용역,인도네시아 보고르대학교 첨단 연구실험센터 설계 및 시공감리 용역업체 선정,0,L2024-00052-1/입찰관련서류/Section 10 - Pledges/Integrity Pledge (청렴계약서).docx,.docx,36507,bbf88b1bc23c5ed931639e65f36d47df7d7fbdb8447562024b0cf9f04ec6d6b6,0,0,0,,0,0,0,0,,,,0.0,[]
2021-00156,L2024-00052-1,용역,인도네시아 보고르대학교 첨단 연구실험센터 설계 및 시공감리 용역업체 선정,0,L2024-00052-1/입찰관련서류/Section 10 - Pledges/Fair Contract Pledge Letter (공정계약 서약서).docx,.docx,18756,379cc784a159e5c15ba0045a32dd793d03827ad46a1e4a966b9810ad99102277,0,0,0,,0,0,0,0,,,,0.0,[]
2021-00156,L2024-00052-1,용역,인도네시아 보고르대학교 첨단 연구실험센터 설계 및 시공감리 용역업체 선정,0,L2024-00052-1/입찰관련서류/Section 10 - Pledges/Action Pledge to Integrate Human Rights into Business Management of International Development Cooperation Projects (국제개발협력사업 인권경영 실천 서야.docx,.docx,19215,46af17d37aeab4e26df886f92c4955b1f059d0e3597f97e7e54f4f35fcbf63bf,0,0,0,,0,0,0,0,,,,0.0,[]
2021-00156,L2024-00052-1,용역,인도네시아 보고르대학교 첨단 연구실험센터 설계 및 시공감리 용역업체 선정,0,L2024-00052-1/입찰관련서류/Section 10 - Pledges/Declaration of Anti_Corruption (반부패 선언서).docx,.docx,23026,81e22a438491f4d1b5a12be15e95b5278073d1be929b00b0cd4fe23da8b9d496,0,0,0,,0,0,0,0,,,,0.0,[]
2022-00079,L2023-00071-1,용역,인도네시아 사이버보안 전문인력양성 역량강화 사업 설계 및 시공 감리 용역사 선정,0,L2023-00071-1/붙임 2. Bid Announcement_입찰공고문(영문)_Final.docx,.docx,32735,2f258d8e85d5667fbad91088bbb11c2d1238c78ce39da9a135eb40ba4304bb5c,0,0,0,,0,0,0,0,,,,0.0,[]
2022-00079,L2023-00071-1,용역,인도네시아 사이버보안 전문인력양성 역량강화 사업 설계 및 시공 감리 용역사 선정,0,L2023-00071-1/붙임 3. 기타 입찰서류.zip,.zip,1053417,cd930a5afbfd26840c13c7c105f8b4c8835866cb05d41654da5e409c359148ed,0,0,0,,0,0,0,0,,,,0.0,[]
2022-00079,L2023-00071-1,용역,인도네시아 사이버보안 전문인력양성 역량강화 사업 설계 및 시공 감리 용역사 선정,0,L2023-00071-1/붙임 3. 기타 입찰서류/[Section 1] Instructions to Bidders(ITB)_└╘┬√└┌ └»└╟╝¡(┐╡╣«)_Final.docx,.docx,54999,544e7e20878ec563ad31cc779c9ff4d2e4db69648d9f5e7490278ded07997ec2,0,0,0,,0,0,0,0,,,,0.0,[]
2022-00079,L2023-00071-1,용역,인도네시아 사이버보안 전문인력양성 역량강화 사업 설계 및 시공 감리 용역사 선정,0,L2023-00071-1/붙임 3. 기타 입찰서류/[Section 9] Specail Conditions of Contract.pdf,.pdf,84613,5b1230fd7e5a24a5302ca598d3f15f25710e7ef8593ad21fd09213a3fd2aa275,0,0,0,,0,0,0,0,,,,0.0,[]
2022-00079,L2023-00071-1,용역,인도네시아 사이버보안 전문인력양성 역량강화 사업 설계 및 시공 감리 용역사 선정,0,L2023-00071-1/붙임 3. 기타 입찰서류/[Section 2] Request for Proposal(RFP)_┴ª╛╚┐Σ├╗╝¡(┐╡╣«)_Finalv2.docx,.docx,64495,6a991cd5e12782b21db784f475d48f2db2f146fa0c2a6b2bcc56995b39f0e748,0,0,0,,0,0,0,0,,,,0.0,[]
2022-00079,L2023-00071-1,용역,인도네시아 사이버보안 전문인력양성 역량강화 사업 설계 및 시공 감리 용역사 선정,0,L2023-00071-1/붙임 3. 기타 입찰서류/[Section 6] Selection method of successful bidder_│½┬√└┌ ╝▒┴ñ╣µ╜─ ╛╚│╗╣«(┐╡╣«)_Final.docx,.docx,50938,db27e252b6fa6ae65fa7760b06d85f3ceb382a759c38982aa78ced0eeb54b9ad,0,0,0,,0,0,0,0,,,,0.0,[]
2022-00079,L2023-00071-1,용역,인도네시아 사이버보안 전문인력양성 역량강화 사업 설계 및 시공 감리 용역사 선정,0,L2023-00071-1/붙임 3. 기타 입찰서류/(║┘└╙2) Invitation to Bid_├╩├╗└σ(┐╡╣«)_final.docx,.docx,43689,36dafa11b18d1eadea2b429f6ef7faf48af770a9a66a21d1ce36dcb04949d3d5,0,0,0,,0,0,0,0,,,,0.0,[]
2022-00079,L2023-00071-1,용역,인도네시아 사이버보안 전문인력양성 역량강화 사업 설계 및 시공 감리 용역사 선정,0,L2023-00071-1/붙임 3. 기타 입찰서류/[Section 4] Design Work Scope_╝│░Φ░·╛≈┴÷╜├╝¡(┐╡╣«)_Final.docx,.docx,428138,2f76bea149b2d535b35f6febae54a17f1e6b0b38f7b19fc02260d75ac8211453,0,0,0,,0,0,0,0,,,,0.0,[]
2022-00079,L2023-00071-1,용역,인도네시아 사이버보안 전문인력양성 역량강화 사업 설계 및 시공 감리 용역사 선정,0,L2023-00071-1/붙임 3. 기타 입찰서류/[Section 8] General Conditions of Contract.pdf,.pdf,146892,c9be125b608aa1b03a3c08596656a948cafed732ec49014988305d5682263257,0,0,0,,0,0,0,0,,,,0.0,[]
2022-00079,L2023-00071-1,용역,인도네시아 사이버보안 전문인력양성 역량강화 사업 설계 및 시공 감리 용역사 선정,0,L2023-00071-1/붙임 3. 기타 입찰서류/[Section 3] Bidding Forms_└╘┬√╛τ╜─(┐╡╣«)_Final.docx,.docx,39737,78aa048b596d7d7dec2870ad241e3c3db74de5cd6d9ca6b723cc8566b1e168c7,0,0,0,,0,0,0,0,,,,0.0,[]
2022-00079,L2023-00071-1,용역,인도네시아 사이버보안 전문인력양성 역량강화 사업 설계 및 시공 감리 용역사 선정,0,L2023-00071-1/붙임 3. 기타 입찰서류/[Section 7] Contract Agreement_░Φ╛α╝¡(┐╡╣«)_Final.docx,.docx,172570,017ff1285f66bc2dfbceb12447bb69ef7bbd9159b846eb1e1209256de683fc66,0,0,0,,0,0,0,0,,,,0.0,[]
2022-00079,L2023-00071-1,용역,인도네시아 사이버보안 전문인력양성 역량강화 사업 설계 및 시공 감리 용역사 선정,0,L2023-00071-1/붙임 3. 기타 입찰서류/[Section 5] Guideline of Construction Supervision_╜├░°░¿╕« ╝÷╟α ┴÷─º ╣╫ ┴╓┐Σ ╛τ╜─(┐╡╣«)_Final.docx,.docx,23895,9a95b16d19a0fcedd5bd3ddc133ca0cf4ea394bc1b1e705b7a84e28c1bfdc3d8,0,0,0,,0,0,0,0,,,,0.0,[]
2022-00079,L2025-00002-1,공사,인도네시아 사이버보안 훈련센터 신축공사 시공사 선정,1,L2025-00002-1/Section 2 - Bid Data Sheet_Final.docx,.docx,67488,c4a183f361a9c2143948481acca4ed0b560f6f856a39e7350ad6e80cb3a7195c,0,0,0,,0,0,0,0,,,,0.0,[]
2022-00079,L2025-00002-1,공사,인도네시아 사이버보안 훈련센터 신축공사 시공사 선정,1,L2025-00002-1/Section 9 - Contract Forms.docx,.docx,38414,20607712ca95649baf62937a6b15895949a4cda747c0f31aded7ed4d228e85a8,0,0,0,,0,0,0,0,,,,0.0,[]
2022-00079,L2025-00002-1,공사,인도네시아 사이버보안 훈련센터 신축공사 시공사 선정,1,L2025-00002-1/Section 7 - General Conditions of Contract.docx,.docx,203654,93f53220c64c27e79d122c101a362cce68e477cf3791a7cbc545b60211ded753,0,0,0,,0,0,0,0,,,,0.0,[]
2022-00079,L2025-00002-1,공사,인도네시아 사이버보안 훈련센터 신축공사 시공사 선정,1,L2025-00002-1/Section 10 - Pledges(Additional Form).zip,.zip,85586,ace77f0c472bac41b05b3348d76f2fece600d55060d9bc370047c00e36f9a7da,0,0,0,,0,0,0,0,,,,0.0,[]
2022-00079,L2025-00002-1,공사,인도네시아 사이버보안 훈련센터 신축공사 시공사 선정,1,L2025-00002-1/Section 3 - Bidding Forms_Final.docx,.docx,50099,8e511f4e4b8646e0ae753b189572ca19192bf5b14b186675867a5a70b7cac9c1,0,0,0,,0,0,0,0,,,,0.0,[]
2022-00079,L2025-00002-1,공사,인도네시아 사이버보안 훈련센터 신축공사 시공사 선정,1,L2025-00002-1/Section 2 - Bid Data Sheet_Final.pdf,.pdf,420119,ce53ed8d442668effd9b7278778347666774cad5b0c7fc6b30b920ec96eddfe5,0,0,0,,0,0,0,0,,,,0.0,[]
2022-00079,L2025-00002-1,공사,인도네시아 사이버보안 훈련센터 신축공사 시공사 선정,1,L2025-00002-1/Section 8 - Special Conditions of Contract.docx,.docx,61076,ab1cc62d3795429fbad44bd6065ea17d4f981677f9f279bd93a292281f2f3942,0,0,0,,0,0,0,0,,,,0.0,[]
2022-00079,L2025-00002-1,공사,인도네시아 사이버보안 훈련센터 신축공사 시공사 선정,1,L2025-00002-1/Section 1 - Instructions to Bidders (ITB).pdf,.pdf,165225,691b98a077b07f2ded55da96b6a6b74440d6c0d010357f2fa9cf5033f65b51c9,0,0,0,,0,0,0,0,,,,0.0,[]
2022-00079,L2025-00002-1,공사,인도네시아 사이버보안 훈련센터 신축공사 시공사 선정,1,L2025-00002-1/Section 10 - Pledges(Additional Form)/Declaration of Anti_Corruption (╣▌║╬╞╨ ╝▒╛≡╝¡).docx,.docx,23026,81e22a438491f4d1b5a12be15e95b5278073d1be929b00b0cd4fe23da8b9d496,0,0,0,,0,0,0,0,,,,0.0,[]
2022-00079,L2025-00002-1,공사,인도네시아 사이버보안 훈련센터 신축공사 시공사 선정,1,L2025-00002-1/Section 10 - Pledges(Additional Form)/Fair Contract Pledge Letter (░°┴ñ░Φ╛α ╝¡╛α╝¡).docx,.docx,18756,379cc784a159e5c15ba0045a32dd793d03827ad46a1e4a966b9810ad99102277,0,0,0,,0,0,0,0,,,,0.0,[]
2022-00079,L2025-00002-1,공사,인도네시아 사이버보안 훈련센터 신축공사 시공사 선정,1,L2025-00002-1/Section 10 - Pledges(Additional Form)/Integrity Pledge (├╗╖┼░Φ╛α╝¡).docx,.docx,36507,bbf88b1bc23c5ed931639e65f36d47df7d7fbdb8447562024b0cf9f04ec6d6b6,0,0,0,,0,0,0,0,,,,0.0,[]
2022-00079,L2025-00002-1,공사,인도네시아 사이버보안 훈련센터 신축공사 시공사 선정,1,L2025-00002-1/Section 10 - Pledges(Additional Form)/Action Pledge to Integrate Human Rights into Business Management of International Development Cooperation Projects (▒╣┴ª░│╣▀╟∙╖┬╗τ╛≈ └╬▒╟░µ┐╡ ╜╟├╡ ╝¡╛α╝¡).docx,.docx,19215,46af17d37aeab4e26df886f92c4955b1f059d0e3597f97e7e54f4f35fcbf63bf,0,0,0,,0,0,0,0,,,,0.0,[]
2022-00027,L2025-00073-1,공사,캄보디아 국립어린이병원 내과계 병동건립 및 의료인력역량 강화사업 내과계 병동 신축공사 시공사 선정 입찰,1,"L2025-00073-1/(붙임2) 입찰서류(영문)_도면, 시방서, 프로젝트리포트 제외.zip",.zip,1408588,49800ea8c56518c3ae2b36eea4a4b28209a712362b94aaa4c42c36459fa99984,0,0,0,,0,0,0,0,,,,0.0,[]
2022-00027,L2025-00073-1,공사,캄보디아 국립어린이병원 내과계 병동건립 및 의료인력역량 강화사업 내과계 병동 신축공사 시공사 선정 입찰,1,L2025-00073-1/(붙임1) 입찰공고문(국문).pdf,.pdf,270250,07e2a7fb7a2d149f03323362f53586bbb01064e8ad673a80a403f881ff7cc746,0,0,0,,0,0,0,0,,,,0.0,[]
2022-00027,L2025-00073-1,공사,캄보디아 국립어린이병원 내과계 병동건립 및 의료인력역량 강화사업 내과계 병동 신축공사 시공사 선정 입찰,1,"L2025-00073-1/(붙임2) 입찰서류(영문)_도면, 시방서, 프로젝트리포트 제외/Section 8_Special Conditions of Contract.docx",.docx,61232,5e63a677fad9361ebee66e7b890567146488062cc22c24d4240e9bad9caf9182,0,0,0,,0,0,0,0,,,,0.0,[]
2022-00027,L2025-00073-1,공사,캄보디아 국립어린이병원 내과계 병동건립 및 의료인력역량 강화사업 내과계 병동 신축공사 시공사 선정 입찰,1,"L2025-00073-1/(붙임2) 입찰서류(영문)_도면, 시방서, 프로젝트리포트 제외/Section 1_Instructions to Bidders(ITB).hwp",.hwp,105984,afb59d8421c67ea2fe53e19f0b34ffc56063aaa575e120c8fe55e0eeddc35d74,0,0,0,,0,0,0,0,,,,0.0,[]
2022-00027,L2025-00073-1,공사,캄보디아 국립어린이병원 내과계 병동건립 및 의료인력역량 강화사업 내과계 병동 신축공사 시공사 선정 입찰,1,"L2025-00073-1/(붙임2) 입찰서류(영문)_도면, 시방서, 프로젝트리포트 제외/Section 3_Bid Forms.docx",.docx,105730,d1879f3dc0dcee36c21fe55b5a2db289b9d4e147afb148bb588424d6aad47b3d,0,0,0,,0,0,0,0,,,,0.0,[]
2022-00027,L2025-00073-1,공사,캄보디아 국립어린이병원 내과계 병동건립 및 의료인력역량 강화사업 내과계 병동 신축공사 시공사 선정 입찰,1,"L2025-00073-1/(붙임2) 입찰서류(영문)_도면, 시방서, 프로젝트리포트 제외/Section 4_BLANK BOQ.xlsx",.xlsx,875472,95c1a9e61d364b09d02099a7f668a3a757b3cb9e9601e0a03ad252ce300ddae9,0,1,1,,16,452,0,0,Bill 4.3,visible,6,0.0,"[{""sheet"": ""Bill 2.1"", ""sheet_state"": ""visible"", ""header_row"": 6, ""quantity_rows"": 9, ""rate_rows"": 0, ""amount_rows"": 0, ""priced_rows"": 0, ""priced_ratio"": 0.0, ""description_columns"": ""D"", ""quantity_columns"": ""G"", ""rate_columns"": ""H;I;J"", ""amount_columns"": ""K""}, {""sheet"": ""Bill 3.1"", ""sheet_state"": ""visible"", ""header_row"": 6, ""quantity_rows"": 39, ""rate_rows"": 0, ""amount_rows"": 0, ""priced_rows"": 0, ""priced_ratio"": 0.0, ""description_columns"": ""D"", ""quantity_columns"": ""G"", ""rate_columns"": ""H;I;J"", ""amount_columns"": ""K""}, {""sheet"": ""Bill 3.2"", ""sheet_state"": ""visible"", ""header_row"": 6, ""quantity_rows"": 112, ""rate_rows"": 0, ""amount_rows"": 0, ""priced_rows"": 0, ""priced_ratio"": 0.0, ""description_columns"": ""D"", ""quantity_columns"": ""G"", ""rate_columns"": ""H;I;J"", ""amount_columns"": ""K""}, {""sheet"": ""Bill 4.1"", ""sheet_state"": ""visible"", ""header_row"": 6, ""quantity_rows"": 35, ""rate_rows"": 0, ""amount_rows"": 0, ""priced_rows"": 0, ""priced_ratio"": 0.0, ""description_columns"": ""D"", ""quantity_columns"": ""G"", ""rate_columns"": ""H;I;J"", ""amount_columns"": ""K""}, {""sheet"": ""Bill 4.2"", ""sheet_state"": ""visible"", ""header_row"": 6, ""quantity_rows"": 150, ""rate_rows"": 0, ""amount_rows"": 0, ""priced_rows"": 0, ""priced_ratio"": 0.0, ""description_columns"": ""D"", ""quantity_columns"": ""G"", ""rate_columns"": ""H;I;J"", ""amount_columns"": ""K""}, {""sheet"": ""Bill 4.3"", ""sheet_state"": ""visible"", ""header_row"": 6, ""quantity_rows"": 452, ""rate_rows"": 0, ""amount_rows"": 0, ""priced_rows"": 0, ""priced_ratio"": 0.0, ""description_columns"": ""D"", ""quantity_columns"": ""G"", ""rate_columns"": ""H;I;J"", ""amount_columns"": ""K""}, {""sheet"": ""Bill 4.4"", ""sheet_state"": ""visible"", ""header_row"": 6, ""quantity_rows"": 69, ""rate_rows"": 0, ""amount_rows"": 0, ""priced_rows"": 0, ""priced_ratio"": 0.0, ""description_columns"": ""D"", ""quantity_columns"": ""G"", ""rate_columns"": ""H;I;J"", ""amount_columns"": ""K""}, {""sheet"": ""Bill 4.5"", ""sheet_state"": ""visible"", ""header_row"": 6, ""quantity_rows"": 61, ""rate_rows"": 0, ""amount_rows"": 0, ""priced_rows"": 0, ""priced_ratio"": 0.0, ""description_columns"": ""D"", ""quantity_columns"": ""G"", ""rate_columns"": ""H;I;J"", ""amount_columns"": ""K""}, {""sheet"": ""Bill 5.1"", ""sheet_state"": ""visible"", ""header_row"": 6, ""quantity_rows"": 53, ""rate_rows"": 0, ""amount_rows"": 0, ""priced_rows"": 0, ""priced_ratio"": 0.0, ""description_columns"": ""D"", ""quantity_columns"": ""G"", ""rate_columns"": ""H;I;J"", ""amount_columns"": ""K""}, {""sheet"": ""Bill 5.2"", ""sheet_state"": ""visible"", ""header_row"": 6, ""quantity_rows"": 37, ""rate_rows"": 0, ""amount_rows"": 0, ""priced_rows"": 0, ""priced_ratio"": 0.0, ""description_columns"": ""D"", ""quantity_columns"": ""G"", ""rate_columns"": ""H;I;J"", ""amount_columns"": ""K""}, {""sheet"": ""Bill 6.1"", ""sheet_state"": ""visible"", ""header_row"": 6, ""quantity_rows"": 282, ""rate_rows"": 0, ""amount_rows"": 0, ""priced_rows"": 0, ""priced_ratio"": 0.0, ""description_columns"": ""D"", ""quantity_columns"": ""G"", ""rate_columns"": ""H;I;J"", ""amount_columns"": ""K""}, {""sheet"": ""Bill 6.2"", ""sheet_state"": ""visible"", ""header_row"": 6, ""quantity_rows"": 163, ""rate_rows"": 0, ""amount_rows"": 0, ""priced_rows"": 0, ""priced_ratio"": 0.0, ""description_columns"": ""D"", ""quantity_columns"": ""G"", ""rate_columns"": ""H;I;J"", ""amount_columns"": ""K""}, {""sheet"": ""Bill 6.3"", ""sheet_state"": ""visible"", ""header_row"": 6, ""quantity_rows"": 104, ""rate_rows"": 0, ""amount_rows"": 0, ""priced_rows"": 0, ""priced_ratio"": 0.0, ""description_columns"": ""D"", ""quantity_columns"": ""G"", ""rate_columns"": ""H;I;J"", ""amount_columns"": ""K""}, {""sheet"": ""Bill 6.4"", ""sheet_state"": ""visible"", ""header_row"": 6, ""quantity_rows"": 61, ""rate_rows"": 0, ""amount_rows"": 0, ""priced_rows"": 0, ""priced_ratio"": 0.0, ""description_columns"": ""D"", ""quantity_columns"": ""G"", ""rate_columns"": ""H;I;J"", ""amount_columns"": ""K""}, {""sheet"": ""Bill 6.5"", ""sheet_state"": ""visible"", ""header_row"": 6, ""quantity_rows"": 3, ""rate_rows"": 0, ""amount_rows"": 0, ""priced_rows"": 0, ""priced_ratio"": 0.0, ""description_columns"": ""D"", ""quantity_columns"": ""G"", ""rate_columns"": ""H;I;J"", ""amount_columns"": ""K""}, {""sheet"": ""Bill 6.6"", ""sheet_state"": ""visible"", ""header_row"": 6, ""quantity_rows"": 20, ""rate_rows"": 0, ""amount_rows"": 0, ""priced_rows"": 0, ""priced_ratio"": 0.0, ""description_columns"": ""D"", ""quantity_columns"": ""G"", ""rate_columns"": ""H;I;J"", ""amount_columns"": ""K""}]"
2022-00027,L2025-00073-1,공사,캄보디아 국립어린이병원 내과계 병동건립 및 의료인력역량 강화사업 내과계 병동 신축공사 시공사 선정 입찰,1,"L2025-00073-1/(붙임2) 입찰서류(영문)_도면, 시방서, 프로젝트리포트 제외/Section 9_Contract Forms.docx",.docx,40462,f94bcb8c8908abf883c4f3d601791a19f93a31348c50fb78f1cfe712a14f0168,0,0,0,,0,0,0,0,,,,0.0,[]
2022-00027,L2025-00073-1,공사,캄보디아 국립어린이병원 내과계 병동건립 및 의료인력역량 강화사업 내과계 병동 신축공사 시공사 선정 입찰,1,"L2025-00073-1/(붙임2) 입찰서류(영문)_도면, 시방서, 프로젝트리포트 제외/Section 2_Bid Data Sheet(BDS).docx",.docx,89464,ead11bf22a790d6fd521fed662068ae6c8a6c74b17f39d75cd461eeff65c591c,0,0,0,,0,0,0,0,,,,0.0,[]
2022-00027,L2025-00073-1,공사,캄보디아 국립어린이병원 내과계 병동건립 및 의료인력역량 강화사업 내과계 병동 신축공사 시공사 선정 입찰,1,"L2025-00073-1/(붙임2) 입찰서류(영문)_도면, 시방서, 프로젝트리포트 제외/Section 7_General Conditions of Contract.docx",.docx,205732,357d46d46a9cf041e213b4881d767df97481e4251b8e5660f90e7e4e1aa99de0,0,0,0,,0,0,0,0,,,,0.0,[]
2024-00015,L2025-00036-1,용역,캄보디아 당까오 후송병원 공공의료서비스 개선사업 병원신축 설계감리용역,0,L2025-00036-1/정정공고서류.zip,.zip,79739,b84930591758eb9321594303834be9a49c60dccba6725fd30d0b26bb9176a691,0,0,0,,0,0,0,0,,,,0.0,[]
2024-00015,L2025-00036-1,용역,캄보디아 당까오 후송병원 공공의료서비스 개선사업 병원신축 설계감리용역,0,L2025-00036-1/붙임2. 입찰서류 영문본 일체.zip,.zip,5271869,fd2849082f7db68caab88bea7064dfa2930ff36c4d5c9e7b7655f2bac12b9e07,0,0,0,,0,0,0,0,,,,0.0,[]
2024-00015,L2025-00036-1,용역,캄보디아 당까오 후송병원 공공의료서비스 개선사업 병원신축 설계감리용역,0,L2025-00036-1/붙임2. 입찰서류 영문본 일체/Section 5 - Terms of Reference (ToR).doc,.doc,528163,d5b81c0ecba1f064263369ab4a1a3b76179b3afcf993e98dfc161c66d6d0be89,0,0,0,,0,0,0,0,,,,0.0,[]
2024-00015,L2025-00036-1,용역,캄보디아 당까오 후송병원 공공의료서비스 개선사업 병원신축 설계감리용역,0,L2025-00036-1/붙임2. 입찰서류 영문본 일체/Section 0. Summary_of_Bidding.docx,.docx,26824,ac4179c38eaf1f7aaf7767d226f5ef5f4ed73fcce3253e5422ccb6a2815aea91,0,0,0,,0,0,0,0,,,,0.0,[]
2024-00015,L2025-00036-1,용역,캄보디아 당까오 후송병원 공공의료서비스 개선사업 병원신축 설계감리용역,0,L2025-00036-1/붙임2. 입찰서류 영문본 일체/Section 8. Special Condition of Contract.docx,.docx,24657,ded9c332cd717463e6a4ee24ecf85c02fa2af5e58a73bce89e9c06ee5444477a,0,0,0,,0,0,0,0,,,,0.0,[]
2024-00015,L2025-00036-1,용역,캄보디아 당까오 후송병원 공공의료서비스 개선사업 병원신축 설계감리용역,0,L2025-00036-1/붙임2. 입찰서류 영문본 일체/Section 9 - Contract Forms.docx,.docx,22415,48a07042b1a83feb55547f61fc153ae3dfae889777de0e5f7402fcbb2af3f33e,0,0,0,,0,0,0,0,,,,0.0,[]
2024-00015,L2025-00036-1,용역,캄보디아 당까오 후송병원 공공의료서비스 개선사업 병원신축 설계감리용역,0,L2025-00036-1/붙임2. 입찰서류 영문본 일체/Section 7 - General Conditions of Contract.docx,.docx,34911,83d7fcabe51ad328fb7329da081d4f921110e5e42367cc1598173d635bbc979e,0,0,0,,0,0,0,0,,,,0.0,[]
2024-00015,L2025-00036-1,용역,캄보디아 당까오 후송병원 공공의료서비스 개선사업 병원신축 설계감리용역,0,L2025-00036-1/붙임2. 입찰서류 영문본 일체/Power of Attorney for the authority to sign and execute contracts (계약서 서명권한 위임장).docx,.docx,18873,95980e87e2e0d59c5cac2e1e79d11ce556ffa784f97d6c22dff412ff86e3c15f,0,0,0,,0,0,0,0,,,,0.0,[]
2024-00015,L2025-00036-1,용역,캄보디아 당까오 후송병원 공공의료서비스 개선사업 병원신축 설계감리용역,0,L2025-00036-1/붙임2. 입찰서류 영문본 일체/Section 2_ Bid_Data_Sheet(BDS).docx,.docx,56161,7a5af3724b2b4267857260729388b2fe6a12bec328671ff4d7dcbe4147fe314b,0,0,0,,0,0,0,0,,,,0.0,[]
2024-00015,L2025-00036-1,용역,캄보디아 당까오 후송병원 공공의료서비스 개선사업 병원신축 설계감리용역,0,L2025-00036-1/붙임2. 입찰서류 영문본 일체/Section 6 - Related Project Information of RFP.pdf,.pdf,5592395,d59d90144afa54fd4f611bdc8c72a52a21b8b3b74b9905eaba075da96650de5f,0,0,0,,0,0,0,0,,,,0.0,[]
2024-00015,L2025-00036-1,용역,캄보디아 당까오 후송병원 공공의료서비스 개선사업 병원신축 설계감리용역,0,L2025-00036-1/붙임2. 입찰서류 영문본 일체/Section 9-1 - Pledges.zip,.zip,68969,be41ad8b1be27399f4b0834267a59ee947dda1002b43deecc08cdf6f2033a3b5,0,0,0,,0,0,0,0,,,,0.0,[]
2024-00015,L2025-00036-1,용역,캄보디아 당까오 후송병원 공공의료서비스 개선사업 병원신축 설계감리용역,0,L2025-00036-1/붙임2. 입찰서류 영문본 일체/Section 3 - Bidding Forms.docx,.docx,45262,8898b63936a8f3edfeded3df7ba0f5ff61848f3cbc059530c57b0b0ba6828982,0,0,0,,0,0,0,0,,,,0.0,[]
2024-00015,L2025-00036-1,용역,캄보디아 당까오 후송병원 공공의료서비스 개선사업 병원신축 설계감리용역,0,L2025-00036-1/붙임2. 입찰서류 영문본 일체/Section 4 - Request for Proposal (RFP).docx,.docx,30897,2b03b0ad8d42862ab730ad52e21e70fe282c372005823734c6711fc3953bf37f,0,0,0,,0,0,0,0,,,,0.0,[]
2024-00015,L2025-00036-1,용역,캄보디아 당까오 후송병원 공공의료서비스 개선사업 병원신축 설계감리용역,0,L2025-00036-1/붙임2. 입찰서류 영문본 일체/Section 1 - Instructions to Bidders (ITB).pdf,.pdf,152903,0751cf28300e4124d0398c7f843a3d87ac954711fb070d0af7a13e6b3e71eb4c,0,0,0,,0,0,0,0,,,,0.0,[]
2024-00015,L2025-00036-1,용역,캄보디아 당까오 후송병원 공공의료서비스 개선사업 병원신축 설계감리용역,0,L2025-00036-1/정정공고서류/Section 2_ Bid_Data_Sheet(BDS)-rev.docx,.docx,57124,8f0d398e7580e13ea90a3bcada42e2d9da2456c8562e1a5239251c487a6ced84,0,0,0,,0,0,0,0,,,,0.0,[]
2024-00015,L2025-00036-1,용역,캄보디아 당까오 후송병원 공공의료서비스 개선사업 병원신축 설계감리용역,0,L2025-00036-1/정정공고서류/Section 0. Summary_of_Bidding-rev.docx,.docx,28940,e9685947d8523c074a6df7f19da884e68ffbfab4d91f9c4476668965b9276bcb,0,0,0,,0,0,0,0,,,,0.0,[]
2024-00015,L2025-00036-1,용역,캄보디아 당까오 후송병원 공공의료서비스 개선사업 병원신축 설계감리용역,0,L2025-00036-1/붙임2. 입찰서류 영문본 일체/Section 9-1 - Pledges/9-1-3. Fair Contract Pledge Letter (공정계약 서약서).docx,.docx,18756,379cc784a159e5c15ba0045a32dd793d03827ad46a1e4a966b9810ad99102277,0,0,0,,0,0,0,0,,,,0.0,[]
2024-00015,L2025-00036-1,용역,캄보디아 당까오 후송병원 공공의료서비스 개선사업 병원신축 설계감리용역,0,L2025-00036-1/붙임2. 입찰서류 영문본 일체/Section 9-1 - Pledges/9-1-2. Integrity Pledge (청렴계약서).docx,.docx,36507,bbf88b1bc23c5ed931639e65f36d47df7d7fbdb8447562024b0cf9f04ec6d6b6,0,0,0,,0,0,0,0,,,,0.0,[]
2024-00015,L2025-00036-1,용역,캄보디아 당까오 후송병원 공공의료서비스 개선사업 병원신축 설계감리용역,0,L2025-00036-1/붙임2. 입찰서류 영문본 일체/Section 9-1 - Pledges/9-1-1. Declaration of Anti_Corruption (반부패 선언서).docx,.docx,23026,81e22a438491f4d1b5a12be15e95b5278073d1be929b00b0cd4fe23da8b9d496,0,0,0,,0,0,0,0,,,,0.0,[]
2024-00029,L2025-00060-1,용역,코트디부아르 지역균형발전을 위한 중부지역 직업전문학교 역량강화사업 설계 및 시공감리용역,0,L2025-00060-1/(붙임 1) (국문) 입찰서류_코트디부아르 부아케 설계 및 감리 용역_최종.hwp,.hwp,79872,0b2de28ac00b8efd831b7e421e524da7bc8d3eac63a7aa1f49f3c0f45f69192c,0,0,0,,0,0,0,0,,,,0.0,[]
2024-00029,L2025-00060-1,용역,코트디부아르 지역균형발전을 위한 중부지역 직업전문학교 역량강화사업 설계 및 시공감리용역,0,L2025-00060-1/(붙임 2) (영문) 입찰서류_코트디부아르 부아케 설계 및 감리 용역_최종.zip,.zip,4365186,a1ba29a92fa6ae5a9a59df352425bc86753cb8580c2e63186e70fe7607754c95,0,0,0,,0,0,0,0,,,,0.0,[]
2024-00029,L2025-00060-1,용역,코트디부아르 지역균형발전을 위한 중부지역 직업전문학교 역량강화사업 설계 및 시공감리용역,0,L2025-00060-1/(붙임 2) (영문) 입찰서류_코트디부아르 부아케 설계 및 감리 용역_최종/Section 8 - Contract Forms_Bouake Project Design.docx,.docx,22736,367d75edf9970fc709cfe36895805583b1b0a353b708dab5e1b3b8619f54fea7,0,0,0,,0,0,0,0,,,,0.0,[]
2024-00029,L2025-00060-1,용역,코트디부아르 지역균형발전을 위한 중부지역 직업전문학교 역량강화사업 설계 및 시공감리용역,0,L2025-00060-1/(붙임 2) (영문) 입찰서류_코트디부아르 부아케 설계 및 감리 용역_최종/Section 3 - Bidding Forms_Bouake Project Design.docx,.docx,57087,e653ddaf7ba5deb225ac5baf9a1b4d7c2f5bcabcc190dbdce89ac6af775e1d0c,0,0,0,,0,0,0,0,,,,0.0,[]
2024-00029,L2025-00060-1,용역,코트디부아르 지역균형발전을 위한 중부지역 직업전문학교 역량강화사업 설계 및 시공감리용역,0,L2025-00060-1/(붙임 2) (영문) 입찰서류_코트디부아르 부아케 설계 및 감리 용역_최종/Section 6 - General Conditions of Contract_Bouake Project Design.docx,.docx,35387,3f6ac1448828260ea110ed4386b4d06f2106e3856473460672a3c6f0005813d5,0,0,0,,0,0,0,0,,,,0.0,[]
2024-00029,L2025-00060-1,용역,코트디부아르 지역균형발전을 위한 중부지역 직업전문학교 역량강화사업 설계 및 시공감리용역,0,L2025-00060-1/(붙임 2) (영문) 입찰서류_코트디부아르 부아케 설계 및 감리 용역_최종/Section 5 - Reference Documents_Bouake Project Design.zip,.zip,40679,9c5105381b437a4859976c36dc484f7e771bae0f62030b1e99de9bc2a1f08adb,0,0,0,,0,0,0,0,,,,0.0,[]
2024-00029,L2025-00060-1,용역,코트디부아르 지역균형발전을 위한 중부지역 직업전문학교 역량강화사업 설계 및 시공감리용역,0,L2025-00060-1/(붙임 2) (영문) 입찰서류_코트디부아르 부아케 설계 및 감리 용역_최종/Section 4 - Request for Proposal_Bouake Project Design.docx,.docx,4098941,1462dccd60ebfe986c67559f2c6ada9de4731874093e231acb309c9394f43c10,0,0,0,,0,0,0,0,,,,0.0,[]
2024-00029,L2025-00060-1,용역,코트디부아르 지역균형발전을 위한 중부지역 직업전문학교 역량강화사업 설계 및 시공감리용역,0,L2025-00060-1/(붙임 2) (영문) 입찰서류_코트디부아르 부아케 설계 및 감리 용역_최종/Section 1 - Instructions to Bidders (ITB)_Bouake Project Design.zip,.zip,216187,83a30a1bbd3428eb43da9ed6bec2f82a599b96c216b6ae1e7a616f346880363c,0,0,0,,0,0,0,0,,,,0.0,[]
2024-00029,L2025-00060-1,용역,코트디부아르 지역균형발전을 위한 중부지역 직업전문학교 역량강화사업 설계 및 시공감리용역,0,L2025-00060-1/(붙임 2) (영문) 입찰서류_코트디부아르 부아케 설계 및 감리 용역_최종/Section 7 - Special Conditions of Contract_Bouake Project Design.docx,.docx,26551,de063de9b89ded019eef2afee4d4cc644ea036f9d6e09b1f48c80b3e976809e1,0,0,0,,0,0,0,0,,,,0.0,[]
2024-00029,L2025-00060-1,용역,코트디부아르 지역균형발전을 위한 중부지역 직업전문학교 역량강화사업 설계 및 시공감리용역,0,L2025-00060-1/(붙임 2) (영문) 입찰서류_코트디부아르 부아케 설계 및 감리 용역_최종/Section 2 - Bid Data Sheet (BDS)_EN_Bouake Project Design.docx,.docx,78529,2332f4136d9c3e65d2368c85ff30c62bcc79e0c525a1753cfa9fef7351d18941,0,0,0,,0,0,0,0,,,,0.0,[]
2024-00029,L2025-00060-1,용역,코트디부아르 지역균형발전을 위한 중부지역 직업전문학교 역량강화사업 설계 및 시공감리용역,0,L2025-00060-1/(붙임 2) (영문) 입찰서류_코트디부아르 부아케 설계 및 감리 용역_최종/Section 9 - Pledges_Bouake Project Design.zip,.zip,85586,ace77f0c472bac41b05b3348d76f2fece600d55060d9bc370047c00e36f9a7da,0,0,0,,0,0,0,0,,,,0.0,[]
2024-00029,L2025-00060-1,용역,코트디부아르 지역균형발전을 위한 중부지역 직업전문학교 역량강화사업 설계 및 시공감리용역,0,L2025-00060-1/(붙임 2) (영문) 입찰서류_코트디부아르 부아케 설계 및 감리 용역_최종/Section 9 - Pledges_Bouake Project Design/Integrity Pledge (청렴계약서).docx,.docx,36507,bbf88b1bc23c5ed931639e65f36d47df7d7fbdb8447562024b0cf9f04ec6d6b6,0,0,0,,0,0,0,0,,,,0.0,[]
2024-00029,L2025-00060-1,용역,코트디부아르 지역균형발전을 위한 중부지역 직업전문학교 역량강화사업 설계 및 시공감리용역,0,L2025-00060-1/(붙임 2) (영문) 입찰서류_코트디부아르 부아케 설계 및 감리 용역_최종/Section 9 - Pledges_Bouake Project Design/Fair Contract Pledge Letter (공정계약 서약서).docx,.docx,18756,379cc784a159e5c15ba0045a32dd793d03827ad46a1e4a966b9810ad99102277,0,0,0,,0,0,0,0,,,,0.0,[]
2024-00029,L2025-00060-1,용역,코트디부아르 지역균형발전을 위한 중부지역 직업전문학교 역량강화사업 설계 및 시공감리용역,0,L2025-00060-1/(붙임 2) (영문) 입찰서류_코트디부아르 부아케 설계 및 감리 용역_최종/Section 9 - Pledges_Bouake Project Design/Action Pledge to Integrate Human Rights into Business Management of International Development Cooperation Projects (국제개발협력사업 인권경영 실천 서야.docx,.docx,19215,46af17d37aeab4e26df886f92c4955b1f059d0e3597f97e7e54f4f35fcbf63bf,0,0,0,,0,0,0,0,,,,0.0,[]
2024-00029,L2025-00060-1,용역,코트디부아르 지역균형발전을 위한 중부지역 직업전문학교 역량강화사업 설계 및 시공감리용역,0,L2025-00060-1/(붙임 2) (영문) 입찰서류_코트디부아르 부아케 설계 및 감리 용역_최종/Section 9 - Pledges_Bouake Project Design/Declaration of Anti_Corruption (반부패 선언서).docx,.docx,23026,81e22a438491f4d1b5a12be15e95b5278073d1be929b00b0cd4fe23da8b9d496,0,0,0,,0,0,0,0,,,,0.0,[]
2024-00029,L2025-00060-1,용역,코트디부아르 지역균형발전을 위한 중부지역 직업전문학교 역량강화사업 설계 및 시공감리용역,0,L2025-00060-1/(붙임 2) (영문) 입찰서류_코트디부아르 부아케 설계 및 감리 용역_최종/Section 5 - Reference Documents_Bouake Project Design/Section 5 - Bid Document Checklist.xlsx,.xlsx,25025,eeacc1c81c2e5265f9e2bbe52fc65a8def190f7280a9e776a48b948c1b3345ad,0,0,0,,0,0,0,0,,,,0.0,[]
2024-00029,L2025-00060-1,용역,코트디부아르 지역균형발전을 위한 중부지역 직업전문학교 역량강화사업 설계 및 시공감리용역,0,L2025-00060-1/(붙임 2) (영문) 입찰서류_코트디부아르 부아케 설계 및 감리 용역_최종/Section 5 - Reference Documents_Bouake Project Design/Section 5 - Construction Supervision Forms.docx,.docx,21655,6faffa7eea1b98283c98661c3d3929bc4a00e93b2a2dcb33ff3180dcdef6c55b,0,0,0,,0,0,0,0,,,,0.0,[]
2024-00029,L2025-00060-1,용역,코트디부아르 지역균형발전을 위한 중부지역 직업전문학교 역량강화사업 설계 및 시공감리용역,0,L2025-00060-1/(붙임 2) (영문) 입찰서류_코트디부아르 부아케 설계 및 감리 용역_최종/Section 1 - Instructions to Bidders (ITB)_Bouake Project Design/Section 1 - Instructions to Bidders (ITB).hwp,.hwp,168448,66c44d5b34cd4bade85de8cda544a7f534cfac5022bcf25bb3755d6680315e9a,0,0,0,,0,0,0,0,,,,0.0,[]
2024-00029,L2025-00060-1,용역,코트디부아르 지역균형발전을 위한 중부지역 직업전문학교 역량강화사업 설계 및 시공감리용역,0,L2025-00060-1/(붙임 2) (영문) 입찰서류_코트디부아르 부아케 설계 및 감리 용역_최종/Section 1 - Instructions to Bidders (ITB)_Bouake Project Design/Section 1 - 국제입찰유의서 (ITB).hwp,.hwp,92672,30c8d093217b1908eadd23ff85989ab13790b4f29f255670b5c4478dcb302c5a,0,0,0,,0,0,0,0,,,,0.0,[]
2023-00067,L2024-00048-1,용역,코트디부아르 펠릭스우푸에부아니대학교 ICT 고등교육 역량강화 및 디지털 교육 개선사업 설계 및 감리용역,0,L2024-00048-1/입찰 초청장.docx,.docx,22352,00823c89b7cce3205a0990a65ea10eee9f595a101ce797a44ca0b5343199425e,0,0,0,,0,0,0,0,,,,0.0,[]
2023-00067,L2024-00048-1,용역,코트디부아르 펠릭스우푸에부아니대학교 ICT 고등교육 역량강화 및 디지털 교육 개선사업 설계 및 감리용역,0,L2024-00048-1/Section 1 - Instructions to Bidders (ITB).zip,.zip,216187,83a30a1bbd3428eb43da9ed6bec2f82a599b96c216b6ae1e7a616f346880363c,0,0,0,,0,0,0,0,,,,0.0,[]
2023-00067,L2024-00048-1,용역,코트디부아르 펠릭스우푸에부아니대학교 ICT 고등교육 역량강화 및 디지털 교육 개선사업 설계 및 감리용역,0,L2024-00048-1/Section 4 - Request for Proposal_코트디_ver.1.2_수정.docx,.docx,4145891,9ef7ae6a792bdebd2cde514ccc8dc9b79b146237c3632b9b3773cc3cdc6ea532,0,0,0,,0,0,0,0,,,,0.0,[]
2023-00067,L2024-00048-1,용역,코트디부아르 펠릭스우푸에부아니대학교 ICT 고등교육 역량강화 및 디지털 교육 개선사업 설계 및 감리용역,0,L2024-00048-1/Section 5 - Reference Documents.zip,.zip,71356,649c3573e8d58100e0555cb3c522d6f8cf4c83cd76d41c1d46fc31ae399796b0,0,0,0,,0,0,0,0,,,,0.0,[]
2023-00067,L2024-00048-1,용역,코트디부아르 펠릭스우푸에부아니대학교 ICT 고등교육 역량강화 및 디지털 교육 개선사업 설계 및 감리용역,0,L2024-00048-1/Section 6 - General Conditions of Contract.docx,.docx,35387,3f6ac1448828260ea110ed4386b4d06f2106e3856473460672a3c6f0005813d5,0,0,0,,0,0,0,0,,,,0.0,[]
2023-00067,L2024-00048-1,용역,코트디부아르 펠릭스우푸에부아니대학교 ICT 고등교육 역량강화 및 디지털 교육 개선사업 설계 및 감리용역,0,L2024-00048-1/Section 7 - Special Conditions of Contract.docx,.docx,25034,32fd886fb32403a81618fab17485cedd0df09561734399e4e20ffb730b6bdb6a,0,0,0,,0,0,0,0,,,,0.0,[]
2023-00067,L2024-00048-1,용역,코트디부아르 펠릭스우푸에부아니대학교 ICT 고등교육 역량강화 및 디지털 교육 개선사업 설계 및 감리용역,0,L2024-00048-1/Section 2 - (영문) Bid Data Sheet (BDS)_코트디_ver.1.3.docx,.docx,69703,848d286e496e1b928d01fde2cd4edd4ebec4ca4a8d28b0c85a3182ce3d650964,0,0,0,,0,0,0,0,,,,0.0,[]
2023-00067,L2024-00048-1,용역,코트디부아르 펠릭스우푸에부아니대학교 ICT 고등교육 역량강화 및 디지털 교육 개선사업 설계 및 감리용역,0,L2024-00048-1/Section 9 - Pledges.zip,.zip,85586,ace77f0c472bac41b05b3348d76f2fece600d55060d9bc370047c00e36f9a7da,0,0,0,,0,0,0,0,,,,0.0,[]
2023-00067,L2024-00048-1,용역,코트디부아르 펠릭스우푸에부아니대학교 ICT 고등교육 역량강화 및 디지털 교육 개선사업 설계 및 감리용역,0,L2024-00048-1/Summary of Bidding(FHBU Design).docx,.docx,35957,d1bc5560546326c797ce6395d286035099a55b8858354b69489a023816a118f4,0,0,0,,0,0,0,0,,,,0.0,[]
2023-00067,L2024-00048-1,용역,코트디부아르 펠릭스우푸에부아니대학교 ICT 고등교육 역량강화 및 디지털 교육 개선사업 설계 및 감리용역,0,L2024-00048-1/Section 8 - Contract Forms.docx,.docx,22736,367d75edf9970fc709cfe36895805583b1b0a353b708dab5e1b3b8619f54fea7,0,0,0,,0,0,0,0,,,,0.0,[]
2023-00067,L2024-00048-1,용역,코트디부아르 펠릭스우푸에부아니대학교 ICT 고등교육 역량강화 및 디지털 교육 개선사업 설계 및 감리용역,0,L2024-00048-1/Section 3 - Bidding Forms_코트디_ver.1.docx,.docx,57087,e653ddaf7ba5deb225ac5baf9a1b4d7c2f5bcabcc190dbdce89ac6af775e1d0c,0,0,0,,0,0,0,0,,,,0.0,[]
2023-00067,L2024-00048-1,용역,코트디부아르 펠릭스우푸에부아니대학교 ICT 고등교육 역량강화 및 디지털 교육 개선사업 설계 및 감리용역,0,L2024-00048-1/(붙임 1) (국문) 입찰공고문_코트디부아르 FHBU 설계 및 감리 용역.hwp,.hwp,70656,8d82745021ac5098c92c34cc441fd7a3d9db286a5c36411e1f8466adb1b846a4,0,0,0,,0,0,0,0,,,,0.0,[]
2023-00067,L2024-00048-1,용역,코트디부아르 펠릭스우푸에부아니대학교 ICT 고등교육 역량강화 및 디지털 교육 개선사업 설계 및 감리용역,0,L2024-00048-1/Section 5 - Reference Documents/Section 5 - BATIMENT PETROCI (Floor plan).png,.png,53929,1d47ceb1fd7eac3d8837f4ee269eb096c094e8f7facdcf9fcbdeb99e162a823f,0,0,0,,0,0,0,0,,,,0.0,[]
2023-00067,L2024-00048-1,용역,코트디부아르 펠릭스우푸에부아니대학교 ICT 고등교육 역량강화 및 디지털 교육 개선사업 설계 및 감리용역,0,L2024-00048-1/Section 5 - Reference Documents/Section 5 - Construction Supervision Forms.docx,.docx,21655,6faffa7eea1b98283c98661c3d3929bc4a00e93b2a2dcb33ff3180dcdef6c55b,0,0,0,,0,0,0,0,,,,0.0,[]
2023-00067,L2024-00048-1,용역,코트디부아르 펠릭스우푸에부아니대학교 ICT 고등교육 역량강화 및 디지털 교육 개선사업 설계 및 감리용역,0,L2024-00048-1/Section 1 - Instructions to Bidders (ITB)/Section 1 - ▒╣┴ª└╘┬√└»└╟╝¡ (ITB).hwp,.hwp,92672,30c8d093217b1908eadd23ff85989ab13790b4f29f255670b5c4478dcb302c5a,0,0,0,,0,0,0,0,,,,0.0,[]
2023-00067,L2024-00048-1,용역,코트디부아르 펠릭스우푸에부아니대학교 ICT 고등교육 역량강화 및 디지털 교육 개선사업 설계 및 감리용역,0,L2024-00048-1/Section 1 - Instructions to Bidders (ITB)/Section 1 - Instructions to Bidders (ITB).hwp,.hwp,168448,66c44d5b34cd4bade85de8cda544a7f534cfac5022bcf25bb3755d6680315e9a,0,0,0,,0,0,0,0,,,,0.0,[]
2023-00067,L2024-00048-1,용역,코트디부아르 펠릭스우푸에부아니대학교 ICT 고등교육 역량강화 및 디지털 교육 개선사업 설계 및 감리용역,0,L2024-00048-1/Section 9 - Pledges/Declaration of Anti_Corruption (╣▌║╬╞╨ ╝▒╛≡╝¡).docx,.docx,23026,81e22a438491f4d1b5a12be15e95b5278073d1be929b00b0cd4fe23da8b9d496,0,0,0,,0,0,0,0,,,,0.0,[]
2023-00067,L2024-00048-1,용역,코트디부아르 펠릭스우푸에부아니대학교 ICT 고등교육 역량강화 및 디지털 교육 개선사업 설계 및 감리용역,0,L2024-00048-1/Section 9 - Pledges/Fair Contract Pledge Letter (░°┴ñ░Φ╛α ╝¡╛α╝¡).docx,.docx,18756,379cc784a159e5c15ba0045a32dd793d03827ad46a1e4a966b9810ad99102277,0,0,0,,0,0,0,0,,,,0.0,[]
2023-00067,L2024-00048-1,용역,코트디부아르 펠릭스우푸에부아니대학교 ICT 고등교육 역량강화 및 디지털 교육 개선사업 설계 및 감리용역,0,L2024-00048-1/Section 9 - Pledges/Integrity Pledge (├╗╖┼░Φ╛α╝¡).docx,.docx,36507,bbf88b1bc23c5ed931639e65f36d47df7d7fbdb8447562024b0cf9f04ec6d6b6,0,0,0,,0,0,0,0,,,,0.0,[]
2023-00067,L2024-00048-1,용역,코트디부아르 펠릭스우푸에부아니대학교 ICT 고등교육 역량강화 및 디지털 교육 개선사업 설계 및 감리용역,0,L2024-00048-1/Section 9 - Pledges/Action Pledge to Integrate Human Rights into Business Management of International Development Cooperation Projects (▒╣┴ª░│╣▀╟∙╖┬╗τ╛≈ └╬▒╟░µ┐╡ ╜╟├╡ ╝¡╛α╝¡).docx,.docx,19215,46af17d37aeab4e26df886f92c4955b1f059d0e3597f97e7e54f4f35fcbf63bf,0,0,0,,0,0,0,0,,,,0.0,[]
2023-00067,L2024-00056-1,용역,[긴급] 코트디부아르 펠릭스우푸에부아니대학교 ICT 고등교육 역량강화 및 디지털 교육 개선사업 설계 및 감리용역,0,L2024-00056-1/Section 10 - Bid Document Checklist.xlsx,.xlsx,24788,f0af688635c89a5cd1a44ba189ab51e5e004363bea937c3b7285bbf06b265ef8,0,0,0,,0,0,0,0,,,,0.0,[]
2023-00067,L2024-00056-1,용역,[긴급] 코트디부아르 펠릭스우푸에부아니대학교 ICT 고등교육 역량강화 및 디지털 교육 개선사업 설계 및 감리용역,0,L2024-00056-1/Section 4 - Request for Proposal_코트디_ver.1.2_수정.docx,.docx,4145780,8fa1eb64d7a664dab6385d0e0418d24a9b468f694a8ad3089574ba823160816c,0,0,0,,0,0,0,0,,,,0.0,[]
2023-00067,L2024-00056-1,용역,[긴급] 코트디부아르 펠릭스우푸에부아니대학교 ICT 고등교육 역량강화 및 디지털 교육 개선사업 설계 및 감리용역,0,L2024-00056-1/Section 6 - General Conditions of Contract.docx,.docx,35387,3f6ac1448828260ea110ed4386b4d06f2106e3856473460672a3c6f0005813d5,0,0,0,,0,0,0,0,,,,0.0,[]
2023-00067,L2024-00056-1,용역,[긴급] 코트디부아르 펠릭스우푸에부아니대학교 ICT 고등교육 역량강화 및 디지털 교육 개선사업 설계 및 감리용역,0,L2024-00056-1/Section 2 - Bid Data Sheet (BDS)_Must Read.docx,.docx,72809,0bf837c6148cae34f24f7f351bfb7147d469e9dd9ae37230968cb187906866ff,0,0,0,,0,0,0,0,,,,0.0,[]
2023-00067,L2024-00056-1,용역,[긴급] 코트디부아르 펠릭스우푸에부아니대학교 ICT 고등교육 역량강화 및 디지털 교육 개선사업 설계 및 감리용역,0,L2024-00056-1/Section 7 - Special Conditions of Contract.docx,.docx,25034,32fd886fb32403a81618fab17485cedd0df09561734399e4e20ffb730b6bdb6a,0,0,0,,0,0,0,0,,,,0.0,[]
2023-00067,L2024-00056-1,용역,[긴급] 코트디부아르 펠릭스우푸에부아니대학교 ICT 고등교육 역량강화 및 디지털 교육 개선사업 설계 및 감리용역,0,L2024-00056-1/Section 9 - Pledges.docx,.docx,31354,1e4bf00b29e640877e686247b8cb9c5e2eb288be72a432c18ab1b3606847cc0c,0,0,0,,0,0,0,0,,,,0.0,[]
2023-00067,L2024-00056-1,용역,[긴급] 코트디부아르 펠릭스우푸에부아니대학교 ICT 고등교육 역량강화 및 디지털 교육 개선사업 설계 및 감리용역,0,L2024-00056-1/Section 8 - Contract Forms.docx,.docx,22736,367d75edf9970fc709cfe36895805583b1b0a353b708dab5e1b3b8619f54fea7,0,0,0,,0,0,0,0,,,,0.0,[]
2023-00067,L2024-00056-1,용역,[긴급] 코트디부아르 펠릭스우푸에부아니대학교 ICT 고등교육 역량강화 및 디지털 교육 개선사업 설계 및 감리용역,0,L2024-00056-1/Section 3 - Bidding Forms_코트디_ver.1.docx,.docx,57087,e653ddaf7ba5deb225ac5baf9a1b4d7c2f5bcabcc190dbdce89ac6af775e1d0c,0,0,0,,0,0,0,0,,,,0.0,[]
2023-00067,L2024-00056-1,용역,[긴급] 코트디부아르 펠릭스우푸에부아니대학교 ICT 고등교육 역량강화 및 디지털 교육 개선사업 설계 및 감리용역,0,L2024-00056-1/Section 1 - Instructions to Bidders (ITB).pdf,.pdf,161633,31f62db7af872ac18bef26a38348c4e5f39cb9887e6190c4a41058130b617084,0,0,0,,0,0,0,0,,,,0.0,[]
2023-00067,L2024-00056-1,용역,[긴급] 코트디부아르 펠릭스우푸에부아니대학교 ICT 고등교육 역량강화 및 디지털 교육 개선사업 설계 및 감리용역,0,L2024-00056-1/Section 5 - Construction Supervision Forms.docx,.docx,21655,6faffa7eea1b98283c98661c3d3929bc4a00e93b2a2dcb33ff3180dcdef6c55b,0,0,0,,0,0,0,0,,,,0.0,[]
2023-00067,L2024-00056-2,용역,[긴급] 코트디부아르 펠릭스우푸에부아니대학교 ICT 고등교육 역량강화 및 디지털 교육 개선사업 설계 및 감리용역,0,L2024-00056-2/Section 10 - Bid Document Checklist.xlsx,.xlsx,25005,8de71448e9a0b1326043ea8a235afb18716db73322a6c5cd19fb20261c0ce1de,0,0,0,,0,0,0,0,,,,0.0,[]
2023-00067,L2024-00056-2,용역,[긴급] 코트디부아르 펠릭스우푸에부아니대학교 ICT 고등교육 역량강화 및 디지털 교육 개선사업 설계 및 감리용역,0,L2024-00056-2/Section 4 - Request for Proposal_코트디_ver.1.2_수정.docx,.docx,4145780,8fa1eb64d7a664dab6385d0e0418d24a9b468f694a8ad3089574ba823160816c,0,0,0,,0,0,0,0,,,,0.0,[]
2023-00067,L2024-00056-2,용역,[긴급] 코트디부아르 펠릭스우푸에부아니대학교 ICT 고등교육 역량강화 및 디지털 교육 개선사업 설계 및 감리용역,0,L2024-00056-2/Section 5 - Reference Documents.zip,.zip,71356,649c3573e8d58100e0555cb3c522d6f8cf4c83cd76d41c1d46fc31ae399796b0,0,0,0,,0,0,0,0,,,,0.0,[]
2023-00067,L2024-00056-2,용역,[긴급] 코트디부아르 펠릭스우푸에부아니대학교 ICT 고등교육 역량강화 및 디지털 교육 개선사업 설계 및 감리용역,0,L2024-00056-2/Section 6 - General Conditions of Contract.docx,.docx,35387,3f6ac1448828260ea110ed4386b4d06f2106e3856473460672a3c6f0005813d5,0,0,0,,0,0,0,0,,,,0.0,[]
2023-00067,L2024-00056-2,용역,[긴급] 코트디부아르 펠릭스우푸에부아니대학교 ICT 고등교육 역량강화 및 디지털 교육 개선사업 설계 및 감리용역,0,L2024-00056-2/Section 2 - Bid Data Sheet (BDS)_Must Read.docx,.docx,72992,41092bad1da10b1027155b813d17988075d565f750fbbcddb385022eba772237,0,0,0,,0,0,0,0,,,,0.0,[]
2023-00067,L2024-00056-2,용역,[긴급] 코트디부아르 펠릭스우푸에부아니대학교 ICT 고등교육 역량강화 및 디지털 교육 개선사업 설계 및 감리용역,0,L2024-00056-2/Section 7 - Special Conditions of Contract.docx,.docx,25034,32fd886fb32403a81618fab17485cedd0df09561734399e4e20ffb730b6bdb6a,0,0,0,,0,0,0,0,,,,0.0,[]
2023-00067,L2024-00056-2,용역,[긴급] 코트디부아르 펠릭스우푸에부아니대학교 ICT 고등교육 역량강화 및 디지털 교육 개선사업 설계 및 감리용역,0,L2024-00056-2/Section 9 - Pledges.docx,.docx,31354,1e4bf00b29e640877e686247b8cb9c5e2eb288be72a432c18ab1b3606847cc0c,0,0,0,,0,0,0,0,,,,0.0,[]
2023-00067,L2024-00056-2,용역,[긴급] 코트디부아르 펠릭스우푸에부아니대학교 ICT 고등교육 역량강화 및 디지털 교육 개선사업 설계 및 감리용역,0,L2024-00056-2/Section 9 - Pledges.zip,.zip,85586,ace77f0c472bac41b05b3348d76f2fece600d55060d9bc370047c00e36f9a7da,0,0,0,,0,0,0,0,,,,0.0,[]
2023-00067,L2024-00056-2,용역,[긴급] 코트디부아르 펠릭스우푸에부아니대학교 ICT 고등교육 역량강화 및 디지털 교육 개선사업 설계 및 감리용역,0,L2024-00056-2/Section 8 - Contract Forms.docx,.docx,22736,367d75edf9970fc709cfe36895805583b1b0a353b708dab5e1b3b8619f54fea7,0,0,0,,0,0,0,0,,,,0.0,[]
2023-00067,L2024-00056-2,용역,[긴급] 코트디부아르 펠릭스우푸에부아니대학교 ICT 고등교육 역량강화 및 디지털 교육 개선사업 설계 및 감리용역,0,L2024-00056-2/Section 3 - Bidding Forms_코트디_ver.1.docx,.docx,57087,e653ddaf7ba5deb225ac5baf9a1b4d7c2f5bcabcc190dbdce89ac6af775e1d0c,0,0,0,,0,0,0,0,,,,0.0,[]
2023-00067,L2024-00056-2,용역,[긴급] 코트디부아르 펠릭스우푸에부아니대학교 ICT 고등교육 역량강화 및 디지털 교육 개선사업 설계 및 감리용역,0,L2024-00056-2/Section 1 - Instructions to Bidders (ITB).pdf,.pdf,161633,31f62db7af872ac18bef26a38348c4e5f39cb9887e6190c4a41058130b617084,0,0,0,,0,0,0,0,,,,0.0,[]
2023-00067,L2024-00056-2,용역,[긴급] 코트디부아르 펠릭스우푸에부아니대학교 ICT 고등교육 역량강화 및 디지털 교육 개선사업 설계 및 감리용역,0,L2024-00056-2/Section 5 - Construction Supervision Forms.docx,.docx,21655,6faffa7eea1b98283c98661c3d3929bc4a00e93b2a2dcb33ff3180dcdef6c55b,0,0,0,,0,0,0,0,,,,0.0,[]
2023-00067,L2024-00056-2,용역,[긴급] 코트디부아르 펠릭스우푸에부아니대학교 ICT 고등교육 역량강화 및 디지털 교육 개선사업 설계 및 감리용역,0,L2024-00056-2/Section 5 - Reference Documents/Section 5 - BATIMENT PETROCI (Floor plan).png,.png,53929,1d47ceb1fd7eac3d8837f4ee269eb096c094e8f7facdcf9fcbdeb99e162a823f,0,0,0,,0,0,0,0,,,,0.0,[]
2023-00067,L2024-00056-2,용역,[긴급] 코트디부아르 펠릭스우푸에부아니대학교 ICT 고등교육 역량강화 및 디지털 교육 개선사업 설계 및 감리용역,0,L2024-00056-2/Section 5 - Reference Documents/Section 5 - Construction Supervision Forms.docx,.docx,21655,6faffa7eea1b98283c98661c3d3929bc4a00e93b2a2dcb33ff3180dcdef6c55b,0,0,0,,0,0,0,0,,,,0.0,[]
2023-00067,L2024-00056-2,용역,[긴급] 코트디부아르 펠릭스우푸에부아니대학교 ICT 고등교육 역량강화 및 디지털 교육 개선사업 설계 및 감리용역,0,L2024-00056-2/Section 9 - Pledges/Declaration of Anti_Corruption (╣▌║╬╞╨ ╝▒╛≡╝¡).docx,.docx,23026,81e22a438491f4d1b5a12be15e95b5278073d1be929b00b0cd4fe23da8b9d496,0,0,0,,0,0,0,0,,,,0.0,[]
2023-00067,L2024-00056-2,용역,[긴급] 코트디부아르 펠릭스우푸에부아니대학교 ICT 고등교육 역량강화 및 디지털 교육 개선사업 설계 및 감리용역,0,L2024-00056-2/Section 9 - Pledges/Fair Contract Pledge Letter (░°┴ñ░Φ╛α ╝¡╛α╝¡).docx,.docx,18756,379cc784a159e5c15ba0045a32dd793d03827ad46a1e4a966b9810ad99102277,0,0,0,,0,0,0,0,,,,0.0,[]
2023-00067,L2024-00056-2,용역,[긴급] 코트디부아르 펠릭스우푸에부아니대학교 ICT 고등교육 역량강화 및 디지털 교육 개선사업 설계 및 감리용역,0,L2024-00056-2/Section 9 - Pledges/Integrity Pledge (├╗╖┼░Φ╛α╝¡).docx,.docx,36507,bbf88b1bc23c5ed931639e65f36d47df7d7fbdb8447562024b0cf9f04ec6d6b6,0,0,0,,0,0,0,0,,,,0.0,[]
2023-00067,L2024-00056-2,용역,[긴급] 코트디부아르 펠릭스우푸에부아니대학교 ICT 고등교육 역량강화 및 디지털 교육 개선사업 설계 및 감리용역,0,L2024-00056-2/Section 9 - Pledges/Action Pledge to Integrate Human Rights into Business Management of International Development Cooperation Projects (▒╣┴ª░│╣▀╟∙╖┬╗τ╛≈ └╬▒╟░µ┐╡ ╜╟├╡ ╝¡╛α╝¡).docx,.docx,19215,46af17d37aeab4e26df886f92c4955b1f059d0e3597f97e7e54f4f35fcbf63bf,0,0,0,,0,0,0,0,,,,0.0,[]
2023-00067,L2025-00052-1,공사,코트디부아르 펠릭스 우푸에 부아니대학교 ICT 교육역량 강화 및 ICT 혁신센터 설립사업 PETROCI 건물 리모델링 공사,1,L2025-00052-1/(붙임 2) 영문 입찰 계획 서류_KOICA FHBU Construction_정정본.zip,.zip,3273755,e78cc08556544841c9a21ad95c29293b532cd0b17f8ca97360cfd8bb9db8f85d,0,0,0,,0,0,0,0,,,,0.0,[]
2023-00067,L2025-00052-1,공사,코트디부아르 펠릭스 우푸에 부아니대학교 ICT 교육역량 강화 및 ICT 혁신센터 설립사업 PETROCI 건물 리모델링 공사,1,L2025-00052-1/(붙임 1) Bid Data Sheet(Korean)_KOICA FHBU Construction_정정본.hwp,.hwp,69120,b93c97217ebe39550e7df7f716f75c83e2f8bbbf759ccef86e4d4aee287112e3,0,0,0,,0,0,0,0,,,,0.0,[]
2023-00067,L2025-00052-1,공사,코트디부아르 펠릭스 우푸에 부아니대학교 ICT 교육역량 강화 및 ICT 혁신센터 설립사업 PETROCI 건물 리모델링 공사,1,L2025-00052-1/(붙임 2) 영문 입찰 계획 서류_KOICA FHBU Construction_정정본/Section 7 - General Conditions of Contract(Draft)_KOICA FHBU Construction.docx,.docx,202912,fedf6aa3540ddde964e764325f1b28aff95914fe896d9a93b0b504953aef920a,0,0,0,,0,0,0,0,,,,0.0,[]
2023-00067,L2025-00052-1,공사,코트디부아르 펠릭스 우푸에 부아니대학교 ICT 교육역량 강화 및 ICT 혁신센터 설립사업 PETROCI 건물 리모델링 공사,1,L2025-00052-1/(붙임 2) 영문 입찰 계획 서류_KOICA FHBU Construction_정정본/Section 2 - Bid Data Sheet(English)_KOICA FHBU Construction.docx,.docx,61827,34406a9dc5feb3cc0df25027c9ac68296ed51def75abe43f959595be1734c46a,0,0,0,,0,0,0,0,,,,0.0,[]
2023-00067,L2025-00052-1,공사,코트디부아르 펠릭스 우푸에 부아니대학교 ICT 교육역량 강화 및 ICT 혁신센터 설립사업 PETROCI 건물 리모델링 공사,1,L2025-00052-1/(붙임 2) 영문 입찰 계획 서류_KOICA FHBU Construction_정정본/Section 9-2 - Pledges_KOICA FHBU Construction.zip,.zip,69143,c68e53944a8f0afc1892995c1597fc45de6bfe319f29975a6981e05379561cfa,0,0,0,,0,0,0,0,,,,0.0,[]
2023-00067,L2025-00052-1,공사,코트디부아르 펠릭스 우푸에 부아니대학교 ICT 교육역량 강화 및 ICT 혁신센터 설립사업 PETROCI 건물 리모델링 공사,1,L2025-00052-1/(붙임 2) 영문 입찰 계획 서류_KOICA FHBU Construction_정정본/Section 10 - KOICA Bidding Regulations and Guidelines_KOICA FHBU Construction.zip,.zip,1621670,1a5cbce517d6d46fe63b690f8b59c87e9fc72c87218ea9bca457884713a92d68,0,0,0,,0,0,0,0,,,,0.0,[]
2023-00067,L2025-00052-1,공사,코트디부아르 펠릭스 우푸에 부아니대학교 ICT 교육역량 강화 및 ICT 혁신센터 설립사업 PETROCI 건물 리모델링 공사,1,L2025-00052-1/(붙임 2) 영문 입찰 계획 서류_KOICA FHBU Construction_정정본/Section 8 - Special Conditions of Contract(Draft)_KOICA FHBU Construction.docx,.docx,60774,71f76a3e205a83768b2992bb6e9065dc516b4f8076b24418a316d4195274d0e8,0,0,0,,0,0,0,0,,,,0.0,[]
2023-00067,L2025-00052-1,공사,코트디부아르 펠릭스 우푸에 부아니대학교 ICT 교육역량 강화 및 ICT 혁신센터 설립사업 PETROCI 건물 리모델링 공사,1,L2025-00052-1/(붙임 2) 영문 입찰 계획 서류_KOICA FHBU Construction_정정본/Section 9 - Contract Forms_KOICA FHBU Construction.docx,.docx,38159,0bce2d1fb64d0b2bf7c95f60fe85f7f4c07bcf3ac8c4cb65912db9515bbb5644,0,0,0,,0,0,0,0,,,,0.0,[]
2023-00067,L2025-00052-1,공사,코트디부아르 펠릭스 우푸에 부아니대학교 ICT 교육역량 강화 및 ICT 혁신센터 설립사업 PETROCI 건물 리모델링 공사,1,L2025-00052-1/(붙임 2) 영문 입찰 계획 서류_KOICA FHBU Construction_정정본/Section 11 - Bid Document Checklist_FHBU Construction_KOICA FHBU Construction.xlsx,.xlsx,63363,66df9b7d0d9465979678f38ed6dea1582e262f16a8bf8cf038a0ddd78a0a657d,0,0,0,,0,0,0,0,,,,0.0,[]
2023-00067,L2025-00052-1,공사,코트디부아르 펠릭스 우푸에 부아니대학교 ICT 교육역량 강화 및 ICT 혁신센터 설립사업 PETROCI 건물 리모델링 공사,1,L2025-00052-1/(붙임 2) 영문 입찰 계획 서류_KOICA FHBU Construction_정정본/Section 8-2 KOICA Safety Management Manual_KOICA FHBU Construction.zip,.zip,657105,536bb557bafd2e0b9b4db4486993953d16a4cedeb1d306a0064b4f53aedc9623,0,0,0,,0,0,0,0,,,,0.0,[]
2023-00067,L2025-00052-1,공사,코트디부아르 펠릭스 우푸에 부아니대학교 ICT 교육역량 강화 및 ICT 혁신센터 설립사업 PETROCI 건물 리모델링 공사,1,L2025-00052-1/(붙임 2) 영문 입찰 계획 서류_KOICA FHBU Construction_정정본/Section 3 - Bidding Forms_KOICA FHBU Construction.docx,.docx,47106,0cc79e37824b99a3c6fa8fe5ce602b2f965a40f371d4da9e14a801994a64002b,0,0,0,,0,0,0,0,,,,0.0,[]
2023-00067,L2025-00052-1,공사,코트디부아르 펠릭스 우푸에 부아니대학교 ICT 교육역량 강화 및 ICT 혁신센터 설립사업 PETROCI 건물 리모델링 공사,1,L2025-00052-1/(붙임 2) 영문 입찰 계획 서류_KOICA FHBU Construction_정정본/Section 6 - Scope of Works_KOICA FHBU Construction.docx,.docx,46850,0accf3bb36ec641fb7c440a519ed78bb58b1231f17d5d8acbdce30a5bd706753,0,0,0,,0,0,0,0,,,,0.0,[]
2023-00067,L2025-00052-1,공사,코트디부아르 펠릭스 우푸에 부아니대학교 ICT 교육역량 강화 및 ICT 혁신센터 설립사업 PETROCI 건물 리모델링 공사,1,L2025-00052-1/(붙임 2) 영문 입찰 계획 서류_KOICA FHBU Construction_정정본/Section 12 - Power of Attorney for the authority to sign and execute contracts_KOICA FHBU Construction.docx,.docx,18759,ccfa30711d9124ace57f312b9b89267731c2844285ca78c55df13f43969cd647,0,0,0,,0,0,0,0,,,,0.0,[]
2023-00067,L2025-00052-1,공사,코트디부아르 펠릭스 우푸에 부아니대학교 ICT 교육역량 강화 및 ICT 혁신센터 설립사업 PETROCI 건물 리모델링 공사,1,L2025-00052-1/(붙임 2) 영문 입찰 계획 서류_KOICA FHBU Construction_정정본/Section 1 - Instructions to Bidders (ITB)_KOICA FHBU Construction.zip,.zip,417188,a19acb87e8d230290cd3f1264545736dd0a08c44f810577cbbf6693763cf43a6,0,0,0,,0,0,0,0,,,,0.0,[]
2023-00067,L2025-00052-1,공사,코트디부아르 펠릭스 우푸에 부아니대학교 ICT 교육역량 강화 및 ICT 혁신센터 설립사업 PETROCI 건물 리모델링 공사,1,L2025-00052-1/(붙임 2) 영문 입찰 계획 서류_KOICA FHBU Construction_정정본/Section 10 - KOICA Bidding Regulations and Guidelines_KOICA FHBU Construction/Guidelines for Technical Evaluation(기술평가지침)_20210408.pdf,.pdf,416852,5f61aa2d6d0a5a8e5112eb2bfc3afc5f9a4e31a1328154452eb19e5484072dd0,0,0,0,,0,0,0,0,,,,0.0,[]
2023-00067,L2025-00052-1,공사,코트디부아르 펠릭스 우푸에 부아니대학교 ICT 교육역량 강화 및 ICT 혁신센터 설립사업 PETROCI 건물 리모델링 공사,1,L2025-00052-1/(붙임 2) 영문 입찰 계획 서류_KOICA FHBU Construction_정정본/Section 10 - KOICA Bidding Regulations and Guidelines_KOICA FHBU Construction/Regulations for Procurement and Contract in Grant Aid Projects(대외무상협력사업에 관한 조달 및 계약규정)_20190520.pdf,.pdf,157627,bcc6062e083bacf0c4b014b08f7566dde8d7c56ad7f791e30c25a04e71aee5ec,0,0,0,,0,0,0,0,,,,0.0,[]
2023-00067,L2025-00052-1,공사,코트디부아르 펠릭스 우푸에 부아니대학교 ICT 교육역량 강화 및 ICT 혁신센터 설립사업 PETROCI 건물 리모델링 공사,1,L2025-00052-1/(붙임 2) 영문 입찰 계획 서류_KOICA FHBU Construction_정정본/Section 10 - KOICA Bidding Regulations and Guidelines_KOICA FHBU Construction/Standards of Qualification Examination for Selection of Constructor(시공사선정적격심사기준)_20140403.pdf,.pdf,315288,1b27d92e7041a9d53b17342ea9a7af1277b13521256c1b62f80ef7fc093b79e8,0,0,0,,0,0,0,0,,,,0.0,[]
2023-00067,L2025-00052-1,공사,코트디부아르 펠릭스 우푸에 부아니대학교 ICT 교육역량 강화 및 ICT 혁신센터 설립사업 PETROCI 건물 리모델링 공사,1,L2025-00052-1/(붙임 2) 영문 입찰 계획 서류_KOICA FHBU Construction_정정본/Section 10 - KOICA Bidding Regulations and Guidelines_KOICA FHBU Construction/Detailed Enforcement Rules of the Regulations for Procurement and Contract in Grant Aid Projects(대외무상협력사업에 관한 조달 및 계약규정 시ᄒ.pdf,.pdf,554876,23f11f2154d32db6e78fbfdafb1f52aeba37778e2dd3b78a197b4ea4c2d44892,0,0,0,,0,0,0,0,,,,0.0,[]
2023-00067,L2025-00052-1,공사,코트디부아르 펠릭스 우푸에 부아니대학교 ICT 교육역량 강화 및 ICT 혁신센터 설립사업 PETROCI 건물 리모델링 공사,1,L2025-00052-1/(붙임 2) 영문 입찰 계획 서류_KOICA FHBU Construction_정정본/Section 10 - KOICA Bidding Regulations and Guidelines_KOICA FHBU Construction/KOICA Regulations for International Procurement(국제조달규정)_20190304.pdf,.pdf,375625,a9706e28e1564ba06a6ac833994e7d323b6b5eba68271f1ce70a46a8bd93a7b8,0,0,0,,0,0,0,0,,,,0.0,[]
2023-00067,L2025-00052-1,공사,코트디부아르 펠릭스 우푸에 부아니대학교 ICT 교육역량 강화 및 ICT 혁신센터 설립사업 PETROCI 건물 리모델링 공사,1,L2025-00052-1/(붙임 2) 영문 입찰 계획 서류_KOICA FHBU Construction_정정본/Section 1 - Instructions to Bidders (ITB)_KOICA FHBU Construction/Section 1 - Instructions to Bidders (ITB).hwp,.hwp,165376,dd59696af2cb1582d5746991d9293a8e71f0d6ce1039cf2e19e01b561b897904,0,0,0,,0,0,0,0,,,,0.0,[]
2023-00067,L2025-00052-1,공사,코트디부아르 펠릭스 우푸에 부아니대학교 ICT 교육역량 강화 및 ICT 혁신센터 설립사업 PETROCI 건물 리모델링 공사,1,L2025-00052-1/(붙임 2) 영문 입찰 계획 서류_KOICA FHBU Construction_정정본/Section 1 - Instructions to Bidders (ITB)_KOICA FHBU Construction/Section 1 - 국제입찰유의서 (ITB).hwp,.hwp,164352,6db48fb28f52119a8a18e3dae79f95aaf8e50bc2dcdedc99764a0c5e1e2a17f7,0,0,0,,0,0,0,0,,,,0.0,[]
2023-00067,L2025-00052-1,공사,코트디부아르 펠릭스 우푸에 부아니대학교 ICT 교육역량 강화 및 ICT 혁신센터 설립사업 PETROCI 건물 리모델링 공사,1,L2025-00052-1/(붙임 2) 영문 입찰 계획 서류_KOICA FHBU Construction_정정본/Section 1 - Instructions to Bidders (ITB)_KOICA FHBU Construction/Section 1 - Instructions to Bidders (ITB).pdf,.pdf,165225,691b98a077b07f2ded55da96b6a6b74440d6c0d010357f2fa9cf5033f65b51c9,0,0,0,,0,0,0,0,,,,0.0,[]
2023-00067,L2025-00052-1,공사,코트디부아르 펠릭스 우푸에 부아니대학교 ICT 교육역량 강화 및 ICT 혁신센터 설립사업 PETROCI 건물 리모델링 공사,1,L2025-00052-1/(붙임 2) 영문 입찰 계획 서류_KOICA FHBU Construction_정정본/Section 8-2 KOICA Safety Management Manual_KOICA FHBU Construction/KOICA Safety Management Manual.pdf,.pdf,378337,b60b641c002f2145d45b33a4840f5ee96569c877a3e79aaa8799ea3dff82522f,0,0,0,,0,0,0,0,,,,0.0,[]
2023-00067,L2025-00052-1,공사,코트디부아르 펠릭스 우푸에 부아니대학교 ICT 교육역량 강화 및 ICT 혁신센터 설립사업 PETROCI 건물 리모델링 공사,1,L2025-00052-1/(붙임 2) 영문 입찰 계획 서류_KOICA FHBU Construction_정정본/Section 8-2 KOICA Safety Management Manual_KOICA FHBU Construction/KOICA_건설공사 안전관리업무 매뉴얼(한글).pdf,.pdf,383336,c7ee842bf636cea9d925f6d59b1a344c8b965214d7aca1aa90f5114dfe871063,0,0,0,,0,0,0,0,,,,0.0,[]
2023-00067,L2025-00052-1,공사,코트디부아르 펠릭스 우푸에 부아니대학교 ICT 교육역량 강화 및 ICT 혁신센터 설립사업 PETROCI 건물 리모델링 공사,1,L2025-00052-1/(붙임 2) 영문 입찰 계획 서류_KOICA FHBU Construction_정정본/Section 9-2 - Pledges_KOICA FHBU Construction/Integrity Pledge (청렴계약서).docx,.docx,36507,bbf88b1bc23c5ed931639e65f36d47df7d7fbdb8447562024b0cf9f04ec6d6b6,0,0,0,,0,0,0,0,,,,0.0,[]
2023-00067,L2025-00052-1,공사,코트디부아르 펠릭스 우푸에 부아니대학교 ICT 교육역량 강화 및 ICT 혁신센터 설립사업 PETROCI 건물 리모델링 공사,1,L2025-00052-1/(붙임 2) 영문 입찰 계획 서류_KOICA FHBU Construction_정정본/Section 9-2 - Pledges_KOICA FHBU Construction/Fair Contract Pledge Letter (공정계약 서약서).docx,.docx,18756,379cc784a159e5c15ba0045a32dd793d03827ad46a1e4a966b9810ad99102277,0,0,0,,0,0,0,0,,,,0.0,[]
2023-00067,L2025-00052-1,공사,코트디부아르 펠릭스 우푸에 부아니대학교 ICT 교육역량 강화 및 ICT 혁신센터 설립사업 PETROCI 건물 리모델링 공사,1,L2025-00052-1/(붙임 2) 영문 입찰 계획 서류_KOICA FHBU Construction_정정본/Section 9-2 - Pledges_KOICA FHBU Construction/Declaration of Anti_Corruption (반부패 선언서).docx,.docx,23026,81e22a438491f4d1b5a12be15e95b5278073d1be929b00b0cd4fe23da8b9d496,0,0,0,,0,0,0,0,,,,0.0,[]
2023-00030,L2024-00041-1,용역,"키르기즈공화국 가축 품종개량 및 인공수정인력 역량강화사업 연수센터 신축, 바이오센터 리모델링 설계 및 저작권감리용역",0,L2024-00041-1/Section 4 - Request for Proposal (RFP)_v2_0603.doc,.doc,248832,d307e5e9d82090e65480d1557119b9c1d0520c9ffb435d26e1c7b57b161d925c,0,0,0,,0,0,0,0,,,,0.0,[]
2023-00030,L2024-00041-1,용역,"키르기즈공화국 가축 품종개량 및 인공수정인력 역량강화사업 연수센터 신축, 바이오센터 리모델링 설계 및 저작권감리용역",0,L2024-00041-1/Section 9 - Contract Forms_v1_0603.docx,.docx,22992,aae21e0364d411b003ec863f9587fb5bd419cae961c5c76762dcf0190ad3ff86,0,0,0,,0,0,0,0,,,,0.0,[]
2023-00030,L2024-00041-1,용역,"키르기즈공화국 가축 품종개량 및 인공수정인력 역량강화사업 연수센터 신축, 바이오센터 리모델링 설계 및 저작권감리용역",0,L2024-00041-1/Section 9 - Pledges_v1_0603.zip,.zip,85586,ace77f0c472bac41b05b3348d76f2fece600d55060d9bc370047c00e36f9a7da,0,0,0,,0,0,0,0,,,,0.0,[]
2023-00030,L2024-00041-1,용역,"키르기즈공화국 가축 품종개량 및 인공수정인력 역량강화사업 연수센터 신축, 바이오센터 리모델링 설계 및 저작권감리용역",0,L2024-00041-1/Section 2 - Bid Data Sheet (BDS)_v5_0604.docx,.docx,92592,6e8fe9124df7ae11760efa0959d72fd2f692aba86d73c9a5580e2d3cd4d33c4b,0,0,0,,0,0,0,0,,,,0.0,[]
2023-00030,L2024-00041-1,용역,"키르기즈공화국 가축 품종개량 및 인공수정인력 역량강화사업 연수센터 신축, 바이오센터 리모델링 설계 및 저작권감리용역",0,L2024-00041-1/Section 5 - Scope of the Services (ToR)_v2_0603.docx,.docx,32824,0c81b7dc4c7ead16d87c037417dd3324b7caab65662ff8443755082fffcbbe4f,0,0,0,,0,0,0,0,,,,0.0,[]
2023-00030,L2024-00041-1,용역,"키르기즈공화국 가축 품종개량 및 인공수정인력 역량강화사업 연수센터 신축, 바이오센터 리모델링 설계 및 저작권감리용역",0,L2024-00041-1/Summary of Bidding (요약본)_v1_0517.docx,.docx,36225,234babd497e6c4995d99de620d4a4e5f5ff6d0cb966bc6f6d3669af4e89de0df,0,0,0,,0,0,0,0,,,,0.0,[]
2023-00030,L2024-00041-1,용역,"키르기즈공화국 가축 품종개량 및 인공수정인력 역량강화사업 연수센터 신축, 바이오센터 리모델링 설계 및 저작권감리용역",0,L2024-00041-1/Section 6 - Reference Material (Construction scope & space program)_v1_0603.pdf,.pdf,348018,e2c557b0de75b49b96977bf8fa8c1ec2ca672603d4d8d7cf265f4d5cba40d8e5,0,0,0,,0,0,0,0,,,,0.0,[]
2023-00030,L2024-00041-1,용역,"키르기즈공화국 가축 품종개량 및 인공수정인력 역량강화사업 연수센터 신축, 바이오센터 리모델링 설계 및 저작권감리용역",0,L2024-00041-1/Section 8 - Special Conditions of Contract_v1_0603.docx,.docx,32626,b7d045c57a1f120411285df30922afe96fa81d399988de5dbbf6ee1429c31a2d,0,0,0,,0,0,0,0,,,,0.0,[]
2023-00030,L2024-00041-1,용역,"키르기즈공화국 가축 품종개량 및 인공수정인력 역량강화사업 연수센터 신축, 바이오센터 리모델링 설계 및 저작권감리용역",0,L2024-00041-1/Summary of Bidding (요약본)_v2_0603.docx,.docx,33757,0b1506aefe4ebdcd5835e3dd672c395e90b6116f3f766777442af7e51f32cc75,0,0,0,,0,0,0,0,,,,0.0,[]
2023-00030,L2024-00041-1,용역,"키르기즈공화국 가축 품종개량 및 인공수정인력 역량강화사업 연수센터 신축, 바이오센터 리모델링 설계 및 저작권감리용역",0,L2024-00041-1/붙임_키르기스_가축품종개량_설계업체선정_현지입찰추진계획안_BDS_v11_0805.hwp,.hwp,87552,2650c9a13362ac776c2f48c6f84dd211806b445586266696f4676677f5ac9ddb,0,0,0,,0,0,0,0,,,,0.0,[]
2023-00030,L2024-00041-1,용역,"키르기즈공화국 가축 품종개량 및 인공수정인력 역량강화사업 연수센터 신축, 바이오센터 리모델링 설계 및 저작권감리용역",0,L2024-00041-1/Section 7 - General Conditions of Contract_v1_0603.docx,.docx,34911,83d7fcabe51ad328fb7329da081d4f921110e5e42367cc1598173d635bbc979e,0,0,0,,0,0,0,0,,,,0.0,[]
2023-00030,L2024-00041-1,용역,"키르기즈공화국 가축 품종개량 및 인공수정인력 역량강화사업 연수센터 신축, 바이오센터 리모델링 설계 및 저작권감리용역",0,L2024-00041-1/Section 1 - Instructions to Bidders (ITB)_v1_0603.zip,.zip,216319,11233da5e359ce592212699f6c499fb76b51eb57314e320bc488eddaa0c5dfe9,0,0,0,,0,0,0,0,,,,0.0,[]
2023-00030,L2024-00041-1,용역,"키르기즈공화국 가축 품종개량 및 인공수정인력 역량강화사업 연수센터 신축, 바이오센터 리모델링 설계 및 저작권감리용역",0,L2024-00041-1/Section 3 - Bidding Forms_v2_0603.docx,.docx,60170,af78166fc8656f60cd1420e578f70d322290bda457113e999ae837aeba7cfff6,0,0,0,,0,0,0,0,,,,0.0,[]
2023-00030,L2024-00041-1,용역,"키르기즈공화국 가축 품종개량 및 인공수정인력 역량강화사업 연수센터 신축, 바이오센터 리모델링 설계 및 저작권감리용역",0,L2024-00041-1/Section 9 - Pledges_v1_0603/Declaration of Anti_Corruption (╣▌║╬╞╨ ╝▒╛≡╝¡).docx,.docx,23026,81e22a438491f4d1b5a12be15e95b5278073d1be929b00b0cd4fe23da8b9d496,0,0,0,,0,0,0,0,,,,0.0,[]
2023-00030,L2024-00041-1,용역,"키르기즈공화국 가축 품종개량 및 인공수정인력 역량강화사업 연수센터 신축, 바이오센터 리모델링 설계 및 저작권감리용역",0,L2024-00041-1/Section 9 - Pledges_v1_0603/Fair Contract Pledge Letter (░°┴ñ░Φ╛α ╝¡╛α╝¡).docx,.docx,18756,379cc784a159e5c15ba0045a32dd793d03827ad46a1e4a966b9810ad99102277,0,0,0,,0,0,0,0,,,,0.0,[]
2023-00030,L2024-00041-1,용역,"키르기즈공화국 가축 품종개량 및 인공수정인력 역량강화사업 연수센터 신축, 바이오센터 리모델링 설계 및 저작권감리용역",0,L2024-00041-1/Section 9 - Pledges_v1_0603/Integrity Pledge (├╗╖┼░Φ╛α╝¡).docx,.docx,36507,bbf88b1bc23c5ed931639e65f36d47df7d7fbdb8447562024b0cf9f04ec6d6b6,0,0,0,,0,0,0,0,,,,0.0,[]
2023-00030,L2024-00041-1,용역,"키르기즈공화국 가축 품종개량 및 인공수정인력 역량강화사업 연수센터 신축, 바이오센터 리모델링 설계 및 저작권감리용역",0,L2024-00041-1/Section 9 - Pledges_v1_0603/Action Pledge to Integrate Human Rights into Business Management of International Development Cooperation Projects (▒╣┴ª░│╣▀╟∙╖┬╗τ╛≈ └╬▒╟░µ┐╡ ╜╟├╡ ╝¡╛α╝¡).docx,.docx,19215,46af17d37aeab4e26df886f92c4955b1f059d0e3597f97e7e54f4f35fcbf63bf,0,0,0,,0,0,0,0,,,,0.0,[]
2023-00030,L2024-00041-1,용역,"키르기즈공화국 가축 품종개량 및 인공수정인력 역량강화사업 연수센터 신축, 바이오센터 리모델링 설계 및 저작권감리용역",0,L2024-00041-1/Section 1 - Instructions to Bidders (ITB)_v1_0603/Section 1 - ▒╣┴ª└╘┬√└»└╟╝¡ (ITB).hwp,.hwp,92672,30c8d093217b1908eadd23ff85989ab13790b4f29f255670b5c4478dcb302c5a,0,0,0,,0,0,0,0,,,,0.0,[]
2023-00030,L2024-00041-1,용역,"키르기즈공화국 가축 품종개량 및 인공수정인력 역량강화사업 연수센터 신축, 바이오센터 리모델링 설계 및 저작권감리용역",0,L2024-00041-1/Section 1 - Instructions to Bidders (ITB)_v1_0603/Section 1 - Instructions to Bidders (ITB)_╝÷┴ñ.hwp,.hwp,168448,66c44d5b34cd4bade85de8cda544a7f534cfac5022bcf25bb3755d6680315e9a,0,0,0,,0,0,0,0,,,,0.0,[]
2023-00027,L2025-00003-1,공사,키르키즈공화국 국회 디지털화 사업 시공,1,"L2025-00003-1/Parliament Bidding Document (Eng, Rus).zip",.zip,8047682,f0d5cd47c17820f129bfc366a7bd6c22e08f9e4bbc064661e192186e827c3045,0,0,0,,0,0,0,0,,,,0.0,[]
2023-00027,L2025-00003-1,공사,키르키즈공화국 국회 디지털화 사업 시공,1,"L2025-00003-1/Parliament Bidding Document (Eng, Rus)/Eng/ENG_Section 3 - Bidding_Forms_Digitalization_Parliament.doc",.doc,231936,3e912679d9bc22a7bf688ce82eacdc8a7e28c3f80c5126e2c0ca3365517910f7,0,0,0,,0,0,0,0,,,,0.0,[]
2023-00027,L2025-00003-1,공사,키르키즈공화국 국회 디지털화 사업 시공,1,"L2025-00003-1/Parliament Bidding Document (Eng, Rus)/Eng/ENG_Section 8 - Special_Conditions_of_Contract_Digitalization_Parliament.docx",.docx,67803,8e30ac26742546e2ab6f2f7ceb12cf12b5cacdeef93c84896815e8543d5a3b78,0,0,0,,0,0,0,0,,,,0.0,[]
2023-00027,L2025-00003-1,공사,키르키즈공화국 국회 디지털화 사업 시공,1,"L2025-00003-1/Parliament Bidding Document (Eng, Rus)/Eng/ENG_Section 4-6 - Requirements_Digitalization_Parliament.docx",.docx,2489508,f8311fbdc24ccf9dfd68271fa9cd346ffe04a992e414376fbf7a09b5cce845b0,0,0,0,,0,0,0,0,,,,0.0,[]
2023-00027,L2025-00003-1,공사,키르키즈공화국 국회 디지털화 사업 시공,1,"L2025-00003-1/Parliament Bidding Document (Eng, Rus)/Eng/ENG_Section 7 - General_Conditions_of_Contract_v1_Digitalization_Parliament.docx",.docx,215518,580ea664f5b1088f8125375cd91b37904a8dc063f6e170cc9955ae2c2c80dd4d,0,0,0,,0,0,0,0,,,,0.0,[]
2023-00027,L2025-00003-1,공사,키르키즈공화국 국회 디지털화 사업 시공,1,"L2025-00003-1/Parliament Bidding Document (Eng, Rus)/Eng/ENG_Section 9 - Contract_Forms_Digitalization_Parliament_v1.docx",.docx,38953,5e5c47c728f5a837ecb0e733eed921cf6186a65ac1b525eb4c681da0c59bc2d5,0,0,0,,0,0,0,0,,,,0.0,[]
2023-00027,L2025-00003-1,공사,키르키즈공화국 국회 디지털화 사업 시공,1,"L2025-00003-1/Parliament Bidding Document (Eng, Rus)/Eng/ENG_Section 2 - Bid Data Sheet_Digitalization_Parliament.docx",.docx,48438,0b308fcb05dcfba25871a7bd383ee63552270f1e6a14bbcb796b1f04e5fa384d,0,0,0,,0,0,0,0,,,,0.0,[]
2023-00027,L2025-00003-1,공사,키르키즈공화국 국회 디지털화 사업 시공,1,"L2025-00003-1/Parliament Bidding Document (Eng, Rus)/Eng/ENG_Section 1 - Instructions to Bidders_ITB_Digitalization Parliament.doc",.doc,257231,e17195795075a699aa2746029d2d7bc523143809570f808e673eb191fbd77af9,0,0,0,,0,0,0,0,,,,0.0,[]
2023-00027,L2025-00003-1,공사,키르키즈공화국 국회 디지털화 사업 시공,1,"L2025-00003-1/Parliament Bidding Document (Eng, Rus)/Rus/RUS_Section_1_Instructions_to_Bidders_ITB_Digitalization_Parliament.docx",.docx,40163,da3705546e7a78ee22d9acb1416c52efcb1d75b6519f702090942c4d7ba31511,0,0,0,,0,0,0,0,,,,0.0,[]
2023-00027,L2025-00003-1,공사,키르키즈공화국 국회 디지털화 사업 시공,1,"L2025-00003-1/Parliament Bidding Document (Eng, Rus)/Rus/RUS_Section 4-6 - Requirements_Digitalization_Parliament.docx",.docx,2470431,4ea91c122375c02ea7e2b336cc9bee0c7a4032df908a4a9e330092b7733da460,0,0,0,,0,0,0,0,,,,0.0,[]
2023-00027,L2025-00003-1,공사,키르키즈공화국 국회 디지털화 사업 시공,1,"L2025-00003-1/Parliament Bidding Document (Eng, Rus)/Rus/RUS_Section 3 - Bidding Forms_Digitalization_Parliament.doc",.doc,291328,0bf98c2c13d5e293409996540c7910d6c716592ebda699ba9e14310c5e13744b,0,0,0,,0,0,0,0,,,,0.0,[]
2023-00027,L2025-00003-1,공사,키르키즈공화국 국회 디지털화 사업 시공,1,"L2025-00003-1/Parliament Bidding Document (Eng, Rus)/Rus/RUS_Section_7_General_Conditions_of_Contract_v1_Digitalization_Parliament.docx",.docx,200355,56d675ec3bb1c78ffbd2c8253036bc7ca58101acb65e9af5f1b8ad84187d418e,0,0,0,,0,0,0,0,,,,0.0,[]
2023-00027,L2025-00003-1,공사,키르키즈공화국 국회 디지털화 사업 시공,1,"L2025-00003-1/Parliament Bidding Document (Eng, Rus)/Rus/RUS_Section 9 - Contract Forms_Digitalization_Parliament_v1.docx",.docx,18328,08433c85a2844abb1f7952f48b6f1ff6ef08b33fcc134fec2f95454c1a15601b,0,0,0,,0,0,0,0,,,,0.0,[]
2023-00027,L2025-00003-1,공사,키르키즈공화국 국회 디지털화 사업 시공,1,"L2025-00003-1/Parliament Bidding Document (Eng, Rus)/Rus/RUS_Section 4-6 - Requirements_rus_Ur_upd.docx",.docx,2474694,8edc14039931cc48fe71f0e1a97f930dfde52d9755a28bd111e2b9938719cd1d,0,0,0,,0,0,0,0,,,,0.0,[]
2023-00027,L2025-00003-1,공사,키르키즈공화국 국회 디지털화 사업 시공,1,"L2025-00003-1/Parliament Bidding Document (Eng, Rus)/Rus/RUS_Section 2 - Bid Data Sheet_Digitalization_Parliament.docx",.docx,57586,7dbd5f78dee472d8aed1db1cbafee7030af4a93cf748464cb2a27042bdb139ff,0,0,0,,0,0,0,0,,,,0.0,[]
2023-00027,L2025-00003-1,공사,키르키즈공화국 국회 디지털화 사업 시공,1,"L2025-00003-1/Parliament Bidding Document (Eng, Rus)/Rus/RUS_Section_8_Special_Conditions_of_Contract_Digitalization_Parliament.docx",.docx,72601,3f24a1f99046b1b1f43a96ac676b48367808e931790b7158ad5a75eb030ef1ee,0,0,0,,0,0,0,0,,,,0.0,[]
2023-00027,L2025-00003-2,공사,키르키즈공화국 국회 디지털화 사업 시공,1,L2025-00003-2/[RE] (Bid Document) Digitalization of the Parliament.zip,.zip,5632125,3e17bbee573c04e0a36a615c4befc4ef9f66ddf437cdadf1522f805c90ddbd54,0,0,0,,0,0,0,0,,,,0.0,[]
2023-00027,L2025-00003-2,공사,키르키즈공화국 국회 디지털화 사업 시공,1,L2025-00003-2/[RE] (Bid Document) Digitalization of the Parliament/(Bid Document) Digitalization of the Parliament/Eng/ENG_Section 3 - Bidding_Forms_Digitalization_Parliament.doc,.doc,224256,475275cb330a3034ea960c51da9a4ba3bb875b930e25ecf56858d771ae6742b1,0,0,0,,0,0,0,0,,,,0.0,[]
2023-00027,L2025-00003-2,공사,키르키즈공화국 국회 디지털화 사업 시공,1,L2025-00003-2/[RE] (Bid Document) Digitalization of the Parliament/(Bid Document) Digitalization of the Parliament/Eng/ENG_Section 8 - Special_Conditions_of_Contract_Digitalization_Parliament.docx,.docx,67803,8e30ac26742546e2ab6f2f7ceb12cf12b5cacdeef93c84896815e8543d5a3b78,0,0,0,,0,0,0,0,,,,0.0,[]
2023-00027,L2025-00003-2,공사,키르키즈공화국 국회 디지털화 사업 시공,1,L2025-00003-2/[RE] (Bid Document) Digitalization of the Parliament/(Bid Document) Digitalization of the Parliament/Eng/ENG_Section 4-6 - Requirements_Digitalization_Parliament.docx,.docx,2489508,f8311fbdc24ccf9dfd68271fa9cd346ffe04a992e414376fbf7a09b5cce845b0,0,0,0,,0,0,0,0,,,,0.0,[]
2023-00027,L2025-00003-2,공사,키르키즈공화국 국회 디지털화 사업 시공,1,L2025-00003-2/[RE] (Bid Document) Digitalization of the Parliament/(Bid Document) Digitalization of the Parliament/Eng/ENG_Section 7 - General_Conditions_of_Contract_v1_Digitalization_Parliament.docx,.docx,215518,580ea664f5b1088f8125375cd91b37904a8dc063f6e170cc9955ae2c2c80dd4d,0,0,0,,0,0,0,0,,,,0.0,[]
2023-00027,L2025-00003-2,공사,키르키즈공화국 국회 디지털화 사업 시공,1,L2025-00003-2/[RE] (Bid Document) Digitalization of the Parliament/(Bid Document) Digitalization of the Parliament/Eng/ENG_Section 9 - Contract_Forms_Digitalization_Parliament_v1.docx,.docx,38953,5e5c47c728f5a837ecb0e733eed921cf6186a65ac1b525eb4c681da0c59bc2d5,0,0,0,,0,0,0,0,,,,0.0,[]
2023-00027,L2025-00003-2,공사,키르키즈공화국 국회 디지털화 사업 시공,1,L2025-00003-2/[RE] (Bid Document) Digitalization of the Parliament/(Bid Document) Digitalization of the Parliament/Eng/ENG_Section 2 - Bid Data Sheet_Digitalization_Parliament.docx,.docx,41492,1bf032017761f1d2d7b07146b956aa3a5641010f5139b98492eb04c884e5ff55,0,0,0,,0,0,0,0,,,,0.0,[]
2023-00027,L2025-00003-2,공사,키르키즈공화국 국회 디지털화 사업 시공,1,L2025-00003-2/[RE] (Bid Document) Digitalization of the Parliament/(Bid Document) Digitalization of the Parliament/Eng/ENG_Section 1 - Instructions to Bidders_ITB_Digitalization Parliament.doc,.doc,257231,e17195795075a699aa2746029d2d7bc523143809570f808e673eb191fbd77af9,0,0,0,,0,0,0,0,,,,0.0,[]
2023-00027,L2025-00003-2,공사,키르키즈공화국 국회 디지털화 사업 시공,1,L2025-00003-2/[RE] (Bid Document) Digitalization of the Parliament/(Bid Document) Digitalization of the Parliament/Rus/RUS_Section 8_Special_Conditions_of_Contract_Digitalization_Parliament.docx,.docx,72601,3f24a1f99046b1b1f43a96ac676b48367808e931790b7158ad5a75eb030ef1ee,0,0,0,,0,0,0,0,,,,0.0,[]
2023-00027,L2025-00003-2,공사,키르키즈공화국 국회 디지털화 사업 시공,1,L2025-00003-2/[RE] (Bid Document) Digitalization of the Parliament/(Bid Document) Digitalization of the Parliament/Rus/RUS_Section 4-6 - Requirements_Digitalization_Parliament.docx,.docx,2470431,4ea91c122375c02ea7e2b336cc9bee0c7a4032df908a4a9e330092b7733da460,0,0,0,,0,0,0,0,,,,0.0,[]
2023-00027,L2025-00003-2,공사,키르키즈공화국 국회 디지털화 사업 시공,1,L2025-00003-2/[RE] (Bid Document) Digitalization of the Parliament/(Bid Document) Digitalization of the Parliament/Rus/RUS_Section 3 - Bidding Forms_Digitalization_Parliament.doc,.doc,293888,7749d19abb2a55bb64304dde7c75689d941279d6ada78b131318eb63fb284091,0,0,0,,0,0,0,0,,,,0.0,[]
2023-00027,L2025-00003-2,공사,키르키즈공화국 국회 디지털화 사업 시공,1,L2025-00003-2/[RE] (Bid Document) Digitalization of the Parliament/(Bid Document) Digitalization of the Parliament/Rus/RUS_Section 7_General_Conditions_of_Contract_v1_Digitalization_Parliament.docx,.docx,200355,56d675ec3bb1c78ffbd2c8253036bc7ca58101acb65e9af5f1b8ad84187d418e,0,0,0,,0,0,0,0,,,,0.0,[]
2023-00027,L2025-00003-2,공사,키르키즈공화국 국회 디지털화 사업 시공,1,L2025-00003-2/[RE] (Bid Document) Digitalization of the Parliament/(Bid Document) Digitalization of the Parliament/Rus/RUS_Section 9 - Contract Forms_Digitalization_Parliament_v1.docx,.docx,18328,08433c85a2844abb1f7952f48b6f1ff6ef08b33fcc134fec2f95454c1a15601b,0,0,0,,0,0,0,0,,,,0.0,[]
2023-00027,L2025-00003-2,공사,키르키즈공화국 국회 디지털화 사업 시공,1,L2025-00003-2/[RE] (Bid Document) Digitalization of the Parliament/(Bid Document) Digitalization of the Parliament/Rus/RUS_Section 2 - Bid Data Sheet_Digitalization_Parliament.docx,.docx,43147,84658085cc5a577564a61f62c1889f5dddbcaa482c3bfcdd348130f57d481c6e,0,0,0,,0,0,0,0,,,,0.0,[]
2023-00027,L2025-00003-2,공사,키르키즈공화국 국회 디지털화 사업 시공,1,L2025-00003-2/[RE] (Bid Document) Digitalization of the Parliament/(Bid Document) Digitalization of the Parliament/Rus/RUS_Section 1_Instructions_to_Bidders_ITB_Digitalization_Parliament.docx,.docx,40163,da3705546e7a78ee22d9acb1416c52efcb1d75b6519f702090942c4d7ba31511,0,0,0,,0,0,0,0,,,,0.0,[]
2023-00027,L2025-00028-1,공사,키르키즈공화국 국회 디지털화 사업 시공,1,L2025-00028-1/Bid_Document_Digitalization_of_the_Parliament_KG_2025_04_May.zip,.zip,5894008,6aeeec8141f69bf82a1fe640df51306e3cc368cdc76a7c037546d34d5371be0f,0,0,0,,0,0,0,0,,,,0.0,[]
2023-00027,L2025-00028-1,공사,키르키즈공화국 국회 디지털화 사업 시공,1,"L2025-00028-1/Bid_Document_Digitalization_of_the_Parliament_KG_2025_04_May/[2RE] (Bid Document) Digitalization of the Parliament_KG-2025-04_May 20,2025/250428_JUNIPER_Agreement_for_the_supply_of_goods_or_technical_support.pdf",.pdf,453314,6c1b0b9a32e1503076fc878d4a820183e142d023f969064e00fcb87f32c4a81c,0,0,0,,0,0,0,0,,,,0.0,[]
2023-00027,L2025-00028-1,공사,키르키즈공화국 국회 디지털화 사업 시공,1,"L2025-00028-1/Bid_Document_Digitalization_of_the_Parliament_KG_2025_04_May/[2RE] (Bid Document) Digitalization of the Parliament_KG-2025-04_May 20,2025/Eng/ENG_Section 1 - Instructions to Bidders_ITB_Digitalization_Parliament.doc",.doc,257231,e17195795075a699aa2746029d2d7bc523143809570f808e673eb191fbd77af9,0,0,0,,0,0,0,0,,,,0.0,[]
2023-00027,L2025-00028-1,공사,키르키즈공화국 국회 디지털화 사업 시공,1,"L2025-00028-1/Bid_Document_Digitalization_of_the_Parliament_KG_2025_04_May/[2RE] (Bid Document) Digitalization of the Parliament_KG-2025-04_May 20,2025/Eng/ENG_Section 3 - Bidding_Forms_Digitalization_Parliament.doc",.doc,249856,5eeb37acbe3ae947e969e40f74066d43fd0ef84b211755a56183d322919f8696,0,0,0,,0,0,0,0,,,,0.0,[]
2023-00027,L2025-00028-1,공사,키르키즈공화국 국회 디지털화 사업 시공,1,"L2025-00028-1/Bid_Document_Digitalization_of_the_Parliament_KG_2025_04_May/[2RE] (Bid Document) Digitalization of the Parliament_KG-2025-04_May 20,2025/Eng/ENG_Section 2 -Bid_Data_Sheet_Digitalization_Parliament.docx",.docx,55013,0e233852476ab2b35073344024b87f71c9617ecaef14d34c6effdb6a985062ea,0,0,0,,0,0,0,0,,,,0.0,[]
2023-00027,L2025-00028-1,공사,키르키즈공화국 국회 디지털화 사업 시공,1,"L2025-00028-1/Bid_Document_Digitalization_of_the_Parliament_KG_2025_04_May/[2RE] (Bid Document) Digitalization of the Parliament_KG-2025-04_May 20,2025/Eng/ENG_Section 9 - Contract_Forms_Digitalization_Parliament.docx",.docx,38953,5e5c47c728f5a837ecb0e733eed921cf6186a65ac1b525eb4c681da0c59bc2d5,0,0,0,,0,0,0,0,,,,0.0,[]
2023-00027,L2025-00028-1,공사,키르키즈공화국 국회 디지털화 사업 시공,1,"L2025-00028-1/Bid_Document_Digitalization_of_the_Parliament_KG_2025_04_May/[2RE] (Bid Document) Digitalization of the Parliament_KG-2025-04_May 20,2025/Eng/ENG_Section 8 - Special_Conditions_of_Contract_Digitalization_Parliament.docx",.docx,67803,8e30ac26742546e2ab6f2f7ceb12cf12b5cacdeef93c84896815e8543d5a3b78,0,0,0,,0,0,0,0,,,,0.0,[]
2023-00027,L2025-00028-1,공사,키르키즈공화국 국회 디지털화 사업 시공,1,"L2025-00028-1/Bid_Document_Digitalization_of_the_Parliament_KG_2025_04_May/[2RE] (Bid Document) Digitalization of the Parliament_KG-2025-04_May 20,2025/Eng/ENG_Section 4-6 - Requirements_Digitalization_Parliament.docx",.docx,2380629,5d0b5aac5ca540abc120d5125db553dec00e9e364c1042fdf778c4b02130f7fd,0,0,0,,0,0,0,0,,,,0.0,[]
2023-00027,L2025-00028-1,공사,키르키즈공화국 국회 디지털화 사업 시공,1,"L2025-00028-1/Bid_Document_Digitalization_of_the_Parliament_KG_2025_04_May/[2RE] (Bid Document) Digitalization of the Parliament_KG-2025-04_May 20,2025/Eng/ENG_Section 7 - General_Conditions_of_Contract_Digitalization_Parliament.docx",.docx,215518,580ea664f5b1088f8125375cd91b37904a8dc063f6e170cc9955ae2c2c80dd4d,0,0,0,,0,0,0,0,,,,0.0,[]
2023-00027,L2025-00028-1,공사,키르키즈공화국 국회 디지털화 사업 시공,1,"L2025-00028-1/Bid_Document_Digitalization_of_the_Parliament_KG_2025_04_May/[2RE] (Bid Document) Digitalization of the Parliament_KG-2025-04_May 20,2025/Rus/RUS_Section 9 - Contract Forms_Digitalization_Parliament.docx",.docx,18328,08433c85a2844abb1f7952f48b6f1ff6ef08b33fcc134fec2f95454c1a15601b,0,0,0,,0,0,0,0,,,,0.0,[]
2023-00027,L2025-00028-1,공사,키르키즈공화국 국회 디지털화 사업 시공,1,"L2025-00028-1/Bid_Document_Digitalization_of_the_Parliament_KG_2025_04_May/[2RE] (Bid Document) Digitalization of the Parliament_KG-2025-04_May 20,2025/Rus/RUS_Section 8_Special_Conditions_of_Contract_Digitalization_Parliament.docx",.docx,72601,3f24a1f99046b1b1f43a96ac676b48367808e931790b7158ad5a75eb030ef1ee,0,0,0,,0,0,0,0,,,,0.0,[]
2023-00027,L2025-00028-1,공사,키르키즈공화국 국회 디지털화 사업 시공,1,"L2025-00028-1/Bid_Document_Digitalization_of_the_Parliament_KG_2025_04_May/[2RE] (Bid Document) Digitalization of the Parliament_KG-2025-04_May 20,2025/Rus/RUS_Section 7_General_Conditions_of_Contract_Digitalization_Parliament.docx",.docx,200355,56d675ec3bb1c78ffbd2c8253036bc7ca58101acb65e9af5f1b8ad84187d418e,0,0,0,,0,0,0,0,,,,0.0,[]
2023-00027,L2025-00028-1,공사,키르키즈공화국 국회 디지털화 사업 시공,1,"L2025-00028-1/Bid_Document_Digitalization_of_the_Parliament_KG_2025_04_May/[2RE] (Bid Document) Digitalization of the Parliament_KG-2025-04_May 20,2025/Rus/RUS_Section 4-6 - Requirements_Digitalization_Parliament.docx",.docx,2367061,5e0d5a736726f3c3990461a9e6ef6bd4c222a90bd7a0eee5230eb5128baa48bf,0,0,0,,0,0,0,0,,,,0.0,[]
2023-00027,L2025-00028-1,공사,키르키즈공화국 국회 디지털화 사업 시공,1,"L2025-00028-1/Bid_Document_Digitalization_of_the_Parliament_KG_2025_04_May/[2RE] (Bid Document) Digitalization of the Parliament_KG-2025-04_May 20,2025/Rus/RUS_Section 3 - Bidding Forms_Digitalization_Parliament.doc",.doc,303616,44b17763f78454b6ecbd8bfdfbcb1687651ee3ab6fe7ef999bade7154f60ee6e,0,0,0,,0,0,0,0,,,,0.0,[]
2023-00027,L2025-00028-1,공사,키르키즈공화국 국회 디지털화 사업 시공,1,"L2025-00028-1/Bid_Document_Digitalization_of_the_Parliament_KG_2025_04_May/[2RE] (Bid Document) Digitalization of the Parliament_KG-2025-04_May 20,2025/Rus/RUS_Section 2 - Bid Data Sheet_Digitalization_Parliament.docx",.docx,50194,6697b3cb1b6ea05cfa9696cda69129075c5f1e54501c5f98d19102fcbb5a32df,0,0,0,,0,0,0,0,,,,0.0,[]
2023-00027,L2025-00028-1,공사,키르키즈공화국 국회 디지털화 사업 시공,1,"L2025-00028-1/Bid_Document_Digitalization_of_the_Parliament_KG_2025_04_May/[2RE] (Bid Document) Digitalization of the Parliament_KG-2025-04_May 20,2025/Rus/RUS_Section 1_Instructions_to_Bidders_ITB_Digitalization_Parliament.docx",.docx,40163,da3705546e7a78ee22d9acb1416c52efcb1d75b6519f702090942c4d7ba31511,0,0,0,,0,0,0,0,,,,0.0,[]
2023-00027,L2025-00054-1,공사,키르키즈공화국 국회 디지털화 사업 시공,1,L2025-00054-1/(붙임1) 공고내역_Bid_Document_Digitalization_of_the_Parliament_KG_2025_05 (2).zip,.zip,6251612,afbf7ca97246cb1c43b29a6b7850114ea9f105eeb1fdef3288dcabd7ed59f87e,0,0,0,,0,0,0,0,,,,0.0,[]
2023-00027,L2025-00054-1,공사,키르키즈공화국 국회 디지털화 사업 시공,1,L2025-00054-1/(붙임1) 공고내역_Bid_Document_Digitalization_of_the_Parliament_KG_2025_05 (2)/Bid_Document_Digitalization_of_the_Parliament_KG_2025_05/Bid Document (Eng)/ENG_Section_9 - Contract_Forms_Digitalization_Parliament.docx,.docx,38953,5e5c47c728f5a837ecb0e733eed921cf6186a65ac1b525eb4c681da0c59bc2d5,0,0,0,,0,0,0,0,,,,0.0,[]
2023-00027,L2025-00054-1,공사,키르키즈공화국 국회 디지털화 사업 시공,1,L2025-00054-1/(붙임1) 공고내역_Bid_Document_Digitalization_of_the_Parliament_KG_2025_05 (2)/Bid_Document_Digitalization_of_the_Parliament_KG_2025_05/Bid Document (Eng)/ENG_Section_1 - Instructions to Bidders_ITB_Digitalization_Parliament.doc,.doc,257231,e17195795075a699aa2746029d2d7bc523143809570f808e673eb191fbd77af9,0,0,0,,0,0,0,0,,,,0.0,[]
2023-00027,L2025-00054-1,공사,키르키즈공화국 국회 디지털화 사업 시공,1,L2025-00054-1/(붙임1) 공고내역_Bid_Document_Digitalization_of_the_Parliament_KG_2025_05 (2)/Bid_Document_Digitalization_of_the_Parliament_KG_2025_05/Bid Document (Eng)/ENG_Section_2 - Bid_Data_Sheet_Digitalization_Parliament.docx,.docx,52613,ba5276105aaee6c4fa92403d3391e8ab0266672372655c9b64a820c388f35a88,0,0,0,,0,0,0,0,,,,0.0,[]
2023-00027,L2025-00054-1,공사,키르키즈공화국 국회 디지털화 사업 시공,1,L2025-00054-1/(붙임1) 공고내역_Bid_Document_Digitalization_of_the_Parliament_KG_2025_05 (2)/Bid_Document_Digitalization_of_the_Parliament_KG_2025_05/Bid Document (Eng)/ENG_Section_4_6 - Requirements_Digitalization Parliament.docx,.docx,2194409,4ee4b6f9cbd0cba4592407533878604ae747ea075f9c0d879f6320db155e31a2,0,0,0,,0,0,0,0,,,,0.0,[]
2023-00027,L2025-00054-1,공사,키르키즈공화국 국회 디지털화 사업 시공,1,L2025-00054-1/(붙임1) 공고내역_Bid_Document_Digitalization_of_the_Parliament_KG_2025_05 (2)/Bid_Document_Digitalization_of_the_Parliament_KG_2025_05/Bid Document (Eng)/ENG_Section_8_Special_Conditions_of_Contract_Digitalization_Parliament.docx,.docx,70623,b85f337a3c4cc7086a1bfcac1815ba259e10e82d2b101db89631f9543a6a167a,0,0,0,,0,0,0,0,,,,0.0,[]
2023-00027,L2025-00054-1,공사,키르키즈공화국 국회 디지털화 사업 시공,1,L2025-00054-1/(붙임1) 공고내역_Bid_Document_Digitalization_of_the_Parliament_KG_2025_05 (2)/Bid_Document_Digitalization_of_the_Parliament_KG_2025_05/Bid Document (Eng)/ENG_Section_7 - General_Conditions_of_Contract_Digitalization_Parliament.docx,.docx,215518,580ea664f5b1088f8125375cd91b37904a8dc063f6e170cc9955ae2c2c80dd4d,0,0,0,,0,0,0,0,,,,0.0,[]
2023-00027,L2025-00054-1,공사,키르키즈공화국 국회 디지털화 사업 시공,1,L2025-00054-1/(붙임1) 공고내역_Bid_Document_Digitalization_of_the_Parliament_KG_2025_05 (2)/Bid_Document_Digitalization_of_the_Parliament_KG_2025_05/Bid Document (Eng)/250428_JUNIPER_Agreement_for_the_supply_of_goods_or_technical_support.pdf,.pdf,453314,6c1b0b9a32e1503076fc878d4a820183e142d023f969064e00fcb87f32c4a81c,0,0,0,,0,0,0,0,,,,0.0,[]
2023-00027,L2025-00054-1,공사,키르키즈공화국 국회 디지털화 사업 시공,1,L2025-00054-1/(붙임1) 공고내역_Bid_Document_Digitalization_of_the_Parliament_KG_2025_05 (2)/Bid_Document_Digitalization_of_the_Parliament_KG_2025_05/Bid Document (Eng)/ENG_Section_3 - Bidding Forms_Digitalization Parliament.doc,.doc,259072,8eca536e74928fcede2fb8d85fe1643dc642b07c2f387214d659a0cd8275b9ca,0,0,0,,0,0,0,0,,,,0.0,[]
2023-00027,L2025-00054-1,공사,키르키즈공화국 국회 디지털화 사업 시공,1,L2025-00054-1/(붙임1) 공고내역_Bid_Document_Digitalization_of_the_Parliament_KG_2025_05 (2)/Bid_Document_Digitalization_of_the_Parliament_KG_2025_05/Bid document (Rus)/RUS_Section_1_Instructions_to_Bidders_ITB_Digitalization_Parliament.docx,.docx,38892,1a5f1373bd4801fcc6d60983d6a49c73f726118bee02a179fb63be81d4456137,0,0,0,,0,0,0,0,,,,0.0,[]
2023-00027,L2025-00054-1,공사,키르키즈공화국 국회 디지털화 사업 시공,1,L2025-00054-1/(붙임1) 공고내역_Bid_Document_Digitalization_of_the_Parliament_KG_2025_05 (2)/Bid_Document_Digitalization_of_the_Parliament_KG_2025_05/Bid document (Rus)/RUS_Section_4_6_Requirements_Digitalization_Parliament.docx,.docx,2367853,dbc7056e00abd01e9ac44a236afbd31e65da252b324a1c19c68d9cd89192fdcd,0,0,0,,0,0,0,0,,,,0.0,[]
2023-00027,L2025-00054-1,공사,키르키즈공화국 국회 디지털화 사업 시공,1,L2025-00054-1/(붙임1) 공고내역_Bid_Document_Digitalization_of_the_Parliament_KG_2025_05 (2)/Bid_Document_Digitalization_of_the_Parliament_KG_2025_05/Bid document (Rus)/RUS_Section_2 - Bid_Data_Sheet_Digitalization_Parliament.docx,.docx,59551,e3a396d7d3dfb7150d14e2ef0f073b8c2d1254f8bbb7b53e10a8aa28f7c81129,0,0,0,,0,0,0,0,,,,0.0,[]
2023-00027,L2025-00054-1,공사,키르키즈공화국 국회 디지털화 사업 시공,1,L2025-00054-1/(붙임1) 공고내역_Bid_Document_Digitalization_of_the_Parliament_KG_2025_05 (2)/Bid_Document_Digitalization_of_the_Parliament_KG_2025_05/Bid document (Rus)/RUS_Section_9_Contract_Forms_Digitalization_Parliament.docx,.docx,17762,e6c2033bfb68622a88713f4df14d6c9802c3f4db1f28035d7de23cba21bcc09f,0,0,0,,0,0,0,0,,,,0.0,[]
2023-00027,L2025-00054-1,공사,키르키즈공화국 국회 디지털화 사업 시공,1,L2025-00054-1/(붙임1) 공고내역_Bid_Document_Digitalization_of_the_Parliament_KG_2025_05 (2)/Bid_Document_Digitalization_of_the_Parliament_KG_2025_05/Bid document (Rus)/RUS_Section_3_Bidding_Forms_Digitalization_Parliament.doc,.doc,322560,5c1fab1433cb1b9ac9d0f324aeca295d440135250035163411d2d4d60e42e55f,0,0,0,,0,0,0,0,,,,0.0,[]
2023-00027,L2025-00054-1,공사,키르키즈공화국 국회 디지털화 사업 시공,1,L2025-00054-1/(붙임1) 공고내역_Bid_Document_Digitalization_of_the_Parliament_KG_2025_05 (2)/Bid_Document_Digitalization_of_the_Parliament_KG_2025_05/Bid document (Rus)/250428_JUNIPER_Agreement_for_the_supply_of_goods_or_technical_support.pdf,.pdf,456504,c8d4298252fe4fb7943f985643aa49744263b6ffc3bf8baadc400a5aa719dc8b,0,0,0,,0,0,0,0,,,,0.0,[]
2023-00027,L2025-00054-1,공사,키르키즈공화국 국회 디지털화 사업 시공,1,L2025-00054-1/(붙임1) 공고내역_Bid_Document_Digitalization_of_the_Parliament_KG_2025_05 (2)/Bid_Document_Digitalization_of_the_Parliament_KG_2025_05/Bid document (Rus)/RUS_Section_8_Special_Conditions_of_Contract_Digitalization_Parliament.docx,.docx,75322,138a8ba1b82431c8c8b87e3ca3b03484bb401f4c767c82cbffd8387029e78a54,0,0,0,,0,0,0,0,,,,0.0,[]
2023-00027,L2025-00054-1,공사,키르키즈공화국 국회 디지털화 사업 시공,1,L2025-00054-1/(붙임1) 공고내역_Bid_Document_Digitalization_of_the_Parliament_KG_2025_05 (2)/Bid_Document_Digitalization_of_the_Parliament_KG_2025_05/Bid document (Rus)/RUS_Section_7_General_Conditions_of_Contract_Digitalization_Parliament.docx,.docx,197452,e9f4ac1066cbd9d383f38d94a73fd72c8e97bb26ae4f1db8c14837569e054b14,0,0,0,,0,0,0,0,,,,0.0,[]
2023-00027,L2025-00058-1,공사,키르키즈공화국 국회 디지털화 사업 시공,1,L2025-00058-1/(붙임1) 공고내역 (KG_2025_07).zip,.zip,6239427,bd6a1ec24c6a6e1ca9bf0bd49c487962ab11dea3e56cfef19a4203b07b7bbb4c,0,0,0,,0,0,0,0,,,,0.0,[]
2023-00027,L2025-00058-1,공사,키르키즈공화국 국회 디지털화 사업 시공,1,L2025-00058-1/(붙임2) 입찰 공고 내역_링크.docx,.docx,9809,7ba8fc4f74577ed7c5811a43b29b7d10eca1e7e9ab8eacbeafe43ef1b7702c71,0,0,0,,0,0,0,0,,,,0.0,[]
2023-00027,L2025-00058-1,공사,키르키즈공화국 국회 디지털화 사업 시공,1,L2025-00058-1/(붙임1) 공고내역 (KG_2025_07)/Re-Bid_Document_Digitalization_of_the_Parliament_KG_2025_07/Bid document (Eng)/ENG_Section 1 - Instructions to Bidders_ITB_Digitalization_Parliament.doc,.doc,257231,e17195795075a699aa2746029d2d7bc523143809570f808e673eb191fbd77af9,0,0,0,,0,0,0,0,,,,0.0,[]
2023-00027,L2025-00058-1,공사,키르키즈공화국 국회 디지털화 사업 시공,1,L2025-00058-1/(붙임1) 공고내역 (KG_2025_07)/Re-Bid_Document_Digitalization_of_the_Parliament_KG_2025_07/Bid document (Eng)/ENG_Section 8 - Special_Conditions_of_Contract_Digitalization_Parliament(CM reviewed).docx,.docx,66588,50b98b46d34afa9af65809305af89a0b83b7d896221ed5f1f1ee75e7f95df3dc,0,0,0,,0,0,0,0,,,,0.0,[]
2023-00027,L2025-00058-1,공사,키르키즈공화국 국회 디지털화 사업 시공,1,L2025-00058-1/(붙임1) 공고내역 (KG_2025_07)/Re-Bid_Document_Digitalization_of_the_Parliament_KG_2025_07/Bid document (Eng)/ENG_Section 4_6 - Requirements_Digitalization Parliament_2025_07.docx,.docx,2194409,4ee4b6f9cbd0cba4592407533878604ae747ea075f9c0d879f6320db155e31a2,0,0,0,,0,0,0,0,,,,0.0,[]
2023-00027,L2025-00058-1,공사,키르키즈공화국 국회 디지털화 사업 시공,1,L2025-00058-1/(붙임1) 공고내역 (KG_2025_07)/Re-Bid_Document_Digitalization_of_the_Parliament_KG_2025_07/Bid document (Eng)/ENG_Section 9 - Contract_Forms_Digitalization_Parliament.docx,.docx,38953,5e5c47c728f5a837ecb0e733eed921cf6186a65ac1b525eb4c681da0c59bc2d5,0,0,0,,0,0,0,0,,,,0.0,[]
2023-00027,L2025-00058-1,공사,키르키즈공화국 국회 디지털화 사업 시공,1,L2025-00058-1/(붙임1) 공고내역 (KG_2025_07)/Re-Bid_Document_Digitalization_of_the_Parliament_KG_2025_07/Bid document (Eng)/ENG_Section 7 - General_Conditions_of_Contract_Digitalization_Parliament.docx,.docx,215518,580ea664f5b1088f8125375cd91b37904a8dc063f6e170cc9955ae2c2c80dd4d,0,0,0,,0,0,0,0,,,,0.0,[]
2023-00027,L2025-00058-1,공사,키르키즈공화국 국회 디지털화 사업 시공,1,L2025-00058-1/(붙임1) 공고내역 (KG_2025_07)/Re-Bid_Document_Digitalization_of_the_Parliament_KG_2025_07/Bid document (Eng)/ENG_Section 3 - Bidding Forms_Digitalization Parliament_2025_07.doc,.doc,374272,6599056e1ac5e6b4fd096dd3ccd11d9dc5ce342734b79d58d7b39107a53dc1bb,0,0,0,,0,0,0,0,,,,0.0,[]
2023-00027,L2025-00058-1,공사,키르키즈공화국 국회 디지털화 사업 시공,1,L2025-00058-1/(붙임1) 공고내역 (KG_2025_07)/Re-Bid_Document_Digitalization_of_the_Parliament_KG_2025_07/Bid document (Eng)/ENG_Section 2 - Bid Data Sheet Digitalization Parliament_2025 07(final).docx,.docx,44000,b26b7ec26509b9cbc71961a7fb242c949f73fb38ee872e5c015eef14d6cd2f21,0,0,0,,0,0,0,0,,,,0.0,[]
2023-00027,L2025-00058-1,공사,키르키즈공화국 국회 디지털화 사업 시공,1,L2025-00058-1/(붙임1) 공고내역 (KG_2025_07)/Re-Bid_Document_Digitalization_of_the_Parliament_KG_2025_07/Bid document (Eng)/250428_JUNIPER_Agreement_for_the_supply_of_goods_or_technical_support.pdf,.pdf,453314,6c1b0b9a32e1503076fc878d4a820183e142d023f969064e00fcb87f32c4a81c,0,0,0,,0,0,0,0,,,,0.0,[]
2023-00027,L2025-00058-1,공사,키르키즈공화국 국회 디지털화 사업 시공,1,L2025-00058-1/(붙임1) 공고내역 (KG_2025_07)/Re-Bid_Document_Digitalization_of_the_Parliament_KG_2025_07/Bid document (Rus)/RUS_Section_1_Instructions_to_Bidders_ITB_Digitalization_Parliament.docx,.docx,38892,1a5f1373bd4801fcc6d60983d6a49c73f726118bee02a179fb63be81d4456137,0,0,0,,0,0,0,0,,,,0.0,[]
2023-00027,L2025-00058-1,공사,키르키즈공화국 국회 디지털화 사업 시공,1,L2025-00058-1/(붙임1) 공고내역 (KG_2025_07)/Re-Bid_Document_Digitalization_of_the_Parliament_KG_2025_07/Bid document (Rus)/RUS_Section_4_6_Requirements_Digitalization_Parliament.docx,.docx,2367853,dbc7056e00abd01e9ac44a236afbd31e65da252b324a1c19c68d9cd89192fdcd,0,0,0,,0,0,0,0,,,,0.0,[]
2023-00027,L2025-00058-1,공사,키르키즈공화국 국회 디지털화 사업 시공,1,L2025-00058-1/(붙임1) 공고내역 (KG_2025_07)/Re-Bid_Document_Digitalization_of_the_Parliament_KG_2025_07/Bid document (Rus)/RUS_Section_2 - Bid_Data_Sheet_Digitalization_Parliament.docx,.docx,59664,0a6914835ca7d135ff60de160643db98a2e02170a67c2debfbf7fc12e0d95c95,0,0,0,,0,0,0,0,,,,0.0,[]
2023-00027,L2025-00058-1,공사,키르키즈공화국 국회 디지털화 사업 시공,1,L2025-00058-1/(붙임1) 공고내역 (KG_2025_07)/Re-Bid_Document_Digitalization_of_the_Parliament_KG_2025_07/Bid document (Rus)/RUS_Section_9_Contract_Forms_Digitalization_Parliament.docx,.docx,17762,e6c2033bfb68622a88713f4df14d6c9802c3f4db1f28035d7de23cba21bcc09f,0,0,0,,0,0,0,0,,,,0.0,[]
2023-00027,L2025-00058-1,공사,키르키즈공화국 국회 디지털화 사업 시공,1,L2025-00058-1/(붙임1) 공고내역 (KG_2025_07)/Re-Bid_Document_Digitalization_of_the_Parliament_KG_2025_07/Bid document (Rus)/RUS_Section_3_Bidding_Forms_Digitalization_Parliament.doc,.doc,322560,5c1fab1433cb1b9ac9d0f324aeca295d440135250035163411d2d4d60e42e55f,0,0,0,,0,0,0,0,,,,0.0,[]
2023-00027,L2025-00058-1,공사,키르키즈공화국 국회 디지털화 사업 시공,1,L2025-00058-1/(붙임1) 공고내역 (KG_2025_07)/Re-Bid_Document_Digitalization_of_the_Parliament_KG_2025_07/Bid document (Rus)/250428_JUNIPER_Agreement_for_the_supply_of_goods_or_technical_support.pdf,.pdf,456504,c8d4298252fe4fb7943f985643aa49744263b6ffc3bf8baadc400a5aa719dc8b,0,0,0,,0,0,0,0,,,,0.0,[]
2023-00027,L2025-00058-1,공사,키르키즈공화국 국회 디지털화 사업 시공,1,L2025-00058-1/(붙임1) 공고내역 (KG_2025_07)/Re-Bid_Document_Digitalization_of_the_Parliament_KG_2025_07/Bid document (Rus)/RUS_Section_8_Special_Conditions_of_Contract_Digitalization_Parliament.docx,.docx,75322,138a8ba1b82431c8c8b87e3ca3b03484bb401f4c767c82cbffd8387029e78a54,0,0,0,,0,0,0,0,,,,0.0,[]
2023-00027,L2025-00058-1,공사,키르키즈공화국 국회 디지털화 사업 시공,1,L2025-00058-1/(붙임1) 공고내역 (KG_2025_07)/Re-Bid_Document_Digitalization_of_the_Parliament_KG_2025_07/Bid document (Rus)/RUS_Section_7_General_Conditions_of_Contract_Digitalization_Parliament.docx,.docx,197452,e9f4ac1066cbd9d383f38d94a73fd72c8e97bb26ae4f1db8c14837569e054b14,0,0,0,,0,0,0,0,,,,0.0,[]
2024-00105,L2025-00097-1,용역,키르기스스탄 디지털 전환을 위한 국가 정보화 역량 강화 사업 ICT 교육센터 신축공사를 위한 설계 및 저작권감리용역,0,L2025-00097-1/붙임1. 공고내역 (KG-2025-10).zip,.zip,16937555,60fc0df26b638df4ba2e0e0f0e1eb1f7e434865da2f3c07e438434bfae1d00bf,0,0,0,,0,0,0,0,,,,0.0,[]
2024-00105,L2025-00097-1,용역,키르기스스탄 디지털 전환을 위한 국가 정보화 역량 강화 사업 ICT 교육센터 신축공사를 위한 설계 및 저작권감리용역,0,L2025-00097-1/붙임1. 공고내역 (KG-2025-10)/RUS - final/Section 7 - General Conditions of Contract (RUS).docx,.docx,46587,8b969935ecfae374c75a5fed89927787c1d2b89b2e5fba75f8c9e73054e66fbc,0,0,0,,0,0,0,0,,,,0.0,[]
2024-00105,L2025-00097-1,용역,키르기스스탄 디지털 전환을 위한 국가 정보화 역량 강화 사업 ICT 교육센터 신축공사를 위한 설계 및 저작권감리용역,0,L2025-00097-1/붙임1. 공고내역 (KG-2025-10)/RUS - final/Section 8 - Special Conditions of Contract (RUS).docx,.docx,32370,390280900ff5116183840ffc7a1ad788766d591fe49dacdfb234f4294cc2035c,0,0,0,,0,0,0,0,,,,0.0,[]
2024-00105,L2025-00097-1,용역,키르기스스탄 디지털 전환을 위한 국가 정보화 역량 강화 사업 ICT 교육센터 신축공사를 위한 설계 및 저작권감리용역,0,L2025-00097-1/붙임1. 공고내역 (KG-2025-10)/RUS - final/Section 4 (Annex 1) Sample of Technical Proposal (RUS).doc,.doc,204288,0ae9992381d187a6623feadb5ceddca51093811bc1a5ba2ede4d5d8dc3ee798a,0,0,0,,0,0,0,0,,,,0.0,[]
2024-00105,L2025-00097-1,용역,키르기스스탄 디지털 전환을 위한 국가 정보화 역량 강화 사업 ICT 교육센터 신축공사를 위한 설계 및 저작권감리용역,0,L2025-00097-1/붙임1. 공고내역 (KG-2025-10)/RUS - final/Section 6 (Annex 1) Space Program MM (RUS).pdf,.pdf,6305676,59063b41f48f49b54c51877fbbd1565c71c283e0e61ce8f9ac8e0de859674cad,0,0,0,,0,0,0,0,,,,0.0,[]
2024-00105,L2025-00097-1,용역,키르기스스탄 디지털 전환을 위한 국가 정보화 역량 강화 사업 ICT 교육센터 신축공사를 위한 설계 및 저작권감리용역,0,L2025-00097-1/붙임1. 공고내역 (KG-2025-10)/RUS - final/Section 2 - Bid Data Sheet (BDS)  (RUS).docx,.docx,84262,5b8af27652c3868e33d81cb2b27d4fc7ce2f35bd5c7094d89e4d468542b74b3e,0,0,0,,0,0,0,0,,,,0.0,[]
2024-00105,L2025-00097-1,용역,키르기스스탄 디지털 전환을 위한 국가 정보화 역량 강화 사업 ICT 교육센터 신축공사를 위한 설계 및 저작권감리용역,0,L2025-00097-1/붙임1. 공고내역 (KG-2025-10)/RUS - final/Section 6 (Annex 2) Project site information  (RUS).pdf,.pdf,4607339,b7d7ba1fc4b7624a28bc61438d44a6e4e7cb228b5eb274eb08110d8e93af3e4a,0,0,0,,0,0,0,0,,,,0.0,[]
2024-00105,L2025-00097-1,용역,키르기스스탄 디지털 전환을 위한 국가 정보화 역량 강화 사업 ICT 교육센터 신축공사를 위한 설계 및 저작권감리용역,0,L2025-00097-1/붙임1. 공고내역 (KG-2025-10)/RUS - final/Section 6 - Reference Material (RUS).doc,.doc,1274880,17ca3b62ff539f30ae57e0a874bd86e7067dd4e9785e37204d10da9122a79dbb,0,0,0,,0,0,0,0,,,,0.0,[]
2024-00105,L2025-00097-1,용역,키르기스스탄 디지털 전환을 위한 국가 정보화 역량 강화 사업 ICT 교육센터 신축공사를 위한 설계 및 저작권감리용역,0,L2025-00097-1/붙임1. 공고내역 (KG-2025-10)/RUS - final/Section 4 - Request for Proposal (RUS).doc,.doc,228864,185ed782f23ee5a71bc154700e706553e68c712a887ce618c8280e0450794746,0,0,0,,0,0,0,0,,,,0.0,[]
2024-00105,L2025-00097-1,용역,키르기스스탄 디지털 전환을 위한 국가 정보화 역량 강화 사업 ICT 교육센터 신축공사를 위한 설계 및 저작권감리용역,0,L2025-00097-1/붙임1. 공고내역 (KG-2025-10)/RUS - final/Section 3 - Bidding Forms (RUS).docx,.docx,65212,b5306f97baa65a43a5ec343b210669237b94db1f2a2f1811450c1c27792c2555,0,0,0,,0,0,0,0,,,,0.0,[]
2024-00105,L2025-00097-1,용역,키르기스스탄 디지털 전환을 위한 국가 정보화 역량 강화 사업 ICT 교육센터 신축공사를 위한 설계 및 저작권감리용역,0,L2025-00097-1/붙임1. 공고내역 (KG-2025-10)/RUS - final/Section 9 - Contract Forms (RUS).docx,.docx,34286,28db7d858dabafcbd518f4fc1b57f88b9d0baaa14723c1c434943eba470e5562,0,0,0,,0,0,0,0,,,,0.0,[]
2024-00105,L2025-00097-1,용역,키르기스스탄 디지털 전환을 위한 국가 정보화 역량 강화 사업 ICT 교육센터 신축공사를 위한 설계 및 저작권감리용역,0,L2025-00097-1/붙임1. 공고내역 (KG-2025-10)/RUS - final/Section 1 - Instructions to Bidders (RUS).docx,.docx,30898,74b933ebdd93f2cf5da417308f77d33966602d7ac48c8b6c879a2fe35d4cff60,0,0,0,,0,0,0,0,,,,0.0,[]
2024-00105,L2025-00097-1,용역,키르기스스탄 디지털 전환을 위한 국가 정보화 역량 강화 사업 ICT 교육센터 신축공사를 위한 설계 및 저작권감리용역,0,L2025-00097-1/붙임1. 공고내역 (KG-2025-10)/RUS - final/Section 4 (Annex 2) Guidelines_for_Technical_Proposal (RUS).docx,.docx,15548,5f80a1255cc3c0dcbe7dd67dbd06bb59c060f9355615ad45e4d24df553ba2420,0,0,0,,0,0,0,0,,,,0.0,[]
2024-00105,L2025-00097-1,용역,키르기스스탄 디지털 전환을 위한 국가 정보화 역량 강화 사업 ICT 교육센터 신축공사를 위한 설계 및 저작권감리용역,0,L2025-00097-1/붙임1. 공고내역 (KG-2025-10)/RUS - final/Section 5 - Scope of the Services (ToR) (RUS).docx,.docx,45359,5f483d68e3b78c3546229d58e97701baca6fffaad3043edc03879b8246dcc44f,0,0,0,,0,0,0,0,,,,0.0,[]
2024-00105,L2025-00097-1,용역,키르기스스탄 디지털 전환을 위한 국가 정보화 역량 강화 사업 ICT 교육센터 신축공사를 위한 설계 및 저작권감리용역,0,L2025-00097-1/붙임1. 공고내역 (KG-2025-10)/ENG - final/Section 4 (Annex 2) Guidelines_for_Technical_Proposal.docx,.docx,15200,41e2b40cc05d45f05587d275412ca9a153969df463135e953474bccf9a4ea4da,0,0,0,,0,0,0,0,,,,0.0,[]
2024-00105,L2025-00097-1,용역,키르기스스탄 디지털 전환을 위한 국가 정보화 역량 강화 사업 ICT 교육센터 신축공사를 위한 설계 및 저작권감리용역,0,L2025-00097-1/붙임1. 공고내역 (KG-2025-10)/ENG - final/Section 1 - Instructions to Bidders (ITB).docx,.docx,33834,080b53b0c1209313d50a20fa9fa261aa51a4694d8b21440058d20ecc75d0e2f3,0,0,0,,0,0,0,0,,,,0.0,[]
2024-00105,L2025-00097-1,용역,키르기스스탄 디지털 전환을 위한 국가 정보화 역량 강화 사업 ICT 교육센터 신축공사를 위한 설계 및 저작권감리용역,0,L2025-00097-1/붙임1. 공고내역 (KG-2025-10)/ENG - final/Section 2 - Bid Data Sheet (BDS).docx,.docx,83578,1c7173be9aa101381c8cd55956b34948c37d1d24057ab352be68251e7294d044,0,0,0,,0,0,0,0,,,,0.0,[]
2024-00105,L2025-00097-1,용역,키르기스스탄 디지털 전환을 위한 국가 정보화 역량 강화 사업 ICT 교육센터 신축공사를 위한 설계 및 저작권감리용역,0,L2025-00097-1/붙임1. 공고내역 (KG-2025-10)/ENG - final/Section 9 - Contract Forms.docx,.docx,25304,0f6347907d600e6269b9b922e048989b568ad4c93bb57002adc48a2e67441a75,0,0,0,,0,0,0,0,,,,0.0,[]
2024-00105,L2025-00097-1,용역,키르기스스탄 디지털 전환을 위한 국가 정보화 역량 강화 사업 ICT 교육센터 신축공사를 위한 설계 및 저작권감리용역,0,L2025-00097-1/붙임1. 공고내역 (KG-2025-10)/ENG - final/Section 7 - General Conditions of Contract.docx,.docx,37516,da84acc48ad6ff534a10d6c939a837b0d97f12e38d5de916013d1fdc1baf8dfc,0,0,0,,0,0,0,0,,,,0.0,[]
2024-00105,L2025-00097-1,용역,키르기스스탄 디지털 전환을 위한 국가 정보화 역량 강화 사업 ICT 교육센터 신축공사를 위한 설계 및 저작권감리용역,0,L2025-00097-1/붙임1. 공고내역 (KG-2025-10)/ENG - final/Section 5 - Scope of the Services (ToR).docx,.docx,41527,c98ac59e648c4d8cc7bcf7c5f69bb9aabcd01b72ab70851da0c480b562d6405a,0,0,0,,0,0,0,0,,,,0.0,[]
2024-00105,L2025-00097-1,용역,키르기스스탄 디지털 전환을 위한 국가 정보화 역량 강화 사업 ICT 교육센터 신축공사를 위한 설계 및 저작권감리용역,0,L2025-00097-1/붙임1. 공고내역 (KG-2025-10)/ENG - final/Section 6 - Reference Material.pdf,.pdf,144569,ae964f8a2204112d16644c7bc92ac035f46b0bbdd2a84fa2032d52cc4eacc3f5,0,0,0,,0,0,0,0,,,,0.0,[]
2024-00105,L2025-00097-1,용역,키르기스스탄 디지털 전환을 위한 국가 정보화 역량 강화 사업 ICT 교육센터 신축공사를 위한 설계 및 저작권감리용역,0,L2025-00097-1/붙임1. 공고내역 (KG-2025-10)/ENG - final/Section 6 (Annex 2) Project site information.pdf,.pdf,616651,a868275877d95479cec5e17c14fa3af863c7f3f4d904b62f7aa4461c61bf463e,0,0,0,,0,0,0,0,,,,0.0,[]
2024-00105,L2025-00097-1,용역,키르기스스탄 디지털 전환을 위한 국가 정보화 역량 강화 사업 ICT 교육센터 신축공사를 위한 설계 및 저작권감리용역,0,L2025-00097-1/붙임1. 공고내역 (KG-2025-10)/ENG - final/Section 4 - Request for Proposal (RFP).doc,.doc,210432,9d535b059268f36a635d5d560cbcc3ade47e7733be89c9c146e99daa57e95b22,0,0,0,,0,0,0,0,,,,0.0,[]
2024-00105,L2025-00097-1,용역,키르기스스탄 디지털 전환을 위한 국가 정보화 역량 강화 사업 ICT 교육센터 신축공사를 위한 설계 및 저작권감리용역,0,L2025-00097-1/붙임1. 공고내역 (KG-2025-10)/ENG - final/Section 4 (Annex 1) Sample of Technical Proposal.doc,.doc,186880,9e923904495ad061c8701fb58f6d972558c598a2940db18036fa42e492ca488f,0,0,0,,0,0,0,0,,,,0.0,[]
2024-00105,L2025-00097-1,용역,키르기스스탄 디지털 전환을 위한 국가 정보화 역량 강화 사업 ICT 교육센터 신축공사를 위한 설계 및 저작권감리용역,0,L2025-00097-1/붙임1. 공고내역 (KG-2025-10)/ENG - final/Section 3 - Bidding Forms.docx,.docx,60800,bbc3db62859f028d70fab768bfa9c8b7fa5338885712200cfbc45592e9dff6a0,0,0,0,,0,0,0,0,,,,0.0,[]
2024-00105,L2025-00097-1,용역,키르기스스탄 디지털 전환을 위한 국가 정보화 역량 강화 사업 ICT 교육센터 신축공사를 위한 설계 및 저작권감리용역,0,L2025-00097-1/붙임1. 공고내역 (KG-2025-10)/ENG - final/Section 6 (Annex 1) Space Program MM.pdf,.pdf,6305676,59063b41f48f49b54c51877fbbd1565c71c283e0e61ce8f9ac8e0de859674cad,0,0,0,,0,0,0,0,,,,0.0,[]
2024-00105,L2025-00097-1,용역,키르기스스탄 디지털 전환을 위한 국가 정보화 역량 강화 사업 ICT 교육센터 신축공사를 위한 설계 및 저작권감리용역,0,L2025-00097-1/붙임1. 공고내역 (KG-2025-10)/ENG - final/Section 8 - Special Conditions of Contract.docx,.docx,29224,0fe92b1805cac06d82cbc77e98e8ac7fa6d73810a529f0ec8beb6c26695fd786,0,0,0,,0,0,0,0,,,,0.0,[]
2019-03655,L2025-00099-1,공사,키르기스스탄 추이 주 교내 위생환경 개선 사업(프로젝트봉사단) 리모델링 시공업체 선정 현지 입찰,1,L2025-00099-1/KG-2025-11.zip,.zip,531988,a7f28b1f4cd2917e99aca906d3a360f06cac696e4dcce81fea88289925484ac1,0,0,0,,0,0,0,0,,,,0.0,[]
2019-03655,L2025-00099-1,공사,키르기스스탄 추이 주 교내 위생환경 개선 사업(프로젝트봉사단) 리모델링 시공업체 선정 현지 입찰,1,L2025-00099-1/붙임 1. (국문) 입찰추진계획(안).hwp,.hwp,376832,d639c73ef41f22cbf36f68776aeefd1ad920a248013437d4278f81b981211960,0,0,0,,0,0,0,0,,,,0.0,[]
2019-03655,L2025-00099-1,공사,키르기스스탄 추이 주 교내 위생환경 개선 사업(프로젝트봉사단) 리모델링 시공업체 선정 현지 입찰,1,L2025-00099-1/KG-2025-11/KG-2025-11/Section 9 - Contract Forms_WaSH.docx,.docx,38159,0bce2d1fb64d0b2bf7c95f60fe85f7f4c07bcf3ac8c4cb65912db9515bbb5644,0,0,0,,0,0,0,0,,,,0.0,[]
2019-03655,L2025-00099-1,공사,키르기스스탄 추이 주 교내 위생환경 개선 사업(프로젝트봉사단) 리모델링 시공업체 선정 현지 입찰,1,L2025-00099-1/KG-2025-11/KG-2025-11/ENG_Section 1 Instructions_to_Bidders_ITB_WaSH.doc,.doc,246288,9b89b017e84657decf8cc8353a7ecff9394196ea1b492f9957b8b20c91f82abd,0,0,0,,0,0,0,0,,,,0.0,[]
2019-03655,L2025-00099-1,공사,키르기스스탄 추이 주 교내 위생환경 개선 사업(프로젝트봉사단) 리모델링 시공업체 선정 현지 입찰,1,L2025-00099-1/KG-2025-11/KG-2025-11/Section 4_5_6 -Requirements_WaSH.docx,.docx,115032,fff6ae4089b443f0866debad5f50508a552d8ccc2586c4894621f4a148175b20,0,0,0,,0,0,0,0,,,,0.0,[]
2019-03655,L2025-00099-1,공사,키르기스스탄 추이 주 교내 위생환경 개선 사업(프로젝트봉사단) 리모델링 시공업체 선정 현지 입찰,1,L2025-00099-1/KG-2025-11/KG-2025-11/Section 7 - General Conditions of Contract_WaSH.docx,.docx,202912,fedf6aa3540ddde964e764325f1b28aff95914fe896d9a93b0b504953aef920a,0,0,0,,0,0,0,0,,,,0.0,[]
2019-03655,L2025-00099-1,공사,키르기스스탄 추이 주 교내 위생환경 개선 사업(프로젝트봉사단) 리모델링 시공업체 선정 현지 입찰,1,L2025-00099-1/KG-2025-11/KG-2025-11/Section 8 Special_Conditions_of_Contract_WaSH.docx,.docx,70468,fefd3e6e777f4f5782ab01975a604a274ff883a6760c69fae9230933c819c454,0,0,0,,0,0,0,0,,,,0.0,[]
2019-03655,L2025-00099-1,공사,키르기스스탄 추이 주 교내 위생환경 개선 사업(프로젝트봉사단) 리모델링 시공업체 선정 현지 입찰,1,L2025-00099-1/KG-2025-11/KG-2025-11/Section 2 - Bid Data Sheet (영문)_WaSH.docx,.docx,43852,40325e818f3cf96c218fe249aa6eae2d0b0afd35f797827a1aa45bc085a9b161,0,0,0,,0,0,0,0,,,,0.0,[]
2019-03655,L2025-00099-1,공사,키르기스스탄 추이 주 교내 위생환경 개선 사업(프로젝트봉사단) 리모델링 시공업체 선정 현지 입찰,1,L2025-00099-1/KG-2025-11/KG-2025-11/Section 3 - Bidding Forms_수정(250410)_WaSH.docx,.docx,57387,a88f15ba084d4ee94faf186a128eab2296f2751448f43b12b32b1d5d040e5c27,0,0,0,,0,0,0,0,,,,0.0,[]
2023-00100,L2025-00006-1,용역,탄자니아 도도마주 유수율 제고 시범모델 구축 및 상수도 시설 개선사업 기본 및 실시설계 용역,0,L2025-00006-1/상수도 설계 현지입찰 제반서류.zip,.zip,6340013,88b211a2270cfd2d3f1a70a7243e2142a82e7b4c7295fbcdac8bbdcd54529d79,0,0,0,,0,0,0,0,,,,0.0,[]
2023-00100,L2025-00006-1,용역,탄자니아 도도마주 유수율 제고 시범모델 구축 및 상수도 시설 개선사업 기본 및 실시설계 용역,0,L2025-00006-1/상수도 설계 현지입찰 제반서류/(┼║└┌┤╧╛╞ ╗τ╣½╝╥)Section 3 - Bidding Forms_TZ Dodoma(Draft).docx,.docx,51653,6aa05ec9ac60dd36f4965f0c51a3a33b1d8d6e89e8b8a7cc34ab9a258f1f101c,0,0,0,,0,0,0,0,,,,0.0,[]
2023-00100,L2025-00006-1,용역,탄자니아 도도마주 유수율 제고 시범모델 구축 및 상수도 시설 개선사업 기본 및 실시설계 용역,0,L2025-00006-1/상수도 설계 현지입찰 제반서류/(┼║└┌┤╧╛╞ ╗τ╣½╝╥)Section 9 - Contract Forms_TZ Dodoma(Draft).docx,.docx,25047,4561a444e1450d50a663e5e4848536d43a38586666786638a2b68cf7e06794c4,0,0,0,,0,0,0,0,,,,0.0,[]
2023-00100,L2025-00006-1,용역,탄자니아 도도마주 유수율 제고 시범모델 구축 및 상수도 시설 개선사업 기본 및 실시설계 용역,0,L2025-00006-1/상수도 설계 현지입찰 제반서류/Section 1-1. Expression of Interest(Tanzania)_230914_Final.docx,.docx,26618,545a4ebf90367313460ae0f12d221f517553eb13571cc5082e22e4f1bf817c3d,0,0,0,,0,0,0,0,,,,0.0,[]
2023-00100,L2025-00006-1,용역,탄자니아 도도마주 유수율 제고 시범모델 구축 및 상수도 시설 개선사업 기본 및 실시설계 용역,0,L2025-00006-1/상수도 설계 현지입찰 제반서류/(┼║└┌┤╧╛╞ ╗τ╣½╝╥) Section 2 - └╘┬√░°░φ╣« (BDS)_TZ Dodoma(RevC).hwp,.hwp,87040,40342716bbbc85796ced7b1f513834fff413d0f965ac47f3665b21a5b757472f,0,0,0,,0,0,0,0,,,,0.0,[]
2023-00100,L2025-00006-1,용역,탄자니아 도도마주 유수율 제고 시범모델 구축 및 상수도 시설 개선사업 기본 및 실시설계 용역,0,L2025-00006-1/상수도 설계 현지입찰 제반서류/Section 4 - RFP_TZ Dodoma(Draft).docx,.docx,58572,47dffdafbcba0a72a817795f178292ad36699581abeb0e76e0f1338ca5c7b799,0,0,0,,0,0,0,0,,,,0.0,[]
2023-00100,L2025-00006-1,용역,탄자니아 도도마주 유수율 제고 시범모델 구축 및 상수도 시설 개선사업 기본 및 실시설계 용역,0,L2025-00006-1/상수도 설계 현지입찰 제반서류/Section 5 - Terms of Reference - Incl SoW (Draft).docx,.docx,2901312,679d693226137e96dc3183866873bfce6ef2ff6c0882d2456c215a3a52097f68,0,0,0,,0,0,0,0,,,,0.0,[]
2023-00100,L2025-00006-1,용역,탄자니아 도도마주 유수율 제고 시범모델 구축 및 상수도 시설 개선사업 기본 및 실시설계 용역,0,L2025-00006-1/상수도 설계 현지입찰 제반서류/(┼║└┌┤╧╛╞ ╗τ╣½╝╥)Section 7 - General Conditions of Contract_TZ Dodoma(Draft).docx,.docx,37079,16094bb205a41bfe90dab603a672bc8ba22d20dc4d3e76253eba33a3f790008f,0,0,0,,0,0,0,0,,,,0.0,[]
2023-00100,L2025-00006-1,용역,탄자니아 도도마주 유수율 제고 시범모델 구축 및 상수도 시설 개선사업 기본 및 실시설계 용역,0,L2025-00006-1/상수도 설계 현지입찰 제반서류/Power of Attorney for the authority to sign and execute contracts (░Φ╛α╝¡ ╝¡╕φ▒╟╟╤ └º└╙└σ).docx,.docx,18258,fcdd58a32d36c56f229851e15bc9ac14e1aa253dcc9d5bb592396c7d6bb80a14,0,0,0,,0,0,0,0,,,,0.0,[]
2023-00100,L2025-00006-1,용역,탄자니아 도도마주 유수율 제고 시범모델 구축 및 상수도 시설 개선사업 기본 및 실시설계 용역,0,L2025-00006-1/상수도 설계 현지입찰 제반서류/(┼║└┌┤╧╛╞ ╗τ╣½╝╥)Section 8 - Specail Conditions of Contract_TZ Dodoma.docx,.docx,2898061,77dd0b13ceb46568dc6c329df6efbcbc5186a10a2aa96f1855af8b16fa5dbb55,0,0,0,,0,0,0,0,,,,0.0,[]
2023-00100,L2025-00006-1,용역,탄자니아 도도마주 유수율 제고 시범모델 구축 및 상수도 시설 개선사업 기본 및 실시설계 용역,0,L2025-00006-1/상수도 설계 현지입찰 제반서류/Section 1-2. Bid Security (Bank Guarantee)(Tanzania)_230914_Final.docx,.docx,39745,b68cebd1d09a01bf70a93a16a380476f9044bfe74307e5ce6d83a9d63a214b09,0,0,0,,0,0,0,0,,,,0.0,[]
2023-00100,L2025-00006-1,용역,탄자니아 도도마주 유수율 제고 시범모델 구축 및 상수도 시설 개선사업 기본 및 실시설계 용역,0,L2025-00006-1/상수도 설계 현지입찰 제반서류/(┼║└┌┤╧╛╞ ╗τ╣½╝╥)Summary of Bidding (┐Σ╛α║╗)_TZ Dodoma(Draft).docx,.docx,31550,37d6c2c91007bc09e9b6b6e07acb58bb82e0bdb62132af27c99dd3ffa96d4cd8,0,0,0,,0,0,0,0,,,,0.0,[]
2023-00100,L2025-00006-1,용역,탄자니아 도도마주 유수율 제고 시범모델 구축 및 상수도 시설 개선사업 기본 및 실시설계 용역,0,L2025-00006-1/상수도 설계 현지입찰 제반서류/Section 1 - Instructions to Bidders (ITB) - ╝÷┴ñ(240731)_TZ Dodoma(Draft)/Section 1 - ▒╣┴ª└╘┬√└»└╟╝¡ (ITB).hwp,.hwp,92672,fe8f8948abe9b6e4e05c3ce8e00a4b9cd2aa9b9a8b9dac0bc6ca94b3d564748b,0,0,0,,0,0,0,0,,,,0.0,[]
2023-00100,L2025-00006-1,용역,탄자니아 도도마주 유수율 제고 시범모델 구축 및 상수도 시설 개선사업 기본 및 실시설계 용역,0,L2025-00006-1/상수도 설계 현지입찰 제반서류/Section 1 - Instructions to Bidders (ITB) - ╝÷┴ñ(240731)_TZ Dodoma(Draft)/Section 1 - Instructions to Bidders (ITB)_╝÷┴ñ.hwp,.hwp,83456,3ce3109b3b32955d979b3ba8b9a42850e68629e83895ec3474b50bb1b1599d6a,0,0,0,,0,0,0,0,,,,0.0,[]
2023-00100,L2025-00006-1,용역,탄자니아 도도마주 유수율 제고 시범모델 구축 및 상수도 시설 개선사업 기본 및 실시설계 용역,0,L2025-00006-1/상수도 설계 현지입찰 제반서류/Section 6 - Pledges_TZ Dodoma(Draft)/Declaration of Anti_Corruption (╣▌║╬╞╨ ╝▒╛≡╝¡).docx,.docx,23026,81e22a438491f4d1b5a12be15e95b5278073d1be929b00b0cd4fe23da8b9d496,0,0,0,,0,0,0,0,,,,0.0,[]
2023-00100,L2025-00006-1,용역,탄자니아 도도마주 유수율 제고 시범모델 구축 및 상수도 시설 개선사업 기본 및 실시설계 용역,0,L2025-00006-1/상수도 설계 현지입찰 제반서류/Section 6 - Pledges_TZ Dodoma(Draft)/Fair Contract Pledge Letter (░°┴ñ░Φ╛α ╝¡╛α╝¡).docx,.docx,18756,379cc784a159e5c15ba0045a32dd793d03827ad46a1e4a966b9810ad99102277,0,0,0,,0,0,0,0,,,,0.0,[]
2023-00100,L2025-00006-1,용역,탄자니아 도도마주 유수율 제고 시범모델 구축 및 상수도 시설 개선사업 기본 및 실시설계 용역,0,L2025-00006-1/상수도 설계 현지입찰 제반서류/Section 6 - Pledges_TZ Dodoma(Draft)/Integrity Pledge (├╗╖┼░Φ╛α╝¡).docx,.docx,36507,bbf88b1bc23c5ed931639e65f36d47df7d7fbdb8447562024b0cf9f04ec6d6b6,0,0,0,,0,0,0,0,,,,0.0,[]
2024-00107,L2025-00066-1,용역,파키스탄 펀잡주 물탄시 우수저류시설 기본 및 실시설계 수립용역 현지입찰,0,L2025-00066-1/붙임1. Section 2 - 입찰공고문 (BDS)_파키스탄_물탄_설계_최종.hwp,.hwp,78336,e31a2a3fe5426bf6307fd4d609fa05017d34f0fd3bb152fe90d8e7b21c86610c,0,0,0,,0,0,0,0,,,,0.0,[]
2024-00107,L2025-00066-1,용역,파키스탄 펀잡주 물탄시 우수저류시설 기본 및 실시설계 수립용역 현지입찰,0,L2025-00066-1/붙임2. 입찰 부속서류 일체.fin.zip,.zip,6227677,e6a74b6349b27b95b0ca097ea551b02b48e1a9ed0c485132160cb4a09ae74255,0,0,0,,0,0,0,0,,,,0.0,[]
2024-00107,L2025-00066-1,용역,파키스탄 펀잡주 물탄시 우수저류시설 기본 및 실시설계 수립용역 현지입찰,0,L2025-00066-1/붙임2. 입찰 부속서류 일체.fin/Section 2 - Bid Data Sheet (BDS)_ver.fin.docx,.docx,73838,107d78dd88a5340a53ecdf44dc5a42627058feb49de4800111d6c8aa1df84b0b,0,0,0,,0,0,0,0,,,,0.0,[]
2024-00107,L2025-00066-1,용역,파키스탄 펀잡주 물탄시 우수저류시설 기본 및 실시설계 수립용역 현지입찰,0,L2025-00066-1/붙임2. 입찰 부속서류 일체.fin/Section 1 - Instructions to Bidders (ITB).docx,.docx,30052,35c5f26cb621d34cf696a769e4fee93d79dad2bb8a60ad510c3fa97437eb4512,0,0,0,,0,0,0,0,,,,0.0,[]
2024-00107,L2025-00066-1,용역,파키스탄 펀잡주 물탄시 우수저류시설 기본 및 실시설계 수립용역 현지입찰,0,L2025-00066-1/붙임2. 입찰 부속서류 일체.fin/Section 9 - Contract Forms.docx,.docx,23396,88d777c212f3c27f0d0943e4db47e47166a058e6ae53989b07ae235f3ecb073e,0,0,0,,0,0,0,0,,,,0.0,[]
2024-00107,L2025-00066-1,용역,파키스탄 펀잡주 물탄시 우수저류시설 기본 및 실시설계 수립용역 현지입찰,0,L2025-00066-1/붙임2. 입찰 부속서류 일체.fin/Section 7 - General Conditions of Contract.docx,.docx,35376,bce589c829dd003530e9943dbeb3d311678c5326af555a6ad4db1d5deefee22a,0,0,0,,0,0,0,0,,,,0.0,[]
2024-00107,L2025-00066-1,용역,파키스탄 펀잡주 물탄시 우수저류시설 기본 및 실시설계 수립용역 현지입찰,0,L2025-00066-1/붙임2. 입찰 부속서류 일체.fin/Section 6 - Reference Documents.zip,.zip,1284043,c2f708245b3f9e558535b7055c979407e2cf9daac6cbc628141d5b0158609afa,0,0,0,,0,0,0,0,,,,0.0,[]
2024-00107,L2025-00066-1,용역,파키스탄 펀잡주 물탄시 우수저류시설 기본 및 실시설계 수립용역 현지입찰,0,L2025-00066-1/붙임2. 입찰 부속서류 일체.fin/Section 3 - Bidding Forms.docx,.docx,82849,c46b55007e29db607635699b2f583430fdf6da6458d5a7bf86f7bf8a4aef008e,0,0,0,,0,0,0,0,,,,0.0,[]
2024-00107,L2025-00066-1,용역,파키스탄 펀잡주 물탄시 우수저류시설 기본 및 실시설계 수립용역 현지입찰,0,L2025-00066-1/붙임2. 입찰 부속서류 일체.fin/Section 8 - Special Conditions of Contract.docx,.docx,23821,25384831581cca35e25ff8636857ef56c7f9673dabbc8514cedd1ecb49276741,0,0,0,,0,0,0,0,,,,0.0,[]
2024-00107,L2025-00066-1,용역,파키스탄 펀잡주 물탄시 우수저류시설 기본 및 실시설계 수립용역 현지입찰,0,L2025-00066-1/붙임2. 입찰 부속서류 일체.fin/Section 5 - Terms of reference.docx,.docx,4648656,4b2a072b6addf961bf9a58c4c6c817a92dfb89604c8aac506a91ec6a68cda0ce,0,0,0,,0,0,0,0,,,,0.0,[]
2024-00107,L2025-00066-1,용역,파키스탄 펀잡주 물탄시 우수저류시설 기본 및 실시설계 수립용역 현지입찰,0,L2025-00066-1/붙임2. 입찰 부속서류 일체.fin/Section 4 - Request for Proposal (RFP).docx,.docx,52037,a29e8e5c7a353968fee7bd372921e039e1a15175874b6c119c92277da4b2aeef,0,0,0,,0,0,0,0,,,,0.0,[]
2024-00107,L2025-00066-1,용역,파키스탄 펀잡주 물탄시 우수저류시설 기본 및 실시설계 수립용역 현지입찰,0,L2025-00066-1/붙임2. 입찰 부속서류 일체.fin/Section 6 - Reference Documents/Section 6 - Reference Documents/3. Regulations for Procurement and Contract in Grant Aid Projects(대외무상협력사업에 관한 조달 및 계약규정)_2019.05.20.pdf,.pdf,157627,bcc6062e083bacf0c4b014b08f7566dde8d7c56ad7f791e30c25a04e71aee5ec,0,0,0,,0,0,0,0,,,,0.0,[]
2024-00107,L2025-00066-1,용역,파키스탄 펀잡주 물탄시 우수저류시설 기본 및 실시설계 수립용역 현지입찰,0,L2025-00066-1/붙임2. 입찰 부속서류 일체.fin/Section 6 - Reference Documents/Section 6 - Reference Documents/4. Detailed Enforcement Rules of the Regulations for Procurement and Contract in Grant Aid Projects(대외무상협력사업에 관한 조달 및 계약규정 시.pdf,.pdf,554876,23f11f2154d32db6e78fbfdafb1f52aeba37778e2dd3b78a197b4ea4c2d44892,0,0,0,,0,0,0,0,,,,0.0,[]
2024-00107,L2025-00066-1,용역,파키스탄 펀잡주 물탄시 우수저류시설 기본 및 실시설계 수립용역 현지입찰,0,L2025-00066-1/붙임2. 입찰 부속서류 일체.fin/Section 6 - Reference Documents/Section 6 - Reference Documents/5. Guidelines for Technical Evaluation(기술평가지침)_2021.04.08.pdf,.pdf,416852,5f61aa2d6d0a5a8e5112eb2bfc3afc5f9a4e31a1328154452eb19e5484072dd0,0,0,0,,0,0,0,0,,,,0.0,[]
2024-00107,L2025-00066-1,용역,파키스탄 펀잡주 물탄시 우수저류시설 기본 및 실시설계 수립용역 현지입찰,0,L2025-00066-1/붙임2. 입찰 부속서류 일체.fin/Section 6 - Reference Documents/Section 6 - Reference Documents/1. KOICA REGULATIONS FOR INTERNATIONAL PROCUREMENT(국제조달규정)_2025.02.25.pdf,.pdf,187697,48535a082d8a3ea93bedde5b85bafce55e1e4b1c5a0d7b9db790ee0e8be7e14f,0,0,0,,0,0,0,0,,,,0.0,[]
2024-00107,L2025-00066-1,용역,파키스탄 펀잡주 물탄시 우수저류시설 기본 및 실시설계 수립용역 현지입찰,0,L2025-00066-1/붙임2. 입찰 부속서류 일체.fin/Section 6 - Reference Documents/Section 6 - Reference Documents/2. INSTRUCTIONS TO BIDDERS(SERVICES)(국제용역입찰유의서)_2025.02.25.pdf,.pdf,139966,40e574ac857b12308fb4e50ddb7079a1cb113e2ecc89bd51fb9461e757b0ea0e,0,0,0,,0,0,0,0,,,,0.0,[]
2022-00076,L2023-00038-1,용역,피지 국립재활센터 건립사업 설계 및 감리용역 현지입찰계획,0,L2023-00038-1/2. 현지입찰 첨부문서 묶음.zip,.zip,1376906,7d7709d18af5a38ad9bbb045cde3e34cc548e2777421eac5557b55c3c40aa9cd,0,0,0,,0,0,0,0,,,,0.0,[]
2022-00076,L2023-00038-1,용역,피지 국립재활센터 건립사업 설계 및 감리용역 현지입찰계획,0,L2023-00038-1/1. 입찰계획서(피지국립재활센터 건립사업 설계 및 감리 용역)-김우영-230713.hwp,.hwp,120320,04167cb6664b62c6f899bc464177b9ec9ba5b791b83591988eb9db5ab108ea1c,0,0,0,,0,0,0,0,,,,0.0,[]
2022-00076,L2023-00038-1,용역,피지 국립재활센터 건립사업 설계 및 감리용역 현지입찰계획,0,L2023-00038-1/2. 현지입찰 첨부문서 묶음/02_Chapter_2._Conditions_of_Contract.rtf,.rtf,219151,1f12b81098fded704c83d41e0bab42bf64556dc084f5654ffb816697893c8e9b,0,0,0,,0,0,0,0,,,,0.0,[]
2022-00076,L2023-00038-1,용역,피지 국립재활센터 건립사업 설계 및 감리용역 현지입찰계획,0,L2023-00038-1/2. 현지입찰 첨부문서 묶음/Attachment_4_Bid Evaluation Criteria and Measurement.docx,.docx,31469,ebe1dfaaa6495051024e9f09fc8720791c260c18b839e207a22ecd5aec8867a5,0,0,0,,0,0,0,0,,,,0.0,[]
2022-00076,L2023-00038-1,용역,피지 국립재활센터 건립사업 설계 및 감리용역 현지입찰계획,0,L2023-00038-1/2. 현지입찰 첨부문서 묶음/Attachment_6. Integrity Pledge Sheet.docx,.docx,35927,868123e7ba20ab6396797a8bf8319d6009df6ef756849c865d4fc36152b89d3e,0,0,0,,0,0,0,0,,,,0.0,[]
2022-00076,L2023-00038-1,용역,피지 국립재활센터 건립사업 설계 및 감리용역 현지입찰계획,0,L2023-00038-1/2. 현지입찰 첨부문서 묶음/Addendum_No.3_Space program.pdf,.pdf,622746,a0e7f0b3c09be47039c130a5389de8b60f58af26f15d45f08cedd9c072d6d4c2,0,0,0,,0,0,0,0,,,,0.0,[]
2022-00076,L2023-00038-1,용역,피지 국립재활센터 건립사업 설계 및 감리용역 현지입찰계획,0,L2023-00038-1/2. 현지입찰 첨부문서 묶음/04_Chapter_4._Invitation_to_Bid.docx,.docx,43289,0ab2b0475c3c8e5c0b288a2454007f3af5db620b8bcfcac9dacddf91380f36be,0,0,0,,0,0,0,0,,,,0.0,[]
2022-00076,L2023-00038-1,용역,피지 국립재활센터 건립사업 설계 및 감리용역 현지입찰계획,0,L2023-00038-1/2. 현지입찰 첨부문서 묶음/Addendum_No.1_Scope_of_the_services.docx,.docx,316721,17c9e82d0c0746134d6cb8449a8f19363912856871a11f0767c5042598f1fe0d,0,0,0,,0,0,0,0,,,,0.0,[]
2022-00076,L2023-00038-1,용역,피지 국립재활센터 건립사업 설계 및 감리용역 현지입찰계획,0,L2023-00038-1/2. 현지입찰 첨부문서 묶음/03_Chapter_3._KOICA Instructions on International Bidding (SERVICES).pdf,.pdf,165396,bdbb7d275baa996f60515ba47f823648d48f5dd45aeaaaa04a94635c2f9b3592,0,0,0,,0,0,0,0,,,,0.0,[]
2022-00076,L2023-00038-1,용역,피지 국립재활센터 건립사업 설계 및 감리용역 현지입찰계획,0,L2023-00038-1/2. 현지입찰 첨부문서 묶음/00_ KOICA_BID Announcement.doc,.doc,108544,956591a0b6b2abb496f07e95eba57832f0866100bee3ff275590a2a04b5de15b,0,0,0,,0,0,0,0,,,,0.0,[]
2022-00076,L2023-00038-1,용역,피지 국립재활센터 건립사업 설계 및 감리용역 현지입찰계획,0,L2023-00038-1/2. 현지입찰 첨부문서 묶음/Attachment_1._Form_of_Price Proposal.doc,.doc,57344,42b7a0633a5e24ed610d5642b84e21074898cfa9c72461b3a9a544e415a2e585,0,0,0,,0,0,0,0,,,,0.0,[]
2022-00076,L2023-00038-1,용역,피지 국립재활센터 건립사업 설계 및 감리용역 현지입찰계획,0,L2023-00038-1/2. 현지입찰 첨부문서 묶음/Addendum_No.2_Term_of_Reference_for_Consultant_Services R1.doc,.doc,188928,5ee0bccec1ecc450a2ac70d1406b0298e81d06ab923bdba05b85dd6248669a7e,0,0,0,,0,0,0,0,,,,0.0,[]
2022-00076,L2023-00038-1,용역,피지 국립재활센터 건립사업 설계 및 감리용역 현지입찰계획,0,L2023-00038-1/2. 현지입찰 첨부문서 묶음/Attachment_5. ODA_Declaration of Anti_Corruption.docx,.docx,22679,3c040cdc91821571bec4dd33e5f12de628504dbd3e215574cc9112de452cad7d,0,0,0,,0,0,0,0,,,,0.0,[]
2022-00076,L2023-00038-1,용역,피지 국립재활센터 건립사업 설계 및 감리용역 현지입찰계획,0,L2023-00038-1/2. 현지입찰 첨부문서 묶음/01_Chapter_1._Contract_of_Consultant_Services.docx,.docx,24258,d2f92197e7262411cb85d4d082474c7e0a89adc722c4738ef1a4c4ec976dac46,0,0,0,,0,0,0,0,,,,0.0,[]
2022-00076,L2023-00038-1,용역,피지 국립재활센터 건립사업 설계 및 감리용역 현지입찰계획,0,L2023-00038-1/2. 현지입찰 첨부문서 묶음/Attachment_2._Form_of_Technical_Proporsal.doc,.doc,117248,667486e733c3a674805812f8c938c2ec2f551c8c8f4ad63936a871d641c3607f,0,0,0,,0,0,0,0,,,,0.0,[]
2022-00076,L2023-00038-1,용역,피지 국립재활센터 건립사업 설계 및 감리용역 현지입찰계획,0,L2023-00038-1/2. 현지입찰 첨부문서 묶음/Attachment_3._Security_forms.docx,.docx,32040,8231b1525c6c70f8ee0954469f6d86ee5795c59147a7298c933143a05ad13479,0,0,0,,0,0,0,0,,,,0.0,[]
2022-00076,L2025-00051-1,공사,피지 국립재활센터 신축 공사,1,L2025-00051-1/Section 7 - General Conditions of Contract.docx,.docx,204633,c2fc9ecf40bceaa276b14b066319e4b7d94fa4b46326dd3ac3ca9a525daf596e,0,0,0,,0,0,0,0,,,,0.0,[]
2022-00076,L2025-00051-1,공사,피지 국립재활센터 신축 공사,1,L2025-00051-1/Section 3 - Bidding FormsR1.docx,.docx,83558,18b3f5f1ebcea816be38da235d77578e1db5284f6ae29231dcd613e1997e09f1,0,0,0,,0,0,0,0,,,,0.0,[]
2022-00076,L2025-00051-1,공사,피지 국립재활센터 신축 공사,1,L2025-00051-1/Section 9 - Contract FormsR1.docx,.docx,24586,20d9cf46abc96dba63a71fef1b66287b7abd5501aa1a24dd2a939505a8cc3e00,0,0,0,,0,0,0,0,,,,0.0,[]
2022-00076,L2025-00051-1,공사,피지 국립재활센터 신축 공사,1,L2025-00051-1/Section 4 - Bill of Quantity.xlsx,.xlsx,791666,fdbb5bdceee51a500d8090d7ac47ab3d31ad8bb593aa9d322b6cfb899c69ad43,0,1,0,,13,204,0,0,Mechanical Services,visible,1,0.0,"[{""sheet"": ""Building 1"", ""sheet_state"": ""visible"", ""header_row"": 1, ""quantity_rows"": 103, ""rate_rows"": 0, ""amount_rows"": 0, ""priced_rows"": 0, ""priced_ratio"": 0.0, ""description_columns"": """", ""quantity_columns"": ""K"", ""rate_columns"": ""L;N"", ""amount_columns"": ""M;O""}, {""sheet"": ""Building 2"", ""sheet_state"": ""visible"", ""header_row"": 1, ""quantity_rows"": 87, ""rate_rows"": 0, ""amount_rows"": 0, ""priced_rows"": 0, ""priced_ratio"": 0.0, ""description_columns"": """", ""quantity_columns"": ""K"", ""rate_columns"": ""L;N"", ""amount_columns"": ""M;O""}, {""sheet"": ""Building 3"", ""sheet_state"": ""visible"", ""header_row"": 1, ""quantity_rows"": 78, ""rate_rows"": 0, ""amount_rows"": 0, ""priced_rows"": 0, ""priced_ratio"": 0.0, ""description_columns"": """", ""quantity_columns"": ""K"", ""rate_columns"": ""L;N"", ""amount_columns"": ""M;O""}, {""sheet"": ""Building 4"", ""sheet_state"": ""visible"", ""header_row"": 1, ""quantity_rows"": 71, ""rate_rows"": 0, ""amount_rows"": 0, ""priced_rows"": 0, ""priced_ratio"": 0.0, ""description_columns"": """", ""quantity_columns"": ""K"", ""rate_columns"": ""L;N"", ""amount_columns"": ""M;O""}, {""sheet"": ""Building 5"", ""sheet_state"": ""visible"", ""header_row"": 1, ""quantity_rows"": 58, ""rate_rows"": 0, ""amount_rows"": 0, ""priced_rows"": 0, ""priced_ratio"": 0.0, ""description_columns"": """", ""quantity_columns"": ""K"", ""rate_columns"": ""L;N"", ""amount_columns"": ""M;O""}, {""sheet"": ""Building 6 & 7"", ""sheet_state"": ""visible"", ""header_row"": 1, ""quantity_rows"": 41, ""rate_rows"": 0, ""amount_rows"": 0, ""priced_rows"": 0, ""priced_ratio"": 0.0, ""description_columns"": """", ""quantity_columns"": ""J"", ""rate_columns"": ""K;M"", ""amount_columns"": ""L;N""}, {""sheet"": ""Site & Civil Works MOH"", ""sheet_state"": ""visible"", ""header_row"": 1, ""quantity_rows"": 53, ""rate_rows"": 0, ""amount_rows"": 0, ""priced_rows"": 0, ""priced_ratio"": 0.0, ""description_columns"": """", ""quantity_columns"": ""K"", ""rate_columns"": ""L;N"", ""amount_columns"": ""M;O""}, {""sheet"": ""Hydraulic Services"", ""sheet_state"": ""visible"", ""header_row"": 1, ""quantity_rows"": 38, ""rate_rows"": 0, ""amount_rows"": 0, ""priced_rows"": 0, ""priced_ratio"": 0.0, ""description_columns"": ""B"", ""quantity_columns"": ""D;F;G"", ""rate_columns"": """", ""amount_columns"": """"}, {""sheet"": ""Electrical Services"", ""sheet_state"": ""visible"", ""header_row"": 1, ""quantity_rows"": 86, ""rate_rows"": 0, ""amount_rows"": 0, ""priced_rows"": 0, ""priced_ratio"": 0.0, ""description_columns"": ""C"", ""quantity_columns"": ""E"", ""rate_columns"": """", ""amount_columns"": """"}, {""sheet"": ""Mechanical Services"", ""sheet_state"": ""visible"", ""header_row"": 1, ""quantity_rows"": 204, ""rate_rows"": 0, ""amount_rows"": 0, ""priced_rows"": 0, ""priced_ratio"": 0.0, ""description_columns"": ""B"", ""quantity_columns"": ""D"", ""rate_columns"": """", ""amount_columns"": """"}, {""sheet"": ""Fire Services"", ""sheet_state"": ""visible"", ""header_row"": 1, ""quantity_rows"": 33, ""rate_rows"": 0, ""amount_rows"": 0, ""priced_rows"": 0, ""priced_ratio"": 0.0, ""description_columns"": ""B"", ""quantity_columns"": ""D"", ""rate_columns"": """", ""amount_columns"": """"}, {""sheet"": ""Communication"", ""sheet_state"": ""visible"", ""header_row"": 1, ""quantity_rows"": 16, ""rate_rows"": 0, ""amount_rows"": 0, ""priced_rows"": 0, ""priced_ratio"": 0.0, ""description_columns"": ""B"", ""quantity_columns"": ""D"", ""rate_columns"": """", ""amount_columns"": """"}, {""sheet"": ""ACCESS CONTROL"", ""sheet_state"": ""visible"", ""header_row"": 1, ""quantity_rows"": 21, ""rate_rows"": 0, ""amount_rows"": 0, ""priced_rows"": 0, ""priced_ratio"": 0.0, ""description_columns"": ""B"", ""quantity_columns"": ""D"", ""rate_columns"": """", ""amount_columns"": """"}]"
2022-00076,L2025-00051-1,공사,피지 국립재활센터 신축 공사,1,L2025-00051-1/Section 2 - Bid Data Sheet (BDS).hwp,.hwp,166400,b0111184274c98b83b307511bf13d321d3ef408db4cb22fca854e459e6b8b953,0,0,0,,0,0,0,0,,,,0.0,[]
2022-00076,L2025-00051-1,공사,피지 국립재활센터 신축 공사,1,L2025-00051-1/Section 8 - Specail Conditions of ContractR1.docx,.docx,44691,00db76fad3378a08a87f199f88a95f037af48fde04d761207ccb5a76a74966e6,0,0,0,,0,0,0,0,,,,0.0,[]
2022-00076,L2025-00051-1,공사,피지 국립재활센터 신축 공사,1,L2025-00051-1/Section 6- Specification Of Work.zip,.zip,12780360,561240ccfadb0f5736f39c773e324a90cb9998acf4d988da4436dfd89c2a4473,0,0,0,,0,0,0,0,,,,0.0,[]
2022-00076,L2025-00051-1,공사,피지 국립재활센터 신축 공사,1,L2025-00051-1/Section 6- Specification Of Work/REHAB SPECIFICATION-ARCHITECTURAL.pdf,.pdf,8524601,c1e664c94a79717284d29eeae40d32e8551fc979c0063722b1e2bad54de00cfc,0,0,0,,0,0,0,0,,,,0.0,[]
2022-00076,L2025-00051-1,공사,피지 국립재활센터 신축 공사,1,L2025-00051-1/Section 6- Specification Of Work/Services Specifications/3921-Specifications-Fire protection Services-T1-2024.08.22.pdf,.pdf,791984,b2ff29e763ccdbdbdb89ec88c16a1e031cb22958d1aa6d5f9ceb715ac35a649d,0,0,0,,0,0,0,0,,,,0.0,[]
2022-00076,L2025-00051-1,공사,피지 국립재활센터 신축 공사,1,L2025-00051-1/Section 6- Specification Of Work/Services Specifications/3921-Specifications-Communication Services-T1-2024.08.22.pdf,.pdf,1175896,6ec1ae716985644d39425a872a29f8aab1eea99e4b652c019e0870e6fd497430,0,0,0,,0,0,0,0,,,,0.0,[]
2022-00076,L2025-00051-1,공사,피지 국립재활센터 신축 공사,1,L2025-00051-1/Section 6- Specification Of Work/Services Specifications/3921-Specifications-Mechanical Services-T1-2024.08.22.pdf,.pdf,839820,b6cb2fecdcc347ef5de6cd0a62f8fcbb51267a8956460c1e8268ec2e9cbdef58,0,0,0,,0,0,0,0,,,,0.0,[]
2022-00076,L2025-00051-1,공사,피지 국립재활센터 신축 공사,1,L2025-00051-1/Section 6- Specification Of Work/Services Specifications/3921-Specifications-Hydraulics Services-T1-2024.08.22.pdf,.pdf,856981,1e9b6dd88e60b257a306a43b74eda25243ad298a2a7153745454208caa2f7877,0,0,0,,0,0,0,0,,,,0.0,[]
2022-00076,L2025-00051-1,공사,피지 국립재활센터 신축 공사,1,L2025-00051-1/Section 6- Specification Of Work/Services Specifications/3921-Specifications-Electrical Services-T1-2024.08.22.pdf,.pdf,798602,76d091c16bdb46972f3ad0bb7d448f033dfa4595cbbe8f2bde90b8a0a84ffecc,0,0,0,,0,0,0,0,,,,0.0,[]
2022-00076,L2025-00051-1,공사,피지 국립재활센터 신축 공사,1,L2025-00051-1/Section 6- Specification Of Work/Services Specifications/3921-Specifications-Electronic Services-T1-2024.08.22.pdf,.pdf,736421,f743b77399ceb9225a2fec3040585aeb09a86db20805a853bb76eb2a5aa9fe4a,0,0,0,,0,0,0,0,,,,0.0,[]
2022-00076,L2025-00051-2,공사,피지 국립재활센터 신축 공사,1,L2025-00051-2/Section 3-1. Annex 9 Self-Evaluation Table.xlsx,.xlsx,15221,f29149292606184375f4e0391fdea0f9a7b1a4de7e74f7d7ebba994f6d88eedc,0,0,0,,0,0,0,0,,,,0.0,[]
2022-00076,L2025-00051-2,공사,피지 국립재활센터 신축 공사,1,L2025-00051-2/Section 7 - General Conditions of Contract.docx,.docx,204633,c2fc9ecf40bceaa276b14b066319e4b7d94fa4b46326dd3ac3ca9a525daf596e,0,0,0,,0,0,0,0,,,,0.0,[]
2022-00076,L2025-00051-2,공사,피지 국립재활센터 신축 공사,1,L2025-00051-2/1. (재입찰)피지 국립재활센터 설립사업 시공 입찰계획서.hwp,.hwp,55808,4857dce8ffffa478ac3ed23b511883dd4234c500e230c4fa4b04b4662970601b,0,0,0,,0,0,0,0,,,,0.0,[]
2022-00076,L2025-00051-2,공사,피지 국립재활센터 신축 공사,1,L2025-00051-2/Section 3 - Bidding FormsR1.docx,.docx,83558,18b3f5f1ebcea816be38da235d77578e1db5284f6ae29231dcd613e1997e09f1,0,0,0,,0,0,0,0,,,,0.0,[]
2022-00076,L2025-00051-2,공사,피지 국립재활센터 신축 공사,1,L2025-00051-2/Section 9 - Contract FormsR1.docx,.docx,24586,20d9cf46abc96dba63a71fef1b66287b7abd5501aa1a24dd2a939505a8cc3e00,0,0,0,,0,0,0,0,,,,0.0,[]
2022-00076,L2025-00051-2,공사,피지 국립재활센터 신축 공사,1,L2025-00051-2/Section 4 - Bill of Quantity.xlsx,.xlsx,791666,fdbb5bdceee51a500d8090d7ac47ab3d31ad8bb593aa9d322b6cfb899c69ad43,1,1,0,,13,204,0,0,Mechanical Services,visible,1,0.0,"[{""sheet"": ""Building 1"", ""sheet_state"": ""visible"", ""header_row"": 1, ""quantity_rows"": 103, ""rate_rows"": 0, ""amount_rows"": 0, ""priced_rows"": 0, ""priced_ratio"": 0.0, ""description_columns"": """", ""quantity_columns"": ""K"", ""rate_columns"": ""L;N"", ""amount_columns"": ""M;O""}, {""sheet"": ""Building 2"", ""sheet_state"": ""visible"", ""header_row"": 1, ""quantity_rows"": 87, ""rate_rows"": 0, ""amount_rows"": 0, ""priced_rows"": 0, ""priced_ratio"": 0.0, ""description_columns"": """", ""quantity_columns"": ""K"", ""rate_columns"": ""L;N"", ""amount_columns"": ""M;O""}, {""sheet"": ""Building 3"", ""sheet_state"": ""visible"", ""header_row"": 1, ""quantity_rows"": 78, ""rate_rows"": 0, ""amount_rows"": 0, ""priced_rows"": 0, ""priced_ratio"": 0.0, ""description_columns"": """", ""quantity_columns"": ""K"", ""rate_columns"": ""L;N"", ""amount_columns"": ""M;O""}, {""sheet"": ""Building 4"", ""sheet_state"": ""visible"", ""header_row"": 1, ""quantity_rows"": 71, ""rate_rows"": 0, ""amount_rows"": 0, ""priced_rows"": 0, ""priced_ratio"": 0.0, ""description_columns"": """", ""quantity_columns"": ""K"", ""rate_columns"": ""L;N"", ""amount_columns"": ""M;O""}, {""sheet"": ""Building 5"", ""sheet_state"": ""visible"", ""header_row"": 1, ""quantity_rows"": 58, ""rate_rows"": 0, ""amount_rows"": 0, ""priced_rows"": 0, ""priced_ratio"": 0.0, ""description_columns"": """", ""quantity_columns"": ""K"", ""rate_columns"": ""L;N"", ""amount_columns"": ""M;O""}, {""sheet"": ""Building 6 & 7"", ""sheet_state"": ""visible"", ""header_row"": 1, ""quantity_rows"": 41, ""rate_rows"": 0, ""amount_rows"": 0, ""priced_rows"": 0, ""priced_ratio"": 0.0, ""description_columns"": """", ""quantity_columns"": ""J"", ""rate_columns"": ""K;M"", ""amount_columns"": ""L;N""}, {""sheet"": ""Site & Civil Works MOH"", ""sheet_state"": ""visible"", ""header_row"": 1, ""quantity_rows"": 53, ""rate_rows"": 0, ""amount_rows"": 0, ""priced_rows"": 0, ""priced_ratio"": 0.0, ""description_columns"": """", ""quantity_columns"": ""K"", ""rate_columns"": ""L;N"", ""amount_columns"": ""M;O""}, {""sheet"": ""Hydraulic Services"", ""sheet_state"": ""visible"", ""header_row"": 1, ""quantity_rows"": 38, ""rate_rows"": 0, ""amount_rows"": 0, ""priced_rows"": 0, ""priced_ratio"": 0.0, ""description_columns"": ""B"", ""quantity_columns"": ""D;F;G"", ""rate_columns"": """", ""amount_columns"": """"}, {""sheet"": ""Electrical Services"", ""sheet_state"": ""visible"", ""header_row"": 1, ""quantity_rows"": 86, ""rate_rows"": 0, ""amount_rows"": 0, ""priced_rows"": 0, ""priced_ratio"": 0.0, ""description_columns"": ""C"", ""quantity_columns"": ""E"", ""rate_columns"": """", ""amount_columns"": """"}, {""sheet"": ""Mechanical Services"", ""sheet_state"": ""visible"", ""header_row"": 1, ""quantity_rows"": 204, ""rate_rows"": 0, ""amount_rows"": 0, ""priced_rows"": 0, ""priced_ratio"": 0.0, ""description_columns"": ""B"", ""quantity_columns"": ""D"", ""rate_columns"": """", ""amount_columns"": """"}, {""sheet"": ""Fire Services"", ""sheet_state"": ""visible"", ""header_row"": 1, ""quantity_rows"": 33, ""rate_rows"": 0, ""amount_rows"": 0, ""priced_rows"": 0, ""priced_ratio"": 0.0, ""description_columns"": ""B"", ""quantity_columns"": ""D"", ""rate_columns"": """", ""amount_columns"": """"}, {""sheet"": ""Communication"", ""sheet_state"": ""visible"", ""header_row"": 1, ""quantity_rows"": 16, ""rate_rows"": 0, ""amount_rows"": 0, ""priced_rows"": 0, ""priced_ratio"": 0.0, ""description_columns"": ""B"", ""quantity_columns"": ""D"", ""rate_columns"": """", ""amount_columns"": """"}, {""sheet"": ""ACCESS CONTROL"", ""sheet_state"": ""visible"", ""header_row"": 1, ""quantity_rows"": 21, ""rate_rows"": 0, ""amount_rows"": 0, ""priced_rows"": 0, ""priced_ratio"": 0.0, ""description_columns"": ""B"", ""quantity_columns"": ""D"", ""rate_columns"": """", ""amount_columns"": """"}]"
2022-00076,L2025-00051-2,공사,피지 국립재활센터 신축 공사,1,L2025-00051-2/Section 2 - Bid Data Sheet (BDS_09.2025).hwp,.hwp,83968,777f35982b2b055b47236214ca6aa1ac5948ca6b7ce8de246400ede32cfb6c39,0,0,0,,0,0,0,0,,,,0.0,[]
2022-00076,L2025-00051-2,공사,피지 국립재활센터 신축 공사,1,L2025-00051-2/Section 8 - Specail Conditions of ContractR1.docx,.docx,44691,00db76fad3378a08a87f199f88a95f037af48fde04d761207ccb5a76a74966e6,0,0,0,,0,0,0,0,,,,0.0,[]
2022-00076,L2025-00051-2,공사,피지 국립재활센터 신축 공사,1,L2025-00051-2/Section 6- Specification Of Work.zip,.zip,12780360,561240ccfadb0f5736f39c773e324a90cb9998acf4d988da4436dfd89c2a4473,0,0,0,,0,0,0,0,,,,0.0,[]
2022-00076,L2025-00051-2,공사,피지 국립재활센터 신축 공사,1,L2025-00051-2/Section 6- Specification Of Work/REHAB SPECIFICATION-ARCHITECTURAL.pdf,.pdf,8524601,c1e664c94a79717284d29eeae40d32e8551fc979c0063722b1e2bad54de00cfc,0,0,0,,0,0,0,0,,,,0.0,[]
2022-00076,L2025-00051-2,공사,피지 국립재활센터 신축 공사,1,L2025-00051-2/Section 6- Specification Of Work/Services Specifications/3921-Specifications-Fire protection Services-T1-2024.08.22.pdf,.pdf,791984,b2ff29e763ccdbdbdb89ec88c16a1e031cb22958d1aa6d5f9ceb715ac35a649d,0,0,0,,0,0,0,0,,,,0.0,[]
2022-00076,L2025-00051-2,공사,피지 국립재활센터 신축 공사,1,L2025-00051-2/Section 6- Specification Of Work/Services Specifications/3921-Specifications-Communication Services-T1-2024.08.22.pdf,.pdf,1175896,6ec1ae716985644d39425a872a29f8aab1eea99e4b652c019e0870e6fd497430,0,0,0,,0,0,0,0,,,,0.0,[]
2022-00076,L2025-00051-2,공사,피지 국립재활센터 신축 공사,1,L2025-00051-2/Section 6- Specification Of Work/Services Specifications/3921-Specifications-Mechanical Services-T1-2024.08.22.pdf,.pdf,839820,b6cb2fecdcc347ef5de6cd0a62f8fcbb51267a8956460c1e8268ec2e9cbdef58,0,0,0,,0,0,0,0,,,,0.0,[]
2022-00076,L2025-00051-2,공사,피지 국립재활센터 신축 공사,1,L2025-00051-2/Section 6- Specification Of Work/Services Specifications/3921-Specifications-Hydraulics Services-T1-2024.08.22.pdf,.pdf,856981,1e9b6dd88e60b257a306a43b74eda25243ad298a2a7153745454208caa2f7877,0,0,0,,0,0,0,0,,,,0.0,[]
2022-00076,L2025-00051-2,공사,피지 국립재활센터 신축 공사,1,L2025-00051-2/Section 6- Specification Of Work/Services Specifications/3921-Specifications-Electrical Services-T1-2024.08.22.pdf,.pdf,798602,76d091c16bdb46972f3ad0bb7d448f033dfa4595cbbe8f2bde90b8a0a84ffecc,0,0,0,,0,0,0,0,,,,0.0,[]
2022-00076,L2025-00051-2,공사,피지 국립재활센터 신축 공사,1,L2025-00051-2/Section 6- Specification Of Work/Services Specifications/3921-Specifications-Electronic Services-T1-2024.08.22.pdf,.pdf,736421,f743b77399ceb9225a2fec3040585aeb09a86db20805a853bb76eb2a5aa9fe4a,0,0,0,,0,0,0,0,,,,0.0,[]
2021-00097,L2023-00030-1,용역,피지 농업공존형 태양광 발전사업(GCF) 영농기술센터 및 농기자재 보관창고 신축 설계 및 감리용역,0,L2023-00030-1/2. Bid Data Sheet(Design & Construction Supervision Services_Ovalau_KOICA)_v2.docx,.docx,38488,366bd03a0d482e3ec42f83943771ecd43a07cfc70d28fa0f47c4d7840b315898,0,0,0,,0,0,0,0,,,,0.0,[]
2021-00097,L2023-00030-1,용역,피지 농업공존형 태양광 발전사업(GCF) 영농기술센터 및 농기자재 보관창고 신축 설계 및 감리용역,0,L2023-00030-1/1. Invitation for Bids(Design & Construction Supervision Services_Ovalau_KOICA)_v3.docx,.docx,39421,6070876b063b0564b8744e94e742b8ec76b2c087b3cdb9c101f2abaf8476b41a,0,0,0,,0,0,0,0,,,,0.0,[]
2022-00069,L2025-00075-1,용역,(긴급) 필리핀 기마라스주 해수양식센터 건립 설계 용역업체 선정,0,L2025-00075-1/Section 5 - Request for Proposal (RFP)_Design Service_fin.docx,.docx,6199714,6598dc89bdaf38e8b5d7e09d6b9270584643632351e226a237870622fe0fdb9c,0,0,0,,0,0,0,0,,,,0.0,[]
2022-00069,L2025-00075-1,용역,(긴급) 필리핀 기마라스주 해수양식센터 건립 설계 용역업체 선정,0,L2025-00075-1/Section 8 - Contract Forms_fin.docx,.docx,27821,c9740972c19c25da3b736b36268da855e3bc8c63e65f0fbaef539de32ece365d,0,0,0,,0,0,0,0,,,,0.0,[]
2022-00069,L2025-00075-1,용역,(긴급) 필리핀 기마라스주 해수양식센터 건립 설계 용역업체 선정,0,L2025-00075-1/Section 6 - General Conditions of Contract_fin.docx,.docx,42999,e6e75d0ee09a632b11a4c7146081abb31fe87e5a7b4dcb669e949444959e00ea,0,0,0,,0,0,0,0,,,,0.0,[]
2022-00069,L2025-00075-1,용역,(긴급) 필리핀 기마라스주 해수양식센터 건립 설계 용역업체 선정,0,L2025-00075-1/Section 2 - Bid Data Sheet (BDS)_20250913_fin.docx,.docx,78715,06de9497af11d5c02ae901680f1f1bfb388617db825751a17b41f41e40a88c6d,0,0,0,,0,0,0,0,,,,0.0,[]
2022-00069,L2025-00075-1,용역,(긴급) 필리핀 기마라스주 해수양식센터 건립 설계 용역업체 선정,0,L2025-00075-1/Section 7 - Special Conditions of Contract_fin.docx,.docx,43667,9e57f046f2e1840be7526f0bdcc0089e604494511b118d39d21e1bd4b3c07ab5,0,0,0,,0,0,0,0,,,,0.0,[]
2022-00069,L2025-00075-1,용역,(긴급) 필리핀 기마라스주 해수양식센터 건립 설계 용역업체 선정,0,L2025-00075-1/Section 1 - Instructions to Bidders (ITB)_fin.docx,.docx,35098,04a0ad92bbc14a8ebab858b7def56f4aca6bea98247ea523985bfad1f3641c1b,0,0,0,,0,0,0,0,,,,0.0,[]
2022-00069,L2025-00075-1,용역,(긴급) 필리핀 기마라스주 해수양식센터 건립 설계 용역업체 선정,0,L2025-00075-1/Summary of Bidding_Invitation to Bid_250913.docx,.docx,31039,2637737f3bd873b493d93d19079202e2f41eca3050b75419df10a7c47f0a3cbe,0,0,0,,0,0,0,0,,,,0.0,[]
2022-00069,L2025-00075-1,용역,(긴급) 필리핀 기마라스주 해수양식센터 건립 설계 용역업체 선정,0,L2025-00075-1/Section 4 - Selection method of successful bidder_fin.docx,.docx,43394,1033c9ed1c9fd82c152b6b9da8598cf5e6e1d038b21edbf662124919c7e11e30,0,0,0,,0,0,0,0,,,,0.0,[]
2022-00069,L2025-00075-1,용역,(긴급) 필리핀 기마라스주 해수양식센터 건립 설계 용역업체 선정,0,L2025-00075-1/Section 9 - Pledges.zip,.zip,68676,af985e3415ad26dd7a4ebbde90a70b7dde3a79d5951d73755cbd6fd77b6aa32d,0,0,0,,0,0,0,0,,,,0.0,[]
2022-00069,L2025-00075-1,용역,(긴급) 필리핀 기마라스주 해수양식센터 건립 설계 용역업체 선정,0,L2025-00075-1/Power of Attorney for the authority to sign and execute contracts.docx,.docx,18112,741c56eddf14a4dc419eb3f7c5d73512a932a90f9466ade011b321b220718a2f,0,0,0,,0,0,0,0,,,,0.0,[]
2022-00069,L2025-00075-1,용역,(긴급) 필리핀 기마라스주 해수양식센터 건립 설계 용역업체 선정,0,L2025-00075-1/Section 3 - Bidding Forms_fin.docx,.docx,64142,41ecea64dc6366d6439f75559a3aa7196f3061bb7d7a10820e5ef1da033a43af,0,0,0,,0,0,0,0,,,,0.0,[]
2022-00069,L2025-00075-1,용역,(긴급) 필리핀 기마라스주 해수양식센터 건립 설계 용역업체 선정,0,L2025-00075-1/Section 9 - Pledges/Declaration of Anti_Corruption (╣▌║╬╞╨ ╝▒╛≡╝¡).docx,.docx,23025,749964c2ecd365ab5b0ae5f8aa6f187a6539e34e231bc7ead29e55fc21300e75,0,0,0,,0,0,0,0,,,,0.0,[]
2022-00069,L2025-00075-1,용역,(긴급) 필리핀 기마라스주 해수양식센터 건립 설계 용역업체 선정,0,L2025-00075-1/Section 9 - Pledges/Fair Contract Pledge Letter (░°┴ñ░Φ╛α ╝¡╛α╝¡).docx,.docx,18740,0cb576b8d68005ab913bfff40207233eeb887a54e873dd7fcdbef253ed70f573,0,0,0,,0,0,0,0,,,,0.0,[]
2022-00069,L2025-00075-1,용역,(긴급) 필리핀 기마라스주 해수양식센터 건립 설계 용역업체 선정,0,L2025-00075-1/Section 9 - Pledges/Integrity Pledge (├╗╖┼░Φ╛α╝¡).docx,.docx,36507,bbf88b1bc23c5ed931639e65f36d47df7d7fbdb8447562024b0cf9f04ec6d6b6,0,0,0,,0,0,0,0,,,,0.0,[]
2022-00069,L2025-00094-1,용역,[재공고][긴급] 필리핀 기마라스주 해수양식센터 건립 설계 용역업체 선정,0,L2025-00094-1/ReBidding Documents (Guimaras_Design) 1022v2.zip,.zip,6224101,b3f112ec88cbc102054f6ea62f6d28ea0760b8021858a6d290f5ebc1ecfb7359,0,0,0,,0,0,0,0,,,,0.0,[]
2022-00069,L2025-00094-1,용역,[재공고][긴급] 필리핀 기마라스주 해수양식센터 건립 설계 용역업체 선정,0,L2025-00094-1/Summary of Rebidding Invitation to Bid 1022.pdf,.pdf,1842650,cec618e8f68989013c581e56a0dfcd62e70d26f637deb16276cfe0974a9b6c34,0,0,0,,0,0,0,0,,,,0.0,[]
2022-00069,L2025-00094-1,용역,[재공고][긴급] 필리핀 기마라스주 해수양식센터 건립 설계 용역업체 선정,0,L2025-00094-1/ReBidding Documents (Guimaras_Design) 1022v2/ReBidding Documents (Guimaras_Design) 1022/Section 1 - Instructions to Bidders (ITB).docx,.docx,35098,04a0ad92bbc14a8ebab858b7def56f4aca6bea98247ea523985bfad1f3641c1b,0,0,0,,0,0,0,0,,,,0.0,[]
2022-00069,L2025-00094-1,용역,[재공고][긴급] 필리핀 기마라스주 해수양식센터 건립 설계 용역업체 선정,0,L2025-00094-1/ReBidding Documents (Guimaras_Design) 1022v2/ReBidding Documents (Guimaras_Design) 1022/Section 6 - General Conditions of Contract.docx,.docx,42999,e6e75d0ee09a632b11a4c7146081abb31fe87e5a7b4dcb669e949444959e00ea,0,0,0,,0,0,0,0,,,,0.0,[]
2022-00069,L2025-00094-1,용역,[재공고][긴급] 필리핀 기마라스주 해수양식센터 건립 설계 용역업체 선정,0,L2025-00094-1/ReBidding Documents (Guimaras_Design) 1022v2/ReBidding Documents (Guimaras_Design) 1022/Section 3 - Bidding Forms_251020.docx,.docx,64774,8bd72adc9749e13b6d5ba70324d4b18e305e2ae18edf0a59062bf02000354558,0,0,0,,0,0,0,0,,,,0.0,[]
2022-00069,L2025-00094-1,용역,[재공고][긴급] 필리핀 기마라스주 해수양식센터 건립 설계 용역업체 선정,0,L2025-00094-1/ReBidding Documents (Guimaras_Design) 1022v2/ReBidding Documents (Guimaras_Design) 1022/Section 8 - Contract Forms_251020v2.docx,.docx,28438,c58fa807cb2db116b212727b90a03a5f136cce7130f22219e98e22e8803f537b,0,0,0,,0,0,0,0,,,,0.0,[]
2022-00069,L2025-00094-1,용역,[재공고][긴급] 필리핀 기마라스주 해수양식센터 건립 설계 용역업체 선정,0,L2025-00094-1/ReBidding Documents (Guimaras_Design) 1022v2/ReBidding Documents (Guimaras_Design) 1022/Section 5 - Request for Proposal (RFP)_Design Service.docx,.docx,6199714,6598dc89bdaf38e8b5d7e09d6b9270584643632351e226a237870622fe0fdb9c,0,0,0,,0,0,0,0,,,,0.0,[]
2022-00069,L2025-00094-1,용역,[재공고][긴급] 필리핀 기마라스주 해수양식센터 건립 설계 용역업체 선정,0,L2025-00094-1/ReBidding Documents (Guimaras_Design) 1022v2/ReBidding Documents (Guimaras_Design) 1022/Section 9 - Pledges.zip,.zip,68676,af985e3415ad26dd7a4ebbde90a70b7dde3a79d5951d73755cbd6fd77b6aa32d,0,0,0,,0,0,0,0,,,,0.0,[]
2022-00069,L2025-00094-1,용역,[재공고][긴급] 필리핀 기마라스주 해수양식센터 건립 설계 용역업체 선정,0,L2025-00094-1/ReBidding Documents (Guimaras_Design) 1022v2/ReBidding Documents (Guimaras_Design) 1022/Section 4 - Selection method of successful bidder.docx,.docx,43394,1033c9ed1c9fd82c152b6b9da8598cf5e6e1d038b21edbf662124919c7e11e30,0,0,0,,0,0,0,0,,,,0.0,[]
2022-00069,L2025-00094-1,용역,[재공고][긴급] 필리핀 기마라스주 해수양식센터 건립 설계 용역업체 선정,0,L2025-00094-1/ReBidding Documents (Guimaras_Design) 1022v2/ReBidding Documents (Guimaras_Design) 1022/Power of Attorney for the authority to sign and execute contracts.docx,.docx,18112,741c56eddf14a4dc419eb3f7c5d73512a932a90f9466ade011b321b220718a2f,0,0,0,,0,0,0,0,,,,0.0,[]
2022-00069,L2025-00094-1,용역,[재공고][긴급] 필리핀 기마라스주 해수양식센터 건립 설계 용역업체 선정,0,L2025-00094-1/ReBidding Documents (Guimaras_Design) 1022v2/ReBidding Documents (Guimaras_Design) 1022/Section 7 - Special Conditions of Contract_20251016.docx,.docx,43667,9e57f046f2e1840be7526f0bdcc0089e604494511b118d39d21e1bd4b3c07ab5,0,0,0,,0,0,0,0,,,,0.0,[]
2022-00069,L2025-00094-1,용역,[재공고][긴급] 필리핀 기마라스주 해수양식센터 건립 설계 용역업체 선정,0,L2025-00094-1/ReBidding Documents (Guimaras_Design) 1022v2/ReBidding Documents (Guimaras_Design) 1022/Section 2 - Bid Data Sheet (BDS)_20251020v5.docx,.docx,78223,7400171c1f2172d0c81532d6d16f6604ac8ecc16e515424fd3fee734b35d418d,0,0,0,,0,0,0,0,,,,0.0,[]
2022-00069,L2025-00094-1,용역,[재공고][긴급] 필리핀 기마라스주 해수양식센터 건립 설계 용역업체 선정,0,L2025-00094-1/ReBidding Documents (Guimaras_Design) 1022v2/ReBidding Documents (Guimaras_Design) 1022/Section 9 - Pledges/Declaration of Anti_Corruption (╣▌║╬╞╨ ╝▒╛≡╝¡).docx,.docx,23025,749964c2ecd365ab5b0ae5f8aa6f187a6539e34e231bc7ead29e55fc21300e75,0,0,0,,0,0,0,0,,,,0.0,[]
2022-00069,L2025-00094-1,용역,[재공고][긴급] 필리핀 기마라스주 해수양식센터 건립 설계 용역업체 선정,0,L2025-00094-1/ReBidding Documents (Guimaras_Design) 1022v2/ReBidding Documents (Guimaras_Design) 1022/Section 9 - Pledges/Fair Contract Pledge Letter (░°┴ñ░Φ╛α ╝¡╛α╝¡).docx,.docx,18740,0cb576b8d68005ab913bfff40207233eeb887a54e873dd7fcdbef253ed70f573,0,0,0,,0,0,0,0,,,,0.0,[]
2022-00069,L2025-00094-1,용역,[재공고][긴급] 필리핀 기마라스주 해수양식센터 건립 설계 용역업체 선정,0,L2025-00094-1/ReBidding Documents (Guimaras_Design) 1022v2/ReBidding Documents (Guimaras_Design) 1022/Section 9 - Pledges/Integrity Pledge (├╗╖┼░Φ╛α╝¡).docx,.docx,36507,bbf88b1bc23c5ed931639e65f36d47df7d7fbdb8447562024b0cf9f04ec6d6b6,0,0,0,,0,0,0,0,,,,0.0,[]
2021-00018,L2023-00050-1,용역,몽골 철도교통관제센터 건립 및 운영 역량강화사업을 통한 철도교통 경쟁력 강화사업 설계업체 선정,0,L2023-00050-1/현지입찰 평가위원회 결과 보고서(번역본).pdf,.pdf,5064292,e09e38c9fd5f5df8c6fde440db773c22f42817f5c494e4edfc7dba45f2509c5c,0,0,0,,0,0,0,0,,,,0.0,[]
2021-00018,L2023-00050-1,용역,몽골 철도교통관제센터 건립 및 운영 역량강화사업을 통한 철도교통 경쟁력 강화사업 설계업체 선정,0,L2023-00050-1/현지입찰 결과 통보 문서(번역본).pdf,.pdf,496542,a52599883a2925d7605e6e75f878bc909b7079af49e5fca09dd3ff26def45498,0,0,0,,0,0,0,0,,,,0.0,[]
2021-00018,L2023-00050-1,용역,몽골 철도교통관제센터 건립 및 운영 역량강화사업을 통한 철도교통 경쟁력 강화사업 설계업체 선정,0,L2023-00050-1/현지입찰 진행상황 보고 문서(번역본).pdf,.pdf,1533893,be1982c664136fad51771e9709e487f30316088d9f2205dad3739b3eaf18b00b,0,0,0,,0,0,0,0,,,,0.0,[]
2021-00018,L2023-00075-1,공사,몽골 철도교통관제센터(RTCC) 건립 시공 입찰,1,L2023-00075-1/RTCC 시공 Terms of Reference for NIFS Construction(2023.12.14).docx,.docx,54988,0afaa8b87506057722b2404bdfd542abc37ec783fa4ab4469707e0b71fef65a7,0,0,0,,0,0,0,0,,,,0.0,[]
2021-00018,L2023-00075-1,공사,몽골 철도교통관제센터(RTCC) 건립 시공 입찰,1,L2023-00075-1/첨부1 RTCC 시공 3자계약서 (2023.12.18)_Rev1.docx,.docx,61141,38f9103d45b5294f73f49ea2f44a996d2dc85da9cdbbbe8568fab982191c095e,0,0,0,,0,0,0,0,,,,0.0,[]
2021-00018,L2023-00075-1,공사,몽골 철도교통관제센터(RTCC) 건립 시공 입찰,1,L2023-00075-1/(231213) RTCC 발주감리 계약서.pdf,.pdf,974425,c9be7b77c2c8caa32fd4a86ed0ddaf42bae85d59cdb3250a0876c7cae60d30b7,0,0,0,,0,0,0,0,,,,0.0,[]
2020-00073,L2022-00027-1,용역,에콰도르 키토시 혁신센터 건립을 통한 창업 및 기업혁신 지원체계 강화사업 리모델링 설계 용역,0,L2022-00027-1/2. 입찰서류(영문)_키토혁신센터 설계_220531.zip,.zip,16807128,06745012f4b96b429ebb17f0624195e233f0d922e99ace374d67755ba3271036,0,0,0,,0,0,0,0,,,,0.0,[]
2020-00073,L2022-00027-1,용역,에콰도르 키토시 혁신센터 건립을 통한 창업 및 기업혁신 지원체계 강화사업 리모델링 설계 용역,0,L2022-00027-1/1. 입찰계획안(국문)_키토혁신센터 설계_220601.hwp,.hwp,16566784,23496634d332514b8226ec61258b51a71e65f1b4b5f4933063e6dddb2cc53c73,0,0,0,,0,0,0,0,,,,0.0,[]
2020-00073,L2022-00027-1,용역,에콰도르 키토시 혁신센터 건립을 통한 창업 및 기업혁신 지원체계 강화사업 리모델링 설계 용역,0,L2022-00027-1/2. 입찰서류(영문)_키토혁신센터 설계_220531/0. Ecuador RFP Table of Contents 20220531.docx,.docx,14855,32b6cb69bc164675ee62153ca6d3996942577d062e4ad39302cdbb7949fd6f04,0,0,0,,0,0,0,0,,,,0.0,[]
2020-00073,L2022-00027-1,용역,에콰도르 키토시 혁신센터 건립을 통한 창업 및 기업혁신 지원체계 강화사업 리모델링 설계 용역,0,L2022-00027-1/2. 입찰서류(영문)_키토혁신센터 설계_220531/3. Ecuador Bidding Forms 20220531.docx,.docx,62529,16d487ea95ffe3254ba09b00fd077ea51ac4e94d35224b6d7e16ba94306ccece,0,0,0,,0,0,0,0,,,,0.0,[]
2020-00073,L2022-00027-1,용역,에콰도르 키토시 혁신센터 건립을 통한 창업 및 기업혁신 지원체계 강화사업 리모델링 설계 용역,0,L2022-00027-1/2. 입찰서류(영문)_키토혁신센터 설계_220531/5. Ecuador Standard Forms of Contract 20220531.docx,.docx,41950,43b1c79e872c8d29308d330627eeda8112fdef3af863d6750b9dc5316d5d07c5,0,0,0,,0,0,0,0,,,,0.0,[]
2020-00073,L2022-00027-1,용역,에콰도르 키토시 혁신센터 건립을 통한 창업 및 기업혁신 지원체계 강화사업 리모델링 설계 용역,0,L2022-00027-1/2. 입찰서류(영문)_키토혁신센터 설계_220531/1. Ecuador Bidding Guideline 20220531.docx,.docx,10779023,5561862e49de98991c1fe3460c2a0b369e105f1fc9b44bfd54d30032c65d4956,0,0,0,,0,0,0,0,,,,0.0,[]
2020-00073,L2022-00027-1,용역,에콰도르 키토시 혁신센터 건립을 통한 창업 및 기업혁신 지원체계 강화사업 리모델링 설계 용역,0,L2022-00027-1/2. 입찰서류(영문)_키토혁신센터 설계_220531/2. Ecuador Instructions on International Bidding 20220531.pdf,.pdf,165396,bdbb7d275baa996f60515ba47f823648d48f5dd45aeaaaa04a94635c2f9b3592,0,0,0,,0,0,0,0,,,,0.0,[]
2020-00073,L2022-00027-1,용역,에콰도르 키토시 혁신센터 건립을 통한 창업 및 기업혁신 지원체계 강화사업 리모델링 설계 용역,0,L2022-00027-1/2. 입찰서류(영문)_키토혁신센터 설계_220531/4. Ecuador Terms of Reference 20220601.docx,.docx,5851219,00e9a03a19a1c0542a2096e41ec22edb2e876cb1dc07a06107b67b858be872fc,0,0,0,,0,0,0,0,,,,0.0,[]
2015-00019,L2021-00022-1,물품,한코협력센터 건립사업 사후지원 IT 기자재 구매 현지입찰,0,L2021-00022-1/(붙임 2) 가격조사자료 및 물량내역서.zip,.zip,1639987,bf78666834f6745381c052a6ec7d3530e8c6f15fb9f326eb87a6c3fb11712130,0,1,0,,0,0,0,0,,,,0.0,[]
2015-00019,L2021-00022-1,물품,한코협력센터 건립사업 사후지원 IT 기자재 구매 현지입찰,0,L2021-00022-1/(붙임 6) 코트디부아르 공공계약규정(Code-Marches-Publics-Ordonnance).pdf,.pdf,1911490,2ce2d92a5a13742711e498be6e16eaebbf69dc75a45754c3f0c5f0c584d1dc60,0,0,0,,0,0,0,0,,,,0.0,[]
2015-00019,L2021-00022-1,물품,한코협력센터 건립사업 사후지원 IT 기자재 구매 현지입찰,0,L2021-00022-1/(붙임 1) 한코센터 IT 기자재 입찰계획안_국문본(210622).hwp,.hwp,114176,e749043b955b8828d8e8f7cefbb98d8faf1345b877047e4d9988bcf6132d1e01,0,0,0,,0,0,0,0,,,,0.0,[]
2015-00019,L2021-00022-1,물품,한코협력센터 건립사업 사후지원 IT 기자재 구매 현지입찰,0,L2021-00022-1/(붙임 5) 제안요청서_불문본(210623).docx,.docx,62360,db26feb0776055bb3e1d2782d3c848bfd2b28f5458a90c2e920c2195aeb88ae1,0,0,0,,0,0,0,0,,,,0.0,[]
2015-00019,L2021-00022-1,물품,한코협력센터 건립사업 사후지원 IT 기자재 구매 현지입찰,0,L2021-00022-1/(붙임 4) 입찰공고문_불문본(210623).docx,.docx,33820,cff9f9f7c6eed4e80b8be989b581fac1de3b015a2b2cd01701cdd4b45a9442b0,0,0,0,,0,0,0,0,,,,0.0,[]
2015-00019,L2021-00022-1,물품,한코협력센터 건립사업 사후지원 IT 기자재 구매 현지입찰,0,L2021-00022-1/(붙임 7) 입찰공고비용 Invoice.zip,.zip,835488,6b961c6391164f2f45db054a9262239502ea83ded6e54cc908f4bf943bdc8217,0,0,0,,0,0,0,0,,,,0.0,[]
2015-00019,L2021-00022-1,물품,한코협력센터 건립사업 사후지원 IT 기자재 구매 현지입찰,0,L2021-00022-1/(붙임 3) 센터측 긴급입찰 요청 공한.pdf,.pdf,335596,86fb69bb9c907660a5caffe1249a2f27caee5e00220aaccc5e23a56b34d7db79,0,0,0,,0,0,0,0,,,,0.0,[]
2015-00019,L2021-00022-1,물품,한코협력센터 건립사업 사후지원 IT 기자재 구매 현지입찰,0,L2021-00022-1/(붙임 2) 가격조사자료 및 물량내역서/(║┘└╙ 2-2) ╣░╖«│╗┐¬╝¡ BoQ(210609).xlsx,.xlsx,12901,b786ffcc206644a4cb7ae20c969cc5780c869cfe6daa69cfe1bc147ed75779c0,0,1,0,,1,4,4,1,Feuil1,visible,8,1.0,"[{""sheet"": ""Feuil1"", ""sheet_state"": ""visible"", ""header_row"": 8, ""quantity_rows"": 4, ""rate_rows"": 4, ""amount_rows"": 4, ""priced_rows"": 4, ""priced_ratio"": 1.0, ""description_columns"": """", ""quantity_columns"": ""D"", ""rate_columns"": ""C;E"", ""amount_columns"": ""F""}]"
2015-00019,L2021-00022-1,물품,한코협력센터 건립사업 사후지원 IT 기자재 구매 현지입찰,0,L2021-00022-1/(붙임 7) 입찰공고비용 Invoice/(║┘└╙ 7-3) Fraternite Matin └╬║╕└╠╜║.pdf,.pdf,144940,0cd764dc60ebc29e820fcaaa8611cef4ec256f51e536b4175711c6b0427382be,0,0,0,,0,0,0,0,,,,0.0,[]
2015-00019,L2021-00022-1,물품,한코협력센터 건립사업 사후지원 IT 기자재 구매 현지입찰,0,L2021-00022-1/(붙임 7) 입찰공고비용 Invoice/(║┘└╙ 7-2) EDUCARRIERE └╬║╕└╠╜║.pdf,.pdf,678880,14d3201525a67017bb79479880cc97bac0a79c1734cfa07cf8508d8411b72e41,0,0,0,,0,0,0,0,,,,0.0,[]
2015-00019,L2021-00022-1,물품,한코협력센터 건립사업 사후지원 IT 기자재 구매 현지입찰,0,L2021-00022-1/(붙임 7) 입찰공고비용 Invoice/(║┘└╙ 7-1) Abidjan.net └╬║╕└╠╜║.pdf,.pdf,58119,dfb112854504b5e486c0e73698400c54ca6873335552d297c1b717f863120c41,0,0,0,,0,0,0,0,,,,0.0,[]
2015-00019,L2021-00022-1,물품,한코협력센터 건립사업 사후지원 IT 기자재 구매 현지입찰,0,L2021-00022-1/(붙임 2) 가격조사자료 및 물량내역서/(║┘└╙ 2-1) ░í░▌┴╢╗τ└┌╖ß/IBR/Proforma_IBR_Services 026042021 KOICA PC ET LAPTOP (1).pdf,.pdf,166115,43bed15628177fa1e414ed018418790990c9e05f1e1fbc6762893032d6f97bf5,0,1,0,,0,0,0,0,,,,0.0,[]
2015-00019,L2021-00022-1,물품,한코협력센터 건립사업 사후지원 IT 기자재 구매 현지입찰,0,L2021-00022-1/(붙임 2) 가격조사자료 및 물량내역서/(║┘└╙ 2-1) ░í░▌┴╢╗τ└┌╖ß/phoenix/KOICA ORDI 11 (1).pdf,.pdf,357228,9a468fcc13fd6c7cbb130564680bf39f81ca2cdc79ede72575033218c06e490f,0,1,0,,0,0,0,0,,,,0.0,[]
2015-00019,L2021-00022-1,물품,한코협력센터 건립사업 사후지원 IT 기자재 구매 현지입찰,0,L2021-00022-1/(붙임 2) 가격조사자료 및 물량내역서/(║┘└╙ 2-1) ░í░▌┴╢╗τ└┌╖ß/phoenix/KOICA (2) (2)IMPRIMANTE 12.pdf,.pdf,310038,3f37ae137f44c72f12bee2aed26e1801452fb404d3e0dd95988d3243f869172e,0,1,0,,0,0,0,0,,,,0.0,[]
2015-00019,L2021-00022-1,물품,한코협력센터 건립사업 사후지원 IT 기자재 구매 현지입찰,0,L2021-00022-1/(붙임 2) 가격조사자료 및 물량내역서/(║┘└╙ 2-1) ░í░▌┴╢╗τ└┌╖ß/synopse/Proforma Koica r_vis_e -  Imprimantes.pdf,.pdf,533291,8e9caf1b513a3665e792b55b925d8f0612c9a9c8b2db342ed98250bfafdf13f3,0,1,0,,0,0,0,0,,,,0.0,[]
2015-00019,L2021-00022-1,물품,한코협력센터 건립사업 사후지원 IT 기자재 구매 현지입찰,0,L2021-00022-1/(붙임 2) 가격조사자료 및 물량내역서/(║┘└╙ 2-1) ░í░▌┴╢╗τ└┌╖ß/synopse/Proforma Koica revis_ -  Ordinateurs.pdf,.pdf,560006,178ad87adcc39d571301558d3489b385a7123c419d7fe8ea92d2ac152c7be2cc,0,1,0,,0,0,0,0,,,,0.0,[]
2015-00019,L2021-00028-1,물품,한코협력센터 건립사업 사후지원 IT기자재 추가구매 현지입찰,0,L2021-00028-1/(붙임 5) 제안요청서 DAO.docx,.docx,61319,2b37f2560847f0a025281fd98f2e331908a816a2bfaa655d28c2f7c41383713e,0,0,0,,0,0,0,0,,,,0.0,[]
2015-00019,L2021-00028-1,물품,한코협력센터 건립사업 사후지원 IT기자재 추가구매 현지입찰,0,L2021-00028-1/(붙임 4) 입찰공고문(불문).docx,.docx,36644,3d4cd9fd32fc319f9d1ed48f068e689b352696aa1eaa9e6e810ffcbf1a866ba9,0,0,0,,0,0,0,0,,,,0.0,[]
2015-00019,L2021-00028-1,물품,한코협력센터 건립사업 사후지원 IT기자재 추가구매 현지입찰,0,L2021-00028-1/(붙임 1) 한코센터 추가 IT 기자재 구매 입찰계획안_국문본(210915).hwp,.hwp,138752,bbad30ce6ea48721740c579dd7ae3d23c2cae6208cf96070494b30f39dfc53f4,0,0,0,,0,0,0,0,,,,0.0,[]
